x	y
-2.577202278156	0.663064687208726
-1.80197754639448	0.383903353697165
-1.79827400712943	0.382942964938875
-1.79827400712943	0.382942964938875
-2.57747759965585	0.66335545132302
-1.79827400712943	0.382942964938875
-1.79827400712943	0.382942964938875
-1.79835097978106	0.382953978270685
-1.79827400712943	0.382942964938875
1.95791760701363	0.441280139896969
1.96040941896093	0.441936123238363
0.152567656731362	0.0287430408348264
-2.57747759965585	0.66335545132302
-1.79827400712943	0.382942964938875
-1.79827400712943	0.382942964938875
-1.79827400712943	0.382942964938875
-1.79835097978106	0.382953978270685
-1.79835097978106	0.382953978270685
-1.79835097978106	0.382953978270685
-1.79827400712943	0.382942964938875
-1.79835097978106	0.382953978270685
-1.79835097978106	0.382953978270685
-1.79835097978106	0.382953978270685
-1.79835097978106	0.382953978270685
-0.628807341949763	0.15371861128279
-1.79827400712943	0.382942964938875
-1.79835097978106	0.382953978270685
1.95791760701363	0.441280139896969
-1.79827400712943	0.382942964938875
-1.79835097978106	0.382953978270685
-0.627367542213354	0.153354696036073
-1.79827400712943	0.382942964938875
-1.79827400712943	0.382942964938875
1.95706969381346	0.441073865263096
-1.79835097978106	0.382953978270685
-1.79827400712943	0.382942964938875
-1.79835097978106	0.382953978270685
-1.79835097978106	0.382953978270685
-1.79835097978106	0.382953978270685
-2.57747759965585	0.66335545132302
-1.79827400712943	0.382942964938875
-1.79835097978106	0.382953978270685
-1.79835097978106	0.382953978270685
-1.79835097978106	0.382953978270685
-2.577202278156	0.663064687208724
-1.79827400712943	0.382942964938875
0.153247518839476	0.0288421886814327
-1.79835097978106	0.382953978270685
-2.577202278156	0.663064687208724
-1.79827400712943	0.382942964938875
-2.57747759965585	0.66335545132302
-1.79835097978106	0.382953978270685
2.75349844687128	0.768381126605175
-0.726132227916529	0.249449469641422
0.152567656731362	0.0287430408348264
-0.629267545839357	0.153771215183604
-1.80197754639448	0.383903353697165
1.95706969381346	0.441073865263096
-1.79835097978106	0.382953978270685
-1.79827400712943	0.382942964938875
-1.79835097978106	0.382953978270685
-1.79827400712943	0.382942964938875
-1.79835097978106	0.382953978270685
-1.79827400712943	0.382942964938875
-1.79827400712943	0.382942964938875
-1.79835097978106	0.382953978270685
-1.79827400712943	0.382942964938875
-1.79835097978106	0.382953978270685
-1.79827400712943	0.382942964938875
-0.624566751454544	0.152757086863399
-1.79835097978106	0.382953978270685
-1.79835097978106	0.382953978270685
-1.79827400712943	0.382942964938875
-1.80197754639448	0.383903353697165
-1.79827400712943	0.382942964938875
0.152567656731362	0.0287430408348264
-2.577202278156	0.663064687208724
-1.79835097978106	0.382953978270685
-1.79835097978106	0.382953978270685
-1.79827400712943	0.382942964938875
-1.80197754639448	0.383903353697165
-1.80197754639448	0.383903353697165
-1.80197754639448	0.383903353697165
0.152289864541204	0.0287035071443224
-1.79835097978106	0.382953978270685
1.95791760701363	0.441280139896969
-1.79827400712943	0.382942964938875
-2.577202278156	0.663064687208724
0.152567656731362	0.0287430408348264
-1.79835097978106	0.382953978270685
-1.79827400712943	0.382942964938875
-1.79835097978106	0.382953978270685
-1.79827400712943	0.382942964938875
1.95706969381346	0.441073865263096
-1.79827400712943	0.382942964938875
-0.62503342749082	0.152907838403333
-3.08164138813046	0.963767470359232
-1.79835097978106	0.382953978270685
-1.79835097978106	0.382953978270685
-1.79835097978106	0.382953978270685
-1.79827400712943	0.382942964938875
-0.624566751454544	0.152757086863399
-1.79835097978106	0.382953978270685
-1.13910410688242	0.344899734416028
0.152567656731362	0.0287430408348264
-2.58120409692147	0.664991486920107
-1.79835097978106	0.382953978270685
-0.628347365301396	0.153568930486371
-1.79835097978106	0.382953978270685
1.95706969381346	0.441073865263096
-1.79827400712943	0.382942964938875
0.152289864541204	0.0287035071443224
-1.79827400712943	0.382942964938875
-1.79827400712943	0.382942964938875
-1.79827400712943	0.382942964938875
-1.79827400712943	0.382942964938875
-1.80197754639448	0.383903353697165
-1.79827400712943	0.382942964938875
1.95706969381346	0.441073865263096
-1.79827400712943	0.382942964938875
-1.79835097978106	0.382953978270685
-1.79827400712943	0.382942964938875
-1.13482941234436	0.34340642829894
1.95706969381346	0.441073865263096
-1.79827400712943	0.382942964938875
-1.79827400712943	0.382942964938875
-1.80197754639448	0.383903353697165
-2.58120409692147	0.664991486920107
-1.79827400712943	0.382942964938875
0.153526628680235	0.0288819285189665
-2.577202278156	0.663064687208724
-1.79835097978106	0.382953978270685
-0.625500335572602	0.152962089117453
-2.577202278156	0.663064687208724
-2.57747759965585	0.66335545132302
-1.79827400712943	0.382942964938875
-1.79827400712943	0.382942964938875
-1.79827400712943	0.382942964938875
-1.80197754639448	0.383903353697165
-1.79827400712943	0.382942964938875
-1.79835097978106	0.382953978270685
-1.79835097978106	0.382953978270685
-1.79835097978106	0.382953978270685
-1.79835097978106	0.382953978270685
-1.79827400712943	0.382942964938875
-0.343223291761604	0.0987971723984263
-2.57775304544287	0.66318910114962
-1.79827400712943	0.382942964938875
-1.79835097978106	0.382953978270685
-1.79827400712943	0.382942964938875
-1.80197754639448	0.383903353697165
-0.632432130022522	0.154575713959717
-1.79835097978106	0.382953978270685
-1.79835097978106	0.382953978270685
-2.58120409692147	0.664991486920107
-1.79827400712943	0.382942964938875
-3.08164138813046	0.963767470359232
-1.79835097978106	0.382953978270685
-1.79835097978106	0.382953978270685
-1.79835097978106	0.382953978270685
-1.79827400712943	0.382942964938875
-1.79827400712943	0.382942964938875
-1.14009620739235	0.345227889980206
-2.57747759965585	0.66335545132302
-1.79827400712943	0.382942964938875
0.167198319746772	0.0498030771043432
0.166528409127177	0.0496297620210776
-1.79835097978106	0.382953978270685
1.95791760701363	0.441280139896969
-1.79835097978106	0.382953978270685
-1.79827400712943	0.382942964938875
-1.79835097978106	0.382953978270685
-1.79827400712943	0.382942964938875
-1.80197754639448	0.383903353697165
1.95706969381346	0.441073865263096
-1.79827400712943	0.382942964938875
-2.57747759965585	0.66335545132302
-1.79827400712943	0.382942964938875
-1.79827400712943	0.382942964938875
-2.577202278156	0.663064687208724
-1.79827400712943	0.382942964938875
-1.79827400712943	0.382942964938875
-1.79835097978106	0.382953978270685
-3.08209765998152	0.963916510480773
-1.79835097978106	0.382953978270685
-1.79835097978106	0.382953978270685
-0.632939126134277	0.15468454480873
-1.79835097978106	0.382953978270685
-3.08652986879455	0.965774290031657
-2.57747759965585	0.66335545132302
-1.79835097978106	0.382953978270685
-1.79835097978106	0.382953978270685
-1.79835097978106	0.382953978270685
-0.629267545839357	0.153771215183604
-1.79827400712943	0.382942964938875
-1.79827400712943	0.382942964938875
-1.79835097978106	0.382953978270685
-3.08164138813046	0.963767470359232
-1.79827400712943	0.382942964938875
0.155986207086685	0.0292416787556187
-1.79835097978106	0.382953978270685
-1.79835097978106	0.382953978270685
-1.79827400712943	0.382942964938875
-1.79827400712943	0.382942964938875
-1.79835097978106	0.382953978270685
-1.79835097978106	0.382953978270685
-1.79835097978106	0.382953978270685
-1.79827400712943	0.382942964938875
-2.58120409692147	0.664991486920107
-1.80197754639448	0.383903353697165
-1.79827400712943	0.382942964938875
-1.79835097978106	0.382953978270685
-0.627829060935039	0.153504607197422
-0.628807341949763	0.15371861128279
1.45086090685868	0.481039409485759
-1.14009620739235	0.345227889980206
-1.79827400712943	0.382942964938875
-2.57747759965585	0.66335545132302
-3.08652986879455	0.965774290031657
0.153247518839476	0.0288421886814327
-2.57747759965585	0.66335545132302
-1.79835097978106	0.382953978270685
-1.79835097978106	0.382953978270685
-0.6282908079904	0.153557595992093
-2.57747759965585	0.66335545132302
-0.624566751454544	0.152757086863399
0.94904571537762	0.252100131683616
-0.628347365301396	0.153568930486371
-1.79835097978106	0.382953978270685
-1.79827400712943	0.382942964938875
-1.79835097978106	0.382953978270685
-1.79827400712943	0.382942964938875
-1.79835097978106	0.382953978270685
-1.79827400712943	0.382942964938875
-2.57747759965585	0.66335545132302
-2.57747759965585	0.66335545132302
-3.08209765998152	0.963916510480773
-1.79827400712943	0.382942964938875
-1.79835097978106	0.382953978270685
0.152567656731362	0.0287430408348264
0.153526628680235	0.0288819285189665
-1.80197754639448	0.383903353697165
-1.80197754639448	0.383903353697165
-1.79835097978106	0.382953978270685
-1.79835097978106	0.382953978270685
-1.80197754639448	0.383903353697165
-1.79835097978106	0.382953978270685
-1.79835097978106	0.382953978270685
0.153247518839476	0.0288421886814327
-0.62503342749082	0.152907838403333
-1.80197754639448	0.383903353697165
-3.08652986879455	0.965774290031657
-1.79827400712943	0.382942964938875
-1.79827400712943	0.382942964938875
-1.80197754639448	0.383903353697165
0.166084152255821	0.0418055330790301
-2.57775304544287	0.66318910114962
2.75446121880292	0.769079402442662
-2.58120409692147	0.664991486920107
-1.79827400712943	0.382942964938875
-1.79827400712943	0.382942964938875
-1.79827400712943	0.382942964938875
0.153247518839476	0.0288421886814327
0.153247518839476	0.0288421886814327
-1.79835097978106	0.382953978270685
-1.79835097978106	0.382953978270685
-2.577202278156	0.663064687208724
-1.79835097978106	0.382953978270685
-1.79827400712943	0.382942964938875
-1.79835097978106	0.382953978270685
-1.79827400712943	0.382942964938875
-1.79835097978106	0.382953978270685
-1.79827400712943	0.382942964938875
-1.79827400712943	0.382942964938875
-1.79827400712943	0.382942964938875
1.95706969381346	0.441073865263096
-2.06750813492524	0.942214241335458
-0.627367542213354	0.153354696036073
-3.08164138813046	0.963767470359232
-2.57747759965585	0.66335545132302
-1.51084659522504	0.538498609405326
-1.80197754639448	0.383903353697165
-2.5814875372856	0.665060440379843
-1.13482941234436	0.34340642829894
-1.51919018322957	0.542251856895701
1.45415502686182	0.482281800899209
-0.628347365301396	0.153568930486371
-1.79827400712943	0.382942964938875
-1.79827400712943	0.382942964938875
-1.79835097978106	0.382953978270685
-1.79835097978106	0.382953978270685
-1.79827400712943	0.382942964938875
0.152567656731362	0.0287430408348264
-3.08209765998152	0.963916510480773
-1.79827400712943	0.382942964938875
-2.57775304544287	0.66318910114962
-1.13948670365002	0.344942610687521
0.152567656731362	0.0287430408348264
0.152289864541204	0.0287035071443224
-1.79827400712943	0.382942964938875
0.952312839774606	0.25302018984475
0.152567656731362	0.0287430408348264
-1.79827400712943	0.382942964938875
-0.725867563551232	0.249367253578496
-2.58120409692147	0.664991486920107
-2.577202278156	0.663064687208724
-1.79827400712943	0.382942964938875
-1.79835097978106	0.382953978270685
-2.577202278156	0.663064687208724
-2.57747759965585	0.66335545132302
-1.79827400712943	0.382942964938875
-2.57747759965585	0.66335545132302
1.95791760701363	0.441280139896969
-1.79835097978106	0.382953978270685
-0.627829060935039	0.153504607197422
-2.577202278156	0.663064687208724
-1.79827400712943	0.382942964938875
-1.79827400712943	0.382942964938875
-0.627829060935039	0.153504607197422
-0.628807341949763	0.15371861128279
0.148503149870495	0.0281892610504199
-1.79827400712943	0.382942964938875
-1.79827400712943	0.382942964938875
-1.79835097978106	0.382953978270685
-1.79827400712943	0.382942964938875
-1.79835097978106	0.382953978270685
-3.08118534013847	0.963229045953577
-1.79835097978106	0.382953978270685
-1.79827400712943	0.382942964938875
-1.79835097978106	0.382953978270685
-1.79835097978106	0.382953978270685
-1.13849388307931	0.344614401149477
-1.13190405565215	0.342469779892572
-0.33946832567862	0.0977521416130555
0.148503149870495	0.0281892610504199
-2.577202278156	0.663064687208724
-0.721072169669292	0.247553433626533
-0.627367542213354	0.153354696036073
-1.13190405565215	0.342469779892572
-1.024931295921	0.406505232933835
-3.08164138813046	0.963767470359232
-1.79827400712943	0.382942964938875
-1.79827400712943	0.382942964938875
-1.79835097978106	0.382953978270685
-2.58120409692147	0.664991486920107
-1.79827400712943	0.382942964938875
-1.79835097978106	0.382953978270685
-1.79827400712943	0.382942964938875
-1.79827400712943	0.382942964938875
-1.79835097978106	0.382953978270685
-1.79827400712943	0.382942964938875
-3.08209765998152	0.963916510480773
0.148503149870495	0.0281892610504199
0.168996227736906	0.0424334312831713
-0.633409029549556	0.154789771896201
-1.80197754639448	0.383903353697165
-1.79827400712943	0.382942964938875
0.153526628680235	0.0288819285189665
1.95706969381346	0.441073865263096
0.947097253557627	0.251590606337117
-1.79827400712943	0.382942964938875
-1.79827400712943	0.382942964938875
-1.79835097978106	0.382953978270685
-1.79835097978106	0.382953978270685
-1.14009620739235	0.345227889980206
-1.79827400712943	0.382942964938875
0.152289864541204	0.0287035071443224
-1.79835097978106	0.382953978270685
-3.75530690635197	1.48758661786965
-1.79835097978106	0.382953978270685
-1.80197754639448	0.383903353697165
-1.13971461971555	0.345009438584009
-2.57747759965585	0.66335545132302
-2.57747759965585	0.66335545132302
0.148503149870495	0.0281892610504199
-0.627829060935039	0.153504607197422
-1.79827400712943	0.382942964938875
-1.79835097978106	0.382953978270685
-1.80197754639448	0.383903353697165
-1.79835097978106	0.382953978270685
-1.79827400712943	0.382942964938875
1.95706969381346	0.441073865263096
-1.79835097978106	0.382953978270685
0.152289864541204	0.0287035071443224
-1.80197754639448	0.383903353697165
-1.79827400712943	0.382942964938875
-1.79835097978106	0.382953978270685
-1.79827400712943	0.382942964938875
-1.13482941234436	0.34340642829894
-1.79835097978106	0.382953978270685
0.152567656731362	0.0287430408348264
-0.628347365301396	0.153568930486371
0.152567656731362	0.0287430408348264
-2.5814875372856	0.665060440379843
-1.79835097978106	0.382953978270685
-1.51754153600569	0.541527764023226
-1.79835097978106	0.382953978270685
-3.08118534013847	0.963229045953577
-1.13461598703551	0.343230613786831
0.153247518839476	0.0288421886814327
-0.628807341949763	0.15371861128279
-0.628347365301396	0.153568930486371
-0.627367542213354	0.153354696036073
-0.717014216380814	0.24607192548599
-2.57747759965585	0.66335545132302
-2.57747759965585	0.66335545132302
-1.79827400712943	0.382942964938875
-1.79835097978106	0.382953978270685
-1.79827400712943	0.382942964938875
-1.79827400712943	0.382942964938875
-0.627829060935039	0.153504607197422
-1.79835097978106	0.382953978270685
0.149464413960118	0.0283283450696208
-1.13521969998424	0.343544374381215
0.152567656731362	0.0287430408348264
2.75446121880292	0.769079402442662
0.152289864541204	0.0287035071443224
-1.79835097978106	0.382953978270685
-1.79827400712943	0.382942964938875
-1.79827400712943	0.382942964938875
-1.79835097978106	0.382953978270685
-1.79835097978106	0.382953978270685
-1.79835097978106	0.382953978270685
-1.79827400712943	0.382942964938875
-2.57747759965585	0.66335545132302
-1.79835097978106	0.382953978270685
-1.79835097978106	0.382953978270685
0.152289864541204	0.0287035071443224
-1.79827400712943	0.382942964938875
-1.79835097978106	0.382953978270685
-0.712294437154192	0.244204737038081
-1.79827400712943	0.382942964938875
-3.45598446335482	1.23025555319821
-1.80197754639448	0.383903353697165
-1.79827400712943	0.382942964938875
-1.79835097978106	0.382953978270685
0.152289864541204	0.0287035071443224
-2.57747759965585	0.66335545132302
-1.79827400712943	0.382942964938875
-2.577202278156	0.663064687208724
0.15626975600377	0.0292821097759299
-1.79827400712943	0.382942964938875
-1.80197754639448	0.383903353697165
-2.577202278156	0.663064687208724
-2.57775304544287	0.66318910114962
-1.79827400712943	0.382942964938875
-1.79835097978106	0.382953978270685
-1.79835097978106	0.382953978270685
0.148503149870495	0.0281892610504199
-1.13521969998424	0.343544374381215
-1.79835097978106	0.382953978270685
1.95791760701363	0.441280139896969
0.152289864541204	0.0287035071443224
0.152289864541204	0.0287035071443224
-1.79835097978106	0.382953978270685
1.95791760701363	0.441280139896969
-1.79835097978106	0.382953978270685
-1.79827400712943	0.382942964938875
-1.79835097978106	0.382953978270685
0.948535538575274	0.252058145640786
-1.79835097978106	0.382953978270685
-1.79835097978106	0.382953978270685
0.153526628680235	0.0288819285189665
-1.79827400712943	0.382942964938875
-1.79835097978106	0.382953978270685
-1.79835097978106	0.382953978270685
-2.57747759965585	0.66335545132302
-1.79827400712943	0.382942964938875
-2.577202278156	0.663064687208724
-1.79827400712943	0.382942964938875
-1.79827400712943	0.382942964938875
1.95791760701363	0.441280139896969
-1.79835097978106	0.382953978270685
-1.79835097978106	0.382953978270685
-1.80197754639448	0.383903353697165
-1.79827400712943	0.382942964938875
-3.08209765998152	0.963916510480773
-0.342569521377039	0.0986187132378211
-1.79835097978106	0.382953978270685
-1.79835097978106	0.382953978270685
-1.79835097978106	0.382953978270685
0.167679655711552	0.042156489933972
-1.13461598703551	0.343230613786831
-3.75401437740445	1.48667662741171
-1.51494963266618	0.540305848955056
-1.79835097978106	0.382953978270685
-1.79835097978106	0.382953978270685
-1.79827400712943	0.382942964938875
-1.79827400712943	0.382942964938875
1.95706969381346	0.441073865263096
-1.79827400712943	0.382942964938875
-1.79827400712943	0.382942964938875
0.153526628680235	0.0288819285189665
-0.632432130022522	0.154575713959717
-1.79827400712943	0.382942964938875
-1.79827400712943	0.382942964938875
-1.79827400712943	0.382942964938875
1.96040941896093	0.441936123238363
-1.79835097978106	0.382953978270685
-1.79835097978106	0.382953978270685
-1.79827400712943	0.382942964938875
-2.57747759965585	0.66335545132302
-1.79827400712943	0.382942964938875
0.951841444348566	0.252891357699991
3.64701262948472	1.43595006396443
-0.627367542213354	0.153354696036073
-1.79827400712943	0.382942964938875
-1.79827400712943	0.382942964938875
-1.79835097978106	0.382953978270685
-1.79827400712943	0.382942964938875
-2.57775304544287	0.66318910114962
0.152567656731362	0.0287430408348264
-1.79835097978106	0.382953978270685
1.95706969381346	0.441073865263096
-1.79835097978106	0.382953978270685
-1.79827400712943	0.382942964938875
-1.79827400712943	0.382942964938875
-1.79835097978106	0.382953978270685
-1.79827400712943	0.382942964938875
1.95791760701363	0.441280139896969
-1.79827400712943	0.382942964938875
-1.79835097978106	0.382953978270685
-2.577202278156	0.663064687208724
-2.57775304544287	0.66318910114962
0.152567656731362	0.0287430408348264
-1.79827400712943	0.382942964938875
-1.79835097978106	0.382953978270685
-1.79827400712943	0.382942964938875
-2.58524212677275	0.666574749875287
-2.57747759965585	0.66335545132302
0.943931183072951	0.250903413595175
-1.80197754639448	0.383903353697165
-1.79835097978106	0.382953978270685
-1.79827400712943	0.382942964938875
-1.79827400712943	0.382942964938875
-1.79827400712943	0.382942964938875
-1.79835097978106	0.382953978270685
-2.58120409692147	0.664991486920107
-1.79827400712943	0.382942964938875
-1.80197754639448	0.383903353697165
0.947560352748164	0.251716891447637
-1.79835097978106	0.382953978270685
-2.577202278156	0.663064687208724
-3.45538437102149	1.2298802093729
3.26152925911013	1.12000457960558
0.152567656731362	0.0287430408348264
-2.57747759965585	0.66335545132302
-1.81907530963295	0.741454987058046
-1.79835097978106	0.382953978270685
-1.79827400712943	0.382942964938875
-1.79827400712943	0.382942964938875
-1.79827400712943	0.382942964938875
-1.79835097978106	0.382953978270685
-1.79835097978106	0.382953978270685
-1.79827400712943	0.382942964938875
-3.45538437102149	1.2298802093729
-1.79827400712943	0.382942964938875
-1.79827400712943	0.382942964938875
1.95706969381346	0.441073865263096
-1.79827400712943	0.382942964938875
-1.79835097978106	0.382953978270685
-1.79835097978106	0.382953978270685
-1.79827400712943	0.382942964938875
-1.79827400712943	0.382942964938875
-1.13461598703551	0.343230613786831
-1.79827400712943	0.382942964938875
-2.57747759965585	0.66335545132302
-1.79835097978106	0.382953978270685
-2.58120409692147	0.664991486920107
-1.79835097978106	0.382953978270685
-2.57747759965585	0.66335545132302
-1.79835097978106	0.382953978270685
-3.08164138813046	0.963767470359232
-2.57747759965585	0.66335545132302
-1.79827400712943	0.382942964938875
-2.57747759965585	0.66335545132302
-1.79835097978106	0.382953978270685
-1.80197754639448	0.383903353697165
-2.5814875372856	0.665060440379843
-1.79835097978106	0.382953978270685
-1.79827400712943	0.382942964938875
1.95791760701363	0.441280139896969
-1.79827400712943	0.382942964938875
0.152567656731362	0.0287430408348264
0.148503149870495	0.0281892610504199
-1.79835097978106	0.382953978270685
-2.57747759965585	0.66335545132302
-1.79827400712943	0.382942964938875
-1.80197754639448	0.383903353697165
-1.79827400712943	0.382942964938875
-3.08164138813046	0.963767470359232
-1.80197754639448	0.383903353697165
-1.80197754639448	0.383903353697165
-2.57775304544287	0.66318910114962
-1.79835097978106	0.382953978270685
-1.79827400712943	0.382942964938875
-3.08559782341753	0.965445184573826
-1.79835097978106	0.382953978270685
-1.79835097978106	0.382953978270685
-0.62503342749082	0.152907838403333
-1.79827400712943	0.382942964938875
-1.79827400712943	0.382942964938875
0.152567656731362	0.0287430408348264
-3.08606373064433	0.965887782759055
-3.46537741354921	1.23478996980869
-0.628807341949763	0.15371861128279
-2.57747759965585	0.66335545132302
-0.627829060935039	0.153504607197422
0.15626975600377	0.0292821097759299
0.152289864541204	0.0287035071443224
-1.79835097978106	0.382953978270685
-1.80197754639448	0.383903353697165
-1.79827400712943	0.382942964938875
-1.79827400712943	0.382942964938875
-1.79835097978106	0.382953978270685
-1.79827400712943	0.382942964938875
-1.79827400712943	0.382942964938875
0.152567656731362	0.0287430408348264
-2.58120409692147	0.664991486920107
-0.628347365301396	0.153568930486371
-3.08164138813046	0.963767470359232
-3.45598446335482	1.23025555319821
-1.79827400712943	0.382942964938875
-0.629267545839357	0.153771215183604
-1.79827400712943	0.382942964938875
-1.79835097978106	0.382953978270685
0.153247518839476	0.0288421886814327
-1.79835097978106	0.382953978270685
-1.79827400712943	0.382942964938875
-1.79835097978106	0.382953978270685
-1.79835097978106	0.382953978270685
-3.08652986879455	0.965774290031657
-1.79835097978106	0.382953978270685
-1.79827400712943	0.382942964938875
0.153247518839476	0.0288421886814327
-1.79835097978106	0.382953978270685
-1.79827400712943	0.382942964938875
-2.57775304544287	0.66318910114962
0.152289864541204	0.0287035071443224
-1.80197754639448	0.383903353697165
-1.79835097978106	0.382953978270685
-1.79827400712943	0.382942964938875
-1.79827400712943	0.382942964938875
-1.79827400712943	0.382942964938875
0.152567656731362	0.0287430408348264
-1.79827400712943	0.382942964938875
0.152567656731362	0.0287430408348264
-0.627367542213354	0.153354696036073
-1.79835097978106	0.382953978270685
-1.79827400712943	0.382942964938875
-1.79835097978106	0.382953978270685
-1.79835097978106	0.382953978270685
-1.80197754639448	0.383903353697165
-1.79827400712943	0.382942964938875
-1.79835097978106	0.382953978270685
1.95791760701363	0.441280139896969
-2.577202278156	0.663064687208724
-0.62503342749082	0.152907838403333
-0.627829060935039	0.153504607197422
-2.57747759965585	0.66335545132302
-2.577202278156	0.663064687208724
-3.08255415585823	0.963691003677911
-1.79835097978106	0.382953978270685
-1.79827400712943	0.382942964938875
-1.79835097978106	0.382953978270685
-1.79835097978106	0.382953978270685
-1.13461598703551	0.343230613786831
-1.13251140472747	0.342543902947619
-1.80197754639448	0.383903353697165
-0.627829060935039	0.153504607197422
-0.625500335572602	0.152962089117453
-1.79827400712943	0.382942964938875
-2.577202278156	0.663064687208724
-1.79835097978106	0.382953978270685
-1.80197754639448	0.383903353697165
0.167679655711552	0.042156489933972
1.95791760701363	0.441280139896969
-0.216073906032278	0.0697456994821053
-1.80197754639448	0.383903353697165
2.75446121880292	0.769079402442662
-1.79827400712943	0.382942964938875
-1.79835097978106	0.382953978270685
-2.577202278156	0.663064687208724
-2.57747759965585	0.66335545132302
-1.79827400712943	0.382942964938875
-2.57775304544287	0.66318910114962
-1.79827400712943	0.382942964938875
-2.577202278156	0.663064687208724
-1.79827400712943	0.382942964938875
0.152289864541204	0.0287035071443224
-1.79827400712943	0.382942964938875
-1.79827400712943	0.382942964938875
-1.79827400712943	0.382942964938875
-1.79835097978106	0.382953978270685
-1.13362027945245	0.342902172857624
-0.628347365301396	0.153568930486371
-1.79835097978106	0.382953978270685
-1.79827400712943	0.382942964938875
-1.79827400712943	0.382942964938875
-1.79827400712943	0.382942964938875
-3.08164138813046	0.963767470359232
-2.58120409692147	0.664991486920107
-1.79827400712943	0.382942964938875
-1.79835097978106	0.382953978270685
-1.79827400712943	0.382942964938875
-1.79827400712943	0.382942964938875
-1.79827400712943	0.382942964938875
-1.79827400712943	0.382942964938875
-1.79835097978106	0.382953978270685
-1.79835097978106	0.382953978270685
0.148503149870495	0.0281892610504199
-1.79827400712943	0.382942964938875
-1.79835097978106	0.382953978270685
-1.79827400712943	0.382942964938875
-2.57747759965585	0.66335545132302
-1.79835097978106	0.382953978270685
-2.57747759965585	0.66335545132302
-1.79835097978106	0.382953978270685
-1.80197754639448	0.383903353697165
-3.08255415585823	0.963691003677911
-1.79827400712943	0.382942964938875
-1.79835097978106	0.382953978270685
-1.79827400712943	0.382942964938875
-1.80197754639448	0.383903353697165
-1.79835097978106	0.382953978270685
-1.79827400712943	0.382942964938875
-0.628807341949763	0.15371861128279
-1.80197754639448	0.383903353697165
-1.80197754639448	0.383903353697165
-1.13521969998424	0.343544374381215
-2.577202278156	0.663064687208724
-1.79827400712943	0.382942964938875
-1.80197754639448	0.383903353697165
-1.79827400712943	0.382942964938875
-1.79835097978106	0.382953978270685
-1.79835097978106	0.382953978270685
-1.51429942551804	0.540079204882619
-1.79835097978106	0.382953978270685
-1.79827400712943	0.382942964938875
-2.57775304544287	0.66318910114962
-1.79835097978106	0.382953978270685
0.152567656731362	0.0287430408348264
-2.577202278156	0.663064687208724
-1.79835097978106	0.382953978270685
0.169606362252511	0.0425824743634164
-2.57775304544287	0.66318910114962
-1.80197754639448	0.383903353697165
-1.79827400712943	0.382942964938875
-1.80197754639448	0.383903353697165
-1.79835097978106	0.382953978270685
-1.79835097978106	0.382953978270685
-1.80197754639448	0.383903353697165
-1.80197754639448	0.383903353697165
-1.80197754639448	0.383903353697165
-1.79827400712943	0.382942964938875
-1.79827400712943	0.382942964938875
-1.79827400712943	0.382942964938875
-1.79827400712943	0.382942964938875
0.152567656731362	0.0287430408348264
0.152289864541204	0.0287035071443224
-1.79835097978106	0.382953978270685
-1.79835097978106	0.382953978270685
-2.57747759965585	0.66335545132302
-2.58120409692147	0.664991486920107
-1.79835097978106	0.382953978270685
1.95706969381346	0.441073865263096
-1.79827400712943	0.382942964938875
-1.79835097978106	0.382953978270685
-1.79835097978106	0.382953978270685
0.155986207086685	0.0292416787556187
-1.79827400712943	0.382942964938875
-1.79835097978106	0.382953978270685
1.96040941896093	0.441936123238363
-1.79827400712943	0.382942964938875
0.152289864541204	0.0287035071443224
-1.79835097978106	0.382953978270685
-1.79827400712943	0.382942964938875
-2.58120409692147	0.664991486920107
-1.80197754639448	0.383903353697165
-1.79827400712943	0.382942964938875
-0.627829060935039	0.153504607197422
-1.79835097978106	0.382953978270685
-1.79835097978106	0.382953978270685
-1.79835097978106	0.382953978270685
-1.79827400712943	0.382942964938875
-0.627829060935039	0.153504607197422
-1.79827400712943	0.382942964938875
-1.79835097978106	0.382953978270685
-1.79827400712943	0.382942964938875
-1.79835097978106	0.382953978270685
-1.79827400712943	0.382942964938875
-1.79835097978106	0.382953978270685
-0.625500335572602	0.152962089117453
-1.79835097978106	0.382953978270685
-3.08164138813046	0.963767470359232
-1.79827400712943	0.382942964938875
-2.57747759965585	0.66335545132302
-1.79827400712943	0.382942964938875
0.153247518839476	0.0288421886814327
-1.79827400712943	0.382942964938875
1.95706969381346	0.441073865263096
-1.79835097978106	0.382953978270685
-0.62503342749082	0.152907838403333
-1.79835097978106	0.382953978270685
-2.57747759965585	0.66335545132302
-1.79827400712943	0.382942964938875
-0.629267545839357	0.153771215183604
-2.57747759965585	0.66335545132302
-2.5814875372856	0.665060440379843
-1.79827400712943	0.382942964938875
-2.57775304544287	0.66318910114962
0.15626975600377	0.0292821097759299
-1.79835097978106	0.382953978270685
-1.79827400712943	0.382942964938875
-1.79835097978106	0.382953978270685
-0.627829060935039	0.153504607197422
-1.79827400712943	0.382942964938875
-1.79835097978106	0.382953978270685
-1.80197754639448	0.383903353697165
0.155986207086685	0.0292416787556187
-1.79835097978106	0.382953978270685
0.152567656731362	0.0287430408348264
-1.80197754639448	0.383903353697165
-1.79827400712943	0.382942964938875
-1.79835097978106	0.382953978270685
-1.79827400712943	0.382942964938875
1.95791760701363	0.441280139896969
-1.79835097978106	0.382953978270685
-3.08118534013847	0.963229045953577
-1.79827400712943	0.382942964938875
-2.577202278156	0.663064687208724
-2.57747759965585	0.66335545132302
0.152567656731362	0.0287430408348264
0.152289864541204	0.0287035071443224
-1.79835097978106	0.382953978270685
-1.79827400712943	0.382942964938875
-1.79835097978106	0.382953978270685
-1.79835097978106	0.382953978270685
-1.79835097978106	0.382953978270685
0.153526628680235	0.0288819285189665
-1.79835097978106	0.382953978270685
-1.79827400712943	0.382942964938875
-2.57747759965585	0.66335545132302
-1.80197754639448	0.383903353697165
-1.79835097978106	0.382953978270685
-1.79835097978106	0.382953978270685
-1.80197754639448	0.383903353697165
-2.5814875372856	0.665060440379843
-1.79827400712943	0.382942964938875
-1.79827400712943	0.382942964938875
-1.79827400712943	0.382942964938875
-1.79827400712943	0.382942964938875
-1.79835097978106	0.382953978270685
-1.79835097978106	0.382953978270685
-1.79835097978106	0.382953978270685
1.95791760701363	0.441280139896969
-1.79835097978106	0.382953978270685
-1.79827400712943	0.382942964938875
-1.79827400712943	0.382942964938875
-1.79827400712943	0.382942964938875
-2.577202278156	0.663064687208724
-2.577202278156	0.663064687208724
-0.633409029549556	0.154789771896201
-1.79827400712943	0.382942964938875
-1.79827400712943	0.382942964938875
-1.79835097978106	0.382953978270685
-1.79827400712943	0.382942964938875
-1.79835097978106	0.382953978270685
1.96040941896093	0.441936123238363
-0.625500335572602	0.152962089117453
0.152289864541204	0.0287035071443224
-3.46005827230016	1.23260132520798
3.26252567397545	1.12093560535381
-1.79835097978106	0.382953978270685
-0.628807341949763	0.15371861128279
0.166691919569473	0.0419536988970269
-1.79835097978106	0.382953978270685
-1.79835097978106	0.382953978270685
-1.79827400712943	0.382942964938875
-3.08209765998152	0.963916510480773
-1.79835097978106	0.382953978270685
-1.79835097978106	0.382953978270685
-1.79835097978106	0.382953978270685
-2.577202278156	0.663064687208724
0.153526628680235	0.0288819285189665
-3.45478455762682	1.22912473266304
-1.79827400712943	0.382942964938875
-1.79835097978106	0.382953978270685
-1.79827400712943	0.382942964938875
-1.79827400712943	0.382942964938875
-0.628807341949763	0.15371861128279
-1.79835097978106	0.382953978270685
-1.79827400712943	0.382942964938875
-0.6282908079904	0.153557595992093
-2.577202278156	0.663064687208724
-1.79835097978106	0.382953978270685
0.148503149870495	0.0281892610504199
-1.79827400712943	0.382942964938875
1.95791760701363	0.441280139896969
-2.57747759965585	0.66335545132302
0.152289864541204	0.0287035071443224
0.152289864541204	0.0287035071443224
-1.79835097978106	0.382953978270685
-1.79827400712943	0.382942964938875
-1.79835097978106	0.382953978270685
-1.79827400712943	0.382942964938875
-1.79827400712943	0.382942964938875
-1.79835097978106	0.382953978270685
-1.79827400712943	0.382942964938875
-2.577202278156	0.663064687208724
-1.79827400712943	0.382942964938875
-2.577202278156	0.663064687208724
-1.79827400712943	0.382942964938875
-2.57747759965585	0.66335545132302
-1.79827400712943	0.382942964938875
-1.79827400712943	0.382942964938875
-1.79827400712943	0.382942964938875
-2.57747759965585	0.66335545132302
-0.627829060935039	0.153504607197422
-1.79835097978106	0.382953978270685
-1.79827400712943	0.382942964938875
1.95706969381346	0.441073865263096
-2.57775304544287	0.66318910114962
-1.79835097978106	0.382953978270685
-2.57747759965585	0.66335545132302
-1.79827400712943	0.382942964938875
1.95706969381346	0.441073865263096
-3.08209765998152	0.963916510480773
-1.80197754639448	0.383903353697165
-2.5814875372856	0.665060440379843
-1.79827400712943	0.382942964938875
-1.80197754639448	0.383903353697165
0.152289864541204	0.0287035071443224
-1.79827400712943	0.382942964938875
-2.5814875372856	0.665060440379843
-1.79827400712943	0.382942964938875
-1.79827400712943	0.382942964938875
-1.79835097978106	0.382953978270685
-1.79827400712943	0.382942964938875
-0.628807341949763	0.15371861128279
-1.79835097978106	0.382953978270685
-1.79835097978106	0.382953978270685
-1.79827400712943	0.382942964938875
-1.79835097978106	0.382953978270685
0.153247518839476	0.0288421886814327
-1.79835097978106	0.382953978270685
-0.628807341949763	0.15371861128279
0.152567656731362	0.0287430408348264
-1.79835097978106	0.382953978270685
-1.80197754639448	0.383903353697165
-1.79835097978106	0.382953978270685
-1.80197754639448	0.383903353697165
-1.79827400712943	0.382942964938875
-2.58120409692147	0.664991486920107
0.149464413960118	0.0283283450696208
0.152567656731362	0.0287430408348264
-2.577202278156	0.663064687208724
0.153526628680235	0.0288819285189665
-1.79827400712943	0.382942964938875
-1.79835097978106	0.382953978270685
0.153526628680235	0.0288819285189665
-2.57747759965585	0.66335545132302
0.152567656731362	0.0287430408348264
-1.79827400712943	0.382942964938875
-2.577202278156	0.663064687208724
-2.577202278156	0.663064687208724
-0.636595009299526	0.155524812409654
-1.79827400712943	0.382942964938875
-1.79835097978106	0.382953978270685
-0.632432130022522	0.154575713959717
-1.79827400712943	0.382942964938875
-1.79835097978106	0.382953978270685
-2.57747759965585	0.66335545132302
0.950526344814613	0.252511216129886
-1.79835097978106	0.382953978270685
-1.79827400712943	0.382942964938875
-1.79835097978106	0.382953978270685
-1.13190405565215	0.342469779892572
-1.79827400712943	0.382942964938875
-1.79827400712943	0.382942964938875
-1.79827400712943	0.382942964938875
-1.79827400712943	0.382942964938875
-1.79835097978106	0.382953978270685
-1.79835097978106	0.382953978270685
-2.57747759965585	0.66335545132302
-1.79835097978106	0.382953978270685
0.153526628680235	0.0288819285189665
-1.79835097978106	0.382953978270685
1.95791760701363	0.441280139896969
-1.79827400712943	0.382942964938875
-1.79827400712943	0.382942964938875
0.153526628680235	0.0288819285189665
-2.5814875372856	0.665060440379843
-0.628347365301396	0.153568930486371
-1.79827400712943	0.382942964938875
-1.79827400712943	0.382942964938875
-2.57775304544287	0.66318910114962
-0.628807341949763	0.15371861128279
-1.79827400712943	0.382942964938875
-1.79827400712943	0.382942964938875
-2.57775304544287	0.66318910114962
-2.57747759965585	0.66335545132302
0.152289864541204	0.0287035071443224
-1.79835097978106	0.382953978270685
-1.79835097978106	0.382953978270685
0.15626975600377	0.0292821097759299
-1.79827400712943	0.382942964938875
-2.57747759965585	0.66335545132302
1.95706969381346	0.441073865263096
-2.57775304544287	0.66318910114962
-1.79835097978106	0.382953978270685
-1.80197754639448	0.383903353697165
-1.79827400712943	0.382942964938875
-2.57747759965585	0.66335545132302
-1.79827400712943	0.382942964938875
-1.79827400712943	0.382942964938875
-1.79835097978106	0.382953978270685
-1.79835097978106	0.382953978270685
0.152289864541204	0.0287035071443224
-1.79827400712943	0.382942964938875
-1.79835097978106	0.382953978270685
-1.79835097978106	0.382953978270685
-1.79835097978106	0.382953978270685
-1.80197754639448	0.383903353697165
-1.79835097978106	0.382953978270685
-1.80197754639448	0.383903353697165
-2.577202278156	0.663064687208724
-1.79827400712943	0.382942964938875
-1.79835097978106	0.382953978270685
-1.80197754639448	0.383903353697165
-1.79827400712943	0.382942964938875
-1.79835097978106	0.382953978270685
-1.79835097978106	0.382953978270685
-1.79827400712943	0.382942964938875
-1.79827400712943	0.382942964938875
1.95791760701363	0.441280139896969
-0.632432130022522	0.154575713959717
-1.79835097978106	0.382953978270685
-2.57747759965585	0.66335545132302
-1.79835097978106	0.382953978270685
-1.79835097978106	0.382953978270685
-1.79827400712943	0.382942964938875
-1.79827400712943	0.382942964938875
-1.79827400712943	0.382942964938875
-1.79827400712943	0.382942964938875
-1.79827400712943	0.382942964938875
-1.79835097978106	0.382953978270685
-1.79835097978106	0.382953978270685
-1.79835097978106	0.382953978270685
-1.80197754639448	0.383903353697165
-3.46066411507937	1.23287376992561
-1.79827400712943	0.382942964938875
-1.79827400712943	0.382942964938875
-2.57747759965585	0.66335545132302
-1.79827400712943	0.382942964938875
0.947560352748164	0.251716891447637
-2.58524212677275	0.666574749875287
-0.628807341949763	0.15371861128279
1.95791760701363	0.441280139896969
1.95706969381346	0.441073865263096
-1.79827400712943	0.382942964938875
-1.79835097978106	0.382953978270685
1.95791760701363	0.441280139896969
-1.79835097978106	0.382953978270685
-1.79835097978106	0.382953978270685
-2.57775304544287	0.66318910114962
-3.08164138813046	0.963767470359232
-1.79835097978106	0.382953978270685
-1.79835097978106	0.382953978270685
-2.57747759965585	0.66335545132302
-0.349124689538762	0.10039174648187
0.152567656731362	0.0287430408348264
-1.13362027945245	0.342902172857624
-1.79827400712943	0.382942964938875
-1.80197754639448	0.383903353697165
-3.08255415585823	0.963691003677911
0.155986207086685	0.0292416787556187
2.7554263517449	0.769222911089782
-1.80197754639448	0.383903353697165
-1.80197754639448	0.383903353697165
-1.79827400712943	0.382942964938875
-1.79835097978106	0.382953978270685
-0.629267545839357	0.153771215183604
-2.57747759965585	0.66335545132302
-1.79827400712943	0.382942964938875
-1.79835097978106	0.382953978270685
-1.79835097978106	0.382953978270685
-1.79835097978106	0.382953978270685
-1.79827400712943	0.382942964938875
0.152567656731362	0.0287430408348264
-1.79835097978106	0.382953978270685
0.152289864541204	0.0287035071443224
-1.80197754639448	0.383903353697165
0.15626975600377	0.0292821097759299
-1.79835097978106	0.382953978270685
-1.79827400712943	0.382942964938875
-1.79835097978106	0.382953978270685
-1.79835097978106	0.382953978270685
-1.13461598703551	0.343230613786831
-1.79835097978106	0.382953978270685
-1.79835097978106	0.382953978270685
-3.08606373064433	0.965887782759055
-2.57747759965585	0.66335545132302
-0.624566751454544	0.152757086863399
-1.79835097978106	0.382953978270685
-1.79835097978106	0.382953978270685
-1.79827400712943	0.382942964938875
-1.79835097978106	0.382953978270685
-1.79827400712943	0.382942964938875
-1.79835097978106	0.382953978270685
-1.79835097978106	0.382953978270685
-1.79827400712943	0.382942964938875
-1.79835097978106	0.382953978270685
-1.79827400712943	0.382942964938875
0.153247518839476	0.0288421886814327
-1.79835097978106	0.382953978270685
-1.80197754639448	0.383903353697165
-1.79835097978106	0.382953978270685
-1.79827400712943	0.382942964938875
-1.79835097978106	0.382953978270685
-1.79835097978106	0.382953978270685
-1.79827400712943	0.382942964938875
-1.79827400712943	0.382942964938875
-2.57775304544287	0.66318910114962
-1.79827400712943	0.382942964938875
-1.79827400712943	0.382942964938875
-1.79835097978106	0.382953978270685
-1.79827400712943	0.382942964938875
1.95706969381346	0.441073865263096
-1.79827400712943	0.382942964938875
2.75722496636877	0.770257049482932
-1.79835097978106	0.382953978270685
-1.79835097978106	0.382953978270685
-1.79835097978106	0.382953978270685
-1.79827400712943	0.382942964938875
-0.627829060935039	0.153504607197422
0.152289864541204	0.0287035071443224
-2.57747759965585	0.66335545132302
-1.79827400712943	0.382942964938875
-1.79835097978106	0.382953978270685
-1.79835097978106	0.382953978270685
-1.79835097978106	0.382953978270685
-1.79827400712943	0.382942964938875
-1.79835097978106	0.382953978270685
-2.57747759965585	0.66335545132302
-2.57747759965585	0.66335545132302
0.153247518839476	0.0288421886814327
-1.79835097978106	0.382953978270685
-1.79827400712943	0.382942964938875
-1.79835097978106	0.382953978270685
-1.79827400712943	0.382942964938875
1.95791760701363	0.441280139896969
-1.79835097978106	0.382953978270685
-2.57747759965585	0.66335545132302
-1.80197754639448	0.383903353697165
-1.79835097978106	0.382953978270685
0.153247518839476	0.0288421886814327
-1.79827400712943	0.382942964938875
-1.79835097978106	0.382953978270685
-1.79835097978106	0.382953978270685
-1.79827400712943	0.382942964938875
-1.79827400712943	0.382942964938875
-1.79835097978106	0.382953978270685
-1.79835097978106	0.382953978270685
-0.632432130022522	0.154575713959717
-1.79827400712943	0.382942964938875
0.152289864541204	0.0287035071443224
0.152289864541204	0.0287035071443224
-2.577202278156	0.663064687208724
-1.79827400712943	0.382942964938875
-1.79835097978106	0.382953978270685
-1.79827400712943	0.382942964938875
-1.79827400712943	0.382942964938875
-1.79835097978106	0.382953978270685
-1.79827400712943	0.382942964938875
-0.627829060935039	0.153504607197422
-1.79835097978106	0.382953978270685
-1.79835097978106	0.382953978270685
-1.79827400712943	0.382942964938875
-1.79827400712943	0.382942964938875
-2.5814875372856	0.665060440379843
-1.80197754639448	0.383903353697165
0.15626975600377	0.0292821097759299
1.95706969381346	0.441073865263096
0.153247518839476	0.0288421886814327
-1.80197754639448	0.383903353697165
-2.57747759965585	0.66335545132302
-1.79827400712943	0.382942964938875
-1.79827400712943	0.382942964938875
-1.79835097978106	0.382953978270685
-1.79827400712943	0.382942964938875
-1.79835097978106	0.382953978270685
-1.79827400712943	0.382942964938875
0.155986207086685	0.0292416787556187
-1.79835097978106	0.382953978270685
-1.79835097978106	0.382953978270685
-1.79835097978106	0.382953978270685
-1.79835097978106	0.382953978270685
-1.79827400712943	0.382942964938875
-2.577202278156	0.663064687208724
0.152289864541204	0.0287035071443224
-1.79835097978106	0.382953978270685
-1.79827400712943	0.382942964938875
-1.79827400712943	0.382942964938875
-1.79827400712943	0.382942964938875
-1.79827400712943	0.382942964938875
-1.79835097978106	0.382953978270685
-2.57747759965585	0.66335545132302
-1.79827400712943	0.382942964938875
-1.79835097978106	0.382953978270685
-1.79827400712943	0.382942964938875
-1.79827400712943	0.382942964938875
1.95791760701363	0.441280139896969
-1.79827400712943	0.382942964938875
-1.79835097978106	0.382953978270685
-1.13129699285405	0.342278739405472
-1.80197754639448	0.383903353697165
-1.79827400712943	0.382942964938875
-1.79827400712943	0.382942964938875
0.15626975600377	0.0292821097759299
-1.79835097978106	0.382953978270685
0.152567656731362	0.0287430408348264
-0.62503342749082	0.152907838403333
-1.79827400712943	0.382942964938875
0.166084152255821	0.0418055330790301
-1.79835097978106	0.382953978270685
-1.79835097978106	0.382953978270685
-1.79835097978106	0.382953978270685
-1.79835097978106	0.382953978270685
-1.79835097978106	0.382953978270685
-1.79827400712943	0.382942964938875
-1.79827400712943	0.382942964938875
-1.79835097978106	0.382953978270685
-1.79827400712943	0.382942964938875
-1.79827400712943	0.382942964938875
0.152567656731362	0.0287430408348264
-3.08118534013847	0.963229045953577
-1.79835097978106	0.382953978270685
-1.79835097978106	0.382953978270685
-2.57747759965585	0.66335545132302
-1.79835097978106	0.382953978270685
0.153247518839476	0.0288421886814327
0.153526628680235	0.0288819285189665
-2.57747759965585	0.66335545132302
-1.79827400712943	0.382942964938875
-1.79827400712943	0.382942964938875
-1.79827400712943	0.382942964938875
-2.57747759965585	0.66335545132302
-1.79827400712943	0.382942964938875
-1.79827400712943	0.382942964938875
-1.79827400712943	0.382942964938875
-1.79835097978106	0.382953978270685
-1.79827400712943	0.382942964938875
-1.79835097978106	0.382953978270685
-1.79835097978106	0.382953978270685
0.153526628680235	0.0288819285189665
-1.79835097978106	0.382953978270685
0.152567656731362	0.0287430408348264
-1.79835097978106	0.382953978270685
-1.79827400712943	0.382942964938875
-1.79835097978106	0.382953978270685
1.95706969381346	0.441073865263096
-1.79835097978106	0.382953978270685
-1.79827400712943	0.382942964938875
-1.79827400712943	0.382942964938875
-1.79835097978106	0.382953978270685
-1.79827400712943	0.382942964938875
0.152289864541204	0.0287035071443224
-1.79835097978106	0.382953978270685
-2.577202278156	0.663064687208724
-1.79835097978106	0.382953978270685
-1.79827400712943	0.382942964938875
-2.57747759965585	0.66335545132302
-2.57747759965585	0.66335545132302
-1.79827400712943	0.382942964938875
-1.79827400712943	0.382942964938875
-1.79835097978106	0.382953978270685
-3.08118534013847	0.963229045953577
0.153526628680235	0.0288819285189665
-2.58120409692147	0.664991486920107
-1.79827400712943	0.382942964938875
-1.79835097978106	0.382953978270685
0.152289864541204	0.0287035071443224
3.26152925911013	1.12000457960558
-2.577202278156	0.663064687208724
-1.79835097978106	0.382953978270685
-1.79835097978106	0.382953978270685
-2.577202278156	0.663064687208724
-1.80197754639448	0.383903353697165
0.153526628680235	0.0288819285189665
-1.80197754639448	0.383903353697165
-0.624566751454544	0.152757086863399
-1.79827400712943	0.382942964938875
1.95706969381346	0.441073865263096
-2.57775304544287	0.66318910114962
-2.57775304544287	0.66318910114962
-1.79835097978106	0.382953978270685
-1.79827400712943	0.382942964938875
-1.79827400712943	0.382942964938875
-1.79835097978106	0.382953978270685
-1.79827400712943	0.382942964938875
-1.79835097978106	0.382953978270685
-2.57747759965585	0.66335545132302
-2.577202278156	0.663064687208724
-1.79827400712943	0.382942964938875
-1.79835097978106	0.382953978270685
-1.79835097978106	0.382953978270685
-2.57775304544287	0.66318910114962
-1.79835097978106	0.382953978270685
-1.80197754639448	0.383903353697165
-1.79827400712943	0.382942964938875
-1.79827400712943	0.382942964938875
-0.628807341949763	0.15371861128279
-1.80197754639448	0.383903353697165
-1.80197754639448	0.383903353697165
-2.577202278156	0.663064687208724
-1.79835097978106	0.382953978270685
-1.79827400712943	0.382942964938875
-1.79827400712943	0.382942964938875
0.152289864541204	0.0287035071443224
1.95791760701363	0.441280139896969
-0.624566751454544	0.152757086863399
-1.79835097978106	0.382953978270685
-1.79835097978106	0.382953978270685
-1.79835097978106	0.382953978270685
-2.577202278156	0.663064687208724
-1.13971461971555	0.345009438584009
0.153247518839476	0.0288421886814327
0.947560352748164	0.251716891447637
-1.79827400712943	0.382942964938875
-1.79827400712943	0.382942964938875
-2.57747759965585	0.66335545132302
0.152289864541204	0.0287035071443224
-2.57747759965585	0.66335545132302
-3.08164138813046	0.963767470359232
-1.79827400712943	0.382942964938875
-0.628807341949763	0.15371861128279
0.166691919569473	0.0419536988970269
-2.57747759965585	0.66335545132302
-2.5814875372856	0.665060440379843
-1.79827400712943	0.382942964938875
-1.79827400712943	0.382942964938875
1.95706969381346	0.441073865263096
-1.80197754639448	0.383903353697165
-3.08209765998152	0.963916510480773
-1.79835097978106	0.382953978270685
-1.79835097978106	0.382953978270685
-1.79835097978106	0.382953978270685
-2.58524212677275	0.666574749875287
-0.629267545839357	0.153771215183604
-1.79835097978106	0.382953978270685
-1.79835097978106	0.382953978270685
-0.62503342749082	0.152907838403333
-1.79835097978106	0.382953978270685
-2.5814875372856	0.665060440379843
-1.79827400712943	0.382942964938875
-1.79835097978106	0.382953978270685
-1.79835097978106	0.382953978270685
-1.79835097978106	0.382953978270685
-3.08209765998152	0.963916510480773
-2.577202278156	0.663064687208724
-1.79827400712943	0.382942964938875
0.15626975600377	0.0292821097759299
-2.577202278156	0.663064687208724
1.95706969381346	0.441073865263096
-2.5814875372856	0.665060440379843
-0.631960666018702	0.15447017218279
0.152567656731362	0.0287430408348264
-1.79827400712943	0.382942964938875
-1.79827400712943	0.382942964938875
-1.79835097978106	0.382953978270685
-1.79827400712943	0.382942964938875
0.152289864541204	0.0287035071443224
-1.80197754639448	0.383903353697165
-0.6282908079904	0.153557595992093
-1.79827400712943	0.382942964938875
-1.79827400712943	0.382942964938875
-1.79827400712943	0.382942964938875
1.95791760701363	0.441280139896969
-1.79827400712943	0.382942964938875
-1.80197754639448	0.383903353697165
-1.80197754639448	0.383903353697165
-1.79835097978106	0.382953978270685
-1.79827400712943	0.382942964938875
-1.79827400712943	0.382942964938875
-1.79835097978106	0.382953978270685
-1.80197754639448	0.383903353697165
-1.79835097978106	0.382953978270685
-1.79827400712943	0.382942964938875
-1.79835097978106	0.382953978270685
-1.79835097978106	0.382953978270685
0.152567656731362	0.0287430408348264
-1.79827400712943	0.382942964938875
-2.57775304544287	0.66318910114962
-1.79827400712943	0.382942964938875
1.95791760701363	0.441280139896969
-1.79827400712943	0.382942964938875
0.94904571537762	0.252100131683616
0.152289864541204	0.0287035071443224
-1.79835097978106	0.382953978270685
-1.13582369620544	0.343734699942405
0.155986207086685	0.0292416787556187
-0.346820783252297	0.0997890928773071
-1.79827400712943	0.382942964938875
0.152289864541204	0.0287035071443224
-0.628347365301396	0.153568930486371
-1.79827400712943	0.382942964938875
2.75349844687128	0.768381126605175
-1.51494963266618	0.540305848955056
-1.79827400712943	0.382942964938875
-1.79827400712943	0.382942964938875
-1.79835097978106	0.382953978270685
-3.08209765998152	0.963916510480773
-1.79827400712943	0.382942964938875
-2.577202278156	0.663064687208724
-2.57775304544287	0.66318910114962
-1.79835097978106	0.382953978270685
-0.725462519324565	0.249202983263282
-2.58120409692147	0.664991486920107
-2.57775304544287	0.66318910114962
-1.79835097978106	0.382953978270685
-1.79827400712943	0.382942964938875
-1.13422470394875	0.343215945535417
-2.57747759965585	0.66335545132302
-1.79827400712943	0.382942964938875
-2.577202278156	0.663064687208724
-1.80197754639448	0.383903353697165
-2.577202278156	0.663064687208724
-1.80197754639448	0.383903353697165
-1.79835097978106	0.382953978270685
-2.57747759965585	0.66335545132302
-1.79827400712943	0.382942964938875
-2.58524212677275	0.666574749875287
-1.79827400712943	0.382942964938875
-1.80197754639448	0.383903353697165
2.75446121880292	0.769079402442662
-1.79835097978106	0.382953978270685
0.152567656731362	0.0287430408348264
-0.628807341949763	0.15371861128279
-1.79827400712943	0.382942964938875
-1.79827400712943	0.382942964938875
-0.627829060935039	0.153504607197422
-1.79835097978106	0.382953978270685
-2.57747759965585	0.66335545132302
-0.627367542213354	0.153354696036073
-2.57747759965585	0.66335545132302
-1.79835097978106	0.382953978270685
-3.08209765998152	0.963916510480773
1.95791760701363	0.441280139896969
-1.79835097978106	0.382953978270685
-1.79835097978106	0.382953978270685
-1.79835097978106	0.382953978270685
-1.79835097978106	0.382953978270685
-1.79835097978106	0.382953978270685
-1.79827400712943	0.382942964938875
-1.79827400712943	0.382942964938875
-1.79835097978106	0.382953978270685
-2.57747759965585	0.66335545132302
-1.79835097978106	0.382953978270685
-1.79827400712943	0.382942964938875
-1.80197754639448	0.383903353697165
-1.79835097978106	0.382953978270685
-1.79835097978106	0.382953978270685
-1.79827400712943	0.382942964938875
-1.79835097978106	0.382953978270685
-1.79827400712943	0.382942964938875
-2.57775304544287	0.66318910114962
2.75722496636877	0.770257049482932
-1.79835097978106	0.382953978270685
-1.79827400712943	0.382942964938875
-1.79827400712943	0.382942964938875
-1.79835097978106	0.382953978270685
-1.79827400712943	0.382942964938875
-1.79827400712943	0.382942964938875
-0.627829060935039	0.153504607197422
-1.79835097978106	0.382953978270685
1.95791760701363	0.441280139896969
-0.62503342749082	0.152907838403333
-1.79827400712943	0.382942964938875
-3.75809970882141	1.48903887292909
1.95791760701363	0.441280139896969
0.153526628680235	0.0288819285189665
-1.79835097978106	0.382953978270685
-2.57747759965585	0.66335545132302
-0.631960666018702	0.15447017218279
0.152289864541204	0.0287035071443224
-1.14009620739235	0.345227889980206
-1.79827400712943	0.382942964938875
-1.79835097978106	0.382953978270685
-1.79835097978106	0.382953978270685
-1.79827400712943	0.382942964938875
-1.79835097978106	0.382953978270685
-2.06506740789926	0.940280629174111
-0.629267545839357	0.153771215183604
-1.79835097978106	0.382953978270685
-2.57775304544287	0.66318910114962
-1.79835097978106	0.382953978270685
-1.79827400712943	0.382942964938875
-1.80197754639448	0.383903353697165
-1.79835097978106	0.382953978270685
-2.57747759965585	0.66335545132302
-1.79827400712943	0.382942964938875
-1.79835097978106	0.382953978270685
-1.79835097978106	0.382953978270685
-3.45598446335482	1.23025555319821
-2.57747759965585	0.66335545132302
-2.57775304544287	0.66318910114962
-2.58120409692147	0.664991486920107
0.153247518839476	0.0288421886814327
-2.57775304544287	0.66318910114962
0.148503149870495	0.0281892610504199
-1.79827400712943	0.382942964938875
-3.08606373064433	0.965887782759055
-1.79835097978106	0.382953978270685
-2.57747759965585	0.66335545132302
-1.79835097978106	0.382953978270685
-1.79835097978106	0.382953978270685
-2.57747759965585	0.66335545132302
-1.79827400712943	0.382942964938875
-1.79827400712943	0.382942964938875
-1.79827400712943	0.382942964938875
-2.57747759965585	0.66335545132302
-1.79835097978106	0.382953978270685
-1.79827400712943	0.382942964938875
1.95706969381346	0.441073865263096
-0.629636196854164	0.153977935518255
-1.79835097978106	0.382953978270685
-1.79835097978106	0.382953978270685
-1.80197754639448	0.383903353697165
-1.79827400712943	0.382942964938875
-1.79835097978106	0.382953978270685
-2.57747759965585	0.66335545132302
-1.79827400712943	0.382942964938875
1.95791760701363	0.441280139896969
-1.79835097978106	0.382953978270685
-2.57747759965585	0.66335545132302
1.95791760701363	0.441280139896969
-1.79827400712943	0.382942964938875
-1.79835097978106	0.382953978270685
-1.79835097978106	0.382953978270685
-1.79835097978106	0.382953978270685
-1.79835097978106	0.382953978270685
-1.79835097978106	0.382953978270685
-1.79827400712943	0.382942964938875
-1.0198546198872	0.40400953786834
-0.631960666018702	0.15447017218279
-1.79835097978106	0.382953978270685
1.95706969381346	0.441073865263096
-3.08209765998152	0.963916510480773
-1.80197754639448	0.383903353697165
-1.79835097978106	0.382953978270685
-1.79835097978106	0.382953978270685
-0.6282908079904	0.153557595992093
-0.625500335572602	0.152962089117453
-1.80197754639448	0.383903353697165
-1.79827400712943	0.382942964938875
-1.79835097978106	0.382953978270685
-1.79827400712943	0.382942964938875
0.947560352748164	0.251716891447637
-1.79835097978106	0.382953978270685
-1.79827400712943	0.382942964938875
-1.79835097978106	0.382953978270685
-1.79835097978106	0.382953978270685
-1.79835097978106	0.382953978270685
-1.79827400712943	0.382942964938875
-2.577202278156	0.663064687208724
-1.80197754639448	0.383903353697165
-1.79835097978106	0.382953978270685
-2.57775304544287	0.66318910114962
-1.79835097978106	0.382953978270685
-1.79827400712943	0.382942964938875
-1.79827400712943	0.382942964938875
-1.80197754639448	0.383903353697165
-1.79827400712943	0.382942964938875
-2.577202278156	0.663064687208724
-0.627367542213354	0.153354696036073
-1.79835097978106	0.382953978270685
-1.79827400712943	0.382942964938875
-1.79835097978106	0.382953978270685
-1.79827400712943	0.382942964938875
-1.79835097978106	0.382953978270685
-1.79827400712943	0.382942964938875
-2.57747759965585	0.66335545132302
-1.79827400712943	0.382942964938875
-1.79827400712943	0.382942964938875
-2.57747759965585	0.66335545132302
-1.79827400712943	0.382942964938875
-1.79835097978106	0.382953978270685
-1.79835097978106	0.382953978270685
1.95706969381346	0.441073865263096
-1.79835097978106	0.382953978270685
-1.79827400712943	0.382942964938875
-1.79835097978106	0.382953978270685
-1.79827400712943	0.382942964938875
-1.79827400712943	0.382942964938875
-1.79835097978106	0.382953978270685
-1.79827400712943	0.382942964938875
0.152289864541204	0.0287035071443224
0.149464413960118	0.0283283450696208
-1.79835097978106	0.382953978270685
-1.79835097978106	0.382953978270685
-1.79827400712943	0.382942964938875
0.152289864541204	0.0287035071443224
-1.79827400712943	0.382942964938875
0.170597157616308	0.0428000407476464
-1.80197754639448	0.383903353697165
-1.79827400712943	0.382942964938875
-2.57747759965585	0.66335545132302
-2.5814875372856	0.665060440379843
-1.5126542472202	0.539316353407404
-1.79835097978106	0.382953978270685
2.75349844687128	0.768381126605175
-2.57747759965585	0.66335545132302
-2.57747759965585	0.66335545132302
-1.79827400712943	0.382942964938875
-1.79835097978106	0.382953978270685
-1.79827400712943	0.382942964938875
-1.80197754639448	0.383903353697165
-1.79827400712943	0.382942964938875
-1.79835097978106	0.382953978270685
-1.79827400712943	0.382942964938875
0.152289864541204	0.0287035071443224
-1.79835097978106	0.382953978270685
-1.79827400712943	0.382942964938875
-1.79827400712943	0.382942964938875
-1.79835097978106	0.382953978270685
-1.79835097978106	0.382953978270685
-1.79835097978106	0.382953978270685
-3.08209765998152	0.963916510480773
0.152289864541204	0.0287035071443224
0.152289864541204	0.0287035071443224
0.148503149870495	0.0281892610504199
-1.79827400712943	0.382942964938875
0.152567656731362	0.0287430408348264
-1.79835097978106	0.382953978270685
0.152289864541204	0.0287035071443224
-1.79835097978106	0.382953978270685
-1.79827400712943	0.382942964938875
-1.79835097978106	0.382953978270685
-1.79835097978106	0.382953978270685
-1.79827400712943	0.382942964938875
-3.08606373064433	0.965887782759055
-1.79835097978106	0.382953978270685
1.96040941896093	0.441936123238363
0.152567656731362	0.0287430408348264
-1.79827400712943	0.382942964938875
-1.79835097978106	0.382953978270685
-1.79827400712943	0.382942964938875
-1.80197754639448	0.383903353697165
-0.627829060935039	0.153504607197422
-3.46415436717455	1.23421047369696
-3.08209765998152	0.963916510480773
-0.62503342749082	0.152907838403333
-1.79827400712943	0.382942964938875
-2.577202278156	0.663064687208724
-1.79827400712943	0.382942964938875
-1.51442679709979	0.540163579778039
0.153247518839476	0.0288421886814327
0.947097253557627	0.251590606337117
-0.62503342749082	0.152907838403333
-2.5814875372856	0.665060440379843
-1.79827400712943	0.382942964938875
-2.57747759965585	0.66335545132302
0.152567656731362	0.0287430408348264
-1.79835097978106	0.382953978270685
-1.79835097978106	0.382953978270685
-1.79827400712943	0.382942964938875
-1.79835097978106	0.382953978270685
0.153247518839476	0.0288421886814327
1.95791760701363	0.441280139896969
-1.79835097978106	0.382953978270685
-1.79835097978106	0.382953978270685
-1.51819793872521	0.541803713077291
-1.79827400712943	0.382942964938875
-2.57747759965585	0.66335545132302
-1.79835097978106	0.382953978270685
-1.79827400712943	0.382942964938875
1.96040941896093	0.441936123238363
-1.79835097978106	0.382953978270685
0.153526628680235	0.0288819285189665
-1.79827400712943	0.382942964938875
1.95706969381346	0.441073865263096
-1.79827400712943	0.382942964938875
-3.08209765998152	0.963916510480773
-1.80197754639448	0.383903353697165
-0.343223291761604	0.0987971723984263
0.153526628680235	0.0288819285189665
-2.5814875372856	0.665060440379843
-1.79827400712943	0.382942964938875
-1.79827400712943	0.382942964938875
-1.79835097978106	0.382953978270685
-1.80197754639448	0.383903353697165
-1.79835097978106	0.382953978270685
0.94807088907188	0.251931335472786
0.155986207086685	0.0292416787556187
-3.08652986879455	0.965774290031657
-1.79835097978106	0.382953978270685
-0.628807341949763	0.15371861128279
-0.720801185410545	0.247515042606667
0.947560352748164	0.251716891447637
0.947097253557627	0.251590606337117
-1.79835097978106	0.382953978270685
-0.629267545839357	0.153771215183604
-1.79827400712943	0.382942964938875
0.153526628680235	0.0288819285189665
-1.79827400712943	0.382942964938875
-1.79835097978106	0.382953978270685
-0.716346626154106	0.245810055243264
-1.79835097978106	0.382953978270685
-2.57747759965585	0.66335545132302
-3.08209765998152	0.963916510480773
-1.79835097978106	0.382953978270685
-0.628807341949763	0.15371861128279
-0.629636196854164	0.153977935518255
-1.79827400712943	0.382942964938875
-2.57775304544287	0.66318910114962
-1.79835097978106	0.382953978270685
-1.79827400712943	0.382942964938875
-1.79827400712943	0.382942964938875
-0.6282908079904	0.153557595992093
-1.79827400712943	0.382942964938875
-1.79827400712943	0.382942964938875
0.153526628680235	0.0288819285189665
-1.79835097978106	0.382953978270685
0.169986302676761	0.0426507049603473
-1.80197754639448	0.383903353697165
-1.79835097978106	0.382953978270685
-1.79835097978106	0.382953978270685
-1.79827400712943	0.382942964938875
-1.79827400712943	0.382942964938875
-3.08209765998152	0.963916510480773
-2.57747759965585	0.66335545132302
-1.79835097978106	0.382953978270685
-2.58120409692147	0.664991486920107
-1.79827400712943	0.382942964938875
-1.79827400712943	0.382942964938875
-1.79835097978106	0.382953978270685
-1.79827400712943	0.382942964938875
-0.628807341949763	0.15371861128279
-0.627829060935039	0.153504607197422
0.152567656731362	0.0287430408348264
-2.57747759965585	0.66335545132302
-1.79827400712943	0.382942964938875
-2.57747759965585	0.66335545132302
-1.79827400712943	0.382942964938875
-1.79835097978106	0.382953978270685
-0.628807341949763	0.15371861128279
0.152289864541204	0.0287035071443224
-2.57775304544287	0.66318910114962
-1.79835097978106	0.382953978270685
-1.80197754639448	0.383903353697165
-1.79827400712943	0.382942964938875
-1.79835097978106	0.382953978270685
-1.79835097978106	0.382953978270685
-1.79827400712943	0.382942964938875
-1.79827400712943	0.382942964938875
-1.79835097978106	0.382953978270685
-1.79835097978106	0.382953978270685
-2.57747759965585	0.66335545132302
-1.80197754639448	0.383903353697165
-1.79827400712943	0.382942964938875
-1.79827400712943	0.382942964938875
-2.57775304544287	0.66318910114962
-1.79835097978106	0.382953978270685
-1.13251140472747	0.342543902947619
-1.80197754639448	0.383903353697165
-1.79827400712943	0.382942964938875
-1.79827400712943	0.382942964938875
-1.79827400712943	0.382942964938875
-1.79827400712943	0.382942964938875
1.95791760701363	0.441280139896969
-1.79827400712943	0.382942964938875
-1.79827400712943	0.382942964938875
-1.79827400712943	0.382942964938875
-1.80197754639448	0.383903353697165
-1.79827400712943	0.382942964938875
-1.79835097978106	0.382953978270685
-1.79827400712943	0.382942964938875
-1.79827400712943	0.382942964938875
-1.79827400712943	0.382942964938875
-1.79827400712943	0.382942964938875
-0.632939126134277	0.15468454480873
-1.79827400712943	0.382942964938875
-1.79827400712943	0.382942964938875
-1.79827400712943	0.382942964938875
0.148503149870495	0.0281892610504199
-1.79835097978106	0.382953978270685
-1.79827400712943	0.382942964938875
-1.79827400712943	0.382942964938875
-1.79835097978106	0.382953978270685
-1.79827400712943	0.382942964938875
0.152289864541204	0.0287035071443224
-1.79835097978106	0.382953978270685
-1.79835097978106	0.382953978270685
-1.79827400712943	0.382942964938875
-1.79827400712943	0.382942964938875
-1.79827400712943	0.382942964938875
-2.57747759965585	0.66335545132302
-1.79835097978106	0.382953978270685
-1.79835097978106	0.382953978270685
-1.79835097978106	0.382953978270685
0.148503149870495	0.0281892610504199
0.152289864541204	0.0287035071443224
-1.79827400712943	0.382942964938875
-1.79835097978106	0.382953978270685
-1.79835097978106	0.382953978270685
-1.79835097978106	0.382953978270685
-1.80197754639448	0.383903353697165
-1.80197754639448	0.383903353697165
-1.79835097978106	0.382953978270685
-1.79827400712943	0.382942964938875
0.947560352748164	0.251716891447637
0.152289864541204	0.0287035071443224
0.153526628680235	0.0288819285189665
0.153526628680235	0.0288819285189665
-1.79835097978106	0.382953978270685
-1.79835097978106	0.382953978270685
-0.627367542213354	0.153354696036073
-1.79827400712943	0.382942964938875
-2.577202278156	0.663064687208724
-1.79835097978106	0.382953978270685
-1.79827400712943	0.382942964938875
-1.79827400712943	0.382942964938875
-1.79827400712943	0.382942964938875
-0.6282908079904	0.153557595992093
-1.79827400712943	0.382942964938875
-1.79827400712943	0.382942964938875
-1.79835097978106	0.382953978270685
-2.57747759965585	0.66335545132302
1.95791760701363	0.441280139896969
-1.79827400712943	0.382942964938875
-3.08255415585823	0.963691003677911
-0.628347365301396	0.153568930486371
-1.79827400712943	0.382942964938875
-1.79835097978106	0.382953978270685
0.948535538575274	0.252058145640786
0.153247518839476	0.0288421886814327
-1.79827400712943	0.382942964938875
-1.79827400712943	0.382942964938875
-2.57747759965585	0.66335545132302
0.152567656731362	0.0287430408348264
1.95706969381346	0.441073865263096
0.16707117146508	0.0420080923591852
-1.79827400712943	0.382942964938875
-1.79827400712943	0.382942964938875
-2.577202278156	0.663064687208724
-1.13422470394875	0.343215945535417
-1.79835097978106	0.382953978270685
-3.08209765998152	0.963916510480773
-1.79835097978106	0.382953978270685
-1.79827400712943	0.382942964938875
-1.79827400712943	0.382942964938875
-1.79835097978106	0.382953978270685
-1.79827400712943	0.382942964938875
-1.79827400712943	0.382942964938875
-1.79827400712943	0.382942964938875
-1.79835097978106	0.382953978270685
-1.79827400712943	0.382942964938875
-1.79827400712943	0.382942964938875
-2.57747759965585	0.66335545132302
-1.79835097978106	0.382953978270685
-1.79835097978106	0.382953978270685
-1.79835097978106	0.382953978270685
-1.79827400712943	0.382942964938875
-1.79835097978106	0.382953978270685
-1.79835097978106	0.382953978270685
-1.79827400712943	0.382942964938875
-1.79827400712943	0.382942964938875
-1.79827400712943	0.382942964938875
-1.79835097978106	0.382953978270685
-2.57775304544287	0.66318910114962
-1.79827400712943	0.382942964938875
-0.628807341949763	0.15371861128279
-1.79835097978106	0.382953978270685
-1.79835097978106	0.382953978270685
-1.79835097978106	0.382953978270685
-1.79835097978106	0.382953978270685
-1.79827400712943	0.382942964938875
-1.79835097978106	0.382953978270685
-1.79827400712943	0.382942964938875
-1.80197754639448	0.383903353697165
-1.79827400712943	0.382942964938875
-1.80197754639448	0.383903353697165
0.152289864541204	0.0287035071443224
-1.80197754639448	0.383903353697165
-1.79835097978106	0.382953978270685
0.152289864541204	0.0287035071443224
-3.08164138813046	0.963767470359232
-2.57775304544287	0.66318910114962
-1.79835097978106	0.382953978270685
-1.79835097978106	0.382953978270685
-2.58120409692147	0.664991486920107
-1.79827400712943	0.382942964938875
-1.79835097978106	0.382953978270685
-1.79827400712943	0.382942964938875
-1.79827400712943	0.382942964938875
0.165097545701885	0.0415776969264477
-3.08209765998152	0.963916510480773
-1.79827400712943	0.382942964938875
-1.79835097978106	0.382953978270685
-2.57747759965585	0.66335545132302
-2.5814875372856	0.665060440379843
0.152567656731362	0.0287430408348264
-1.79827400712943	0.382942964938875
-1.79827400712943	0.382942964938875
0.153526628680235	0.0288819285189665
-1.79827400712943	0.382942964938875
-0.628347365301396	0.153568930486371
0.153247518839476	0.0288421886814327
-1.79827400712943	0.382942964938875
-1.79827400712943	0.382942964938875
-1.79827400712943	0.382942964938875
-1.79835097978106	0.382953978270685
1.95706969381346	0.441073865263096
-0.628347365301396	0.153568930486371
-1.79827400712943	0.382942964938875
-2.58120409692147	0.664991486920107
0.153247518839476	0.0288421886814327
-1.79827400712943	0.382942964938875
-0.628807341949763	0.15371861128279
-1.79835097978106	0.382953978270685
-1.79835097978106	0.382953978270685
-0.627367542213354	0.153354696036073
-1.79835097978106	0.382953978270685
-1.79827400712943	0.382942964938875
-1.79827400712943	0.382942964938875
-1.79827400712943	0.382942964938875
-1.79835097978106	0.382953978270685
-1.79835097978106	0.382953978270685
-0.627367542213354	0.153354696036073
-1.79835097978106	0.382953978270685
-1.79835097978106	0.382953978270685
-2.57775304544287	0.66318910114962
-1.79835097978106	0.382953978270685
-1.79835097978106	0.382953978270685
-1.79827400712943	0.382942964938875
-1.79827400712943	0.382942964938875
-1.79827400712943	0.382942964938875
-1.79835097978106	0.382953978270685
-1.79827400712943	0.382942964938875
-1.79835097978106	0.382953978270685
-0.631960666018702	0.15447017218279
-1.80197754639448	0.383903353697165
-1.79835097978106	0.382953978270685
-1.79827400712943	0.382942964938875
-1.79827400712943	0.382942964938875
-1.79827400712943	0.382942964938875
-1.79827400712943	0.382942964938875
-1.79827400712943	0.382942964938875
-1.79827400712943	0.382942964938875
-1.79835097978106	0.382953978270685
-1.79827400712943	0.382942964938875
-2.57747759965585	0.66335545132302
-2.57747759965585	0.66335545132302
-1.79835097978106	0.382953978270685
-1.79827400712943	0.382942964938875
-1.79827400712943	0.382942964938875
-1.79835097978106	0.382953978270685
-1.79835097978106	0.382953978270685
-1.79827400712943	0.382942964938875
-1.79835097978106	0.382953978270685
-1.79835097978106	0.382953978270685
-1.79835097978106	0.382953978270685
-1.79827400712943	0.382942964938875
-1.79827400712943	0.382942964938875
0.153526628680235	0.0288819285189665
-2.57747759965585	0.66335545132302
-1.79827400712943	0.382942964938875
-1.79827400712943	0.382942964938875
-1.79835097978106	0.382953978270685
0.152289864541204	0.0287035071443224
-2.57747759965585	0.66335545132302
3.26252567397545	1.12093560535381
-1.79827400712943	0.382942964938875
-0.631960666018702	0.15447017218279
-1.79835097978106	0.382953978270685
0.15626975600377	0.0292821097759299
0.155986207086685	0.0292416787556187
-1.79827400712943	0.382942964938875
0.948535538575274	0.252058145640786
-1.79827400712943	0.382942964938875
-2.57747759965585	0.66335545132302
-1.79835097978106	0.382953978270685
-3.08559782341753	0.965445184573826
-1.79827400712943	0.382942964938875
-1.79827400712943	0.382942964938875
-1.79827400712943	0.382942964938875
-1.79827400712943	0.382942964938875
-1.79827400712943	0.382942964938875
-0.627829060935039	0.153504607197422
-1.79835097978106	0.382953978270685
-2.577202278156	0.663064687208724
-1.79835097978106	0.382953978270685
-1.79827400712943	0.382942964938875
-1.79827400712943	0.382942964938875
-1.79827400712943	0.382942964938875
-1.79835097978106	0.382953978270685
-2.5814875372856	0.665060440379843
-1.79835097978106	0.382953978270685
-1.80197754639448	0.383903353697165
-1.79827400712943	0.382942964938875
-1.79835097978106	0.382953978270685
-1.79835097978106	0.382953978270685
-1.79827400712943	0.382942964938875
-2.57747759965585	0.66335545132302
-1.79835097978106	0.382953978270685
-1.80197754639448	0.383903353697165
-1.79835097978106	0.382953978270685
1.95706969381346	0.441073865263096
-1.79835097978106	0.382953978270685
-1.79827400712943	0.382942964938875
-1.79835097978106	0.382953978270685
-1.79835097978106	0.382953978270685
0.152567656731362	0.0287430408348264
1.95791760701363	0.441280139896969
-1.80197754639448	0.383903353697165
-1.79827400712943	0.382942964938875
-1.79827400712943	0.382942964938875
-0.632939126134277	0.15468454480873
-1.79827400712943	0.382942964938875
-1.79827400712943	0.382942964938875
-1.79835097978106	0.382953978270685
-2.58120409692147	0.664991486920107
-1.79827400712943	0.382942964938875
-1.79835097978106	0.382953978270685
-1.79835097978106	0.382953978270685
-1.79827400712943	0.382942964938875
-2.577202278156	0.663064687208724
-1.79827400712943	0.382942964938875
-1.79835097978106	0.382953978270685
-1.80197754639448	0.383903353697165
-1.79835097978106	0.382953978270685
-1.79835097978106	0.382953978270685
-0.780280850699466	0.514931888588107
-1.80197754639448	0.383903353697165
0.152289864541204	0.0287035071443224
-1.79835097978106	0.382953978270685
-1.79827400712943	0.382942964938875
-1.79827400712943	0.382942964938875
-1.79835097978106	0.382953978270685
0.152207512413174	0.0287281007494042
-1.80197754639448	0.383903353697165
-2.57747759965585	0.66335545132302
-3.08606373064433	0.965887782759055
0.947097253557627	0.251590606337117
-1.79827400712943	0.382942964938875
-0.628347365301396	0.153568930486371
-1.79835097978106	0.382953978270685
-2.57747759965585	0.66335545132302
-1.79827400712943	0.382942964938875
-1.79827400712943	0.382942964938875
-1.79827400712943	0.382942964938875
-1.13521969998424	0.343544374381215
-0.62503342749082	0.152907838403333
-1.79827400712943	0.382942964938875
-0.629267545839357	0.153771215183604
-1.79827400712943	0.382942964938875
0.152289864541204	0.0287035071443224
-1.79835097978106	0.382953978270685
-2.57747759965585	0.66335545132302
-1.79835097978106	0.382953978270685
-2.57747759965585	0.66335545132302
-0.62503342749082	0.152907838403333
-1.79827400712943	0.382942964938875
-1.80197754639448	0.383903353697165
-1.79827400712943	0.382942964938875
-1.79835097978106	0.382953978270685
-2.5814875372856	0.665060440379843
-1.79827400712943	0.382942964938875
-1.80197754639448	0.383903353697165
-1.79835097978106	0.382953978270685
-1.79827400712943	0.382942964938875
0.949511917528176	0.252227362219882
-2.57775304544287	0.66318910114962
-1.80197754639448	0.383903353697165
-0.628347365301396	0.153568930486371
-2.57747759965585	0.66335545132302
-1.79835097978106	0.382953978270685
-2.57747759965585	0.66335545132302
-1.79835097978106	0.382953978270685
-1.79827400712943	0.382942964938875
-1.79835097978106	0.382953978270685
-1.79835097978106	0.382953978270685
-0.628807341949763	0.15371861128279
-1.79827400712943	0.382942964938875
-1.79827400712943	0.382942964938875
-1.79835097978106	0.382953978270685
-1.80197754639448	0.383903353697165
-2.5814875372856	0.665060440379843
-1.79827400712943	0.382942964938875
1.95706969381346	0.441073865263096
-1.79827400712943	0.382942964938875
-1.79827400712943	0.382942964938875
-1.79835097978106	0.382953978270685
-1.79827400712943	0.382942964938875
-1.79835097978106	0.382953978270685
0.153247518839476	0.0288421886814327
-1.79835097978106	0.382953978270685
-1.79827400712943	0.382942964938875
-1.79827400712943	0.382942964938875
-1.79835097978106	0.382953978270685
-1.79835097978106	0.382953978270685
-2.57747759965585	0.66335545132302
-2.577202278156	0.663064687208724
-1.79835097978106	0.382953978270685
-1.79835097978106	0.382953978270685
-1.79827400712943	0.382942964938875
0.153526628680235	0.0288819285189665
-1.79835097978106	0.382953978270685
-1.79835097978106	0.382953978270685
-1.13521969998424	0.343544374381215
-1.79827400712943	0.382942964938875
-1.80197754639448	0.383903353697165
-1.79835097978106	0.382953978270685
1.95706969381346	0.441073865263096
0.152567656731362	0.0287430408348264
0.153526628680235	0.0288819285189665
-1.79835097978106	0.382953978270685
-1.79835097978106	0.382953978270685
1.95706969381346	0.441073865263096
-1.79827400712943	0.382942964938875
-1.79827400712943	0.382942964938875
-1.79835097978106	0.382953978270685
0.152289864541204	0.0287035071443224
-0.627367542213354	0.153354696036073
-1.79827400712943	0.382942964938875
-2.57747759965585	0.66335545132302
-1.79827400712943	0.382942964938875
-0.627829060935039	0.153504607197422
-1.79835097978106	0.382953978270685
-1.79835097978106	0.382953978270685
-1.79827400712943	0.382942964938875
-1.79835097978106	0.382953978270685
-1.79835097978106	0.382953978270685
-1.79827400712943	0.382942964938875
-1.79827400712943	0.382942964938875
-3.08118534013847	0.963229045953577
0.153526628680235	0.0288819285189665
-1.79827400712943	0.382942964938875
-1.79835097978106	0.382953978270685
-0.629267545839357	0.153771215183604
-1.79835097978106	0.382953978270685
-1.79835097978106	0.382953978270685
-1.79835097978106	0.382953978270685
-1.79835097978106	0.382953978270685
-1.79827400712943	0.382942964938875
-1.79835097978106	0.382953978270685
-1.79835097978106	0.382953978270685
-1.80197754639448	0.383903353697165
-1.79835097978106	0.382953978270685
0.149464413960118	0.0283283450696208
-1.80197754639448	0.383903353697165
-1.79827400712943	0.382942964938875
1.96040941896093	0.441936123238363
-1.79827400712943	0.382942964938875
-1.79835097978106	0.382953978270685
0.152289864541204	0.0287035071443224
-1.79827400712943	0.382942964938875
-1.80197754639448	0.383903353697165
-2.57747759965585	0.66335545132302
-1.79827400712943	0.382942964938875
0.152289864541204	0.0287035071443224
-2.57775304544287	0.66318910114962
-1.79827400712943	0.382942964938875
-1.79835097978106	0.382953978270685
-1.79835097978106	0.382953978270685
1.95706969381346	0.441073865263096
-1.79835097978106	0.382953978270685
-1.79827400712943	0.382942964938875
-0.627367542213354	0.153354696036073
-1.79827400712943	0.382942964938875
0.153247518839476	0.0288421886814327
-1.79835097978106	0.382953978270685
-1.80197754639448	0.383903353697165
1.95791760701363	0.441280139896969
-1.79827400712943	0.382942964938875
-1.79835097978106	0.382953978270685
-2.5814875372856	0.665060440379843
-3.08209765998152	0.963916510480773
1.95791760701363	0.441280139896969
-0.628807341949763	0.15371861128279
-2.57747759965585	0.66335545132302
-1.79827400712943	0.382942964938875
-0.633409029549556	0.154789771896201
-2.57775304544287	0.66318910114962
-0.719465582528739	0.247026553935257
-1.79835097978106	0.382953978270685
-1.79835097978106	0.382953978270685
-1.79827400712943	0.382942964938875
0.153526628680235	0.0288819285189665
-1.79827400712943	0.382942964938875
1.95706969381346	0.441073865263096
-1.79827400712943	0.382942964938875
-1.79827400712943	0.382942964938875
-1.79835097978106	0.382953978270685
-1.80197754639448	0.383903353697165
-2.577202278156	0.663064687208724
-1.79835097978106	0.382953978270685
0.153247518839476	0.0288421886814327
-1.79835097978106	0.382953978270685
2.75446121880292	0.769079402442662
-1.79835097978106	0.382953978270685
-1.79827400712943	0.382942964938875
-1.79827400712943	0.382942964938875
-1.79835097978106	0.382953978270685
-1.79835097978106	0.382953978270685
-1.79835097978106	0.382953978270685
-1.79827400712943	0.382942964938875
-1.79827400712943	0.382942964938875
1.95706969381346	0.441073865263096
-1.79827400712943	0.382942964938875
-1.79827400712943	0.382942964938875
-1.79835097978106	0.382953978270685
-2.5814875372856	0.665060440379843
-1.79827400712943	0.382942964938875
-1.79835097978106	0.382953978270685
-1.79835097978106	0.382953978270685
-1.79835097978106	0.382953978270685
-1.79827400712943	0.382942964938875
-1.80197754639448	0.383903353697165
-1.80197754639448	0.383903353697165
-1.79835097978106	0.382953978270685
1.95706969381346	0.441073865263096
-1.79835097978106	0.382953978270685
-1.79835097978106	0.382953978270685
0.94807088907188	0.251931335472786
-1.79835097978106	0.382953978270685
-1.79835097978106	0.382953978270685
-1.79835097978106	0.382953978270685
-1.79827400712943	0.382942964938875
-1.79827400712943	0.382942964938875
-1.79827400712943	0.382942964938875
-1.79827400712943	0.382942964938875
-1.79827400712943	0.382942964938875
-1.80197754639448	0.383903353697165
-1.79827400712943	0.382942964938875
-1.79827400712943	0.382942964938875
-2.57775304544287	0.66318910114962
-2.58120409692147	0.664991486920107
-1.79827400712943	0.382942964938875
-1.79827400712943	0.382942964938875
-1.79827400712943	0.382942964938875
-1.79835097978106	0.382953978270685
-1.79827400712943	0.382942964938875
-1.79827400712943	0.382942964938875
-2.57747759965585	0.66335545132302
-1.79827400712943	0.382942964938875
-1.79827400712943	0.382942964938875
-1.79827400712943	0.382942964938875
0.153247518839476	0.0288421886814327
-1.79827400712943	0.382942964938875
-1.79827400712943	0.382942964938875
-0.628807341949763	0.15371861128279
-1.79835097978106	0.382953978270685
0.152567656731362	0.0287430408348264
-1.79835097978106	0.382953978270685
-1.51688545813115	0.541086496398081
0.152567656731362	0.0287430408348264
-2.57747759965585	0.66335545132302
-1.79835097978106	0.382953978270685
-1.13521969998424	0.343544374381215
-1.79827400712943	0.382942964938875
-1.80197754639448	0.383903353697165
-1.79835097978106	0.382953978270685
-1.79835097978106	0.382953978270685
1.95791760701363	0.441280139896969
-1.79827400712943	0.382942964938875
0.152289864541204	0.0287035071443224
0.152567656731362	0.0287430408348264
-1.79835097978106	0.382953978270685
-1.79827400712943	0.382942964938875
-1.79827400712943	0.382942964938875
-1.79827400712943	0.382942964938875
1.95791760701363	0.441280139896969
-1.79827400712943	0.382942964938875
-1.79827400712943	0.382942964938875
-1.79827400712943	0.382942964938875
-1.79835097978106	0.382953978270685
0.153247518839476	0.0288421886814327
-1.79827400712943	0.382942964938875
-1.79835097978106	0.382953978270685
-1.79835097978106	0.382953978270685
-3.08255415585823	0.963691003677911
3.26252567397545	1.12093560535381
-2.58120409692147	0.664991486920107
-1.79835097978106	0.382953978270685
-2.58120409692147	0.664991486920107
-1.79835097978106	0.382953978270685
-1.79827400712943	0.382942964938875
-2.57775304544287	0.66318910114962
-1.79827400712943	0.382942964938875
-1.79835097978106	0.382953978270685
1.95706969381346	0.441073865263096
1.95706969381346	0.441073865263096
0.152289864541204	0.0287035071443224
-1.79827400712943	0.382942964938875
-1.79835097978106	0.382953978270685
-1.79835097978106	0.382953978270685
-1.79835097978106	0.382953978270685
-1.79827400712943	0.382942964938875
-1.79835097978106	0.382953978270685
-1.79827400712943	0.382942964938875
-1.79835097978106	0.382953978270685
-1.79827400712943	0.382942964938875
-1.79827400712943	0.382942964938875
-1.79835097978106	0.382953978270685
-2.57747759965585	0.66335545132302
-1.79835097978106	0.382953978270685
-1.79827400712943	0.382942964938875
-1.80197754639448	0.383903353697165
-1.80197754639448	0.383903353697165
-1.79835097978106	0.382953978270685
-1.79835097978106	0.382953978270685
-1.79827400712943	0.382942964938875
-1.79835097978106	0.382953978270685
-1.79827400712943	0.382942964938875
-3.08606373064433	0.965887782759055
-1.79827400712943	0.382942964938875
-2.5814875372856	0.665060440379843
-1.79827400712943	0.382942964938875
-0.632939126134277	0.15468454480873
-0.627829060935039	0.153504607197422
-2.57747759965585	0.66335545132302
-1.79835097978106	0.382953978270685
-1.79827400712943	0.382942964938875
-1.80197754639448	0.383903353697165
-1.79835097978106	0.382953978270685
1.95706969381346	0.441073865263096
-1.79827400712943	0.382942964938875
-1.79835097978106	0.382953978270685
-1.79835097978106	0.382953978270685
-1.79827400712943	0.382942964938875
-1.79835097978106	0.382953978270685
0.152567656731362	0.0287430408348264
-1.80197754639448	0.383903353697165
-1.80197754639448	0.383903353697165
1.95791760701363	0.441280139896969
1.95791760701363	0.441280139896969
-1.79827400712943	0.382942964938875
-1.79835097978106	0.382953978270685
-1.79827400712943	0.382942964938875
-1.79827400712943	0.382942964938875
-1.79835097978106	0.382953978270685
0.153526628680235	0.0288819285189665
-1.79827400712943	0.382942964938875
-0.6282908079904	0.153557595992093
-1.79835097978106	0.382953978270685
-1.79835097978106	0.382953978270685
-1.79827400712943	0.382942964938875
-1.79835097978106	0.382953978270685
-1.79835097978106	0.382953978270685
1.95706969381346	0.441073865263096
0.152567656731362	0.0287430408348264
-2.57775304544287	0.66318910114962
-1.79835097978106	0.382953978270685
-1.79835097978106	0.382953978270685
-1.79835097978106	0.382953978270685
-1.79827400712943	0.382942964938875
-1.79827400712943	0.382942964938875
-1.79827400712943	0.382942964938875
-1.79835097978106	0.382953978270685
-1.79835097978106	0.382953978270685
-1.79827400712943	0.382942964938875
-1.79827400712943	0.382942964938875
-2.57747759965585	0.66335545132302
-1.79827400712943	0.382942964938875
-1.79827400712943	0.382942964938875
-1.79827400712943	0.382942964938875
-1.79835097978106	0.382953978270685
-1.79835097978106	0.382953978270685
-1.79827400712943	0.382942964938875
-1.79827400712943	0.382942964938875
-1.79827400712943	0.382942964938875
-1.79827400712943	0.382942964938875
-1.79835097978106	0.382953978270685
-2.577202278156	0.663064687208724
-1.79835097978106	0.382953978270685
-1.79827400712943	0.382942964938875
-1.79827400712943	0.382942964938875
-1.79827400712943	0.382942964938875
0.153526628680235	0.0288819285189665
-1.79835097978106	0.382953978270685
-1.79835097978106	0.382953978270685
-1.79827400712943	0.382942964938875
-1.79827400712943	0.382942964938875
-1.79835097978106	0.382953978270685
-1.79835097978106	0.382953978270685
-1.79835097978106	0.382953978270685
-1.79827400712943	0.382942964938875
-1.79827400712943	0.382942964938875
-1.79827400712943	0.382942964938875
1.95706969381346	0.441073865263096
-1.79835097978106	0.382953978270685
-2.57747759965585	0.66335545132302
1.95791760701363	0.441280139896969
-1.79835097978106	0.382953978270685
-1.79835097978106	0.382953978270685
-1.80197754639448	0.383903353697165
0.152289864541204	0.0287035071443224
-0.628807341949763	0.15371861128279
-1.79835097978106	0.382953978270685
-2.577202278156	0.663064687208724
-1.79835097978106	0.382953978270685
-1.80197754639448	0.383903353697165
-1.79827400712943	0.382942964938875
-2.57775304544287	0.66318910114962
-1.79827400712943	0.382942964938875
-1.80197754639448	0.383903353697165
-1.79827400712943	0.382942964938875
-1.79827400712943	0.382942964938875
1.95791760701363	0.441280139896969
-1.79835097978106	0.382953978270685
-1.79827400712943	0.382942964938875
-2.5814875372856	0.665060440379843
-1.80197754639448	0.383903353697165
-1.79827400712943	0.382942964938875
-3.08209765998152	0.963916510480773
-1.79827400712943	0.382942964938875
-1.79835097978106	0.382953978270685
-1.79827400712943	0.382942964938875
-1.79835097978106	0.382953978270685
-1.79827400712943	0.382942964938875
-1.79827400712943	0.382942964938875
-1.79827400712943	0.382942964938875
-1.79835097978106	0.382953978270685
-1.80197754639448	0.383903353697165
-1.79835097978106	0.382953978270685
-1.79827400712943	0.382942964938875
-1.79835097978106	0.382953978270685
-1.79835097978106	0.382953978270685
-1.79835097978106	0.382953978270685
-1.79835097978106	0.382953978270685
-1.79835097978106	0.382953978270685
-1.80197754639448	0.383903353697165
-1.79835097978106	0.382953978270685
-1.79835097978106	0.382953978270685
-1.79835097978106	0.382953978270685
-1.79835097978106	0.382953978270685
-1.79827400712943	0.382942964938875
-1.79827400712943	0.382942964938875
-3.08118534013847	0.963229045953577
0.153526628680235	0.0288819285189665
-0.629636196854164	0.153977935518255
-2.577202278156	0.663064687208724
-2.577202278156	0.663064687208724
-1.79835097978106	0.382953978270685
-1.79835097978106	0.382953978270685
1.96040941896093	0.441936123238363
-2.57775304544287	0.66318910114962
-1.79835097978106	0.382953978270685
-1.79835097978106	0.382953978270685
-1.79835097978106	0.382953978270685
-2.57747759965585	0.66335545132302
-2.57747759965585	0.66335545132302
-2.57775304544287	0.66318910114962
-1.79835097978106	0.382953978270685
-1.13521969998424	0.343544374381215
-1.79827400712943	0.382942964938875
-1.79827400712943	0.382942964938875
-2.57775304544287	0.66318910114962
0.153247518839476	0.0288421886814327
-2.57747759965585	0.66335545132302
-1.79827400712943	0.382942964938875
-1.79827400712943	0.382942964938875
-1.79827400712943	0.382942964938875
-1.79827400712943	0.382942964938875
-1.79835097978106	0.382953978270685
-1.79835097978106	0.382953978270685
-3.08209765998152	0.963916510480773
-2.57747759965585	0.66335545132302
-1.79827400712943	0.382942964938875
-1.79827400712943	0.382942964938875
-1.79827400712943	0.382942964938875
-1.79835097978106	0.382953978270685
-2.57747759965585	0.66335545132302
-1.79827400712943	0.382942964938875
-1.79835097978106	0.382953978270685
-1.80197754639448	0.383903353697165
-1.79835097978106	0.382953978270685
-1.80197754639448	0.383903353697165
-1.79835097978106	0.382953978270685
-1.79835097978106	0.382953978270685
-1.13422470394875	0.343215945535417
-1.79827400712943	0.382942964938875
-1.79835097978106	0.382953978270685
-1.79827400712943	0.382942964938875
-1.79827400712943	0.382942964938875
1.95791760701363	0.441280139896969
1.95706969381346	0.441073865263096
-1.79827400712943	0.382942964938875
-1.79835097978106	0.382953978270685
-1.80197754639448	0.383903353697165
-1.79827400712943	0.382942964938875
0.152289864541204	0.0287035071443224
-1.79835097978106	0.382953978270685
-1.79835097978106	0.382953978270685
-1.79835097978106	0.382953978270685
-1.80197754639448	0.383903353697165
0.152567656731362	0.0287430408348264
-1.79835097978106	0.382953978270685
-1.80197754639448	0.383903353697165
-1.79835097978106	0.382953978270685
-1.79835097978106	0.382953978270685
-1.79835097978106	0.382953978270685
-1.79835097978106	0.382953978270685
-0.628347365301396	0.153568930486371
-0.632939126134277	0.15468454480873
0.94807088907188	0.251931335472786
-0.62503342749082	0.152907838403333
-0.629267545839357	0.153771215183604
-1.79827400712943	0.382942964938875
-1.79835097978106	0.382953978270685
-2.57747759965585	0.66335545132302
-2.57747759965585	0.66335545132302
-1.79835097978106	0.382953978270685
-1.79835097978106	0.382953978270685
-1.79827400712943	0.382942964938875
-1.79827400712943	0.382942964938875
-2.57775304544287	0.66318910114962
-2.577202278156	0.663064687208724
0.152289864541204	0.0287035071443224
0.152289864541204	0.0287035071443224
-1.79835097978106	0.382953978270685
-3.08652986879455	0.965774290031657
-1.79827400712943	0.382942964938875
-1.79835097978106	0.382953978270685
-1.80197754639448	0.383903353697165
-1.79835097978106	0.382953978270685
-1.79835097978106	0.382953978270685
-1.79835097978106	0.382953978270685
-1.79835097978106	0.382953978270685
-2.57775304544287	0.66318910114962
-2.57775304544287	0.66318910114962
-1.79827400712943	0.382942964938875
-1.79835097978106	0.382953978270685
-1.79827400712943	0.382942964938875
1.96040941896093	0.441936123238363
-2.57775304544287	0.66318910114962
-1.79835097978106	0.382953978270685
-1.79835097978106	0.382953978270685
-2.57775304544287	0.66318910114962
0.152289864541204	0.0287035071443224
-1.80197754639448	0.383903353697165
-1.79827400712943	0.382942964938875
-1.79827400712943	0.382942964938875
-1.79827400712943	0.382942964938875
-2.57747759965585	0.66335545132302
-1.79835097978106	0.382953978270685
-1.79827400712943	0.382942964938875
-1.79835097978106	0.382953978270685
-1.79835097978106	0.382953978270685
-0.62503342749082	0.152907838403333
-1.79835097978106	0.382953978270685
-2.57747759965585	0.66335545132302
-1.79827400712943	0.382942964938875
-2.57775304544287	0.66318910114962
-1.79835097978106	0.382953978270685
-1.79827400712943	0.382942964938875
-1.79835097978106	0.382953978270685
-1.79835097978106	0.382953978270685
-1.79827400712943	0.382942964938875
-1.79835097978106	0.382953978270685
-1.79827400712943	0.382942964938875
-3.09005031168239	0.967298189535081
0.674406994924976	0.214010177433492
-3.08164138813046	0.963767470359232
-0.627367542213354	0.153354696036073
-0.627829060935039	0.153504607197422
-0.720404519989633	0.247290988830991
-1.79835097978106	0.382953978270685
0.166691919569473	0.0419536988970269
-1.79835097978106	0.382953978270685
-1.79827400712943	0.382942964938875
0.153526628680235	0.0288819285189665
0.149464413960118	0.0283283450696208
-2.57747759965585	0.66335545132302
-1.79827400712943	0.382942964938875
-1.79835097978106	0.382953978270685
-1.79835097978106	0.382953978270685
0.152567656731362	0.0287430408348264
-2.577202278156	0.663064687208724
-1.79835097978106	0.382953978270685
-1.80197754639448	0.383903353697165
-1.80197754639448	0.383903353697165
0.152289864541204	0.0287035071443224
-1.80197754639448	0.383903353697165
-1.80197754639448	0.383903353697165
-1.79835097978106	0.382953978270685
-1.79835097978106	0.382953978270685
0.155986207086685	0.0292416787556187
-1.80197754639448	0.383903353697165
-1.80197754639448	0.383903353697165
-1.79835097978106	0.382953978270685
-1.79827400712943	0.382942964938875
-1.79827400712943	0.382942964938875
-2.57747759965585	0.66335545132302
-1.79827400712943	0.382942964938875
1.95791760701363	0.441280139896969
-1.79827400712943	0.382942964938875
-2.58120409692147	0.664991486920107
-2.577202278156	0.663064687208724
-1.80197754639448	0.383903353697165
-1.79835097978106	0.382953978270685
-1.79827400712943	0.382942964938875
-1.79827400712943	0.382942964938875
-1.79835097978106	0.382953978270685
-1.79827400712943	0.382942964938875
-1.79827400712943	0.382942964938875
-1.79835097978106	0.382953978270685
-1.79835097978106	0.382953978270685
-1.79827400712943	0.382942964938875
-1.79835097978106	0.382953978270685
-1.80197754639448	0.383903353697165
-1.79827400712943	0.382942964938875
-0.627367542213354	0.153354696036073
-3.08164138813046	0.963767470359232
-1.79827400712943	0.382942964938875
-2.57775304544287	0.66318910114962
0.152567656731362	0.0287430408348264
-1.79827400712943	0.382942964938875
-1.79835097978106	0.382953978270685
-1.79835097978106	0.382953978270685
-1.79827400712943	0.382942964938875
-2.57747759965585	0.66335545132302
-1.79835097978106	0.382953978270685
-1.79835097978106	0.382953978270685
-1.79835097978106	0.382953978270685
-1.79827400712943	0.382942964938875
-1.79835097978106	0.382953978270685
-1.79835097978106	0.382953978270685
-1.79835097978106	0.382953978270685
-1.79835097978106	0.382953978270685
-1.80197754639448	0.383903353697165
-2.57747759965585	0.66335545132302
-1.79835097978106	0.382953978270685
-1.79827400712943	0.382942964938875
-1.80197754639448	0.383903353697165
-1.79835097978106	0.382953978270685
-1.80197754639448	0.383903353697165
-1.79827400712943	0.382942964938875
0.165097545701885	0.0415776969264477
-1.79827400712943	0.382942964938875
-1.79835097978106	0.382953978270685
-1.80197754639448	0.383903353697165
-1.79835097978106	0.382953978270685
-1.79835097978106	0.382953978270685
-1.79827400712943	0.382942964938875
-1.79835097978106	0.382953978270685
-1.79835097978106	0.382953978270685
-1.79827400712943	0.382942964938875
-1.80197754639448	0.383903353697165
-1.79827400712943	0.382942964938875
-2.57775304544287	0.66318910114962
-1.79827400712943	0.382942964938875
-2.577202278156	0.663064687208724
-1.79835097978106	0.382953978270685
-1.79835097978106	0.382953978270685
-1.79835097978106	0.382953978270685
-1.79827400712943	0.382942964938875
-1.79835097978106	0.382953978270685
-1.79827400712943	0.382942964938875
-2.577202278156	0.663064687208724
-1.79835097978106	0.382953978270685
-2.57747759965585	0.66335545132302
-1.79835097978106	0.382953978270685
-1.79827400712943	0.382942964938875
1.95791760701363	0.441280139896969
-3.08118534013847	0.963229045953577
1.95706969381346	0.441073865263096
-0.628807341949763	0.15371861128279
-1.79835097978106	0.382953978270685
-1.79827400712943	0.382942964938875
-1.79835097978106	0.382953978270685
-2.57747759965585	0.66335545132302
-2.57747759965585	0.66335545132302
-2.577202278156	0.663064687208724
0.152567656731362	0.0287430408348264
-2.577202278156	0.663064687208724
-0.633409029549556	0.154789771896201
-1.79835097978106	0.382953978270685
-1.79827400712943	0.382942964938875
-1.79835097978106	0.382953978270685
-1.79827400712943	0.382942964938875
-1.79827400712943	0.382942964938875
-1.79835097978106	0.382953978270685
-1.79835097978106	0.382953978270685
0.149464413960118	0.0283283450696208
0.152567656731362	0.0287430408348264
-1.79835097978106	0.382953978270685
-1.79827400712943	0.382942964938875
-2.577202278156	0.663064687208724
-2.57775304544287	0.66318910114962
-1.13461598703551	0.343230613786831
-0.627367542213354	0.153354696036073
-2.57775304544287	0.66318910114962
-1.79827400712943	0.382942964938875
1.95791760701363	0.441280139896969
-1.79835097978106	0.382953978270685
-1.80197754639448	0.383903353697165
-2.57747759965585	0.66335545132302
-3.08652986879455	0.965774290031657
-1.79835097978106	0.382953978270685
-1.79827400712943	0.382942964938875
-1.79835097978106	0.382953978270685
-1.79827400712943	0.382942964938875
-1.79835097978106	0.382953978270685
-1.79827400712943	0.382942964938875
-1.79835097978106	0.382953978270685
-1.79827400712943	0.382942964938875
-1.79827400712943	0.382942964938875
-1.79835097978106	0.382953978270685
0.153247518839476	0.0288421886814327
-1.79827400712943	0.382942964938875
-1.79827400712943	0.382942964938875
-2.577202278156	0.663064687208724
-1.79827400712943	0.382942964938875
-1.79835097978106	0.382953978270685
1.95791760701363	0.441280139896969
-1.79827400712943	0.382942964938875
-0.628807341949763	0.15371861128279
0.153526628680235	0.0288819285189665
-3.08652986879455	0.965774290031657
-1.79827400712943	0.382942964938875
-1.79827400712943	0.382942964938875
-1.80197754639448	0.383903353697165
-1.79835097978106	0.382953978270685
-1.79835097978106	0.382953978270685
-2.57747759965585	0.66335545132302
-1.79827400712943	0.382942964938875
-1.79827400712943	0.382942964938875
0.152289864541204	0.0287035071443224
-1.79827400712943	0.382942964938875
-1.79835097978106	0.382953978270685
-1.79835097978106	0.382953978270685
-1.80197754639448	0.383903353697165
-1.79827400712943	0.382942964938875
-2.57775304544287	0.66318910114962
-1.79827400712943	0.382942964938875
-3.08209765998152	0.963916510480773
1.95706969381346	0.441073865263096
1.95706969381346	0.441073865263096
-0.627367542213354	0.153354696036073
-1.79835097978106	0.382953978270685
-2.57747759965585	0.66335545132302
-1.79827400712943	0.382942964938875
-2.57775304544287	0.66318910114962
-1.79835097978106	0.382953978270685
-0.62503342749082	0.152907838403333
-1.79827400712943	0.382942964938875
-1.79835097978106	0.382953978270685
-2.57775304544287	0.66318910114962
-1.79827400712943	0.382942964938875
-1.79835097978106	0.382953978270685
-1.79827400712943	0.382942964938875
-1.80197754639448	0.383903353697165
-1.79827400712943	0.382942964938875
0.148503149870495	0.0281892610504199
0.152567656731362	0.0287430408348264
-2.57747759965585	0.66335545132302
0.153247518839476	0.0288421886814327
0.153247518839476	0.0288421886814327
-1.79827400712943	0.382942964938875
-1.80197754639448	0.383903353697165
-1.79835097978106	0.382953978270685
0.153247518839476	0.0288421886814327
-1.79827400712943	0.382942964938875
0.170597157616308	0.0428000407476464
-1.79827400712943	0.382942964938875
0.152289864541204	0.0287035071443224
-1.79835097978106	0.382953978270685
-1.79835097978106	0.382953978270685
-1.79835097978106	0.382953978270685
-1.80197754639448	0.383903353697165
-1.80197754639448	0.383903353697165
0.153526628680235	0.0288819285189665
-1.79835097978106	0.382953978270685
-2.577202278156	0.663064687208724
-1.79835097978106	0.382953978270685
-1.79827400712943	0.382942964938875
1.95706969381346	0.441073865263096
-3.08164138813046	0.963767470359232
-2.57775304544287	0.66318910114962
-1.79827400712943	0.382942964938875
-2.5814875372856	0.665060440379843
-1.79835097978106	0.382953978270685
-1.79827400712943	0.382942964938875
0.152289864541204	0.0287035071443224
-1.79835097978106	0.382953978270685
-1.79827400712943	0.382942964938875
-1.79835097978106	0.382953978270685
-2.577202278156	0.663064687208724
-1.80197754639448	0.383903353697165
-1.79835097978106	0.382953978270685
-1.79827400712943	0.382942964938875
0.152567656731362	0.0287430408348264
-1.79827400712943	0.382942964938875
-1.79827400712943	0.382942964938875
-1.79827400712943	0.382942964938875
-1.79827400712943	0.382942964938875
0.15626975600377	0.0292821097759299
-1.79835097978106	0.382953978270685
-1.79827400712943	0.382942964938875
-1.79835097978106	0.382953978270685
-1.80197754639448	0.383903353697165
-2.577202278156	0.663064687208724
-1.79827400712943	0.382942964938875
-2.577202278156	0.663064687208724
-0.347480099168433	0.0999933239977275
-1.80197754639448	0.383903353697165
-2.577202278156	0.663064687208724
-1.13422470394875	0.343215945535417
-2.57747759965585	0.66335545132302
-0.631960666018702	0.15447017218279
-1.79835097978106	0.382953978270685
-0.629267545839357	0.153771215183604
-0.624566751454544	0.152757086863399
-1.79827400712943	0.382942964938875
-2.58120409692147	0.664991486920107
-1.79835097978106	0.382953978270685
-1.79835097978106	0.382953978270685
-2.5814875372856	0.665060440379843
-1.79827400712943	0.382942964938875
-1.79827400712943	0.382942964938875
-1.79835097978106	0.382953978270685
0.15626975600377	0.0292821097759299
-1.79835097978106	0.382953978270685
-0.342569521377039	0.0986187132378211
-2.57747759965585	0.66335545132302
-1.79827400712943	0.382942964938875
-1.79835097978106	0.382953978270685
-1.79827400712943	0.382942964938875
-1.79835097978106	0.382953978270685
-1.79835097978106	0.382953978270685
-0.628347365301396	0.153568930486371
-1.80197754639448	0.383903353697165
-1.79835097978106	0.382953978270685
-2.57747759965585	0.66335545132302
-1.79827400712943	0.382942964938875
-1.79827400712943	0.382942964938875
0.152567656731362	0.0287430408348264
-2.577202278156	0.663064687208724
-1.79835097978106	0.382953978270685
-1.79827400712943	0.382942964938875
-3.08164138813046	0.963767470359232
-1.79827400712943	0.382942964938875
-1.79835097978106	0.382953978270685
-1.79835097978106	0.382953978270685
-1.80197754639448	0.383903353697165
-1.79827400712943	0.382942964938875
-1.79827400712943	0.382942964938875
-1.79827400712943	0.382942964938875
-1.79827400712943	0.382942964938875
-2.577202278156	0.663064687208724
-0.628807341949763	0.15371861128279
-1.79827400712943	0.382942964938875
-1.79827400712943	0.382942964938875
-1.79827400712943	0.382942964938875
-1.79835097978106	0.382953978270685
-1.79827400712943	0.382942964938875
-1.79835097978106	0.382953978270685
-1.79827400712943	0.382942964938875
-2.57747759965585	0.66335545132302
0.155986207086685	0.0292416787556187
-0.627367542213354	0.153354696036073
-2.57775304544287	0.66318910114962
-2.57775304544287	0.66318910114962
-1.79835097978106	0.382953978270685
-0.6282908079904	0.153557595992093
-0.625500335572602	0.152962089117453
-1.79827400712943	0.382942964938875
-2.57747759965585	0.66335545132302
-2.577202278156	0.663064687208724
-1.79827400712943	0.382942964938875
-0.344210615318698	0.0990368506115311
-0.62503342749082	0.152907838403333
-0.624566751454544	0.152757086863399
-1.79835097978106	0.382953978270685
0.153526628680235	0.0288819285189665
-1.79835097978106	0.382953978270685
-0.631960666018702	0.15447017218279
-1.79835097978106	0.382953978270685
3.26152925911013	1.12000457960558
-1.79835097978106	0.382953978270685
-0.627829060935039	0.153504607197422
0.153247518839476	0.0288421886814327
-0.629636196854164	0.153977935518255
-1.79827400712943	0.382942964938875
-1.79835097978106	0.382953978270685
-1.79835097978106	0.382953978270685
-1.79835097978106	0.382953978270685
-1.79827400712943	0.382942964938875
0.951331866170054	0.252756684317784
-2.57747759965585	0.66335545132302
-1.79835097978106	0.382953978270685
-1.79827400712943	0.382942964938875
-1.79827400712943	0.382942964938875
-1.79835097978106	0.382953978270685
0.153526628680235	0.0288819285189665
-1.79835097978106	0.382953978270685
-1.79827400712943	0.382942964938875
0.155986207086685	0.0292416787556187
-1.80197754639448	0.383903353697165
-1.79827400712943	0.382942964938875
0.152567656731362	0.0287430408348264
-1.79835097978106	0.382953978270685
0.153247518839476	0.0288421886814327
-1.79835097978106	0.382953978270685
-1.79835097978106	0.382953978270685
-1.79835097978106	0.382953978270685
-1.79835097978106	0.382953978270685
-1.80197754639448	0.383903353697165
-1.79835097978106	0.382953978270685
-2.577202278156	0.663064687208724
-1.80197754639448	0.383903353697165
-1.79835097978106	0.382953978270685
-1.79835097978106	0.382953978270685
1.95706969381346	0.441073865263096
-1.79835097978106	0.382953978270685
-1.80197754639448	0.383903353697165
-1.79827400712943	0.382942964938875
1.95706969381346	0.441073865263096
-1.79835097978106	0.382953978270685
-1.79835097978106	0.382953978270685
-1.79827400712943	0.382942964938875
-1.79835097978106	0.382953978270685
-1.79827400712943	0.382942964938875
-1.79827400712943	0.382942964938875
-1.79835097978106	0.382953978270685
-1.79835097978106	0.382953978270685
-1.79827400712943	0.382942964938875
-1.79827400712943	0.382942964938875
3.26352329858721	1.1213740078214
-1.79827400712943	0.382942964938875
-1.79827400712943	0.382942964938875
1.95706969381346	0.441073865263096
-1.79835097978106	0.382953978270685
-2.57747759965585	0.66335545132302
-1.13582369620544	0.343734699942405
-1.13582369620544	0.343734699942405
-1.5126542472202	0.539316353407404
-1.79835097978106	0.382953978270685
-1.79835097978106	0.382953978270685
-1.79827400712943	0.382942964938875
-1.80197754639448	0.383903353697165
-1.79835097978106	0.382953978270685
-1.79827400712943	0.382942964938875
-0.628807341949763	0.15371861128279
-2.57775304544287	0.66318910114962
0.160803134128977	0.0406203249121647
-0.628347365301396	0.153568930486371
-2.577202278156	0.663064687208724
0.167299398578488	0.0420768316112512
-1.13849388307931	0.344614401149477
-1.79827400712943	0.382942964938875
0.152567656731362	0.0287430408348264
1.95791760701363	0.441280139896969
1.95706969381346	0.441073865263096
-1.79827400712943	0.382942964938875
0.152289864541204	0.0287035071443224
-1.79827400712943	0.382942964938875
-0.629636196854164	0.153977935518255
-2.57747759965585	0.66335545132302
-1.79835097978106	0.382953978270685
-2.577202278156	0.663064687208724
-1.79827400712943	0.382942964938875
-0.627829060935039	0.153504607197422
-2.58120409692147	0.664991486920107
-0.628807341949763	0.15371861128279
-1.79835097978106	0.382953978270685
0.153247518839476	0.0288421886814327
-1.79827400712943	0.382942964938875
-1.80197754639448	0.383903353697165
-1.80197754639448	0.383903353697165
0.152567656731362	0.0287430408348264
1.95791760701363	0.441280139896969
-3.45538437102149	1.2298802093729
-1.79835097978106	0.382953978270685
-3.46066411507937	1.23287376992561
-1.79827400712943	0.382942964938875
0.943931183072951	0.250903413595175
-0.719862779167192	0.247072455212921
-1.79835097978106	0.382953978270685
-1.79835097978106	0.382953978270685
-1.79835097978106	0.382953978270685
-1.79827400712943	0.382942964938875
0.152207512413174	0.0287281007494042
-1.79835097978106	0.382953978270685
-1.80197754639448	0.383903353697165
-0.6282908079904	0.153557595992093
1.95706969381346	0.441073865263096
-1.79827400712943	0.382942964938875
-1.79827400712943	0.382942964938875
-1.79827400712943	0.382942964938875
-1.79835097978106	0.382953978270685
-1.79835097978106	0.382953978270685
-1.79827400712943	0.382942964938875
-1.79835097978106	0.382953978270685
-1.80197754639448	0.383903353697165
-1.79827400712943	0.382942964938875
-1.79835097978106	0.382953978270685
-2.5814875372856	0.665060440379843
-1.79827400712943	0.382942964938875
-1.79827400712943	0.382942964938875
1.95706969381346	0.441073865263096
-1.79827400712943	0.382942964938875
-1.79827400712943	0.382942964938875
-1.79827400712943	0.382942964938875
0.153526628680235	0.0288819285189665
-1.79835097978106	0.382953978270685
-1.79827400712943	0.382942964938875
-1.79827400712943	0.382942964938875
-1.79827400712943	0.382942964938875
-1.80197754639448	0.383903353697165
-1.80197754639448	0.383903353697165
0.153526628680235	0.0288819285189665
-1.79835097978106	0.382953978270685
1.95706969381346	0.441073865263096
-1.79827400712943	0.382942964938875
-2.57775304544287	0.66318910114962
-1.79835097978106	0.382953978270685
-1.79827400712943	0.382942964938875
-1.79827400712943	0.382942964938875
-1.79835097978106	0.382953978270685
-1.80197754639448	0.383903353697165
-2.577202278156	0.663064687208724
-1.79827400712943	0.382942964938875
-1.79827400712943	0.382942964938875
-1.79835097978106	0.382953978270685
-1.79835097978106	0.382953978270685
-3.08164138813046	0.963767470359232
-1.79835097978106	0.382953978270685
-0.627829060935039	0.153504607197422
-1.79835097978106	0.382953978270685
-1.79835097978106	0.382953978270685
-1.79835097978106	0.382953978270685
-1.79827400712943	0.382942964938875
-1.79835097978106	0.382953978270685
-1.79827400712943	0.382942964938875
-1.79827400712943	0.382942964938875
-1.79827400712943	0.382942964938875
-1.80197754639448	0.383903353697165
-1.79835097978106	0.382953978270685
-1.80197754639448	0.383903353697165
-1.79835097978106	0.382953978270685
-1.79835097978106	0.382953978270685
-1.79827400712943	0.382942964938875
-1.79827400712943	0.382942964938875
-1.79827400712943	0.382942964938875
-2.577202278156	0.663064687208724
1.95706969381346	0.441073865263096
-1.79835097978106	0.382953978270685
-1.79835097978106	0.382953978270685
-1.79827400712943	0.382942964938875
-1.79827400712943	0.382942964938875
-1.13582369620544	0.343734699942405
-1.79827400712943	0.382942964938875
-1.79835097978106	0.382953978270685
-1.79827400712943	0.382942964938875
-1.79835097978106	0.382953978270685
-1.79835097978106	0.382953978270685
-2.58120409692147	0.664991486920107
-2.5814875372856	0.665060440379843
-1.79835097978106	0.382953978270685
-1.80197754639448	0.383903353697165
-1.80197754639448	0.383903353697165
-2.577202278156	0.663064687208724
-0.628807341949763	0.15371861128279
-1.82378468046076	0.744291912513803
1.45377869768284	0.481973964249078
-1.79835097978106	0.382953978270685
-0.628807341949763	0.15371861128279
-1.79835097978106	0.382953978270685
1.95706969381346	0.441073865263096
-1.79835097978106	0.382953978270685
-2.577202278156	0.663064687208724
-0.629267545839357	0.153771215183604
-1.79827400712943	0.382942964938875
-1.13482941234436	0.34340642829894
-1.79835097978106	0.382953978270685
-1.79835097978106	0.382953978270685
-1.79835097978106	0.382953978270685
-0.632939126134277	0.15468454480873
-2.57775304544287	0.66318910114962
1.95706969381346	0.441073865263096
-1.79835097978106	0.382953978270685
-1.79835097978106	0.382953978270685
-1.79835097978106	0.382953978270685
-1.79827400712943	0.382942964938875
-1.79827400712943	0.382942964938875
-1.80197754639448	0.383903353697165
-1.80197754639448	0.383903353697165
-2.57775304544287	0.66318910114962
-1.80197754639448	0.383903353697165
-1.80197754639448	0.383903353697165
-2.57775304544287	0.66318910114962
-2.57747759965585	0.66335545132302
-1.80197754639448	0.383903353697165
0.153247518839476	0.0288421886814327
-1.79827400712943	0.382942964938875
-1.79827400712943	0.382942964938875
-1.79835097978106	0.382953978270685
-1.79827400712943	0.382942964938875
-1.79835097978106	0.382953978270685
-1.80197754639448	0.383903353697165
-1.79835097978106	0.382953978270685
-1.79827400712943	0.382942964938875
-2.57747759965585	0.66335545132302
-1.80197754639448	0.383903353697165
-2.58120409692147	0.664991486920107
-1.79835097978106	0.382953978270685
-2.5814875372856	0.665060440379843
0.152567656731362	0.0287430408348264
-2.57747759965585	0.66335545132302
-1.79835097978106	0.382953978270685
1.95706969381346	0.441073865263096
1.95706969381346	0.441073865263096
-1.79827400712943	0.382942964938875
-1.79835097978106	0.382953978270685
-1.79835097978106	0.382953978270685
-1.79827400712943	0.382942964938875
-1.79835097978106	0.382953978270685
-1.79827400712943	0.382942964938875
-1.79827400712943	0.382942964938875
-1.79835097978106	0.382953978270685
-1.79835097978106	0.382953978270685
-1.79827400712943	0.382942964938875
-1.79827400712943	0.382942964938875
-1.79827400712943	0.382942964938875
-2.577202278156	0.663064687208724
-2.57775304544287	0.66318910114962
-2.57775304544287	0.66318910114962
-2.577202278156	0.663064687208724
-0.629267545839357	0.153771215183604
-2.577202278156	0.663064687208724
2.75722496636877	0.770257049482932
-1.80197754639448	0.383903353697165
-1.79835097978106	0.382953978270685
-0.631960666018702	0.15447017218279
-1.79835097978106	0.382953978270685
-1.79827400712943	0.382942964938875
-1.79835097978106	0.382953978270685
-1.79835097978106	0.382953978270685
-1.80197754639448	0.383903353697165
-1.79827400712943	0.382942964938875
0.152567656731362	0.0287430408348264
-1.79835097978106	0.382953978270685
-1.79835097978106	0.382953978270685
-1.79835097978106	0.382953978270685
-1.51508549869365	0.540440174431714
-1.79827400712943	0.382942964938875
-1.79835097978106	0.382953978270685
-1.79835097978106	0.382953978270685
-1.79827400712943	0.382942964938875
-1.79827400712943	0.382942964938875
-1.79827400712943	0.382942964938875
0.951331866170054	0.252756684317784
0.951331866170054	0.252756684317784
-0.627829060935039	0.153504607197422
0.153526628680235	0.0288819285189665
-1.13362027945245	0.342902172857624
-1.79835097978106	0.382953978270685
-1.79835097978106	0.382953978270685
-2.58120409692147	0.664991486920107
0.153247518839476	0.0288421886814327
-1.79827400712943	0.382942964938875
-1.79835097978106	0.382953978270685
-1.79835097978106	0.382953978270685
-1.79835097978106	0.382953978270685
-3.08209765998152	0.963916510480773
-1.80197754639448	0.383903353697165
-1.79827400712943	0.382942964938875
-2.57747759965585	0.66335545132302
-1.79835097978106	0.382953978270685
-1.79835097978106	0.382953978270685
-1.79827400712943	0.382942964938875
-1.79827400712943	0.382942964938875
-1.79835097978106	0.382953978270685
-1.79835097978106	0.382953978270685
-1.79827400712943	0.382942964938875
-1.79827400712943	0.382942964938875
-1.80197754639448	0.383903353697165
-1.79827400712943	0.382942964938875
-1.79835097978106	0.382953978270685
-1.79835097978106	0.382953978270685
-1.79835097978106	0.382953978270685
-1.79827400712943	0.382942964938875
-1.79835097978106	0.382953978270685
-1.79827400712943	0.382942964938875
-1.79835097978106	0.382953978270685
-1.79827400712943	0.382942964938875
-1.79835097978106	0.382953978270685
-1.79827400712943	0.382942964938875
-1.79827400712943	0.382942964938875
-1.79827400712943	0.382942964938875
-1.79835097978106	0.382953978270685
-1.79827400712943	0.382942964938875
1.95791760701363	0.441280139896969
-1.79835097978106	0.382953978270685
-2.57747759965585	0.66335545132302
-2.57747759965585	0.66335545132302
-3.08255415585823	0.963691003677911
0.152289864541204	0.0287035071443224
-1.79827400712943	0.382942964938875
-1.79835097978106	0.382953978270685
0.153247518839476	0.0288421886814327
-1.79835097978106	0.382953978270685
-1.79827400712943	0.382942964938875
-1.79835097978106	0.382953978270685
-1.79827400712943	0.382942964938875
0.152289864541204	0.0287035071443224
0.153526628680235	0.0288819285189665
-1.79827400712943	0.382942964938875
-1.79827400712943	0.382942964938875
-1.79827400712943	0.382942964938875
-2.57775304544287	0.66318910114962
-3.08164138813046	0.963767470359232
-0.633409029549556	0.154789771896201
0.948535538575274	0.252058145640786
-2.577202278156	0.663064687208724
-1.79835097978106	0.382953978270685
-1.79827400712943	0.382942964938875
-1.79827400712943	0.382942964938875
1.95791760701363	0.441280139896969
0.152567656731362	0.0287430408348264
-1.79835097978106	0.382953978270685
-1.79835097978106	0.382953978270685
-1.79835097978106	0.382953978270685
-1.79827400712943	0.382942964938875
-1.79827400712943	0.382942964938875
-1.80197754639448	0.383903353697165
-1.79827400712943	0.382942964938875
-1.80197754639448	0.383903353697165
-1.79835097978106	0.382953978270685
1.95706969381346	0.441073865263096
-1.79835097978106	0.382953978270685
-1.79835097978106	0.382953978270685
-1.79835097978106	0.382953978270685
-1.13190405565215	0.342469779892572
-1.79835097978106	0.382953978270685
-2.57747759965585	0.66335545132302
-1.79835097978106	0.382953978270685
-1.79827400712943	0.382942964938875
-1.79827400712943	0.382942964938875
-1.79835097978106	0.382953978270685
-1.79827400712943	0.382942964938875
-1.79827400712943	0.382942964938875
-1.79827400712943	0.382942964938875
-2.5814875372856	0.665060440379843
-1.79827400712943	0.382942964938875
-2.577202278156	0.663064687208724
-0.6282908079904	0.153557595992093
-1.79835097978106	0.382953978270685
-1.79827400712943	0.382942964938875
-1.79835097978106	0.382953978270685
-1.79827400712943	0.382942964938875
-1.79827400712943	0.382942964938875
0.152289864541204	0.0287035071443224
-1.79835097978106	0.382953978270685
-1.79835097978106	0.382953978270685
-1.79835097978106	0.382953978270685
0.15626975600377	0.0292821097759299
-2.577202278156	0.663064687208724
-1.79827400712943	0.382942964938875
-1.79835097978106	0.382953978270685
0.152289864541204	0.0287035071443224
-1.79827400712943	0.382942964938875
-1.79827400712943	0.382942964938875
1.96040941896093	0.441936123238363
-3.08209765998152	0.963916510480773
-1.79827400712943	0.382942964938875
-1.79827400712943	0.382942964938875
-2.5814875372856	0.665060440379843
-1.79827400712943	0.382942964938875
-2.577202278156	0.663064687208724
-1.79835097978106	0.382953978270685
0.152567656731362	0.0287430408348264
-1.79835097978106	0.382953978270685
0.153247518839476	0.0288421886814327
-2.57747759965585	0.66335545132302
-1.79835097978106	0.382953978270685
0.948535538575274	0.252058145640786
-1.79835097978106	0.382953978270685
0.152567656731362	0.0287430408348264
-1.79835097978106	0.382953978270685
-1.79827400712943	0.382942964938875
0.152567656731362	0.0287430408348264
2.75446121880292	0.769079402442662
-1.79835097978106	0.382953978270685
-1.79835097978106	0.382953978270685
-3.08164138813046	0.963767470359232
-2.57775304544287	0.66318910114962
-1.79835097978106	0.382953978270685
1.95706969381346	0.441073865263096
1.95791760701363	0.441280139896969
-1.79835097978106	0.382953978270685
-1.79835097978106	0.382953978270685
-1.79827400712943	0.382942964938875
-1.79827400712943	0.382942964938875
-1.80197754639448	0.383903353697165
-1.79835097978106	0.382953978270685
-1.79827400712943	0.382942964938875
-2.577202278156	0.663064687208724
-1.79835097978106	0.382953978270685
-1.79827400712943	0.382942964938875
0.153526628680235	0.0288819285189665
-1.79827400712943	0.382942964938875
-1.79827400712943	0.382942964938875
-1.79827400712943	0.382942964938875
-1.80197754639448	0.383903353697165
0.152567656731362	0.0287430408348264
0.149464413960118	0.0283283450696208
-1.79827400712943	0.382942964938875
-1.79835097978106	0.382953978270685
-1.79835097978106	0.382953978270685
-1.79835097978106	0.382953978270685
-1.79835097978106	0.382953978270685
-1.79835097978106	0.382953978270685
-1.79835097978106	0.382953978270685
-2.57775304544287	0.66318910114962
-1.79827400712943	0.382942964938875
-1.79835097978106	0.382953978270685
-1.79827400712943	0.382942964938875
-0.6282908079904	0.153557595992093
-1.79835097978106	0.382953978270685
-2.57747759965585	0.66335545132302
-2.577202278156	0.663064687208724
-1.79827400712943	0.382942964938875
-1.80197754639448	0.383903353697165
-1.79835097978106	0.382953978270685
-1.13482941234436	0.34340642829894
-1.79827400712943	0.382942964938875
-1.79835097978106	0.382953978270685
-0.627829060935039	0.153504607197422
-1.79827400712943	0.382942964938875
-0.62503342749082	0.152907838403333
-3.45598446335482	1.23025555319821
2.75446121880292	0.769079402442662
0.153526628680235	0.0288819285189665
-1.79827400712943	0.382942964938875
-0.627367542213354	0.153354696036073
-1.79827400712943	0.382942964938875
-1.79827400712943	0.382942964938875
-1.79827400712943	0.382942964938875
-1.79835097978106	0.382953978270685
-2.57747759965585	0.66335545132302
-1.79827400712943	0.382942964938875
-3.08164138813046	0.963767470359232
-0.728734578521494	0.250365282804838
-2.57775304544287	0.66318910114962
-3.08255415585823	0.963691003677911
-1.79835097978106	0.382953978270685
0.153526628680235	0.0288819285189665
-1.79835097978106	0.382953978270685
-1.79835097978106	0.382953978270685
-1.79827400712943	0.382942964938875
-2.57747759965585	0.66335545132302
-0.627367542213354	0.153354696036073
-1.79827400712943	0.382942964938875
0.155986207086685	0.0292416787556187
1.95706969381346	0.441073865263096
-1.79827400712943	0.382942964938875
-2.577202278156	0.663064687208724
-1.79827400712943	0.382942964938875
0.148503149870495	0.0281892610504199
3.26252567397545	1.12093560535381
-1.79827400712943	0.382942964938875
-1.79827400712943	0.382942964938875
-1.79827400712943	0.382942964938875
-1.79835097978106	0.382953978270685
-1.80197754639448	0.383903353697165
-1.79827400712943	0.382942964938875
0.94807088907188	0.251931335472786
-2.57775304544287	0.66318910114962
-1.79827400712943	0.382942964938875
-1.80197754639448	0.383903353697165
-1.79835097978106	0.382953978270685
-1.79827400712943	0.382942964938875
-1.79827400712943	0.382942964938875
-1.79835097978106	0.382953978270685
-1.79827400712943	0.382942964938875
-1.79827400712943	0.382942964938875
-1.79827400712943	0.382942964938875
0.153526628680235	0.0288819285189665
1.96040941896093	0.441936123238363
-1.79835097978106	0.382953978270685
-1.79827400712943	0.382942964938875
-1.79835097978106	0.382953978270685
-1.79827400712943	0.382942964938875
0.155986207086685	0.0292416787556187
-1.79835097978106	0.382953978270685
-1.79827400712943	0.382942964938875
-1.79827400712943	0.382942964938875
-3.08209765998152	0.963916510480773
-1.79827400712943	0.382942964938875
-1.79827400712943	0.382942964938875
-2.577202278156	0.663064687208724
-1.79827400712943	0.382942964938875
-1.79835097978106	0.382953978270685
-1.79827400712943	0.382942964938875
-1.79827400712943	0.382942964938875
-1.79827400712943	0.382942964938875
-1.79835097978106	0.382953978270685
-1.79827400712943	0.382942964938875
-0.629159511493121	0.153871316504896
-1.79827400712943	0.382942964938875
-1.79835097978106	0.382953978270685
-1.79827400712943	0.382942964938875
-3.08164138813046	0.963767470359232
-2.577202278156	0.663064687208724
-2.577202278156	0.663064687208724
-1.79827400712943	0.382942964938875
-1.79827400712943	0.382942964938875
-1.79835097978106	0.382953978270685
-1.80197754639448	0.383903353697165
-1.79827400712943	0.382942964938875
-1.79827400712943	0.382942964938875
-0.6282908079904	0.153557595992093
0.153526628680235	0.0288819285189665
-1.79827400712943	0.382942964938875
0.152289864541204	0.0287035071443224
-1.79827400712943	0.382942964938875
-1.79835097978106	0.382953978270685
-1.80197754639448	0.383903353697165
-1.79827400712943	0.382942964938875
-1.79835097978106	0.382953978270685
0.153526628680235	0.0288819285189665
-2.58120409692147	0.664991486920107
3.26540429808574	1.12204932755655
-1.79827400712943	0.382942964938875
-3.08164138813046	0.963767470359232
-1.79835097978106	0.382953978270685
-2.57747759965585	0.66335545132302
-1.79827400712943	0.382942964938875
-2.577202278156	0.663064687208724
-1.80197754639448	0.383903353697165
-1.79835097978106	0.382953978270685
-1.79835097978106	0.382953978270685
-1.79827400712943	0.382942964938875
-1.79827400712943	0.382942964938875
-2.5814875372856	0.665060440379843
-1.79827400712943	0.382942964938875
-1.79835097978106	0.382953978270685
-1.79827400712943	0.382942964938875
-1.79835097978106	0.382953978270685
-1.79835097978106	0.382953978270685
-1.79835097978106	0.382953978270685
-1.79835097978106	0.382953978270685
-1.79827400712943	0.382942964938875
-1.79827400712943	0.382942964938875
-1.79835097978106	0.382953978270685
-1.79835097978106	0.382953978270685
-1.79835097978106	0.382953978270685
1.96040941896093	0.441936123238363
-1.79827400712943	0.382942964938875
-1.79835097978106	0.382953978270685
-1.79835097978106	0.382953978270685
-1.79835097978106	0.382953978270685
-2.57747759965585	0.66335545132302
-1.79827400712943	0.382942964938875
-1.79835097978106	0.382953978270685
-1.79835097978106	0.382953978270685
-1.79835097978106	0.382953978270685
-1.79827400712943	0.382942964938875
-1.79827400712943	0.382942964938875
-2.57747759965585	0.66335545132302
-1.79827400712943	0.382942964938875
0.152567656731362	0.0287430408348264
-2.5814875372856	0.665060440379843
-1.14009620739235	0.345227889980206
-1.79827400712943	0.382942964938875
-1.79827400712943	0.382942964938875
0.166311360817904	0.0418484681801843
-2.58120409692147	0.664991486920107
-1.79835097978106	0.382953978270685
-1.79827400712943	0.382942964938875
-2.57747759965585	0.66335545132302
0.152567656731362	0.0287430408348264
-1.79827400712943	0.382942964938875
-1.79835097978106	0.382953978270685
-1.79835097978106	0.382953978270685
-1.79835097978106	0.382953978270685
-0.628807341949763	0.15371861128279
0.152289864541204	0.0287035071443224
-1.79835097978106	0.382953978270685
-1.79835097978106	0.382953978270685
-1.79827400712943	0.382942964938875
-1.79827400712943	0.382942964938875
-2.57775304544287	0.66318910114962
-1.79827400712943	0.382942964938875
-1.79835097978106	0.382953978270685
-1.80197754639448	0.383903353697165
-1.51330481624892	0.539630991333106
-1.79827400712943	0.382942964938875
-2.5814875372856	0.665060440379843
-1.79827400712943	0.382942964938875
-1.79835097978106	0.382953978270685
-1.79827400712943	0.382942964938875
-1.79835097978106	0.382953978270685
-2.57775304544287	0.66318910114962
0.153526628680235	0.0288819285189665
-1.79827400712943	0.382942964938875
-1.79827400712943	0.382942964938875
0.155986207086685	0.0292416787556187
-0.631960666018702	0.15447017218279
-1.79835097978106	0.382953978270685
-1.80197754639448	0.383903353697165
-1.79835097978106	0.382953978270685
-1.79827400712943	0.382942964938875
-2.577202278156	0.663064687208724
-1.79827400712943	0.382942964938875
-1.79827400712943	0.382942964938875
-1.79835097978106	0.382953978270685
-1.79827400712943	0.382942964938875
1.95706969381346	0.441073865263096
-1.79827400712943	0.382942964938875
-1.79835097978106	0.382953978270685
-2.57747759965585	0.66335545132302
-1.79835097978106	0.382953978270685
-1.79827400712943	0.382942964938875
1.95706969381346	0.441073865263096
1.95791760701363	0.441280139896969
-1.80197754639448	0.383903353697165
-1.79827400712943	0.382942964938875
-1.80197754639448	0.383903353697165
-1.79835097978106	0.382953978270685
-2.57747759965585	0.66335545132302
-1.79827400712943	0.382942964938875
-1.79835097978106	0.382953978270685
-1.13521969998424	0.343544374381215
0.165704597093625	0.0417255219351786
-0.633409029549556	0.154789771896201
1.33681578405904	0.586406825513233
-1.13910410688242	0.344899734416028
-1.79835097978106	0.382953978270685
0.152567656731362	0.0287430408348264
-1.79827400712943	0.382942964938875
-2.57775304544287	0.66318910114962
-1.79835097978106	0.382953978270685
-1.79827400712943	0.382942964938875
-1.79827400712943	0.382942964938875
-0.627367542213354	0.153354696036073
-1.79835097978106	0.382953978270685
0.16061705718604	0.0616461052533966
-3.08255415585823	0.963691003677911
-1.79827400712943	0.382942964938875
-0.212983283899145	0.0687817460409594
-1.52246168976357	0.543554490442396
-3.08164138813046	0.963767470359232
-0.636595009299526	0.155524812409654
-0.342569521377039	0.0986187132378211
-0.343557529393447	0.098858556674811
-1.13521969998424	0.343544374381215
-1.80197754639448	0.383903353697165
-3.08209765998152	0.963916510480773
-1.79827400712943	0.382942964938875
-1.51494963266618	0.540305848955056
-1.79827400712943	0.382942964938875
0.149000621011265	0.0506837159679297
0.152289864541204	0.0287035071443224
-1.79827400712943	0.382942964938875
-1.79835097978106	0.382953978270685
-2.57747759965585	0.66335545132302
-1.13422470394875	0.343215945535417
-1.79827400712943	0.382942964938875
0.152567656731362	0.0287430408348264
-0.628807341949763	0.15371861128279
-1.80197754639448	0.383903353697165
-2.58120409692147	0.664991486920107
-1.79835097978106	0.382953978270685
-0.628807341949763	0.15371861128279
-3.08118534013847	0.963229045953577
-1.79827400712943	0.382942964938875
-1.80197754639448	0.383903353697165
-2.57747759965585	0.66335545132302
-1.79827400712943	0.382942964938875
-1.79827400712943	0.382942964938875
-0.719465582528739	0.247026553935257
-0.632939126134277	0.15468454480873
0.152567656731362	0.0287430408348264
-1.80197754639448	0.383903353697165
0.153247518839476	0.0288421886814327
-0.632432130022522	0.154575713959717
-1.79827400712943	0.382942964938875
-2.577202278156	0.663064687208724
-2.57747759965585	0.66335545132302
-1.79827400712943	0.382942964938875
-1.79827400712943	0.382942964938875
-1.82352196222375	0.744104973929954
-1.79835097978106	0.382953978270685
-1.79827400712943	0.382942964938875
-1.79827400712943	0.382942964938875
-3.4565848348623	1.23040818352441
-2.58120409692147	0.664991486920107
-1.79835097978106	0.382953978270685
-1.79835097978106	0.382953978270685
-1.79827400712943	0.382942964938875
-1.79827400712943	0.382942964938875
-1.79827400712943	0.382942964938875
-1.79827400712943	0.382942964938875
0.153247518839476	0.0288421886814327
-2.57747759965585	0.66335545132302
-1.79827400712943	0.382942964938875
0.153526628680235	0.0288819285189665
0.152567656731362	0.0287430408348264
-1.79827400712943	0.382942964938875
-2.577202278156	0.663064687208724
1.96040941896093	0.441936123238363
-1.79827400712943	0.382942964938875
-0.632432130022522	0.154575713959717
-1.79827400712943	0.382942964938875
-1.79827400712943	0.382942964938875
-1.79835097978106	0.382953978270685
-1.79835097978106	0.382953978270685
-1.79827400712943	0.382942964938875
-1.79835097978106	0.382953978270685
-1.79827400712943	0.382942964938875
-1.79835097978106	0.382953978270685
-1.79827400712943	0.382942964938875
0.153247518839476	0.0288421886814327
-1.79835097978106	0.382953978270685
1.95791760701363	0.441280139896969
-2.5814875372856	0.665060440379843
-1.79835097978106	0.382953978270685
-0.627829060935039	0.153504607197422
-0.633409029549556	0.154789771896201
-2.57775304544287	0.66318910114962
-1.79827400712943	0.382942964938875
-1.79827400712943	0.382942964938875
3.26152925911013	1.12000457960558
-1.79827400712943	0.382942964938875
-1.80197754639448	0.383903353697165
-1.79835097978106	0.382953978270685
-1.79835097978106	0.382953978270685
-1.79827400712943	0.382942964938875
-1.79827400712943	0.382942964938875
-1.79835097978106	0.382953978270685
-0.628807341949763	0.15371861128279
-1.79835097978106	0.382953978270685
-1.79827400712943	0.382942964938875
-1.79827400712943	0.382942964938875
-1.79835097978106	0.382953978270685
-2.57747759965585	0.66335545132302
-2.57747759965585	0.66335545132302
0.153247518839476	0.0288421886814327
0.152567656731362	0.0287430408348264
-1.79827400712943	0.382942964938875
-1.79835097978106	0.382953978270685
-2.58120409692147	0.664991486920107
-1.79827400712943	0.382942964938875
-1.79835097978106	0.382953978270685
-1.79835097978106	0.382953978270685
-1.79827400712943	0.382942964938875
-1.79827400712943	0.382942964938875
-1.79827400712943	0.382942964938875
-3.08606373064433	0.965887782759055
-1.79835097978106	0.382953978270685
-1.79827400712943	0.382942964938875
-1.79835097978106	0.382953978270685
-1.79827400712943	0.382942964938875
-1.79827400712943	0.382942964938875
-2.57747759965585	0.66335545132302
-1.79835097978106	0.382953978270685
-1.79827400712943	0.382942964938875
-1.79827400712943	0.382942964938875
-3.08118534013847	0.963229045953577
-1.80197754639448	0.383903353697165
-1.79827400712943	0.382942964938875
-1.79827400712943	0.382942964938875
0.948535538575274	0.252058145640786
-1.79835097978106	0.382953978270685
-1.80197754639448	0.383903353697165
-1.79827400712943	0.382942964938875
-1.79827400712943	0.382942964938875
-2.577202278156	0.663064687208724
-1.79835097978106	0.382953978270685
-2.57747759965585	0.66335545132302
0.153247518839476	0.0288421886814327
-1.80197754639448	0.383903353697165
-1.80197754639448	0.383903353697165
-1.79835097978106	0.382953978270685
-1.79835097978106	0.382953978270685
-1.79827400712943	0.382942964938875
-2.5814875372856	0.665060440379843
-2.577202278156	0.663064687208724
-1.79827400712943	0.382942964938875
-1.79835097978106	0.382953978270685
-1.79835097978106	0.382953978270685
-1.79827400712943	0.382942964938875
-2.57775304544287	0.66318910114962
-1.79827400712943	0.382942964938875
-1.79835097978106	0.382953978270685
-1.79835097978106	0.382953978270685
-1.79835097978106	0.382953978270685
-1.79835097978106	0.382953978270685
-1.80197754639448	0.383903353697165
-1.80197754639448	0.383903353697165
-0.632432130022522	0.154575713959717
-1.79827400712943	0.382942964938875
-1.79835097978106	0.382953978270685
-1.79835097978106	0.382953978270685
-1.79835097978106	0.382953978270685
-2.57747759965585	0.66335545132302
-1.79835097978106	0.382953978270685
-2.57747759965585	0.66335545132302
-1.79827400712943	0.382942964938875
-1.79835097978106	0.382953978270685
-1.79827400712943	0.382942964938875
-2.57747759965585	0.66335545132302
-1.79835097978106	0.382953978270685
1.95706969381346	0.441073865263096
-1.80197754639448	0.383903353697165
-1.79827400712943	0.382942964938875
-1.79835097978106	0.382953978270685
-2.577202278156	0.663064687208724
-1.79827400712943	0.382942964938875
-1.79835097978106	0.382953978270685
-1.79835097978106	0.382953978270685
-2.577202278156	0.663064687208724
-1.79827400712943	0.382942964938875
-1.79835097978106	0.382953978270685
-1.80197754639448	0.383903353697165
-1.79827400712943	0.382942964938875
-1.79827400712943	0.382942964938875
-1.79827400712943	0.382942964938875
-1.79827400712943	0.382942964938875
-1.80197754639448	0.383903353697165
-1.79835097978106	0.382953978270685
-2.577202278156	0.663064687208724
-1.79827400712943	0.382942964938875
-1.79835097978106	0.382953978270685
2.7554263517449	0.769222911089782
-1.80197754639448	0.383903353697165
0.153247518839476	0.0288421886814327
0.152289864541204	0.0287035071443224
-2.57747759965585	0.66335545132302
-1.79835097978106	0.382953978270685
-3.08652986879455	0.965774290031657
-1.79835097978106	0.382953978270685
-2.57747759965585	0.66335545132302
-1.79835097978106	0.382953978270685
-1.79827400712943	0.382942964938875
-1.79827400712943	0.382942964938875
-1.79827400712943	0.382942964938875
-1.79835097978106	0.382953978270685
-1.79827400712943	0.382942964938875
-1.79835097978106	0.382953978270685
-0.629636196854164	0.153977935518255
-1.79835097978106	0.382953978270685
-0.632432130022522	0.154575713959717
-1.79827400712943	0.382942964938875
1.95706969381346	0.441073865263096
-1.79835097978106	0.382953978270685
-1.79827400712943	0.382942964938875
-1.79835097978106	0.382953978270685
0.15626975600377	0.0292821097759299
-1.79827400712943	0.382942964938875
-1.79835097978106	0.382953978270685
-1.79827400712943	0.382942964938875
-1.79827400712943	0.382942964938875
1.95791760701363	0.441280139896969
-1.79835097978106	0.382953978270685
-1.79827400712943	0.382942964938875
-1.79827400712943	0.382942964938875
-1.79835097978106	0.382953978270685
-1.79835097978106	0.382953978270685
-1.79835097978106	0.382953978270685
-1.79827400712943	0.382942964938875
-1.79835097978106	0.382953978270685
1.46261822785671	0.485296318127314
-1.79835097978106	0.382953978270685
-1.79835097978106	0.382953978270685
-1.79827400712943	0.382942964938875
-1.79835097978106	0.382953978270685
-2.577202278156	0.663064687208724
-1.80197754639448	0.383903353697165
-1.79827400712943	0.382942964938875
-1.79827400712943	0.382942964938875
-1.79827400712943	0.382942964938875
-1.79835097978106	0.382953978270685
-1.79827400712943	0.382942964938875
0.153526628680235	0.0288819285189665
0.152289864541204	0.0287035071443224
-1.79827400712943	0.382942964938875
-0.627367542213354	0.153354696036073
-1.79827400712943	0.382942964938875
-1.79827400712943	0.382942964938875
-0.628807341949763	0.15371861128279
-1.79827400712943	0.382942964938875
-0.6282908079904	0.153557595992093
-2.57775304544287	0.66318910114962
-2.577202278156	0.663064687208724
-1.79835097978106	0.382953978270685
-1.79835097978106	0.382953978270685
-1.79835097978106	0.382953978270685
1.95706969381346	0.441073865263096
0.152567656731362	0.0287430408348264
-1.80197754639448	0.383903353697165
-1.79827400712943	0.382942964938875
-1.79827400712943	0.382942964938875
-1.79835097978106	0.382953978270685
0.153526628680235	0.0288819285189665
-1.79835097978106	0.382953978270685
-0.347154315531778	0.0998482429459119
0.155986207086685	0.0292416787556187
-1.79835097978106	0.382953978270685
-2.577202278156	0.663064687208724
-1.80197754639448	0.383903353697165
-0.628347365301396	0.153568930486371
-1.79835097978106	0.382953978270685
-3.4565848348623	1.23040818352441
-1.79827400712943	0.382942964938875
-1.79835097978106	0.382953978270685
-1.79827400712943	0.382942964938875
-1.79827400712943	0.382942964938875
-1.80197754639448	0.383903353697165
-1.79827400712943	0.382942964938875
-1.79827400712943	0.382942964938875
-1.79827400712943	0.382942964938875
-1.79827400712943	0.382942964938875
-1.79827400712943	0.382942964938875
-3.08209765998152	0.963916510480773
-1.79835097978106	0.382953978270685
-1.79827400712943	0.382942964938875
-1.79827400712943	0.382942964938875
-1.79827400712943	0.382942964938875
0.152207512413174	0.0287281007494042
-1.79835097978106	0.382953978270685
0.152567656731362	0.0287430408348264
-1.79827400712943	0.382942964938875
-1.79835097978106	0.382953978270685
-2.57747759965585	0.66335545132302
-1.79827400712943	0.382942964938875
-1.79827400712943	0.382942964938875
-1.79827400712943	0.382942964938875
-1.79827400712943	0.382942964938875
-1.79835097978106	0.382953978270685
-2.577202278156	0.663064687208724
-1.79827400712943	0.382942964938875
-1.79827400712943	0.382942964938875
-1.80197754639448	0.383903353697165
-1.80197754639448	0.383903353697165
-3.09005031168239	0.967298189535081
-1.79827400712943	0.382942964938875
-1.79827400712943	0.382942964938875
-1.79827400712943	0.382942964938875
-1.79827400712943	0.382942964938875
-1.79827400712943	0.382942964938875
-1.79827400712943	0.382942964938875
-1.79835097978106	0.382953978270685
0.152567656731362	0.0287430408348264
0.149464413960118	0.0283283450696208
0.166691919569473	0.0419536988970269
-2.57747759965585	0.66335545132302
-1.80197754639448	0.383903353697165
-1.80197754639448	0.383903353697165
-1.79835097978106	0.382953978270685
0.153247518839476	0.0288421886814327
-2.577202278156	0.663064687208724
-1.80197754639448	0.383903353697165
-1.79827400712943	0.382942964938875
-1.79827400712943	0.382942964938875
-1.79835097978106	0.382953978270685
-2.5814875372856	0.665060440379843
-1.79835097978106	0.382953978270685
-1.13482941234436	0.34340642829894
-0.633409029549556	0.154789771896201
-1.79835097978106	0.382953978270685
-3.08255415585823	0.963691003677911
-1.79835097978106	0.382953978270685
-2.577202278156	0.663064687208724
1.95706969381346	0.441073865263096
-1.79827400712943	0.382942964938875
-2.577202278156	0.663064687208724
-1.79827400712943	0.382942964938875
-2.57775304544287	0.66318910114962
-1.79827400712943	0.382942964938875
-1.79827400712943	0.382942964938875
-1.79835097978106	0.382953978270685
-1.80197754639448	0.383903353697165
0.15626975600377	0.0292821097759299
-0.625500335572602	0.152962089117453
-0.62503342749082	0.152907838403333
-1.79827400712943	0.382942964938875
-1.79835097978106	0.382953978270685
-1.79835097978106	0.382953978270685
-2.577202278156	0.663064687208724
-1.79835097978106	0.382953978270685
-1.79835097978106	0.382953978270685
-1.80197754639448	0.383903353697165
-1.79835097978106	0.382953978270685
-1.79835097978106	0.382953978270685
-1.79827400712943	0.382942964938875
0.148503149870495	0.0281892610504199
-1.79835097978106	0.382953978270685
-1.79835097978106	0.382953978270685
-1.79835097978106	0.382953978270685
-1.79827400712943	0.382942964938875
-1.79835097978106	0.382953978270685
-1.79835097978106	0.382953978270685
-2.57747759965585	0.66335545132302
-2.577202278156	0.663064687208724
-0.627367542213354	0.153354696036073
-0.628807341949763	0.15371861128279
1.95706969381346	0.441073865263096
-0.628347365301396	0.153568930486371
-2.57775304544287	0.66318910114962
-1.79835097978106	0.382953978270685
-1.79827400712943	0.382942964938875
-1.79827400712943	0.382942964938875
-2.57747759965585	0.66335545132302
-1.79827400712943	0.382942964938875
-1.79827400712943	0.382942964938875
-1.79827400712943	0.382942964938875
-2.577202278156	0.663064687208724
-1.79827400712943	0.382942964938875
-1.79835097978106	0.382953978270685
1.96040941896093	0.441936123238363
-3.08164138813046	0.963767470359232
1.95706969381346	0.441073865263096
-1.79835097978106	0.382953978270685
0.153247518839476	0.0288421886814327
0.152567656731362	0.0287430408348264
0.153526628680235	0.0288819285189665
-1.79835097978106	0.382953978270685
0.153247518839476	0.0288421886814327
0.153247518839476	0.0288421886814327
-1.79827400712943	0.382942964938875
0.153526628680235	0.0288819285189665
0.168287851014599	0.0422797449011708
-0.633409029549556	0.154789771896201
-1.79827400712943	0.382942964938875
-1.79827400712943	0.382942964938875
-0.628347365301396	0.153568930486371
0.153526628680235	0.0288819285189665
-1.79827400712943	0.382942964938875
-0.632432130022522	0.154575713959717
-0.627829060935039	0.153504607197422
-2.57747759965585	0.66335545132302
-1.80197754639448	0.383903353697165
-1.51330481624892	0.539630991333106
-1.79827400712943	0.382942964938875
-2.57747759965585	0.66335545132302
-2.57747759965585	0.66335545132302
-0.628347365301396	0.153568930486371
1.96040941896093	0.441936123238363
-2.577202278156	0.663064687208724
-1.79827400712943	0.382942964938875
-2.58120409692147	0.664991486920107
-1.79827400712943	0.382942964938875
-1.79827400712943	0.382942964938875
-0.629267545839357	0.153771215183604
-0.628807341949763	0.15371861128279
-1.79835097978106	0.382953978270685
-2.57747759965585	0.66335545132302
-1.80197754639448	0.383903353697165
-2.577202278156	0.663064687208724
-2.58120409692147	0.664991486920107
0.152567656731362	0.0287430408348264
0.152567656731362	0.0287430408348264
-1.79835097978106	0.382953978270685
-1.79827400712943	0.382942964938875
-0.632939126134277	0.15468454480873
-1.79835097978106	0.382953978270685
-1.79835097978106	0.382953978270685
-1.79827400712943	0.382942964938875
-1.79835097978106	0.382953978270685
-2.577202278156	0.663064687208724
-1.79835097978106	0.382953978270685
-1.79835097978106	0.382953978270685
-1.79835097978106	0.382953978270685
-2.57747759965585	0.66335545132302
-1.79827400712943	0.382942964938875
-1.79835097978106	0.382953978270685
-1.79835097978106	0.382953978270685
-2.57775304544287	0.66318910114962
-1.79835097978106	0.382953978270685
-1.79827400712943	0.382942964938875
-1.80197754639448	0.383903353697165
-1.79835097978106	0.382953978270685
-0.628807341949763	0.15371861128279
-1.79835097978106	0.382953978270685
-1.79827400712943	0.382942964938875
-0.6282908079904	0.153557595992093
-1.79827400712943	0.382942964938875
-1.79835097978106	0.382953978270685
-2.577202278156	0.663064687208724
-1.79835097978106	0.382953978270685
-3.08606373064433	0.965887782759055
-3.08209765998152	0.963916510480773
-3.08209765998152	0.963916510480773
-1.79827400712943	0.382942964938875
-2.57775304544287	0.66318910114962
-1.79827400712943	0.382942964938875
-1.79827400712943	0.382942964938875
-1.79827400712943	0.382942964938875
1.95706969381346	0.441073865263096
1.95791760701363	0.441280139896969
-1.79835097978106	0.382953978270685
-1.79835097978106	0.382953978270685
-1.79835097978106	0.382953978270685
-1.80197754639448	0.383903353697165
-2.5814875372856	0.665060440379843
-0.342569521377039	0.0986187132378211
-1.79827400712943	0.382942964938875
-1.79835097978106	0.382953978270685
0.153247518839476	0.0288421886814327
1.95706969381346	0.441073865263096
-3.08209765998152	0.963916510480773
-1.80197754639448	0.383903353697165
-2.58120409692147	0.664991486920107
-1.79827400712943	0.382942964938875
-1.79827400712943	0.382942964938875
0.153247518839476	0.0288421886814327
-1.79827400712943	0.382942964938875
-1.80197754639448	0.383903353697165
0.152567656731362	0.0287430408348264
-2.57747759965585	0.66335545132302
-1.79835097978106	0.382953978270685
-1.79827400712943	0.382942964938875
-2.58120409692147	0.664991486920107
-1.79827400712943	0.382942964938875
-1.79827400712943	0.382942964938875
-1.79835097978106	0.382953978270685
-1.79827400712943	0.382942964938875
-1.79835097978106	0.382953978270685
-2.57775304544287	0.66318910114962
-2.57775304544287	0.66318910114962
-1.79827400712943	0.382942964938875
-1.79835097978106	0.382953978270685
-1.79835097978106	0.382953978270685
-2.57775304544287	0.66318910114962
-1.80197754639448	0.383903353697165
-0.627829060935039	0.153504607197422
-1.79835097978106	0.382953978270685
-1.80197754639448	0.383903353697165
-1.79827400712943	0.382942964938875
-1.79827400712943	0.382942964938875
-1.79827400712943	0.382942964938875
-3.08255415585823	0.963691003677911
1.95706969381346	0.441073865263096
-1.79835097978106	0.382953978270685
-2.5814875372856	0.665060440379843
-1.79827400712943	0.382942964938875
-2.5814875372856	0.665060440379843
-1.80197754639448	0.383903353697165
-2.57775304544287	0.66318910114962
-1.79827400712943	0.382942964938875
-1.79835097978106	0.382953978270685
-1.79835097978106	0.382953978270685
-0.629267545839357	0.153771215183604
-2.57747759965585	0.66335545132302
-1.79827400712943	0.382942964938875
-1.79827400712943	0.382942964938875
-1.80197754639448	0.383903353697165
-2.57747759965585	0.66335545132302
-1.79835097978106	0.382953978270685
0.152289864541204	0.0287035071443224
-1.79827400712943	0.382942964938875
0.152289864541204	0.0287035071443224
-2.57747759965585	0.66335545132302
-1.79827400712943	0.382942964938875
-2.5814875372856	0.665060440379843
-1.79835097978106	0.382953978270685
-1.79835097978106	0.382953978270685
0.152567656731362	0.0287430408348264
-1.81367378419037	0.73893109819281
-1.79827400712943	0.382942964938875
-2.57775304544287	0.66318910114962
-1.13422470394875	0.343215945535417
-1.79827400712943	0.382942964938875
-1.13948670365002	0.344942610687521
0.153247518839476	0.0288421886814327
-0.629267545839357	0.153771215183604
-1.79835097978106	0.382953978270685
-1.79827400712943	0.382942964938875
-1.13362027945245	0.342902172857624
-1.80197754639448	0.383903353697165
1.95706969381346	0.441073865263096
0.148503149870495	0.0281892610504199
-0.628807341949763	0.15371861128279
-2.58120409692147	0.664991486920107
-2.57775304544287	0.66318910114962
-0.629267545839357	0.153771215183604
-2.57775304544287	0.66318910114962
-2.58120409692147	0.664991486920107
-0.627367542213354	0.153354696036073
-2.577202278156	0.663064687208724
-1.79835097978106	0.382953978270685
-0.633409029549556	0.154789771896201
-3.08164138813046	0.963767470359232
-1.79827400712943	0.382942964938875
-1.79835097978106	0.382953978270685
-3.08164138813046	0.963767470359232
0.153247518839476	0.0288421886814327
-1.79827400712943	0.382942964938875
-1.13482941234436	0.34340642829894
0.153247518839476	0.0288421886814327
0.152289864541204	0.0287035071443224
0.951841444348566	0.252891357699991
-1.79827400712943	0.382942964938875
-1.79827400712943	0.382942964938875
-1.79835097978106	0.382953978270685
-2.577202278156	0.663064687208724
-1.79835097978106	0.382953978270685
0.148503149870495	0.0281892610504199
-2.57747759965585	0.66335545132302
-0.628807341949763	0.15371861128279
-1.80197754639448	0.383903353697165
-1.79827400712943	0.382942964938875
-0.628347365301396	0.153568930486371
-1.79827400712943	0.382942964938875
0.152567656731362	0.0287430408348264
-1.80197754639448	0.383903353697165
0.152567656731362	0.0287430408348264
-1.79827400712943	0.382942964938875
-2.5814875372856	0.665060440379843
-2.57747759965585	0.66335545132302
-1.79827400712943	0.382942964938875
-1.79835097978106	0.382953978270685
-1.79827400712943	0.382942964938875
-2.57747759965585	0.66335545132302
-1.80197754639448	0.383903353697165
0.153247518839476	0.0288421886814327
-1.79835097978106	0.382953978270685
-1.79835097978106	0.382953978270685
-2.577202278156	0.663064687208724
-1.79827400712943	0.382942964938875
-2.577202278156	0.663064687208724
-1.79835097978106	0.382953978270685
1.95791760701363	0.441280139896969
-1.79827400712943	0.382942964938875
-1.79835097978106	0.382953978270685
-1.80197754639448	0.383903353697165
-1.79827400712943	0.382942964938875
-2.57747759965585	0.66335545132302
-1.79835097978106	0.382953978270685
-0.625500335572602	0.152962089117453
-2.57747759965585	0.66335545132302
-1.79827400712943	0.382942964938875
-1.80197754639448	0.383903353697165
-1.79835097978106	0.382953978270685
-1.79827400712943	0.382942964938875
-1.80197754639448	0.383903353697165
0.152567656731362	0.0287430408348264
-0.628347365301396	0.153568930486371
0.152567656731362	0.0287430408348264
-0.625500335572602	0.152962089117453
-1.79827400712943	0.382942964938875
-1.79835097978106	0.382953978270685
-2.577202278156	0.663064687208724
-3.45598446335482	1.23025555319821
-1.79835097978106	0.382953978270685
-1.79827400712943	0.382942964938875
-1.79835097978106	0.382953978270685
-1.13642797594247	0.343807560451606
0.152289864541204	0.0287035071443224
-1.79835097978106	0.382953978270685
-1.79835097978106	0.382953978270685
-1.79827400712943	0.382942964938875
-1.79835097978106	0.382953978270685
-1.79835097978106	0.382953978270685
-1.79835097978106	0.382953978270685
-1.79827400712943	0.382942964938875
-1.79827400712943	0.382942964938875
-0.632939126134277	0.15468454480873
1.95706969381346	0.441073865263096
-1.79827400712943	0.382942964938875
-2.58120409692147	0.664991486920107
-1.79835097978106	0.382953978270685
-1.79835097978106	0.382953978270685
-0.627367542213354	0.153354696036073
0.152289864541204	0.0287035071443224
0.152567656731362	0.0287430408348264
-1.79827400712943	0.382942964938875
1.96040941896093	0.441936123238363
-0.627829060935039	0.153504607197422
-1.79835097978106	0.382953978270685
-1.79827400712943	0.382942964938875
0.948535538575274	0.252058145640786
0.152567656731362	0.0287430408348264
-1.79827400712943	0.382942964938875
-1.79827400712943	0.382942964938875
-1.79835097978106	0.382953978270685
-1.79835097978106	0.382953978270685
-1.80197754639448	0.383903353697165
0.155986207086685	0.0292416787556187
2.75722496636877	0.770257049482932
1.95791760701363	0.441280139896969
-1.79827400712943	0.382942964938875
-1.79827400712943	0.382942964938875
-1.79835097978106	0.382953978270685
-1.80197754639448	0.383903353697165
1.96040941896093	0.441936123238363
-1.79835097978106	0.382953978270685
-3.08164138813046	0.963767470359232
-1.79835097978106	0.382953978270685
-1.79827400712943	0.382942964938875
-1.80197754639448	0.383903353697165
-1.79835097978106	0.382953978270685
-1.79827400712943	0.382942964938875
-1.79835097978106	0.382953978270685
-2.577202278156	0.663064687208724
-1.79827400712943	0.382942964938875
-1.79827400712943	0.382942964938875
-1.79827400712943	0.382942964938875
-1.79835097978106	0.382953978270685
-1.79827400712943	0.382942964938875
-1.79827400712943	0.382942964938875
-1.79827400712943	0.382942964938875
-1.79835097978106	0.382953978270685
-1.79827400712943	0.382942964938875
-1.79835097978106	0.382953978270685
-1.79827400712943	0.382942964938875
-1.79827400712943	0.382942964938875
-1.79835097978106	0.382953978270685
-1.79827400712943	0.382942964938875
-1.79827400712943	0.382942964938875
-1.79827400712943	0.382942964938875
-1.79835097978106	0.382953978270685
-1.79835097978106	0.382953978270685
-1.79827400712943	0.382942964938875
-1.79835097978106	0.382953978270685
-1.79827400712943	0.382942964938875
-1.79835097978106	0.382953978270685
-1.79827400712943	0.382942964938875
1.95706969381346	0.441073865263096
-1.79827400712943	0.382942964938875
-1.79835097978106	0.382953978270685
-1.79827400712943	0.382942964938875
0.152567656731362	0.0287430408348264
-1.80197754639448	0.383903353697165
-1.80197754639448	0.383903353697165
-2.577202278156	0.663064687208724
-1.79827400712943	0.382942964938875
-1.79835097978106	0.382953978270685
-1.79835097978106	0.382953978270685
-1.79835097978106	0.382953978270685
-1.79835097978106	0.382953978270685
-2.57747759965585	0.66335545132302
-1.79827400712943	0.382942964938875
-1.79827400712943	0.382942964938875
-1.79835097978106	0.382953978270685
-1.79835097978106	0.382953978270685
-1.79827400712943	0.382942964938875
0.153247518839476	0.0288421886814327
-1.79835097978106	0.382953978270685
-1.79835097978106	0.382953978270685
-1.79827400712943	0.382942964938875
-1.79827400712943	0.382942964938875
-1.79835097978106	0.382953978270685
-1.79827400712943	0.382942964938875
-1.79835097978106	0.382953978270685
-1.79835097978106	0.382953978270685
-1.79827400712943	0.382942964938875
-2.57747759965585	0.66335545132302
-1.79827400712943	0.382942964938875
-0.629267545839357	0.153771215183604
0.152207512413174	0.0287281007494042
0.153526628680235	0.0288819285189665
-1.79835097978106	0.382953978270685
-1.79827400712943	0.382942964938875
-1.79827400712943	0.382942964938875
-1.80197754639448	0.383903353697165
-1.79835097978106	0.382953978270685
-1.79827400712943	0.382942964938875
-1.79827400712943	0.382942964938875
-1.79835097978106	0.382953978270685
-1.79827400712943	0.382942964938875
-1.79827400712943	0.382942964938875
-1.79835097978106	0.382953978270685
-1.79835097978106	0.382953978270685
-2.57747759965585	0.66335545132302
-1.79827400712943	0.382942964938875
-1.79827400712943	0.382942964938875
-1.79827400712943	0.382942964938875
-1.79827400712943	0.382942964938875
-2.577202278156	0.663064687208724
-1.79827400712943	0.382942964938875
-1.79827400712943	0.382942964938875
-1.79827400712943	0.382942964938875
-1.79835097978106	0.382953978270685
-2.57747759965585	0.66335545132302
-1.79827400712943	0.382942964938875
-1.79835097978106	0.382953978270685
-1.80197754639448	0.383903353697165
-1.79827400712943	0.382942964938875
-1.79835097978106	0.382953978270685
-1.79827400712943	0.382942964938875
-1.79835097978106	0.382953978270685
-1.80197754639448	0.383903353697165
-1.79835097978106	0.382953978270685
0.153247518839476	0.0288421886814327
-1.79827400712943	0.382942964938875
-2.57747759965585	0.66335545132302
-1.79835097978106	0.382953978270685
-0.62503342749082	0.152907838403333
-1.79827400712943	0.382942964938875
-1.79827400712943	0.382942964938875
-1.79827400712943	0.382942964938875
0.153247518839476	0.0288421886814327
-1.79827400712943	0.382942964938875
-2.57747759965585	0.66335545132302
-1.79835097978106	0.382953978270685
-1.79835097978106	0.382953978270685
2.75349844687128	0.768381126605175
-1.79827400712943	0.382942964938875
-0.62503342749082	0.152907838403333
-1.79835097978106	0.382953978270685
-1.79827400712943	0.382942964938875
-1.79827400712943	0.382942964938875
-1.79835097978106	0.382953978270685
-1.79827400712943	0.382942964938875
-1.79835097978106	0.382953978270685
-1.80197754639448	0.383903353697165
-1.80197754639448	0.383903353697165
-1.79835097978106	0.382953978270685
-2.57775304544287	0.66318910114962
-1.79827400712943	0.382942964938875
-1.79827400712943	0.382942964938875
-1.79835097978106	0.382953978270685
-1.79827400712943	0.382942964938875
-1.79835097978106	0.382953978270685
1.95706969381346	0.441073865263096
-1.79835097978106	0.382953978270685
-2.577202278156	0.663064687208724
-1.79827400712943	0.382942964938875
-1.79827400712943	0.382942964938875
-1.79827400712943	0.382942964938875
-1.79827400712943	0.382942964938875
-1.79827400712943	0.382942964938875
-1.79835097978106	0.382953978270685
-1.79835097978106	0.382953978270685
-1.79835097978106	0.382953978270685
-0.628347365301396	0.153568930486371
-2.57775304544287	0.66318910114962
-1.79835097978106	0.382953978270685
-1.79827400712943	0.382942964938875
-1.79827400712943	0.382942964938875
-1.79827400712943	0.382942964938875
-1.79827400712943	0.382942964938875
-2.577202278156	0.663064687208724
-1.79835097978106	0.382953978270685
-1.79827400712943	0.382942964938875
0.15626975600377	0.0292821097759299
-3.45945271347814	1.2319108744944
-1.79835097978106	0.382953978270685
-1.79827400712943	0.382942964938875
-1.80197754639448	0.383903353697165
-3.08164138813046	0.963767470359232
-1.79827400712943	0.382942964938875
-1.79827400712943	0.382942964938875
0.94904571537762	0.252100131683616
-1.79835097978106	0.382953978270685
-2.58120409692147	0.664991486920107
-2.577202278156	0.663064687208724
-1.79835097978106	0.382953978270685
-1.79827400712943	0.382942964938875
-3.46537741354921	1.23478996980869
-1.79835097978106	0.382953978270685
1.95791760701363	0.441280139896969
-1.79827400712943	0.382942964938875
-1.79835097978106	0.382953978270685
-1.79835097978106	0.382953978270685
-2.577202278156	0.663064687208724
-2.57747759965585	0.66335545132302
-2.57747759965585	0.66335545132302
-1.79835097978106	0.382953978270685
-1.80197754639448	0.383903353697165
-3.08209765998152	0.963916510480773
-1.79835097978106	0.382953978270685
-1.79835097978106	0.382953978270685
-1.79827400712943	0.382942964938875
-1.79827400712943	0.382942964938875
-1.79835097978106	0.382953978270685
-0.628807341949763	0.15371861128279
0.153247518839476	0.0288421886814327
-1.79835097978106	0.382953978270685
1.95706969381346	0.441073865263096
-1.79835097978106	0.382953978270685
-1.79827400712943	0.382942964938875
-2.57775304544287	0.66318910114962
-1.79835097978106	0.382953978270685
-1.80197754639448	0.383903353697165
-1.79835097978106	0.382953978270685
-1.79827400712943	0.382942964938875
-1.80197754639448	0.383903353697165
-1.79835097978106	0.382953978270685
-1.79835097978106	0.382953978270685
-1.80197754639448	0.383903353697165
-0.627829060935039	0.153504607197422
-1.80197754639448	0.383903353697165
-1.79827400712943	0.382942964938875
-1.79835097978106	0.382953978270685
-1.79827400712943	0.382942964938875
-1.79835097978106	0.382953978270685
-0.629267545839357	0.153771215183604
-1.79827400712943	0.382942964938875
0.153526628680235	0.0288819285189665
-1.79835097978106	0.382953978270685
2.75349844687128	0.768381126605175
-1.79835097978106	0.382953978270685
-0.6282908079904	0.153557595992093
-1.79835097978106	0.382953978270685
-1.79835097978106	0.382953978270685
-1.79827400712943	0.382942964938875
-1.80197754639448	0.383903353697165
-1.79835097978106	0.382953978270685
-2.57775304544287	0.66318910114962
-1.80197754639448	0.383903353697165
-1.79835097978106	0.382953978270685
-1.80197754639448	0.383903353697165
-1.79827400712943	0.382942964938875
-1.79835097978106	0.382953978270685
-1.79827400712943	0.382942964938875
-1.79827400712943	0.382942964938875
-3.08164138813046	0.963767470359232
-2.577202278156	0.663064687208724
0.152567656731362	0.0287430408348264
-2.57775304544287	0.66318910114962
-2.577202278156	0.663064687208724
-1.79835097978106	0.382953978270685
-1.79827400712943	0.382942964938875
-1.79827400712943	0.382942964938875
1.95706969381346	0.441073865263096
-1.79835097978106	0.382953978270685
-1.79827400712943	0.382942964938875
-1.79827400712943	0.382942964938875
-1.79827400712943	0.382942964938875
-1.79827400712943	0.382942964938875
-2.577202278156	0.663064687208724
-1.79827400712943	0.382942964938875
1.95791760701363	0.441280139896969
1.95706969381346	0.441073865263096
-1.79835097978106	0.382953978270685
-1.79827400712943	0.382942964938875
-1.79827400712943	0.382942964938875
-2.57747759965585	0.66335545132302
-1.79827400712943	0.382942964938875
-1.79835097978106	0.382953978270685
-1.79835097978106	0.382953978270685
-1.79835097978106	0.382953978270685
1.95706969381346	0.441073865263096
-1.79827400712943	0.382942964938875
-1.79827400712943	0.382942964938875
-1.79827400712943	0.382942964938875
-1.79835097978106	0.382953978270685
-2.57775304544287	0.66318910114962
1.95706969381346	0.441073865263096
-0.632432130022522	0.154575713959717
-1.79835097978106	0.382953978270685
-1.79827400712943	0.382942964938875
-1.80197754639448	0.383903353697165
0.152567656731362	0.0287430408348264
-2.57775304544287	0.66318910114962
-1.79835097978106	0.382953978270685
-1.79835097978106	0.382953978270685
-1.79827400712943	0.382942964938875
-1.79835097978106	0.382953978270685
-1.79835097978106	0.382953978270685
0.167299398578488	0.0420768316112512
-0.352742379173712	0.101393569891827
-1.79827400712943	0.382942964938875
-1.79827400712943	0.382942964938875
-0.632432130022522	0.154575713959717
0.152567656731362	0.0287430408348264
-1.79835097978106	0.382953978270685
-1.79827400712943	0.382942964938875
-0.628347365301396	0.153568930486371
0.152289864541204	0.0287035071443224
-0.627829060935039	0.153504607197422
-1.79827400712943	0.382942964938875
-1.51819793872521	0.541803713077291
-2.57747759965585	0.66335545132302
-1.79835097978106	0.382953978270685
-1.79827400712943	0.382942964938875
-2.577202278156	0.663064687208724
2.75349844687128	0.768381126605175
-1.51429942551804	0.540079204882619
-1.01800776945425	0.403095119703069
-1.79827400712943	0.382942964938875
-1.79835097978106	0.382953978270685
-1.80197754639448	0.383903353697165
-1.79827400712943	0.382942964938875
-2.577202278156	0.663064687208724
-1.79827400712943	0.382942964938875
0.153247518839476	0.0288421886814327
-1.79827400712943	0.382942964938875
0.152567656731362	0.0287430408348264
-1.80197754639448	0.383903353697165
-1.79835097978106	0.382953978270685
-2.57747759965585	0.66335545132302
-1.79835097978106	0.382953978270685
-1.79835097978106	0.382953978270685
-1.79827400712943	0.382942964938875
-2.57747759965585	0.66335545132302
-2.58120409692147	0.664991486920107
-1.79827400712943	0.382942964938875
-1.79827400712943	0.382942964938875
-1.79827400712943	0.382942964938875
-2.57775304544287	0.66318910114962
-3.08652986879455	0.965774290031657
-2.57747759965585	0.66335545132302
-1.79835097978106	0.382953978270685
-1.79827400712943	0.382942964938875
-2.57775304544287	0.66318910114962
-1.79835097978106	0.382953978270685
-1.79827400712943	0.382942964938875
-1.79827400712943	0.382942964938875
-1.79827400712943	0.382942964938875
-2.57747759965585	0.66335545132302
1.95706969381346	0.441073865263096
-1.80197754639448	0.383903353697165
-0.632432130022522	0.154575713959717
-1.79827400712943	0.382942964938875
-1.79827400712943	0.382942964938875
-0.628807341949763	0.15371861128279
0.155986207086685	0.0292416787556187
-2.57747759965585	0.66335545132302
-1.79835097978106	0.382953978270685
-1.79835097978106	0.382953978270685
-2.57747759965585	0.66335545132302
-1.79835097978106	0.382953978270685
-2.57775304544287	0.66318910114962
-1.79827400712943	0.382942964938875
-1.79835097978106	0.382953978270685
0.152567656731362	0.0287430408348264
0.152567656731362	0.0287430408348264
-2.57747759965585	0.66335545132302
0.152567656731362	0.0287430408348264
0.153247518839476	0.0288421886814327
-2.57775304544287	0.66318910114962
-2.57747759965585	0.66335545132302
-2.57747759965585	0.66335545132302
-0.627829060935039	0.153504607197422
0.166691919569473	0.0419536988970269
-2.577202278156	0.663064687208724
-1.79835097978106	0.382953978270685
0.15626975600377	0.0292821097759299
-1.79827400712943	0.382942964938875
-2.57747759965585	0.66335545132302
0.152567656731362	0.0287430408348264
-1.79827400712943	0.382942964938875
-1.79827400712943	0.382942964938875
-1.79827400712943	0.382942964938875
0.166084152255821	0.0418055330790301
2.75446121880292	0.769079402442662
-3.45538437102149	1.2298802093729
-1.79827400712943	0.382942964938875
-1.13482941234436	0.34340642829894
-1.79835097978106	0.382953978270685
-1.79835097978106	0.382953978270685
-1.79827400712943	0.382942964938875
-1.79827400712943	0.382942964938875
-1.79827400712943	0.382942964938875
-1.79835097978106	0.382953978270685
-2.57775304544287	0.66318910114962
1.96040941896093	0.441936123238363
-1.79835097978106	0.382953978270685
-1.79827400712943	0.382942964938875
-1.79827400712943	0.382942964938875
-1.79827400712943	0.382942964938875
-1.79835097978106	0.382953978270685
-1.79835097978106	0.382953978270685
0.94807088907188	0.251931335472786
-1.79827400712943	0.382942964938875
-1.79827400712943	0.382942964938875
0.153247518839476	0.0288421886814327
-1.79835097978106	0.382953978270685
-1.80197754639448	0.383903353697165
-1.79835097978106	0.382953978270685
-1.79835097978106	0.382953978270685
-2.57747759965585	0.66335545132302
-1.79827400712943	0.382942964938875
-1.79835097978106	0.382953978270685
-1.79835097978106	0.382953978270685
-1.80197754639448	0.383903353697165
-1.80197754639448	0.383903353697165
-1.79827400712943	0.382942964938875
-1.79835097978106	0.382953978270685
-1.80197754639448	0.383903353697165
-1.79835097978106	0.382953978270685
-1.79827400712943	0.382942964938875
-1.79827400712943	0.382942964938875
-1.79827400712943	0.382942964938875
-1.79835097978106	0.382953978270685
-1.79835097978106	0.382953978270685
-1.80197754639448	0.383903353697165
-1.79827400712943	0.382942964938875
0.165097545701885	0.0415776969264477
-1.79835097978106	0.382953978270685
-1.79827400712943	0.382942964938875
-1.79835097978106	0.382953978270685
-1.79827400712943	0.382942964938875
-1.79835097978106	0.382953978270685
-1.79827400712943	0.382942964938875
-1.79835097978106	0.382953978270685
-1.13521969998424	0.343544374381215
-0.627829060935039	0.153504607197422
0.152289864541204	0.0287035071443224
-0.632939126134277	0.15468454480873
0.152289864541204	0.0287035071443224
-1.79835097978106	0.382953978270685
-1.79827400712943	0.382942964938875
3.26252567397545	1.12093560535381
-1.79827400712943	0.382942964938875
-1.79827400712943	0.382942964938875
0.153526628680235	0.0288819285189665
-0.628807341949763	0.15371861128279
-1.79827400712943	0.382942964938875
1.82693458968678	0.716159663486908
-1.79835097978106	0.382953978270685
-1.79835097978106	0.382953978270685
-1.79827400712943	0.382942964938875
-3.08559782341753	0.965445184573826
-2.57747759965585	0.66335545132302
-2.57747759965585	0.66335545132302
-2.577202278156	0.663064687208724
-1.79827400712943	0.382942964938875
-1.79827400712943	0.382942964938875
-1.79835097978106	0.382953978270685
-1.80197754639448	0.383903353697165
-2.57747759965585	0.66335545132302
-1.79827400712943	0.382942964938875
0.152289864541204	0.0287035071443224
-1.79835097978106	0.382953978270685
-1.79827400712943	0.382942964938875
-1.79827400712943	0.382942964938875
-1.79835097978106	0.382953978270685
-1.79827400712943	0.382942964938875
-2.5814875372856	0.665060440379843
-1.79835097978106	0.382953978270685
-1.79827400712943	0.382942964938875
-1.79835097978106	0.382953978270685
-1.79827400712943	0.382942964938875
0.153247518839476	0.0288421886814327
-1.80197754639448	0.383903353697165
0.153247518839476	0.0288421886814327
-1.79827400712943	0.382942964938875
-1.79835097978106	0.382953978270685
-1.79835097978106	0.382953978270685
-2.58120409692147	0.664991486920107
-0.628807341949763	0.15371861128279
0.153526628680235	0.0288819285189665
-1.79835097978106	0.382953978270685
-1.80197754639448	0.383903353697165
-1.79827400712943	0.382942964938875
-1.79835097978106	0.382953978270685
-1.79827400712943	0.382942964938875
0.152289864541204	0.0287035071443224
1.96040941896093	0.441936123238363
-1.79827400712943	0.382942964938875
-1.79835097978106	0.382953978270685
-1.79835097978106	0.382953978270685
0.152289864541204	0.0287035071443224
-1.79835097978106	0.382953978270685
-1.79835097978106	0.382953978270685
-1.79827400712943	0.382942964938875
-1.79835097978106	0.382953978270685
-0.629267545839357	0.153771215183604
-1.80197754639448	0.383903353697165
-1.79835097978106	0.382953978270685
-1.79835097978106	0.382953978270685
-1.79835097978106	0.382953978270685
-1.79835097978106	0.382953978270685
-2.577202278156	0.663064687208724
-1.80197754639448	0.383903353697165
-1.80197754639448	0.383903353697165
-1.80197754639448	0.383903353697165
-1.79835097978106	0.382953978270685
1.95791760701363	0.441280139896969
-1.79835097978106	0.382953978270685
-1.79835097978106	0.382953978270685
-1.79827400712943	0.382942964938875
-0.627367542213354	0.153354696036073
-1.79835097978106	0.382953978270685
-2.57747759965585	0.66335545132302
-0.343557529393447	0.098858556674811
0.153526628680235	0.0288819285189665
0.947097253557627	0.251590606337117
-1.13461598703551	0.343230613786831
-0.627829060935039	0.153504607197422
-1.13251140472747	0.342543902947619
0.943931183072951	0.250903413595175
0.152289864541204	0.0287035071443224
-1.79835097978106	0.382953978270685
-1.79835097978106	0.382953978270685
-1.80197754639448	0.383903353697165
-0.629267545839357	0.153771215183604
0.152567656731362	0.0287430408348264
-1.79835097978106	0.382953978270685
-1.13482941234436	0.34340642829894
1.95706969381346	0.441073865263096
-0.625500335572602	0.152962089117453
0.167299398578488	0.0420768316112512
-2.57747759965585	0.66335545132302
-3.08118534013847	0.963229045953577
-2.577202278156	0.663064687208724
-1.79827400712943	0.382942964938875
0.153247518839476	0.0288421886814327
-1.79835097978106	0.382953978270685
-1.80197754639448	0.383903353697165
-1.79835097978106	0.382953978270685
-3.08164138813046	0.963767470359232
-1.79835097978106	0.382953978270685
-1.80197754639448	0.383903353697165
-1.79835097978106	0.382953978270685
-2.57747759965585	0.66335545132302
-1.79835097978106	0.382953978270685
1.95706969381346	0.441073865263096
-1.79835097978106	0.382953978270685
-1.79827400712943	0.382942964938875
-1.79827400712943	0.382942964938875
-1.79827400712943	0.382942964938875
-1.79827400712943	0.382942964938875
-1.79835097978106	0.382953978270685
-1.79827400712943	0.382942964938875
-1.79835097978106	0.382953978270685
-2.5814875372856	0.665060440379843
-1.79835097978106	0.382953978270685
2.7554263517449	0.769222911089782
-1.79827400712943	0.382942964938875
-1.79835097978106	0.382953978270685
-1.79827400712943	0.382942964938875
-2.57747759965585	0.66335545132302
-2.57747759965585	0.66335545132302
-1.79835097978106	0.382953978270685
-1.79827400712943	0.382942964938875
-1.79827400712943	0.382942964938875
-1.79835097978106	0.382953978270685
-0.629267545839357	0.153771215183604
-0.628807341949763	0.15371861128279
-1.79835097978106	0.382953978270685
-0.628347365301396	0.153568930486371
-1.79827400712943	0.382942964938875
-1.79835097978106	0.382953978270685
-0.627367542213354	0.153354696036073
0.948535538575274	0.252058145640786
-3.08209765998152	0.963916510480773
-2.5814875372856	0.665060440379843
0.152567656731362	0.0287430408348264
-1.13582369620544	0.343734699942405
0.155986207086685	0.0292416787556187
-1.79835097978106	0.382953978270685
0.166691919569473	0.0419536988970269
-0.627829060935039	0.153504607197422
-1.79827400712943	0.382942964938875
-1.79835097978106	0.382953978270685
-2.577202278156	0.663064687208724
0.153247518839476	0.0288421886814327
-1.79835097978106	0.382953978270685
-1.79835097978106	0.382953978270685
0.153247518839476	0.0288421886814327
-2.57747759965585	0.66335545132302
-1.79827400712943	0.382942964938875
-2.57775304544287	0.66318910114962
-1.79827400712943	0.382942964938875
-0.625500335572602	0.152962089117453
-2.57747759965585	0.66335545132302
-1.79827400712943	0.382942964938875
-1.80197754639448	0.383903353697165
-1.79835097978106	0.382953978270685
-1.79835097978106	0.382953978270685
-1.79835097978106	0.382953978270685
-1.79835097978106	0.382953978270685
-0.6282908079904	0.153557595992093
-1.80197754639448	0.383903353697165
-1.79835097978106	0.382953978270685
-1.79827400712943	0.382942964938875
-1.79827400712943	0.382942964938875
-1.79835097978106	0.382953978270685
-2.57747759965585	0.66335545132302
-1.79827400712943	0.382942964938875
-1.79827400712943	0.382942964938875
-2.5814875372856	0.665060440379843
1.95791760701363	0.441280139896969
-1.79827400712943	0.382942964938875
-1.79835097978106	0.382953978270685
-1.79835097978106	0.382953978270685
-1.79835097978106	0.382953978270685
-1.79827400712943	0.382942964938875
-1.79827400712943	0.382942964938875
-3.08209765998152	0.963916510480773
-1.79835097978106	0.382953978270685
-1.79827400712943	0.382942964938875
-1.79827400712943	0.382942964938875
0.943931183072951	0.250903413595175
-0.627367542213354	0.153354696036073
-1.79835097978106	0.382953978270685
-1.80197754639448	0.383903353697165
-1.79827400712943	0.382942964938875
-1.79835097978106	0.382953978270685
-1.79835097978106	0.382953978270685
1.95706969381346	0.441073865263096
-1.79835097978106	0.382953978270685
-1.79835097978106	0.382953978270685
-1.79827400712943	0.382942964938875
-1.79835097978106	0.382953978270685
-1.79835097978106	0.382953978270685
-0.628347365301396	0.153568930486371
0.152289864541204	0.0287035071443224
-3.08118534013847	0.963229045953577
0.165690756490165	0.0416910272978735
-1.51429942551804	0.540079204882619
0.167299398578488	0.0420768316112512
-2.57775304544287	0.66318910114962
-1.79827400712943	0.382942964938875
0.152289864541204	0.0287035071443224
-1.79835097978106	0.382953978270685
1.95791760701363	0.441280139896969
0.152567656731362	0.0287430408348264
-1.79835097978106	0.382953978270685
-1.79835097978106	0.382953978270685
-1.79827400712943	0.382942964938875
-1.51299996807781	0.539299955595401
0.148503149870495	0.0281892610504199
0.153526628680235	0.0288819285189665
-0.629267545839357	0.153771215183604
-0.632432130022522	0.154575713959717
-0.627829060935039	0.153504607197422
-1.13521969998424	0.343544374381215
-2.57747759965585	0.66335545132302
-1.79827400712943	0.382942964938875
-1.79827400712943	0.382942964938875
-1.79827400712943	0.382942964938875
-2.577202278156	0.663064687208724
-1.79835097978106	0.382953978270685
-1.79835097978106	0.382953978270685
-1.79835097978106	0.382953978270685
-1.79827400712943	0.382942964938875
-1.79835097978106	0.382953978270685
-0.627829060935039	0.153504607197422
0.152289864541204	0.0287035071443224
-1.79827400712943	0.382942964938875
1.95706969381346	0.441073865263096
-1.79827400712943	0.382942964938875
-1.80197754639448	0.383903353697165
-1.80197754639448	0.383903353697165
0.15626975600377	0.0292821097759299
-1.79835097978106	0.382953978270685
1.95791760701363	0.441280139896969
-1.79827400712943	0.382942964938875
-0.628807341949763	0.15371861128279
0.15626975600377	0.0292821097759299
1.95791760701363	0.441280139896969
-1.79827400712943	0.382942964938875
-1.79827400712943	0.382942964938875
-1.79835097978106	0.382953978270685
-2.57775304544287	0.66318910114962
0.155986207086685	0.0292416787556187
-1.79835097978106	0.382953978270685
-1.80197754639448	0.383903353697165
-1.79827400712943	0.382942964938875
-1.79827400712943	0.382942964938875
-1.79827400712943	0.382942964938875
-1.79827400712943	0.382942964938875
-1.80197754639448	0.383903353697165
-1.79835097978106	0.382953978270685
-2.577202278156	0.663064687208724
1.95706969381346	0.441073865263096
-1.79835097978106	0.382953978270685
-1.79835097978106	0.382953978270685
-1.79827400712943	0.382942964938875
-1.79827400712943	0.382942964938875
-1.79827400712943	0.382942964938875
0.152567656731362	0.0287430408348264
-0.627367542213354	0.153354696036073
-0.62503342749082	0.152907838403333
-2.577202278156	0.663064687208724
-0.627829060935039	0.153504607197422
2.75446121880292	0.769079402442662
0.153247518839476	0.0288421886814327
0.166084152255821	0.0418055330790301
-2.577202278156	0.663064687208724
-1.79827400712943	0.382942964938875
-2.57747759965585	0.66335545132302
-2.57775304544287	0.66318910114962
-1.79835097978106	0.382953978270685
0.153526628680235	0.0288819285189665
-1.13582369620544	0.343734699942405
-2.57747759965585	0.66335545132302
1.95706969381346	0.441073865263096
-1.79827400712943	0.382942964938875
-2.57747759965585	0.66335545132302
-0.628807341949763	0.15371861128279
-0.625500335572602	0.152962089117453
-2.57747759965585	0.66335545132302
0.155986207086685	0.0292416787556187
-1.79835097978106	0.382953978270685
-2.577202278156	0.663064687208724
-3.08652986879455	0.965774290031657
-2.57747759965585	0.66335545132302
-2.58120409692147	0.664991486920107
0.152567656731362	0.0287430408348264
1.95791760701363	0.441280139896969
0.152289864541204	0.0287035071443224
0.153247518839476	0.0288421886814327
-1.13582369620544	0.343734699942405
-1.80197754639448	0.383903353697165
0.148503149870495	0.0281892610504199
-1.80197754639448	0.383903353697165
-1.79827400712943	0.382942964938875
-1.79835097978106	0.382953978270685
1.95706969381346	0.441073865263096
-1.79827400712943	0.382942964938875
0.152289864541204	0.0287035071443224
-1.79827400712943	0.382942964938875
-1.79827400712943	0.382942964938875
-1.79827400712943	0.382942964938875
-1.79827400712943	0.382942964938875
-1.79835097978106	0.382953978270685
-1.79835097978106	0.382953978270685
-1.79827400712943	0.382942964938875
-1.79827400712943	0.382942964938875
-1.79827400712943	0.382942964938875
-1.79827400712943	0.382942964938875
-1.79835097978106	0.382953978270685
-1.79827400712943	0.382942964938875
-1.80197754639448	0.383903353697165
-1.80197754639448	0.383903353697165
-1.79835097978106	0.382953978270685
-1.79827400712943	0.382942964938875
-1.79835097978106	0.382953978270685
-1.79827400712943	0.382942964938875
-1.79827400712943	0.382942964938875
-1.79827400712943	0.382942964938875
1.95706969381346	0.441073865263096
-1.79835097978106	0.382953978270685
-1.79835097978106	0.382953978270685
-1.79835097978106	0.382953978270685
1.96040941896093	0.441936123238363
-1.79835097978106	0.382953978270685
-2.577202278156	0.663064687208724
-1.79835097978106	0.382953978270685
-0.346493976209143	0.099688871662609
-1.79835097978106	0.382953978270685
-3.08164138813046	0.963767470359232
-1.81367378419037	0.73893109819281
-0.627829060935039	0.153504607197422
-2.57747759965585	0.66335545132302
-1.79827400712943	0.382942964938875
0.669009496945769	0.212302346826553
-1.79835097978106	0.382953978270685
0.152289864541204	0.0287035071443224
0.152289864541204	0.0287035071443224
0.166311360817904	0.0418484681801843
-3.46476574581887	1.23479767067539
-3.08209765998152	0.963916510480773
-1.79835097978106	0.382953978270685
-1.79835097978106	0.382953978270685
-1.79827400712943	0.382942964938875
-2.57775304544287	0.66318910114962
-1.79835097978106	0.382953978270685
-1.79827400712943	0.382942964938875
-1.13362027945245	0.342902172857624
1.45806698971783	0.483796340944708
-1.79827400712943	0.382942964938875
-1.79827400712943	0.382942964938875
1.95791760701363	0.441280139896969
-2.57775304544287	0.66318910114962
-1.79827400712943	0.382942964938875
-0.631960666018702	0.15447017218279
-1.79827400712943	0.382942964938875
0.94904571537762	0.252100131683616
2.75349844687128	0.768381126605175
-1.79835097978106	0.382953978270685
-3.45945271347814	1.2319108744944
-1.79835097978106	0.382953978270685
-0.628347365301396	0.153568930486371
-2.577202278156	0.663064687208724
-2.57747759965585	0.66335545132302
-2.577202278156	0.663064687208724
-1.79835097978106	0.382953978270685
-1.79827400712943	0.382942964938875
-1.80197754639448	0.383903353697165
-1.80197754639448	0.383903353697165
-2.57747759965585	0.66335545132302
-1.79827400712943	0.382942964938875
-1.79827400712943	0.382942964938875
-1.79827400712943	0.382942964938875
-1.79827400712943	0.382942964938875
-1.79835097978106	0.382953978270685
-1.79827400712943	0.382942964938875
0.15626975600377	0.0292821097759299
-1.79827400712943	0.382942964938875
0.153526628680235	0.0288819285189665
-1.79827400712943	0.382942964938875
-1.79835097978106	0.382953978270685
-1.79827400712943	0.382942964938875
-1.79827400712943	0.382942964938875
0.170216206297202	0.0427061060191571
-2.58120409692147	0.664991486920107
-2.57747759965585	0.66335545132302
-1.79835097978106	0.382953978270685
-1.79827400712943	0.382942964938875
-1.79827400712943	0.382942964938875
-1.79835097978106	0.382953978270685
1.95791760701363	0.441280139896969
-1.79835097978106	0.382953978270685
-1.79835097978106	0.382953978270685
-1.80197754639448	0.383903353697165
-1.79827400712943	0.382942964938875
-1.79835097978106	0.382953978270685
-1.79827400712943	0.382942964938875
-1.79827400712943	0.382942964938875
-1.79827400712943	0.382942964938875
-1.79835097978106	0.382953978270685
-1.79835097978106	0.382953978270685
0.165097545701885	0.0415776969264477
-2.58120409692147	0.664991486920107
0.153526628680235	0.0288819285189665
-1.79835097978106	0.382953978270685
-1.79835097978106	0.382953978270685
0.153526628680235	0.0288819285189665
1.95791760701363	0.441280139896969
-1.79835097978106	0.382953978270685
-1.79835097978106	0.382953978270685
-1.79827400712943	0.382942964938875
-1.79835097978106	0.382953978270685
-1.79835097978106	0.382953978270685
-1.79827400712943	0.382942964938875
0.15626975600377	0.0292821097759299
-1.79835097978106	0.382953978270685
-1.79827400712943	0.382942964938875
-1.79835097978106	0.382953978270685
1.95791760701363	0.441280139896969
1.95791760701363	0.441280139896969
-1.79827400712943	0.382942964938875
-3.08209765998152	0.963916510480773
-2.58120409692147	0.664991486920107
-1.80197754639448	0.383903353697165
-1.79835097978106	0.382953978270685
-1.79827400712943	0.382942964938875
1.45868047865843	0.484047550536175
-1.79835097978106	0.382953978270685
0.948535538575274	0.252058145640786
-1.81472218726632	0.739418880999967
-1.79827400712943	0.382942964938875
-2.577202278156	0.663064687208724
0.166691919569473	0.0419536988970269
-3.08164138813046	0.963767470359232
-1.79835097978106	0.382953978270685
-3.08164138813046	0.963767470359232
-1.13482941234436	0.34340642829894
-0.629267545839357	0.153771215183604
-1.79827400712943	0.382942964938875
0.152289864541204	0.0287035071443224
-2.57747759965585	0.66335545132302
-0.628347365301396	0.153568930486371
0.153526628680235	0.0288819285189665
0.153247518839476	0.0288421886814327
-1.80197754639448	0.383903353697165
-2.57775304544287	0.66318910114962
-1.79835097978106	0.382953978270685
-0.6282908079904	0.153557595992093
-0.627829060935039	0.153504607197422
0.152567656731362	0.0287430408348264
-3.08209765998152	0.963916510480773
-2.57775304544287	0.66318910114962
0.94807088907188	0.251931335472786
-1.79835097978106	0.382953978270685
-1.79835097978106	0.382953978270685
-1.79827400712943	0.382942964938875
-1.79835097978106	0.382953978270685
-1.79827400712943	0.382942964938875
-0.628347365301396	0.153568930486371
-1.79835097978106	0.382953978270685
-1.79827400712943	0.382942964938875
-2.5814875372856	0.665060440379843
-3.08209765998152	0.963916510480773
0.152567656731362	0.0287430408348264
0.153526628680235	0.0288819285189665
-1.79835097978106	0.382953978270685
-1.79827400712943	0.382942964938875
-1.79835097978106	0.382953978270685
-1.79827400712943	0.382942964938875
-0.628347365301396	0.153568930486371
-1.79827400712943	0.382942964938875
-1.79835097978106	0.382953978270685
-2.57747759965585	0.66335545132302
-1.79835097978106	0.382953978270685
-1.13582369620544	0.343734699942405
-2.577202278156	0.663064687208724
-1.79835097978106	0.382953978270685
-1.79827400712943	0.382942964938875
0.170597157616308	0.0428000407476464
-1.79835097978106	0.382953978270685
-1.79835097978106	0.382953978270685
-2.06905985477759	0.943332987473435
-2.577202278156	0.663064687208724
-1.79835097978106	0.382953978270685
-3.08209765998152	0.963916510480773
-1.79835097978106	0.382953978270685
-1.79835097978106	0.382953978270685
-2.57747759965585	0.66335545132302
0.153526628680235	0.0288819285189665
-1.80197754639448	0.383903353697165
-1.79835097978106	0.382953978270685
0.153526628680235	0.0288819285189665
-1.79827400712943	0.382942964938875
-1.79827400712943	0.382942964938875
-1.79827400712943	0.382942964938875
-1.79835097978106	0.382953978270685
-1.79835097978106	0.382953978270685
-1.79835097978106	0.382953978270685
-1.79835097978106	0.382953978270685
2.75446121880292	0.769079402442662
-1.79827400712943	0.382942964938875
-1.79827400712943	0.382942964938875
-1.79835097978106	0.382953978270685
-1.79835097978106	0.382953978270685
-1.79827400712943	0.382942964938875
-1.79827400712943	0.382942964938875
-1.79835097978106	0.382953978270685
-0.633409029549556	0.154789771896201
-1.79835097978106	0.382953978270685
-2.57747759965585	0.66335545132302
-1.79835097978106	0.382953978270685
-1.79827400712943	0.382942964938875
-1.79827400712943	0.382942964938875
-2.577202278156	0.663064687208724
-1.79827400712943	0.382942964938875
1.95706969381346	0.441073865263096
-1.79835097978106	0.382953978270685
0.671634827760764	0.213161681695785
-3.08209765998152	0.963916510480773
0.167299398578488	0.0420768316112512
0.948535538575274	0.252058145640786
-0.725462519324565	0.249202983263282
0.152567656731362	0.0287430408348264
0.152567656731362	0.0287430408348264
-0.342569521377039	0.0986187132378211
-2.06401436108767	0.939809125258311
-1.13849388307931	0.344614401149477
-2.57747759965585	0.66335545132302
-2.57747759965585	0.66335545132302
0.169606362252511	0.0425824743634164
-1.13582369620544	0.343734699942405
-1.79827400712943	0.382942964938875
-1.79835097978106	0.382953978270685
-1.80197754639448	0.383903353697165
-1.51395570496283	0.539857861420258
0.152289864541204	0.0287035071443224
-1.79827400712943	0.382942964938875
0.153526628680235	0.0288819285189665
-1.79827400712943	0.382942964938875
-1.51853446946828	0.541976089171892
0.152289864541204	0.0287035071443224
-0.627829060935039	0.153504607197422
-0.628807341949763	0.15371861128279
-1.13948670365002	0.344942610687521
-2.57747759965585	0.66335545132302
-1.79835097978106	0.382953978270685
-0.628347365301396	0.153568930486371
-1.79827400712943	0.382942964938875
1.95791760701363	0.441280139896969
-0.628807341949763	0.15371861128279
-2.577202278156	0.663064687208724
-3.08164138813046	0.963767470359232
-1.79827400712943	0.382942964938875
-2.5814875372856	0.665060440379843
-1.79827400712943	0.382942964938875
-1.79835097978106	0.382953978270685
-1.79835097978106	0.382953978270685
-1.79835097978106	0.382953978270685
0.152289864541204	0.0287035071443224
-1.79827400712943	0.382942964938875
2.7554263517449	0.769222911089782
1.95791760701363	0.441280139896969
-1.79835097978106	0.382953978270685
-1.79827400712943	0.382942964938875
-1.79835097978106	0.382953978270685
0.153526628680235	0.0288819285189665
-0.628347365301396	0.153568930486371
-1.79827400712943	0.382942964938875
0.152567656731362	0.0287430408348264
-0.627829060935039	0.153504607197422
-2.57747759965585	0.66335545132302
-1.79835097978106	0.382953978270685
-1.79827400712943	0.382942964938875
-1.79835097978106	0.382953978270685
0.948535538575274	0.252058145640786
-1.79835097978106	0.382953978270685
-1.79835097978106	0.382953978270685
-2.57747759965585	0.66335545132302
-1.79835097978106	0.382953978270685
-0.629267545839357	0.153771215183604
0.149464413960118	0.0283283450696208
0.152207512413174	0.0287281007494042
-1.79835097978106	0.382953978270685
-1.79827400712943	0.382942964938875
-1.79835097978106	0.382953978270685
-1.79827400712943	0.382942964938875
0.153247518839476	0.0288421886814327
-1.79835097978106	0.382953978270685
-2.57747759965585	0.66335545132302
-1.80197754639448	0.383903353697165
-2.577202278156	0.663064687208724
-1.79835097978106	0.382953978270685
-1.79835097978106	0.382953978270685
-1.79827400712943	0.382942964938875
0.152567656731362	0.0287430408348264
-1.79827400712943	0.382942964938875
0.153526628680235	0.0288819285189665
0.153247518839476	0.0288421886814327
-1.79827400712943	0.382942964938875
1.95706969381346	0.441073865263096
-2.577202278156	0.663064687208724
0.153526628680235	0.0288819285189665
-1.79835097978106	0.382953978270685
-1.79827400712943	0.382942964938875
-1.80197754639448	0.383903353697165
-1.79835097978106	0.382953978270685
-1.79835097978106	0.382953978270685
-2.57775304544287	0.66318910114962
-1.79835097978106	0.382953978270685
-1.79835097978106	0.382953978270685
-1.79835097978106	0.382953978270685
0.148503149870495	0.0281892610504199
-1.79835097978106	0.382953978270685
-1.79835097978106	0.382953978270685
-2.57775304544287	0.66318910114962
-1.79827400712943	0.382942964938875
-1.79835097978106	0.382953978270685
-1.80197754639448	0.383903353697165
-2.577202278156	0.663064687208724
-1.79835097978106	0.382953978270685
-2.5814875372856	0.665060440379843
0.152567656731362	0.0287430408348264
-1.13482941234436	0.34340642829894
0.169606362252511	0.0425824743634164
-0.628807341949763	0.15371861128279
0.149464413960118	0.0283283450696208
-1.13190405565215	0.342469779892572
-0.719862779167192	0.247072455212921
-1.79835097978106	0.382953978270685
-1.79835097978106	0.382953978270685
-3.08606373064433	0.965887782759055
-1.79835097978106	0.382953978270685
-1.79835097978106	0.382953978270685
-3.45538437102149	1.2298802093729
-1.80197754639448	0.383903353697165
-1.13582369620544	0.343734699942405
-1.79835097978106	0.382953978270685
-0.629267545839357	0.153771215183604
-0.628807341949763	0.15371861128279
-0.628347365301396	0.153568930486371
-0.628347365301396	0.153568930486371
-3.46066411507937	1.23287376992561
0.153526628680235	0.0288819285189665
-1.79827400712943	0.382942964938875
-2.57775304544287	0.66318910114962
-2.57775304544287	0.66318910114962
-1.80197754639448	0.383903353697165
-1.79827400712943	0.382942964938875
-2.57747759965585	0.66335545132302
-2.57775304544287	0.66318910114962
-2.57747759965585	0.66335545132302
-1.79835097978106	0.382953978270685
-1.79835097978106	0.382953978270685
-2.57747759965585	0.66335545132302
-1.79827400712943	0.382942964938875
-1.79835097978106	0.382953978270685
-2.577202278156	0.663064687208724
-1.79835097978106	0.382953978270685
-1.79827400712943	0.382942964938875
-1.79835097978106	0.382953978270685
-1.80197754639448	0.383903353697165
-1.79827400712943	0.382942964938875
-1.79827400712943	0.382942964938875
0.152567656731362	0.0287430408348264
-2.577202278156	0.663064687208724
1.95791760701363	0.441280139896969
-1.79835097978106	0.382953978270685
-1.79835097978106	0.382953978270685
-1.79835097978106	0.382953978270685
-1.79835097978106	0.382953978270685
-1.80197754639448	0.383903353697165
-3.08209765998152	0.963916510480773
-1.79827400712943	0.382942964938875
-1.14070599952463	0.345337330024218
-3.08652986879455	0.965774290031657
-1.79835097978106	0.382953978270685
-1.79827400712943	0.382942964938875
-1.79835097978106	0.382953978270685
0.153247518839476	0.0288421886814327
-1.79827400712943	0.382942964938875
-1.79827400712943	0.382942964938875
-1.79835097978106	0.382953978270685
-1.79835097978106	0.382953978270685
-1.79827400712943	0.382942964938875
1.95706969381346	0.441073865263096
-1.79827400712943	0.382942964938875
-1.79835097978106	0.382953978270685
-1.79835097978106	0.382953978270685
-1.79835097978106	0.382953978270685
-1.79827400712943	0.382942964938875
-1.79835097978106	0.382953978270685
-1.79835097978106	0.382953978270685
-1.80197754639448	0.383903353697165
-1.79835097978106	0.382953978270685
-1.79835097978106	0.382953978270685
-1.79827400712943	0.382942964938875
-1.79827400712943	0.382942964938875
-1.79827400712943	0.382942964938875
0.152567656731362	0.0287430408348264
-0.629267545839357	0.153771215183604
-2.577202278156	0.663064687208724
-1.79835097978106	0.382953978270685
-1.79827400712943	0.382942964938875
-1.79827400712943	0.382942964938875
-1.79835097978106	0.382953978270685
-1.79827400712943	0.382942964938875
-1.79827400712943	0.382942964938875
0.152289864541204	0.0287035071443224
-0.627367542213354	0.153354696036073
-1.79835097978106	0.382953978270685
-1.79827400712943	0.382942964938875
-1.79835097978106	0.382953978270685
-1.79835097978106	0.382953978270685
-1.79835097978106	0.382953978270685
-1.79835097978106	0.382953978270685
-1.79827400712943	0.382942964938875
-1.79835097978106	0.382953978270685
-1.79827400712943	0.382942964938875
-1.79835097978106	0.382953978270685
-1.79827400712943	0.382942964938875
-2.57747759965585	0.66335545132302
-1.79835097978106	0.382953978270685
-1.79827400712943	0.382942964938875
-1.79835097978106	0.382953978270685
-1.79827400712943	0.382942964938875
-1.79835097978106	0.382953978270685
-1.79827400712943	0.382942964938875
-1.79835097978106	0.382953978270685
-1.79835097978106	0.382953978270685
-1.79827400712943	0.382942964938875
-1.79827400712943	0.382942964938875
-1.79827400712943	0.382942964938875
-1.79835097978106	0.382953978270685
-1.79827400712943	0.382942964938875
-1.79835097978106	0.382953978270685
-1.79827400712943	0.382942964938875
-1.79835097978106	0.382953978270685
-1.79827400712943	0.382942964938875
-1.80197754639448	0.383903353697165
-1.80197754639448	0.383903353697165
-1.79835097978106	0.382953978270685
1.95791760701363	0.441280139896969
1.95791760701363	0.441280139896969
-1.79835097978106	0.382953978270685
-1.79835097978106	0.382953978270685
-1.79835097978106	0.382953978270685
-1.79827400712943	0.382942964938875
-1.79827400712943	0.382942964938875
-1.79827400712943	0.382942964938875
-1.79835097978106	0.382953978270685
-1.79827400712943	0.382942964938875
-1.79827400712943	0.382942964938875
-3.08209765998152	0.963916510480773
-1.79827400712943	0.382942964938875
-0.627829060935039	0.153504607197422
-1.79827400712943	0.382942964938875
-1.79835097978106	0.382953978270685
-1.79835097978106	0.382953978270685
-1.79827400712943	0.382942964938875
-1.79827400712943	0.382942964938875
-1.79835097978106	0.382953978270685
-3.08606373064433	0.965887782759055
-1.79835097978106	0.382953978270685
-1.79827400712943	0.382942964938875
-1.80197754639448	0.383903353697165
-1.80197754639448	0.383903353697165
-1.80197754639448	0.383903353697165
-1.79835097978106	0.382953978270685
-1.79835097978106	0.382953978270685
2.7554263517449	0.769222911089782
-1.79827400712943	0.382942964938875
-1.79835097978106	0.382953978270685
-1.79835097978106	0.382953978270685
-1.79827400712943	0.382942964938875
-1.79835097978106	0.382953978270685
-1.79827400712943	0.382942964938875
-1.79835097978106	0.382953978270685
-0.627367542213354	0.153354696036073
-1.79835097978106	0.382953978270685
-2.57747759965585	0.66335545132302
-1.79827400712943	0.382942964938875
-1.79827400712943	0.382942964938875
-2.58524212677275	0.666574749875287
-1.79827400712943	0.382942964938875
-1.79835097978106	0.382953978270685
-1.79827400712943	0.382942964938875
-1.79827400712943	0.382942964938875
-1.79835097978106	0.382953978270685
-1.79835097978106	0.382953978270685
-2.57747759965585	0.66335545132302
1.95706969381346	0.441073865263096
-2.57775304544287	0.66318910114962
-2.57747759965585	0.66335545132302
-1.79827400712943	0.382942964938875
-1.79827400712943	0.382942964938875
-1.79835097978106	0.382953978270685
-1.79827400712943	0.382942964938875
-1.79827400712943	0.382942964938875
-2.57747759965585	0.66335545132302
-2.57747759965585	0.66335545132302
-1.80197754639448	0.383903353697165
-1.79835097978106	0.382953978270685
-1.79827400712943	0.382942964938875
-1.79827400712943	0.382942964938875
1.95791760701363	0.441280139896969
-1.80197754639448	0.383903353697165
-1.79835097978106	0.382953978270685
-1.79835097978106	0.382953978270685
-1.79835097978106	0.382953978270685
-1.80197754639448	0.383903353697165
-1.79827400712943	0.382942964938875
0.949511917528176	0.252227362219882
1.95706969381346	0.441073865263096
-1.79835097978106	0.382953978270685
-1.79835097978106	0.382953978270685
-1.79827400712943	0.382942964938875
0.152289864541204	0.0287035071443224
0.153526628680235	0.0288819285189665
-2.57747759965585	0.66335545132302
-1.79835097978106	0.382953978270685
-1.79835097978106	0.382953978270685
-1.79835097978106	0.382953978270685
-1.79827400712943	0.382942964938875
1.95706969381346	0.441073865263096
-1.79835097978106	0.382953978270685
-1.79835097978106	0.382953978270685
-1.79835097978106	0.382953978270685
-1.79835097978106	0.382953978270685
-2.577202278156	0.663064687208724
-1.79827400712943	0.382942964938875
-1.79835097978106	0.382953978270685
-1.79835097978106	0.382953978270685
-1.79827400712943	0.382942964938875
-3.08164138813046	0.963767470359232
-1.80197754639448	0.383903353697165
-1.79835097978106	0.382953978270685
-1.79827400712943	0.382942964938875
-1.79827400712943	0.382942964938875
-1.79827400712943	0.382942964938875
1.95706969381346	0.441073865263096
-1.79835097978106	0.382953978270685
0.152289864541204	0.0287035071443224
-1.79827400712943	0.382942964938875
0.155986207086685	0.0292416787556187
1.95791760701363	0.441280139896969
-1.79827400712943	0.382942964938875
-1.79835097978106	0.382953978270685
-1.79835097978106	0.382953978270685
1.95706969381346	0.441073865263096
-1.79835097978106	0.382953978270685
-2.57747759965585	0.66335545132302
-1.79835097978106	0.382953978270685
-1.79827400712943	0.382942964938875
-1.79827400712943	0.382942964938875
-1.79835097978106	0.382953978270685
-1.79827400712943	0.382942964938875
-1.79827400712943	0.382942964938875
-1.79827400712943	0.382942964938875
-1.79827400712943	0.382942964938875
-1.79827400712943	0.382942964938875
-1.79827400712943	0.382942964938875
-1.79835097978106	0.382953978270685
-1.79835097978106	0.382953978270685
-1.79835097978106	0.382953978270685
-1.79835097978106	0.382953978270685
-1.79827400712943	0.382942964938875
-1.79827400712943	0.382942964938875
-1.79827400712943	0.382942964938875
-1.79835097978106	0.382953978270685
-1.79835097978106	0.382953978270685
-1.79835097978106	0.382953978270685
-1.79835097978106	0.382953978270685
-1.79835097978106	0.382953978270685
-1.79835097978106	0.382953978270685
-1.80197754639448	0.383903353697165
-1.79835097978106	0.382953978270685
-1.79835097978106	0.382953978270685
-1.79835097978106	0.382953978270685
-1.79827400712943	0.382942964938875
1.95706969381346	0.441073865263096
-1.79835097978106	0.382953978270685
-1.79827400712943	0.382942964938875
-1.79827400712943	0.382942964938875
-1.79835097978106	0.382953978270685
-1.79835097978106	0.382953978270685
-1.79827400712943	0.382942964938875
-1.79835097978106	0.382953978270685
-1.80197754639448	0.383903353697165
-1.79835097978106	0.382953978270685
-1.79835097978106	0.382953978270685
-1.79835097978106	0.382953978270685
-1.79835097978106	0.382953978270685
-1.79827400712943	0.382942964938875
-1.79835097978106	0.382953978270685
-1.79827400712943	0.382942964938875
-1.79827400712943	0.382942964938875
-1.79835097978106	0.382953978270685
-2.58120409692147	0.664991486920107
-1.79827400712943	0.382942964938875
0.152567656731362	0.0287430408348264
-1.79835097978106	0.382953978270685
-1.79835097978106	0.382953978270685
-1.79827400712943	0.382942964938875
1.95791760701363	0.441280139896969
-1.79827400712943	0.382942964938875
-1.79835097978106	0.382953978270685
-1.79835097978106	0.382953978270685
-1.79827400712943	0.382942964938875
-1.79835097978106	0.382953978270685
-1.79827400712943	0.382942964938875
-2.5814875372856	0.665060440379843
-1.79827400712943	0.382942964938875
-1.79835097978106	0.382953978270685
-1.79835097978106	0.382953978270685
-1.79827400712943	0.382942964938875
-1.79835097978106	0.382953978270685
-1.79835097978106	0.382953978270685
-1.79827400712943	0.382942964938875
-1.79835097978106	0.382953978270685
-1.80197754639448	0.383903353697165
-1.79827400712943	0.382942964938875
-1.79835097978106	0.382953978270685
1.95791760701363	0.441280139896969
-1.79827400712943	0.382942964938875
-1.79827400712943	0.382942964938875
-1.79827400712943	0.382942964938875
-1.79827400712943	0.382942964938875
-1.79827400712943	0.382942964938875
-1.79827400712943	0.382942964938875
-1.79835097978106	0.382953978270685
-1.79835097978106	0.382953978270685
-1.79827400712943	0.382942964938875
-1.79827400712943	0.382942964938875
-1.79827400712943	0.382942964938875
-1.79835097978106	0.382953978270685
-1.79827400712943	0.382942964938875
-1.79835097978106	0.382953978270685
-1.79835097978106	0.382953978270685
1.95706969381346	0.441073865263096
-1.79827400712943	0.382942964938875
-1.79827400712943	0.382942964938875
-1.80197754639448	0.383903353697165
-1.79835097978106	0.382953978270685
-1.79827400712943	0.382942964938875
-1.79827400712943	0.382942964938875
-1.79827400712943	0.382942964938875
-1.79835097978106	0.382953978270685
-1.79835097978106	0.382953978270685
-1.79827400712943	0.382942964938875
-1.79835097978106	0.382953978270685
-1.79835097978106	0.382953978270685
-1.79835097978106	0.382953978270685
-2.57747759965585	0.66335545132302
-1.79827400712943	0.382942964938875
-1.79827400712943	0.382942964938875
1.95791760701363	0.441280139896969
-1.79827400712943	0.382942964938875
-1.79835097978106	0.382953978270685
-1.79835097978106	0.382953978270685
-1.79827400712943	0.382942964938875
-1.79835097978106	0.382953978270685
-1.79835097978106	0.382953978270685
-1.79835097978106	0.382953978270685
-1.79835097978106	0.382953978270685
-1.79827400712943	0.382942964938875
-1.79827400712943	0.382942964938875
-1.79835097978106	0.382953978270685
-1.79827400712943	0.382942964938875
-1.79835097978106	0.382953978270685
-3.08255415585823	0.963691003677911
-1.79835097978106	0.382953978270685
-2.57747759965585	0.66335545132302
-2.57747759965585	0.66335545132302
-1.79835097978106	0.382953978270685
-1.79835097978106	0.382953978270685
-2.58120409692147	0.664991486920107
-1.79827400712943	0.382942964938875
-0.628807341949763	0.15371861128279
0.949511917528176	0.252227362219882
-1.79827400712943	0.382942964938875
3.26252567397545	1.12093560535381
1.95706969381346	0.441073865263096
-2.5814875372856	0.665060440379843
-1.79835097978106	0.382953978270685
-2.5814875372856	0.665060440379843
-3.08209765998152	0.963916510480773
-1.79827400712943	0.382942964938875
-0.627829060935039	0.153504607197422
-1.79827400712943	0.382942964938875
-1.79827400712943	0.382942964938875
0.153526628680235	0.0288819285189665
0.152567656731362	0.0287430408348264
-1.79835097978106	0.382953978270685
-1.79835097978106	0.382953978270685
1.95791760701363	0.441280139896969
-1.79827400712943	0.382942964938875
2.75349844687128	0.768381126605175
-1.80197754639448	0.383903353697165
-1.80197754639448	0.383903353697165
-1.79835097978106	0.382953978270685
0.149464413960118	0.0283283450696208
-1.79827400712943	0.382942964938875
-2.57747759965585	0.66335545132302
-3.08164138813046	0.963767470359232
0.166084152255821	0.0418055330790301
-1.80197754639448	0.383903353697165
1.95791760701363	0.441280139896969
-1.79835097978106	0.382953978270685
-1.79827400712943	0.382942964938875
-1.79835097978106	0.382953978270685
-1.79835097978106	0.382953978270685
-1.79827400712943	0.382942964938875
-1.79835097978106	0.382953978270685
-3.4565848348623	1.23040818352441
-1.79827400712943	0.382942964938875
-2.57747759965585	0.66335545132302
-1.79835097978106	0.382953978270685
-3.08209765998152	0.963916510480773
-1.80197754639448	0.383903353697165
-1.79835097978106	0.382953978270685
-1.79827400712943	0.382942964938875
-1.79827400712943	0.382942964938875
-1.79827400712943	0.382942964938875
0.148503149870495	0.0281892610504199
-1.79835097978106	0.382953978270685
1.96040941896093	0.441936123238363
-1.80197754639448	0.383903353697165
-3.08209765998152	0.963916510480773
-0.629267545839357	0.153771215183604
-1.79835097978106	0.382953978270685
-1.79835097978106	0.382953978270685
-1.79835097978106	0.382953978270685
-1.79827400712943	0.382942964938875
-1.79827400712943	0.382942964938875
0.152567656731362	0.0287430408348264
0.152289864541204	0.0287035071443224
-2.577202278156	0.663064687208724
1.95791760701363	0.441280139896969
0.152289864541204	0.0287035071443224
-1.79827400712943	0.382942964938875
-1.79827400712943	0.382942964938875
-1.79835097978106	0.382953978270685
-1.79827400712943	0.382942964938875
-1.80197754639448	0.383903353697165
-1.79827400712943	0.382942964938875
-1.79835097978106	0.382953978270685
-1.79835097978106	0.382953978270685
-1.79827400712943	0.382942964938875
-1.79835097978106	0.382953978270685
-2.57747759965585	0.66335545132302
-1.79827400712943	0.382942964938875
-1.79835097978106	0.382953978270685
-1.79835097978106	0.382953978270685
-1.79827400712943	0.382942964938875
-1.79835097978106	0.382953978270685
-1.79827400712943	0.382942964938875
-2.57747759965585	0.66335545132302
-1.79827400712943	0.382942964938875
-1.79827400712943	0.382942964938875
-1.79827400712943	0.382942964938875
-1.79835097978106	0.382953978270685
-1.79835097978106	0.382953978270685
-1.79827400712943	0.382942964938875
-3.4565848348623	1.23040818352441
-1.79835097978106	0.382953978270685
-3.45598446335482	1.23025555319821
-2.5814875372856	0.665060440379843
-1.79827400712943	0.382942964938875
-1.79835097978106	0.382953978270685
0.947560352748164	0.251716891447637
-1.79835097978106	0.382953978270685
-1.79835097978106	0.382953978270685
0.153526628680235	0.0288819285189665
-0.342569521377039	0.0986187132378211
0.148503149870495	0.0281892610504199
-1.79827400712943	0.382942964938875
0.153247518839476	0.0288421886814327
0.153526628680235	0.0288819285189665
-1.79835097978106	0.382953978270685
-2.577202278156	0.663064687208724
-3.08255415585823	0.963691003677911
-1.79827400712943	0.382942964938875
-1.79827400712943	0.382942964938875
-3.45538437102149	1.2298802093729
-3.4565848348623	1.23040818352441
-2.57775304544287	0.66318910114962
-1.79835097978106	0.382953978270685
-1.79835097978106	0.382953978270685
-1.79835097978106	0.382953978270685
-3.08209765998152	0.963916510480773
1.95706969381346	0.441073865263096
-1.79827400712943	0.382942964938875
-1.79827400712943	0.382942964938875
-1.79827400712943	0.382942964938875
-1.79835097978106	0.382953978270685
-3.08164138813046	0.963767470359232
0.171207721440545	0.0429238305772998
-0.629636196854164	0.153977935518255
-2.57747759965585	0.66335545132302
-0.631960666018702	0.15447017218279
0.161787544386438	0.0408470066516523
-1.79827400712943	0.382942964938875
0.167679655711552	0.042156489933972
-2.5814875372856	0.665060440379843
-1.79835097978106	0.382953978270685
-0.6282908079904	0.153557595992093
0.148503149870495	0.0281892610504199
-1.80197754639448	0.383903353697165
-2.57747759965585	0.66335545132302
-1.79827400712943	0.382942964938875
-2.57747759965585	0.66335545132302
-1.79827400712943	0.382942964938875
0.153526628680235	0.0288819285189665
-1.13482941234436	0.34340642829894
-2.58120409692147	0.664991486920107
-1.79827400712943	0.382942964938875
-1.79835097978106	0.382953978270685
-1.79827400712943	0.382942964938875
-1.79835097978106	0.382953978270685
-1.79835097978106	0.382953978270685
-1.79835097978106	0.382953978270685
-2.58120409692147	0.664991486920107
-1.79827400712943	0.382942964938875
-1.79827400712943	0.382942964938875
-1.79835097978106	0.382953978270685
-0.628807341949763	0.15371861128279
-1.79835097978106	0.382953978270685
-1.79827400712943	0.382942964938875
-1.79835097978106	0.382953978270685
-1.79827400712943	0.382942964938875
-1.79827400712943	0.382942964938875
-1.79835097978106	0.382953978270685
-1.79827400712943	0.382942964938875
1.96040941896093	0.441936123238363
-1.80197754639448	0.383903353697165
-1.79827400712943	0.382942964938875
-1.79827400712943	0.382942964938875
-0.627367542213354	0.153354696036073
-1.79827400712943	0.382942964938875
-1.79827400712943	0.382942964938875
-1.79835097978106	0.382953978270685
-1.79835097978106	0.382953978270685
-1.79835097978106	0.382953978270685
-0.625500335572602	0.152962089117453
1.95791760701363	0.441280139896969
-1.79835097978106	0.382953978270685
-1.80197754639448	0.383903353697165
0.152289864541204	0.0287035071443224
-1.79835097978106	0.382953978270685
-2.577202278156	0.663064687208724
-1.79835097978106	0.382953978270685
-1.79835097978106	0.382953978270685
-1.79827400712943	0.382942964938875
-1.79835097978106	0.382953978270685
-1.79835097978106	0.382953978270685
-1.79827400712943	0.382942964938875
-1.79827400712943	0.382942964938875
-1.79835097978106	0.382953978270685
-1.79835097978106	0.382953978270685
-1.79827400712943	0.382942964938875
-1.79835097978106	0.382953978270685
-1.80197754639448	0.383903353697165
-1.79827400712943	0.382942964938875
-1.80197754639448	0.383903353697165
-0.628807341949763	0.15371861128279
-1.80197754639448	0.383903353697165
-1.79827400712943	0.382942964938875
-1.79835097978106	0.382953978270685
-2.57747759965585	0.66335545132302
-1.79835097978106	0.382953978270685
0.153247518839476	0.0288421886814327
-1.79827400712943	0.382942964938875
-1.79835097978106	0.382953978270685
-2.577202278156	0.663064687208724
-1.79835097978106	0.382953978270685
-1.79835097978106	0.382953978270685
2.7554263517449	0.769222911089782
-0.629159511493121	0.153871316504896
-1.13642797594247	0.343807560451606
3.26640660082579	1.12286745021344
-0.346493976209143	0.099688871662609
1.95706969381346	0.441073865263096
3.26252567397545	1.12093560535381
0.152289864541204	0.0287035071443224
-1.79827400712943	0.382942964938875
-2.57747759965585	0.66335545132302
0.153526628680235	0.0288819285189665
0.16707117146508	0.0420080923591852
-3.08209765998152	0.963916510480773
-2.57747759965585	0.66335545132302
-1.79835097978106	0.382953978270685
-1.80197754639448	0.383903353697165
0.152289864541204	0.0287035071443224
-1.79835097978106	0.382953978270685
0.15626975600377	0.0292821097759299
-1.79835097978106	0.382953978270685
-1.79827400712943	0.382942964938875
-1.79827400712943	0.382942964938875
-1.79827400712943	0.382942964938875
-1.79835097978106	0.382953978270685
-2.57775304544287	0.66318910114962
-1.79835097978106	0.382953978270685
-0.627829060935039	0.153504607197422
0.166691919569473	0.0419536988970269
-0.627829060935039	0.153504607197422
-1.79835097978106	0.382953978270685
-3.08209765998152	0.963916510480773
-3.46066411507937	1.23287376992561
-0.632939126134277	0.15468454480873
-1.79835097978106	0.382953978270685
-1.79827400712943	0.382942964938875
-1.80197754639448	0.383903353697165
-2.57747759965585	0.66335545132302
-1.79827400712943	0.382942964938875
-2.57775304544287	0.66318910114962
-1.79827400712943	0.382942964938875
-1.79827400712943	0.382942964938875
-1.79835097978106	0.382953978270685
-2.577202278156	0.663064687208724
-1.79827400712943	0.382942964938875
-2.57747759965585	0.66335545132302
-1.13582369620544	0.343734699942405
-2.58120409692147	0.664991486920107
-1.79827400712943	0.382942964938875
-1.79827400712943	0.382942964938875
0.152289864541204	0.0287035071443224
-1.79835097978106	0.382953978270685
-2.57747759965585	0.66335545132302
-2.58120409692147	0.664991486920107
-1.79827400712943	0.382942964938875
-1.79827400712943	0.382942964938875
-2.577202278156	0.663064687208724
-1.79827400712943	0.382942964938875
-0.627829060935039	0.153504607197422
-1.79835097978106	0.382953978270685
-1.79827400712943	0.382942964938875
-1.79835097978106	0.382953978270685
-1.79827400712943	0.382942964938875
-0.633409029549556	0.154789771896201
-1.79827400712943	0.382942964938875
1.96040941896093	0.441936123238363
-2.57775304544287	0.66318910114962
-1.79827400712943	0.382942964938875
3.26252567397545	1.12093560535381
-1.79827400712943	0.382942964938875
-1.79827400712943	0.382942964938875
-1.79835097978106	0.382953978270685
-2.57747759965585	0.66335545132302
-1.79827400712943	0.382942964938875
-2.57747759965585	0.66335545132302
-1.79827400712943	0.382942964938875
-1.79827400712943	0.382942964938875
-1.79835097978106	0.382953978270685
-1.79827400712943	0.382942964938875
-1.79827400712943	0.382942964938875
-1.79827400712943	0.382942964938875
-1.79827400712943	0.382942964938875
-1.79835097978106	0.382953978270685
-1.79827400712943	0.382942964938875
-1.79835097978106	0.382953978270685
-1.79827400712943	0.382942964938875
-2.57775304544287	0.66318910114962
-1.79835097978106	0.382953978270685
-1.79827400712943	0.382942964938875
-1.79835097978106	0.382953978270685
0.66704035312139	0.211590816937753
-2.57747759965585	0.66335545132302
0.153247518839476	0.0288421886814327
1.95706969381346	0.441073865263096
-0.627829060935039	0.153504607197422
-3.08606373064433	0.965887782759055
-0.628347365301396	0.153568930486371
-1.13642797594247	0.343807560451606
0.152289864541204	0.0287035071443224
0.166691919569473	0.0419536988970269
-1.79827400712943	0.382942964938875
-1.79827400712943	0.382942964938875
-1.79835097978106	0.382953978270685
-1.80197754639448	0.383903353697165
0.153526628680235	0.0288819285189665
-0.629159511493121	0.153871316504896
-1.79835097978106	0.382953978270685
0.165704597093625	0.0417255219351786
-2.57775304544287	0.66318910114962
1.95706969381346	0.441073865263096
-1.79835097978106	0.382953978270685
-1.79827400712943	0.382942964938875
-1.79835097978106	0.382953978270685
-1.79827400712943	0.382942964938875
-1.79827400712943	0.382942964938875
-2.577202278156	0.663064687208724
-3.08606373064433	0.965887782759055
0.153247518839476	0.0288421886814327
-1.79827400712943	0.382942964938875
-0.627829060935039	0.153504607197422
-1.79835097978106	0.382953978270685
2.75349844687128	0.768381126605175
-1.79835097978106	0.382953978270685
0.152289864541204	0.0287035071443224
0.153526628680235	0.0288819285189665
0.152289864541204	0.0287035071443224
-1.79827400712943	0.382942964938875
0.153247518839476	0.0288421886814327
-0.627829060935039	0.153504607197422
-1.79827400712943	0.382942964938875
-1.80197754639448	0.383903353697165
1.95791760701363	0.441280139896969
-1.79827400712943	0.382942964938875
-1.79827400712943	0.382942964938875
-2.58120409692147	0.664991486920107
1.96040941896093	0.441936123238363
-1.80197754639448	0.383903353697165
-2.57747759965585	0.66335545132302
-1.79835097978106	0.382953978270685
0.155986207086685	0.0292416787556187
-1.79827400712943	0.382942964938875
-2.57747759965585	0.66335545132302
0.152567656731362	0.0287430408348264
0.152567656731362	0.0287430408348264
-1.79827400712943	0.382942964938875
-1.79827400712943	0.382942964938875
0.148503149870495	0.0281892610504199
0.153247518839476	0.0288421886814327
-1.79835097978106	0.382953978270685
-1.79827400712943	0.382942964938875
-1.79827400712943	0.382942964938875
0.153247518839476	0.0288421886814327
-1.79827400712943	0.382942964938875
-0.629267545839357	0.153771215183604
-2.57775304544287	0.66318910114962
-1.79827400712943	0.382942964938875
0.15626975600377	0.0292821097759299
-1.79827400712943	0.382942964938875
-1.79827400712943	0.382942964938875
-1.79827400712943	0.382942964938875
-1.79835097978106	0.382953978270685
-1.79835097978106	0.382953978270685
-1.79827400712943	0.382942964938875
-1.79827400712943	0.382942964938875
-1.79827400712943	0.382942964938875
-1.13582369620544	0.343734699942405
-1.79835097978106	0.382953978270685
-2.577202278156	0.663064687208724
-2.57747759965585	0.66335545132302
-2.57747759965585	0.66335545132302
-1.79827400712943	0.382942964938875
-1.79827400712943	0.382942964938875
-1.79835097978106	0.382953978270685
-1.79827400712943	0.382942964938875
-1.79835097978106	0.382953978270685
-1.80197754639448	0.383903353697165
-1.79827400712943	0.382942964938875
-1.79835097978106	0.382953978270685
-1.79827400712943	0.382942964938875
-1.79827400712943	0.382942964938875
0.153526628680235	0.0288819285189665
0.152567656731362	0.0287430408348264
-1.79835097978106	0.382953978270685
-1.79827400712943	0.382942964938875
-1.79827400712943	0.382942964938875
-1.80197754639448	0.383903353697165
-0.629267545839357	0.153771215183604
-2.57747759965585	0.66335545132302
-0.633409029549556	0.154789771896201
-1.79835097978106	0.382953978270685
-1.79835097978106	0.382953978270685
1.95791760701363	0.441280139896969
1.95706969381346	0.441073865263096
-1.79827400712943	0.382942964938875
-1.79827400712943	0.382942964938875
-2.577202278156	0.663064687208724
-1.79835097978106	0.382953978270685
-1.79835097978106	0.382953978270685
-2.57747759965585	0.66335545132302
-2.57775304544287	0.66318910114962
1.95791760701363	0.441280139896969
-2.57747759965585	0.66335545132302
-1.79827400712943	0.382942964938875
-1.79835097978106	0.382953978270685
-1.79835097978106	0.382953978270685
0.161787544386438	0.0408470066516523
-3.08209765998152	0.963916510480773
-1.79835097978106	0.382953978270685
-2.57747759965585	0.66335545132302
-2.06245951802953	0.938660446621569
2.75446121880292	0.769079402442662
-0.628347365301396	0.153568930486371
-1.79835097978106	0.382953978270685
-1.79835097978106	0.382953978270685
-1.80197754639448	0.383903353697165
-1.79835097978106	0.382953978270685
-1.79827400712943	0.382942964938875
-2.5814875372856	0.665060440379843
-2.57747759965585	0.66335545132302
-1.79827400712943	0.382942964938875
-2.57775304544287	0.66318910114962
-1.79835097978106	0.382953978270685
-2.577202278156	0.663064687208724
1.95791760701363	0.441280139896969
-1.80197754639448	0.383903353697165
-1.79835097978106	0.382953978270685
-2.5814875372856	0.665060440379843
-1.79835097978106	0.382953978270685
-1.79835097978106	0.382953978270685
-1.79827400712943	0.382942964938875
-1.79827400712943	0.382942964938875
-1.79835097978106	0.382953978270685
-1.13582369620544	0.343734699942405
-0.6282908079904	0.153557595992093
0.152207512413174	0.0287281007494042
-1.79827400712943	0.382942964938875
-1.79827400712943	0.382942964938875
0.153247518839476	0.0288421886814327
0.166691919569473	0.0419536988970269
-1.79835097978106	0.382953978270685
-1.79835097978106	0.382953978270685
-1.14009620739235	0.345227889980206
-3.08164138813046	0.963767470359232
-1.79835097978106	0.382953978270685
-1.79835097978106	0.382953978270685
2.75446121880292	0.769079402442662
-1.81500400399229	0.739710597985082
-1.79835097978106	0.382953978270685
-1.79835097978106	0.382953978270685
-1.79835097978106	0.382953978270685
-1.79827400712943	0.382942964938875
-1.79827400712943	0.382942964938875
-2.57775304544287	0.66318910114962
2.75819631171964	0.770700477263471
-2.577202278156	0.663064687208724
-1.79835097978106	0.382953978270685
-1.80197754639448	0.383903353697165
-1.79835097978106	0.382953978270685
0.152567656731362	0.0287430408348264
0.951331866170054	0.252756684317784
-0.632939126134277	0.15468454480873
-1.79827400712943	0.382942964938875
0.15626975600377	0.0292821097759299
-1.79835097978106	0.382953978270685
-0.627829060935039	0.153504607197422
0.152567656731362	0.0287430408348264
-1.79835097978106	0.382953978270685
-1.79827400712943	0.382942964938875
-1.79827400712943	0.382942964938875
-2.57747759965585	0.66335545132302
-2.577202278156	0.663064687208724
-1.79827400712943	0.382942964938875
-2.57747759965585	0.66335545132302
-1.79835097978106	0.382953978270685
0.152207512413174	0.0287281007494042
0.155986207086685	0.0292416787556187
0.153526628680235	0.0288819285189665
-1.79827400712943	0.382942964938875
-1.80197754639448	0.383903353697165
-0.625500335572602	0.152962089117453
-1.79827400712943	0.382942964938875
-1.79827400712943	0.382942964938875
-1.79835097978106	0.382953978270685
-1.79827400712943	0.382942964938875
-1.79827400712943	0.382942964938875
-1.79835097978106	0.382953978270685
-1.80197754639448	0.383903353697165
-3.08652986879455	0.965774290031657
-1.79835097978106	0.382953978270685
-1.79827400712943	0.382942964938875
-2.57775304544287	0.66318910114962
-1.79827400712943	0.382942964938875
-1.79835097978106	0.382953978270685
-1.79827400712943	0.382942964938875
0.153526628680235	0.0288819285189665
-1.79827400712943	0.382942964938875
-2.57747759965585	0.66335545132302
-1.79827400712943	0.382942964938875
-1.80197754639448	0.383903353697165
-1.80197754639448	0.383903353697165
-1.79827400712943	0.382942964938875
-2.577202278156	0.663064687208724
0.152289864541204	0.0287035071443224
0.171207721440545	0.0429238305772998
-1.13482941234436	0.34340642829894
0.153247518839476	0.0288421886814327
-0.343557529393447	0.098858556674811
0.166691919569473	0.0419536988970269
-0.72013323546054	0.247288973526613
-1.79827400712943	0.382942964938875
0.152289864541204	0.0287035071443224
-1.79827400712943	0.382942964938875
-1.79835097978106	0.382953978270685
-1.79827400712943	0.382942964938875
-1.79835097978106	0.382953978270685
-2.57747759965585	0.66335545132302
-1.79835097978106	0.382953978270685
-0.627367542213354	0.153354696036073
-1.79835097978106	0.382953978270685
-2.58120409692147	0.664991486920107
-1.80197754639448	0.383903353697165
-1.79835097978106	0.382953978270685
0.152289864541204	0.0287035071443224
-2.57775304544287	0.66318910114962
-2.58120409692147	0.664991486920107
-1.79827400712943	0.382942964938875
-1.79835097978106	0.382953978270685
0.153247518839476	0.0288421886814327
-2.57747759965585	0.66335545132302
-3.75530690635197	1.48758661786965
-1.13543440488342	0.343479590196383
-1.80197754639448	0.383903353697165
-1.79835097978106	0.382953978270685
-1.13422470394875	0.343215945535417
0.149464413960118	0.0283283450696208
-1.79835097978106	0.382953978270685
-2.57747759965585	0.66335545132302
-1.79827400712943	0.382942964938875
-1.79827400712943	0.382942964938875
-1.79827400712943	0.382942964938875
-1.80197754639448	0.383903353697165
-1.79835097978106	0.382953978270685
-1.79835097978106	0.382953978270685
-1.80197754639448	0.383903353697165
-0.628807341949763	0.15371861128279
-0.6282908079904	0.153557595992093
-1.79827400712943	0.382942964938875
1.95791760701363	0.441280139896969
0.153526628680235	0.0288819285189665
-1.79827400712943	0.382942964938875
-1.79835097978106	0.382953978270685
-1.79827400712943	0.382942964938875
-1.79835097978106	0.382953978270685
-1.79827400712943	0.382942964938875
1.95706969381346	0.441073865263096
-1.79827400712943	0.382942964938875
-2.58120409692147	0.664991486920107
-2.57747759965585	0.66335545132302
-1.79835097978106	0.382953978270685
-1.79835097978106	0.382953978270685
-1.79827400712943	0.382942964938875
-1.79827400712943	0.382942964938875
-3.08164138813046	0.963767470359232
-0.627829060935039	0.153504607197422
0.153526628680235	0.0288819285189665
-1.80197754639448	0.383903353697165
-1.79835097978106	0.382953978270685
-2.57747759965585	0.66335545132302
-2.57775304544287	0.66318910114962
-1.79835097978106	0.382953978270685
-1.79835097978106	0.382953978270685
0.152567656731362	0.0287430408348264
-1.79835097978106	0.382953978270685
-1.79827400712943	0.382942964938875
-1.79827400712943	0.382942964938875
-1.79827400712943	0.382942964938875
-1.79835097978106	0.382953978270685
-2.57775304544287	0.66318910114962
-1.79835097978106	0.382953978270685
-1.79827400712943	0.382942964938875
-1.79827400712943	0.382942964938875
-1.79835097978106	0.382953978270685
-1.79835097978106	0.382953978270685
-1.79835097978106	0.382953978270685
-2.57747759965585	0.66335545132302
-1.79827400712943	0.382942964938875
-2.57747759965585	0.66335545132302
-3.08209765998152	0.963916510480773
-1.79835097978106	0.382953978270685
-1.79827400712943	0.382942964938875
-1.79835097978106	0.382953978270685
-1.79835097978106	0.382953978270685
-2.577202278156	0.663064687208724
-1.79827400712943	0.382942964938875
-2.57775304544287	0.66318910114962
-1.79835097978106	0.382953978270685
-3.08209765998152	0.963916510480773
0.948535538575274	0.252058145640786
-2.5814875372856	0.665060440379843
0.152567656731362	0.0287430408348264
-1.79835097978106	0.382953978270685
1.95706969381346	0.441073865263096
0.153247518839476	0.0288421886814327
-1.79827400712943	0.382942964938875
-1.79827400712943	0.382942964938875
-1.79827400712943	0.382942964938875
-1.79827400712943	0.382942964938875
-1.79835097978106	0.382953978270685
-1.79827400712943	0.382942964938875
-1.79827400712943	0.382942964938875
-2.57775304544287	0.66318910114962
-2.57747759965585	0.66335545132302
-1.80197754639448	0.383903353697165
-2.57747759965585	0.66335545132302
-1.79827400712943	0.382942964938875
-2.57747759965585	0.66335545132302
0.153526628680235	0.0288819285189665
-1.79835097978106	0.382953978270685
-1.79835097978106	0.382953978270685
-1.79835097978106	0.382953978270685
-1.79835097978106	0.382953978270685
-1.79835097978106	0.382953978270685
-1.13521969998424	0.343544374381215
0.152289864541204	0.0287035071443224
-1.79827400712943	0.382942964938875
-1.79827400712943	0.382942964938875
-1.13190405565215	0.342469779892572
-1.79827400712943	0.382942964938875
-1.79835097978106	0.382953978270685
-1.79835097978106	0.382953978270685
-2.577202278156	0.663064687208724
-1.79827400712943	0.382942964938875
-1.79827400712943	0.382942964938875
1.95706969381346	0.441073865263096
-2.57775304544287	0.66318910114962
-1.79827400712943	0.382942964938875
-2.577202278156	0.663064687208724
-1.79835097978106	0.382953978270685
-1.79835097978106	0.382953978270685
-1.79835097978106	0.382953978270685
-2.57747759965585	0.66335545132302
-1.79835097978106	0.382953978270685
-2.57747759965585	0.66335545132302
-1.79827400712943	0.382942964938875
-1.79827400712943	0.382942964938875
-1.80197754639448	0.383903353697165
-2.57775304544287	0.66318910114962
-1.79835097978106	0.382953978270685
1.95706969381346	0.441073865263096
-1.79827400712943	0.382942964938875
-1.79835097978106	0.382953978270685
3.26352329858721	1.1213740078214
-1.79827400712943	0.382942964938875
-1.79835097978106	0.382953978270685
1.95706969381346	0.441073865263096
-1.79827400712943	0.382942964938875
-1.79827400712943	0.382942964938875
-1.79835097978106	0.382953978270685
-1.79835097978106	0.382953978270685
-2.577202278156	0.663064687208724
-1.79827400712943	0.382942964938875
-1.79827400712943	0.382942964938875
-1.79835097978106	0.382953978270685
-1.79827400712943	0.382942964938875
-1.79827400712943	0.382942964938875
0.153247518839476	0.0288421886814327
-2.577202278156	0.663064687208724
-2.577202278156	0.663064687208724
0.153526628680235	0.0288819285189665
-1.79827400712943	0.382942964938875
-2.57747759965585	0.66335545132302
-0.627829060935039	0.153504607197422
-1.79835097978106	0.382953978270685
-2.577202278156	0.663064687208724
-1.79827400712943	0.382942964938875
-1.79827400712943	0.382942964938875
-1.79827400712943	0.382942964938875
-1.79827400712943	0.382942964938875
-1.79827400712943	0.382942964938875
-1.79827400712943	0.382942964938875
-2.577202278156	0.663064687208724
-1.79835097978106	0.382953978270685
-1.80197754639448	0.383903353697165
-2.577202278156	0.663064687208724
-0.629267545839357	0.153771215183604
-1.80197754639448	0.383903353697165
-1.79835097978106	0.382953978270685
0.165704597093625	0.0417255219351786
-1.79835097978106	0.382953978270685
0.148503149870495	0.0281892610504199
0.153526628680235	0.0288819285189665
-1.79827400712943	0.382942964938875
-2.57747759965585	0.66335545132302
-1.79835097978106	0.382953978270685
-1.79835097978106	0.382953978270685
0.947560352748164	0.251716891447637
0.153526628680235	0.0288819285189665
0.148503149870495	0.0281892610504199
0.152289864541204	0.0287035071443224
0.153526628680235	0.0288819285189665
-0.628807341949763	0.15371861128279
-1.79835097978106	0.382953978270685
1.45514143110378	0.482646568994266
-1.13582369620544	0.343734699942405
0.167679655711552	0.042156489933972
-1.79835097978106	0.382953978270685
-0.628807341949763	0.15371861128279
-1.79835097978106	0.382953978270685
2.75446121880292	0.769079402442662
-1.79827400712943	0.382942964938875
-2.57775304544287	0.66318910114962
-3.08118534013847	0.963229045953577
1.95706969381346	0.441073865263096
-1.79827400712943	0.382942964938875
-0.629267545839357	0.153771215183604
-1.79827400712943	0.382942964938875
-2.57747759965585	0.66335545132302
-2.57747759965585	0.66335545132302
-2.57775304544287	0.66318910114962
-2.577202278156	0.663064687208724
-0.632939126134277	0.15468454480873
-2.577202278156	0.663064687208724
0.149464413960118	0.0283283450696208
-1.80197754639448	0.383903353697165
-1.79835097978106	0.382953978270685
-1.79835097978106	0.382953978270685
0.155986207086685	0.0292416787556187
-1.79835097978106	0.382953978270685
-1.79827400712943	0.382942964938875
-1.79835097978106	0.382953978270685
-1.79827400712943	0.382942964938875
0.948535538575274	0.252058145640786
-0.629267545839357	0.153771215183604
-0.628807341949763	0.15371861128279
-1.79835097978106	0.382953978270685
-1.79835097978106	0.382953978270685
-1.79835097978106	0.382953978270685
-1.79827400712943	0.382942964938875
-0.627829060935039	0.153504607197422
-1.79835097978106	0.382953978270685
0.153247518839476	0.0288421886814327
0.152289864541204	0.0287035071443224
0.155986207086685	0.0292416787556187
-1.79835097978106	0.382953978270685
-1.79827400712943	0.382942964938875
-1.79827400712943	0.382942964938875
-1.80197754639448	0.383903353697165
-2.577202278156	0.663064687208724
-1.79827400712943	0.382942964938875
-2.577202278156	0.663064687208724
-2.57747759965585	0.66335545132302
-0.632432130022522	0.154575713959717
-1.79835097978106	0.382953978270685
-1.79827400712943	0.382942964938875
-1.79827400712943	0.382942964938875
-2.58120409692147	0.664991486920107
-1.79827400712943	0.382942964938875
-1.79827400712943	0.382942964938875
-1.79835097978106	0.382953978270685
0.152289864541204	0.0287035071443224
-1.79827400712943	0.382942964938875
-2.57747759965585	0.66335545132302
0.148503149870495	0.0281892610504199
-1.79835097978106	0.382953978270685
-1.79827400712943	0.382942964938875
-1.79827400712943	0.382942964938875
-1.79827400712943	0.382942964938875
-1.79835097978106	0.382953978270685
-1.79827400712943	0.382942964938875
-1.79835097978106	0.382953978270685
-1.79827400712943	0.382942964938875
-1.79827400712943	0.382942964938875
-1.79835097978106	0.382953978270685
-1.80197754639448	0.383903353697165
0.152567656731362	0.0287430408348264
-1.79835097978106	0.382953978270685
-2.5814875372856	0.665060440379843
-1.79835097978106	0.382953978270685
-0.628807341949763	0.15371861128279
-1.79835097978106	0.382953978270685
-1.79827400712943	0.382942964938875
-1.79827400712943	0.382942964938875
-1.79835097978106	0.382953978270685
-1.79835097978106	0.382953978270685
0.153526628680235	0.0288819285189665
-2.57775304544287	0.66318910114962
-1.79835097978106	0.382953978270685
-1.79827400712943	0.382942964938875
-1.80197754639448	0.383903353697165
-2.57775304544287	0.66318910114962
-1.51395570496283	0.539857861420258
1.95706969381346	0.441073865263096
-3.46066411507937	1.23287376992561
-2.577202278156	0.663064687208724
0.152567656731362	0.0287430408348264
-1.13482941234436	0.34340642829894
-1.79827400712943	0.382942964938875
-0.6282908079904	0.153557595992093
-0.340780759226789	0.0980802617963696
-1.13129699285405	0.342278739405472
-1.79827400712943	0.382942964938875
0.947560352748164	0.251716891447637
-1.79835097978106	0.382953978270685
-1.79827400712943	0.382942964938875
-1.79835097978106	0.382953978270685
-1.79827400712943	0.382942964938875
-1.79835097978106	0.382953978270685
0.152289864541204	0.0287035071443224
-0.6282908079904	0.153557595992093
-3.08255415585823	0.963691003677911
-1.80197754639448	0.383903353697165
-1.79827400712943	0.382942964938875
-1.79835097978106	0.382953978270685
-1.79827400712943	0.382942964938875
-1.79827400712943	0.382942964938875
-1.79827400712943	0.382942964938875
-2.5814875372856	0.665060440379843
-1.79835097978106	0.382953978270685
-1.79827400712943	0.382942964938875
-2.577202278156	0.663064687208724
-1.79835097978106	0.382953978270685
-2.58120409692147	0.664991486920107
-1.79835097978106	0.382953978270685
-1.79827400712943	0.382942964938875
-1.79827400712943	0.382942964938875
-1.79835097978106	0.382953978270685
1.95791760701363	0.441280139896969
-1.79827400712943	0.382942964938875
0.152567656731362	0.0287430408348264
-1.79827400712943	0.382942964938875
-2.577202278156	0.663064687208724
0.152289864541204	0.0287035071443224
-1.79835097978106	0.382953978270685
0.152567656731362	0.0287430408348264
-2.577202278156	0.663064687208724
-1.79835097978106	0.382953978270685
-0.627367542213354	0.153354696036073
-1.79835097978106	0.382953978270685
-1.79835097978106	0.382953978270685
-1.79835097978106	0.382953978270685
-1.51853446946828	0.541976089171892
0.152567656731362	0.0287430408348264
-1.80197754639448	0.383903353697165
-1.80197754639448	0.383903353697165
-1.79827400712943	0.382942964938875
-1.79827400712943	0.382942964938875
-1.79835097978106	0.382953978270685
-1.79827400712943	0.382942964938875
-1.80197754639448	0.383903353697165
-1.79827400712943	0.382942964938875
1.96040941896093	0.441936123238363
-1.79835097978106	0.382953978270685
-1.79835097978106	0.382953978270685
-1.80197754639448	0.383903353697165
-3.08164138813046	0.963767470359232
-1.79827400712943	0.382942964938875
-1.79827400712943	0.382942964938875
-1.79835097978106	0.382953978270685
0.165704597093625	0.0417255219351786
-1.79835097978106	0.382953978270685
-1.79835097978106	0.382953978270685
1.95791760701363	0.441280139896969
-1.79827400712943	0.382942964938875
-1.79835097978106	0.382953978270685
-2.57747759965585	0.66335545132302
-1.79827400712943	0.382942964938875
-2.57747759965585	0.66335545132302
-1.79827400712943	0.382942964938875
-1.79827400712943	0.382942964938875
-1.79835097978106	0.382953978270685
-1.80197754639448	0.383903353697165
-1.79835097978106	0.382953978270685
-1.79827400712943	0.382942964938875
-2.577202278156	0.663064687208724
-1.13521969998424	0.343544374381215
-1.79827400712943	0.382942964938875
-0.625500335572602	0.152962089117453
-2.577202278156	0.663064687208724
-3.08209765998152	0.963916510480773
-2.57775304544287	0.66318910114962
-1.79827400712943	0.382942964938875
-1.79827400712943	0.382942964938875
-1.79827400712943	0.382942964938875
0.148503149870495	0.0281892610504199
-2.577202278156	0.663064687208724
1.95706969381346	0.441073865263096
-2.58120409692147	0.664991486920107
-1.79827400712943	0.382942964938875
-3.08164138813046	0.963767470359232
-1.79827400712943	0.382942964938875
-1.79835097978106	0.382953978270685
0.155986207086685	0.0292416787556187
-1.79827400712943	0.382942964938875
-0.628347365301396	0.153568930486371
-1.79827400712943	0.382942964938875
-1.79827400712943	0.382942964938875
0.15626975600377	0.0292821097759299
-1.79827400712943	0.382942964938875
-0.629159511493121	0.153871316504896
-3.45538437102149	1.2298802093729
-1.79827400712943	0.382942964938875
-2.58120409692147	0.664991486920107
-1.52246168976357	0.543554490442396
-1.79827400712943	0.382942964938875
-0.627367542213354	0.153354696036073
-1.79827400712943	0.382942964938875
-2.5814875372856	0.665060440379843
-1.79827400712943	0.382942964938875
0.153247518839476	0.0288421886814327
-1.79827400712943	0.382942964938875
-1.79835097978106	0.382953978270685
-1.79827400712943	0.382942964938875
-2.57775304544287	0.66318910114962
1.95706969381346	0.441073865263096
-2.57747759965585	0.66335545132302
0.155986207086685	0.0292416787556187
-1.80197754639448	0.383903353697165
-1.79827400712943	0.382942964938875
-1.79835097978106	0.382953978270685
-1.79827400712943	0.382942964938875
-1.79827400712943	0.382942964938875
-1.80197754639448	0.383903353697165
-1.79835097978106	0.382953978270685
2.75722496636877	0.770257049482932
1.95791760701363	0.441280139896969
-1.79827400712943	0.382942964938875
-1.79827400712943	0.382942964938875
-1.79835097978106	0.382953978270685
-1.79835097978106	0.382953978270685
-2.577202278156	0.663064687208724
-1.79827400712943	0.382942964938875
-2.57747759965585	0.66335545132302
-0.627367542213354	0.153354696036073
-1.79835097978106	0.382953978270685
-1.79827400712943	0.382942964938875
-0.628807341949763	0.15371861128279
-1.79827400712943	0.382942964938875
-1.79835097978106	0.382953978270685
-1.79835097978106	0.382953978270685
-1.79827400712943	0.382942964938875
0.149464413960118	0.0283283450696208
0.153247518839476	0.0288421886814327
-1.79827400712943	0.382942964938875
-1.79835097978106	0.382953978270685
-2.57747759965585	0.66335545132302
-2.577202278156	0.663064687208724
1.95706969381346	0.441073865263096
-1.79827400712943	0.382942964938875
-1.79835097978106	0.382953978270685
-1.79827400712943	0.382942964938875
-1.80197754639448	0.383903353697165
-1.79827400712943	0.382942964938875
-1.79827400712943	0.382942964938875
1.96040941896093	0.441936123238363
1.95791760701363	0.441280139896969
-1.79835097978106	0.382953978270685
-1.79827400712943	0.382942964938875
-1.79827400712943	0.382942964938875
-2.57747759965585	0.66335545132302
-2.57775304544287	0.66318910114962
-3.08164138813046	0.963767470359232
0.152567656731362	0.0287430408348264
0.152567656731362	0.0287430408348264
-0.632939126134277	0.15468454480873
0.152567656731362	0.0287430408348264
-3.75875127852753	1.48993252551164
-3.08209765998152	0.963916510480773
-3.08164138813046	0.963767470359232
-1.79827400712943	0.382942964938875
-0.632939126134277	0.15468454480873
-0.338812598915516	0.0975423827176717
-3.08559782341753	0.965445184573826
-1.79835097978106	0.382953978270685
-0.628807341949763	0.15371861128279
0.952312839774606	0.25302018984475
-1.79835097978106	0.382953978270685
-2.57747759965585	0.66335545132302
-1.13461598703551	0.343230613786831
-0.342235478378113	0.0984932623692754
-3.08118534013847	0.963229045953577
-2.58120409692147	0.664991486920107
-1.13582369620544	0.343734699942405
-1.13521969998424	0.343544374381215
0.152567656731362	0.0287430408348264
-0.725462519324565	0.249202983263282
-3.46005827230016	1.23260132520798
-2.577202278156	0.663064687208724
-2.58120409692147	0.664991486920107
0.148503149870495	0.0281892610504199
0.15626975600377	0.0292821097759299
-1.80197754639448	0.383903353697165
-1.79835097978106	0.382953978270685
0.149464413960118	0.0283283450696208
0.166691919569473	0.0419536988970269
-1.79835097978106	0.382953978270685
-2.57747759965585	0.66335545132302
-1.80197754639448	0.383903353697165
-2.58120409692147	0.664991486920107
-1.79835097978106	0.382953978270685
-1.79827400712943	0.382942964938875
-1.79827400712943	0.382942964938875
-1.79827400712943	0.382942964938875
-1.79827400712943	0.382942964938875
-1.79827400712943	0.382942964938875
-1.79835097978106	0.382953978270685
-1.79827400712943	0.382942964938875
-1.79827400712943	0.382942964938875
0.153247518839476	0.0288421886814327
-1.79835097978106	0.382953978270685
-3.45945271347814	1.2319108744944
-1.79827400712943	0.382942964938875
-1.13642797594247	0.343807560451606
-1.79835097978106	0.382953978270685
-1.79835097978106	0.382953978270685
-1.80197754639448	0.383903353697165
-1.79835097978106	0.382953978270685
-1.79827400712943	0.382942964938875
-2.57747759965585	0.66335545132302
-2.57747759965585	0.66335545132302
-2.5814875372856	0.665060440379843
-1.79827400712943	0.382942964938875
-3.08606373064433	0.965887782759055
-1.79835097978106	0.382953978270685
-1.79835097978106	0.382953978270685
-1.79835097978106	0.382953978270685
-1.79835097978106	0.382953978270685
-1.79827400712943	0.382942964938875
-2.57747759965585	0.66335545132302
-2.57747759965585	0.66335545132302
-1.79827400712943	0.382942964938875
1.95706969381346	0.441073865263096
-1.79827400712943	0.382942964938875
-1.80197754639448	0.383903353697165
-1.79827400712943	0.382942964938875
-0.624566751454544	0.152757086863399
-1.79835097978106	0.382953978270685
0.152289864541204	0.0287035071443224
-0.628807341949763	0.15371861128279
-0.629267545839357	0.153771215183604
-2.57747759965585	0.66335545132302
-1.79835097978106	0.382953978270685
-0.631960666018702	0.15447017218279
-0.628807341949763	0.15371861128279
-1.79827400712943	0.382942964938875
-1.79827400712943	0.382942964938875
-1.79827400712943	0.382942964938875
-1.79835097978106	0.382953978270685
-1.79835097978106	0.382953978270685
-2.577202278156	0.663064687208724
-1.79835097978106	0.382953978270685
-1.79827400712943	0.382942964938875
1.95706969381346	0.441073865263096
-1.79827400712943	0.382942964938875
-2.58120409692147	0.664991486920107
-2.58120409692147	0.664991486920107
-1.79827400712943	0.382942964938875
-1.79827400712943	0.382942964938875
-1.79827400712943	0.382942964938875
-1.79835097978106	0.382953978270685
-2.577202278156	0.663064687208724
-1.79835097978106	0.382953978270685
-1.79827400712943	0.382942964938875
-2.57775304544287	0.66318910114962
-2.06662398040717	0.940955218026655
0.153526628680235	0.0288819285189665
-1.79827400712943	0.382942964938875
-1.79835097978106	0.382953978270685
-1.79827400712943	0.382942964938875
-1.79827400712943	0.382942964938875
-2.577202278156	0.663064687208724
1.95706969381346	0.441073865263096
-3.45538437102149	1.2298802093729
-0.628807341949763	0.15371861128279
-1.79835097978106	0.382953978270685
0.152567656731362	0.0287430408348264
-0.629267545839357	0.153771215183604
-1.79827400712943	0.382942964938875
-1.79827400712943	0.382942964938875
-1.79827400712943	0.382942964938875
-1.79827400712943	0.382942964938875
-1.13521969998424	0.343544374381215
0.148503149870495	0.0281892610504199
0.152567656731362	0.0287430408348264
-1.79827400712943	0.382942964938875
-3.08209765998152	0.963916510480773
-2.5814875372856	0.665060440379843
-1.79827400712943	0.382942964938875
-1.79835097978106	0.382953978270685
-3.08118534013847	0.963229045953577
-1.79827400712943	0.382942964938875
-0.627367542213354	0.153354696036073
1.95706969381346	0.441073865263096
-2.58120409692147	0.664991486920107
-1.79827400712943	0.382942964938875
-1.79827400712943	0.382942964938875
-1.13461598703551	0.343230613786831
-2.57775304544287	0.66318910114962
-1.79827400712943	0.382942964938875
-1.79835097978106	0.382953978270685
-1.79827400712943	0.382942964938875
-1.79827400712943	0.382942964938875
-0.6282908079904	0.153557595992093
-1.79835097978106	0.382953978270685
0.153247518839476	0.0288421886814327
-1.79827400712943	0.382942964938875
-2.58120409692147	0.664991486920107
-0.628807341949763	0.15371861128279
-1.79827400712943	0.382942964938875
-2.57747759965585	0.66335545132302
-1.79827400712943	0.382942964938875
-1.79835097978106	0.382953978270685
-1.79827400712943	0.382942964938875
-1.79827400712943	0.382942964938875
-1.79827400712943	0.382942964938875
-1.79827400712943	0.382942964938875
-1.79835097978106	0.382953978270685
0.152289864541204	0.0287035071443224
-1.79827400712943	0.382942964938875
-1.79827400712943	0.382942964938875
-1.79835097978106	0.382953978270685
-3.08606373064433	0.965887782759055
-1.79827400712943	0.382942964938875
-1.51754153600569	0.541527764023226
0.947560352748164	0.251716891447637
-2.5814875372856	0.665060440379843
0.152567656731362	0.0287430408348264
-1.79835097978106	0.382953978270685
-1.79827400712943	0.382942964938875
-1.79827400712943	0.382942964938875
-1.13521969998424	0.343544374381215
-1.79835097978106	0.382953978270685
-1.79835097978106	0.382953978270685
-1.79835097978106	0.382953978270685
-2.57747759965585	0.66335545132302
-3.08164138813046	0.963767470359232
-1.79827400712943	0.382942964938875
-1.79835097978106	0.382953978270685
-1.80197754639448	0.383903353697165
-1.79835097978106	0.382953978270685
-0.624566751454544	0.152757086863399
-0.627367542213354	0.153354696036073
-2.57775304544287	0.66318910114962
-1.79835097978106	0.382953978270685
-3.08559782341753	0.965445184573826
-1.79827400712943	0.382942964938875
0.152289864541204	0.0287035071443224
-1.79827400712943	0.382942964938875
-1.79827400712943	0.382942964938875
-0.633409029549556	0.154789771896201
-1.79827400712943	0.382942964938875
-1.79827400712943	0.382942964938875
-1.13482941234436	0.34340642829894
3.26352329858721	1.1213740078214
-1.79835097978106	0.382953978270685
-1.79835097978106	0.382953978270685
-2.57775304544287	0.66318910114962
0.153247518839476	0.0288421886814327
0.947560352748164	0.251716891447637
-1.79835097978106	0.382953978270685
-2.57775304544287	0.66318910114962
-2.57747759965585	0.66335545132302
-1.79827400712943	0.382942964938875
-1.79835097978106	0.382953978270685
-3.08606373064433	0.965887782759055
0.166084152255821	0.0418055330790301
-0.6282908079904	0.153557595992093
-1.79827400712943	0.382942964938875
-1.79827400712943	0.382942964938875
-1.79827400712943	0.382942964938875
-1.79835097978106	0.382953978270685
-2.577202278156	0.663064687208724
-2.57747759965585	0.66335545132302
0.148503149870495	0.0281892610504199
-1.79827400712943	0.382942964938875
-1.79835097978106	0.382953978270685
-0.624566751454544	0.152757086863399
-2.577202278156	0.663064687208724
-1.79827400712943	0.382942964938875
0.152567656731362	0.0287430408348264
-1.79835097978106	0.382953978270685
-0.624566751454544	0.152757086863399
-3.08164138813046	0.963767470359232
-2.577202278156	0.663064687208724
-1.79835097978106	0.382953978270685
-1.80197754639448	0.383903353697165
-1.79827400712943	0.382942964938875
-2.58120409692147	0.664991486920107
-1.80197754639448	0.383903353697165
-0.628807341949763	0.15371861128279
0.155986207086685	0.0292416787556187
-1.79835097978106	0.382953978270685
0.152567656731362	0.0287430408348264
-1.79827400712943	0.382942964938875
-2.58524212677275	0.666574749875287
0.153247518839476	0.0288421886814327
-1.79835097978106	0.382953978270685
-1.79835097978106	0.382953978270685
-0.628347365301396	0.153568930486371
0.15626975600377	0.0292821097759299
0.155986207086685	0.0292416787556187
-1.79827400712943	0.382942964938875
-1.79835097978106	0.382953978270685
-1.79827400712943	0.382942964938875
-1.79835097978106	0.382953978270685
-1.79835097978106	0.382953978270685
-1.79827400712943	0.382942964938875
-1.79835097978106	0.382953978270685
-1.79827400712943	0.382942964938875
-1.79835097978106	0.382953978270685
-1.79835097978106	0.382953978270685
-1.80197754639448	0.383903353697165
-1.79835097978106	0.382953978270685
-1.79827400712943	0.382942964938875
-1.79835097978106	0.382953978270685
-1.79835097978106	0.382953978270685
-1.79827400712943	0.382942964938875
-1.79835097978106	0.382953978270685
-1.79835097978106	0.382953978270685
-1.79835097978106	0.382953978270685
0.152289864541204	0.0287035071443224
-1.79827400712943	0.382942964938875
-0.629636196854164	0.153977935518255
-2.577202278156	0.663064687208724
-1.79827400712943	0.382942964938875
-1.79835097978106	0.382953978270685
-1.79827400712943	0.382942964938875
-1.80197754639448	0.383903353697165
-1.80197754639448	0.383903353697165
-3.45538437102149	1.2298802093729
-2.58120409692147	0.664991486920107
-1.79835097978106	0.382953978270685
-1.79835097978106	0.382953978270685
-1.79835097978106	0.382953978270685
-1.79827400712943	0.382942964938875
-1.79835097978106	0.382953978270685
-2.577202278156	0.663064687208724
-1.79827400712943	0.382942964938875
-1.80197754639448	0.383903353697165
-1.79835097978106	0.382953978270685
-3.08164138813046	0.963767470359232
-1.79835097978106	0.382953978270685
-1.79835097978106	0.382953978270685
-2.577202278156	0.663064687208724
-1.80197754639448	0.383903353697165
1.95791760701363	0.441280139896969
-2.58120409692147	0.664991486920107
-1.79835097978106	0.382953978270685
-1.14009620739235	0.345227889980206
1.45316902836548	0.481724936898338
-0.72013323546054	0.247288973526613
-3.08209765998152	0.963916510480773
-0.632432130022522	0.154575713959717
-0.628347365301396	0.153568930486371
-1.13948670365002	0.344942610687521
-1.79827400712943	0.382942964938875
0.148503149870495	0.0281892610504199
-0.628347365301396	0.153568930486371
0.152289864541204	0.0287035071443224
0.152567656731362	0.0287430408348264
-2.57775304544287	0.66318910114962
-2.57747759965585	0.66335545132302
-2.57747759965585	0.66335545132302
0.155986207086685	0.0292416787556187
1.95706969381346	0.441073865263096
-3.08164138813046	0.963767470359232
-1.79827400712943	0.382942964938875
-1.79827400712943	0.382942964938875
1.95706969381346	0.441073865263096
-1.13582369620544	0.343734699942405
-1.79827400712943	0.382942964938875
-1.79827400712943	0.382942964938875
-1.79835097978106	0.382953978270685
-1.80197754639448	0.383903353697165
0.152567656731362	0.0287430408348264
-1.79835097978106	0.382953978270685
-3.08606373064433	0.965887782759055
-2.577202278156	0.663064687208724
-1.79827400712943	0.382942964938875
-2.57747759965585	0.66335545132302
-1.79827400712943	0.382942964938875
-1.79835097978106	0.382953978270685
0.153526628680235	0.0288819285189665
0.152567656731362	0.0287430408348264
-1.79835097978106	0.382953978270685
-1.79835097978106	0.382953978270685
-0.627829060935039	0.153504607197422
-1.79827400712943	0.382942964938875
-1.79835097978106	0.382953978270685
-1.79835097978106	0.382953978270685
0.152567656731362	0.0287430408348264
-0.629267545839357	0.153771215183604
-1.79827400712943	0.382942964938875
-1.79827400712943	0.382942964938875
-1.79827400712943	0.382942964938875
-1.79827400712943	0.382942964938875
-1.79827400712943	0.382942964938875
-3.08164138813046	0.963767470359232
-1.79827400712943	0.382942964938875
-2.58120409692147	0.664991486920107
-1.79827400712943	0.382942964938875
-1.79835097978106	0.382953978270685
-1.79835097978106	0.382953978270685
-1.80197754639448	0.383903353697165
-1.79835097978106	0.382953978270685
1.95791760701363	0.441280139896969
-1.79827400712943	0.382942964938875
-1.79835097978106	0.382953978270685
-3.46476574581887	1.23479767067539
-1.79835097978106	0.382953978270685
-1.79827400712943	0.382942964938875
-1.79835097978106	0.382953978270685
-1.79827400712943	0.382942964938875
0.153526628680235	0.0288819285189665
-1.79835097978106	0.382953978270685
-1.79827400712943	0.382942964938875
-1.79827400712943	0.382942964938875
-2.57775304544287	0.66318910114962
-2.577202278156	0.663064687208724
-1.79827400712943	0.382942964938875
-2.57747759965585	0.66335545132302
-3.08209765998152	0.963916510480773
0.94807088907188	0.251931335472786
-0.627367542213354	0.153354696036073
0.166084152255821	0.0418055330790301
-2.58120409692147	0.664991486920107
-1.79827400712943	0.382942964938875
-1.79827400712943	0.382942964938875
-2.57747759965585	0.66335545132302
-1.80197754639448	0.383903353697165
-1.79827400712943	0.382942964938875
-1.79835097978106	0.382953978270685
0.153247518839476	0.0288421886814327
-1.51330481624892	0.539630991333106
-0.62503342749082	0.152907838403333
0.153526628680235	0.0288819285189665
-1.79835097978106	0.382953978270685
-2.57775304544287	0.66318910114962
-1.79827400712943	0.382942964938875
-1.79827400712943	0.382942964938875
-1.80197754639448	0.383903353697165
0.148503149870495	0.0281892610504199
-1.79827400712943	0.382942964938875
-1.79827400712943	0.382942964938875
-2.577202278156	0.663064687208724
-1.79827400712943	0.382942964938875
-2.57747759965585	0.66335545132302
0.947560352748164	0.251716891447637
0.152567656731362	0.0287430408348264
-1.79835097978106	0.382953978270685
-2.57775304544287	0.66318910114962
-1.79835097978106	0.382953978270685
-1.79835097978106	0.382953978270685
-1.79827400712943	0.382942964938875
-1.79827400712943	0.382942964938875
-1.79827400712943	0.382942964938875
-1.79835097978106	0.382953978270685
-1.79827400712943	0.382942964938875
-0.632432130022522	0.154575713959717
-1.79835097978106	0.382953978270685
1.95791760701363	0.441280139896969
-1.79835097978106	0.382953978270685
-1.79827400712943	0.382942964938875
-0.6282908079904	0.153557595992093
0.954654689620505	0.253537900292226
0.148503149870495	0.0281892610504199
-1.79827400712943	0.382942964938875
-0.629636196854164	0.153977935518255
-1.79827400712943	0.382942964938875
-1.80197754639448	0.383903353697165
-1.79827400712943	0.382942964938875
-1.79827400712943	0.382942964938875
-1.79835097978106	0.382953978270685
-1.79835097978106	0.382953978270685
0.153526628680235	0.0288819285189665
0.153247518839476	0.0288421886814327
-2.57775304544287	0.66318910114962
-2.58120409692147	0.664991486920107
-1.79827400712943	0.382942964938875
-1.79835097978106	0.382953978270685
0.153526628680235	0.0288819285189665
-1.79827400712943	0.382942964938875
-1.79827400712943	0.382942964938875
-1.79827400712943	0.382942964938875
-1.79827400712943	0.382942964938875
-2.57747759965585	0.66335545132302
-1.79835097978106	0.382953978270685
-1.79835097978106	0.382953978270685
-2.577202278156	0.663064687208724
-1.79827400712943	0.382942964938875
-1.79835097978106	0.382953978270685
-1.79827400712943	0.382942964938875
-1.79835097978106	0.382953978270685
-1.79827400712943	0.382942964938875
-0.629267545839357	0.153771215183604
-0.632432130022522	0.154575713959717
-1.79827400712943	0.382942964938875
-1.79835097978106	0.382953978270685
-1.79827400712943	0.382942964938875
-1.79827400712943	0.382942964938875
-0.343877386805142	0.0989458655028747
-0.629267545839357	0.153771215183604
3.26352329858721	1.1213740078214
-2.577202278156	0.663064687208724
-0.631960666018702	0.15447017218279
-0.631960666018702	0.15447017218279
0.153526628680235	0.0288819285189665
-2.58120409692147	0.664991486920107
-2.57747759965585	0.66335545132302
0.166084152255821	0.0418055330790301
-1.79827400712943	0.382942964938875
-1.80197754639448	0.383903353697165
2.75722496636877	0.770257049482932
-1.79827400712943	0.382942964938875
-1.79835097978106	0.382953978270685
-2.57775304544287	0.66318910114962
-2.57747759965585	0.66335545132302
-2.58524212677275	0.666574749875287
-1.79827400712943	0.382942964938875
0.66999328440441	0.21269616854207
1.95706969381346	0.441073865263096
-1.79827400712943	0.382942964938875
-2.577202278156	0.663064687208724
-2.57747759965585	0.66335545132302
-1.79827400712943	0.382942964938875
-2.58120409692147	0.664991486920107
-1.79827400712943	0.382942964938875
-1.79827400712943	0.382942964938875
1.95706969381346	0.441073865263096
-1.13422470394875	0.343215945535417
-1.79835097978106	0.382953978270685
-1.80197754639448	0.383903353697165
-0.629159511493121	0.153871316504896
-1.79827400712943	0.382942964938875
-1.79827400712943	0.382942964938875
-2.58120409692147	0.664991486920107
0.152289864541204	0.0287035071443224
-2.5814875372856	0.665060440379843
-1.79835097978106	0.382953978270685
-0.633409029549556	0.154789771896201
-1.79835097978106	0.382953978270685
-1.79827400712943	0.382942964938875
-3.08164138813046	0.963767470359232
-1.79827400712943	0.382942964938875
-2.58120409692147	0.664991486920107
-2.57747759965585	0.66335545132302
-1.79835097978106	0.382953978270685
-1.79827400712943	0.382942964938875
-2.57747759965585	0.66335545132302
-1.79835097978106	0.382953978270685
-1.79835097978106	0.382953978270685
-2.57747759965585	0.66335545132302
0.152567656731362	0.0287430408348264
0.152567656731362	0.0287430408348264
-2.57775304544287	0.66318910114962
-1.79827400712943	0.382942964938875
-1.79835097978106	0.382953978270685
-0.632939126134277	0.15468454480873
-2.577202278156	0.663064687208724
-1.80197754639448	0.383903353697165
-1.13129699285405	0.342278739405472
-2.57747759965585	0.66335545132302
-1.79827400712943	0.382942964938875
-1.79827400712943	0.382942964938875
-1.79835097978106	0.382953978270685
-1.79835097978106	0.382953978270685
0.152289864541204	0.0287035071443224
-1.79827400712943	0.382942964938875
-1.79835097978106	0.382953978270685
-1.79835097978106	0.382953978270685
-1.79835097978106	0.382953978270685
-1.79827400712943	0.382942964938875
-1.79827400712943	0.382942964938875
-1.79827400712943	0.382942964938875
-1.79827400712943	0.382942964938875
-1.79835097978106	0.382953978270685
-1.79827400712943	0.382942964938875
-1.79835097978106	0.382953978270685
-1.79827400712943	0.382942964938875
-1.79827400712943	0.382942964938875
-2.57775304544287	0.66318910114962
-1.79827400712943	0.382942964938875
-1.79827400712943	0.382942964938875
-1.79827400712943	0.382942964938875
-1.79835097978106	0.382953978270685
-1.79827400712943	0.382942964938875
-1.79827400712943	0.382942964938875
-1.79827400712943	0.382942964938875
-1.79827400712943	0.382942964938875
-1.79827400712943	0.382942964938875
-2.57775304544287	0.66318910114962
-1.79827400712943	0.382942964938875
-1.79835097978106	0.382953978270685
-3.45598446335482	1.23025555319821
-1.79827400712943	0.382942964938875
-1.79827400712943	0.382942964938875
-1.79827400712943	0.382942964938875
-2.577202278156	0.663064687208724
0.152567656731362	0.0287430408348264
-0.6282908079904	0.153557595992093
0.669665397318181	0.212450186666999
3.63584691762689	1.43122630608999
-2.57747759965585	0.66335545132302
0.951841444348566	0.252891357699991
-1.79835097978106	0.382953978270685
0.94807088907188	0.251931335472786
-1.79827400712943	0.382942964938875
-1.79835097978106	0.382953978270685
-1.79835097978106	0.382953978270685
-1.79827400712943	0.382942964938875
-0.629267545839357	0.153771215183604
-1.80197754639448	0.383903353697165
-3.46066411507937	1.23287376992561
-1.79827400712943	0.382942964938875
-1.80197754639448	0.383903353697165
0.152567656731362	0.0287430408348264
-0.628347365301396	0.153568930486371
-0.628347365301396	0.153568930486371
-1.79827400712943	0.382942964938875
-1.80197754639448	0.383903353697165
-1.79835097978106	0.382953978270685
-1.79835097978106	0.382953978270685
-1.79827400712943	0.382942964938875
-1.79827400712943	0.382942964938875
2.75722496636877	0.770257049482932
-1.80197754639448	0.383903353697165
-2.57775304544287	0.66318910114962
0.152567656731362	0.0287430408348264
-1.79835097978106	0.382953978270685
-1.79827400712943	0.382942964938875
-0.627829060935039	0.153504607197422
-3.08606373064433	0.965887782759055
-1.79827400712943	0.382942964938875
-0.6282908079904	0.153557595992093
-1.79827400712943	0.382942964938875
-1.79827400712943	0.382942964938875
0.153526628680235	0.0288819285189665
-1.79827400712943	0.382942964938875
-1.79827400712943	0.382942964938875
-1.79835097978106	0.382953978270685
-1.80197754639448	0.383903353697165
-1.79827400712943	0.382942964938875
-2.57747759965585	0.66335545132302
0.152567656731362	0.0287430408348264
-1.79827400712943	0.382942964938875
-2.5814875372856	0.665060440379843
-1.79835097978106	0.382953978270685
-1.79835097978106	0.382953978270685
-1.79827400712943	0.382942964938875
-1.79835097978106	0.382953978270685
0.155986207086685	0.0292416787556187
-1.79835097978106	0.382953978270685
-2.58120409692147	0.664991486920107
-1.79827400712943	0.382942964938875
-1.79827400712943	0.382942964938875
1.96040941896093	0.441936123238363
-1.79827400712943	0.382942964938875
-1.79827400712943	0.382942964938875
-1.79835097978106	0.382953978270685
-1.79835097978106	0.382953978270685
-1.79827400712943	0.382942964938875
-2.5814875372856	0.665060440379843
-1.79827400712943	0.382942964938875
-3.08652986879455	0.965774290031657
-1.79827400712943	0.382942964938875
-1.79827400712943	0.382942964938875
-1.79827400712943	0.382942964938875
-1.79827400712943	0.382942964938875
-1.79827400712943	0.382942964938875
-2.57747759965585	0.66335545132302
-1.79827400712943	0.382942964938875
-3.08209765998152	0.963916510480773
-0.632432130022522	0.154575713959717
1.46200161799251	0.485043607977997
0.153247518839476	0.0288421886814327
-1.79827400712943	0.382942964938875
1.96040941896093	0.441936123238363
0.153247518839476	0.0288421886814327
-2.57747759965585	0.66335545132302
1.95706969381346	0.441073865263096
-1.79835097978106	0.382953978270685
1.95791760701363	0.441280139896969
-1.79835097978106	0.382953978270685
-1.79835097978106	0.382953978270685
-1.79827400712943	0.382942964938875
-1.79835097978106	0.382953978270685
-3.08255415585823	0.963691003677911
-1.79835097978106	0.382953978270685
-2.57775304544287	0.66318910114962
-1.51364953741781	0.539764698603452
-1.79835097978106	0.382953978270685
-3.08164138813046	0.963767470359232
-1.79835097978106	0.382953978270685
-1.79835097978106	0.382953978270685
-1.80197754639448	0.383903353697165
-1.79835097978106	0.382953978270685
-1.80197754639448	0.383903353697165
-1.79827400712943	0.382942964938875
-1.79835097978106	0.382953978270685
0.165704597093625	0.0417255219351786
0.152289864541204	0.0287035071443224
-2.57775304544287	0.66318910114962
-1.79827400712943	0.382942964938875
-1.79827400712943	0.382942964938875
-1.79827400712943	0.382942964938875
-1.79827400712943	0.382942964938875
0.15626975600377	0.0292821097759299
-1.79835097978106	0.382953978270685
-1.13482941234436	0.34340642829894
-1.79827400712943	0.382942964938875
-1.79827400712943	0.382942964938875
-1.79835097978106	0.382953978270685
-0.624566751454544	0.152757086863399
1.95706969381346	0.441073865263096
-1.79835097978106	0.382953978270685
-1.79835097978106	0.382953978270685
-1.79827400712943	0.382942964938875
-1.80197754639448	0.383903353697165
-1.79827400712943	0.382942964938875
-1.79827400712943	0.382942964938875
-1.79835097978106	0.382953978270685
-1.79835097978106	0.382953978270685
-1.79827400712943	0.382942964938875
-1.79827400712943	0.382942964938875
-1.79835097978106	0.382953978270685
-1.79835097978106	0.382953978270685
-1.79835097978106	0.382953978270685
-1.79827400712943	0.382942964938875
0.15626975600377	0.0292821097759299
-1.80197754639448	0.383903353697165
1.95791760701363	0.441280139896969
-1.79827400712943	0.382942964938875
-2.58120409692147	0.664991486920107
-1.79835097978106	0.382953978270685
-1.80197754639448	0.383903353697165
-1.79835097978106	0.382953978270685
-1.79835097978106	0.382953978270685
-1.79827400712943	0.382942964938875
0.153247518839476	0.0288421886814327
-1.79827400712943	0.382942964938875
-1.79827400712943	0.382942964938875
-1.79835097978106	0.382953978270685
-1.79835097978106	0.382953978270685
1.95706969381346	0.441073865263096
-1.79827400712943	0.382942964938875
-1.79827400712943	0.382942964938875
-1.79835097978106	0.382953978270685
0.152289864541204	0.0287035071443224
-1.79827400712943	0.382942964938875
-2.577202278156	0.663064687208724
-1.79835097978106	0.382953978270685
-2.58120409692147	0.664991486920107
-1.51460691365039	0.539943633445175
0.153526628680235	0.0288819285189665
-1.79835097978106	0.382953978270685
-1.79827400712943	0.382942964938875
-1.79827400712943	0.382942964938875
-1.13422470394875	0.343215945535417
-0.631960666018702	0.15447017218279
-2.577202278156	0.663064687208724
-1.79835097978106	0.382953978270685
-1.79835097978106	0.382953978270685
-2.57747759965585	0.66335545132302
-2.57747759965585	0.66335545132302
-0.715407313671064	0.245463795469067
0.152289864541204	0.0287035071443224
-1.79835097978106	0.382953978270685
-1.79835097978106	0.382953978270685
-1.80197754639448	0.383903353697165
-1.80197754639448	0.383903353697165
-1.79827400712943	0.382942964938875
1.95706969381346	0.441073865263096
-1.79835097978106	0.382953978270685
-1.79835097978106	0.382953978270685
-1.79827400712943	0.382942964938875
-3.08209765998152	0.963916510480773
-3.08606373064433	0.965887782759055
-2.58120409692147	0.664991486920107
-1.79835097978106	0.382953978270685
-1.79827400712943	0.382942964938875
0.153526628680235	0.0288819285189665
0.152289864541204	0.0287035071443224
-2.577202278156	0.663064687208724
-1.79835097978106	0.382953978270685
-1.79827400712943	0.382942964938875
-1.79835097978106	0.382953978270685
-1.79827400712943	0.382942964938875
-1.79835097978106	0.382953978270685
-1.79835097978106	0.382953978270685
-2.57747759965585	0.66335545132302
0.153526628680235	0.0288819285189665
-1.79835097978106	0.382953978270685
3.26452213570095	1.12136276907474
-1.79835097978106	0.382953978270685
-1.79835097978106	0.382953978270685
-2.57747759965585	0.66335545132302
-1.79835097978106	0.382953978270685
0.152289864541204	0.0287035071443224
-1.79827400712943	0.382942964938875
-1.79827400712943	0.382942964938875
-1.79827400712943	0.382942964938875
-1.79835097978106	0.382953978270685
-2.58120409692147	0.664991486920107
-1.79835097978106	0.382953978270685
-1.79827400712943	0.382942964938875
-1.79827400712943	0.382942964938875
-1.79835097978106	0.382953978270685
-1.80197754639448	0.383903353697165
-1.79835097978106	0.382953978270685
-1.79827400712943	0.382942964938875
-1.79827400712943	0.382942964938875
-1.80197754639448	0.383903353697165
-1.79835097978106	0.382953978270685
-2.57775304544287	0.66318910114962
-1.79835097978106	0.382953978270685
-1.79835097978106	0.382953978270685
-1.79835097978106	0.382953978270685
-1.79835097978106	0.382953978270685
-2.57747759965585	0.66335545132302
1.95706969381346	0.441073865263096
-1.79835097978106	0.382953978270685
-1.79827400712943	0.382942964938875
-0.627367542213354	0.153354696036073
-1.79827400712943	0.382942964938875
-1.79835097978106	0.382953978270685
-1.79827400712943	0.382942964938875
-1.79835097978106	0.382953978270685
-2.57747759965585	0.66335545132302
1.96040941896093	0.441936123238363
-1.79835097978106	0.382953978270685
-1.80197754639448	0.383903353697165
-0.627367542213354	0.153354696036073
-2.577202278156	0.663064687208724
-1.79827400712943	0.382942964938875
-3.08164138813046	0.963767470359232
-1.79827400712943	0.382942964938875
0.153526628680235	0.0288819285189665
2.75446121880292	0.769079402442662
-1.13543440488342	0.343479590196383
-0.627829060935039	0.153504607197422
-1.79827400712943	0.382942964938875
1.95791760701363	0.441280139896969
-2.577202278156	0.663064687208724
-2.5814875372856	0.665060440379843
0.148503149870495	0.0281892610504199
-1.79827400712943	0.382942964938875
-1.79835097978106	0.382953978270685
-1.79827400712943	0.382942964938875
-2.57747759965585	0.66335545132302
-2.57747759965585	0.66335545132302
-1.79835097978106	0.382953978270685
-1.79827400712943	0.382942964938875
-1.79835097978106	0.382953978270685
-1.79827400712943	0.382942964938875
-1.79835097978106	0.382953978270685
-1.79827400712943	0.382942964938875
-1.79827400712943	0.382942964938875
-1.79827400712943	0.382942964938875
-1.79827400712943	0.382942964938875
-1.79827400712943	0.382942964938875
-2.5814875372856	0.665060440379843
-1.79835097978106	0.382953978270685
0.153526628680235	0.0288819285189665
-2.577202278156	0.663064687208724
0.153247518839476	0.0288421886814327
-2.57747759965585	0.66335545132302
-1.13582369620544	0.343734699942405
-1.79827400712943	0.382942964938875
-1.79835097978106	0.382953978270685
0.152289864541204	0.0287035071443224
-1.79835097978106	0.382953978270685
-1.79827400712943	0.382942964938875
-2.57747759965585	0.66335545132302
-1.79827400712943	0.382942964938875
-0.627367542213354	0.153354696036073
-1.80197754639448	0.383903353697165
1.95791760701363	0.441280139896969
-1.79835097978106	0.382953978270685
-1.80197754639448	0.383903353697165
-1.79835097978106	0.382953978270685
-1.80197754639448	0.383903353697165
-1.79835097978106	0.382953978270685
-1.79827400712943	0.382942964938875
-1.79835097978106	0.382953978270685
-1.79835097978106	0.382953978270685
2.75446121880292	0.769079402442662
-1.79835097978106	0.382953978270685
-1.79827400712943	0.382942964938875
-1.79827400712943	0.382942964938875
-1.79835097978106	0.382953978270685
-1.79835097978106	0.382953978270685
-1.80197754639448	0.383903353697165
-2.57747759965585	0.66335545132302
-1.79827400712943	0.382942964938875
-1.79835097978106	0.382953978270685
2.75349844687128	0.768381126605175
-2.57747759965585	0.66335545132302
-1.79827400712943	0.382942964938875
-1.79827400712943	0.382942964938875
-1.79827400712943	0.382942964938875
-1.79827400712943	0.382942964938875
-1.79835097978106	0.382953978270685
0.152567656731362	0.0287430408348264
-1.79827400712943	0.382942964938875
1.95791760701363	0.441280139896969
-1.79835097978106	0.382953978270685
-1.79835097978106	0.382953978270685
-1.79835097978106	0.382953978270685
-1.79835097978106	0.382953978270685
-1.80197754639448	0.383903353697165
-1.79827400712943	0.382942964938875
1.95791760701363	0.441280139896969
-0.632432130022522	0.154575713959717
-1.79827400712943	0.382942964938875
-1.79835097978106	0.382953978270685
-1.79835097978106	0.382953978270685
-1.79835097978106	0.382953978270685
-2.577202278156	0.663064687208724
-1.79827400712943	0.382942964938875
0.948535538575274	0.252058145640786
-0.628807341949763	0.15371861128279
-0.628807341949763	0.15371861128279
-1.79835097978106	0.382953978270685
0.166691919569473	0.0419536988970269
-0.34437786413669	0.0991240395491601
0.152289864541204	0.0287035071443224
-2.57747759965585	0.66335545132302
-1.79835097978106	0.382953978270685
-2.57747759965585	0.66335545132302
-1.79827400712943	0.382942964938875
-2.57747759965585	0.66335545132302
-2.57747759965585	0.66335545132302
-1.79835097978106	0.382953978270685
-1.79827400712943	0.382942964938875
-1.79827400712943	0.382942964938875
-1.79835097978106	0.382953978270685
0.152289864541204	0.0287035071443224
-1.79835097978106	0.382953978270685
-1.80197754639448	0.383903353697165
-1.79835097978106	0.382953978270685
-1.80197754639448	0.383903353697165
-0.631960666018702	0.15447017218279
1.96040941896093	0.441936123238363
-1.80197754639448	0.383903353697165
-1.80197754639448	0.383903353697165
-1.80197754639448	0.383903353697165
-2.57747759965585	0.66335545132302
-1.79827400712943	0.382942964938875
-1.79835097978106	0.382953978270685
-2.577202278156	0.663064687208724
-1.79827400712943	0.382942964938875
-1.79827400712943	0.382942964938875
-2.577202278156	0.663064687208724
-1.79827400712943	0.382942964938875
-1.80197754639448	0.383903353697165
-1.79827400712943	0.382942964938875
-1.80197754639448	0.383903353697165
-1.79827400712943	0.382942964938875
-1.79827400712943	0.382942964938875
-1.79835097978106	0.382953978270685
-1.79827400712943	0.382942964938875
-1.79827400712943	0.382942964938875
0.155986207086685	0.0292416787556187
-1.79827400712943	0.382942964938875
-1.79827400712943	0.382942964938875
-1.79835097978106	0.382953978270685
-2.57747759965585	0.66335545132302
-1.79835097978106	0.382953978270685
-1.79835097978106	0.382953978270685
-1.79835097978106	0.382953978270685
-1.79827400712943	0.382942964938875
-1.80197754639448	0.383903353697165
-1.79827400712943	0.382942964938875
-1.79827400712943	0.382942964938875
-3.08164138813046	0.963767470359232
-1.79827400712943	0.382942964938875
-1.79827400712943	0.382942964938875
-1.79827400712943	0.382942964938875
-1.79835097978106	0.382953978270685
3.26640660082579	1.12286745021344
-1.79835097978106	0.382953978270685
-1.79835097978106	0.382953978270685
-1.79827400712943	0.382942964938875
-1.79827400712943	0.382942964938875
-2.577202278156	0.663064687208724
-1.79827400712943	0.382942964938875
-2.57747759965585	0.66335545132302
-1.79835097978106	0.382953978270685
-1.79835097978106	0.382953978270685
-1.79835097978106	0.382953978270685
-1.79835097978106	0.382953978270685
-1.80197754639448	0.383903353697165
-1.80197754639448	0.383903353697165
-1.79827400712943	0.382942964938875
-1.79835097978106	0.382953978270685
-1.79827400712943	0.382942964938875
-1.79835097978106	0.382953978270685
-1.79835097978106	0.382953978270685
-2.57747759965585	0.66335545132302
-1.79835097978106	0.382953978270685
-1.79827400712943	0.382942964938875
-2.577202278156	0.663064687208724
-2.57747759965585	0.66335545132302
-2.57747759965585	0.66335545132302
-1.79835097978106	0.382953978270685
-1.79827400712943	0.382942964938875
-1.79827400712943	0.382942964938875
-1.79835097978106	0.382953978270685
-2.577202278156	0.663064687208724
-0.625500335572602	0.152962089117453
-1.79827400712943	0.382942964938875
-1.79827400712943	0.382942964938875
-1.79827400712943	0.382942964938875
-1.79835097978106	0.382953978270685
-2.57747759965585	0.66335545132302
-2.57747759965585	0.66335545132302
-1.51494963266618	0.540305848955056
-2.577202278156	0.663064687208724
-0.624566751454544	0.152757086863399
-1.79827400712943	0.382942964938875
-3.08164138813046	0.963767470359232
0.166691919569473	0.0419536988970269
-3.08164138813046	0.963767470359232
-1.79835097978106	0.382953978270685
-1.79835097978106	0.382953978270685
0.152289864541204	0.0287035071443224
-2.57747759965585	0.66335545132302
-1.79835097978106	0.382953978270685
-1.80197754639448	0.383903353697165
-1.79835097978106	0.382953978270685
1.95706969381346	0.441073865263096
-0.6282908079904	0.153557595992093
-2.58120409692147	0.664991486920107
-1.79827400712943	0.382942964938875
0.152567656731362	0.0287430408348264
-1.79827400712943	0.382942964938875
-1.79827400712943	0.382942964938875
-1.79827400712943	0.382942964938875
-1.79827400712943	0.382942964938875
0.152567656731362	0.0287430408348264
0.94807088907188	0.251931335472786
-2.577202278156	0.663064687208724
0.152567656731362	0.0287430408348264
-3.08164138813046	0.963767470359232
-3.08164138813046	0.963767470359232
-2.57775304544287	0.66318910114962
-2.57747759965585	0.66335545132302
-3.08606373064433	0.965887782759055
-1.80197754639448	0.383903353697165
-1.79835097978106	0.382953978270685
-0.6282908079904	0.153557595992093
-2.57747759965585	0.66335545132302
-0.6282908079904	0.153557595992093
-3.08255415585823	0.963691003677911
-0.628807341949763	0.15371861128279
-1.79835097978106	0.382953978270685
-1.79835097978106	0.382953978270685
-1.79827400712943	0.382942964938875
-1.79835097978106	0.382953978270685
-1.79827400712943	0.382942964938875
-1.79835097978106	0.382953978270685
-1.79827400712943	0.382942964938875
-2.57775304544287	0.66318910114962
-1.79835097978106	0.382953978270685
-1.79827400712943	0.382942964938875
-1.79827400712943	0.382942964938875
-1.79835097978106	0.382953978270685
-1.80197754639448	0.383903353697165
1.95706969381346	0.441073865263096
-1.80197754639448	0.383903353697165
-1.79835097978106	0.382953978270685
-1.79835097978106	0.382953978270685
-1.79827400712943	0.382942964938875
-1.79827400712943	0.382942964938875
2.75446121880292	0.769079402442662
-2.577202278156	0.663064687208724
-1.80197754639448	0.383903353697165
-1.79835097978106	0.382953978270685
0.947560352748164	0.251716891447637
-1.79827400712943	0.382942964938875
-1.79835097978106	0.382953978270685
-1.79835097978106	0.382953978270685
0.152567656731362	0.0287430408348264
-1.79827400712943	0.382942964938875
-2.57747759965585	0.66335545132302
-2.5814875372856	0.665060440379843
-1.79835097978106	0.382953978270685
-1.79827400712943	0.382942964938875
-1.79827400712943	0.382942964938875
-2.577202278156	0.663064687208724
-1.79835097978106	0.382953978270685
-2.57747759965585	0.66335545132302
-1.79827400712943	0.382942964938875
-1.79835097978106	0.382953978270685
-1.79835097978106	0.382953978270685
-1.79835097978106	0.382953978270685
-1.79827400712943	0.382942964938875
-1.79835097978106	0.382953978270685
-1.79827400712943	0.382942964938875
-1.79835097978106	0.382953978270685
-0.342569521377039	0.0986187132378211
0.166528409127177	0.0496297620210776
-3.45598446335482	1.23025555319821
-2.57747759965585	0.66335545132302
-1.79835097978106	0.382953978270685
-1.79835097978106	0.382953978270685
-2.57775304544287	0.66318910114962
-2.57775304544287	0.66318910114962
-1.79835097978106	0.382953978270685
-1.79835097978106	0.382953978270685
-1.79827400712943	0.382942964938875
1.95791760701363	0.441280139896969
2.75446121880292	0.769079402442662
-1.79835097978106	0.382953978270685
-2.57775304544287	0.66318910114962
-2.57747759965585	0.66335545132302
-0.624566751454544	0.152757086863399
-1.79827400712943	0.382942964938875
0.152567656731362	0.0287430408348264
-1.79827400712943	0.382942964938875
-2.57775304544287	0.66318910114962
-1.79827400712943	0.382942964938875
1.95706969381346	0.441073865263096
-1.79835097978106	0.382953978270685
-1.79827400712943	0.382942964938875
-1.79827400712943	0.382942964938875
1.95706969381346	0.441073865263096
-2.57747759965585	0.66335545132302
-1.79827400712943	0.382942964938875
-1.79835097978106	0.382953978270685
-1.79835097978106	0.382953978270685
-1.80197754639448	0.383903353697165
-1.79827400712943	0.382942964938875
-1.79827400712943	0.382942964938875
-1.79827400712943	0.382942964938875
-1.79835097978106	0.382953978270685
0.152289864541204	0.0287035071443224
0.152289864541204	0.0287035071443224
-1.79835097978106	0.382953978270685
-1.79827400712943	0.382942964938875
0.152289864541204	0.0287035071443224
-2.577202278156	0.663064687208724
-2.58120409692147	0.664991486920107
-1.79835097978106	0.382953978270685
-1.79835097978106	0.382953978270685
-1.79835097978106	0.382953978270685
-1.79827400712943	0.382942964938875
-1.79835097978106	0.382953978270685
-1.80197754639448	0.383903353697165
-1.79827400712943	0.382942964938875
-1.79827400712943	0.382942964938875
-1.79827400712943	0.382942964938875
-1.79835097978106	0.382953978270685
-1.79835097978106	0.382953978270685
-1.79827400712943	0.382942964938875
-1.79835097978106	0.382953978270685
-1.79835097978106	0.382953978270685
-1.79827400712943	0.382942964938875
0.152289864541204	0.0287035071443224
-1.80197754639448	0.383903353697165
-1.79835097978106	0.382953978270685
-1.79827400712943	0.382942964938875
-1.79835097978106	0.382953978270685
-1.79835097978106	0.382953978270685
-1.79835097978106	0.382953978270685
0.948535538575274	0.252058145640786
-1.80197754639448	0.383903353697165
-2.57747759965585	0.66335545132302
-1.79827400712943	0.382942964938875
-1.79835097978106	0.382953978270685
-1.13582369620544	0.343734699942405
0.155986207086685	0.0292416787556187
-2.577202278156	0.663064687208724
-0.628807341949763	0.15371861128279
0.950862031539505	0.252628333014658
-3.08606373064433	0.965887782759055
-1.13129699285405	0.342278739405472
-0.628347365301396	0.153568930486371
-0.6282908079904	0.153557595992093
-1.79827400712943	0.382942964938875
-3.08209765998152	0.963916510480773
-3.08118534013847	0.963229045953577
-1.79827400712943	0.382942964938875
-2.57775304544287	0.66318910114962
-1.79835097978106	0.382953978270685
-2.57747759965585	0.66335545132302
-1.79835097978106	0.382953978270685
1.95791760701363	0.441280139896969
-1.79827400712943	0.382942964938875
-1.79835097978106	0.382953978270685
0.153526628680235	0.0288819285189665
-2.57747759965585	0.66335545132302
2.75446121880292	0.769079402442662
-1.79835097978106	0.382953978270685
0.152567656731362	0.0287430408348264
0.152567656731362	0.0287430408348264
0.951331866170054	0.252756684317784
1.95791760701363	0.441280139896969
0.152289864541204	0.0287035071443224
0.152289864541204	0.0287035071443224
2.75446121880292	0.769079402442662
-1.13461598703551	0.343230613786831
-1.79835097978106	0.382953978270685
-1.79835097978106	0.382953978270685
-1.13422470394875	0.343215945535417
-2.57747759965585	0.66335545132302
-1.79835097978106	0.382953978270685
-2.57775304544287	0.66318910114962
-1.79835097978106	0.382953978270685
-1.79827400712943	0.382942964938875
-1.79835097978106	0.382953978270685
-1.80197754639448	0.383903353697165
-1.79827400712943	0.382942964938875
0.153247518839476	0.0288421886814327
0.153247518839476	0.0288421886814327
-1.80197754639448	0.383903353697165
-1.79835097978106	0.382953978270685
-1.79835097978106	0.382953978270685
-1.79827400712943	0.382942964938875
-1.79827400712943	0.382942964938875
-1.79827400712943	0.382942964938875
-1.79827400712943	0.382942964938875
-1.79835097978106	0.382953978270685
-2.57747759965585	0.66335545132302
-1.79827400712943	0.382942964938875
-2.577202278156	0.663064687208724
-1.79827400712943	0.382942964938875
-2.5814875372856	0.665060440379843
-1.79835097978106	0.382953978270685
-2.57747759965585	0.66335545132302
-1.79835097978106	0.382953978270685
-1.79827400712943	0.382942964938875
-1.80197754639448	0.383903353697165
-1.79835097978106	0.382953978270685
-1.79827400712943	0.382942964938875
-1.79835097978106	0.382953978270685
-0.624566751454544	0.152757086863399
-1.79827400712943	0.382942964938875
-1.79827400712943	0.382942964938875
-1.79835097978106	0.382953978270685
-2.577202278156	0.663064687208724
-1.79835097978106	0.382953978270685
-1.79835097978106	0.382953978270685
-1.79827400712943	0.382942964938875
-1.80197754639448	0.383903353697165
-1.80197754639448	0.383903353697165
-1.79835097978106	0.382953978270685
-1.79827400712943	0.382942964938875
-1.79835097978106	0.382953978270685
-1.79827400712943	0.382942964938875
-1.79827400712943	0.382942964938875
-1.79827400712943	0.382942964938875
-2.57775304544287	0.66318910114962
-0.721435304125973	0.247731476182057
-1.79835097978106	0.382953978270685
-0.629267545839357	0.153771215183604
0.152289864541204	0.0287035071443224
-0.627829060935039	0.153504607197422
-1.79835097978106	0.382953978270685
-1.79835097978106	0.382953978270685
-1.79827400712943	0.382942964938875
-1.79827400712943	0.382942964938875
-1.79835097978106	0.382953978270685
-1.79827400712943	0.382942964938875
0.153247518839476	0.0288421886814327
-2.57775304544287	0.66318910114962
0.153526628680235	0.0288819285189665
-1.79827400712943	0.382942964938875
-1.79835097978106	0.382953978270685
-1.79835097978106	0.382953978270685
-1.79835097978106	0.382953978270685
-1.79827400712943	0.382942964938875
0.152289864541204	0.0287035071443224
-1.79827400712943	0.382942964938875
-1.79827400712943	0.382942964938875
-1.79835097978106	0.382953978270685
-1.79827400712943	0.382942964938875
0.152567656731362	0.0287430408348264
0.152567656731362	0.0287430408348264
-2.57775304544287	0.66318910114962
-1.79827400712943	0.382942964938875
-1.79835097978106	0.382953978270685
1.95706969381346	0.441073865263096
-1.79835097978106	0.382953978270685
-1.79827400712943	0.382942964938875
-2.57747759965585	0.66335545132302
-0.349124689538762	0.10039174648187
-3.46415436717455	1.23421047369696
-1.79827400712943	0.382942964938875
-0.628347365301396	0.153568930486371
-2.577202278156	0.663064687208724
-1.79835097978106	0.382953978270685
-0.627367542213354	0.153354696036073
-1.79827400712943	0.382942964938875
0.152567656731362	0.0287430408348264
-1.79835097978106	0.382953978270685
0.153526628680235	0.0288819285189665
-2.577202278156	0.663064687208724
-1.79835097978106	0.382953978270685
-1.79827400712943	0.382942964938875
-1.79835097978106	0.382953978270685
-1.79827400712943	0.382942964938875
-0.627367542213354	0.153354696036073
-1.79827400712943	0.382942964938875
-1.79827400712943	0.382942964938875
-1.80197754639448	0.383903353697165
-1.79827400712943	0.382942964938875
-1.79827400712943	0.382942964938875
-2.5814875372856	0.665060440379843
-1.79827400712943	0.382942964938875
-1.79827400712943	0.382942964938875
-1.79827400712943	0.382942964938875
-1.79827400712943	0.382942964938875
-1.79827400712943	0.382942964938875
-1.79835097978106	0.382953978270685
-1.79827400712943	0.382942964938875
-1.79827400712943	0.382942964938875
-0.632939126134277	0.15468454480873
-1.79827400712943	0.382942964938875
-1.79835097978106	0.382953978270685
-1.79835097978106	0.382953978270685
-1.79827400712943	0.382942964938875
-1.79835097978106	0.382953978270685
-3.08255415585823	0.963691003677911
1.95706969381346	0.441073865263096
-1.79827400712943	0.382942964938875
-1.79827400712943	0.382942964938875
-1.79835097978106	0.382953978270685
-1.79827400712943	0.382942964938875
-1.79835097978106	0.382953978270685
-2.57775304544287	0.66318910114962
-1.79827400712943	0.382942964938875
0.153247518839476	0.0288421886814327
-1.79827400712943	0.382942964938875
-1.79827400712943	0.382942964938875
-2.57747759965585	0.66335545132302
-1.79835097978106	0.382953978270685
-2.57747759965585	0.66335545132302
-1.80197754639448	0.383903353697165
-1.79827400712943	0.382942964938875
-1.79835097978106	0.382953978270685
-1.79827400712943	0.382942964938875
-1.79827400712943	0.382942964938875
-3.08118534013847	0.963229045953577
-3.08118534013847	0.963229045953577
-1.79827400712943	0.382942964938875
-2.57775304544287	0.66318910114962
0.153526628680235	0.0288819285189665
2.75349844687128	0.768381126605175
-1.79835097978106	0.382953978270685
-1.79835097978106	0.382953978270685
-1.79835097978106	0.382953978270685
-2.577202278156	0.663064687208724
-2.57775304544287	0.66318910114962
-1.79827400712943	0.382942964938875
-2.57747759965585	0.66335545132302
-1.80197754639448	0.383903353697165
-1.79827400712943	0.382942964938875
-2.57747759965585	0.66335545132302
-0.629267545839357	0.153771215183604
-1.79835097978106	0.382953978270685
-1.79827400712943	0.382942964938875
-1.79835097978106	0.382953978270685
-1.79835097978106	0.382953978270685
-2.577202278156	0.663064687208724
-2.577202278156	0.663064687208724
-1.79835097978106	0.382953978270685
-1.79827400712943	0.382942964938875
-2.57775304544287	0.66318910114962
1.95706969381346	0.441073865263096
-1.79835097978106	0.382953978270685
0.165704597093625	0.0417255219351786
-1.79827400712943	0.382942964938875
-2.57747759965585	0.66335545132302
-1.79835097978106	0.382953978270685
-2.57775304544287	0.66318910114962
-1.79835097978106	0.382953978270685
-2.577202278156	0.663064687208724
-1.79827400712943	0.382942964938875
-1.79827400712943	0.382942964938875
-1.79835097978106	0.382953978270685
-1.79827400712943	0.382942964938875
-1.79827400712943	0.382942964938875
-1.79827400712943	0.382942964938875
-1.79835097978106	0.382953978270685
1.95706969381346	0.441073865263096
-1.80197754639448	0.383903353697165
-1.79835097978106	0.382953978270685
-1.79827400712943	0.382942964938875
-1.79827400712943	0.382942964938875
-1.79827400712943	0.382942964938875
-1.79835097978106	0.382953978270685
-1.79827400712943	0.382942964938875
-1.79827400712943	0.382942964938875
-2.58120409692147	0.664991486920107
-1.79835097978106	0.382953978270685
0.153526628680235	0.0288819285189665
-1.79827400712943	0.382942964938875
-1.79827400712943	0.382942964938875
-2.57747759965585	0.66335545132302
-1.79827400712943	0.382942964938875
-1.79827400712943	0.382942964938875
-1.79835097978106	0.382953978270685
1.95791760701363	0.441280139896969
-1.80197754639448	0.383903353697165
-2.57775304544287	0.66318910114962
-1.79835097978106	0.382953978270685
-1.79835097978106	0.382953978270685
-1.79827400712943	0.382942964938875
-1.79835097978106	0.382953978270685
-1.79827400712943	0.382942964938875
-1.79827400712943	0.382942964938875
-1.79835097978106	0.382953978270685
-1.79827400712943	0.382942964938875
-1.80197754639448	0.383903353697165
-2.577202278156	0.663064687208724
-1.79827400712943	0.382942964938875
-0.6282908079904	0.153557595992093
-1.79835097978106	0.382953978270685
-2.58120409692147	0.664991486920107
-1.80197754639448	0.383903353697165
-1.79827400712943	0.382942964938875
1.95791760701363	0.441280139896969
1.95791760701363	0.441280139896969
-1.79827400712943	0.382942964938875
-2.577202278156	0.663064687208724
1.95706969381346	0.441073865263096
-1.79827400712943	0.382942964938875
-2.57747759965585	0.66335545132302
-1.79835097978106	0.382953978270685
-0.627367542213354	0.153354696036073
-1.79835097978106	0.382953978270685
0.153526628680235	0.0288819285189665
-2.57747759965585	0.66335545132302
3.26152925911013	1.12000457960558
-3.76005537586954	1.49066052927293
0.153526628680235	0.0288819285189665
-1.79835097978106	0.382953978270685
-0.629159511493121	0.153871316504896
-2.57747759965585	0.66335545132302
-2.57775304544287	0.66318910114962
3.26352329858721	1.1213740078214
-1.79835097978106	0.382953978270685
-1.79827400712943	0.382942964938875
-1.79827400712943	0.382942964938875
-1.79835097978106	0.382953978270685
-1.79835097978106	0.382953978270685
-1.79827400712943	0.382942964938875
-0.628807341949763	0.15371861128279
-2.577202278156	0.663064687208724
-1.79827400712943	0.382942964938875
-1.79827400712943	0.382942964938875
-1.79827400712943	0.382942964938875
-2.5814875372856	0.665060440379843
-1.79835097978106	0.382953978270685
-1.79835097978106	0.382953978270685
-1.79835097978106	0.382953978270685
-1.79827400712943	0.382942964938875
-1.79827400712943	0.382942964938875
-2.58524212677275	0.666574749875287
-1.79827400712943	0.382942964938875
-1.79835097978106	0.382953978270685
-3.08118534013847	0.963229045953577
-2.57747759965585	0.66335545132302
-1.79835097978106	0.382953978270685
-1.80197754639448	0.383903353697165
-2.577202278156	0.663064687208724
-1.79835097978106	0.382953978270685
-1.79835097978106	0.382953978270685
-1.80197754639448	0.383903353697165
1.95706969381346	0.441073865263096
-1.79835097978106	0.382953978270685
1.96040941896093	0.441936123238363
-1.79835097978106	0.382953978270685
-1.79835097978106	0.382953978270685
-2.58120409692147	0.664991486920107
-3.08559782341753	0.965445184573826
-1.79835097978106	0.382953978270685
-1.79827400712943	0.382942964938875
-2.577202278156	0.663064687208724
-1.79835097978106	0.382953978270685
0.153526628680235	0.0288819285189665
-0.628347365301396	0.153568930486371
-1.79827400712943	0.382942964938875
-1.79827400712943	0.382942964938875
-1.79827400712943	0.382942964938875
-1.80197754639448	0.383903353697165
-1.79827400712943	0.382942964938875
-1.80197754639448	0.383903353697165
-2.57775304544287	0.66318910114962
-3.08255415585823	0.963691003677911
-1.80197754639448	0.383903353697165
-2.57747759965585	0.66335545132302
-1.79827400712943	0.382942964938875
-1.79835097978106	0.382953978270685
-1.79827400712943	0.382942964938875
0.153247518839476	0.0288421886814327
-1.79827400712943	0.382942964938875
-1.79835097978106	0.382953978270685
-2.577202278156	0.663064687208724
-3.08164138813046	0.963767470359232
-1.79827400712943	0.382942964938875
-1.80197754639448	0.383903353697165
-1.79835097978106	0.382953978270685
-1.79835097978106	0.382953978270685
-1.79835097978106	0.382953978270685
1.95706969381346	0.441073865263096
-1.80197754639448	0.383903353697165
-1.79827400712943	0.382942964938875
0.152567656731362	0.0287430408348264
-1.79827400712943	0.382942964938875
-0.628347365301396	0.153568930486371
-3.46005827230016	1.23260132520798
-2.57747759965585	0.66335545132302
-2.58120409692147	0.664991486920107
1.95791760701363	0.441280139896969
-1.79827400712943	0.382942964938875
-1.79827400712943	0.382942964938875
-0.628347365301396	0.153568930486371
0.149464413960118	0.0283283450696208
-1.79827400712943	0.382942964938875
0.947560352748164	0.251716891447637
-1.79835097978106	0.382953978270685
-1.79835097978106	0.382953978270685
-1.79827400712943	0.382942964938875
-2.57747759965585	0.66335545132302
-3.08209765998152	0.963916510480773
-1.80197754639448	0.383903353697165
-1.79827400712943	0.382942964938875
-2.577202278156	0.663064687208724
-1.79835097978106	0.382953978270685
-1.79827400712943	0.382942964938875
-1.79835097978106	0.382953978270685
-1.79827400712943	0.382942964938875
0.153247518839476	0.0288421886814327
-0.342569521377039	0.0986187132378211
0.155986207086685	0.0292416787556187
-1.79827400712943	0.382942964938875
-1.79827400712943	0.382942964938875
-1.80197754639448	0.383903353697165
-0.724793109289914	0.248887676452097
-1.79835097978106	0.382953978270685
-2.577202278156	0.663064687208724
0.153526628680235	0.0288819285189665
-2.57747759965585	0.66335545132302
-1.79827400712943	0.382942964938875
-0.628347365301396	0.153568930486371
-1.79827400712943	0.382942964938875
-1.79827400712943	0.382942964938875
-1.79835097978106	0.382953978270685
-1.79835097978106	0.382953978270685
-1.79827400712943	0.382942964938875
0.155986207086685	0.0292416787556187
-2.57775304544287	0.66318910114962
-2.57747759965585	0.66335545132302
-1.79827400712943	0.382942964938875
0.152289864541204	0.0287035071443224
-1.79835097978106	0.382953978270685
-1.79835097978106	0.382953978270685
-1.79827400712943	0.382942964938875
-1.79827400712943	0.382942964938875
-1.79835097978106	0.382953978270685
-1.79835097978106	0.382953978270685
1.95706969381346	0.441073865263096
-1.79835097978106	0.382953978270685
-4.21982393967863	1.98386976587577
1.95791760701363	0.441280139896969
-1.79827400712943	0.382942964938875
-1.79835097978106	0.382953978270685
-2.57747759965585	0.66335545132302
-1.79835097978106	0.382953978270685
-1.79835097978106	0.382953978270685
-1.79827400712943	0.382942964938875
-2.577202278156	0.663064687208724
-1.80197754639448	0.383903353697165
-1.79835097978106	0.382953978270685
-2.577202278156	0.663064687208724
-1.79835097978106	0.382953978270685
-1.79827400712943	0.382942964938875
-1.79835097978106	0.382953978270685
-1.79835097978106	0.382953978270685
-1.79827400712943	0.382942964938875
-1.79835097978106	0.382953978270685
-1.79827400712943	0.382942964938875
-1.79835097978106	0.382953978270685
-1.79827400712943	0.382942964938875
0.152567656731362	0.0287430408348264
-1.79827400712943	0.382942964938875
-1.79835097978106	0.382953978270685
-1.80197754639448	0.383903353697165
-2.577202278156	0.663064687208724
-1.79835097978106	0.382953978270685
-1.13582369620544	0.343734699942405
-2.577202278156	0.663064687208724
0.947560352748164	0.251716891447637
-1.79827400712943	0.382942964938875
-0.628807341949763	0.15371861128279
-1.79827400712943	0.382942964938875
-3.45598446335482	1.23025555319821
-1.82003859074053	0.742440609774219
-3.08209765998152	0.963916510480773
-1.79827400712943	0.382942964938875
2.75349844687128	0.768381126605175
0.153526628680235	0.0288819285189665
-2.57747759965585	0.66335545132302
-1.80197754639448	0.383903353697165
-1.79827400712943	0.382942964938875
-1.80197754639448	0.383903353697165
-1.79827400712943	0.382942964938875
-1.79835097978106	0.382953978270685
-1.79835097978106	0.382953978270685
-1.79827400712943	0.382942964938875
-1.80197754639448	0.383903353697165
-1.79827400712943	0.382942964938875
-2.58120409692147	0.664991486920107
-1.79827400712943	0.382942964938875
-2.57747759965585	0.66335545132302
1.44987667304504	0.480675917422322
-1.51853446946828	0.541976089171892
-0.348465736253515	0.100232718134072
-2.57775304544287	0.66318910114962
-1.79827400712943	0.382942964938875
-1.80197754639448	0.383903353697165
-1.79835097978106	0.382953978270685
-2.5814875372856	0.665060440379843
-2.57747759965585	0.66335545132302
-1.79827400712943	0.382942964938875
-1.79827400712943	0.382942964938875
-1.79835097978106	0.382953978270685
-1.79835097978106	0.382953978270685
0.152289864541204	0.0287035071443224
-3.08164138813046	0.963767470359232
-1.79827400712943	0.382942964938875
-1.80197754639448	0.383903353697165
-1.80197754639448	0.383903353697165
-1.80197754639448	0.383903353697165
-1.79835097978106	0.382953978270685
-2.57747759965585	0.66335545132302
-1.79835097978106	0.382953978270685
-1.79827400712943	0.382942964938875
-1.80197754639448	0.383903353697165
-1.79835097978106	0.382953978270685
1.96040941896093	0.441936123238363
-1.79835097978106	0.382953978270685
-1.79835097978106	0.382953978270685
-1.79835097978106	0.382953978270685
-1.79827400712943	0.382942964938875
-1.79835097978106	0.382953978270685
-1.79827400712943	0.382942964938875
-1.79827400712943	0.382942964938875
-1.79835097978106	0.382953978270685
-1.79827400712943	0.382942964938875
-1.79835097978106	0.382953978270685
-1.79827400712943	0.382942964938875
-1.79827400712943	0.382942964938875
-2.57775304544287	0.66318910114962
-1.79827400712943	0.382942964938875
-1.79835097978106	0.382953978270685
-1.79827400712943	0.382942964938875
-1.79835097978106	0.382953978270685
-2.58120409692147	0.664991486920107
-2.57747759965585	0.66335545132302
-1.79827400712943	0.382942964938875
-0.637572077543607	0.155739174733076
-1.79835097978106	0.382953978270685
-1.79827400712943	0.382942964938875
-2.577202278156	0.663064687208724
1.95706969381346	0.441073865263096
-0.627367542213354	0.153354696036073
-3.08255415585823	0.963691003677911
-3.46005827230016	1.23260132520798
-1.5126542472202	0.539316353407404
-1.79835097978106	0.382953978270685
-1.79835097978106	0.382953978270685
-3.08255415585823	0.963691003677911
-3.08209765998152	0.963916510480773
-1.79827400712943	0.382942964938875
1.95706969381346	0.441073865263096
-2.57775304544287	0.66318910114962
-1.79835097978106	0.382953978270685
-1.79835097978106	0.382953978270685
-1.13422470394875	0.343215945535417
-2.577202278156	0.663064687208724
-1.79835097978106	0.382953978270685
-1.79827400712943	0.382942964938875
-1.79827400712943	0.382942964938875
-1.79835097978106	0.382953978270685
-1.79835097978106	0.382953978270685
-1.79827400712943	0.382942964938875
-0.627829060935039	0.153504607197422
-1.79835097978106	0.382953978270685
3.26640660082579	1.12286745021344
0.152289864541204	0.0287035071443224
-2.57775304544287	0.66318910114962
-3.08255415585823	0.963691003677911
-0.6282908079904	0.153557595992093
-2.57775304544287	0.66318910114962
-1.79827400712943	0.382942964938875
-0.627829060935039	0.153504607197422
-1.13849388307931	0.344614401149477
-0.627829060935039	0.153504607197422
-1.79827400712943	0.382942964938875
-1.79827400712943	0.382942964938875
0.153247518839476	0.0288421886814327
-1.79835097978106	0.382953978270685
-1.79827400712943	0.382942964938875
-1.80197754639448	0.383903353697165
0.153526628680235	0.0288819285189665
-2.57775304544287	0.66318910114962
-1.79835097978106	0.382953978270685
-1.79835097978106	0.382953978270685
-1.79827400712943	0.382942964938875
-1.79827400712943	0.382942964938875
-0.627829060935039	0.153504607197422
-0.632432130022522	0.154575713959717
-1.79827400712943	0.382942964938875
0.152567656731362	0.0287430408348264
-0.632939126134277	0.15468454480873
-2.5814875372856	0.665060440379843
-1.80197754639448	0.383903353697165
-0.628807341949763	0.15371861128279
-2.58120409692147	0.664991486920107
0.152567656731362	0.0287430408348264
-1.79827400712943	0.382942964938875
-1.79835097978106	0.382953978270685
-1.79827400712943	0.382942964938875
-1.79835097978106	0.382953978270685
-2.577202278156	0.663064687208724
-2.5814875372856	0.665060440379843
-1.79835097978106	0.382953978270685
-1.79835097978106	0.382953978270685
-2.57747759965585	0.66335545132302
-1.79827400712943	0.382942964938875
-1.79827400712943	0.382942964938875
-1.79835097978106	0.382953978270685
-1.79827400712943	0.382942964938875
-1.79835097978106	0.382953978270685
-1.79827400712943	0.382942964938875
-1.79827400712943	0.382942964938875
-1.79835097978106	0.382953978270685
-1.79827400712943	0.382942964938875
-0.627829060935039	0.153504607197422
-2.5814875372856	0.665060440379843
-1.79827400712943	0.382942964938875
-1.79827400712943	0.382942964938875
-1.79827400712943	0.382942964938875
-2.58120409692147	0.664991486920107
-1.79835097978106	0.382953978270685
-1.79835097978106	0.382953978270685
2.75819631171964	0.770700477263471
-1.79835097978106	0.382953978270685
0.153526628680235	0.0288819285189665
-1.79835097978106	0.382953978270685
-3.45598446335482	1.23025555319821
-0.628807341949763	0.15371861128279
-2.57775304544287	0.66318910114962
-1.79827400712943	0.382942964938875
-1.79835097978106	0.382953978270685
-0.628347365301396	0.153568930486371
-2.06245951802953	0.938660446621569
-1.79827400712943	0.382942964938875
-1.79835097978106	0.382953978270685
-2.57775304544287	0.66318910114962
-1.79835097978106	0.382953978270685
-2.57747759965585	0.66335545132302
-1.79827400712943	0.382942964938875
-1.79827400712943	0.382942964938875
-1.79827400712943	0.382942964938875
-3.08606373064433	0.965887782759055
-2.58120409692147	0.664991486920107
-1.80197754639448	0.383903353697165
-1.79827400712943	0.382942964938875
-1.13642797594247	0.343807560451606
0.170597157616308	0.0428000407476464
0.169986302676761	0.0426507049603473
-1.79835097978106	0.382953978270685
-3.08164138813046	0.963767470359232
-1.79827400712943	0.382942964938875
-1.79827400712943	0.382942964938875
-3.08209765998152	0.963916510480773
-0.346820783252297	0.0997890928773071
0.152567656731362	0.0287430408348264
0.152567656731362	0.0287430408348264
1.95791760701363	0.441280139896969
1.95706969381346	0.441073865263096
-3.08164138813046	0.963767470359232
-0.633409029549556	0.154789771896201
-2.57747759965585	0.66335545132302
1.95706969381346	0.441073865263096
-0.625500335572602	0.152962089117453
-2.57747759965585	0.66335545132302
0.152289864541204	0.0287035071443224
-1.80197754639448	0.383903353697165
-1.79835097978106	0.382953978270685
-1.79835097978106	0.382953978270685
-0.632432130022522	0.154575713959717
-0.628807341949763	0.15371861128279
-1.80197754639448	0.383903353697165
-1.79835097978106	0.382953978270685
-1.79827400712943	0.382942964938875
-1.79827400712943	0.382942964938875
-1.79827400712943	0.382942964938875
-2.58120409692147	0.664991486920107
-2.5814875372856	0.665060440379843
-1.79835097978106	0.382953978270685
-1.79827400712943	0.382942964938875
-1.79835097978106	0.382953978270685
-2.57747759965585	0.66335545132302
-1.79827400712943	0.382942964938875
0.152567656731362	0.0287430408348264
-1.79827400712943	0.382942964938875
-1.79835097978106	0.382953978270685
0.152567656731362	0.0287430408348264
-1.79827400712943	0.382942964938875
-1.79827400712943	0.382942964938875
-1.79827400712943	0.382942964938875
-1.79827400712943	0.382942964938875
-2.5814875372856	0.665060440379843
-1.79835097978106	0.382953978270685
-1.79835097978106	0.382953978270685
-1.79835097978106	0.382953978270685
-1.80197754639448	0.383903353697165
-1.80197754639448	0.383903353697165
-1.79835097978106	0.382953978270685
-3.08164138813046	0.963767470359232
-1.79835097978106	0.382953978270685
-2.58524212677275	0.666574749875287
-1.79827400712943	0.382942964938875
-1.79827400712943	0.382942964938875
-1.80197754639448	0.383903353697165
-1.79835097978106	0.382953978270685
1.95706969381346	0.441073865263096
-0.627829060935039	0.153504607197422
-1.79835097978106	0.382953978270685
-1.79827400712943	0.382942964938875
-2.5814875372856	0.665060440379843
-3.08652986879455	0.965774290031657
-2.57775304544287	0.66318910114962
-1.79835097978106	0.382953978270685
-1.79835097978106	0.382953978270685
-1.79827400712943	0.382942964938875
-1.79835097978106	0.382953978270685
1.95706969381346	0.441073865263096
-1.79835097978106	0.382953978270685
-1.79835097978106	0.382953978270685
-3.08209765998152	0.963916510480773
-1.79827400712943	0.382942964938875
0.153247518839476	0.0288421886814327
0.153526628680235	0.0288819285189665
-1.79835097978106	0.382953978270685
-1.80197754639448	0.383903353697165
-2.58120409692147	0.664991486920107
-1.79835097978106	0.382953978270685
-1.79827400712943	0.382942964938875
-3.08209765998152	0.963916510480773
-1.13948670365002	0.344942610687521
0.952312839774606	0.25302018984475
0.152289864541204	0.0287035071443224
-1.80197754639448	0.383903353697165
-2.57747759965585	0.66335545132302
-1.79827400712943	0.382942964938875
-1.79827400712943	0.382942964938875
-1.80197754639448	0.383903353697165
-1.79827400712943	0.382942964938875
-3.08209765998152	0.963916510480773
-0.344210615318698	0.0990368506115311
-1.79827400712943	0.382942964938875
-1.79835097978106	0.382953978270685
-3.45538437102149	1.2298802093729
-1.79827400712943	0.382942964938875
-1.79827400712943	0.382942964938875
-3.08118534013847	0.963229045953577
-1.79835097978106	0.382953978270685
-1.80197754639448	0.383903353697165
0.155986207086685	0.0292416787556187
-2.57747759965585	0.66335545132302
-3.08255415585823	0.963691003677911
-1.79835097978106	0.382953978270685
-1.79827400712943	0.382942964938875
-2.5814875372856	0.665060440379843
-1.79835097978106	0.382953978270685
0.152567656731362	0.0287430408348264
-1.79835097978106	0.382953978270685
-1.79827400712943	0.382942964938875
-1.79827400712943	0.382942964938875
-1.79835097978106	0.382953978270685
-1.79835097978106	0.382953978270685
-1.79835097978106	0.382953978270685
-1.79835097978106	0.382953978270685
-1.79827400712943	0.382942964938875
0.153526628680235	0.0288819285189665
-1.79827400712943	0.382942964938875
-1.80197754639448	0.383903353697165
-1.14009620739235	0.345227889980206
0.152567656731362	0.0287430408348264
-1.79835097978106	0.382953978270685
-2.577202278156	0.663064687208724
0.153247518839476	0.0288421886814327
0.94807088907188	0.251931335472786
-1.79827400712943	0.382942964938875
-1.79827400712943	0.382942964938875
-1.79835097978106	0.382953978270685
-2.57775304544287	0.66318910114962
-2.58120409692147	0.664991486920107
-1.79835097978106	0.382953978270685
-1.79835097978106	0.382953978270685
-1.79827400712943	0.382942964938875
-1.79835097978106	0.382953978270685
-1.79835097978106	0.382953978270685
-1.79827400712943	0.382942964938875
-1.79835097978106	0.382953978270685
-1.79835097978106	0.382953978270685
-1.79835097978106	0.382953978270685
-1.79835097978106	0.382953978270685
-1.79835097978106	0.382953978270685
-1.79835097978106	0.382953978270685
-1.79835097978106	0.382953978270685
-1.79827400712943	0.382942964938875
0.152567656731362	0.0287430408348264
-1.80197754639448	0.383903353697165
-1.79827400712943	0.382942964938875
-1.79827400712943	0.382942964938875
-3.08118534013847	0.963229045953577
-1.79827400712943	0.382942964938875
-1.79835097978106	0.382953978270685
-1.79835097978106	0.382953978270685
0.148503149870495	0.0281892610504199
-1.80197754639448	0.383903353697165
-1.79827400712943	0.382942964938875
-1.79827400712943	0.382942964938875
-2.57747759965585	0.66335545132302
-0.632432130022522	0.154575713959717
0.166084152255821	0.0418055330790301
2.75722496636877	0.770257049482932
-1.13422470394875	0.343215945535417
-0.628807341949763	0.15371861128279
-1.79827400712943	0.382942964938875
-1.79827400712943	0.382942964938875
3.63685963656738	1.43190397098036
0.158887783595564	0.0539342798454794
-1.79827400712943	0.382942964938875
-2.577202278156	0.663064687208724
-1.13422470394875	0.343215945535417
-1.13129699285405	0.342278739405472
-1.79835097978106	0.382953978270685
-1.79835097978106	0.382953978270685
-0.624566751454544	0.152757086863399
-0.629267545839357	0.153771215183604
-1.80197754639448	0.383903353697165
-1.79835097978106	0.382953978270685
1.95706969381346	0.441073865263096
-1.81500400399229	0.739710597985082
0.400633730768397	0.181409700667099
-0.628347365301396	0.153568930486371
0.152289864541204	0.0287035071443224
-1.79827400712943	0.382942964938875
-2.577202278156	0.663064687208724
-2.58524212677275	0.666574749875287
1.45806698971783	0.483796340944708
-1.79827400712943	0.382942964938875
-1.79827400712943	0.382942964938875
-1.79827400712943	0.382942964938875
-2.577202278156	0.663064687208724
-2.57747759965585	0.66335545132302
-1.79827400712943	0.382942964938875
-1.79827400712943	0.382942964938875
-2.57747759965585	0.66335545132302
-1.79835097978106	0.382953978270685
-1.79835097978106	0.382953978270685
-1.13422470394875	0.343215945535417
-1.79835097978106	0.382953978270685
-2.57747759965585	0.66335545132302
-0.628347365301396	0.153568930486371
-1.79827400712943	0.382942964938875
-1.80197754639448	0.383903353697165
-2.57775304544287	0.66318910114962
-2.58524212677275	0.666574749875287
0.153526628680235	0.0288819285189665
0.153526628680235	0.0288819285189665
-1.79827400712943	0.382942964938875
-2.57775304544287	0.66318910114962
-1.79835097978106	0.382953978270685
-1.79827400712943	0.382942964938875
-1.79835097978106	0.382953978270685
-1.79827400712943	0.382942964938875
-1.79827400712943	0.382942964938875
-2.577202278156	0.663064687208724
-1.80197754639448	0.383903353697165
-1.79827400712943	0.382942964938875
-1.79827400712943	0.382942964938875
-1.79835097978106	0.382953978270685
-2.577202278156	0.663064687208724
-0.628347365301396	0.153568930486371
-1.79827400712943	0.382942964938875
-0.628347365301396	0.153568930486371
-2.57747759965585	0.66335545132302
-0.627829060935039	0.153504607197422
-2.57747759965585	0.66335545132302
-1.80197754639448	0.383903353697165
-1.79835097978106	0.382953978270685
-1.79835097978106	0.382953978270685
0.149464413960118	0.0283283450696208
0.152289864541204	0.0287035071443224
-2.5814875372856	0.665060440379843
-1.79835097978106	0.382953978270685
-1.13482941234436	0.34340642829894
0.165704597093625	0.0417255219351786
-1.79835097978106	0.382953978270685
0.152289864541204	0.0287035071443224
-1.79835097978106	0.382953978270685
-2.57775304544287	0.66318910114962
-1.79835097978106	0.382953978270685
-1.79827400712943	0.382942964938875
-2.58524212677275	0.666574749875287
-2.577202278156	0.663064687208724
-1.79827400712943	0.382942964938875
-2.57747759965585	0.66335545132302
-1.79835097978106	0.382953978270685
-1.79827400712943	0.382942964938875
-2.577202278156	0.663064687208724
-1.80197754639448	0.383903353697165
-1.79827400712943	0.382942964938875
-1.79835097978106	0.382953978270685
-1.79835097978106	0.382953978270685
-1.80197754639448	0.383903353697165
-1.13642797594247	0.343807560451606
0.152289864541204	0.0287035071443224
-1.80197754639448	0.383903353697165
-1.79827400712943	0.382942964938875
-1.79835097978106	0.382953978270685
-0.627367542213354	0.153354696036073
-2.57747759965585	0.66335545132302
-1.79827400712943	0.382942964938875
-1.80197754639448	0.383903353697165
-1.79827400712943	0.382942964938875
-1.79835097978106	0.382953978270685
0.152289864541204	0.0287035071443224
0.153247518839476	0.0288421886814327
0.153526628680235	0.0288819285189665
0.153526628680235	0.0288819285189665
2.75446121880292	0.769079402442662
0.152289864541204	0.0287035071443224
-1.79827400712943	0.382942964938875
1.95706969381346	0.441073865263096
-1.79835097978106	0.382953978270685
-0.628807341949763	0.15371861128279
0.152289864541204	0.0287035071443224
-1.79827400712943	0.382942964938875
-1.79835097978106	0.382953978270685
-1.80197754639448	0.383903353697165
-1.79835097978106	0.382953978270685
-1.79827400712943	0.382942964938875
-0.344210615318698	0.0990368506115311
-1.79835097978106	0.382953978270685
-1.79835097978106	0.382953978270685
-1.80197754639448	0.383903353697165
-1.80197754639448	0.383903353697165
-1.79827400712943	0.382942964938875
-1.79827400712943	0.382942964938875
-1.79827400712943	0.382942964938875
-2.57747759965585	0.66335545132302
0.15626975600377	0.0292821097759299
-1.79835097978106	0.382953978270685
-2.58120409692147	0.664991486920107
-2.577202278156	0.663064687208724
-1.79835097978106	0.382953978270685
-1.79835097978106	0.382953978270685
-1.79827400712943	0.382942964938875
-2.57747759965585	0.66335545132302
-1.79827400712943	0.382942964938875
-1.79835097978106	0.382953978270685
-1.79827400712943	0.382942964938875
-2.577202278156	0.663064687208724
-2.577202278156	0.663064687208724
-1.79827400712943	0.382942964938875
-2.57747759965585	0.66335545132302
0.15626975600377	0.0292821097759299
-1.79835097978106	0.382953978270685
0.15626975600377	0.0292821097759299
-1.79827400712943	0.382942964938875
-2.57747759965585	0.66335545132302
-1.79827400712943	0.382942964938875
-1.79835097978106	0.382953978270685
-1.79835097978106	0.382953978270685
-1.79835097978106	0.382953978270685
-0.627829060935039	0.153504607197422
-1.79835097978106	0.382953978270685
-1.79835097978106	0.382953978270685
-1.80197754639448	0.383903353697165
-1.79827400712943	0.382942964938875
-1.79827400712943	0.382942964938875
-1.79835097978106	0.382953978270685
-1.79835097978106	0.382953978270685
0.152567656731362	0.0287430408348264
-0.627829060935039	0.153504607197422
-3.46005827230016	1.23260132520798
-1.79827400712943	0.382942964938875
-1.79827400712943	0.382942964938875
-1.79835097978106	0.382953978270685
-0.633409029549556	0.154789771896201
-1.79827400712943	0.382942964938875
-1.79827400712943	0.382942964938875
-1.79835097978106	0.382953978270685
-1.79827400712943	0.382942964938875
-1.79827400712943	0.382942964938875
-2.57747759965585	0.66335545132302
-1.79835097978106	0.382953978270685
-1.80197754639448	0.383903353697165
-2.577202278156	0.663064687208724
-1.79827400712943	0.382942964938875
-1.13521969998424	0.343544374381215
-1.79827400712943	0.382942964938875
0.148503149870495	0.0281892610504199
-1.79835097978106	0.382953978270685
-1.13461598703551	0.343230613786831
-1.79827400712943	0.382942964938875
-2.57747759965585	0.66335545132302
-2.5814875372856	0.665060440379843
-1.79835097978106	0.382953978270685
-2.57747759965585	0.66335545132302
-1.79835097978106	0.382953978270685
1.95791760701363	0.441280139896969
-1.79835097978106	0.382953978270685
-1.79835097978106	0.382953978270685
-1.79835097978106	0.382953978270685
0.152567656731362	0.0287430408348264
-1.79827400712943	0.382942964938875
-1.79835097978106	0.382953978270685
1.95706969381346	0.441073865263096
0.153247518839476	0.0288421886814327
-1.79835097978106	0.382953978270685
-1.79827400712943	0.382942964938875
-1.79827400712943	0.382942964938875
-2.57747759965585	0.66335545132302
0.153526628680235	0.0288819285189665
-2.577202278156	0.663064687208724
-1.80197754639448	0.383903353697165
-1.79827400712943	0.382942964938875
-1.79827400712943	0.382942964938875
-1.79827400712943	0.382942964938875
-1.79827400712943	0.382942964938875
-1.79827400712943	0.382942964938875
-1.79827400712943	0.382942964938875
-1.79835097978106	0.382953978270685
-1.79827400712943	0.382942964938875
-1.79835097978106	0.382953978270685
-1.79827400712943	0.382942964938875
-1.79835097978106	0.382953978270685
-1.79827400712943	0.382942964938875
-1.80197754639448	0.383903353697165
-1.79827400712943	0.382942964938875
-2.57747759965585	0.66335545132302
-1.79835097978106	0.382953978270685
-1.79835097978106	0.382953978270685
-0.629159511493121	0.153871316504896
0.152289864541204	0.0287035071443224
-2.577202278156	0.663064687208724
0.153526628680235	0.0288819285189665
1.95791760701363	0.441280139896969
0.152567656731362	0.0287430408348264
-1.79827400712943	0.382942964938875
1.95706969381346	0.441073865263096
-1.13521969998424	0.343544374381215
-1.79827400712943	0.382942964938875
-2.577202278156	0.663064687208724
-2.57775304544287	0.66318910114962
-1.79827400712943	0.382942964938875
-1.79835097978106	0.382953978270685
-1.79835097978106	0.382953978270685
-1.79827400712943	0.382942964938875
-1.79827400712943	0.382942964938875
-1.79835097978106	0.382953978270685
-1.79835097978106	0.382953978270685
-2.58120409692147	0.664991486920107
-1.79827400712943	0.382942964938875
-2.577202278156	0.663064687208724
-1.79827400712943	0.382942964938875
0.152567656731362	0.0287430408348264
-1.79827400712943	0.382942964938875
0.153247518839476	0.0288421886814327
-1.79827400712943	0.382942964938875
-0.629267545839357	0.153771215183604
-1.79827400712943	0.382942964938875
-2.57747759965585	0.66335545132302
-1.79827400712943	0.382942964938875
-1.79835097978106	0.382953978270685
-1.79835097978106	0.382953978270685
-2.57747759965585	0.66335545132302
-1.79835097978106	0.382953978270685
-2.577202278156	0.663064687208724
-1.79827400712943	0.382942964938875
-1.79835097978106	0.382953978270685
-2.57747759965585	0.66335545132302
-2.57747759965585	0.66335545132302
-1.79827400712943	0.382942964938875
-2.57775304544287	0.66318910114962
-1.79835097978106	0.382953978270685
-1.79835097978106	0.382953978270685
-1.80197754639448	0.383903353697165
0.15626975600377	0.0292821097759299
0.152567656731362	0.0287430408348264
-1.79835097978106	0.382953978270685
-2.57747759965585	0.66335545132302
-1.79835097978106	0.382953978270685
-1.79835097978106	0.382953978270685
-1.79835097978106	0.382953978270685
-1.79827400712943	0.382942964938875
-2.57747759965585	0.66335545132302
-1.80197754639448	0.383903353697165
-1.79827400712943	0.382942964938875
-1.79835097978106	0.382953978270685
-3.08164138813046	0.963767470359232
-1.79827400712943	0.382942964938875
-1.79827400712943	0.382942964938875
-1.79827400712943	0.382942964938875
-1.79827400712943	0.382942964938875
-0.629267545839357	0.153771215183604
0.152567656731362	0.0287430408348264
-0.6282908079904	0.153557595992093
0.152289864541204	0.0287035071443224
-3.08209765998152	0.963916510480773
-2.58120409692147	0.664991486920107
-2.57747759965585	0.66335545132302
-1.79827400712943	0.382942964938875
0.152289864541204	0.0287035071443224
-1.79827400712943	0.382942964938875
-1.79827400712943	0.382942964938875
2.75349844687128	0.768381126605175
-1.79827400712943	0.382942964938875
-1.79827400712943	0.382942964938875
0.148503149870495	0.0281892610504199
-2.5814875372856	0.665060440379843
-1.79827400712943	0.382942964938875
0.153247518839476	0.0288421886814327
-2.58120409692147	0.664991486920107
0.152567656731362	0.0287430408348264
-1.79827400712943	0.382942964938875
-1.79827400712943	0.382942964938875
0.155986207086685	0.0292416787556187
-1.79835097978106	0.382953978270685
0.152567656731362	0.0287430408348264
-1.79827400712943	0.382942964938875
-1.79835097978106	0.382953978270685
-1.79835097978106	0.382953978270685
-0.629267545839357	0.153771215183604
-1.79827400712943	0.382942964938875
-1.79835097978106	0.382953978270685
-1.79835097978106	0.382953978270685
-1.79827400712943	0.382942964938875
-1.79827400712943	0.382942964938875
-1.79827400712943	0.382942964938875
-0.632939126134277	0.15468454480873
-1.79835097978106	0.382953978270685
-1.80197754639448	0.383903353697165
0.15626975600377	0.0292821097759299
-1.79835097978106	0.382953978270685
-1.79835097978106	0.382953978270685
-1.79835097978106	0.382953978270685
-2.57747759965585	0.66335545132302
1.96040941896093	0.441936123238363
-1.79827400712943	0.382942964938875
-1.79835097978106	0.382953978270685
-1.79827400712943	0.382942964938875
-1.80197754639448	0.383903353697165
-1.79835097978106	0.382953978270685
-1.79827400712943	0.382942964938875
-2.57775304544287	0.66318910114962
-1.79835097978106	0.382953978270685
-1.79827400712943	0.382942964938875
-1.79827400712943	0.382942964938875
-1.79827400712943	0.382942964938875
-1.79827400712943	0.382942964938875
1.95706969381346	0.441073865263096
-1.79827400712943	0.382942964938875
0.947097253557627	0.251590606337117
-1.79827400712943	0.382942964938875
-1.79827400712943	0.382942964938875
-2.57775304544287	0.66318910114962
-1.79827400712943	0.382942964938875
-1.80197754639448	0.383903353697165
-3.09005031168239	0.967298189535081
-1.79827400712943	0.382942964938875
-1.80197754639448	0.383903353697165
-1.79827400712943	0.382942964938875
-3.08652986879455	0.965774290031657
-1.79827400712943	0.382942964938875
-0.628347365301396	0.153568930486371
-1.79835097978106	0.382953978270685
-1.79827400712943	0.382942964938875
-1.79827400712943	0.382942964938875
-1.79835097978106	0.382953978270685
-2.5814875372856	0.665060440379843
-0.633409029549556	0.154789771896201
0.155986207086685	0.0292416787556187
-1.79835097978106	0.382953978270685
0.153247518839476	0.0288421886814327
-2.5814875372856	0.665060440379843
0.153247518839476	0.0288421886814327
-1.79827400712943	0.382942964938875
-1.80197754639448	0.383903353697165
-1.79835097978106	0.382953978270685
-1.79827400712943	0.382942964938875
-1.79827400712943	0.382942964938875
-1.79835097978106	0.382953978270685
-2.58120409692147	0.664991486920107
-1.79835097978106	0.382953978270685
-2.57747759965585	0.66335545132302
-1.79835097978106	0.382953978270685
-1.79835097978106	0.382953978270685
-1.79827400712943	0.382942964938875
-1.79827400712943	0.382942964938875
-1.79827400712943	0.382942964938875
-1.79827400712943	0.382942964938875
-1.79827400712943	0.382942964938875
-1.79835097978106	0.382953978270685
-1.79835097978106	0.382953978270685
-0.629267545839357	0.153771215183604
-1.80197754639448	0.383903353697165
-0.628347365301396	0.153568930486371
-3.08652986879455	0.965774290031657
-1.79827400712943	0.382942964938875
-1.79827400712943	0.382942964938875
-1.79835097978106	0.382953978270685
-3.08164138813046	0.963767470359232
-1.80197754639448	0.383903353697165
-2.58120409692147	0.664991486920107
-1.80197754639448	0.383903353697165
0.149464413960118	0.0283283450696208
-0.628807341949763	0.15371861128279
-1.79835097978106	0.382953978270685
1.95791760701363	0.441280139896969
1.95791760701363	0.441280139896969
-1.79835097978106	0.382953978270685
-1.79827400712943	0.382942964938875
0.152567656731362	0.0287430408348264
-1.79835097978106	0.382953978270685
-1.79835097978106	0.382953978270685
-0.633409029549556	0.154789771896201
-2.57747759965585	0.66335545132302
-1.13422470394875	0.343215945535417
-1.80197754639448	0.383903353697165
-1.79835097978106	0.382953978270685
-1.79827400712943	0.382942964938875
-1.79827400712943	0.382942964938875
-1.79827400712943	0.382942964938875
-1.79827400712943	0.382942964938875
-1.79827400712943	0.382942964938875
-2.57747759965585	0.66335545132302
-1.80197754639448	0.383903353697165
-1.79835097978106	0.382953978270685
-1.79835097978106	0.382953978270685
-1.79835097978106	0.382953978270685
-1.79835097978106	0.382953978270685
-1.79827400712943	0.382942964938875
-1.13543440488342	0.343479590196383
-1.79835097978106	0.382953978270685
-1.79827400712943	0.382942964938875
-1.79827400712943	0.382942964938875
-1.79827400712943	0.382942964938875
0.152567656731362	0.0287430408348264
-1.79827400712943	0.382942964938875
-1.79835097978106	0.382953978270685
-1.79827400712943	0.382942964938875
-1.79827400712943	0.382942964938875
2.75446121880292	0.769079402442662
0.149464413960118	0.0283283450696208
-1.79835097978106	0.382953978270685
-1.79827400712943	0.382942964938875
-1.79835097978106	0.382953978270685
-1.80197754639448	0.383903353697165
0.149464413960118	0.0283283450696208
-1.79827400712943	0.382942964938875
-0.625500335572602	0.152962089117453
-1.79827400712943	0.382942964938875
-2.57747759965585	0.66335545132302
-1.79827400712943	0.382942964938875
-1.79835097978106	0.382953978270685
-1.79827400712943	0.382942964938875
-1.79827400712943	0.382942964938875
-1.79835097978106	0.382953978270685
-1.79827400712943	0.382942964938875
-2.57775304544287	0.66318910114962
-1.14009620739235	0.345227889980206
-1.79827400712943	0.382942964938875
-1.80197754639448	0.383903353697165
-1.79827400712943	0.382942964938875
-2.58120409692147	0.664991486920107
-1.79835097978106	0.382953978270685
-1.79835097978106	0.382953978270685
-1.79827400712943	0.382942964938875
-1.79835097978106	0.382953978270685
-1.79827400712943	0.382942964938875
-1.79835097978106	0.382953978270685
-2.577202278156	0.663064687208724
-1.79827400712943	0.382942964938875
-0.343223291761604	0.0987971723984263
-1.79827400712943	0.382942964938875
-1.79835097978106	0.382953978270685
-1.80197754639448	0.383903353697165
-1.80197754639448	0.383903353697165
-1.79835097978106	0.382953978270685
-1.79835097978106	0.382953978270685
-1.80197754639448	0.383903353697165
-2.577202278156	0.663064687208724
-0.633409029549556	0.154789771896201
-2.57747759965585	0.66335545132302
-2.58120409692147	0.664991486920107
-1.80197754639448	0.383903353697165
-1.79827400712943	0.382942964938875
-0.632939126134277	0.15468454480873
-0.629267545839357	0.153771215183604
-3.08164138813046	0.963767470359232
-1.13461598703551	0.343230613786831
0.153526628680235	0.0288819285189665
-0.633409029549556	0.154789771896201
-2.57775304544287	0.66318910114962
-1.79835097978106	0.382953978270685
-3.75530690635197	1.48758661786965
-1.13461598703551	0.343230613786831
-1.79835097978106	0.382953978270685
-3.08559782341753	0.965445184573826
-1.79827400712943	0.382942964938875
-1.79835097978106	0.382953978270685
-2.5814875372856	0.665060440379843
-1.79827400712943	0.382942964938875
-1.79835097978106	0.382953978270685
-1.79827400712943	0.382942964938875
-1.79827400712943	0.382942964938875
-1.79835097978106	0.382953978270685
-1.79827400712943	0.382942964938875
2.75349844687128	0.768381126605175
-1.80197754639448	0.383903353697165
0.153247518839476	0.0288421886814327
-1.80197754639448	0.383903353697165
-2.57747759965585	0.66335545132302
0.152567656731362	0.0287430408348264
-1.79827400712943	0.382942964938875
-1.79835097978106	0.382953978270685
-0.628347365301396	0.153568930486371
1.95791760701363	0.441280139896969
1.95706969381346	0.441073865263096
-1.79827400712943	0.382942964938875
-1.79835097978106	0.382953978270685
-1.79827400712943	0.382942964938875
-2.57747759965585	0.66335545132302
-1.79835097978106	0.382953978270685
-0.632939126134277	0.15468454480873
-2.57747759965585	0.66335545132302
-0.627829060935039	0.153504607197422
-2.57747759965585	0.66335545132302
-1.79835097978106	0.382953978270685
-1.79835097978106	0.382953978270685
-1.79827400712943	0.382942964938875
-1.79827400712943	0.382942964938875
-1.79835097978106	0.382953978270685
-2.58120409692147	0.664991486920107
-1.80197754639448	0.383903353697165
-1.79827400712943	0.382942964938875
-0.629267545839357	0.153771215183604
-1.79827400712943	0.382942964938875
0.148503149870495	0.0281892610504199
-2.5814875372856	0.665060440379843
-1.79835097978106	0.382953978270685
1.95706969381346	0.441073865263096
-1.79827400712943	0.382942964938875
-1.79827400712943	0.382942964938875
-3.08209765998152	0.963916510480773
-1.79835097978106	0.382953978270685
-0.629267545839357	0.153771215183604
-1.79827400712943	0.382942964938875
0.148503149870495	0.0281892610504199
-1.79835097978106	0.382953978270685
-2.57747759965585	0.66335545132302
-1.79827400712943	0.382942964938875
-1.79827400712943	0.382942964938875
-1.79835097978106	0.382953978270685
-1.79827400712943	0.382942964938875
-1.79827400712943	0.382942964938875
-1.79835097978106	0.382953978270685
-2.57775304544287	0.66318910114962
0.152567656731362	0.0287430408348264
-1.79835097978106	0.382953978270685
-1.79827400712943	0.382942964938875
-1.79835097978106	0.382953978270685
-2.577202278156	0.663064687208724
-2.57775304544287	0.66318910114962
-1.79835097978106	0.382953978270685
-1.80197754639448	0.383903353697165
-1.79835097978106	0.382953978270685
-1.79835097978106	0.382953978270685
-1.79827400712943	0.382942964938875
-0.719465582528739	0.247026553935257
0.155572557197279	0.052867342174464
-0.627367542213354	0.153354696036073
-1.79835097978106	0.382953978270685
1.95706969381346	0.441073865263096
-1.51019343351841	0.538270963770231
-1.79835097978106	0.382953978270685
-1.79827400712943	0.382942964938875
-1.79835097978106	0.382953978270685
1.95791760701363	0.441280139896969
0.152289864541204	0.0287035071443224
-1.13543440488342	0.343479590196383
-1.79827400712943	0.382942964938875
-0.628347365301396	0.153568930486371
-1.80197754639448	0.383903353697165
-2.577202278156	0.663064687208724
-1.79835097978106	0.382953978270685
-0.627829060935039	0.153504607197422
-2.57775304544287	0.66318910114962
-1.79827400712943	0.382942964938875
-1.79827400712943	0.382942964938875
-1.79835097978106	0.382953978270685
-1.79827400712943	0.382942964938875
-1.79827400712943	0.382942964938875
-1.79827400712943	0.382942964938875
-1.79835097978106	0.382953978270685
1.96040941896093	0.441936123238363
-2.577202278156	0.663064687208724
0.153247518839476	0.0288421886814327
-1.79827400712943	0.382942964938875
-1.79827400712943	0.382942964938875
-0.62503342749082	0.152907838403333
0.163386406136861	0.0411852790230607
0.15626975600377	0.0292821097759299
-0.6282908079904	0.153557595992093
-1.13482941234436	0.34340642829894
-2.58524212677275	0.666574749875287
-1.79827400712943	0.382942964938875
-0.631960666018702	0.15447017218279
-3.08559782341753	0.965445184573826
-1.79827400712943	0.382942964938875
-1.79827400712943	0.382942964938875
-1.79835097978106	0.382953978270685
-1.79827400712943	0.382942964938875
-1.79835097978106	0.382953978270685
-1.80197754639448	0.383903353697165
-2.57775304544287	0.66318910114962
-1.79835097978106	0.382953978270685
0.148503149870495	0.0281892610504199
-0.629636196854164	0.153977935518255
-1.79835097978106	0.382953978270685
-1.79835097978106	0.382953978270685
-1.79827400712943	0.382942964938875
-2.5814875372856	0.665060440379843
-1.80197754639448	0.383903353697165
-1.79827400712943	0.382942964938875
1.95791760701363	0.441280139896969
-0.628807341949763	0.15371861128279
-1.79835097978106	0.382953978270685
-1.79827400712943	0.382942964938875
-2.577202278156	0.663064687208724
-1.79835097978106	0.382953978270685
-2.57775304544287	0.66318910114962
-0.628807341949763	0.15371861128279
-1.79835097978106	0.382953978270685
-1.79835097978106	0.382953978270685
-1.79835097978106	0.382953978270685
-1.80197754639448	0.383903353697165
-1.79827400712943	0.382942964938875
-1.79835097978106	0.382953978270685
-1.79827400712943	0.382942964938875
-1.79835097978106	0.382953978270685
-1.51395570496283	0.539857861420258
-1.51429942551804	0.540079204882619
3.63685963656738	1.43190397098036
0.155986207086685	0.0292416787556187
-2.58120409692147	0.664991486920107
-1.79827400712943	0.382942964938875
-1.81405663489635	0.739163554129331
-1.79827400712943	0.382942964938875
-0.629267545839357	0.153771215183604
-1.79835097978106	0.382953978270685
0.153526628680235	0.0288819285189665
-1.79827400712943	0.382942964938875
0.152567656731362	0.0287430408348264
0.148503149870495	0.0281892610504199
0.153526628680235	0.0288819285189665
-2.57747759965585	0.66335545132302
-2.577202278156	0.663064687208724
0.153526628680235	0.0288819285189665
0.152289864541204	0.0287035071443224
-1.79835097978106	0.382953978270685
-1.79827400712943	0.382942964938875
0.152567656731362	0.0287430408348264
-1.79827400712943	0.382942964938875
-1.79835097978106	0.382953978270685
-1.79827400712943	0.382942964938875
-1.79827400712943	0.382942964938875
-1.79827400712943	0.382942964938875
-2.57747759965585	0.66335545132302
1.95791760701363	0.441280139896969
-1.79827400712943	0.382942964938875
-1.79827400712943	0.382942964938875
-2.5814875372856	0.665060440379843
-1.79835097978106	0.382953978270685
-1.79827400712943	0.382942964938875
-0.631960666018702	0.15447017218279
-1.79835097978106	0.382953978270685
-2.57747759965585	0.66335545132302
-1.79827400712943	0.382942964938875
-1.79827400712943	0.382942964938875
0.153526628680235	0.0288819285189665
0.152289864541204	0.0287035071443224
-3.08209765998152	0.963916510480773
1.45707753244512	0.483282553765983
-1.79835097978106	0.382953978270685
1.95791760701363	0.441280139896969
0.152567656731362	0.0287430408348264
-0.62503342749082	0.152907838403333
-2.57775304544287	0.66318910114962
-1.79835097978106	0.382953978270685
-2.57747759965585	0.66335545132302
1.95706969381346	0.441073865263096
-1.79827400712943	0.382942964938875
-1.80197754639448	0.383903353697165
-2.57747759965585	0.66335545132302
-1.79827400712943	0.382942964938875
-0.716742797527227	0.245951204867122
1.96040941896093	0.441936123238363
-1.79827400712943	0.382942964938875
0.153247518839476	0.0288421886814327
-1.79835097978106	0.382953978270685
-1.79827400712943	0.382942964938875
-2.58524212677275	0.666574749875287
-1.80197754639448	0.383903353697165
-1.79827400712943	0.382942964938875
-1.79827400712943	0.382942964938875
0.153247518839476	0.0288421886814327
0.947097253557627	0.251590606337117
0.148503149870495	0.0281892610504199
-1.79827400712943	0.382942964938875
-1.80197754639448	0.383903353697165
-1.13582369620544	0.343734699942405
0.15626975600377	0.0292821097759299
-2.57747759965585	0.66335545132302
-1.79827400712943	0.382942964938875
-2.57747759965585	0.66335545132302
-0.628807341949763	0.15371861128279
-1.79835097978106	0.382953978270685
-2.57775304544287	0.66318910114962
-1.79827400712943	0.382942964938875
-1.79835097978106	0.382953978270685
-1.79835097978106	0.382953978270685
-1.79827400712943	0.382942964938875
-1.79827400712943	0.382942964938875
-1.02140349604103	0.40462053419898
-0.349124689538762	0.10039174648187
-1.13461598703551	0.343230613786831
-3.08209765998152	0.963916510480773
-1.13617544316656	0.343960217515251
-1.51429942551804	0.540079204882619
-2.58120409692147	0.664991486920107
-2.57747759965585	0.66335545132302
-2.58524212677275	0.666574749875287
0.152567656731362	0.0287430408348264
-1.79835097978106	0.382953978270685
-1.79827400712943	0.382942964938875
-1.80197754639448	0.383903353697165
-1.79835097978106	0.382953978270685
-1.79827400712943	0.382942964938875
-1.79827400712943	0.382942964938875
-1.79835097978106	0.382953978270685
-1.79827400712943	0.382942964938875
-1.79835097978106	0.382953978270685
-1.13482941234436	0.34340642829894
-1.79827400712943	0.382942964938875
-1.79827400712943	0.382942964938875
-1.79835097978106	0.382953978270685
-1.79827400712943	0.382942964938875
-2.57747759965585	0.66335545132302
-1.13422470394875	0.343215945535417
-1.79835097978106	0.382953978270685
0.152289864541204	0.0287035071443224
0.153247518839476	0.0288421886814327
0.152289864541204	0.0287035071443224
0.166311360817904	0.0418484681801843
-2.577202278156	0.663064687208724
-1.79835097978106	0.382953978270685
0.153247518839476	0.0288421886814327
-0.631960666018702	0.15447017218279
-1.79827400712943	0.382942964938875
-3.08255415585823	0.963691003677911
-1.79827400712943	0.382942964938875
-1.79827400712943	0.382942964938875
-1.79835097978106	0.382953978270685
-1.79835097978106	0.382953978270685
-1.79835097978106	0.382953978270685
-1.13521969998424	0.343544374381215
-1.80197754639448	0.383903353697165
-1.79827400712943	0.382942964938875
-1.79835097978106	0.382953978270685
-3.08164138813046	0.963767470359232
-1.79835097978106	0.382953978270685
-2.57747759965585	0.66335545132302
-3.08209765998152	0.963916510480773
-1.79835097978106	0.382953978270685
0.947560352748164	0.251716891447637
-1.79835097978106	0.382953978270685
-1.79835097978106	0.382953978270685
-1.79835097978106	0.382953978270685
-0.628807341949763	0.15371861128279
-1.79827400712943	0.382942964938875
-1.79835097978106	0.382953978270685
-1.79835097978106	0.382953978270685
-1.79827400712943	0.382942964938875
-1.79827400712943	0.382942964938875
-1.79827400712943	0.382942964938875
-1.79827400712943	0.382942964938875
-2.57747759965585	0.66335545132302
-2.58120409692147	0.664991486920107
-1.79827400712943	0.382942964938875
-1.79827400712943	0.382942964938875
0.152289864541204	0.0287035071443224
0.165097545701885	0.0415776969264477
-2.57775304544287	0.66318910114962
-0.628347365301396	0.153568930486371
-1.79827400712943	0.382942964938875
-1.80197754639448	0.383903353697165
-1.13422470394875	0.343215945535417
-2.577202278156	0.663064687208724
-0.348465736253515	0.100232718134072
0.155986207086685	0.0292416787556187
-1.80197754639448	0.383903353697165
-1.79827400712943	0.382942964938875
-1.79827400712943	0.382942964938875
-1.80197754639448	0.383903353697165
-1.13521969998424	0.343544374381215
-1.79827400712943	0.382942964938875
-1.80197754639448	0.383903353697165
-1.79835097978106	0.382953978270685
0.153526628680235	0.0288819285189665
-1.79827400712943	0.382942964938875
-2.57775304544287	0.66318910114962
-2.58524212677275	0.666574749875287
-1.79827400712943	0.382942964938875
1.95706969381346	0.441073865263096
-2.577202278156	0.663064687208724
-1.79827400712943	0.382942964938875
-0.628347365301396	0.153568930486371
-1.79835097978106	0.382953978270685
-1.79835097978106	0.382953978270685
0.162400863971746	0.0409830958055786
-1.79827400712943	0.382942964938875
-2.57747759965585	0.66335545132302
1.95791760701363	0.441280139896969
-1.79827400712943	0.382942964938875
-1.80197754639448	0.383903353697165
-1.79827400712943	0.382942964938875
-1.79827400712943	0.382942964938875
-1.80197754639448	0.383903353697165
-1.79827400712943	0.382942964938875
2.76098151426891	0.771684650801264
-2.58120409692147	0.664991486920107
-2.577202278156	0.663064687208724
-1.79835097978106	0.382953978270685
-1.79827400712943	0.382942964938875
-2.57775304544287	0.66318910114962
-1.79835097978106	0.382953978270685
-2.577202278156	0.663064687208724
0.152289864541204	0.0287035071443224
-0.629267545839357	0.153771215183604
-1.79835097978106	0.382953978270685
0.152289864541204	0.0287035071443224
-1.79835097978106	0.382953978270685
-1.79835097978106	0.382953978270685
0.153247518839476	0.0288421886814327
-1.79827400712943	0.382942964938875
-1.79835097978106	0.382953978270685
-0.629267545839357	0.153771215183604
-1.14439212025525	0.346557657739731
-1.79827400712943	0.382942964938875
-2.57747759965585	0.66335545132302
-1.79827400712943	0.382942964938875
-0.627367542213354	0.153354696036073
-1.79835097978106	0.382953978270685
-1.80197754639448	0.383903353697165
-1.80197754639448	0.383903353697165
-1.79827400712943	0.382942964938875
-1.79827400712943	0.382942964938875
-1.79827400712943	0.382942964938875
-1.79835097978106	0.382953978270685
-2.5814875372856	0.665060440379843
-1.79827400712943	0.382942964938875
1.95791760701363	0.441280139896969
-1.79835097978106	0.382953978270685
-1.79835097978106	0.382953978270685
-1.80197754639448	0.383903353697165
-1.79827400712943	0.382942964938875
-1.79835097978106	0.382953978270685
-1.79827400712943	0.382942964938875
-2.57747759965585	0.66335545132302
-2.577202278156	0.663064687208724
-1.80197754639448	0.383903353697165
-1.79827400712943	0.382942964938875
-1.79827400712943	0.382942964938875
-1.79835097978106	0.382953978270685
1.95706969381346	0.441073865263096
-1.79835097978106	0.382953978270685
-1.79827400712943	0.382942964938875
-1.79827400712943	0.382942964938875
-0.62503342749082	0.152907838403333
-1.79827400712943	0.382942964938875
-1.79827400712943	0.382942964938875
-1.80197754639448	0.383903353697165
-1.79835097978106	0.382953978270685
-1.79835097978106	0.382953978270685
-1.79827400712943	0.382942964938875
-1.79835097978106	0.382953978270685
0.149464413960118	0.0283283450696208
-1.79827400712943	0.382942964938875
-1.79835097978106	0.382953978270685
-1.79835097978106	0.382953978270685
0.152567656731362	0.0287430408348264
2.75446121880292	0.769079402442662
-1.79827400712943	0.382942964938875
-0.629267545839357	0.153771215183604
-1.79827400712943	0.382942964938875
1.45476541507032	0.482531337515686
-2.58120409692147	0.664991486920107
0.152289864541204	0.0287035071443224
-1.79835097978106	0.382953978270685
-1.80197754639448	0.383903353697165
-3.45598446335482	1.23025555319821
-1.79827400712943	0.382942964938875
-1.79827400712943	0.382942964938875
-1.79835097978106	0.382953978270685
-1.79835097978106	0.382953978270685
-1.79835097978106	0.382953978270685
-2.57747759965585	0.66335545132302
0.152289864541204	0.0287035071443224
-3.08209765998152	0.963916510480773
-2.5814875372856	0.665060440379843
-1.79827400712943	0.382942964938875
-1.79827400712943	0.382942964938875
2.75722496636877	0.770257049482932
1.95706969381346	0.441073865263096
-1.79835097978106	0.382953978270685
-1.79827400712943	0.382942964938875
-1.79835097978106	0.382953978270685
-2.577202278156	0.663064687208724
-1.79827400712943	0.382942964938875
-2.57747759965585	0.66335545132302
-1.79835097978106	0.382953978270685
-2.577202278156	0.663064687208724
-2.57775304544287	0.66318910114962
-1.79835097978106	0.382953978270685
-2.577202278156	0.663064687208724
-1.79835097978106	0.382953978270685
-1.79835097978106	0.382953978270685
1.95706969381346	0.441073865263096
-1.79827400712943	0.382942964938875
0.152567656731362	0.0287430408348264
-1.79835097978106	0.382953978270685
-1.79835097978106	0.382953978270685
-1.79827400712943	0.382942964938875
-1.79827400712943	0.382942964938875
1.95706969381346	0.441073865263096
-1.79835097978106	0.382953978270685
-1.80197754639448	0.383903353697165
-1.79835097978106	0.382953978270685
0.152289864541204	0.0287035071443224
-1.79835097978106	0.382953978270685
-1.79827400712943	0.382942964938875
-1.79835097978106	0.382953978270685
-1.79835097978106	0.382953978270685
-1.79827400712943	0.382942964938875
-1.79827400712943	0.382942964938875
1.96040941896093	0.441936123238363
-1.79835097978106	0.382953978270685
-2.577202278156	0.663064687208724
-1.79835097978106	0.382953978270685
-1.80197754639448	0.383903353697165
-2.57747759965585	0.66335545132302
-1.80197754639448	0.383903353697165
-1.79827400712943	0.382942964938875
-1.79827400712943	0.382942964938875
-1.79827400712943	0.382942964938875
0.152289864541204	0.0287035071443224
-1.79827400712943	0.382942964938875
0.153247518839476	0.0288421886814327
-1.80197754639448	0.383903353697165
0.152289864541204	0.0287035071443224
-1.79835097978106	0.382953978270685
-1.79835097978106	0.382953978270685
-1.79835097978106	0.382953978270685
-1.79835097978106	0.382953978270685
-1.79827400712943	0.382942964938875
-1.79835097978106	0.382953978270685
-1.79835097978106	0.382953978270685
-1.79827400712943	0.382942964938875
0.148503149870495	0.0281892610504199
1.95791760701363	0.441280139896969
-2.57747759965585	0.66335545132302
-1.79827400712943	0.382942964938875
-1.79827400712943	0.382942964938875
-1.79835097978106	0.382953978270685
-1.79835097978106	0.382953978270685
-1.79827400712943	0.382942964938875
-2.57747759965585	0.66335545132302
-1.79827400712943	0.382942964938875
-1.79835097978106	0.382953978270685
-1.79835097978106	0.382953978270685
-1.79835097978106	0.382953978270685
-1.79835097978106	0.382953978270685
-1.79835097978106	0.382953978270685
-1.79835097978106	0.382953978270685
-1.79827400712943	0.382942964938875
-1.79835097978106	0.382953978270685
-1.79835097978106	0.382953978270685
-1.79827400712943	0.382942964938875
-1.79827400712943	0.382942964938875
-1.79827400712943	0.382942964938875
1.95706969381346	0.441073865263096
-1.79835097978106	0.382953978270685
1.96040941896093	0.441936123238363
1.95791760701363	0.441280139896969
-1.79835097978106	0.382953978270685
-1.79835097978106	0.382953978270685
-1.79827400712943	0.382942964938875
-1.79835097978106	0.382953978270685
0.152207512413174	0.0287281007494042
-1.79835097978106	0.382953978270685
-1.79835097978106	0.382953978270685
-1.79827400712943	0.382942964938875
-1.79827400712943	0.382942964938875
-1.79835097978106	0.382953978270685
-1.80197754639448	0.383903353697165
-1.79827400712943	0.382942964938875
-1.80197754639448	0.383903353697165
-3.08209765998152	0.963916510480773
-1.79827400712943	0.382942964938875
-1.79835097978106	0.382953978270685
-1.79827400712943	0.382942964938875
-1.79835097978106	0.382953978270685
-1.79835097978106	0.382953978270685
0.152567656731362	0.0287430408348264
-1.79835097978106	0.382953978270685
-1.79835097978106	0.382953978270685
-1.79835097978106	0.382953978270685
-2.577202278156	0.663064687208724
-1.79827400712943	0.382942964938875
1.95791760701363	0.441280139896969
-1.79835097978106	0.382953978270685
-1.79827400712943	0.382942964938875
-1.79827400712943	0.382942964938875
-1.79827400712943	0.382942964938875
1.96040941896093	0.441936123238363
-2.57747759965585	0.66335545132302
-2.57747759965585	0.66335545132302
-1.79827400712943	0.382942964938875
-2.57747759965585	0.66335545132302
-1.79827400712943	0.382942964938875
2.75819631171964	0.770700477263471
-1.80197754639448	0.383903353697165
-1.80197754639448	0.383903353697165
-1.79827400712943	0.382942964938875
-1.79835097978106	0.382953978270685
-1.79827400712943	0.382942964938875
-2.57747759965585	0.66335545132302
-1.79827400712943	0.382942964938875
-1.79827400712943	0.382942964938875
-1.79835097978106	0.382953978270685
-1.79827400712943	0.382942964938875
0.152567656731362	0.0287430408348264
-1.79835097978106	0.382953978270685
-1.79835097978106	0.382953978270685
-1.79827400712943	0.382942964938875
-1.79835097978106	0.382953978270685
-1.79835097978106	0.382953978270685
-1.79835097978106	0.382953978270685
-2.577202278156	0.663064687208724
-1.79835097978106	0.382953978270685
0.153526628680235	0.0288819285189665
-1.79835097978106	0.382953978270685
-2.57747759965585	0.66335545132302
-1.79827400712943	0.382942964938875
-1.80197754639448	0.383903353697165
-2.577202278156	0.663064687208724
0.153247518839476	0.0288421886814327
-1.79827400712943	0.382942964938875
-1.79827400712943	0.382942964938875
-2.58524212677275	0.666574749875287
-1.79835097978106	0.382953978270685
-1.79827400712943	0.382942964938875
-1.79827400712943	0.382942964938875
-1.79827400712943	0.382942964938875
-1.79827400712943	0.382942964938875
-1.80197754639448	0.383903353697165
-1.79827400712943	0.382942964938875
-1.79827400712943	0.382942964938875
-2.57747759965585	0.66335545132302
-3.08255415585823	0.963691003677911
-1.79835097978106	0.382953978270685
-1.79827400712943	0.382942964938875
-1.79835097978106	0.382953978270685
-1.80197754639448	0.383903353697165
-1.79835097978106	0.382953978270685
-1.79827400712943	0.382942964938875
-1.80197754639448	0.383903353697165
-1.79835097978106	0.382953978270685
-2.577202278156	0.663064687208724
-3.08209765998152	0.963916510480773
-1.79835097978106	0.382953978270685
-1.79835097978106	0.382953978270685
-2.57775304544287	0.66318910114962
-1.79835097978106	0.382953978270685
-1.79827400712943	0.382942964938875
-1.79835097978106	0.382953978270685
-1.79835097978106	0.382953978270685
-1.79827400712943	0.382942964938875
0.152289864541204	0.0287035071443224
-1.79827400712943	0.382942964938875
2.75349844687128	0.768381126605175
-2.58120409692147	0.664991486920107
-1.79827400712943	0.382942964938875
-2.57747759965585	0.66335545132302
-1.79835097978106	0.382953978270685
-1.79835097978106	0.382953978270685
-1.79827400712943	0.382942964938875
-1.79835097978106	0.382953978270685
-1.79835097978106	0.382953978270685
-1.79835097978106	0.382953978270685
-1.79827400712943	0.382942964938875
-1.79827400712943	0.382942964938875
-1.79835097978106	0.382953978270685
-1.79835097978106	0.382953978270685
-1.79827400712943	0.382942964938875
-1.79835097978106	0.382953978270685
-1.79827400712943	0.382942964938875
-2.58120409692147	0.664991486920107
-1.79835097978106	0.382953978270685
-1.79827400712943	0.382942964938875
-1.79827400712943	0.382942964938875
-2.577202278156	0.663064687208724
-1.79827400712943	0.382942964938875
-0.628347365301396	0.153568930486371
-1.79827400712943	0.382942964938875
-1.79835097978106	0.382953978270685
-1.79835097978106	0.382953978270685
-1.79827400712943	0.382942964938875
-1.79827400712943	0.382942964938875
-1.79835097978106	0.382953978270685
-3.08164138813046	0.963767470359232
-1.79835097978106	0.382953978270685
-1.79827400712943	0.382942964938875
-1.80197754639448	0.383903353697165
-1.79835097978106	0.382953978270685
-1.79835097978106	0.382953978270685
-1.79835097978106	0.382953978270685
1.95791760701363	0.441280139896969
-2.57747759965585	0.66335545132302
-1.80197754639448	0.383903353697165
-1.79827400712943	0.382942964938875
-1.79827400712943	0.382942964938875
-1.79827400712943	0.382942964938875
-2.577202278156	0.663064687208724
-1.80197754639448	0.383903353697165
-1.79827400712943	0.382942964938875
-1.80197754639448	0.383903353697165
-2.577202278156	0.663064687208724
-1.79835097978106	0.382953978270685
-1.79827400712943	0.382942964938875
-1.79827400712943	0.382942964938875
-1.79835097978106	0.382953978270685
-1.79827400712943	0.382942964938875
-1.79827400712943	0.382942964938875
1.95706969381346	0.441073865263096
-1.79835097978106	0.382953978270685
-1.79835097978106	0.382953978270685
-3.08606373064433	0.965887782759055
-3.08209765998152	0.963916510480773
-1.80197754639448	0.383903353697165
-1.79835097978106	0.382953978270685
1.96040941896093	0.441936123238363
-1.79827400712943	0.382942964938875
-1.79835097978106	0.382953978270685
-1.79827400712943	0.382942964938875
-1.79827400712943	0.382942964938875
-2.5814875372856	0.665060440379843
-1.79827400712943	0.382942964938875
-2.577202278156	0.663064687208724
-1.80197754639448	0.383903353697165
-1.80197754639448	0.383903353697165
-2.58120409692147	0.664991486920107
0.165704597093625	0.0417255219351786
-1.79835097978106	0.382953978270685
-1.79835097978106	0.382953978270685
0.153526628680235	0.0288819285189665
0.153247518839476	0.0288421886814327
-2.577202278156	0.663064687208724
0.152289864541204	0.0287035071443224
-1.79827400712943	0.382942964938875
-1.79835097978106	0.382953978270685
-1.79835097978106	0.382953978270685
-1.80197754639448	0.383903353697165
-1.79827400712943	0.382942964938875
-1.79827400712943	0.382942964938875
-0.632939126134277	0.15468454480873
-1.79827400712943	0.382942964938875
-1.79835097978106	0.382953978270685
2.75349844687128	0.768381126605175
2.75446121880292	0.769079402442662
-1.79835097978106	0.382953978270685
-1.79827400712943	0.382942964938875
-1.79827400712943	0.382942964938875
-2.577202278156	0.663064687208724
-1.79835097978106	0.382953978270685
0.153526628680235	0.0288819285189665
-1.79827400712943	0.382942964938875
-1.79827400712943	0.382942964938875
-1.79835097978106	0.382953978270685
-1.79827400712943	0.382942964938875
-1.79827400712943	0.382942964938875
-1.79827400712943	0.382942964938875
-1.79827400712943	0.382942964938875
-2.5814875372856	0.665060440379843
1.96040941896093	0.441936123238363
-1.79835097978106	0.382953978270685
-1.79827400712943	0.382942964938875
0.152567656731362	0.0287430408348264
-1.79827400712943	0.382942964938875
0.152289864541204	0.0287035071443224
-1.79827400712943	0.382942964938875
-1.79827400712943	0.382942964938875
-1.79835097978106	0.382953978270685
-1.79835097978106	0.382953978270685
-1.79835097978106	0.382953978270685
-1.79827400712943	0.382942964938875
-2.5814875372856	0.665060440379843
-1.79827400712943	0.382942964938875
1.95791760701363	0.441280139896969
-1.79835097978106	0.382953978270685
-1.79835097978106	0.382953978270685
-1.79827400712943	0.382942964938875
-2.577202278156	0.663064687208724
-2.57747759965585	0.66335545132302
-1.79835097978106	0.382953978270685
-0.628807341949763	0.15371861128279
-1.79835097978106	0.382953978270685
-1.79827400712943	0.382942964938875
0.153247518839476	0.0288421886814327
-0.629267545839357	0.153771215183604
-1.79835097978106	0.382953978270685
-2.57747759965585	0.66335545132302
-2.57747759965585	0.66335545132302
0.153526628680235	0.0288819285189665
-1.79835097978106	0.382953978270685
-1.79835097978106	0.382953978270685
0.153247518839476	0.0288421886814327
-1.79835097978106	0.382953978270685
-2.57747759965585	0.66335545132302
1.95791760701363	0.441280139896969
-3.4565848348623	1.23040818352441
-1.79827400712943	0.382942964938875
-1.80197754639448	0.383903353697165
-1.79827400712943	0.382942964938875
-1.79827400712943	0.382942964938875
-1.79827400712943	0.382942964938875
-1.79827400712943	0.382942964938875
-1.79827400712943	0.382942964938875
-1.79827400712943	0.382942964938875
-1.79835097978106	0.382953978270685
-1.79827400712943	0.382942964938875
-1.79835097978106	0.382953978270685
-1.79835097978106	0.382953978270685
-1.80197754639448	0.383903353697165
-1.79827400712943	0.382942964938875
-1.79827400712943	0.382942964938875
-1.79827400712943	0.382942964938875
1.95706969381346	0.441073865263096
-1.80197754639448	0.383903353697165
1.96040941896093	0.441936123238363
-1.79835097978106	0.382953978270685
-1.79827400712943	0.382942964938875
0.947097253557627	0.251590606337117
2.7554263517449	0.769222911089782
-1.80197754639448	0.383903353697165
-1.79827400712943	0.382942964938875
-1.79835097978106	0.382953978270685
-1.79827400712943	0.382942964938875
-1.79835097978106	0.382953978270685
-1.79835097978106	0.382953978270685
-1.79835097978106	0.382953978270685
-1.79835097978106	0.382953978270685
-2.57775304544287	0.66318910114962
-1.79835097978106	0.382953978270685
-2.57747759965585	0.66335545132302
-1.79827400712943	0.382942964938875
0.148503149870495	0.0281892610504199
-0.629267545839357	0.153771215183604
-1.79827400712943	0.382942964938875
0.152567656731362	0.0287430408348264
-1.79835097978106	0.382953978270685
-1.79835097978106	0.382953978270685
0.153526628680235	0.0288819285189665
-1.79827400712943	0.382942964938875
-1.79827400712943	0.382942964938875
-1.79827400712943	0.382942964938875
0.152289864541204	0.0287035071443224
-0.628807341949763	0.15371861128279
-1.79835097978106	0.382953978270685
-1.79835097978106	0.382953978270685
-1.79835097978106	0.382953978270685
-3.08209765998152	0.963916510480773
-1.79835097978106	0.382953978270685
-0.637572077543607	0.155739174733076
-1.79835097978106	0.382953978270685
0.153247518839476	0.0288421886814327
-1.79835097978106	0.382953978270685
-2.577202278156	0.663064687208724
-1.79827400712943	0.382942964938875
-1.79835097978106	0.382953978270685
1.95791760701363	0.441280139896969
-1.79827400712943	0.382942964938875
0.15626975600377	0.0292821097759299
-1.79835097978106	0.382953978270685
-1.80197754639448	0.383903353697165
-2.5814875372856	0.665060440379843
0.152567656731362	0.0287430408348264
-1.80197754639448	0.383903353697165
-1.79835097978106	0.382953978270685
1.95791760701363	0.441280139896969
-0.628807341949763	0.15371861128279
-1.79835097978106	0.382953978270685
-1.79827400712943	0.382942964938875
1.45377869768284	0.481973964249078
-1.79835097978106	0.382953978270685
-1.79835097978106	0.382953978270685
-1.79827400712943	0.382942964938875
-1.79827400712943	0.382942964938875
-1.79827400712943	0.382942964938875
-1.79835097978106	0.382953978270685
-1.79827400712943	0.382942964938875
0.94904571537762	0.252100131683616
-1.79835097978106	0.382953978270685
-1.79827400712943	0.382942964938875
-1.79827400712943	0.382942964938875
-1.79827400712943	0.382942964938875
-1.02624181092562	0.407113610404842
-1.80197754639448	0.383903353697165
-1.79827400712943	0.382942964938875
-0.628807341949763	0.15371861128279
-1.79827400712943	0.382942964938875
-2.57747759965585	0.66335545132302
-1.79835097978106	0.382953978270685
-1.79835097978106	0.382953978270685
-1.79827400712943	0.382942964938875
1.95706969381346	0.441073865263096
-1.79835097978106	0.382953978270685
-1.79827400712943	0.382942964938875
-1.79835097978106	0.382953978270685
-2.57747759965585	0.66335545132302
-2.57747759965585	0.66335545132302
0.148503149870495	0.0281892610504199
-2.5814875372856	0.665060440379843
-1.79835097978106	0.382953978270685
-2.57775304544287	0.66318910114962
-1.79835097978106	0.382953978270685
2.75349844687128	0.768381126605175
0.153247518839476	0.0288421886814327
0.155986207086685	0.0292416787556187
-1.79827400712943	0.382942964938875
-1.79835097978106	0.382953978270685
-1.79835097978106	0.382953978270685
-1.79835097978106	0.382953978270685
-2.57747759965585	0.66335545132302
-2.57775304544287	0.66318910114962
-1.79827400712943	0.382942964938875
-1.79835097978106	0.382953978270685
-1.79827400712943	0.382942964938875
-1.79835097978106	0.382953978270685
-2.58524212677275	0.666574749875287
-1.79835097978106	0.382953978270685
-1.79835097978106	0.382953978270685
1.95791760701363	0.441280139896969
-2.57747759965585	0.66335545132302
1.95706969381346	0.441073865263096
-1.79827400712943	0.382942964938875
-1.79827400712943	0.382942964938875
-1.79827400712943	0.382942964938875
-2.57747759965585	0.66335545132302
-1.79827400712943	0.382942964938875
-1.79827400712943	0.382942964938875
-1.79835097978106	0.382953978270685
-2.5814875372856	0.665060440379843
-1.79835097978106	0.382953978270685
-1.79835097978106	0.382953978270685
-1.79827400712943	0.382942964938875
-1.79835097978106	0.382953978270685
-1.79835097978106	0.382953978270685
0.949511917528176	0.252227362219882
-1.79835097978106	0.382953978270685
-1.79835097978106	0.382953978270685
-1.79835097978106	0.382953978270685
-1.79835097978106	0.382953978270685
-2.58120409692147	0.664991486920107
0.152289864541204	0.0287035071443224
-1.79827400712943	0.382942964938875
-2.577202278156	0.663064687208724
-1.79827400712943	0.382942964938875
-1.79835097978106	0.382953978270685
-1.79835097978106	0.382953978270685
-1.80197754639448	0.383903353697165
-1.80197754639448	0.383903353697165
-1.79835097978106	0.382953978270685
-2.57747759965585	0.66335545132302
-1.79827400712943	0.382942964938875
-1.79835097978106	0.382953978270685
-1.80197754639448	0.383903353697165
0.152567656731362	0.0287430408348264
-1.79827400712943	0.382942964938875
-1.79827400712943	0.382942964938875
-1.79827400712943	0.382942964938875
-1.79835097978106	0.382953978270685
-1.79835097978106	0.382953978270685
-1.13422470394875	0.343215945535417
-1.79827400712943	0.382942964938875
2.75446121880292	0.769079402442662
-1.79827400712943	0.382942964938875
-1.79835097978106	0.382953978270685
-1.79835097978106	0.382953978270685
-1.79835097978106	0.382953978270685
-1.79827400712943	0.382942964938875
-1.79827400712943	0.382942964938875
-1.79827400712943	0.382942964938875
2.75722496636877	0.770257049482932
0.152289864541204	0.0287035071443224
-0.629267545839357	0.153771215183604
-2.57747759965585	0.66335545132302
-1.79835097978106	0.382953978270685
-1.79835097978106	0.382953978270685
-1.79835097978106	0.382953978270685
-1.79827400712943	0.382942964938875
-1.79827400712943	0.382942964938875
-1.51364953741781	0.539764698603452
-1.79827400712943	0.382942964938875
1.95791760701363	0.441280139896969
-1.79835097978106	0.382953978270685
-1.79835097978106	0.382953978270685
-1.79835097978106	0.382953978270685
-1.79835097978106	0.382953978270685
-1.13582369620544	0.343734699942405
-0.6282908079904	0.153557595992093
-1.5126542472202	0.539316353407404
0.152567656731362	0.0287430408348264
-3.45538437102149	1.2298802093729
-2.577202278156	0.663064687208724
-0.628347365301396	0.153568930486371
-2.58120409692147	0.664991486920107
1.95791760701363	0.441280139896969
-2.57775304544287	0.66318910114962
-2.57747759965585	0.66335545132302
-2.577202278156	0.663064687208724
-0.62503342749082	0.152907838403333
-0.631960666018702	0.15447017218279
-1.79835097978106	0.382953978270685
-1.79827400712943	0.382942964938875
-1.80197754639448	0.383903353697165
0.153526628680235	0.0288819285189665
-1.79827400712943	0.382942964938875
-3.08164138813046	0.963767470359232
-1.79835097978106	0.382953978270685
-3.45598446335482	1.23025555319821
-3.08209765998152	0.963916510480773
-1.79827400712943	0.382942964938875
-1.79827400712943	0.382942964938875
-2.58120409692147	0.664991486920107
-1.79827400712943	0.382942964938875
1.95791760701363	0.441280139896969
-1.80197754639448	0.383903353697165
-0.636595009299526	0.155524812409654
-1.79827400712943	0.382942964938875
-1.79827400712943	0.382942964938875
1.95791760701363	0.441280139896969
-1.13521969998424	0.343544374381215
-2.577202278156	0.663064687208724
-1.80197754639448	0.383903353697165
-1.13129699285405	0.342278739405472
-1.79827400712943	0.382942964938875
-2.57747759965585	0.66335545132302
-1.79835097978106	0.382953978270685
-1.13849388307931	0.344614401149477
-1.79827400712943	0.382942964938875
-1.79835097978106	0.382953978270685
-1.80197754639448	0.383903353697165
-2.5814875372856	0.665060440379843
-1.81870429132264	0.741743820146927
-1.13422470394875	0.343215945535417
-1.02050867103886	0.404356899215527
-1.79835097978106	0.382953978270685
-3.08164138813046	0.963767470359232
-1.79827400712943	0.382942964938875
-1.79827400712943	0.382942964938875
-0.632939126134277	0.15468454480873
-1.80197754639448	0.383903353697165
-1.79827400712943	0.382942964938875
-2.57747759965585	0.66335545132302
-1.79827400712943	0.382942964938875
-1.79835097978106	0.382953978270685
-1.79827400712943	0.382942964938875
0.148503149870495	0.0281892610504199
-2.5814875372856	0.665060440379843
-1.80197754639448	0.383903353697165
-1.79827400712943	0.382942964938875
-2.57747759965585	0.66335545132302
-1.26823948357294	0.570585321421998
-2.577202278156	0.663064687208724
-1.79835097978106	0.382953978270685
-0.629636196854164	0.153977935518255
-1.79835097978106	0.382953978270685
-2.577202278156	0.663064687208724
-3.08606373064433	0.965887782759055
-1.79827400712943	0.382942964938875
-1.79827400712943	0.382942964938875
-3.08209765998152	0.963916510480773
-1.79827400712943	0.382942964938875
-1.79835097978106	0.382953978270685
-1.79827400712943	0.382942964938875
-1.79827400712943	0.382942964938875
0.947560352748164	0.251716891447637
-0.633793600759192	0.154925137930548
-3.08652986879455	0.965774290031657
0.15626975600377	0.0292821097759299
0.152567656731362	0.0287430408348264
-0.628807341949763	0.15371861128279
-1.79835097978106	0.382953978270685
-1.79835097978106	0.382953978270685
0.152289864541204	0.0287035071443224
-2.577202278156	0.663064687208724
-1.14439212025525	0.346557657739731
-1.79835097978106	0.382953978270685
-1.79835097978106	0.382953978270685
-1.79835097978106	0.382953978270685
-3.08652986879455	0.965774290031657
-0.628807341949763	0.15371861128279
-0.628807341949763	0.15371861128279
-2.57775304544287	0.66318910114962
-0.632432130022522	0.154575713959717
0.166691919569473	0.0419536988970269
-1.79827400712943	0.382942964938875
-1.79827400712943	0.382942964938875
-0.627829060935039	0.153504607197422
-1.79827400712943	0.382942964938875
-1.79835097978106	0.382953978270685
-1.79827400712943	0.382942964938875
-1.79835097978106	0.382953978270685
-1.79835097978106	0.382953978270685
0.152567656731362	0.0287430408348264
-1.79827400712943	0.382942964938875
0.152289864541204	0.0287035071443224
-1.79827400712943	0.382942964938875
-1.80197754639448	0.383903353697165
-1.79835097978106	0.382953978270685
-1.79827400712943	0.382942964938875
-1.79835097978106	0.382953978270685
-0.633409029549556	0.154789771896201
-2.577202278156	0.663064687208724
-1.13582369620544	0.343734699942405
0.152567656731362	0.0287430408348264
-2.57747759965585	0.66335545132302
-1.79827400712943	0.382942964938875
-1.79827400712943	0.382942964938875
0.152289864541204	0.0287035071443224
-1.79835097978106	0.382953978270685
-2.57747759965585	0.66335545132302
-1.79835097978106	0.382953978270685
0.152567656731362	0.0287430408348264
-1.79835097978106	0.382953978270685
-0.628347365301396	0.153568930486371
-1.79835097978106	0.382953978270685
0.162400863971746	0.0409830958055786
-1.80197754639448	0.383903353697165
-1.80197754639448	0.383903353697165
-0.627829060935039	0.153504607197422
-1.79827400712943	0.382942964938875
-1.79835097978106	0.382953978270685
-1.79835097978106	0.382953978270685
0.152567656731362	0.0287430408348264
-2.57775304544287	0.66318910114962
-1.79827400712943	0.382942964938875
-1.79827400712943	0.382942964938875
-1.79835097978106	0.382953978270685
-1.14439212025525	0.346557657739731
-2.58120409692147	0.664991486920107
-1.79827400712943	0.382942964938875
-2.58120409692147	0.664991486920107
-1.79835097978106	0.382953978270685
-1.79827400712943	0.382942964938875
-2.57775304544287	0.66318910114962
-1.79835097978106	0.382953978270685
-1.79827400712943	0.382942964938875
-1.79835097978106	0.382953978270685
-1.79835097978106	0.382953978270685
-2.57747759965585	0.66335545132302
-1.80197754639448	0.383903353697165
-1.79835097978106	0.382953978270685
-1.79827400712943	0.382942964938875
1.95706969381346	0.441073865263096
-2.5814875372856	0.665060440379843
-1.79835097978106	0.382953978270685
-1.79835097978106	0.382953978270685
-2.5814875372856	0.665060440379843
-1.79835097978106	0.382953978270685
-1.79835097978106	0.382953978270685
-1.79827400712943	0.382942964938875
-1.79827400712943	0.382942964938875
-1.79827400712943	0.382942964938875
-1.79835097978106	0.382953978270685
-1.79827400712943	0.382942964938875
-2.57747759965585	0.66335545132302
0.153526628680235	0.0288819285189665
-2.57747759965585	0.66335545132302
-1.79835097978106	0.382953978270685
-0.627829060935039	0.153504607197422
-1.79835097978106	0.382953978270685
-2.57747759965585	0.66335545132302
-1.79835097978106	0.382953978270685
-1.79827400712943	0.382942964938875
-1.79827400712943	0.382942964938875
-0.628347365301396	0.153568930486371
-1.79835097978106	0.382953978270685
-1.80197754639448	0.383903353697165
-2.57747759965585	0.66335545132302
-1.79827400712943	0.382942964938875
-1.79835097978106	0.382953978270685
0.153247518839476	0.0288421886814327
-1.79835097978106	0.382953978270685
-1.79827400712943	0.382942964938875
0.153247518839476	0.0288421886814327
-1.79835097978106	0.382953978270685
-1.79835097978106	0.382953978270685
-1.79827400712943	0.382942964938875
-1.79835097978106	0.382953978270685
-2.57747759965585	0.66335545132302
-2.57747759965585	0.66335545132302
-2.57747759965585	0.66335545132302
-1.79827400712943	0.382942964938875
-1.79835097978106	0.382953978270685
-1.79835097978106	0.382953978270685
0.15626975600377	0.0292821097759299
-1.79827400712943	0.382942964938875
-1.80197754639448	0.383903353697165
1.95706969381346	0.441073865263096
-1.79827400712943	0.382942964938875
-2.57747759965585	0.66335545132302
-1.79827400712943	0.382942964938875
-1.79835097978106	0.382953978270685
-1.79827400712943	0.382942964938875
-1.79827400712943	0.382942964938875
-1.79835097978106	0.382953978270685
-1.79827400712943	0.382942964938875
-2.57775304544287	0.66318910114962
-1.79835097978106	0.382953978270685
-1.79835097978106	0.382953978270685
-1.79827400712943	0.382942964938875
-2.5814875372856	0.665060440379843
-1.79835097978106	0.382953978270685
-1.79827400712943	0.382942964938875
-1.79835097978106	0.382953978270685
0.153247518839476	0.0288421886814327
-1.79835097978106	0.382953978270685
0.153526628680235	0.0288819285189665
0.166084152255821	0.0418055330790301
-1.79827400712943	0.382942964938875
-1.79835097978106	0.382953978270685
-2.57747759965585	0.66335545132302
-1.79835097978106	0.382953978270685
1.95791760701363	0.441280139896969
-0.627367542213354	0.153354696036073
-1.80197754639448	0.383903353697165
-1.79835097978106	0.382953978270685
-1.79827400712943	0.382942964938875
-1.79835097978106	0.382953978270685
-1.79835097978106	0.382953978270685
-1.79835097978106	0.382953978270685
-1.79827400712943	0.382942964938875
-1.80197754639448	0.383903353697165
-1.79835097978106	0.382953978270685
-1.79827400712943	0.382942964938875
0.153247518839476	0.0288421886814327
-2.57775304544287	0.66318910114962
-2.57747759965585	0.66335545132302
-1.79835097978106	0.382953978270685
0.152567656731362	0.0287430408348264
0.152567656731362	0.0287430408348264
-2.57775304544287	0.66318910114962
-1.79835097978106	0.382953978270685
-1.79835097978106	0.382953978270685
-1.79827400712943	0.382942964938875
-1.79827400712943	0.382942964938875
-1.79827400712943	0.382942964938875
0.153526628680235	0.0288819285189665
-2.57747759965585	0.66335545132302
-1.80197754639448	0.383903353697165
-0.628807341949763	0.15371861128279
-1.79827400712943	0.382942964938875
-1.80197754639448	0.383903353697165
-1.80197754639448	0.383903353697165
-0.342569521377039	0.0986187132378211
-1.79827400712943	0.382942964938875
-1.79835097978106	0.382953978270685
-1.79827400712943	0.382942964938875
-1.79835097978106	0.382953978270685
-1.79835097978106	0.382953978270685
1.95791760701363	0.441280139896969
-1.79827400712943	0.382942964938875
-1.79827400712943	0.382942964938875
-1.79827400712943	0.382942964938875
-1.79835097978106	0.382953978270685
-1.79835097978106	0.382953978270685
-1.79835097978106	0.382953978270685
-1.79835097978106	0.382953978270685
-1.80197754639448	0.383903353697165
0.153526628680235	0.0288819285189665
-1.79827400712943	0.382942964938875
-1.79835097978106	0.382953978270685
-1.79827400712943	0.382942964938875
-1.79827400712943	0.382942964938875
-1.79835097978106	0.382953978270685
0.153526628680235	0.0288819285189665
-1.79827400712943	0.382942964938875
-1.79835097978106	0.382953978270685
-1.79827400712943	0.382942964938875
-1.79835097978106	0.382953978270685
-1.79827400712943	0.382942964938875
0.152289864541204	0.0287035071443224
-1.79827400712943	0.382942964938875
-1.79827400712943	0.382942964938875
-2.57747759965585	0.66335545132302
2.7554263517449	0.769222911089782
-1.79827400712943	0.382942964938875
-1.80197754639448	0.383903353697165
-1.79835097978106	0.382953978270685
-1.79827400712943	0.382942964938875
-1.80197754639448	0.383903353697165
-2.577202278156	0.663064687208724
-1.79827400712943	0.382942964938875
-0.629267545839357	0.153771215183604
0.153526628680235	0.0288819285189665
-1.79835097978106	0.382953978270685
-1.79835097978106	0.382953978270685
-1.79835097978106	0.382953978270685
1.95791760701363	0.441280139896969
-1.79827400712943	0.382942964938875
-2.57775304544287	0.66318910114962
-1.79827400712943	0.382942964938875
-1.79835097978106	0.382953978270685
-1.80197754639448	0.383903353697165
-1.79835097978106	0.382953978270685
-3.08606373064433	0.965887782759055
-1.79827400712943	0.382942964938875
-1.79835097978106	0.382953978270685
-2.5814875372856	0.665060440379843
-1.79827400712943	0.382942964938875
-1.79827400712943	0.382942964938875
1.95791760701363	0.441280139896969
0.153526628680235	0.0288819285189665
-1.79835097978106	0.382953978270685
-1.79827400712943	0.382942964938875
-0.629267545839357	0.153771215183604
-1.79827400712943	0.382942964938875
-1.79835097978106	0.382953978270685
-2.577202278156	0.663064687208724
-1.79827400712943	0.382942964938875
-0.627829060935039	0.153504607197422
-1.79827400712943	0.382942964938875
-0.6282908079904	0.153557595992093
-0.627829060935039	0.153504607197422
0.153247518839476	0.0288421886814327
0.152289864541204	0.0287035071443224
-0.627829060935039	0.153504607197422
-1.79835097978106	0.382953978270685
1.95706969381346	0.441073865263096
1.95706969381346	0.441073865263096
-1.79827400712943	0.382942964938875
-0.629267545839357	0.153771215183604
-2.58120409692147	0.664991486920107
-2.577202278156	0.663064687208724
1.95706969381346	0.441073865263096
0.153247518839476	0.0288421886814327
-0.628807341949763	0.15371861128279
-1.80197754639448	0.383903353697165
-1.79827400712943	0.382942964938875
0.152567656731362	0.0287430408348264
-1.79827400712943	0.382942964938875
-1.79827400712943	0.382942964938875
-1.80197754639448	0.383903353697165
-1.79835097978106	0.382953978270685
-1.79827400712943	0.382942964938875
-1.79835097978106	0.382953978270685
-1.79835097978106	0.382953978270685
-2.57747759965585	0.66335545132302
-1.79827400712943	0.382942964938875
-1.79827400712943	0.382942964938875
-1.79835097978106	0.382953978270685
-1.79835097978106	0.382953978270685
-1.79835097978106	0.382953978270685
-1.79835097978106	0.382953978270685
-1.79835097978106	0.382953978270685
-1.79827400712943	0.382942964938875
-1.79827400712943	0.382942964938875
-2.57747759965585	0.66335545132302
-1.79827400712943	0.382942964938875
-1.79827400712943	0.382942964938875
-1.79827400712943	0.382942964938875
-1.79835097978106	0.382953978270685
-1.79827400712943	0.382942964938875
-1.79827400712943	0.382942964938875
-1.79827400712943	0.382942964938875
-1.79835097978106	0.382953978270685
-1.79827400712943	0.382942964938875
-2.57747759965585	0.66335545132302
-2.57747759965585	0.66335545132302
-1.79827400712943	0.382942964938875
0.166691919569473	0.0419536988970269
-0.6282908079904	0.153557595992093
1.95791760701363	0.441280139896969
-1.79835097978106	0.382953978270685
-1.79827400712943	0.382942964938875
-1.79827400712943	0.382942964938875
-1.79827400712943	0.382942964938875
1.95706969381346	0.441073865263096
-1.79827400712943	0.382942964938875
-3.08164138813046	0.963767470359232
-1.79835097978106	0.382953978270685
0.152289864541204	0.0287035071443224
2.75446121880292	0.769079402442662
2.75446121880292	0.769079402442662
-0.628807341949763	0.15371861128279
-2.57775304544287	0.66318910114962
-1.79835097978106	0.382953978270685
0.153526628680235	0.0288819285189665
1.95706969381346	0.441073865263096
-0.627367542213354	0.153354696036073
-0.6282908079904	0.153557595992093
-1.79827400712943	0.382942964938875
0.155986207086685	0.0292416787556187
-1.79827400712943	0.382942964938875
-1.80197754639448	0.383903353697165
0.153526628680235	0.0288819285189665
-1.79827400712943	0.382942964938875
-1.79827400712943	0.382942964938875
0.153526628680235	0.0288819285189665
-1.79827400712943	0.382942964938875
-0.627829060935039	0.153504607197422
-1.79835097978106	0.382953978270685
-1.79835097978106	0.382953978270685
-1.79827400712943	0.382942964938875
-1.79827400712943	0.382942964938875
-1.79835097978106	0.382953978270685
-1.80197754639448	0.383903353697165
-1.79835097978106	0.382953978270685
-1.79835097978106	0.382953978270685
-1.79827400712943	0.382942964938875
-1.80197754639448	0.383903353697165
-1.79827400712943	0.382942964938875
0.152289864541204	0.0287035071443224
-2.57747759965585	0.66335545132302
-1.79827400712943	0.382942964938875
-1.79827400712943	0.382942964938875
-1.80197754639448	0.383903353697165
0.153526628680235	0.0288819285189665
-1.79827400712943	0.382942964938875
-2.5814875372856	0.665060440379843
-1.79827400712943	0.382942964938875
-1.79835097978106	0.382953978270685
-1.79835097978106	0.382953978270685
-1.79827400712943	0.382942964938875
-2.57747759965585	0.66335545132302
-1.79835097978106	0.382953978270685
-1.79835097978106	0.382953978270685
-1.79827400712943	0.382942964938875
-1.79827400712943	0.382942964938875
0.153526628680235	0.0288819285189665
-1.79835097978106	0.382953978270685
1.95791760701363	0.441280139896969
-1.79827400712943	0.382942964938875
-1.80197754639448	0.383903353697165
-1.79827400712943	0.382942964938875
-1.79827400712943	0.382942964938875
-1.80197754639448	0.383903353697165
-1.79835097978106	0.382953978270685
-0.627367542213354	0.153354696036073
-1.79827400712943	0.382942964938875
-1.79827400712943	0.382942964938875
-2.57775304544287	0.66318910114962
-0.627829060935039	0.153504607197422
-1.79835097978106	0.382953978270685
-1.79835097978106	0.382953978270685
0.152289864541204	0.0287035071443224
-0.6282908079904	0.153557595992093
-1.79835097978106	0.382953978270685
-1.79835097978106	0.382953978270685
-1.79827400712943	0.382942964938875
1.95706969381346	0.441073865263096
1.95706969381346	0.441073865263096
-1.79835097978106	0.382953978270685
-1.79835097978106	0.382953978270685
-1.79827400712943	0.382942964938875
-2.577202278156	0.663064687208724
-1.79827400712943	0.382942964938875
-1.79835097978106	0.382953978270685
-1.79835097978106	0.382953978270685
-2.57747759965585	0.66335545132302
-1.79827400712943	0.382942964938875
-1.79835097978106	0.382953978270685
1.95791760701363	0.441280139896969
-1.79827400712943	0.382942964938875
-1.79827400712943	0.382942964938875
-1.79827400712943	0.382942964938875
-1.80197754639448	0.383903353697165
-1.79835097978106	0.382953978270685
-1.79835097978106	0.382953978270685
-1.79835097978106	0.382953978270685
-1.79827400712943	0.382942964938875
-1.79835097978106	0.382953978270685
-1.79835097978106	0.382953978270685
-1.79827400712943	0.382942964938875
-1.79827400712943	0.382942964938875
-1.79827400712943	0.382942964938875
-1.79827400712943	0.382942964938875
-1.79835097978106	0.382953978270685
-1.79827400712943	0.382942964938875
-1.80197754639448	0.383903353697165
-1.80197754639448	0.383903353697165
-1.79835097978106	0.382953978270685
-2.577202278156	0.663064687208724
-1.79835097978106	0.382953978270685
-1.79835097978106	0.382953978270685
-0.629267545839357	0.153771215183604
-1.79835097978106	0.382953978270685
-2.5814875372856	0.665060440379843
-1.79827400712943	0.382942964938875
-1.79827400712943	0.382942964938875
-1.79835097978106	0.382953978270685
-1.79835097978106	0.382953978270685
-0.627367542213354	0.153354696036073
0.149464413960118	0.0283283450696208
-1.79827400712943	0.382942964938875
-1.79835097978106	0.382953978270685
0.153526628680235	0.0288819285189665
-1.79827400712943	0.382942964938875
-1.80197754639448	0.383903353697165
0.152567656731362	0.0287430408348264
-1.79827400712943	0.382942964938875
0.153247518839476	0.0288421886814327
-1.79835097978106	0.382953978270685
-1.79835097978106	0.382953978270685
-1.79835097978106	0.382953978270685
-2.57775304544287	0.66318910114962
-1.79835097978106	0.382953978270685
-0.627829060935039	0.153504607197422
-1.79827400712943	0.382942964938875
-1.79835097978106	0.382953978270685
-1.79835097978106	0.382953978270685
-0.627367542213354	0.153354696036073
-1.79827400712943	0.382942964938875
-1.13910410688242	0.344899734416028
-0.628347365301396	0.153568930486371
-1.80197754639448	0.383903353697165
-1.79827400712943	0.382942964938875
-1.79835097978106	0.382953978270685
-1.79835097978106	0.382953978270685
-1.79835097978106	0.382953978270685
-1.79827400712943	0.382942964938875
-1.79835097978106	0.382953978270685
0.152567656731362	0.0287430408348264
0.152567656731362	0.0287430408348264
-1.79835097978106	0.382953978270685
-2.57775304544287	0.66318910114962
-1.79827400712943	0.382942964938875
-1.79827400712943	0.382942964938875
-2.57747759965585	0.66335545132302
-0.629267545839357	0.153771215183604
-1.79827400712943	0.382942964938875
-1.79835097978106	0.382953978270685
-2.577202278156	0.663064687208724
0.152567656731362	0.0287430408348264
-1.79835097978106	0.382953978270685
-1.79827400712943	0.382942964938875
-1.79835097978106	0.382953978270685
0.153526628680235	0.0288819285189665
-1.79835097978106	0.382953978270685
-1.79827400712943	0.382942964938875
-0.627367542213354	0.153354696036073
0.153247518839476	0.0288421886814327
0.152289864541204	0.0287035071443224
-1.79827400712943	0.382942964938875
-2.57747759965585	0.66335545132302
-1.79835097978106	0.382953978270685
0.153247518839476	0.0288421886814327
-1.79835097978106	0.382953978270685
-1.79827400712943	0.382942964938875
-1.79827400712943	0.382942964938875
-1.79835097978106	0.382953978270685
-1.79827400712943	0.382942964938875
-2.57775304544287	0.66318910114962
-1.80197754639448	0.383903353697165
-0.631960666018702	0.15447017218279
-1.79835097978106	0.382953978270685
-1.79835097978106	0.382953978270685
-1.79827400712943	0.382942964938875
-3.08606373064433	0.965887782759055
-1.79827400712943	0.382942964938875
0.152289864541204	0.0287035071443224
2.75446121880292	0.769079402442662
1.95706969381346	0.441073865263096
-0.344864025255158	0.0991853144395914
-1.79835097978106	0.382953978270685
-1.79835097978106	0.382953978270685
-1.79827400712943	0.382942964938875
-0.629267545839357	0.153771215183604
-1.79835097978106	0.382953978270685
-1.79827400712943	0.382942964938875
-1.79835097978106	0.382953978270685
-3.08255415585823	0.963691003677911
-2.57747759965585	0.66335545132302
-1.79827400712943	0.382942964938875
-1.79827400712943	0.382942964938875
-2.57747759965585	0.66335545132302
-1.79835097978106	0.382953978270685
-1.80197754639448	0.383903353697165
-1.79835097978106	0.382953978270685
-1.80197754639448	0.383903353697165
-1.79835097978106	0.382953978270685
-1.79835097978106	0.382953978270685
-1.79835097978106	0.382953978270685
-2.5814875372856	0.665060440379843
-1.79835097978106	0.382953978270685
0.165704597093625	0.0417255219351786
-1.79835097978106	0.382953978270685
-3.45538437102149	1.2298802093729
-1.80197754639448	0.383903353697165
-1.79827400712943	0.382942964938875
2.75446121880292	0.769079402442662
-1.79827400712943	0.382942964938875
-1.79835097978106	0.382953978270685
-0.6282908079904	0.153557595992093
-1.80197754639448	0.383903353697165
0.152567656731362	0.0287430408348264
-1.80197754639448	0.383903353697165
-0.62503342749082	0.152907838403333
-1.79827400712943	0.382942964938875
-1.79835097978106	0.382953978270685
-2.57747759965585	0.66335545132302
-1.79827400712943	0.382942964938875
-1.79827400712943	0.382942964938875
-1.79835097978106	0.382953978270685
0.152289864541204	0.0287035071443224
-1.79835097978106	0.382953978270685
-1.79827400712943	0.382942964938875
-1.79827400712943	0.382942964938875
-1.79827400712943	0.382942964938875
-1.79835097978106	0.382953978270685
-1.79827400712943	0.382942964938875
-1.79827400712943	0.382942964938875
-1.79835097978106	0.382953978270685
-2.57747759965585	0.66335545132302
0.148503149870495	0.0281892610504199
-1.79835097978106	0.382953978270685
-1.79827400712943	0.382942964938875
-1.79827400712943	0.382942964938875
1.95791760701363	0.441280139896969
-1.79835097978106	0.382953978270685
-1.79835097978106	0.382953978270685
-1.79827400712943	0.382942964938875
-2.57747759965585	0.66335545132302
-1.79827400712943	0.382942964938875
-1.79835097978106	0.382953978270685
-1.79835097978106	0.382953978270685
-1.80197754639448	0.383903353697165
-1.79835097978106	0.382953978270685
-1.79827400712943	0.382942964938875
-1.79835097978106	0.382953978270685
-1.79827400712943	0.382942964938875
-2.57747759965585	0.66335545132302
0.948535538575274	0.252058145640786
1.95791760701363	0.441280139896969
-1.79827400712943	0.382942964938875
-1.79835097978106	0.382953978270685
-1.79835097978106	0.382953978270685
0.153247518839476	0.0288421886814327
-1.79835097978106	0.382953978270685
-1.79827400712943	0.382942964938875
0.153247518839476	0.0288421886814327
-1.79827400712943	0.382942964938875
-1.80197754639448	0.383903353697165
-1.79827400712943	0.382942964938875
-0.633409029549556	0.154789771896201
0.152289864541204	0.0287035071443224
-1.79827400712943	0.382942964938875
-1.79835097978106	0.382953978270685
-1.79827400712943	0.382942964938875
-1.79835097978106	0.382953978270685
0.949511917528176	0.252227362219882
-2.57747759965585	0.66335545132302
-1.79827400712943	0.382942964938875
-1.79827400712943	0.382942964938875
-1.79835097978106	0.382953978270685
-1.79835097978106	0.382953978270685
0.152289864541204	0.0287035071443224
-1.79835097978106	0.382953978270685
-1.79827400712943	0.382942964938875
-1.79835097978106	0.382953978270685
-1.79827400712943	0.382942964938875
0.153526628680235	0.0288819285189665
-1.79827400712943	0.382942964938875
0.152567656731362	0.0287430408348264
-1.79827400712943	0.382942964938875
-1.79827400712943	0.382942964938875
-1.79835097978106	0.382953978270685
-1.79827400712943	0.382942964938875
-1.80197754639448	0.383903353697165
-1.79827400712943	0.382942964938875
-1.79827400712943	0.382942964938875
-1.79835097978106	0.382953978270685
-1.79827400712943	0.382942964938875
-1.79827400712943	0.382942964938875
-1.80197754639448	0.383903353697165
-1.79835097978106	0.382953978270685
-2.57747759965585	0.66335545132302
-1.79827400712943	0.382942964938875
1.95791760701363	0.441280139896969
-1.79827400712943	0.382942964938875
-1.79827400712943	0.382942964938875
-1.79835097978106	0.382953978270685
-1.79835097978106	0.382953978270685
-1.79827400712943	0.382942964938875
-1.79827400712943	0.382942964938875
0.153247518839476	0.0288421886814327
-2.57747759965585	0.66335545132302
-1.79827400712943	0.382942964938875
0.152289864541204	0.0287035071443224
-1.79827400712943	0.382942964938875
-1.79835097978106	0.382953978270685
-1.13461598703551	0.343230613786831
-2.57747759965585	0.66335545132302
-1.79835097978106	0.382953978270685
-1.79827400712943	0.382942964938875
-1.79835097978106	0.382953978270685
-1.79835097978106	0.382953978270685
-1.80197754639448	0.383903353697165
0.148503149870495	0.0281892610504199
0.152289864541204	0.0287035071443224
0.152567656731362	0.0287430408348264
-0.62503342749082	0.152907838403333
-1.79835097978106	0.382953978270685
-1.79827400712943	0.382942964938875
-2.58120409692147	0.664991486920107
-2.57775304544287	0.66318910114962
-2.577202278156	0.663064687208724
-1.79827400712943	0.382942964938875
-1.79827400712943	0.382942964938875
-0.627829060935039	0.153504607197422
-2.57775304544287	0.66318910114962
-1.80197754639448	0.383903353697165
-1.79827400712943	0.382942964938875
-1.79835097978106	0.382953978270685
-1.79835097978106	0.382953978270685
0.153526628680235	0.0288819285189665
-1.79827400712943	0.382942964938875
0.149464413960118	0.0283283450696208
-1.79835097978106	0.382953978270685
-1.79827400712943	0.382942964938875
1.96040941896093	0.441936123238363
-1.80197754639448	0.383903353697165
-1.79835097978106	0.382953978270685
-1.79835097978106	0.382953978270685
-1.79835097978106	0.382953978270685
-1.79827400712943	0.382942964938875
-1.79835097978106	0.382953978270685
-2.57775304544287	0.66318910114962
-1.79835097978106	0.382953978270685
-1.79835097978106	0.382953978270685
-1.79835097978106	0.382953978270685
-1.79827400712943	0.382942964938875
-1.80197754639448	0.383903353697165
-0.6282908079904	0.153557595992093
-1.80197754639448	0.383903353697165
-1.79835097978106	0.382953978270685
-1.79835097978106	0.382953978270685
-1.79835097978106	0.382953978270685
-1.79827400712943	0.382942964938875
-1.79827400712943	0.382942964938875
-1.80197754639448	0.383903353697165
0.152289864541204	0.0287035071443224
-2.57747759965585	0.66335545132302
1.95791760701363	0.441280139896969
0.153247518839476	0.0288421886814327
1.95791760701363	0.441280139896969
-1.79835097978106	0.382953978270685
-2.57747759965585	0.66335545132302
-1.79835097978106	0.382953978270685
-1.79835097978106	0.382953978270685
0.15626975600377	0.0292821097759299
0.152567656731362	0.0287430408348264
-1.80197754639448	0.383903353697165
-1.79835097978106	0.382953978270685
-1.79827400712943	0.382942964938875
1.95791760701363	0.441280139896969
-2.5814875372856	0.665060440379843
-1.79835097978106	0.382953978270685
-2.57747759965585	0.66335545132302
-1.79835097978106	0.382953978270685
-1.79835097978106	0.382953978270685
2.7554263517449	0.769222911089782
-1.79827400712943	0.382942964938875
-1.79827400712943	0.382942964938875
-1.79827400712943	0.382942964938875
-2.58120409692147	0.664991486920107
-1.79827400712943	0.382942964938875
-1.79827400712943	0.382942964938875
-1.79827400712943	0.382942964938875
-1.80197754639448	0.383903353697165
-1.79827400712943	0.382942964938875
-2.58120409692147	0.664991486920107
-1.79835097978106	0.382953978270685
-1.79835097978106	0.382953978270685
-1.79827400712943	0.382942964938875
1.95706969381346	0.441073865263096
-1.79835097978106	0.382953978270685
-1.79827400712943	0.382942964938875
0.152567656731362	0.0287430408348264
0.152289864541204	0.0287035071443224
-1.79827400712943	0.382942964938875
-1.79827400712943	0.382942964938875
-1.79827400712943	0.382942964938875
-2.57747759965585	0.66335545132302
-1.80197754639448	0.383903353697165
-2.57747759965585	0.66335545132302
-1.79835097978106	0.382953978270685
0.153526628680235	0.0288819285189665
-2.577202278156	0.663064687208724
-3.08559782341753	0.965445184573826
-1.79827400712943	0.382942964938875
-1.79835097978106	0.382953978270685
-1.79835097978106	0.382953978270685
0.153247518839476	0.0288421886814327
-1.79835097978106	0.382953978270685
0.153526628680235	0.0288819285189665
-1.79835097978106	0.382953978270685
-1.79827400712943	0.382942964938875
-1.79835097978106	0.382953978270685
-1.79827400712943	0.382942964938875
-1.79827400712943	0.382942964938875
-1.79835097978106	0.382953978270685
-1.79827400712943	0.382942964938875
-1.80197754639448	0.383903353697165
-1.79835097978106	0.382953978270685
-1.80197754639448	0.383903353697165
-1.79835097978106	0.382953978270685
-1.79835097978106	0.382953978270685
-1.79835097978106	0.382953978270685
-1.79835097978106	0.382953978270685
-1.79827400712943	0.382942964938875
-1.79827400712943	0.382942964938875
-1.79835097978106	0.382953978270685
-1.79827400712943	0.382942964938875
-1.79827400712943	0.382942964938875
-1.79827400712943	0.382942964938875
-1.79835097978106	0.382953978270685
-2.57747759965585	0.66335545132302
-1.80197754639448	0.383903353697165
-1.79827400712943	0.382942964938875
-1.79835097978106	0.382953978270685
-1.79835097978106	0.382953978270685
-1.79835097978106	0.382953978270685
-1.79835097978106	0.382953978270685
-1.79835097978106	0.382953978270685
-0.6282908079904	0.153557595992093
-0.629267545839357	0.153771215183604
0.153247518839476	0.0288421886814327
-1.79827400712943	0.382942964938875
-2.57747759965585	0.66335545132302
0.155986207086685	0.0292416787556187
-1.79835097978106	0.382953978270685
-2.577202278156	0.663064687208724
0.153247518839476	0.0288421886814327
-1.79835097978106	0.382953978270685
-1.79827400712943	0.382942964938875
0.153526628680235	0.0288819285189665
0.155986207086685	0.0292416787556187
0.153526628680235	0.0288819285189665
-1.79827400712943	0.382942964938875
-0.628807341949763	0.15371861128279
-1.80197754639448	0.383903353697165
-1.79835097978106	0.382953978270685
-2.58120409692147	0.664991486920107
0.152289864541204	0.0287035071443224
0.153247518839476	0.0288421886814327
-1.79835097978106	0.382953978270685
0.153526628680235	0.0288819285189665
-1.79827400712943	0.382942964938875
-1.79827400712943	0.382942964938875
-2.577202278156	0.663064687208724
-0.627829060935039	0.153504607197422
-3.08606373064433	0.965887782759055
-1.79827400712943	0.382942964938875
-1.79835097978106	0.382953978270685
-1.79827400712943	0.382942964938875
-1.79827400712943	0.382942964938875
-1.79835097978106	0.382953978270685
-1.79827400712943	0.382942964938875
-1.79827400712943	0.382942964938875
-1.79835097978106	0.382953978270685
2.7554263517449	0.769222911089782
-1.79835097978106	0.382953978270685
-1.79835097978106	0.382953978270685
-0.627829060935039	0.153504607197422
-1.80197754639448	0.383903353697165
-2.577202278156	0.663064687208724
-1.79827400712943	0.382942964938875
-1.79827400712943	0.382942964938875
-1.79835097978106	0.382953978270685
-1.79835097978106	0.382953978270685
-2.57775304544287	0.66318910114962
-1.79827400712943	0.382942964938875
-1.79835097978106	0.382953978270685
-1.79835097978106	0.382953978270685
-1.79827400712943	0.382942964938875
-1.79835097978106	0.382953978270685
-2.58120409692147	0.664991486920107
-1.79835097978106	0.382953978270685
0.152289864541204	0.0287035071443224
-1.79827400712943	0.382942964938875
-1.79827400712943	0.382942964938875
0.948535538575274	0.252058145640786
-1.79835097978106	0.382953978270685
-1.79835097978106	0.382953978270685
-1.79835097978106	0.382953978270685
-1.80197754639448	0.383903353697165
-0.62503342749082	0.152907838403333
-1.79827400712943	0.382942964938875
0.152289864541204	0.0287035071443224
-2.57775304544287	0.66318910114962
-1.79827400712943	0.382942964938875
0.15626975600377	0.0292821097759299
-1.79835097978106	0.382953978270685
-1.79835097978106	0.382953978270685
-1.79835097978106	0.382953978270685
-1.79827400712943	0.382942964938875
-1.79827400712943	0.382942964938875
-3.08209765998152	0.963916510480773
-1.13461598703551	0.343230613786831
-1.79827400712943	0.382942964938875
-0.628347365301396	0.153568930486371
-1.79835097978106	0.382953978270685
-1.79835097978106	0.382953978270685
-1.79835097978106	0.382953978270685
-3.08209765998152	0.963916510480773
-1.79835097978106	0.382953978270685
-1.79835097978106	0.382953978270685
-1.80197754639448	0.383903353697165
-1.79827400712943	0.382942964938875
-1.79827400712943	0.382942964938875
-2.57747759965585	0.66335545132302
0.152289864541204	0.0287035071443224
2.75349844687128	0.768381126605175
-0.6282908079904	0.153557595992093
-1.79835097978106	0.382953978270685
-2.577202278156	0.663064687208724
-1.79827400712943	0.382942964938875
-1.79835097978106	0.382953978270685
-1.80197754639448	0.383903353697165
-1.79827400712943	0.382942964938875
-2.577202278156	0.663064687208724
-1.80197754639448	0.383903353697165
0.153526628680235	0.0288819285189665
0.153526628680235	0.0288819285189665
-1.79835097978106	0.382953978270685
0.152567656731362	0.0287430408348264
-1.79835097978106	0.382953978270685
-1.79835097978106	0.382953978270685
-1.79827400712943	0.382942964938875
-1.79835097978106	0.382953978270685
-1.79835097978106	0.382953978270685
-2.5814875372856	0.665060440379843
-2.57775304544287	0.66318910114962
-1.79835097978106	0.382953978270685
-1.79835097978106	0.382953978270685
-1.79835097978106	0.382953978270685
-1.79827400712943	0.382942964938875
-2.5814875372856	0.665060440379843
-1.79835097978106	0.382953978270685
-2.5814875372856	0.665060440379843
-1.79827400712943	0.382942964938875
-1.79827400712943	0.382942964938875
-2.577202278156	0.663064687208724
-1.79835097978106	0.382953978270685
-1.79827400712943	0.382942964938875
-1.79835097978106	0.382953978270685
-1.80197754639448	0.383903353697165
-3.08164138813046	0.963767470359232
-2.58120409692147	0.664991486920107
0.947097253557627	0.251590606337117
-1.79835097978106	0.382953978270685
-1.79835097978106	0.382953978270685
-1.79835097978106	0.382953978270685
-1.79835097978106	0.382953978270685
-1.79827400712943	0.382942964938875
-0.628807341949763	0.15371861128279
0.169606362252511	0.0425824743634164
-1.13582369620544	0.343734699942405
-1.79835097978106	0.382953978270685
-1.79835097978106	0.382953978270685
-2.57775304544287	0.66318910114962
-1.79827400712943	0.382942964938875
-0.627367542213354	0.153354696036073
-1.79835097978106	0.382953978270685
-1.80197754639448	0.383903353697165
-2.577202278156	0.663064687208724
-1.79835097978106	0.382953978270685
-0.629267545839357	0.153771215183604
-2.577202278156	0.663064687208724
1.95791760701363	0.441280139896969
-1.79835097978106	0.382953978270685
-1.79827400712943	0.382942964938875
-1.80197754639448	0.383903353697165
0.149464413960118	0.0283283450696208
0.155986207086685	0.0292416787556187
0.152289864541204	0.0287035071443224
-1.80197754639448	0.383903353697165
-1.79827400712943	0.382942964938875
-1.79827400712943	0.382942964938875
-1.79835097978106	0.382953978270685
-1.79835097978106	0.382953978270685
-1.79835097978106	0.382953978270685
-1.79827400712943	0.382942964938875
0.153247518839476	0.0288421886814327
-0.629267545839357	0.153771215183604
0.153247518839476	0.0288421886814327
-1.79835097978106	0.382953978270685
-0.629267545839357	0.153771215183604
-0.342569521377039	0.0986187132378211
-1.79835097978106	0.382953978270685
-1.79827400712943	0.382942964938875
-1.80197754639448	0.383903353697165
-1.79835097978106	0.382953978270685
-1.79827400712943	0.382942964938875
-1.79835097978106	0.382953978270685
-0.627829060935039	0.153504607197422
-1.79827400712943	0.382942964938875
-1.79827400712943	0.382942964938875
-1.79835097978106	0.382953978270685
-1.79835097978106	0.382953978270685
-2.57747759965585	0.66335545132302
-1.79835097978106	0.382953978270685
-1.79835097978106	0.382953978270685
-1.79827400712943	0.382942964938875
-1.79835097978106	0.382953978270685
-1.79835097978106	0.382953978270685
-1.79835097978106	0.382953978270685
-1.79835097978106	0.382953978270685
-1.79835097978106	0.382953978270685
-2.57775304544287	0.66318910114962
-1.79835097978106	0.382953978270685
-1.79827400712943	0.382942964938875
-1.79835097978106	0.382953978270685
-1.80197754639448	0.383903353697165
-1.79835097978106	0.382953978270685
-1.79827400712943	0.382942964938875
-1.79835097978106	0.382953978270685
-1.79827400712943	0.382942964938875
-1.79827400712943	0.382942964938875
-1.79827400712943	0.382942964938875
-1.79827400712943	0.382942964938875
-1.79827400712943	0.382942964938875
-1.79827400712943	0.382942964938875
-1.80197754639448	0.383903353697165
-1.79835097978106	0.382953978270685
-1.79835097978106	0.382953978270685
-1.79827400712943	0.382942964938875
0.152289864541204	0.0287035071443224
-1.79827400712943	0.382942964938875
-3.08255415585823	0.963691003677911
-1.79835097978106	0.382953978270685
-1.79827400712943	0.382942964938875
-1.79827400712943	0.382942964938875
-1.79835097978106	0.382953978270685
0.155986207086685	0.0292416787556187
-1.79827400712943	0.382942964938875
-1.13543440488342	0.343479590196383
-1.80197754639448	0.383903353697165
-1.79827400712943	0.382942964938875
-2.57747759965585	0.66335545132302
-1.79835097978106	0.382953978270685
0.166691919569473	0.0419536988970269
-1.79827400712943	0.382942964938875
0.152567656731362	0.0287430408348264
0.153247518839476	0.0288421886814327
-1.80197754639448	0.383903353697165
0.153247518839476	0.0288421886814327
-1.79835097978106	0.382953978270685
-0.627829060935039	0.153504607197422
-1.79835097978106	0.382953978270685
-1.79835097978106	0.382953978270685
-1.79827400712943	0.382942964938875
1.95706969381346	0.441073865263096
-1.79835097978106	0.382953978270685
0.153247518839476	0.0288421886814327
-0.629267545839357	0.153771215183604
-1.79835097978106	0.382953978270685
0.149464413960118	0.0283283450696208
-1.79827400712943	0.382942964938875
-3.08209765998152	0.963916510480773
-1.79827400712943	0.382942964938875
-3.08652986879455	0.965774290031657
-1.79827400712943	0.382942964938875
-1.79835097978106	0.382953978270685
-1.79827400712943	0.382942964938875
-1.79835097978106	0.382953978270685
-1.79835097978106	0.382953978270685
-1.79835097978106	0.382953978270685
-2.577202278156	0.663064687208724
-1.79835097978106	0.382953978270685
-1.79835097978106	0.382953978270685
0.153526628680235	0.0288819285189665
-1.79835097978106	0.382953978270685
0.153247518839476	0.0288421886814327
-1.79835097978106	0.382953978270685
-1.80197754639448	0.383903353697165
-1.79835097978106	0.382953978270685
-1.79827400712943	0.382942964938875
-2.57747759965585	0.66335545132302
-1.79827400712943	0.382942964938875
-2.58120409692147	0.664991486920107
0.152289864541204	0.0287035071443224
-1.79835097978106	0.382953978270685
-1.79827400712943	0.382942964938875
-1.79835097978106	0.382953978270685
-1.79835097978106	0.382953978270685
-1.79827400712943	0.382942964938875
0.153247518839476	0.0288421886814327
-1.79827400712943	0.382942964938875
-1.79835097978106	0.382953978270685
-0.627367542213354	0.153354696036073
-1.79835097978106	0.382953978270685
-2.57775304544287	0.66318910114962
0.153247518839476	0.0288421886814327
-1.79827400712943	0.382942964938875
-1.79827400712943	0.382942964938875
-2.577202278156	0.663064687208724
1.95791760701363	0.441280139896969
-1.79827400712943	0.382942964938875
-1.79827400712943	0.382942964938875
-1.79827400712943	0.382942964938875
-1.79827400712943	0.382942964938875
-1.79835097978106	0.382953978270685
-1.80197754639448	0.383903353697165
-1.79827400712943	0.382942964938875
-1.13362027945245	0.342902172857624
-1.79835097978106	0.382953978270685
-1.79827400712943	0.382942964938875
-1.79827400712943	0.382942964938875
-2.57747759965585	0.66335545132302
-0.627367542213354	0.153354696036073
-1.79827400712943	0.382942964938875
-1.79827400712943	0.382942964938875
-2.57747759965585	0.66335545132302
-1.79835097978106	0.382953978270685
-2.57775304544287	0.66318910114962
-1.79835097978106	0.382953978270685
-2.57747759965585	0.66335545132302
-1.79827400712943	0.382942964938875
-1.80197754639448	0.383903353697165
-1.79835097978106	0.382953978270685
-2.57747759965585	0.66335545132302
-1.79827400712943	0.382942964938875
-2.577202278156	0.663064687208724
-1.79827400712943	0.382942964938875
-1.79827400712943	0.382942964938875
-1.79827400712943	0.382942964938875
-1.79835097978106	0.382953978270685
0.153526628680235	0.0288819285189665
-1.80197754639448	0.383903353697165
-1.79827400712943	0.382942964938875
-1.79827400712943	0.382942964938875
-1.79835097978106	0.382953978270685
-1.79827400712943	0.382942964938875
-2.577202278156	0.663064687208724
-1.79835097978106	0.382953978270685
-1.79827400712943	0.382942964938875
-1.79835097978106	0.382953978270685
-1.79835097978106	0.382953978270685
-1.79827400712943	0.382942964938875
0.152567656731362	0.0287430408348264
-1.79835097978106	0.382953978270685
-1.79835097978106	0.382953978270685
-1.79827400712943	0.382942964938875
-1.79827400712943	0.382942964938875
-1.79827400712943	0.382942964938875
-1.79835097978106	0.382953978270685
-1.79835097978106	0.382953978270685
-3.08209765998152	0.963916510480773
-1.79835097978106	0.382953978270685
-2.577202278156	0.663064687208724
-1.79835097978106	0.382953978270685
-1.79835097978106	0.382953978270685
2.75446121880292	0.769079402442662
-2.57747759965585	0.66335545132302
-1.79827400712943	0.382942964938875
0.152289864541204	0.0287035071443224
-1.79835097978106	0.382953978270685
-2.57747759965585	0.66335545132302
-2.57747759965585	0.66335545132302
-1.79835097978106	0.382953978270685
-1.79835097978106	0.382953978270685
-1.79835097978106	0.382953978270685
1.95706969381346	0.441073865263096
-1.79827400712943	0.382942964938875
-1.79827400712943	0.382942964938875
-0.628807341949763	0.15371861128279
-1.79835097978106	0.382953978270685
-2.577202278156	0.663064687208724
-1.79835097978106	0.382953978270685
-1.79835097978106	0.382953978270685
-1.79835097978106	0.382953978270685
-1.79827400712943	0.382942964938875
-1.79835097978106	0.382953978270685
1.95706969381346	0.441073865263096
-1.79827400712943	0.382942964938875
0.149464413960118	0.0283283450696208
-1.79835097978106	0.382953978270685
-1.79835097978106	0.382953978270685
0.152567656731362	0.0287430408348264
-0.628807341949763	0.15371861128279
-1.13543440488342	0.343479590196383
-1.79835097978106	0.382953978270685
-1.79827400712943	0.382942964938875
-1.79827400712943	0.382942964938875
-2.58524212677275	0.666574749875287
-1.79827400712943	0.382942964938875
-1.79835097978106	0.382953978270685
-0.628807341949763	0.15371861128279
-1.79835097978106	0.382953978270685
-1.79827400712943	0.382942964938875
-1.79835097978106	0.382953978270685
-1.79827400712943	0.382942964938875
-1.79835097978106	0.382953978270685
1.95706969381346	0.441073865263096
-1.79835097978106	0.382953978270685
-1.79835097978106	0.382953978270685
-1.79835097978106	0.382953978270685
-1.79827400712943	0.382942964938875
-1.79835097978106	0.382953978270685
-1.79835097978106	0.382953978270685
1.95791760701363	0.441280139896969
-1.79827400712943	0.382942964938875
-1.79835097978106	0.382953978270685
-1.79835097978106	0.382953978270685
-2.57747759965585	0.66335545132302
-1.79835097978106	0.382953978270685
-1.79827400712943	0.382942964938875
-1.79827400712943	0.382942964938875
-1.79835097978106	0.382953978270685
-1.79835097978106	0.382953978270685
1.95706969381346	0.441073865263096
-1.79835097978106	0.382953978270685
0.153247518839476	0.0288421886814327
-1.79827400712943	0.382942964938875
-1.79827400712943	0.382942964938875
1.95706969381346	0.441073865263096
-1.79835097978106	0.382953978270685
-1.79827400712943	0.382942964938875
-2.57775304544287	0.66318910114962
1.95706969381346	0.441073865263096
-1.79835097978106	0.382953978270685
-1.79835097978106	0.382953978270685
-2.58120409692147	0.664991486920107
1.95791760701363	0.441280139896969
0.15626975600377	0.0292821097759299
-0.628807341949763	0.15371861128279
-2.57775304544287	0.66318910114962
1.95706969381346	0.441073865263096
-2.57747759965585	0.66335545132302
-1.79827400712943	0.382942964938875
-1.79827400712943	0.382942964938875
-1.79835097978106	0.382953978270685
0.152289864541204	0.0287035071443224
-1.79827400712943	0.382942964938875
0.152567656731362	0.0287430408348264
-1.79835097978106	0.382953978270685
1.95706969381346	0.441073865263096
0.152289864541204	0.0287035071443224
-1.79835097978106	0.382953978270685
-2.5814875372856	0.665060440379843
-1.79835097978106	0.382953978270685
-1.79835097978106	0.382953978270685
0.148503149870495	0.0281892610504199
-1.80197754639448	0.383903353697165
-1.80197754639448	0.383903353697165
-1.79827400712943	0.382942964938875
-0.629267545839357	0.153771215183604
-1.79835097978106	0.382953978270685
-1.51429942551804	0.540079204882619
-1.79827400712943	0.382942964938875
-2.5814875372856	0.665060440379843
-1.79827400712943	0.382942964938875
-1.79827400712943	0.382942964938875
-1.79827400712943	0.382942964938875
-1.79827400712943	0.382942964938875
0.94807088907188	0.251931335472786
-1.79827400712943	0.382942964938875
-1.79835097978106	0.382953978270685
-2.57775304544287	0.66318910114962
-1.79827400712943	0.382942964938875
-1.79835097978106	0.382953978270685
-1.79835097978106	0.382953978270685
-1.79827400712943	0.382942964938875
-1.79827400712943	0.382942964938875
-1.79827400712943	0.382942964938875
-1.79835097978106	0.382953978270685
-1.79835097978106	0.382953978270685
-1.80197754639448	0.383903353697165
-1.79835097978106	0.382953978270685
-0.627367542213354	0.153354696036073
-1.79835097978106	0.382953978270685
-1.80197754639448	0.383903353697165
-1.79827400712943	0.382942964938875
-1.79827400712943	0.382942964938875
2.75446121880292	0.769079402442662
-2.57747759965585	0.66335545132302
-1.79835097978106	0.382953978270685
0.153526628680235	0.0288819285189665
-1.79827400712943	0.382942964938875
-1.79827400712943	0.382942964938875
-1.80197754639448	0.383903353697165
-2.57775304544287	0.66318910114962
-1.79827400712943	0.382942964938875
-1.79827400712943	0.382942964938875
-1.79835097978106	0.382953978270685
-1.79835097978106	0.382953978270685
0.155986207086685	0.0292416787556187
2.75446121880292	0.769079402442662
-1.79827400712943	0.382942964938875
-2.57775304544287	0.66318910114962
-1.79835097978106	0.382953978270685
-1.80197754639448	0.383903353697165
-1.79827400712943	0.382942964938875
-2.57747759965585	0.66335545132302
-1.79827400712943	0.382942964938875
-2.577202278156	0.663064687208724
0.171207721440545	0.0429238305772998
-1.79827400712943	0.382942964938875
-1.79835097978106	0.382953978270685
-1.79827400712943	0.382942964938875
-1.79827400712943	0.382942964938875
-1.79835097978106	0.382953978270685
-1.13362027945245	0.342902172857624
-1.79827400712943	0.382942964938875
-1.80197754639448	0.383903353697165
0.152289864541204	0.0287035071443224
-1.79827400712943	0.382942964938875
-1.79827400712943	0.382942964938875
-1.79827400712943	0.382942964938875
-1.79835097978106	0.382953978270685
0.153526628680235	0.0288819285189665
-1.79827400712943	0.382942964938875
-1.79835097978106	0.382953978270685
-1.79827400712943	0.382942964938875
-0.342569521377039	0.0986187132378211
-1.79835097978106	0.382953978270685
-1.79827400712943	0.382942964938875
-1.79827400712943	0.382942964938875
-1.79835097978106	0.382953978270685
-1.79827400712943	0.382942964938875
-1.79827400712943	0.382942964938875
-1.79835097978106	0.382953978270685
-1.79835097978106	0.382953978270685
-1.79827400712943	0.382942964938875
-1.79827400712943	0.382942964938875
-1.80197754639448	0.383903353697165
-1.79835097978106	0.382953978270685
-1.79827400712943	0.382942964938875
-1.79827400712943	0.382942964938875
-1.79835097978106	0.382953978270685
-2.57747759965585	0.66335545132302
-2.57747759965585	0.66335545132302
0.152289864541204	0.0287035071443224
1.95706969381346	0.441073865263096
1.95791760701363	0.441280139896969
-1.79827400712943	0.382942964938875
-1.79835097978106	0.382953978270685
1.95706969381346	0.441073865263096
-1.79835097978106	0.382953978270685
-1.79827400712943	0.382942964938875
-1.79835097978106	0.382953978270685
-1.80197754639448	0.383903353697165
-1.79835097978106	0.382953978270685
-1.79835097978106	0.382953978270685
1.95706969381346	0.441073865263096
-1.79835097978106	0.382953978270685
-1.79827400712943	0.382942964938875
-1.79835097978106	0.382953978270685
-1.79827400712943	0.382942964938875
-1.79835097978106	0.382953978270685
-1.80197754639448	0.383903353697165
1.95791760701363	0.441280139896969
-1.79835097978106	0.382953978270685
-1.79827400712943	0.382942964938875
-1.79835097978106	0.382953978270685
0.153526628680235	0.0288819285189665
-1.79827400712943	0.382942964938875
-2.57747759965585	0.66335545132302
-1.79835097978106	0.382953978270685
-1.79827400712943	0.382942964938875
-2.577202278156	0.663064687208724
-1.79835097978106	0.382953978270685
-1.79827400712943	0.382942964938875
-1.79827400712943	0.382942964938875
-1.79827400712943	0.382942964938875
-2.57747759965585	0.66335545132302
-1.79827400712943	0.382942964938875
-1.79835097978106	0.382953978270685
2.75446121880292	0.769079402442662
-2.58120409692147	0.664991486920107
-1.13190405565215	0.342469779892572
-1.79827400712943	0.382942964938875
-1.79835097978106	0.382953978270685
-1.80197754639448	0.383903353697165
-2.577202278156	0.663064687208724
-1.80197754639448	0.383903353697165
-0.627829060935039	0.153504607197422
1.95706969381346	0.441073865263096
-1.79827400712943	0.382942964938875
-1.79835097978106	0.382953978270685
-1.79835097978106	0.382953978270685
-1.79827400712943	0.382942964938875
-1.80197754639448	0.383903353697165
-1.79835097978106	0.382953978270685
-1.79827400712943	0.382942964938875
-1.79835097978106	0.382953978270685
-1.79827400712943	0.382942964938875
-1.79835097978106	0.382953978270685
-1.79827400712943	0.382942964938875
-1.79827400712943	0.382942964938875
-1.79827400712943	0.382942964938875
-1.79835097978106	0.382953978270685
-1.79835097978106	0.382953978270685
-2.57747759965585	0.66335545132302
-1.79827400712943	0.382942964938875
-2.577202278156	0.663064687208724
-1.79835097978106	0.382953978270685
-1.79835097978106	0.382953978270685
-2.577202278156	0.663064687208724
-1.79827400712943	0.382942964938875
-1.79827400712943	0.382942964938875
2.75349844687128	0.768381126605175
-2.57775304544287	0.66318910114962
-1.79827400712943	0.382942964938875
-2.57747759965585	0.66335545132302
-1.79827400712943	0.382942964938875
-1.79835097978106	0.382953978270685
-1.80197754639448	0.383903353697165
-1.79835097978106	0.382953978270685
-1.79835097978106	0.382953978270685
-1.79835097978106	0.382953978270685
-1.79835097978106	0.382953978270685
-1.79827400712943	0.382942964938875
-2.5814875372856	0.665060440379843
-1.79827400712943	0.382942964938875
-1.80197754639448	0.383903353697165
1.95791760701363	0.441280139896969
-1.79835097978106	0.382953978270685
-1.79835097978106	0.382953978270685
-1.79835097978106	0.382953978270685
0.153247518839476	0.0288421886814327
-2.57747759965585	0.66335545132302
-1.79835097978106	0.382953978270685
-3.08652986879455	0.965774290031657
-1.79827400712943	0.382942964938875
-1.79827400712943	0.382942964938875
-1.79827400712943	0.382942964938875
-3.76417793513578	1.49289621426023
-1.79835097978106	0.382953978270685
-1.79827400712943	0.382942964938875
1.95791760701363	0.441280139896969
1.95706969381346	0.441073865263096
-1.79827400712943	0.382942964938875
-1.79827400712943	0.382942964938875
-1.79827400712943	0.382942964938875
-1.79827400712943	0.382942964938875
-1.79835097978106	0.382953978270685
-1.79835097978106	0.382953978270685
-1.79827400712943	0.382942964938875
-1.79827400712943	0.382942964938875
-2.577202278156	0.663064687208724
-2.57747759965585	0.66335545132302
-1.80197754639448	0.383903353697165
-1.79835097978106	0.382953978270685
-1.79835097978106	0.382953978270685
-1.79827400712943	0.382942964938875
-1.79827400712943	0.382942964938875
-3.08255415585823	0.963691003677911
-1.79835097978106	0.382953978270685
-1.79827400712943	0.382942964938875
-1.79835097978106	0.382953978270685
-1.79827400712943	0.382942964938875
-1.80197754639448	0.383903353697165
-2.57747759965585	0.66335545132302
-1.79827400712943	0.382942964938875
-1.79827400712943	0.382942964938875
-1.79827400712943	0.382942964938875
-1.79827400712943	0.382942964938875
-1.79827400712943	0.382942964938875
-1.79827400712943	0.382942964938875
-1.79827400712943	0.382942964938875
-3.08255415585823	0.963691003677911
0.152289864541204	0.0287035071443224
-1.79835097978106	0.382953978270685
-1.79827400712943	0.382942964938875
1.95791760701363	0.441280139896969
-1.79835097978106	0.382953978270685
-1.79827400712943	0.382942964938875
0.152289864541204	0.0287035071443224
-1.79835097978106	0.382953978270685
-1.79827400712943	0.382942964938875
-0.6282908079904	0.153557595992093
-3.08118534013847	0.963229045953577
-1.79835097978106	0.382953978270685
-1.79827400712943	0.382942964938875
-1.79835097978106	0.382953978270685
-1.79827400712943	0.382942964938875
-1.79827400712943	0.382942964938875
-1.79835097978106	0.382953978270685
-2.577202278156	0.663064687208724
-3.08164138813046	0.963767470359232
-1.80197754639448	0.383903353697165
-1.79835097978106	0.382953978270685
-1.79835097978106	0.382953978270685
-1.79835097978106	0.382953978270685
-1.79835097978106	0.382953978270685
-1.79827400712943	0.382942964938875
-1.79827400712943	0.382942964938875
-1.79835097978106	0.382953978270685
-1.79827400712943	0.382942964938875
-1.79835097978106	0.382953978270685
-1.80197754639448	0.383903353697165
-3.08209765998152	0.963916510480773
-1.79827400712943	0.382942964938875
-1.79827400712943	0.382942964938875
-2.577202278156	0.663064687208724
-1.79835097978106	0.382953978270685
-1.79835097978106	0.382953978270685
-0.629267545839357	0.153771215183604
-1.79827400712943	0.382942964938875
-1.79827400712943	0.382942964938875
-1.80197754639448	0.383903353697165
-1.79835097978106	0.382953978270685
-1.79827400712943	0.382942964938875
-2.5814875372856	0.665060440379843
-1.79827400712943	0.382942964938875
-2.58120409692147	0.664991486920107
-1.79827400712943	0.382942964938875
1.95706969381346	0.441073865263096
-1.79827400712943	0.382942964938875
-1.79827400712943	0.382942964938875
-1.79835097978106	0.382953978270685
-1.79827400712943	0.382942964938875
-3.08652986879455	0.965774290031657
-1.79827400712943	0.382942964938875
-1.79827400712943	0.382942964938875
-1.79827400712943	0.382942964938875
-1.79827400712943	0.382942964938875
-3.45478455762682	1.22912473266304
-1.79835097978106	0.382953978270685
-1.79835097978106	0.382953978270685
-2.57747759965585	0.66335545132302
-2.57747759965585	0.66335545132302
-1.79827400712943	0.382942964938875
0.674079709901257	0.214036050556618
-1.79827400712943	0.382942964938875
-2.57747759965585	0.66335545132302
-1.79835097978106	0.382953978270685
-1.79835097978106	0.382953978270685
-1.79827400712943	0.382942964938875
-1.79835097978106	0.382953978270685
-0.629267545839357	0.153771215183604
-1.79827400712943	0.382942964938875
-0.343223291761604	0.0987971723984263
-3.46537741354921	1.23478996980869
-1.79827400712943	0.382942964938875
-0.62503342749082	0.152907838403333
-1.79827400712943	0.382942964938875
-2.58120409692147	0.664991486920107
-3.08652986879455	0.965774290031657
1.95706969381346	0.441073865263096
-2.57747759965585	0.66335545132302
-0.629267545839357	0.153771215183604
-2.57775304544287	0.66318910114962
-1.79827400712943	0.382942964938875
-1.79835097978106	0.382953978270685
-2.57747759965585	0.66335545132302
-2.57747759965585	0.66335545132302
-1.80197754639448	0.383903353697165
-1.79835097978106	0.382953978270685
0.153526628680235	0.0288819285189665
-1.79827400712943	0.382942964938875
0.153526628680235	0.0288819285189665
-1.79835097978106	0.382953978270685
-2.57747759965585	0.66335545132302
-2.5814875372856	0.665060440379843
-1.79835097978106	0.382953978270685
-0.627829060935039	0.153504607197422
-2.57747759965585	0.66335545132302
-1.79827400712943	0.382942964938875
-1.80197754639448	0.383903353697165
-1.79827400712943	0.382942964938875
-2.57747759965585	0.66335545132302
-1.79835097978106	0.382953978270685
-1.79835097978106	0.382953978270685
-1.79827400712943	0.382942964938875
-1.79827400712943	0.382942964938875
1.95706969381346	0.441073865263096
-1.79827400712943	0.382942964938875
-1.79835097978106	0.382953978270685
-1.79835097978106	0.382953978270685
-1.80197754639448	0.383903353697165
-1.79827400712943	0.382942964938875
0.153247518839476	0.0288421886814327
-1.79827400712943	0.382942964938875
-1.79835097978106	0.382953978270685
-1.79835097978106	0.382953978270685
-1.79827400712943	0.382942964938875
-2.57775304544287	0.66318910114962
-1.79827400712943	0.382942964938875
-0.627829060935039	0.153504607197422
-2.577202278156	0.663064687208724
-1.79827400712943	0.382942964938875
-1.79835097978106	0.382953978270685
-1.79835097978106	0.382953978270685
-2.57747759965585	0.66335545132302
-3.08118534013847	0.963229045953577
-0.628347365301396	0.153568930486371
-2.57747759965585	0.66335545132302
-3.08652986879455	0.965774290031657
-3.46127024205749	1.23274622772667
-1.13910410688242	0.344899734416028
-1.79835097978106	0.382953978270685
-2.57747759965585	0.66335545132302
-1.79827400712943	0.382942964938875
-0.627829060935039	0.153504607197422
-1.79835097978106	0.382953978270685
1.45476541507032	0.482531337515686
-1.13422470394875	0.343215945535417
-3.08164138813046	0.963767470359232
-1.79835097978106	0.382953978270685
-1.80197754639448	0.383903353697165
-1.79827400712943	0.382942964938875
-1.79827400712943	0.382942964938875
0.152207512413174	0.0287281007494042
-1.79835097978106	0.382953978270685
-2.57775304544287	0.66318910114962
-1.80197754639448	0.383903353697165
-2.57747759965585	0.66335545132302
-0.628807341949763	0.15371861128279
-1.79835097978106	0.382953978270685
-1.79827400712943	0.382942964938875
-2.58120409692147	0.664991486920107
-1.79827400712943	0.382942964938875
-1.79827400712943	0.382942964938875
-1.79835097978106	0.382953978270685
-1.79835097978106	0.382953978270685
-2.577202278156	0.663064687208724
-1.79827400712943	0.382942964938875
-1.80197754639448	0.383903353697165
-1.79827400712943	0.382942964938875
-0.720404519989633	0.247290988830991
-3.46005827230016	1.23260132520798
-1.81339137537901	0.738819242243621
-3.08652986879455	0.965774290031657
-3.46005827230016	1.23260132520798
-1.79827400712943	0.382942964938875
-1.13422470394875	0.343215945535417
-2.57747759965585	0.66335545132302
-1.51494963266618	0.540305848955056
-1.79827400712943	0.382942964938875
-1.79835097978106	0.382953978270685
-2.58120409692147	0.664991486920107
-1.79835097978106	0.382953978270685
-2.577202278156	0.663064687208724
-3.08164138813046	0.963767470359232
-1.79835097978106	0.382953978270685
-2.58120409692147	0.664991486920107
-1.79827400712943	0.382942964938875
-1.80197754639448	0.383903353697165
-1.79835097978106	0.382953978270685
-1.79827400712943	0.382942964938875
-1.79835097978106	0.382953978270685
-1.79835097978106	0.382953978270685
-1.51364953741781	0.539764698603452
-0.340926891852112	0.0981051026466341
-2.57775304544287	0.66318910114962
-1.79835097978106	0.382953978270685
-1.79835097978106	0.382953978270685
0.152289864541204	0.0287035071443224
-1.79827400712943	0.382942964938875
-1.79835097978106	0.382953978270685
-1.79835097978106	0.382953978270685
-1.51494963266618	0.540305848955056
-1.13971461971555	0.345009438584009
-1.13849388307931	0.344614401149477
-2.57775304544287	0.66318910114962
-2.577202278156	0.663064687208724
-1.79835097978106	0.382953978270685
-1.13617544316656	0.343960217515251
-0.715407313671064	0.245463795469067
-3.08606373064433	0.965887782759055
-1.79827400712943	0.382942964938875
-0.628807341949763	0.15371861128279
-1.79827400712943	0.382942964938875
-1.79835097978106	0.382953978270685
-1.79835097978106	0.382953978270685
-3.46005827230016	1.23260132520798
-2.57747759965585	0.66335545132302
-1.79835097978106	0.382953978270685
-1.79835097978106	0.382953978270685
-1.79827400712943	0.382942964938875
-1.79827400712943	0.382942964938875
1.95706969381346	0.441073865263096
-1.79835097978106	0.382953978270685
-1.79835097978106	0.382953978270685
0.153526628680235	0.0288819285189665
0.153247518839476	0.0288421886814327
-1.79835097978106	0.382953978270685
1.95706969381346	0.441073865263096
-1.79835097978106	0.382953978270685
1.95706969381346	0.441073865263096
-1.79835097978106	0.382953978270685
-1.79835097978106	0.382953978270685
-1.79835097978106	0.382953978270685
-2.577202278156	0.663064687208724
-3.45478455762682	1.22912473266304
-2.58120409692147	0.664991486920107
-1.79827400712943	0.382942964938875
0.947097253557627	0.251590606337117
-1.79827400712943	0.382942964938875
-1.79827400712943	0.382942964938875
-1.80197754639448	0.383903353697165
-2.57747759965585	0.66335545132302
-1.79835097978106	0.382953978270685
-2.57775304544287	0.66318910114962
-0.632939126134277	0.15468454480873
-1.79835097978106	0.382953978270685
-2.57747759965585	0.66335545132302
-1.79827400712943	0.382942964938875
1.96040941896093	0.441936123238363
-1.79827400712943	0.382942964938875
-1.13582369620544	0.343734699942405
-1.79827400712943	0.382942964938875
-0.720801185410545	0.247515042606667
-1.79835097978106	0.382953978270685
-1.79835097978106	0.382953978270685
-1.79827400712943	0.382942964938875
-1.79835097978106	0.382953978270685
-2.57747759965585	0.66335545132302
-1.79835097978106	0.382953978270685
-1.79827400712943	0.382942964938875
-1.79827400712943	0.382942964938875
-1.79827400712943	0.382942964938875
-1.79835097978106	0.382953978270685
-1.79827400712943	0.382942964938875
-2.58120409692147	0.664991486920107
-1.79835097978106	0.382953978270685
-1.79835097978106	0.382953978270685
0.153247518839476	0.0288421886814327
-1.80197754639448	0.383903353697165
0.153247518839476	0.0288421886814327
-1.79835097978106	0.382953978270685
-1.79827400712943	0.382942964938875
-1.79827400712943	0.382942964938875
-1.79827400712943	0.382942964938875
-1.80197754639448	0.383903353697165
-1.79835097978106	0.382953978270685
-1.79827400712943	0.382942964938875
-1.79827400712943	0.382942964938875
-3.08255415585823	0.963691003677911
-1.79827400712943	0.382942964938875
-1.79835097978106	0.382953978270685
-1.79827400712943	0.382942964938875
-1.13582369620544	0.343734699942405
-1.79827400712943	0.382942964938875
-2.577202278156	0.663064687208724
-0.629267545839357	0.153771215183604
-1.13422470394875	0.343215945535417
-1.79827400712943	0.382942964938875
-1.79827400712943	0.382942964938875
-3.08255415585823	0.963691003677911
-1.79835097978106	0.382953978270685
-1.79835097978106	0.382953978270685
-1.79827400712943	0.382942964938875
-1.80197754639448	0.383903353697165
-1.79835097978106	0.382953978270685
-1.79835097978106	0.382953978270685
-1.79827400712943	0.382942964938875
-1.79827400712943	0.382942964938875
-1.79827400712943	0.382942964938875
-1.79827400712943	0.382942964938875
-1.79835097978106	0.382953978270685
0.153526628680235	0.0288819285189665
0.153247518839476	0.0288421886814327
-1.79827400712943	0.382942964938875
-1.79835097978106	0.382953978270685
-2.58120409692147	0.664991486920107
-1.79835097978106	0.382953978270685
-1.79827400712943	0.382942964938875
-1.79827400712943	0.382942964938875
-1.79827400712943	0.382942964938875
1.95791760701363	0.441280139896969
-1.79835097978106	0.382953978270685
-1.79835097978106	0.382953978270685
-2.57775304544287	0.66318910114962
-1.79827400712943	0.382942964938875
-2.57747759965585	0.66335545132302
-1.79827400712943	0.382942964938875
-1.79827400712943	0.382942964938875
-0.343716239253643	0.0989197038205485
-1.13582369620544	0.343734699942405
-2.5814875372856	0.665060440379843
0.153526628680235	0.0288819285189665
-1.79827400712943	0.382942964938875
-1.79835097978106	0.382953978270685
-3.46005827230016	1.23260132520798
-2.577202278156	0.663064687208724
-1.80197754639448	0.383903353697165
0.149464413960118	0.0283283450696208
-1.79827400712943	0.382942964938875
-1.79835097978106	0.382953978270685
-2.57747759965585	0.66335545132302
-1.79827400712943	0.382942964938875
-1.79835097978106	0.382953978270685
-1.79835097978106	0.382953978270685
-1.79835097978106	0.382953978270685
-1.80197754639448	0.383903353697165
-1.79835097978106	0.382953978270685
0.153526628680235	0.0288819285189665
-1.79835097978106	0.382953978270685
-1.79827400712943	0.382942964938875
-1.79835097978106	0.382953978270685
-1.79827400712943	0.382942964938875
-1.79827400712943	0.382942964938875
-1.79835097978106	0.382953978270685
0.153247518839476	0.0288421886814327
-1.79827400712943	0.382942964938875
-1.80197754639448	0.383903353697165
0.152289864541204	0.0287035071443224
1.95791760701363	0.441280139896969
-1.80197754639448	0.383903353697165
-1.79827400712943	0.382942964938875
-1.79827400712943	0.382942964938875
-1.80197754639448	0.383903353697165
-1.79827400712943	0.382942964938875
-1.79827400712943	0.382942964938875
0.152289864541204	0.0287035071443224
0.153526628680235	0.0288819285189665
-0.628807341949763	0.15371861128279
-0.726132227916529	0.249449469641422
-2.57747759965585	0.66335545132302
-1.79827400712943	0.382942964938875
-1.79835097978106	0.382953978270685
-1.80197754639448	0.383903353697165
-1.79835097978106	0.382953978270685
-1.79827400712943	0.382942964938875
-2.58120409692147	0.664991486920107
-1.80197754639448	0.383903353697165
-2.57747759965585	0.66335545132302
-1.79827400712943	0.382942964938875
-1.79827400712943	0.382942964938875
-1.80197754639448	0.383903353697165
-2.577202278156	0.663064687208724
-1.79835097978106	0.382953978270685
-1.79835097978106	0.382953978270685
-1.79827400712943	0.382942964938875
-2.57747759965585	0.66335545132302
-2.57775304544287	0.66318910114962
-3.08209765998152	0.963916510480773
-1.79827400712943	0.382942964938875
-2.57747759965585	0.66335545132302
-1.79827400712943	0.382942964938875
-2.57747759965585	0.66335545132302
-1.79827400712943	0.382942964938875
-1.79827400712943	0.382942964938875
-1.79835097978106	0.382953978270685
-1.02092313128645	0.404338747251237
0.15626975600377	0.0292821097759299
-3.08209765998152	0.963916510480773
-1.79827400712943	0.382942964938875
-1.79827400712943	0.382942964938875
-1.79835097978106	0.382953978270685
-1.79827400712943	0.382942964938875
-2.57747759965585	0.66335545132302
-1.79827400712943	0.382942964938875
-2.57775304544287	0.66318910114962
-1.79835097978106	0.382953978270685
-1.79827400712943	0.382942964938875
-1.79827400712943	0.382942964938875
-3.08652986879455	0.965774290031657
0.152567656731362	0.0287430408348264
-1.79827400712943	0.382942964938875
-1.79835097978106	0.382953978270685
1.95791760701363	0.441280139896969
-1.79827400712943	0.382942964938875
-1.79827400712943	0.382942964938875
-1.79835097978106	0.382953978270685
-2.57775304544287	0.66318910114962
-1.79835097978106	0.382953978270685
-1.79835097978106	0.382953978270685
-1.79835097978106	0.382953978270685
-1.79835097978106	0.382953978270685
-1.79827400712943	0.382942964938875
-1.79835097978106	0.382953978270685
-3.08164138813046	0.963767470359232
-1.79835097978106	0.382953978270685
-2.58120409692147	0.664991486920107
-2.577202278156	0.663064687208724
-1.79827400712943	0.382942964938875
-1.80197754639448	0.383903353697165
-1.80197754639448	0.383903353697165
-1.79827400712943	0.382942964938875
-1.79835097978106	0.382953978270685
-1.80197754639448	0.383903353697165
-1.79835097978106	0.382953978270685
-2.57747759965585	0.66335545132302
-1.79835097978106	0.382953978270685
-1.80197754639448	0.383903353697165
0.153526628680235	0.0288819285189665
0.153247518839476	0.0288421886814327
-1.79827400712943	0.382942964938875
-1.79827400712943	0.382942964938875
-1.80197754639448	0.383903353697165
-1.79827400712943	0.382942964938875
0.674406994924976	0.214010177433492
-1.13422470394875	0.343215945535417
-1.79835097978106	0.382953978270685
-1.80197754639448	0.383903353697165
-1.79835097978106	0.382953978270685
0.153526628680235	0.0288819285189665
0.166691919569473	0.0419536988970269
-0.343716239253643	0.0989197038205485
-2.06905985477759	0.943332987473435
-1.79827400712943	0.382942964938875
-2.57747759965585	0.66335545132302
-1.79835097978106	0.382953978270685
-1.79835097978106	0.382953978270685
-1.79827400712943	0.382942964938875
-1.79827400712943	0.382942964938875
-1.79827400712943	0.382942964938875
-1.79827400712943	0.382942964938875
-1.79835097978106	0.382953978270685
-2.57747759965585	0.66335545132302
-1.80197754639448	0.383903353697165
-1.80197754639448	0.383903353697165
-1.79835097978106	0.382953978270685
-1.80197754639448	0.383903353697165
-1.79827400712943	0.382942964938875
1.95791760701363	0.441280139896969
-1.79827400712943	0.382942964938875
-1.79835097978106	0.382953978270685
-1.79827400712943	0.382942964938875
1.95706969381346	0.441073865263096
-1.79827400712943	0.382942964938875
-1.79835097978106	0.382953978270685
-1.79827400712943	0.382942964938875
-1.79835097978106	0.382953978270685
-2.57747759965585	0.66335545132302
-1.79835097978106	0.382953978270685
-0.716074907122798	0.245725534591538
0.153526628680235	0.0288819285189665
-0.215417270113509	0.0695361432210389
-0.628347365301396	0.153568930486371
-1.79835097978106	0.382953978270685
0.153247518839476	0.0288421886814327
-1.79835097978106	0.382953978270685
-1.79835097978106	0.382953978270685
-1.79835097978106	0.382953978270685
0.152289864541204	0.0287035071443224
-0.211803100213447	0.0684440141233586
-1.81870429132264	0.741743820146927
-1.79835097978106	0.382953978270685
-1.79827400712943	0.382942964938875
-2.57747759965585	0.66335545132302
-0.627829060935039	0.153504607197422
-2.57747759965585	0.66335545132302
-1.27795641856358	0.576376992350555
-2.57747759965585	0.66335545132302
-0.339133418750055	0.0976611246838527
-2.577202278156	0.663064687208724
0.166084152255821	0.0418055330790301
-1.01645966379821	0.402385802038174
-2.58120409692147	0.664991486920107
-2.57775304544287	0.66318910114962
-1.79827400712943	0.382942964938875
-1.80197754639448	0.383903353697165
0.152567656731362	0.0287430408348264
-1.51688545813115	0.541086496398081
-1.80197754639448	0.383903353697165
-0.632432130022522	0.154575713959717
0.153247518839476	0.0288421886814327
0.152289864541204	0.0287035071443224
-2.57747759965585	0.66335545132302
-1.79835097978106	0.382953978270685
-1.79827400712943	0.382942964938875
-1.79835097978106	0.382953978270685
-1.79827400712943	0.382942964938875
-0.627829060935039	0.153504607197422
-1.79827400712943	0.382942964938875
-1.79835097978106	0.382953978270685
-2.577202278156	0.663064687208724
-1.13482941234436	0.34340642829894
-1.80197754639448	0.383903353697165
-1.79835097978106	0.382953978270685
-1.79827400712943	0.382942964938875
-1.79835097978106	0.382953978270685
-3.08164138813046	0.963767470359232
-1.79827400712943	0.382942964938875
-1.79835097978106	0.382953978270685
-2.577202278156	0.663064687208724
-1.79827400712943	0.382942964938875
0.152567656731362	0.0287430408348264
-2.57747759965585	0.66335545132302
-1.79827400712943	0.382942964938875
-1.79835097978106	0.382953978270685
-1.80197754639448	0.383903353697165
-2.57775304544287	0.66318910114962
-1.79835097978106	0.382953978270685
-1.79827400712943	0.382942964938875
-1.79827400712943	0.382942964938875
-1.79827400712943	0.382942964938875
-1.79835097978106	0.382953978270685
-1.79835097978106	0.382953978270685
-0.637572077543607	0.155739174733076
-2.577202278156	0.663064687208724
-1.79827400712943	0.382942964938875
-1.79827400712943	0.382942964938875
-1.79827400712943	0.382942964938875
-1.79835097978106	0.382953978270685
1.95706969381346	0.441073865263096
-1.79835097978106	0.382953978270685
-0.6282908079904	0.153557595992093
-1.79835097978106	0.382953978270685
-0.628807341949763	0.15371861128279
-1.79835097978106	0.382953978270685
0.164702884100979	0.0414746335821988
-3.08255415585823	0.963691003677911
-1.79835097978106	0.382953978270685
-1.79827400712943	0.382942964938875
-1.80197754639448	0.383903353697165
0.149464413960118	0.0283283450696208
-1.79827400712943	0.382942964938875
-1.79835097978106	0.382953978270685
-1.79835097978106	0.382953978270685
-1.79835097978106	0.382953978270685
-3.08209765998152	0.963916510480773
-1.79827400712943	0.382942964938875
0.152567656731362	0.0287430408348264
-1.79827400712943	0.382942964938875
-1.79835097978106	0.382953978270685
-1.79827400712943	0.382942964938875
-0.628347365301396	0.153568930486371
-1.79835097978106	0.382953978270685
-1.79827400712943	0.382942964938875
-1.79827400712943	0.382942964938875
-1.79827400712943	0.382942964938875
-1.79827400712943	0.382942964938875
-1.80197754639448	0.383903353697165
-1.79835097978106	0.382953978270685
-1.80197754639448	0.383903353697165
-1.79835097978106	0.382953978270685
-1.79827400712943	0.382942964938875
-1.80197754639448	0.383903353697165
-1.79835097978106	0.382953978270685
-1.79827400712943	0.382942964938875
0.153247518839476	0.0288421886814327
-1.79835097978106	0.382953978270685
-1.79835097978106	0.382953978270685
-1.79827400712943	0.382942964938875
1.95706969381346	0.441073865263096
-0.631960666018702	0.15447017218279
-1.79835097978106	0.382953978270685
-1.79827400712943	0.382942964938875
-2.577202278156	0.663064687208724
-2.57747759965585	0.66335545132302
-1.79827400712943	0.382942964938875
-2.57747759965585	0.66335545132302
-1.80197754639448	0.383903353697165
-1.79827400712943	0.382942964938875
-2.5814875372856	0.665060440379843
-1.79827400712943	0.382942964938875
-1.79827400712943	0.382942964938875
-1.79835097978106	0.382953978270685
-2.57747759965585	0.66335545132302
-1.79835097978106	0.382953978270685
-1.79835097978106	0.382953978270685
-1.79827400712943	0.382942964938875
0.152289864541204	0.0287035071443224
0.948535538575274	0.252058145640786
-1.79827400712943	0.382942964938875
-1.79827400712943	0.382942964938875
-1.79827400712943	0.382942964938875
-1.79835097978106	0.382953978270685
-1.79827400712943	0.382942964938875
-2.58120409692147	0.664991486920107
-1.79827400712943	0.382942964938875
-1.79835097978106	0.382953978270685
-1.79835097978106	0.382953978270685
-3.08559782341753	0.965445184573826
-1.79835097978106	0.382953978270685
-1.79827400712943	0.382942964938875
-2.57747759965585	0.66335545132302
-1.79835097978106	0.382953978270685
-2.57747759965585	0.66335545132302
-1.79835097978106	0.382953978270685
-0.628807341949763	0.15371861128279
-1.79835097978106	0.382953978270685
-1.79835097978106	0.382953978270685
-1.79827400712943	0.382942964938875
-1.79827400712943	0.382942964938875
-1.79835097978106	0.382953978270685
-1.79827400712943	0.382942964938875
-1.79827400712943	0.382942964938875
-2.57747759965585	0.66335545132302
-2.577202278156	0.663064687208724
-1.79835097978106	0.382953978270685
-2.57747759965585	0.66335545132302
-1.80197754639448	0.383903353697165
-1.79835097978106	0.382953978270685
-1.79835097978106	0.382953978270685
-1.79835097978106	0.382953978270685
-1.80197754639448	0.383903353697165
-1.79835097978106	0.382953978270685
-1.79827400712943	0.382942964938875
-1.80197754639448	0.383903353697165
-1.79835097978106	0.382953978270685
-1.79827400712943	0.382942964938875
-1.79827400712943	0.382942964938875
-2.58120409692147	0.664991486920107
-1.79835097978106	0.382953978270685
-1.79835097978106	0.382953978270685
-1.79835097978106	0.382953978270685
0.152289864541204	0.0287035071443224
-1.79835097978106	0.382953978270685
-1.13422470394875	0.343215945535417
-1.79827400712943	0.382942964938875
0.152289864541204	0.0287035071443224
-1.79835097978106	0.382953978270685
-1.79827400712943	0.382942964938875
1.96040941896093	0.441936123238363
-3.08606373064433	0.965887782759055
-1.79835097978106	0.382953978270685
-1.79835097978106	0.382953978270685
-1.79835097978106	0.382953978270685
-1.79827400712943	0.382942964938875
-1.79827400712943	0.382942964938875
0.153526628680235	0.0288819285189665
0.152567656731362	0.0287430408348264
-2.57747759965585	0.66335545132302
-1.79835097978106	0.382953978270685
-1.79835097978106	0.382953978270685
-1.79827400712943	0.382942964938875
-1.79835097978106	0.382953978270685
-1.79827400712943	0.382942964938875
-1.79835097978106	0.382953978270685
-1.79827400712943	0.382942964938875
-1.79827400712943	0.382942964938875
-1.79827400712943	0.382942964938875
-1.79835097978106	0.382953978270685
-1.79827400712943	0.382942964938875
-0.62503342749082	0.152907838403333
-1.80197754639448	0.383903353697165
-1.79835097978106	0.382953978270685
-1.79827400712943	0.382942964938875
-1.79827400712943	0.382942964938875
-1.79835097978106	0.382953978270685
-1.79835097978106	0.382953978270685
-1.79827400712943	0.382942964938875
0.155986207086685	0.0292416787556187
-1.79827400712943	0.382942964938875
0.152567656731362	0.0287430408348264
-1.79835097978106	0.382953978270685
-1.79827400712943	0.382942964938875
-1.79835097978106	0.382953978270685
-1.79835097978106	0.382953978270685
-0.627367542213354	0.153354696036073
-1.79835097978106	0.382953978270685
-1.5126542472202	0.539316353407404
-1.79835097978106	0.382953978270685
-0.629267545839357	0.153771215183604
3.63988648920879	1.43371818867798
-1.79827400712943	0.382942964938875
-2.57747759965585	0.66335545132302
-1.79827400712943	0.382942964938875
2.75349844687128	0.768381126605175
-1.79827400712943	0.382942964938875
-1.79827400712943	0.382942964938875
-1.79827400712943	0.382942964938875
-1.79827400712943	0.382942964938875
-1.79827400712943	0.382942964938875
-1.79827400712943	0.382942964938875
-1.79827400712943	0.382942964938875
-1.80197754639448	0.383903353697165
-1.79827400712943	0.382942964938875
-1.80197754639448	0.383903353697165
0.152567656731362	0.0287430408348264
-0.627367542213354	0.153354696036073
-3.08255415585823	0.963691003677911
-1.79827400712943	0.382942964938875
1.95791760701363	0.441280139896969
-1.80197754639448	0.383903353697165
-1.80197754639448	0.383903353697165
-1.80197754639448	0.383903353697165
-2.57775304544287	0.66318910114962
-1.79827400712943	0.382942964938875
-1.80197754639448	0.383903353697165
-1.80197754639448	0.383903353697165
-2.57775304544287	0.66318910114962
-1.79835097978106	0.382953978270685
-2.57775304544287	0.66318910114962
0.152289864541204	0.0287035071443224
-1.80197754639448	0.383903353697165
-1.79827400712943	0.382942964938875
-3.08209765998152	0.963916510480773
-2.57775304544287	0.66318910114962
2.7554263517449	0.769222911089782
1.95791760701363	0.441280139896969
-1.79835097978106	0.382953978270685
-1.79835097978106	0.382953978270685
-3.08255415585823	0.963691003677911
-1.79827400712943	0.382942964938875
-1.79835097978106	0.382953978270685
-1.79827400712943	0.382942964938875
-1.79827400712943	0.382942964938875
-3.08606373064433	0.965887782759055
1.95706969381346	0.441073865263096
-1.13849388307931	0.344614401149477
-1.13461598703551	0.343230613786831
-1.79827400712943	0.382942964938875
-2.57747759965585	0.66335545132302
-1.79827400712943	0.382942964938875
-1.79835097978106	0.382953978270685
-2.577202278156	0.663064687208724
-1.79827400712943	0.382942964938875
-1.79827400712943	0.382942964938875
-1.79835097978106	0.382953978270685
-1.79835097978106	0.382953978270685
-1.79827400712943	0.382942964938875
-2.57775304544287	0.66318910114962
-1.79827400712943	0.382942964938875
-1.79835097978106	0.382953978270685
-1.79827400712943	0.382942964938875
-1.79827400712943	0.382942964938875
-1.79835097978106	0.382953978270685
-1.79835097978106	0.382953978270685
-1.79827400712943	0.382942964938875
-2.57747759965585	0.66335545132302
-2.57747759965585	0.66335545132302
-1.79827400712943	0.382942964938875
-2.57775304544287	0.66318910114962
-3.08164138813046	0.963767470359232
-1.79835097978106	0.382953978270685
1.95791760701363	0.441280139896969
1.95791760701363	0.441280139896969
-1.79835097978106	0.382953978270685
-1.80197754639448	0.383903353697165
-3.08164138813046	0.963767470359232
-1.79835097978106	0.382953978270685
1.95706969381346	0.441073865263096
-0.629636196854164	0.153977935518255
-2.57747759965585	0.66335545132302
0.152567656731362	0.0287430408348264
-4.01171473128545	1.74351499930788
-1.79835097978106	0.382953978270685
-1.79827400712943	0.382942964938875
-1.79827400712943	0.382942964938875
-1.79835097978106	0.382953978270685
-0.628807341949763	0.15371861128279
-1.79835097978106	0.382953978270685
-3.45598446335482	1.23025555319821
-2.57747759965585	0.66335545132302
-1.79827400712943	0.382942964938875
-1.79827400712943	0.382942964938875
-1.79827400712943	0.382942964938875
-1.79827400712943	0.382942964938875
-1.80197754639448	0.383903353697165
-1.79835097978106	0.382953978270685
-2.57775304544287	0.66318910114962
-2.57775304544287	0.66318910114962
-1.79835097978106	0.382953978270685
-1.79827400712943	0.382942964938875
-1.79827400712943	0.382942964938875
-0.632939126134277	0.15468454480873
-1.79827400712943	0.382942964938875
-1.79827400712943	0.382942964938875
-1.80197754639448	0.383903353697165
-1.79827400712943	0.382942964938875
-1.79835097978106	0.382953978270685
-1.79827400712943	0.382942964938875
-2.57747759965585	0.66335545132302
-1.80197754639448	0.383903353697165
-0.629267545839357	0.153771215183604
-1.79835097978106	0.382953978270685
1.95791760701363	0.441280139896969
-1.79835097978106	0.382953978270685
0.153526628680235	0.0288819285189665
-1.79827400712943	0.382942964938875
-1.79835097978106	0.382953978270685
-1.79827400712943	0.382942964938875
-1.79827400712943	0.382942964938875
-2.57747759965585	0.66335545132302
-1.79835097978106	0.382953978270685
1.95791760701363	0.441280139896969
-2.5814875372856	0.665060440379843
-1.79835097978106	0.382953978270685
-2.577202278156	0.663064687208724
-2.57747759965585	0.66335545132302
-1.79835097978106	0.382953978270685
-1.79827400712943	0.382942964938875
-1.79827400712943	0.382942964938875
-1.79827400712943	0.382942964938875
-1.79835097978106	0.382953978270685
-0.632939126134277	0.15468454480873
-1.79835097978106	0.382953978270685
-1.13482941234436	0.34340642829894
-1.02647704913709	0.407098529252962
-0.729656205414228	0.250803779141173
-1.79835097978106	0.382953978270685
-2.577202278156	0.663064687208724
-2.577202278156	0.663064687208724
-1.79835097978106	0.382953978270685
-1.79835097978106	0.382953978270685
-1.80197754639448	0.383903353697165
-1.79827400712943	0.382942964938875
-2.57747759965585	0.66335545132302
-1.79827400712943	0.382942964938875
-2.57747759965585	0.66335545132302
-2.577202278156	0.663064687208724
2.75446121880292	0.769079402442662
-2.58120409692147	0.664991486920107
-2.57747759965585	0.66335545132302
-1.79827400712943	0.382942964938875
-2.57747759965585	0.66335545132302
-1.79827400712943	0.382942964938875
-3.08606373064433	0.965887782759055
-1.79835097978106	0.382953978270685
1.95791760701363	0.441280139896969
-1.79835097978106	0.382953978270685
-2.577202278156	0.663064687208724
0.153526628680235	0.0288819285189665
-1.79827400712943	0.382942964938875
-2.57747759965585	0.66335545132302
-0.628347365301396	0.153568930486371
2.75446121880292	0.769079402442662
-0.633409029549556	0.154789771896201
0.152567656731362	0.0287430408348264
-1.79835097978106	0.382953978270685
-1.79827400712943	0.382942964938875
-2.577202278156	0.663064687208724
-1.79827400712943	0.382942964938875
-1.79835097978106	0.382953978270685
-0.62503342749082	0.152907838403333
-1.79835097978106	0.382953978270685
-1.79835097978106	0.382953978270685
-1.51819793872521	0.541803713077291
0.15626975600377	0.0292821097759299
-1.79827400712943	0.382942964938875
0.153247518839476	0.0288421886814327
-0.629267545839357	0.153771215183604
-1.79835097978106	0.382953978270685
-1.79827400712943	0.382942964938875
-1.79827400712943	0.382942964938875
1.96040941896093	0.441936123238363
1.95706969381346	0.441073865263096
-1.79827400712943	0.382942964938875
-2.57747759965585	0.66335545132302
-1.79835097978106	0.382953978270685
-1.79835097978106	0.382953978270685
-1.79827400712943	0.382942964938875
-1.79827400712943	0.382942964938875
-3.08164138813046	0.963767470359232
-1.79835097978106	0.382953978270685
-1.79835097978106	0.382953978270685
-0.627829060935039	0.153504607197422
0.153247518839476	0.0288421886814327
-0.628807341949763	0.15371861128279
0.153526628680235	0.0288819285189665
-1.79835097978106	0.382953978270685
0.153247518839476	0.0288421886814327
-1.80197754639448	0.383903353697165
-2.577202278156	0.663064687208724
-1.79827400712943	0.382942964938875
-1.79827400712943	0.382942964938875
-1.79835097978106	0.382953978270685
-1.79827400712943	0.382942964938875
-1.80197754639448	0.383903353697165
-1.79835097978106	0.382953978270685
0.153247518839476	0.0288421886814327
-1.79827400712943	0.382942964938875
-1.79827400712943	0.382942964938875
-1.5126542472202	0.539316353407404
0.153247518839476	0.0288421886814327
-1.79835097978106	0.382953978270685
-2.5814875372856	0.665060440379843
-1.79835097978106	0.382953978270685
-1.79827400712943	0.382942964938875
1.95706969381346	0.441073865263096
-1.79827400712943	0.382942964938875
-1.79835097978106	0.382953978270685
-1.79827400712943	0.382942964938875
-1.79835097978106	0.382953978270685
-2.57747759965585	0.66335545132302
-1.79827400712943	0.382942964938875
-2.57747759965585	0.66335545132302
-1.80197754639448	0.383903353697165
0.152289864541204	0.0287035071443224
0.153247518839476	0.0288421886814327
-1.79835097978106	0.382953978270685
-1.80197754639448	0.383903353697165
-1.79827400712943	0.382942964938875
-1.79827400712943	0.382942964938875
-2.577202278156	0.663064687208724
-1.79835097978106	0.382953978270685
-1.79827400712943	0.382942964938875
-1.79827400712943	0.382942964938875
-2.577202278156	0.663064687208724
-1.79835097978106	0.382953978270685
-1.79827400712943	0.382942964938875
-1.79835097978106	0.382953978270685
-1.79827400712943	0.382942964938875
-1.79827400712943	0.382942964938875
-1.79827400712943	0.382942964938875
-1.79827400712943	0.382942964938875
-1.79835097978106	0.382953978270685
-1.79835097978106	0.382953978270685
1.95706969381346	0.441073865263096
-1.79827400712943	0.382942964938875
-1.79827400712943	0.382942964938875
-1.80197754639448	0.383903353697165
-1.79835097978106	0.382953978270685
-2.577202278156	0.663064687208724
-1.79835097978106	0.382953978270685
-1.79827400712943	0.382942964938875
-2.577202278156	0.663064687208724
-1.79827400712943	0.382942964938875
1.95791760701363	0.441280139896969
-1.79827400712943	0.382942964938875
-1.79835097978106	0.382953978270685
0.153526628680235	0.0288819285189665
0.152567656731362	0.0287430408348264
0.153526628680235	0.0288819285189665
0.152567656731362	0.0287430408348264
-2.58120409692147	0.664991486920107
-1.79827400712943	0.382942964938875
-1.79835097978106	0.382953978270685
0.952312839774606	0.25302018984475
0.165704597093625	0.0417255219351786
-1.79835097978106	0.382953978270685
-1.79827400712943	0.382942964938875
-1.79827400712943	0.382942964938875
-1.79835097978106	0.382953978270685
-1.79835097978106	0.382953978270685
0.153247518839476	0.0288421886814327
-2.57747759965585	0.66335545132302
-2.5814875372856	0.665060440379843
0.152567656731362	0.0287430408348264
-1.80197754639448	0.383903353697165
-1.79835097978106	0.382953978270685
0.152567656731362	0.0287430408348264
-1.79827400712943	0.382942964938875
-1.79835097978106	0.382953978270685
-0.632939126134277	0.15468454480873
-1.79835097978106	0.382953978270685
-1.79835097978106	0.382953978270685
-2.57747759965585	0.66335545132302
-1.79835097978106	0.382953978270685
0.152567656731362	0.0287430408348264
-1.79827400712943	0.382942964938875
-1.79835097978106	0.382953978270685
-1.80197754639448	0.383903353697165
-1.79835097978106	0.382953978270685
-1.79835097978106	0.382953978270685
-1.79827400712943	0.382942964938875
-1.79835097978106	0.382953978270685
-1.79835097978106	0.382953978270685
-1.79835097978106	0.382953978270685
-1.79835097978106	0.382953978270685
0.153247518839476	0.0288421886814327
-1.79827400712943	0.382942964938875
-1.79827400712943	0.382942964938875
-1.79835097978106	0.382953978270685
-1.79835097978106	0.382953978270685
-1.79827400712943	0.382942964938875
-1.79827400712943	0.382942964938875
-1.79827400712943	0.382942964938875
-1.79835097978106	0.382953978270685
-1.79835097978106	0.382953978270685
1.95706969381346	0.441073865263096
-1.79827400712943	0.382942964938875
-1.79827400712943	0.382942964938875
-2.5814875372856	0.665060440379843
-1.79835097978106	0.382953978270685
1.95791760701363	0.441280139896969
-1.79835097978106	0.382953978270685
-1.80197754639448	0.383903353697165
-1.79827400712943	0.382942964938875
-1.80197754639448	0.383903353697165
-1.79827400712943	0.382942964938875
1.95791760701363	0.441280139896969
-1.79835097978106	0.382953978270685
-1.79835097978106	0.382953978270685
-1.79827400712943	0.382942964938875
0.153526628680235	0.0288819285189665
-1.80197754639448	0.383903353697165
-2.57775304544287	0.66318910114962
-1.79835097978106	0.382953978270685
0.152567656731362	0.0287430408348264
-1.79835097978106	0.382953978270685
-0.629267545839357	0.153771215183604
-0.632432130022522	0.154575713959717
-1.79827400712943	0.382942964938875
-2.57775304544287	0.66318910114962
-1.79827400712943	0.382942964938875
-1.79835097978106	0.382953978270685
-1.79827400712943	0.382942964938875
-1.79827400712943	0.382942964938875
-1.79835097978106	0.382953978270685
-1.79835097978106	0.382953978270685
-1.79835097978106	0.382953978270685
-1.79835097978106	0.382953978270685
-1.79827400712943	0.382942964938875
-1.79835097978106	0.382953978270685
0.166691919569473	0.0419536988970269
0.153247518839476	0.0288421886814327
2.7554263517449	0.769222911089782
1.95706969381346	0.441073865263096
-1.79827400712943	0.382942964938875
-1.79827400712943	0.382942964938875
-1.79827400712943	0.382942964938875
-1.79835097978106	0.382953978270685
-1.79835097978106	0.382953978270685
-1.79835097978106	0.382953978270685
-1.79827400712943	0.382942964938875
0.152289864541204	0.0287035071443224
-2.58120409692147	0.664991486920107
-2.57747759965585	0.66335545132302
-1.79827400712943	0.382942964938875
-1.79827400712943	0.382942964938875
-1.79835097978106	0.382953978270685
0.152289864541204	0.0287035071443224
0.153526628680235	0.0288819285189665
-1.79835097978106	0.382953978270685
-1.79835097978106	0.382953978270685
-1.79827400712943	0.382942964938875
-1.79835097978106	0.382953978270685
-3.08209765998152	0.963916510480773
0.152567656731362	0.0287430408348264
0.153526628680235	0.0288819285189665
-1.79827400712943	0.382942964938875
-1.79827400712943	0.382942964938875
-2.57775304544287	0.66318910114962
0.152567656731362	0.0287430408348264
-1.79835097978106	0.382953978270685
-1.79835097978106	0.382953978270685
-1.79835097978106	0.382953978270685
-1.79835097978106	0.382953978270685
-1.79827400712943	0.382942964938875
-1.79835097978106	0.382953978270685
-1.79835097978106	0.382953978270685
-1.79827400712943	0.382942964938875
1.95706969381346	0.441073865263096
-2.57747759965585	0.66335545132302
0.152567656731362	0.0287430408348264
-1.79827400712943	0.382942964938875
-1.80197754639448	0.383903353697165
-1.79827400712943	0.382942964938875
-1.79827400712943	0.382942964938875
-0.628807341949763	0.15371861128279
-2.5814875372856	0.665060440379843
-1.80197754639448	0.383903353697165
1.95791760701363	0.441280139896969
-2.57775304544287	0.66318910114962
-2.57747759965585	0.66335545132302
-1.13482941234436	0.34340642829894
2.75349844687128	0.768381126605175
-1.79827400712943	0.382942964938875
-1.79835097978106	0.382953978270685
-0.627829060935039	0.153504607197422
-1.79827400712943	0.382942964938875
-1.79835097978106	0.382953978270685
-1.79835097978106	0.382953978270685
-1.79835097978106	0.382953978270685
-1.79827400712943	0.382942964938875
-1.79827400712943	0.382942964938875
-1.79835097978106	0.382953978270685
-1.79835097978106	0.382953978270685
-1.80197754639448	0.383903353697165
-1.80197754639448	0.383903353697165
-2.57747759965585	0.66335545132302
-1.79835097978106	0.382953978270685
-1.79835097978106	0.382953978270685
-1.79827400712943	0.382942964938875
-3.76417793513578	1.49289621426023
0.152567656731362	0.0287430408348264
0.163675748818542	0.0488217197760315
-0.628807341949763	0.15371861128279
-0.343716239253643	0.0989197038205485
-1.79827400712943	0.382942964938875
-1.79835097978106	0.382953978270685
-1.79835097978106	0.382953978270685
1.95706969381346	0.441073865263096
-1.80197754639448	0.383903353697165
0.152567656731362	0.0287430408348264
-1.80197754639448	0.383903353697165
-1.79827400712943	0.382942964938875
-0.637572077543607	0.155739174733076
0.94904571537762	0.252100131683616
0.149464413960118	0.0283283450696208
-0.628807341949763	0.15371861128279
0.668176168576197	0.211989237575833
-1.51330481624892	0.539630991333106
-1.79827400712943	0.382942964938875
0.165318598359952	0.0416114067368304
-0.62503342749082	0.152907838403333
-2.57747759965585	0.66335545132302
-1.79835097978106	0.382953978270685
-1.79835097978106	0.382953978270685
-0.624566751454544	0.152757086863399
-1.79835097978106	0.382953978270685
-0.632939126134277	0.15468454480873
-2.57747759965585	0.66335545132302
-1.13910410688242	0.344899734416028
-3.75466048479637	1.48723142869904
-2.5814875372856	0.665060440379843
-1.79835097978106	0.382953978270685
-2.577202278156	0.663064687208724
-1.79835097978106	0.382953978270685
-1.79835097978106	0.382953978270685
-1.79827400712943	0.382942964938875
1.95706969381346	0.441073865263096
0.153247518839476	0.0288421886814327
-1.79827400712943	0.382942964938875
-3.08164138813046	0.963767470359232
0.149464413960118	0.0283283450696208
-1.80197754639448	0.383903353697165
-1.79835097978106	0.382953978270685
-1.79835097978106	0.382953978270685
-1.79827400712943	0.382942964938875
-3.08164138813046	0.963767470359232
-1.79835097978106	0.382953978270685
-1.79835097978106	0.382953978270685
-1.79835097978106	0.382953978270685
-1.79827400712943	0.382942964938875
-1.79827400712943	0.382942964938875
-1.79827400712943	0.382942964938875
-1.79835097978106	0.382953978270685
-1.79827400712943	0.382942964938875
-1.79827400712943	0.382942964938875
-1.79835097978106	0.382953978270685
-1.79827400712943	0.382942964938875
-0.628807341949763	0.15371861128279
-1.79827400712943	0.382942964938875
-1.79827400712943	0.382942964938875
-0.628807341949763	0.15371861128279
-1.79835097978106	0.382953978270685
-1.79827400712943	0.382942964938875
-1.79827400712943	0.382942964938875
-1.79835097978106	0.382953978270685
-3.08118534013847	0.963229045953577
-1.79835097978106	0.382953978270685
-1.79835097978106	0.382953978270685
-1.79835097978106	0.382953978270685
-0.627829060935039	0.153504607197422
-1.79827400712943	0.382942964938875
-1.79835097978106	0.382953978270685
0.153247518839476	0.0288421886814327
-1.79827400712943	0.382942964938875
-2.577202278156	0.663064687208724
-1.79827400712943	0.382942964938875
-0.628347365301396	0.153568930486371
0.165097545701885	0.0415776969264477
-1.51019343351841	0.538270963770231
-0.628347365301396	0.153568930486371
-0.627829060935039	0.153504607197422
-1.79835097978106	0.382953978270685
-1.80197754639448	0.383903353697165
-0.629267545839357	0.153771215183604
-2.57747759965585	0.66335545132302
-0.632939126134277	0.15468454480873
-1.79835097978106	0.382953978270685
-1.79835097978106	0.382953978270685
-1.79835097978106	0.382953978270685
-1.79827400712943	0.382942964938875
-1.79835097978106	0.382953978270685
-1.80197754639448	0.383903353697165
-1.79827400712943	0.382942964938875
-1.79827400712943	0.382942964938875
0.152567656731362	0.0287430408348264
-1.5126542472202	0.539316353407404
2.75722496636877	0.770257049482932
1.95706969381346	0.441073865263096
0.162400863971746	0.0409830958055786
-2.57775304544287	0.66318910114962
-1.79827400712943	0.382942964938875
-1.79827400712943	0.382942964938875
-1.79835097978106	0.382953978270685
-1.79835097978106	0.382953978270685
-2.57775304544287	0.66318910114962
-1.79835097978106	0.382953978270685
-1.79835097978106	0.382953978270685
-0.632939126134277	0.15468454480873
-0.628807341949763	0.15371861128279
-3.08164138813046	0.963767470359232
-1.80197754639448	0.383903353697165
0.153526628680235	0.0288819285189665
0.15626975600377	0.0292821097759299
-2.577202278156	0.663064687208724
-1.79835097978106	0.382953978270685
-1.79835097978106	0.382953978270685
-1.80197754639448	0.383903353697165
-1.79835097978106	0.382953978270685
-1.79827400712943	0.382942964938875
-1.79827400712943	0.382942964938875
-1.51330481624892	0.539630991333106
0.152289864541204	0.0287035071443224
0.950862031539505	0.252628333014658
-1.79827400712943	0.382942964938875
-1.13521969998424	0.343544374381215
-1.79835097978106	0.382953978270685
-1.79827400712943	0.382942964938875
-1.79827400712943	0.382942964938875
-1.79835097978106	0.382953978270685
-3.08606373064433	0.965887782759055
-0.628807341949763	0.15371861128279
-2.57775304544287	0.66318910114962
-1.79835097978106	0.382953978270685
-3.08559782341753	0.965445184573826
-1.79827400712943	0.382942964938875
-1.79827400712943	0.382942964938875
-2.57747759965585	0.66335545132302
-1.79827400712943	0.382942964938875
-1.79827400712943	0.382942964938875
-1.79835097978106	0.382953978270685
-0.628807341949763	0.15371861128279
-1.79827400712943	0.382942964938875
-1.79827400712943	0.382942964938875
-2.57775304544287	0.66318910114962
-1.01961453275747	0.403780235295886
-1.79835097978106	0.382953978270685
0.153526628680235	0.0288819285189665
0.148503149870495	0.0281892610504199
-1.80197754639448	0.383903353697165
-1.79827400712943	0.382942964938875
-3.08164138813046	0.963767470359232
-1.79827400712943	0.382942964938875
-1.80197754639448	0.383903353697165
-1.79827400712943	0.382942964938875
-1.79835097978106	0.382953978270685
-1.79827400712943	0.382942964938875
-2.57775304544287	0.66318910114962
-1.50954059367664	0.537955828816566
-1.79827400712943	0.382942964938875
-1.79835097978106	0.382953978270685
-0.629267545839357	0.153771215183604
-1.79835097978106	0.382953978270685
-1.79827400712943	0.382942964938875
-3.08255415585823	0.963691003677911
-3.08559782341753	0.965445184573826
0.951331866170054	0.252756684317784
-2.577202278156	0.663064687208724
1.96040941896093	0.441936123238363
-1.79827400712943	0.382942964938875
-2.57775304544287	0.66318910114962
-1.79827400712943	0.382942964938875
-1.79835097978106	0.382953978270685
1.95791760701363	0.441280139896969
-1.79835097978106	0.382953978270685
-1.79827400712943	0.382942964938875
-1.79827400712943	0.382942964938875
-1.79835097978106	0.382953978270685
-1.51754153600569	0.541527764023226
-1.79835097978106	0.382953978270685
-1.79827400712943	0.382942964938875
-1.80197754639448	0.383903353697165
-3.08164138813046	0.963767470359232
-1.79827400712943	0.382942964938875
-1.79835097978106	0.382953978270685
-1.79827400712943	0.382942964938875
-2.577202278156	0.663064687208724
0.153247518839476	0.0288421886814327
-1.79835097978106	0.382953978270685
-1.79827400712943	0.382942964938875
-1.79835097978106	0.382953978270685
-1.79835097978106	0.382953978270685
-1.79827400712943	0.382942964938875
-1.79835097978106	0.382953978270685
-0.632939126134277	0.15468454480873
-2.57775304544287	0.66318910114962
-1.79827400712943	0.382942964938875
-2.577202278156	0.663064687208724
-1.79835097978106	0.382953978270685
-1.79827400712943	0.382942964938875
-1.79835097978106	0.382953978270685
-1.80197754639448	0.383903353697165
-1.79827400712943	0.382942964938875
-1.79827400712943	0.382942964938875
-1.79835097978106	0.382953978270685
-2.58120409692147	0.664991486920107
-1.79827400712943	0.382942964938875
-1.80197754639448	0.383903353697165
-2.57775304544287	0.66318910114962
-1.79835097978106	0.382953978270685
-3.08209765998152	0.963916510480773
-1.79835097978106	0.382953978270685
-1.79835097978106	0.382953978270685
-1.79835097978106	0.382953978270685
-1.79835097978106	0.382953978270685
-1.79835097978106	0.382953978270685
-1.79835097978106	0.382953978270685
0.153247518839476	0.0288421886814327
-1.79827400712943	0.382942964938875
1.95706969381346	0.441073865263096
-2.57775304544287	0.66318910114962
-1.13422470394875	0.343215945535417
-1.79827400712943	0.382942964938875
-2.577202278156	0.663064687208724
-1.79835097978106	0.382953978270685
-1.79827400712943	0.382942964938875
0.148503149870495	0.0281892610504199
-1.79835097978106	0.382953978270685
-2.57775304544287	0.66318910114962
-1.79827400712943	0.382942964938875
-2.57747759965585	0.66335545132302
0.155986207086685	0.0292416787556187
-1.80197754639448	0.383903353697165
-1.79827400712943	0.382942964938875
-1.79827400712943	0.382942964938875
-1.79835097978106	0.382953978270685
-1.79827400712943	0.382942964938875
-1.80197754639448	0.383903353697165
-1.79835097978106	0.382953978270685
-1.79835097978106	0.382953978270685
-1.80197754639448	0.383903353697165
0.153526628680235	0.0288819285189665
-1.79827400712943	0.382942964938875
-1.79827400712943	0.382942964938875
-1.80197754639448	0.383903353697165
-1.79835097978106	0.382953978270685
-2.57747759965585	0.66335545132302
-1.79835097978106	0.382953978270685
-1.79835097978106	0.382953978270685
-1.79827400712943	0.382942964938875
-1.79835097978106	0.382953978270685
-1.79835097978106	0.382953978270685
-2.58120409692147	0.664991486920107
-1.80197754639448	0.383903353697165
-1.79827400712943	0.382942964938875
-1.79835097978106	0.382953978270685
-1.79835097978106	0.382953978270685
-2.5814875372856	0.665060440379843
-1.79835097978106	0.382953978270685
-1.79835097978106	0.382953978270685
-1.79827400712943	0.382942964938875
1.95706969381346	0.441073865263096
-2.58120409692147	0.664991486920107
-1.79835097978106	0.382953978270685
-1.79827400712943	0.382942964938875
-0.520581729618906	0.197148689128052
-2.57747759965585	0.66335545132302
-0.628807341949763	0.15371861128279
-2.57747759965585	0.66335545132302
-1.79835097978106	0.382953978270685
-3.46005827230016	1.23260132520798
-3.08164138813046	0.963767470359232
-1.79835097978106	0.382953978270685
-1.79835097978106	0.382953978270685
-1.80197754639448	0.383903353697165
-1.79835097978106	0.382953978270685
-1.80197754639448	0.383903353697165
-1.79827400712943	0.382942964938875
-3.45598446335482	1.23025555319821
0.169986302676761	0.0426507049603473
0.94807088907188	0.251931335472786
-1.79835097978106	0.382953978270685
-1.79835097978106	0.382953978270685
-1.79827400712943	0.382942964938875
1.95706969381346	0.441073865263096
0.153247518839476	0.0288421886814327
-1.79835097978106	0.382953978270685
-2.57747759965585	0.66335545132302
-1.79835097978106	0.382953978270685
-2.577202278156	0.663064687208724
-2.57747759965585	0.66335545132302
3.27031605756575	1.12407130242984
-1.79835097978106	0.382953978270685
-1.79827400712943	0.382942964938875
-2.57747759965585	0.66335545132302
-2.57747759965585	0.66335545132302
2.75349844687128	0.768381126605175
1.95706969381346	0.441073865263096
0.153247518839476	0.0288421886814327
0.155986207086685	0.0292416787556187
-0.624566751454544	0.152757086863399
2.7554263517449	0.769222911089782
2.75446121880292	0.769079402442662
-1.79827400712943	0.382942964938875
-2.57775304544287	0.66318910114962
-1.79827400712943	0.382942964938875
-0.725197552734606	0.249186509576262
-0.786961588278445	0.429105349763274
-0.97241282581913	0.480776667427445
-0.636595009299526	0.155524812409654
-1.80197754639448	0.383903353697165
-1.80197754639448	0.383903353697165
-1.79827400712943	0.382942964938875
-1.79827400712943	0.382942964938875
-1.79827400712943	0.382942964938875
-1.79835097978106	0.382953978270685
0.152567656731362	0.0287430408348264
-1.79827400712943	0.382942964938875
0.153526628680235	0.0288819285189665
0.153247518839476	0.0288421886814327
-1.79827400712943	0.382942964938875
-1.79835097978106	0.382953978270685
-1.79835097978106	0.382953978270685
-1.81937129385307	0.742146991690708
-1.02647704913709	0.407098529252962
-1.0198546198872	0.40400953786834
-1.13069021608626	0.34196481134975
0.155986207086685	0.0292416787556187
-1.79835097978106	0.382953978270685
0.153247518839476	0.0288421886814327
-0.72013323546054	0.247288973526613
-0.62503342749082	0.152907838403333
-1.80197754639448	0.383903353697165
-1.80197754639448	0.383903353697165
-1.80197754639448	0.383903353697165
-1.79835097978106	0.382953978270685
1.95706969381346	0.441073865263096
-1.79835097978106	0.382953978270685
-1.79835097978106	0.382953978270685
-1.79827400712943	0.382942964938875
-1.79827400712943	0.382942964938875
-3.08209765998152	0.963916510480773
-1.79827400712943	0.382942964938875
0.153247518839476	0.0288421886814327
-2.58524212677275	0.666574749875287
-2.57775304544287	0.66318910114962
-0.632939126134277	0.15468454480873
-2.57747759965585	0.66335545132302
-2.57747759965585	0.66335545132302
-1.79827400712943	0.382942964938875
-1.79835097978106	0.382953978270685
1.45575253921811	0.48289648887464
0.165858197331239	0.049441036827577
-0.720531029641176	0.247239977875788
-0.628807341949763	0.15371861128279
0.153526628680235	0.0288819285189665
-1.79835097978106	0.382953978270685
-1.79827400712943	0.382942964938875
-0.632939126134277	0.15468454480873
-1.79827400712943	0.382942964938875
2.75446121880292	0.769079402442662
-1.79835097978106	0.382953978270685
-1.80197754639448	0.383903353697165
-1.79827400712943	0.382942964938875
-1.79835097978106	0.382953978270685
1.45415502686182	0.482281800899209
0.153526628680235	0.0288819285189665
0.152289864541204	0.0287035071443224
0.153526628680235	0.0288819285189665
1.95791760701363	0.441280139896969
1.95706969381346	0.441073865263096
1.95791760701363	0.441280139896969
0.160803134128977	0.0406203249121647
-1.79827400712943	0.382942964938875
-2.57747759965585	0.66335545132302
-3.08559782341753	0.965445184573826
0.153247518839476	0.0288421886814327
-1.13521969998424	0.343544374381215
-2.57775304544287	0.66318910114962
-1.79827400712943	0.382942964938875
-1.79835097978106	0.382953978270685
-1.79827400712943	0.382942964938875
-1.79835097978106	0.382953978270685
-1.79835097978106	0.382953978270685
-1.79827400712943	0.382942964938875
-0.632939126134277	0.15468454480873
-0.627829060935039	0.153504607197422
0.164083222967104	0.0489409806828746
-1.79835097978106	0.382953978270685
-1.79827400712943	0.382942964938875
-1.80197754639448	0.383903353697165
-1.79835097978106	0.382953978270685
-1.79835097978106	0.382953978270685
-1.79835097978106	0.382953978270685
-1.79827400712943	0.382942964938875
-1.79827400712943	0.382942964938875
-1.79835097978106	0.382953978270685
-2.577202278156	0.663064687208724
-1.13422470394875	0.343215945535417
-1.79835097978106	0.382953978270685
-1.79835097978106	0.382953978270685
-1.79835097978106	0.382953978270685
-3.08164138813046	0.963767470359232
-0.624566751454544	0.152757086863399
-2.577202278156	0.663064687208724
-1.79835097978106	0.382953978270685
-1.79827400712943	0.382942964938875
-2.57747759965585	0.66335545132302
-1.79827400712943	0.382942964938875
-0.21584116833564	0.0696924945480662
-1.79835097978106	0.382953978270685
0.153247518839476	0.0288421886814327
-1.79835097978106	0.382953978270685
-1.79827400712943	0.382942964938875
-2.57747759965585	0.66335545132302
-2.57747759965585	0.66335545132302
-1.79835097978106	0.382953978270685
-1.79835097978106	0.382953978270685
-3.08606373064433	0.965887782759055
-0.62503342749082	0.152907838403333
-1.79835097978106	0.382953978270685
-3.45598446335482	1.23025555319821
-1.79835097978106	0.382953978270685
-1.80197754639448	0.383903353697165
-1.79827400712943	0.382942964938875
-1.79835097978106	0.382953978270685
-1.79827400712943	0.382942964938875
0.166084152255821	0.0418055330790301
0.155986207086685	0.0292416787556187
-1.79835097978106	0.382953978270685
-1.79835097978106	0.382953978270685
-1.14401832138186	0.346434503308119
-2.57775304544287	0.66318910114962
-1.80197754639448	0.383903353697165
0.152289864541204	0.0287035071443224
-1.79827400712943	0.382942964938875
0.152289864541204	0.0287035071443224
-1.79835097978106	0.382953978270685
-1.79827400712943	0.382942964938875
-0.632939126134277	0.15468454480873
-1.79835097978106	0.382953978270685
-0.627367542213354	0.153354696036073
-1.79827400712943	0.382942964938875
-1.79835097978106	0.382953978270685
-1.79827400712943	0.382942964938875
-1.79835097978106	0.382953978270685
-1.79827400712943	0.382942964938875
-0.628807341949763	0.15371861128279
-2.5814875372856	0.665060440379843
-1.80197754639448	0.383903353697165
-1.79835097978106	0.382953978270685
-1.79827400712943	0.382942964938875
-2.57775304544287	0.66318910114962
0.153247518839476	0.0288421886814327
-1.79827400712943	0.382942964938875
-1.79827400712943	0.382942964938875
-1.79835097978106	0.382953978270685
-2.57747759965585	0.66335545132302
-3.75530690635197	1.48758661786965
-2.57747759965585	0.66335545132302
-1.79827400712943	0.382942964938875
-1.13521969998424	0.343544374381215
-1.79835097978106	0.382953978270685
-1.79827400712943	0.382942964938875
0.155986207086685	0.0292416787556187
-0.627829060935039	0.153504607197422
-2.57747759965585	0.66335545132302
0.15626975600377	0.0292821097759299
0.162400863971746	0.0409830958055786
0.155986207086685	0.0292416787556187
-2.57775304544287	0.66318910114962
-3.08559782341753	0.965445184573826
-1.80197754639448	0.383903353697165
-1.79827400712943	0.382942964938875
0.152567656731362	0.0287430408348264
-1.79827400712943	0.382942964938875
-2.577202278156	0.663064687208724
-1.79835097978106	0.382953978270685
-0.628347365301396	0.153568930486371
-1.79827400712943	0.382942964938875
-1.79835097978106	0.382953978270685
-1.79827400712943	0.382942964938875
-0.629267545839357	0.153771215183604
0.152289864541204	0.0287035071443224
-1.79835097978106	0.382953978270685
0.153526628680235	0.0288819285189665
-1.79835097978106	0.382953978270685
0.152289864541204	0.0287035071443224
-2.57747759965585	0.66335545132302
-1.79835097978106	0.382953978270685
-2.58120409692147	0.664991486920107
0.153247518839476	0.0288421886814327
-1.79835097978106	0.382953978270685
-1.79835097978106	0.382953978270685
-1.79835097978106	0.382953978270685
-1.79835097978106	0.382953978270685
-1.79827400712943	0.382942964938875
-1.79835097978106	0.382953978270685
-1.80197754639448	0.383903353697165
-3.08559782341753	0.965445184573826
-2.57775304544287	0.66318910114962
0.153526628680235	0.0288819285189665
-1.79835097978106	0.382953978270685
-2.57747759965585	0.66335545132302
0.152567656731362	0.0287430408348264
-1.79835097978106	0.382953978270685
-2.577202278156	0.663064687208724
-1.79827400712943	0.382942964938875
-1.79827400712943	0.382942964938875
-1.79835097978106	0.382953978270685
-1.79835097978106	0.382953978270685
-2.57747759965585	0.66335545132302
0.170597157616308	0.0428000407476464
-1.79827400712943	0.382942964938875
0.153247518839476	0.0288421886814327
-2.57775304544287	0.66318910114962
-1.79835097978106	0.382953978270685
0.15626975600377	0.0292821097759299
0.94807088907188	0.251931335472786
-1.79835097978106	0.382953978270685
-1.79827400712943	0.382942964938875
-1.79827400712943	0.382942964938875
-1.79835097978106	0.382953978270685
-1.79835097978106	0.382953978270685
-3.08164138813046	0.963767470359232
1.95791760701363	0.441280139896969
-1.79835097978106	0.382953978270685
-1.79835097978106	0.382953978270685
-2.5814875372856	0.665060440379843
-1.79827400712943	0.382942964938875
-1.80197754639448	0.383903353697165
-1.80197754639448	0.383903353697165
-1.79827400712943	0.382942964938875
-1.79835097978106	0.382953978270685
-2.57775304544287	0.66318910114962
-1.79827400712943	0.382942964938875
-0.62503342749082	0.152907838403333
-1.80197754639448	0.383903353697165
-1.79835097978106	0.382953978270685
-1.79827400712943	0.382942964938875
-1.79827400712943	0.382942964938875
-1.79835097978106	0.382953978270685
-3.08118534013847	0.963229045953577
-1.79835097978106	0.382953978270685
-0.6282908079904	0.153557595992093
-1.79835097978106	0.382953978270685
-1.79835097978106	0.382953978270685
-2.577202278156	0.663064687208724
-3.08255415585823	0.963691003677911
-2.57775304544287	0.66318910114962
-2.577202278156	0.663064687208724
-2.57747759965585	0.66335545132302
-1.79835097978106	0.382953978270685
-1.80197754639448	0.383903353697165
-1.5126542472202	0.539316353407404
-2.577202278156	0.663064687208724
-1.79827400712943	0.382942964938875
-1.80197754639448	0.383903353697165
-1.79835097978106	0.382953978270685
-1.79835097978106	0.382953978270685
-0.627829060935039	0.153504607197422
-2.57775304544287	0.66318910114962
-1.79835097978106	0.382953978270685
-1.79835097978106	0.382953978270685
-2.57747759965585	0.66335545132302
-1.79835097978106	0.382953978270685
-3.45538437102149	1.2298802093729
0.152289864541204	0.0287035071443224
-1.79827400712943	0.382942964938875
-1.79827400712943	0.382942964938875
-1.79827400712943	0.382942964938875
-2.57747759965585	0.66335545132302
-2.57747759965585	0.66335545132302
-1.79827400712943	0.382942964938875
-2.57775304544287	0.66318910114962
-1.79827400712943	0.382942964938875
-1.79827400712943	0.382942964938875
-2.57775304544287	0.66318910114962
-1.79827400712943	0.382942964938875
-1.79835097978106	0.382953978270685
0.948535538575274	0.252058145640786
-2.577202278156	0.663064687208724
0.152567656731362	0.0287430408348264
-1.79827400712943	0.382942964938875
-1.79827400712943	0.382942964938875
-2.5814875372856	0.665060440379843
-1.51754153600569	0.541527764023226
2.36437231321024	1.18704523773541
0.949511917528176	0.252227362219882
0.161809663243855	0.0483223326687324
1.95706969381346	0.441073865263096
-1.79835097978106	0.382953978270685
-2.577202278156	0.663064687208724
-1.79827400712943	0.382942964938875
0.152567656731362	0.0287430408348264
-1.79835097978106	0.382953978270685
-2.57747759965585	0.66335545132302
-2.577202278156	0.663064687208724
-1.79835097978106	0.382953978270685
-1.79835097978106	0.382953978270685
-0.628347365301396	0.153568930486371
0.152289864541204	0.0287035071443224
-1.80197754639448	0.383903353697165
0.161415729852303	0.0407561524608698
-1.79827400712943	0.382942964938875
-3.08652986879455	0.965774290031657
0.94807088907188	0.251931335472786
0.152289864541204	0.0287035071443224
-0.632432130022522	0.154575713959717
-2.577202278156	0.663064687208724
-2.57747759965585	0.66335545132302
-2.577202278156	0.663064687208724
-1.79827400712943	0.382942964938875
-1.13849388307931	0.344614401149477
-1.51688545813115	0.541086496398081
-1.79827400712943	0.382942964938875
-1.79827400712943	0.382942964938875
-1.79835097978106	0.382953978270685
0.169606362252511	0.0425824743634164
0.153247518839476	0.0288421886814327
-1.79827400712943	0.382942964938875
-1.79827400712943	0.382942964938875
-1.79827400712943	0.382942964938875
-1.80197754639448	0.383903353697165
-2.5814875372856	0.665060440379843
-1.79835097978106	0.382953978270685
-1.79827400712943	0.382942964938875
-2.57747759965585	0.66335545132302
-1.79835097978106	0.382953978270685
-0.627829060935039	0.153504607197422
-1.13482941234436	0.34340642829894
-1.79827400712943	0.382942964938875
-1.79827400712943	0.382942964938875
-2.57747759965585	0.66335545132302
-1.1355628376793	0.343674610704711
-1.80197754639448	0.383903353697165
-1.13251140472747	0.342543902947619
-1.79827400712943	0.382942964938875
-1.79827400712943	0.382942964938875
-1.80197754639448	0.383903353697165
-1.13642797594247	0.343807560451606
-0.628807341949763	0.15371861128279
-1.79835097978106	0.382953978270685
-0.628807341949763	0.15371861128279
0.152289864541204	0.0287035071443224
-1.79827400712943	0.382942964938875
-1.79827400712943	0.382942964938875
-3.08209765998152	0.963916510480773
-2.577202278156	0.663064687208724
-1.79827400712943	0.382942964938875
0.152567656731362	0.0287430408348264
0.152567656731362	0.0287430408348264
-1.79827400712943	0.382942964938875
-1.79827400712943	0.382942964938875
-1.79827400712943	0.382942964938875
-1.80197754639448	0.383903353697165
-3.08255415585823	0.963691003677911
-1.79835097978106	0.382953978270685
-1.79835097978106	0.382953978270685
-1.79827400712943	0.382942964938875
-1.79835097978106	0.382953978270685
-1.79827400712943	0.382942964938875
-1.79827400712943	0.382942964938875
-1.80197754639448	0.383903353697165
-1.79835097978106	0.382953978270685
-1.79835097978106	0.382953978270685
-1.79835097978106	0.382953978270685
-1.79835097978106	0.382953978270685
-1.80197754639448	0.383903353697165
-2.57775304544287	0.66318910114962
-1.79827400712943	0.382942964938875
-1.79835097978106	0.382953978270685
-1.80197754639448	0.383903353697165
-0.633409029549556	0.154789771896201
0.148503149870495	0.0281892610504199
-1.79827400712943	0.382942964938875
-1.79827400712943	0.382942964938875
-2.5814875372856	0.665060440379843
-1.79835097978106	0.382953978270685
0.155986207086685	0.0292416787556187
-0.62503342749082	0.152907838403333
-1.79835097978106	0.382953978270685
-1.79835097978106	0.382953978270685
-1.79827400712943	0.382942964938875
-1.79835097978106	0.382953978270685
-1.79827400712943	0.382942964938875
-1.79835097978106	0.382953978270685
-1.79835097978106	0.382953978270685
1.95791760701363	0.441280139896969
-1.79827400712943	0.382942964938875
-2.58120409692147	0.664991486920107
-1.79835097978106	0.382953978270685
-1.79827400712943	0.382942964938875
-1.79835097978106	0.382953978270685
-1.79827400712943	0.382942964938875
-2.57747759965585	0.66335545132302
-1.79827400712943	0.382942964938875
-2.5814875372856	0.665060440379843
-1.79827400712943	0.382942964938875
-0.627829060935039	0.153504607197422
-0.347480099168433	0.0999933239977275
-1.13482941234436	0.34340642829894
-1.79835097978106	0.382953978270685
1.82725871051587	0.716521694707993
-2.57747759965585	0.66335545132302
-1.13461598703551	0.343230613786831
-1.79835097978106	0.382953978270685
-2.57775304544287	0.66318910114962
-1.79827400712943	0.382942964938875
-2.57747759965585	0.66335545132302
0.152567656731362	0.0287430408348264
-2.57775304544287	0.66318910114962
1.96040941896093	0.441936123238363
-2.577202278156	0.663064687208724
-1.79835097978106	0.382953978270685
-2.57747759965585	0.66335545132302
-1.79827400712943	0.382942964938875
-1.80197754639448	0.383903353697165
-1.79835097978106	0.382953978270685
-1.79827400712943	0.382942964938875
0.149464413960118	0.0283283450696208
-3.46005827230016	1.23260132520798
-1.80197754639448	0.383903353697165
-1.79827400712943	0.382942964938875
-1.79827400712943	0.382942964938875
-1.79835097978106	0.382953978270685
-1.79827400712943	0.382942964938875
-1.79827400712943	0.382942964938875
-1.79827400712943	0.382942964938875
-1.79827400712943	0.382942964938875
-1.79835097978106	0.382953978270685
-1.79835097978106	0.382953978270685
-0.347480099168433	0.0999933239977275
-1.79835097978106	0.382953978270685
-1.80197754639448	0.383903353697165
-1.79835097978106	0.382953978270685
-1.79835097978106	0.382953978270685
-1.79835097978106	0.382953978270685
-2.57775304544287	0.66318910114962
-1.79835097978106	0.382953978270685
-1.79827400712943	0.382942964938875
-1.80197754639448	0.383903353697165
-2.57775304544287	0.66318910114962
-1.79827400712943	0.382942964938875
-1.80197754639448	0.383903353697165
-1.79827400712943	0.382942964938875
-1.79835097978106	0.382953978270685
-1.79835097978106	0.382953978270685
-1.80197754639448	0.383903353697165
-1.79835097978106	0.382953978270685
-1.80197754639448	0.383903353697165
-1.79835097978106	0.382953978270685
-2.57747759965585	0.66335545132302
-1.79827400712943	0.382942964938875
-1.79835097978106	0.382953978270685
-1.79827400712943	0.382942964938875
-1.79835097978106	0.382953978270685
-1.79827400712943	0.382942964938875
0.153526628680235	0.0288819285189665
-3.08164138813046	0.963767470359232
-2.58120409692147	0.664991486920107
-1.79827400712943	0.382942964938875
-2.57775304544287	0.66318910114962
-1.79827400712943	0.382942964938875
-1.79835097978106	0.382953978270685
-1.79827400712943	0.382942964938875
-0.628807341949763	0.15371861128279
-1.79827400712943	0.382942964938875
-1.79835097978106	0.382953978270685
0.152289864541204	0.0287035071443224
0.153247518839476	0.0288421886814327
0.152567656731362	0.0287430408348264
-1.79827400712943	0.382942964938875
0.166691919569473	0.0419536988970269
-1.79827400712943	0.382942964938875
-1.79835097978106	0.382953978270685
-1.79827400712943	0.382942964938875
-2.57747759965585	0.66335545132302
-2.57747759965585	0.66335545132302
-1.79827400712943	0.382942964938875
-1.79827400712943	0.382942964938875
0.166691919569473	0.0419536988970269
-0.6282908079904	0.153557595992093
-0.628807341949763	0.15371861128279
-1.79835097978106	0.382953978270685
-1.79835097978106	0.382953978270685
-1.80197754639448	0.383903353697165
-0.633409029549556	0.154789771896201
0.153526628680235	0.0288819285189665
-1.79827400712943	0.382942964938875
1.95791760701363	0.441280139896969
-1.79827400712943	0.382942964938875
-0.627829060935039	0.153504607197422
-0.625500335572602	0.152962089117453
0.152289864541204	0.0287035071443224
-1.79835097978106	0.382953978270685
-2.57747759965585	0.66335545132302
-1.79827400712943	0.382942964938875
-2.57747759965585	0.66335545132302
0.152289864541204	0.0287035071443224
-2.577202278156	0.663064687208724
0.153247518839476	0.0288421886814327
-1.79835097978106	0.382953978270685
-1.79835097978106	0.382953978270685
0.152289864541204	0.0287035071443224
-1.79827400712943	0.382942964938875
-1.79827400712943	0.382942964938875
-1.79827400712943	0.382942964938875
0.152567656731362	0.0287430408348264
-2.57747759965585	0.66335545132302
0.153526628680235	0.0288819285189665
0.153247518839476	0.0288421886814327
-1.79827400712943	0.382942964938875
-1.80197754639448	0.383903353697165
-1.79827400712943	0.382942964938875
-1.79827400712943	0.382942964938875
0.152567656731362	0.0287430408348264
-1.79827400712943	0.382942964938875
-1.79827400712943	0.382942964938875
-1.79835097978106	0.382953978270685
-1.80197754639448	0.383903353697165
-0.627829060935039	0.153504607197422
0.15626975600377	0.0292821097759299
-2.57775304544287	0.66318910114962
-2.57747759965585	0.66335545132302
-1.79835097978106	0.382953978270685
-1.79827400712943	0.382942964938875
-1.79835097978106	0.382953978270685
-2.57747759965585	0.66335545132302
0.153247518839476	0.0288421886814327
-2.57747759965585	0.66335545132302
-1.80197754639448	0.383903353697165
-1.79827400712943	0.382942964938875
-2.57775304544287	0.66318910114962
-1.79827400712943	0.382942964938875
0.947560352748164	0.251716891447637
-1.79835097978106	0.382953978270685
-1.79827400712943	0.382942964938875
-2.57747759965585	0.66335545132302
-1.13521969998424	0.343544374381215
-2.577202278156	0.663064687208724
-2.57775304544287	0.66318910114962
-1.79827400712943	0.382942964938875
-2.57775304544287	0.66318910114962
-2.57747759965585	0.66335545132302
-0.633409029549556	0.154789771896201
-2.577202278156	0.663064687208724
-0.627829060935039	0.153504607197422
-1.80197754639448	0.383903353697165
-2.57747759965585	0.66335545132302
-1.51885466658535	0.541921809220855
-1.79827400712943	0.382942964938875
-2.5814875372856	0.665060440379843
-0.6282908079904	0.153557595992093
1.95791760701363	0.441280139896969
0.152289864541204	0.0287035071443224
0.152567656731362	0.0287430408348264
-1.79835097978106	0.382953978270685
-1.79835097978106	0.382953978270685
-1.79827400712943	0.382942964938875
-2.57747759965585	0.66335545132302
-2.577202278156	0.663064687208724
-1.79835097978106	0.382953978270685
-2.577202278156	0.663064687208724
-1.79835097978106	0.382953978270685
-1.79827400712943	0.382942964938875
-1.79827400712943	0.382942964938875
-1.79835097978106	0.382953978270685
-1.79835097978106	0.382953978270685
-3.08164138813046	0.963767470359232
-2.577202278156	0.663064687208724
0.153526628680235	0.0288819285189665
0.152289864541204	0.0287035071443224
-1.79835097978106	0.382953978270685
-1.79835097978106	0.382953978270685
-1.79835097978106	0.382953978270685
-1.79835097978106	0.382953978270685
-1.79835097978106	0.382953978270685
-1.79835097978106	0.382953978270685
-0.627367542213354	0.153354696036073
-0.628347365301396	0.153568930486371
-1.79827400712943	0.382942964938875
-1.51560015914977	0.540391239685252
-2.57747759965585	0.66335545132302
-1.79827400712943	0.382942964938875
-1.79827400712943	0.382942964938875
-1.79835097978106	0.382953978270685
-1.79835097978106	0.382953978270685
-1.80197754639448	0.383903353697165
-1.79835097978106	0.382953978270685
-1.79827400712943	0.382942964938875
-0.628347365301396	0.153568930486371
0.152567656731362	0.0287430408348264
-1.79835097978106	0.382953978270685
-2.577202278156	0.663064687208724
-1.79827400712943	0.382942964938875
-1.79827400712943	0.382942964938875
-2.57775304544287	0.66318910114962
-2.57747759965585	0.66335545132302
-2.57775304544287	0.66318910114962
-1.79835097978106	0.382953978270685
-1.79827400712943	0.382942964938875
-0.62503342749082	0.152907838403333
-1.79827400712943	0.382942964938875
-2.577202278156	0.663064687208724
-1.79827400712943	0.382942964938875
-1.79835097978106	0.382953978270685
-0.627367542213354	0.153354696036073
-2.577202278156	0.663064687208724
-2.57747759965585	0.66335545132302
-1.79827400712943	0.382942964938875
0.94807088907188	0.251931335472786
0.951841444348566	0.252891357699991
-1.79835097978106	0.382953978270685
-1.79827400712943	0.382942964938875
0.950862031539505	0.252628333014658
2.75446121880292	0.769079402442662
-1.79827400712943	0.382942964938875
-1.79835097978106	0.382953978270685
-1.79835097978106	0.382953978270685
-1.79835097978106	0.382953978270685
-1.13422470394875	0.343215945535417
-1.79827400712943	0.382942964938875
0.153247518839476	0.0288421886814327
-2.57747759965585	0.66335545132302
-1.79835097978106	0.382953978270685
-1.79835097978106	0.382953978270685
-2.577202278156	0.663064687208724
-1.79835097978106	0.382953978270685
0.152567656731362	0.0287430408348264
-1.79827400712943	0.382942964938875
0.153247518839476	0.0288421886814327
-1.79835097978106	0.382953978270685
-1.79835097978106	0.382953978270685
-1.80197754639448	0.383903353697165
-2.57775304544287	0.66318910114962
0.155986207086685	0.0292416787556187
0.152289864541204	0.0287035071443224
-2.5814875372856	0.665060440379843
0.152289864541204	0.0287035071443224
-1.79827400712943	0.382942964938875
0.153526628680235	0.0288819285189665
0.15626975600377	0.0292821097759299
-1.79835097978106	0.382953978270685
-1.79827400712943	0.382942964938875
-1.79835097978106	0.382953978270685
-1.79835097978106	0.382953978270685
-1.79827400712943	0.382942964938875
-1.79827400712943	0.382942964938875
-1.79827400712943	0.382942964938875
-1.79835097978106	0.382953978270685
-1.79835097978106	0.382953978270685
0.152289864541204	0.0287035071443224
0.152567656731362	0.0287430408348264
1.95706969381346	0.441073865263096
1.95706969381346	0.441073865263096
-1.79835097978106	0.382953978270685
-1.79835097978106	0.382953978270685
-0.345833967465969	0.0994846900020102
-2.57747759965585	0.66335545132302
-2.57747759965585	0.66335545132302
-2.57747759965585	0.66335545132302
0.148503149870495	0.0281892610504199
-1.79835097978106	0.382953978270685
-1.13521969998424	0.343544374381215
-1.79827400712943	0.382942964938875
-1.79835097978106	0.382953978270685
-1.79835097978106	0.382953978270685
-1.79835097978106	0.382953978270685
-1.79827400712943	0.382942964938875
0.153247518839476	0.0288421886814327
-1.79835097978106	0.382953978270685
-1.79835097978106	0.382953978270685
-1.80197754639448	0.383903353697165
-1.79835097978106	0.382953978270685
-1.79835097978106	0.382953978270685
1.95706969381346	0.441073865263096
-1.79835097978106	0.382953978270685
-1.79835097978106	0.382953978270685
1.95791760701363	0.441280139896969
1.95706969381346	0.441073865263096
-1.79835097978106	0.382953978270685
-0.627829060935039	0.153504607197422
-0.627829060935039	0.153504607197422
-0.633409029549556	0.154789771896201
-1.79835097978106	0.382953978270685
-1.79835097978106	0.382953978270685
-1.79835097978106	0.382953978270685
-1.79835097978106	0.382953978270685
-1.79827400712943	0.382942964938875
-1.80197754639448	0.383903353697165
-1.79827400712943	0.382942964938875
-2.57775304544287	0.66318910114962
0.153247518839476	0.0288421886814327
-1.79827400712943	0.382942964938875
-0.628807341949763	0.15371861128279
-1.79835097978106	0.382953978270685
-2.57747759965585	0.66335545132302
-1.79827400712943	0.382942964938875
-1.79835097978106	0.382953978270685
-2.57775304544287	0.66318910114962
0.153247518839476	0.0288421886814327
-1.79835097978106	0.382953978270685
-1.79827400712943	0.382942964938875
0.153526628680235	0.0288819285189665
-0.628347365301396	0.153568930486371
-1.79835097978106	0.382953978270685
-0.6282908079904	0.153557595992093
-1.79827400712943	0.382942964938875
-1.80197754639448	0.383903353697165
-1.79827400712943	0.382942964938875
-1.79827400712943	0.382942964938875
-1.79835097978106	0.382953978270685
-0.628807341949763	0.15371861128279
-1.79835097978106	0.382953978270685
-1.79827400712943	0.382942964938875
-0.6282908079904	0.153557595992093
-1.79835097978106	0.382953978270685
-1.79835097978106	0.382953978270685
-1.79835097978106	0.382953978270685
-2.57775304544287	0.66318910114962
-1.80197754639448	0.383903353697165
-1.79835097978106	0.382953978270685
-1.79835097978106	0.382953978270685
-1.79827400712943	0.382942964938875
-1.79827400712943	0.382942964938875
-1.79827400712943	0.382942964938875
-1.79835097978106	0.382953978270685
-1.79835097978106	0.382953978270685
0.152289864541204	0.0287035071443224
-1.13582369620544	0.343734699942405
-2.57747759965585	0.66335545132302
-1.79827400712943	0.382942964938875
-1.79835097978106	0.382953978270685
-1.79835097978106	0.382953978270685
-1.79827400712943	0.382942964938875
-1.79835097978106	0.382953978270685
-1.80197754639448	0.383903353697165
-1.79827400712943	0.382942964938875
-2.577202278156	0.663064687208724
-2.57747759965585	0.66335545132302
1.95791760701363	0.441280139896969
1.95791760701363	0.441280139896969
-1.79827400712943	0.382942964938875
-0.627367542213354	0.153354696036073
-2.57747759965585	0.66335545132302
-1.79827400712943	0.382942964938875
-2.577202278156	0.663064687208724
-2.57747759965585	0.66335545132302
-0.628347365301396	0.153568930486371
-1.80197754639448	0.383903353697165
-1.79835097978106	0.382953978270685
-2.5814875372856	0.665060440379843
-1.79827400712943	0.382942964938875
-2.57747759965585	0.66335545132302
0.152567656731362	0.0287430408348264
-2.57747759965585	0.66335545132302
-1.79835097978106	0.382953978270685
0.153526628680235	0.0288819285189665
-1.79835097978106	0.382953978270685
-1.79827400712943	0.382942964938875
-2.57747759965585	0.66335545132302
-1.79827400712943	0.382942964938875
-1.79835097978106	0.382953978270685
-1.79827400712943	0.382942964938875
0.152289864541204	0.0287035071443224
-3.08164138813046	0.963767470359232
-3.08118534013847	0.963229045953577
-1.79827400712943	0.382942964938875
-1.79827400712943	0.382942964938875
-1.79835097978106	0.382953978270685
-1.13190405565215	0.342469779892572
1.95791760701363	0.441280139896969
-2.57775304544287	0.66318910114962
-1.79835097978106	0.382953978270685
-1.79835097978106	0.382953978270685
-1.79827400712943	0.382942964938875
-1.79827400712943	0.382942964938875
-1.80197754639448	0.383903353697165
-1.79835097978106	0.382953978270685
0.152567656731362	0.0287430408348264
1.95706969381346	0.441073865263096
-1.79835097978106	0.382953978270685
-1.79835097978106	0.382953978270685
-2.57775304544287	0.66318910114962
-3.08164138813046	0.963767470359232
-0.632939126134277	0.15468454480873
-1.79835097978106	0.382953978270685
-2.57775304544287	0.66318910114962
-2.57747759965585	0.66335545132302
-1.79835097978106	0.382953978270685
-1.79835097978106	0.382953978270685
-1.79835097978106	0.382953978270685
-1.79827400712943	0.382942964938875
-1.79835097978106	0.382953978270685
-1.79827400712943	0.382942964938875
-1.79835097978106	0.382953978270685
-3.08164138813046	0.963767470359232
0.153526628680235	0.0288819285189665
0.152567656731362	0.0287430408348264
-1.79835097978106	0.382953978270685
-1.79835097978106	0.382953978270685
-1.79827400712943	0.382942964938875
-1.79835097978106	0.382953978270685
-2.577202278156	0.663064687208724
-1.79827400712943	0.382942964938875
0.153247518839476	0.0288421886814327
-0.627829060935039	0.153504607197422
0.15626975600377	0.0292821097759299
-1.79827400712943	0.382942964938875
-1.79835097978106	0.382953978270685
-2.57775304544287	0.66318910114962
-1.79827400712943	0.382942964938875
-1.80197754639448	0.383903353697165
-1.79835097978106	0.382953978270685
-1.79835097978106	0.382953978270685
-1.79835097978106	0.382953978270685
-2.57775304544287	0.66318910114962
-1.79827400712943	0.382942964938875
-1.80197754639448	0.383903353697165
-2.57747759965585	0.66335545132302
-0.627367542213354	0.153354696036073
-1.79835097978106	0.382953978270685
-1.79835097978106	0.382953978270685
-2.57747759965585	0.66335545132302
-1.79835097978106	0.382953978270685
-1.79835097978106	0.382953978270685
-1.79835097978106	0.382953978270685
-2.57747759965585	0.66335545132302
-1.79827400712943	0.382942964938875
-1.79835097978106	0.382953978270685
-1.79827400712943	0.382942964938875
-0.629267545839357	0.153771215183604
-1.79827400712943	0.382942964938875
-1.79835097978106	0.382953978270685
-1.13482941234436	0.34340642829894
-1.79827400712943	0.382942964938875
-1.79835097978106	0.382953978270685
-2.5814875372856	0.665060440379843
-1.79827400712943	0.382942964938875
-1.79835097978106	0.382953978270685
-1.79835097978106	0.382953978270685
1.95706969381346	0.441073865263096
-1.79835097978106	0.382953978270685
-1.80197754639448	0.383903353697165
-1.80197754639448	0.383903353697165
-1.79827400712943	0.382942964938875
-1.79827400712943	0.382942964938875
-2.57775304544287	0.66318910114962
-1.79827400712943	0.382942964938875
-1.79835097978106	0.382953978270685
-1.79835097978106	0.382953978270685
-1.79835097978106	0.382953978270685
-2.57747759965585	0.66335545132302
-1.79835097978106	0.382953978270685
-1.79827400712943	0.382942964938875
-3.08164138813046	0.963767470359232
-3.08606373064433	0.965887782759055
-1.79835097978106	0.382953978270685
-1.79827400712943	0.382942964938875
2.75446121880292	0.769079402442662
-1.79827400712943	0.382942964938875
-2.577202278156	0.663064687208724
-1.79835097978106	0.382953978270685
-0.629267545839357	0.153771215183604
-2.57747759965585	0.66335545132302
-1.79835097978106	0.382953978270685
0.162400863971746	0.0409830958055786
0.152289864541204	0.0287035071443224
-1.79827400712943	0.382942964938875
-1.79827400712943	0.382942964938875
-2.57747759965585	0.66335545132302
-1.79835097978106	0.382953978270685
-1.79835097978106	0.382953978270685
-2.57775304544287	0.66318910114962
-1.79827400712943	0.382942964938875
1.95791760701363	0.441280139896969
-1.79827400712943	0.382942964938875
0.153247518839476	0.0288421886814327
-0.629267545839357	0.153771215183604
-1.79835097978106	0.382953978270685
-3.08209765998152	0.963916510480773
-2.57775304544287	0.66318910114962
-1.79835097978106	0.382953978270685
-2.577202278156	0.663064687208724
-0.627367542213354	0.153354696036073
-0.627829060935039	0.153504607197422
0.152567656731362	0.0287430408348264
-1.79827400712943	0.382942964938875
-1.79835097978106	0.382953978270685
0.149464413960118	0.0283283450696208
-1.79835097978106	0.382953978270685
-1.79827400712943	0.382942964938875
0.943931183072951	0.250903413595175
-1.79835097978106	0.382953978270685
-2.57747759965585	0.66335545132302
-2.57775304544287	0.66318910114962
-1.80197754639448	0.383903353697165
-1.79827400712943	0.382942964938875
-1.79827400712943	0.382942964938875
-3.45598446335482	1.23025555319821
-1.79835097978106	0.382953978270685
-1.79835097978106	0.382953978270685
1.95706969381346	0.441073865263096
-1.79827400712943	0.382942964938875
-1.79835097978106	0.382953978270685
-1.79835097978106	0.382953978270685
0.952312839774606	0.25302018984475
0.153247518839476	0.0288421886814327
-0.628347365301396	0.153568930486371
-1.79835097978106	0.382953978270685
-2.58120409692147	0.664991486920107
-2.5814875372856	0.665060440379843
0.152289864541204	0.0287035071443224
0.947097253557627	0.251590606337117
-2.57747759965585	0.66335545132302
-1.79827400712943	0.382942964938875
-1.79827400712943	0.382942964938875
-2.57747759965585	0.66335545132302
-2.577202278156	0.663064687208724
-1.79827400712943	0.382942964938875
-2.57747759965585	0.66335545132302
-1.79835097978106	0.382953978270685
-2.57775304544287	0.66318910114962
-1.79827400712943	0.382942964938875
-2.577202278156	0.663064687208724
-1.79835097978106	0.382953978270685
-1.79827400712943	0.382942964938875
-1.79835097978106	0.382953978270685
-1.79835097978106	0.382953978270685
-1.79827400712943	0.382942964938875
0.152289864541204	0.0287035071443224
-2.57775304544287	0.66318910114962
-2.577202278156	0.663064687208724
-1.79835097978106	0.382953978270685
-1.79827400712943	0.382942964938875
0.152567656731362	0.0287430408348264
0.152567656731362	0.0287430408348264
0.153247518839476	0.0288421886814327
-1.79827400712943	0.382942964938875
-1.79835097978106	0.382953978270685
-1.80197754639448	0.383903353697165
-1.13543440488342	0.343479590196383
-1.79827400712943	0.382942964938875
-1.79835097978106	0.382953978270685
-1.79827400712943	0.382942964938875
-1.79827400712943	0.382942964938875
-1.79827400712943	0.382942964938875
-1.79835097978106	0.382953978270685
-1.79835097978106	0.382953978270685
0.153247518839476	0.0288421886814327
-1.79827400712943	0.382942964938875
-2.5814875372856	0.665060440379843
-1.79835097978106	0.382953978270685
-0.633409029549556	0.154789771896201
-1.79827400712943	0.382942964938875
-1.79827400712943	0.382942964938875
-1.79835097978106	0.382953978270685
-1.13422470394875	0.343215945535417
-1.79835097978106	0.382953978270685
-1.79827400712943	0.382942964938875
-2.57747759965585	0.66335545132302
-1.79835097978106	0.382953978270685
-2.57775304544287	0.66318910114962
-1.79827400712943	0.382942964938875
-1.79827400712943	0.382942964938875
-1.79827400712943	0.382942964938875
-1.79835097978106	0.382953978270685
-2.57747759965585	0.66335545132302
-1.79835097978106	0.382953978270685
-1.79827400712943	0.382942964938875
-1.79827400712943	0.382942964938875
-1.79835097978106	0.382953978270685
-1.79827400712943	0.382942964938875
-1.80197754639448	0.383903353697165
-1.79835097978106	0.382953978270685
-1.79827400712943	0.382942964938875
-0.627829060935039	0.153504607197422
-2.57747759965585	0.66335545132302
0.155986207086685	0.0292416787556187
-1.79827400712943	0.382942964938875
-1.79827400712943	0.382942964938875
-1.79827400712943	0.382942964938875
-3.08164138813046	0.963767470359232
-2.577202278156	0.663064687208724
-1.79835097978106	0.382953978270685
-0.624566751454544	0.152757086863399
-1.79827400712943	0.382942964938875
-1.79827400712943	0.382942964938875
-1.79827400712943	0.382942964938875
-0.627829060935039	0.153504607197422
-2.57747759965585	0.66335545132302
0.152207512413174	0.0287281007494042
-1.79827400712943	0.382942964938875
0.153247518839476	0.0288421886814327
-2.57775304544287	0.66318910114962
-1.79835097978106	0.382953978270685
-1.79827400712943	0.382942964938875
-2.57747759965585	0.66335545132302
1.95791760701363	0.441280139896969
0.160803134128977	0.0406203249121647
0.152567656731362	0.0287430408348264
0.167299398578488	0.0420768316112512
-2.5814875372856	0.665060440379843
-3.08209765998152	0.963916510480773
-1.79827400712943	0.382942964938875
-0.627367542213354	0.153354696036073
-1.79827400712943	0.382942964938875
-2.577202278156	0.663064687208724
-1.79835097978106	0.382953978270685
-0.627367542213354	0.153354696036073
-1.79835097978106	0.382953978270685
0.152567656731362	0.0287430408348264
-1.79827400712943	0.382942964938875
-1.79835097978106	0.382953978270685
-1.79827400712943	0.382942964938875
0.152567656731362	0.0287430408348264
-2.577202278156	0.663064687208724
-1.79827400712943	0.382942964938875
-1.79835097978106	0.382953978270685
-1.79827400712943	0.382942964938875
-1.79835097978106	0.382953978270685
-1.79827400712943	0.382942964938875
-1.79835097978106	0.382953978270685
-1.80197754639448	0.383903353697165
-1.79835097978106	0.382953978270685
-1.79835097978106	0.382953978270685
-2.57775304544287	0.66318910114962
-2.5814875372856	0.665060440379843
-1.79835097978106	0.382953978270685
-1.79835097978106	0.382953978270685
1.95791760701363	0.441280139896969
-3.08118534013847	0.963229045953577
-1.13362027945245	0.342902172857624
-2.57775304544287	0.66318910114962
-1.79827400712943	0.382942964938875
-1.79827400712943	0.382942964938875
-1.79835097978106	0.382953978270685
-2.57775304544287	0.66318910114962
1.95791760701363	0.441280139896969
-1.80197754639448	0.383903353697165
-1.79827400712943	0.382942964938875
-1.79835097978106	0.382953978270685
-1.79827400712943	0.382942964938875
-1.79827400712943	0.382942964938875
-1.79827400712943	0.382942964938875
-1.80197754639448	0.383903353697165
0.153247518839476	0.0288421886814327
-0.627829060935039	0.153504607197422
-1.13482941234436	0.34340642829894
-1.79835097978106	0.382953978270685
-2.57775304544287	0.66318910114962
-1.79827400712943	0.382942964938875
-1.79835097978106	0.382953978270685
-1.79827400712943	0.382942964938875
0.148503149870495	0.0281892610504199
-0.633409029549556	0.154789771896201
0.152567656731362	0.0287430408348264
-1.79827400712943	0.382942964938875
1.95791760701363	0.441280139896969
-1.79835097978106	0.382953978270685
-1.79835097978106	0.382953978270685
-1.79835097978106	0.382953978270685
-0.628347365301396	0.153568930486371
-1.79827400712943	0.382942964938875
-2.57747759965585	0.66335545132302
2.75349844687128	0.768381126605175
1.95706969381346	0.441073865263096
-2.577202278156	0.663064687208724
-1.79827400712943	0.382942964938875
-2.57747759965585	0.66335545132302
-3.08255415585823	0.963691003677911
-1.79827400712943	0.382942964938875
-1.79835097978106	0.382953978270685
-0.631960666018702	0.15447017218279
-1.79827400712943	0.382942964938875
-3.08164138813046	0.963767470359232
-1.79835097978106	0.382953978270685
-1.79827400712943	0.382942964938875
-1.79827400712943	0.382942964938875
-1.13543440488342	0.343479590196383
-1.79827400712943	0.382942964938875
-1.79827400712943	0.382942964938875
-2.57747759965585	0.66335545132302
-1.79827400712943	0.382942964938875
-1.79835097978106	0.382953978270685
-1.79835097978106	0.382953978270685
-1.80197754639448	0.383903353697165
-1.79835097978106	0.382953978270685
0.148503149870495	0.0281892610504199
0.152567656731362	0.0287430408348264
-1.79827400712943	0.382942964938875
-1.79827400712943	0.382942964938875
-0.627367542213354	0.153354696036073
-2.58120409692147	0.664991486920107
-1.79827400712943	0.382942964938875
-2.58524212677275	0.666574749875287
-1.79827400712943	0.382942964938875
-1.79835097978106	0.382953978270685
-1.79835097978106	0.382953978270685
-0.6282908079904	0.153557595992093
0.152289864541204	0.0287035071443224
-1.80197754639448	0.383903353697165
0.152289864541204	0.0287035071443224
-0.628347365301396	0.153568930486371
-1.79835097978106	0.382953978270685
-1.79827400712943	0.382942964938875
-1.79827400712943	0.382942964938875
-1.79827400712943	0.382942964938875
-1.79827400712943	0.382942964938875
-1.79835097978106	0.382953978270685
-0.6282908079904	0.153557595992093
-1.80197754639448	0.383903353697165
-1.79827400712943	0.382942964938875
-1.79827400712943	0.382942964938875
-1.80197754639448	0.383903353697165
-0.335356520627326	0.0965946296543176
-0.633409029549556	0.154789771896201
-3.08209765998152	0.963916510480773
-0.342904767182509	0.0986489157334515
1.95791760701363	0.441280139896969
-1.79827400712943	0.382942964938875
-2.57775304544287	0.66318910114962
1.95791760701363	0.441280139896969
-1.79835097978106	0.382953978270685
-2.57747759965585	0.66335545132302
-3.4565848348623	1.23040818352441
-1.80197754639448	0.383903353697165
-1.79827400712943	0.382942964938875
-0.627829060935039	0.153504607197422
-2.57747759965585	0.66335545132302
-1.79827400712943	0.382942964938875
-1.79827400712943	0.382942964938875
-1.79835097978106	0.382953978270685
-2.57747759965585	0.66335545132302
-3.46005827230016	1.23260132520798
-1.79835097978106	0.382953978270685
-1.79827400712943	0.382942964938875
-1.79827400712943	0.382942964938875
-1.79835097978106	0.382953978270685
-2.57775304544287	0.66318910114962
-1.79835097978106	0.382953978270685
-2.577202278156	0.663064687208724
1.96040941896093	0.441936123238363
-2.57747759965585	0.66335545132302
-1.79827400712943	0.382942964938875
-2.57775304544287	0.66318910114962
-1.79827400712943	0.382942964938875
-3.08255415585823	0.963691003677911
-3.08164138813046	0.963767470359232
0.152567656731362	0.0287430408348264
-1.79835097978106	0.382953978270685
-2.57747759965585	0.66335545132302
-1.79835097978106	0.382953978270685
-1.79835097978106	0.382953978270685
-2.57775304544287	0.66318910114962
-1.79827400712943	0.382942964938875
-1.79835097978106	0.382953978270685
-1.79827400712943	0.382942964938875
-1.79835097978106	0.382953978270685
2.75446121880292	0.769079402442662
-1.79827400712943	0.382942964938875
-1.80197754639448	0.383903353697165
-3.08209765998152	0.963916510480773
-1.79835097978106	0.382953978270685
-2.577202278156	0.663064687208724
-0.721435304125973	0.247731476182057
-1.79827400712943	0.382942964938875
1.95791760701363	0.441280139896969
-1.79827400712943	0.382942964938875
1.95706969381346	0.441073865263096
1.95791760701363	0.441280139896969
-1.79835097978106	0.382953978270685
-1.79827400712943	0.382942964938875
-1.79835097978106	0.382953978270685
-1.79827400712943	0.382942964938875
-0.627367542213354	0.153354696036073
-1.79827400712943	0.382942964938875
-1.79835097978106	0.382953978270685
0.153526628680235	0.0288819285189665
-0.627829060935039	0.153504607197422
-3.46005827230016	1.23260132520798
-0.347665318950405	0.100012844891269
-1.79835097978106	0.382953978270685
-0.628347365301396	0.153568930486371
-2.57747759965585	0.66335545132302
-1.79827400712943	0.382942964938875
-1.79835097978106	0.382953978270685
-1.79827400712943	0.382942964938875
-1.79835097978106	0.382953978270685
-1.79835097978106	0.382953978270685
-3.08164138813046	0.963767470359232
-1.79835097978106	0.382953978270685
-0.631960666018702	0.15447017218279
0.155986207086685	0.0292416787556187
-1.80197754639448	0.383903353697165
-2.577202278156	0.663064687208724
-0.6282908079904	0.153557595992093
-2.57747759965585	0.66335545132302
-1.79827400712943	0.382942964938875
-1.79835097978106	0.382953978270685
-1.79835097978106	0.382953978270685
-1.79835097978106	0.382953978270685
-1.79827400712943	0.382942964938875
-1.79827400712943	0.382942964938875
0.152289864541204	0.0287035071443224
-3.09005031168239	0.967298189535081
-0.343223291761604	0.0987971723984263
-1.79835097978106	0.382953978270685
-1.79835097978106	0.382953978270685
-2.58524212677275	0.666574749875287
-2.57747759965585	0.66335545132302
-1.79827400712943	0.382942964938875
-1.79835097978106	0.382953978270685
0.153247518839476	0.0288421886814327
-0.6282908079904	0.153557595992093
-1.79827400712943	0.382942964938875
-1.79835097978106	0.382953978270685
-1.79827400712943	0.382942964938875
-1.79827400712943	0.382942964938875
0.152567656731362	0.0287430408348264
-0.632939126134277	0.15468454480873
-1.79835097978106	0.382953978270685
-1.79835097978106	0.382953978270685
-1.79835097978106	0.382953978270685
-1.79835097978106	0.382953978270685
-1.79835097978106	0.382953978270685
-1.79835097978106	0.382953978270685
-1.79827400712943	0.382942964938875
-1.79827400712943	0.382942964938875
-1.79827400712943	0.382942964938875
-1.79835097978106	0.382953978270685
-1.79827400712943	0.382942964938875
-1.79827400712943	0.382942964938875
-2.58120409692147	0.664991486920107
-1.79835097978106	0.382953978270685
-1.79827400712943	0.382942964938875
-1.79827400712943	0.382942964938875
0.152567656731362	0.0287430408348264
-1.79835097978106	0.382953978270685
-1.79827400712943	0.382942964938875
-1.79827400712943	0.382942964938875
-1.79835097978106	0.382953978270685
-2.577202278156	0.663064687208724
-1.79835097978106	0.382953978270685
-2.57747759965585	0.66335545132302
1.95791760701363	0.441280139896969
-1.79835097978106	0.382953978270685
-1.79835097978106	0.382953978270685
-1.79835097978106	0.382953978270685
-1.79827400712943	0.382942964938875
-1.79827400712943	0.382942964938875
-2.57747759965585	0.66335545132302
-1.79835097978106	0.382953978270685
-1.79827400712943	0.382942964938875
-2.57747759965585	0.66335545132302
-1.79827400712943	0.382942964938875
-2.57775304544287	0.66318910114962
-1.79827400712943	0.382942964938875
-1.79827400712943	0.382942964938875
-2.577202278156	0.663064687208724
-1.79835097978106	0.382953978270685
-1.80197754639448	0.383903353697165
-2.57747759965585	0.66335545132302
-2.57775304544287	0.66318910114962
0.152289864541204	0.0287035071443224
-1.79827400712943	0.382942964938875
-1.79827400712943	0.382942964938875
-1.79835097978106	0.382953978270685
-1.79835097978106	0.382953978270685
-1.79835097978106	0.382953978270685
-1.79835097978106	0.382953978270685
0.152567656731362	0.0287430408348264
0.152289864541204	0.0287035071443224
-1.80197754639448	0.383903353697165
-2.577202278156	0.663064687208724
-1.79835097978106	0.382953978270685
-2.577202278156	0.663064687208724
-1.79827400712943	0.382942964938875
0.152567656731362	0.0287430408348264
-1.79835097978106	0.382953978270685
-1.79827400712943	0.382942964938875
-2.57747759965585	0.66335545132302
-1.79835097978106	0.382953978270685
-1.79827400712943	0.382942964938875
-1.79835097978106	0.382953978270685
-1.79835097978106	0.382953978270685
-0.627829060935039	0.153504607197422
-0.633409029549556	0.154789771896201
-0.629267545839357	0.153771215183604
-0.343877386805142	0.0989458655028747
-1.79835097978106	0.382953978270685
-0.632939126134277	0.15468454480873
-1.79835097978106	0.382953978270685
-1.79835097978106	0.382953978270685
1.95706969381346	0.441073865263096
-1.79835097978106	0.382953978270685
-2.57775304544287	0.66318910114962
-1.79835097978106	0.382953978270685
0.152289864541204	0.0287035071443224
-0.631960666018702	0.15447017218279
0.153526628680235	0.0288819285189665
-1.79835097978106	0.382953978270685
-1.79835097978106	0.382953978270685
0.152567656731362	0.0287430408348264
-2.57747759965585	0.66335545132302
-2.577202278156	0.663064687208724
-2.577202278156	0.663064687208724
-1.79827400712943	0.382942964938875
-1.79827400712943	0.382942964938875
-1.79835097978106	0.382953978270685
0.156485222075046	0.0396411457671424
1.95791760701363	0.441280139896969
0.15626975600377	0.0292821097759299
-1.79827400712943	0.382942964938875
-1.79827400712943	0.382942964938875
-1.79827400712943	0.382942964938875
-2.57747759965585	0.66335545132302
-1.79827400712943	0.382942964938875
-2.577202278156	0.663064687208724
-1.79827400712943	0.382942964938875
-1.79835097978106	0.382953978270685
0.152567656731362	0.0287430408348264
1.95706969381346	0.441073865263096
-1.79827400712943	0.382942964938875
1.96040941896093	0.441936123238363
-2.57747759965585	0.66335545132302
-1.79827400712943	0.382942964938875
-2.577202278156	0.663064687208724
-1.79827400712943	0.382942964938875
-1.79827400712943	0.382942964938875
-2.57775304544287	0.66318910114962
-2.57775304544287	0.66318910114962
-1.79827400712943	0.382942964938875
0.677197674373577	0.214945829616813
-1.79835097978106	0.382953978270685
-2.57747759965585	0.66335545132302
-1.79827400712943	0.382942964938875
-1.79827400712943	0.382942964938875
-3.45598446335482	1.23025555319821
0.152567656731362	0.0287430408348264
-1.79835097978106	0.382953978270685
-2.57775304544287	0.66318910114962
-1.79835097978106	0.382953978270685
-3.08652986879455	0.965774290031657
-1.79835097978106	0.382953978270685
-1.79835097978106	0.382953978270685
-1.79827400712943	0.382942964938875
-3.08209765998152	0.963916510480773
-3.08164138813046	0.963767470359232
-2.58120409692147	0.664991486920107
-1.79827400712943	0.382942964938875
-1.79835097978106	0.382953978270685
-1.79835097978106	0.382953978270685
-1.80197754639448	0.383903353697165
-1.80197754639448	0.383903353697165
-1.13910410688242	0.344899734416028
1.95706969381346	0.441073865263096
-3.08164138813046	0.963767470359232
-0.628807341949763	0.15371861128279
-1.79835097978106	0.382953978270685
0.153526628680235	0.0288819285189665
-1.79835097978106	0.382953978270685
-2.577202278156	0.663064687208724
-2.577202278156	0.663064687208724
-1.79827400712943	0.382942964938875
-1.79835097978106	0.382953978270685
-1.79835097978106	0.382953978270685
-2.57747759965585	0.66335545132302
-2.577202278156	0.663064687208724
-1.79827400712943	0.382942964938875
-1.79835097978106	0.382953978270685
-2.57747759965585	0.66335545132302
-2.577202278156	0.663064687208724
-1.79835097978106	0.382953978270685
-3.08164138813046	0.963767470359232
-1.79835097978106	0.382953978270685
-1.79835097978106	0.382953978270685
0.152567656731362	0.0287430408348264
-1.79827400712943	0.382942964938875
-1.79835097978106	0.382953978270685
-1.79835097978106	0.382953978270685
-1.14009620739235	0.345227889980206
-1.79827400712943	0.382942964938875
-1.79827400712943	0.382942964938875
-1.79827400712943	0.382942964938875
-2.57747759965585	0.66335545132302
-1.79827400712943	0.382942964938875
-1.79835097978106	0.382953978270685
-1.79827400712943	0.382942964938875
-1.79835097978106	0.382953978270685
-1.80197754639448	0.383903353697165
-1.79835097978106	0.382953978270685
-2.58524212677275	0.666574749875287
0.152289864541204	0.0287035071443224
0.156485222075046	0.0396411457671424
-2.57747759965585	0.66335545132302
-1.79827400712943	0.382942964938875
-1.79827400712943	0.382942964938875
-1.79835097978106	0.382953978270685
-2.5814875372856	0.665060440379843
-1.13251140472747	0.342543902947619
2.75349844687128	0.768381126605175
-1.79835097978106	0.382953978270685
-1.79827400712943	0.382942964938875
1.95706969381346	0.441073865263096
-0.631960666018702	0.15447017218279
-2.577202278156	0.663064687208724
-1.79835097978106	0.382953978270685
0.950862031539505	0.252628333014658
0.152567656731362	0.0287430408348264
-0.628807341949763	0.15371861128279
0.153526628680235	0.0288819285189665
-1.79827400712943	0.382942964938875
-2.577202278156	0.663064687208724
-1.13521969998424	0.343544374381215
-1.79827400712943	0.382942964938875
-1.1355628376793	0.343674610704711
-1.79835097978106	0.382953978270685
-1.80197754639448	0.383903353697165
-1.79827400712943	0.382942964938875
0.153247518839476	0.0288421886814327
1.96040941896093	0.441936123238363
1.95706969381346	0.441073865263096
-0.625500335572602	0.152962089117453
0.152289864541204	0.0287035071443224
-2.5814875372856	0.665060440379843
-1.79827400712943	0.382942964938875
-1.51330481624892	0.539630991333106
-1.79827400712943	0.382942964938875
-0.628807341949763	0.15371861128279
-1.79827400712943	0.382942964938875
-1.79835097978106	0.382953978270685
-1.79835097978106	0.382953978270685
-1.79835097978106	0.382953978270685
0.153247518839476	0.0288421886814327
-1.79827400712943	0.382942964938875
-0.628807341949763	0.15371861128279
-0.631960666018702	0.15447017218279
-1.79835097978106	0.382953978270685
-0.629636196854164	0.153977935518255
-1.79835097978106	0.382953978270685
-1.80197754639448	0.383903353697165
-1.79827400712943	0.382942964938875
-1.79835097978106	0.382953978270685
-1.79835097978106	0.382953978270685
-0.628347365301396	0.153568930486371
-2.5814875372856	0.665060440379843
-1.79827400712943	0.382942964938875
-1.79835097978106	0.382953978270685
-1.79827400712943	0.382942964938875
-1.79827400712943	0.382942964938875
-1.79827400712943	0.382942964938875
-1.79827400712943	0.382942964938875
-1.79835097978106	0.382953978270685
0.153526628680235	0.0288819285189665
-2.57775304544287	0.66318910114962
-1.79835097978106	0.382953978270685
2.75446121880292	0.769079402442662
-1.79827400712943	0.382942964938875
-1.79827400712943	0.382942964938875
-1.79835097978106	0.382953978270685
-2.57775304544287	0.66318910114962
1.95791760701363	0.441280139896969
-1.79827400712943	0.382942964938875
-1.79835097978106	0.382953978270685
-2.58120409692147	0.664991486920107
-1.80197754639448	0.383903353697165
-1.79827400712943	0.382942964938875
-3.08209765998152	0.963916510480773
-1.79835097978106	0.382953978270685
-1.79827400712943	0.382942964938875
-0.629267545839357	0.153771215183604
-1.79835097978106	0.382953978270685
-3.08164138813046	0.963767470359232
-1.79835097978106	0.382953978270685
-1.79827400712943	0.382942964938875
-1.79827400712943	0.382942964938875
-0.628807341949763	0.15371861128279
-1.79835097978106	0.382953978270685
-1.80197754639448	0.383903353697165
-1.79827400712943	0.382942964938875
-1.79827400712943	0.382942964938875
-1.79827400712943	0.382942964938875
-1.51494963266618	0.540305848955056
-1.79835097978106	0.382953978270685
-2.57775304544287	0.66318910114962
0.94904571537762	0.252100131683616
-1.79827400712943	0.382942964938875
-1.79827400712943	0.382942964938875
-1.79835097978106	0.382953978270685
-1.79827400712943	0.382942964938875
-1.79835097978106	0.382953978270685
-1.79835097978106	0.382953978270685
-1.79827400712943	0.382942964938875
-2.58120409692147	0.664991486920107
-1.79827400712943	0.382942964938875
1.95706969381346	0.441073865263096
-1.79827400712943	0.382942964938875
-1.13910410688242	0.344899734416028
-1.80197754639448	0.383903353697165
0.153526628680235	0.0288819285189665
-1.79827400712943	0.382942964938875
0.153247518839476	0.0288421886814327
-2.5814875372856	0.665060440379843
-1.79835097978106	0.382953978270685
-1.79827400712943	0.382942964938875
-1.80197754639448	0.383903353697165
-2.57747759965585	0.66335545132302
-1.79835097978106	0.382953978270685
0.152289864541204	0.0287035071443224
-1.79827400712943	0.382942964938875
-2.5814875372856	0.665060440379843
-2.58120409692147	0.664991486920107
-1.79827400712943	0.382942964938875
-1.79827400712943	0.382942964938875
-1.79827400712943	0.382942964938875
-1.79827400712943	0.382942964938875
-1.79827400712943	0.382942964938875
-1.79827400712943	0.382942964938875
-1.79835097978106	0.382953978270685
-2.57775304544287	0.66318910114962
-1.79827400712943	0.382942964938875
-1.79835097978106	0.382953978270685
-2.58120409692147	0.664991486920107
-2.57747759965585	0.66335545132302
-1.79835097978106	0.382953978270685
-1.79835097978106	0.382953978270685
-1.79835097978106	0.382953978270685
-1.79827400712943	0.382942964938875
-1.79835097978106	0.382953978270685
-1.79835097978106	0.382953978270685
-1.79827400712943	0.382942964938875
-1.79835097978106	0.382953978270685
-1.79835097978106	0.382953978270685
0.153526628680235	0.0288819285189665
-1.79827400712943	0.382942964938875
-0.633409029549556	0.154789771896201
-2.577202278156	0.663064687208724
-2.5814875372856	0.665060440379843
-1.79835097978106	0.382953978270685
-3.08209765998152	0.963916510480773
-1.79827400712943	0.382942964938875
-0.628347365301396	0.153568930486371
-1.79827400712943	0.382942964938875
-1.79835097978106	0.382953978270685
-3.46476574581887	1.23479767067539
-1.79827400712943	0.382942964938875
-2.57747759965585	0.66335545132302
-2.57775304544287	0.66318910114962
-1.79835097978106	0.382953978270685
-2.57747759965585	0.66335545132302
-1.79827400712943	0.382942964938875
-2.57775304544287	0.66318910114962
-2.57747759965585	0.66335545132302
-0.627829060935039	0.153504607197422
-0.627367542213354	0.153354696036073
0.152567656731362	0.0287430408348264
-1.79835097978106	0.382953978270685
-1.79827400712943	0.382942964938875
-1.79835097978106	0.382953978270685
-1.80197754639448	0.383903353697165
-1.79827400712943	0.382942964938875
-1.79827400712943	0.382942964938875
-1.79827400712943	0.382942964938875
-1.79827400712943	0.382942964938875
-1.79827400712943	0.382942964938875
-1.79827400712943	0.382942964938875
-1.51494963266618	0.540305848955056
-1.79827400712943	0.382942964938875
-1.79835097978106	0.382953978270685
-1.80197754639448	0.383903353697165
-2.57747759965585	0.66335545132302
-1.79835097978106	0.382953978270685
-2.577202278156	0.663064687208724
-2.577202278156	0.663064687208724
-1.51754153600569	0.541527764023226
-2.57775304544287	0.66318910114962
-1.79827400712943	0.382942964938875
-0.628347365301396	0.153568930486371
-2.57747759965585	0.66335545132302
-3.08118534013847	0.963229045953577
-3.08652986879455	0.965774290031657
-1.79835097978106	0.382953978270685
-1.79835097978106	0.382953978270685
-2.57747759965585	0.66335545132302
-2.58524212677275	0.666574749875287
-1.79835097978106	0.382953978270685
-1.79827400712943	0.382942964938875
-0.627367542213354	0.153354696036073
-1.79835097978106	0.382953978270685
-2.57775304544287	0.66318910114962
-1.79835097978106	0.382953978270685
-1.80197754639448	0.383903353697165
-1.79835097978106	0.382953978270685
-2.57747759965585	0.66335545132302
-1.13849388307931	0.344614401149477
-1.79827400712943	0.382942964938875
-2.5814875372856	0.665060440379843
-1.79827400712943	0.382942964938875
-1.13190405565215	0.342469779892572
-1.79835097978106	0.382953978270685
-1.01866173967953	0.403351708479081
-0.720404519989633	0.247290988830991
-1.79827400712943	0.382942964938875
-1.80197754639448	0.383903353697165
-1.79835097978106	0.382953978270685
-1.80197754639448	0.383903353697165
-1.79827400712943	0.382942964938875
-1.79835097978106	0.382953978270685
-1.79835097978106	0.382953978270685
-1.13422470394875	0.343215945535417
-1.79827400712943	0.382942964938875
-1.79835097978106	0.382953978270685
-3.45538437102149	1.2298802093729
-1.79827400712943	0.382942964938875
-3.08118534013847	0.963229045953577
0.169606362252511	0.0425824743634164
-3.09052621849641	0.967478563051375
-1.79835097978106	0.382953978270685
-1.13948670365002	0.344942610687521
-1.79835097978106	0.382953978270685
-1.79827400712943	0.382942964938875
-2.58120409692147	0.664991486920107
-2.5814875372856	0.665060440379843
0.15626975600377	0.0292821097759299
-3.76832145708393	1.4947928920331
-1.14009620739235	0.345227889980206
-1.79835097978106	0.382953978270685
-2.577202278156	0.663064687208724
-1.79827400712943	0.382942964938875
-3.08209765998152	0.963916510480773
-3.08606373064433	0.965887782759055
-0.342235478378113	0.0984932623692754
-2.57775304544287	0.66318910114962
-0.62503342749082	0.152907838403333
-1.79827400712943	0.382942964938875
-1.79827400712943	0.382942964938875
-2.58120409692147	0.664991486920107
-1.79827400712943	0.382942964938875
1.95791760701363	0.441280139896969
-2.577202278156	0.663064687208724
-1.79827400712943	0.382942964938875
-1.79835097978106	0.382953978270685
-3.08209765998152	0.963916510480773
-1.13362027945245	0.342902172857624
-0.628807341949763	0.15371861128279
-1.79835097978106	0.382953978270685
-1.80197754639448	0.383903353697165
-1.79827400712943	0.382942964938875
0.152567656731362	0.0287430408348264
-1.79835097978106	0.382953978270685
-1.79827400712943	0.382942964938875
-2.57747759965585	0.66335545132302
-1.79835097978106	0.382953978270685
-1.79835097978106	0.382953978270685
-1.79827400712943	0.382942964938875
-2.57775304544287	0.66318910114962
-3.75466048479637	1.48723142869904
1.96040941896093	0.441936123238363
-1.79827400712943	0.382942964938875
-2.57747759965585	0.66335545132302
-2.57747759965585	0.66335545132302
-1.80197754639448	0.383903353697165
0.152567656731362	0.0287430408348264
-1.80197754639448	0.383903353697165
-1.79835097978106	0.382953978270685
-1.79827400712943	0.382942964938875
-1.79827400712943	0.382942964938875
-1.79835097978106	0.382953978270685
-2.5814875372856	0.665060440379843
-1.79827400712943	0.382942964938875
1.96040941896093	0.441936123238363
-1.79827400712943	0.382942964938875
-1.79827400712943	0.382942964938875
-2.57747759965585	0.66335545132302
-1.79827400712943	0.382942964938875
-1.79827400712943	0.382942964938875
-1.79827400712943	0.382942964938875
-2.57747759965585	0.66335545132302
-1.79827400712943	0.382942964938875
-1.13849388307931	0.344614401149477
1.95706969381346	0.441073865263096
-1.79835097978106	0.382953978270685
-1.79827400712943	0.382942964938875
0.153526628680235	0.0288819285189665
-2.57775304544287	0.66318910114962
-1.79827400712943	0.382942964938875
0.153526628680235	0.0288819285189665
-1.79835097978106	0.382953978270685
-1.79835097978106	0.382953978270685
-1.79835097978106	0.382953978270685
-0.631960666018702	0.15447017218279
-1.79827400712943	0.382942964938875
-0.627367542213354	0.153354696036073
-1.79835097978106	0.382953978270685
-1.79827400712943	0.382942964938875
-3.08606373064433	0.965887782759055
-0.62503342749082	0.152907838403333
-1.79835097978106	0.382953978270685
-2.57747759965585	0.66335545132302
-0.628807341949763	0.15371861128279
-1.79827400712943	0.382942964938875
-1.79835097978106	0.382953978270685
-1.79827400712943	0.382942964938875
-1.79835097978106	0.382953978270685
-1.80197754639448	0.383903353697165
-0.346820783252297	0.0997890928773071
-1.79827400712943	0.382942964938875
-2.57747759965585	0.66335545132302
-1.79827400712943	0.382942964938875
-2.5814875372856	0.665060440379843
-1.79835097978106	0.382953978270685
-1.79835097978106	0.382953978270685
-2.57747759965585	0.66335545132302
-1.79827400712943	0.382942964938875
-1.14009620739235	0.345227889980206
1.95706969381346	0.441073865263096
-1.79835097978106	0.382953978270685
-1.79835097978106	0.382953978270685
-1.79835097978106	0.382953978270685
-1.79827400712943	0.382942964938875
-1.79827400712943	0.382942964938875
-1.81433874778204	0.739366153614294
-0.72990744568965	0.250762320843378
-1.02937273979507	0.408458457605582
-0.343557529393447	0.098858556674811
-3.08209765998152	0.963916510480773
-2.5814875372856	0.665060440379843
-1.79827400712943	0.382942964938875
-1.79827400712943	0.382942964938875
-3.08209765998152	0.963916510480773
-2.5814875372856	0.665060440379843
-2.57747759965585	0.66335545132302
-2.57747759965585	0.66335545132302
-1.79835097978106	0.382953978270685
2.75446121880292	0.769079402442662
-2.57747759965585	0.66335545132302
-2.57775304544287	0.66318910114962
-3.08559782341753	0.965445184573826
-2.58120409692147	0.664991486920107
-1.79827400712943	0.382942964938875
-1.79827400712943	0.382942964938875
-1.79835097978106	0.382953978270685
-2.5814875372856	0.665060440379843
-1.79827400712943	0.382942964938875
-1.79835097978106	0.382953978270685
-1.79835097978106	0.382953978270685
-1.13521969998424	0.343544374381215
-1.79835097978106	0.382953978270685
-1.79835097978106	0.382953978270685
-1.13642797594247	0.343807560451606
-1.79827400712943	0.382942964938875
1.95706969381346	0.441073865263096
1.95706969381346	0.441073865263096
-2.57775304544287	0.66318910114962
-1.79827400712943	0.382942964938875
-1.80197754639448	0.383903353697165
-1.79827400712943	0.382942964938875
-1.79827400712943	0.382942964938875
-1.79827400712943	0.382942964938875
-1.79827400712943	0.382942964938875
-1.79827400712943	0.382942964938875
-1.13521969998424	0.343544374381215
-1.79827400712943	0.382942964938875
-3.08559782341753	0.965445184573826
-2.57747759965585	0.66335545132302
-0.629267545839357	0.153771215183604
-1.79835097978106	0.382953978270685
-2.57775304544287	0.66318910114962
-2.57747759965585	0.66335545132302
-1.79835097978106	0.382953978270685
-1.79827400712943	0.382942964938875
-1.79827400712943	0.382942964938875
-1.79827400712943	0.382942964938875
-2.57747759965585	0.66335545132302
-3.08255415585823	0.963691003677911
-1.79835097978106	0.382953978270685
-2.57775304544287	0.66318910114962
-1.79835097978106	0.382953978270685
-2.577202278156	0.663064687208724
-1.79827400712943	0.382942964938875
-1.79827400712943	0.382942964938875
-1.79835097978106	0.382953978270685
-1.79827400712943	0.382942964938875
-2.577202278156	0.663064687208724
-2.57747759965585	0.66335545132302
-2.57775304544287	0.66318910114962
-1.79835097978106	0.382953978270685
-1.79827400712943	0.382942964938875
-1.79827400712943	0.382942964938875
-1.79835097978106	0.382953978270685
-2.57747759965585	0.66335545132302
0.165690756490165	0.0416910272978735
-3.08164138813046	0.963767470359232
-1.79835097978106	0.382953978270685
-1.79827400712943	0.382942964938875
-1.13582369620544	0.343734699942405
-1.79827400712943	0.382942964938875
0.153247518839476	0.0288421886814327
-1.79827400712943	0.382942964938875
-2.57775304544287	0.66318910114962
-2.57747759965585	0.66335545132302
-0.627829060935039	0.153504607197422
0.153247518839476	0.0288421886814327
-1.79827400712943	0.382942964938875
-1.79835097978106	0.382953978270685
0.166691919569473	0.0419536988970269
-1.79827400712943	0.382942964938875
-1.79835097978106	0.382953978270685
-2.577202278156	0.663064687208724
-3.08559782341753	0.965445184573826
-2.577202278156	0.663064687208724
-1.79827400712943	0.382942964938875
0.15626975600377	0.0292821097759299
-2.57747759965585	0.66335545132302
-1.79835097978106	0.382953978270685
-1.79827400712943	0.382942964938875
-1.79835097978106	0.382953978270685
-1.79835097978106	0.382953978270685
-0.632432130022522	0.154575713959717
-1.79827400712943	0.382942964938875
-2.57747759965585	0.66335545132302
-1.79827400712943	0.382942964938875
-1.79835097978106	0.382953978270685
1.95706969381346	0.441073865263096
0.152567656731362	0.0287430408348264
-1.79835097978106	0.382953978270685
-2.57747759965585	0.66335545132302
-1.80197754639448	0.383903353697165
-1.13642797594247	0.343807560451606
-1.79835097978106	0.382953978270685
-1.79827400712943	0.382942964938875
-1.79827400712943	0.382942964938875
-1.80197754639448	0.383903353697165
-3.08164138813046	0.963767470359232
-1.79835097978106	0.382953978270685
-1.79827400712943	0.382942964938875
-1.79827400712943	0.382942964938875
-1.79827400712943	0.382942964938875
-2.06597116964629	0.94088510772594
-1.79835097978106	0.382953978270685
-1.80197754639448	0.383903353697165
-1.79827400712943	0.382942964938875
-2.57747759965585	0.66335545132302
-1.80197754639448	0.383903353697165
0.15626975600377	0.0292821097759299
0.16707117146508	0.0420080923591852
-1.79827400712943	0.382942964938875
-1.79835097978106	0.382953978270685
-1.80197754639448	0.383903353697165
-1.79827400712943	0.382942964938875
-2.57747759965585	0.66335545132302
-2.577202278156	0.663064687208724
-1.79835097978106	0.382953978270685
-1.79827400712943	0.382942964938875
-1.79835097978106	0.382953978270685
-1.79827400712943	0.382942964938875
-1.79835097978106	0.382953978270685
-1.79835097978106	0.382953978270685
-1.79835097978106	0.382953978270685
-1.79835097978106	0.382953978270685
-3.08209765998152	0.963916510480773
-2.57775304544287	0.66318910114962
0.947560352748164	0.251716891447637
-1.79835097978106	0.382953978270685
-1.79835097978106	0.382953978270685
-1.79835097978106	0.382953978270685
-1.80197754639448	0.383903353697165
-1.51494963266618	0.540305848955056
-1.80197754639448	0.383903353697165
-1.79827400712943	0.382942964938875
-1.79835097978106	0.382953978270685
-1.79835097978106	0.382953978270685
-1.79827400712943	0.382942964938875
-1.79827400712943	0.382942964938875
-2.577202278156	0.663064687208724
-1.79827400712943	0.382942964938875
-1.79835097978106	0.382953978270685
-1.79827400712943	0.382942964938875
-2.57775304544287	0.66318910114962
-2.57775304544287	0.66318910114962
-2.57747759965585	0.66335545132302
-1.79827400712943	0.382942964938875
-1.79835097978106	0.382953978270685
0.153247518839476	0.0288421886814327
0.152289864541204	0.0287035071443224
-0.627829060935039	0.153504607197422
-1.79827400712943	0.382942964938875
-1.79835097978106	0.382953978270685
-1.79835097978106	0.382953978270685
0.149464413960118	0.0283283450696208
-1.79835097978106	0.382953978270685
-2.577202278156	0.663064687208724
-2.57747759965585	0.66335545132302
-1.79827400712943	0.382942964938875
-3.08209765998152	0.963916510480773
-1.79827400712943	0.382942964938875
-1.79835097978106	0.382953978270685
1.95706969381346	0.441073865263096
-1.79835097978106	0.382953978270685
0.153247518839476	0.0288421886814327
-1.79835097978106	0.382953978270685
-1.79827400712943	0.382942964938875
-1.79835097978106	0.382953978270685
-2.57747759965585	0.66335545132302
-2.58120409692147	0.664991486920107
-1.80197754639448	0.383903353697165
-1.79835097978106	0.382953978270685
-1.79827400712943	0.382942964938875
-3.45478455762682	1.22912473266304
-1.79835097978106	0.382953978270685
-2.57747759965585	0.66335545132302
-1.79827400712943	0.382942964938875
-3.08606373064433	0.965887782759055
-2.57747759965585	0.66335545132302
-1.79835097978106	0.382953978270685
-0.632432130022522	0.154575713959717
-1.79835097978106	0.382953978270685
-1.79835097978106	0.382953978270685
1.95791760701363	0.441280139896969
-2.57747759965585	0.66335545132302
-1.79827400712943	0.382942964938875
-2.57747759965585	0.66335545132302
-1.79827400712943	0.382942964938875
-1.14500748998934	0.34676210015847
-1.79827400712943	0.382942964938875
-1.79835097978106	0.382953978270685
-2.57775304544287	0.66318910114962
-1.79827400712943	0.382942964938875
-1.79835097978106	0.382953978270685
-1.13422470394875	0.343215945535417
-1.79827400712943	0.382942964938875
-1.80197754639448	0.383903353697165
-2.577202278156	0.663064687208724
-1.79827400712943	0.382942964938875
-1.79835097978106	0.382953978270685
-2.57775304544287	0.66318910114962
-1.79835097978106	0.382953978270685
-2.57747759965585	0.66335545132302
-1.79835097978106	0.382953978270685
-1.79835097978106	0.382953978270685
1.95791760701363	0.441280139896969
-1.79835097978106	0.382953978270685
-1.79827400712943	0.382942964938875
-1.79827400712943	0.382942964938875
-1.79835097978106	0.382953978270685
-1.79827400712943	0.382942964938875
-1.79827400712943	0.382942964938875
-1.79827400712943	0.382942964938875
-3.08652986879455	0.965774290031657
-1.79827400712943	0.382942964938875
-2.57775304544287	0.66318910114962
0.153247518839476	0.0288421886814327
-1.79827400712943	0.382942964938875
-1.79827400712943	0.382942964938875
-2.577202278156	0.663064687208724
-0.633409029549556	0.154789771896201
0.152289864541204	0.0287035071443224
-1.79827400712943	0.382942964938875
-2.57747759965585	0.66335545132302
-1.79835097978106	0.382953978270685
-1.80197754639448	0.383903353697165
-1.79835097978106	0.382953978270685
-1.79827400712943	0.382942964938875
-2.577202278156	0.663064687208724
-2.577202278156	0.663064687208724
-1.79827400712943	0.382942964938875
-1.79835097978106	0.382953978270685
-1.79827400712943	0.382942964938875
-1.13642797594247	0.343807560451606
-1.13543440488342	0.343479590196383
-2.57775304544287	0.66318910114962
-1.79835097978106	0.382953978270685
0.153247518839476	0.0288421886814327
-1.79827400712943	0.382942964938875
-2.57775304544287	0.66318910114962
-1.79827400712943	0.382942964938875
-1.79827400712943	0.382942964938875
-1.79827400712943	0.382942964938875
-1.79827400712943	0.382942964938875
-1.79827400712943	0.382942964938875
-1.79827400712943	0.382942964938875
-1.79835097978106	0.382953978270685
-1.79827400712943	0.382942964938875
-1.79827400712943	0.382942964938875
-1.79835097978106	0.382953978270685
0.148503149870495	0.0281892610504199
-1.79835097978106	0.382953978270685
-1.79835097978106	0.382953978270685
-1.79835097978106	0.382953978270685
-1.79827400712943	0.382942964938875
-1.80197754639448	0.383903353697165
1.95791760701363	0.441280139896969
-1.79827400712943	0.382942964938875
-1.79827400712943	0.382942964938875
-2.57747759965585	0.66335545132302
1.95791760701363	0.441280139896969
-2.577202278156	0.663064687208724
0.152289864541204	0.0287035071443224
0.153247518839476	0.0288421886814327
-2.57747759965585	0.66335545132302
-1.79835097978106	0.382953978270685
-3.08164138813046	0.963767470359232
-1.79835097978106	0.382953978270685
-1.79835097978106	0.382953978270685
-1.79827400712943	0.382942964938875
-2.577202278156	0.663064687208724
0.153247518839476	0.0288421886814327
1.95706969381346	0.441073865263096
-1.79827400712943	0.382942964938875
-2.57747759965585	0.66335545132302
-1.79827400712943	0.382942964938875
-2.577202278156	0.663064687208724
-1.79827400712943	0.382942964938875
-1.79835097978106	0.382953978270685
-0.628807341949763	0.15371861128279
-1.79835097978106	0.382953978270685
-1.79835097978106	0.382953978270685
-1.79827400712943	0.382942964938875
-1.79835097978106	0.382953978270685
-1.79835097978106	0.382953978270685
-1.79835097978106	0.382953978270685
-1.79835097978106	0.382953978270685
-1.79827400712943	0.382942964938875
-1.13362027945245	0.342902172857624
0.152567656731362	0.0287430408348264
-0.628347365301396	0.153568930486371
-1.79835097978106	0.382953978270685
-3.45538437102149	1.2298802093729
-1.79835097978106	0.382953978270685
-0.627829060935039	0.153504607197422
0.155986207086685	0.0292416787556187
1.95791760701363	0.441280139896969
-1.13482941234436	0.34340642829894
-0.721072169669292	0.247553433626533
-1.79835097978106	0.382953978270685
-3.08209765998152	0.963916510480773
-1.79827400712943	0.382942964938875
-2.57775304544287	0.66318910114962
-1.79835097978106	0.382953978270685
3.26252567397545	1.12093560535381
-1.79835097978106	0.382953978270685
-1.79827400712943	0.382942964938875
-1.79827400712943	0.382942964938875
-1.79835097978106	0.382953978270685
-1.79827400712943	0.382942964938875
1.95791760701363	0.441280139896969
-1.79827400712943	0.382942964938875
-0.628807341949763	0.15371861128279
-1.79827400712943	0.382942964938875
-1.79827400712943	0.382942964938875
-1.79827400712943	0.382942964938875
-0.628807341949763	0.15371861128279
-1.79835097978106	0.382953978270685
-1.79835097978106	0.382953978270685
0.152567656731362	0.0287430408348264
-1.79835097978106	0.382953978270685
-1.80197754639448	0.383903353697165
-1.79827400712943	0.382942964938875
-2.577202278156	0.663064687208724
-1.79835097978106	0.382953978270685
-0.343557529393447	0.098858556674811
-1.79827400712943	0.382942964938875
-1.79827400712943	0.382942964938875
-1.79835097978106	0.382953978270685
-1.79835097978106	0.382953978270685
-1.79827400712943	0.382942964938875
-1.79835097978106	0.382953978270685
-3.08164138813046	0.963767470359232
0.153247518839476	0.0288421886814327
-1.79827400712943	0.382942964938875
-1.79827400712943	0.382942964938875
-3.08209765998152	0.963916510480773
-2.577202278156	0.663064687208724
0.153526628680235	0.0288819285189665
0.152567656731362	0.0287430408348264
0.153247518839476	0.0288421886814327
-1.79835097978106	0.382953978270685
0.152289864541204	0.0287035071443224
-1.79835097978106	0.382953978270685
-1.79835097978106	0.382953978270685
-2.57747759965585	0.66335545132302
-1.80197754639448	0.383903353697165
-2.57775304544287	0.66318910114962
-1.79835097978106	0.382953978270685
1.95791760701363	0.441280139896969
1.95791760701363	0.441280139896969
-1.79835097978106	0.382953978270685
-2.57775304544287	0.66318910114962
-1.79835097978106	0.382953978270685
2.75722496636877	0.770257049482932
-3.08652986879455	0.965774290031657
-1.79835097978106	0.382953978270685
-1.79827400712943	0.382942964938875
1.96040941896093	0.441936123238363
-1.79835097978106	0.382953978270685
-1.79835097978106	0.382953978270685
-1.79835097978106	0.382953978270685
-2.577202278156	0.663064687208724
-1.81776116330611	0.741198338740062
0.152567656731362	0.0287430408348264
-1.79827400712943	0.382942964938875
-2.577202278156	0.663064687208724
-1.79835097978106	0.382953978270685
-1.79835097978106	0.382953978270685
0.153247518839476	0.0288421886814327
-2.57747759965585	0.66335545132302
-1.79835097978106	0.382953978270685
-2.5814875372856	0.665060440379843
-3.45718548577975	1.23020251223423
-1.79835097978106	0.382953978270685
-1.79827400712943	0.382942964938875
-1.79827400712943	0.382942964938875
-1.79827400712943	0.382942964938875
-1.79835097978106	0.382953978270685
-2.58120409692147	0.664991486920107
-2.577202278156	0.663064687208724
1.96040941896093	0.441936123238363
-1.79835097978106	0.382953978270685
1.95791760701363	0.441280139896969
-1.13521969998424	0.343544374381215
0.152567656731362	0.0287430408348264
-1.79827400712943	0.382942964938875
-3.08606373064433	0.965887782759055
-3.08118534013847	0.963229045953577
0.153526628680235	0.0288819285189665
-0.629267545839357	0.153771215183604
-2.577202278156	0.663064687208724
-1.80197754639448	0.383903353697165
-1.80197754639448	0.383903353697165
0.165704597093625	0.0417255219351786
-1.79827400712943	0.382942964938875
-3.76352019154601	1.49252369844564
-1.79827400712943	0.382942964938875
-0.629267545839357	0.153771215183604
-3.46476574581887	1.23479767067539
-1.79827400712943	0.382942964938875
-0.628347365301396	0.153568930486371
-3.76483600367473	1.49283486890462
-3.08255415585823	0.963691003677911
-0.627829060935039	0.153504607197422
-2.57775304544287	0.66318910114962
-1.80197754639448	0.383903353697165
-1.79827400712943	0.382942964938875
-1.79827400712943	0.382942964938875
-2.57775304544287	0.66318910114962
-1.79835097978106	0.382953978270685
-0.628807341949763	0.15371861128279
-1.79827400712943	0.382942964938875
-1.80197754639448	0.383903353697165
-1.79835097978106	0.382953978270685
-1.79835097978106	0.382953978270685
-3.76286277261367	1.49170098784756
-3.45945271347814	1.2319108744944
-1.79835097978106	0.382953978270685
0.15746741605397	0.0398665556302216
0.951331866170054	0.252756684317784
-1.13461598703551	0.343230613786831
-1.79835097978106	0.382953978270685
-1.79827400712943	0.382942964938875
-1.79835097978106	0.382953978270685
-3.08606373064433	0.965887782759055
-1.79835097978106	0.382953978270685
-2.57747759965585	0.66335545132302
-1.79835097978106	0.382953978270685
-1.79827400712943	0.382942964938875
0.94807088907188	0.251931335472786
-1.79827400712943	0.382942964938875
-0.721740116381346	0.247779502726497
-1.79827400712943	0.382942964938875
-1.79835097978106	0.382953978270685
-1.79835097978106	0.382953978270685
-1.13482941234436	0.34340642829894
-1.79827400712943	0.382942964938875
-2.57747759965585	0.66335545132302
-2.57747759965585	0.66335545132302
-3.08209765998152	0.963916510480773
-1.79835097978106	0.382953978270685
-2.57775304544287	0.66318910114962
-1.79827400712943	0.382942964938875
-1.79827400712943	0.382942964938875
-3.45598446335482	1.23025555319821
0.948535538575274	0.252058145640786
0.153526628680235	0.0288819285189665
-0.633409029549556	0.154789771896201
-2.5814875372856	0.665060440379843
1.95706969381346	0.441073865263096
-1.79835097978106	0.382953978270685
1.95791760701363	0.441280139896969
-1.79835097978106	0.382953978270685
1.45415502686182	0.482281800899209
1.95791760701363	0.441280139896969
-2.577202278156	0.663064687208724
-2.57775304544287	0.66318910114962
0.949511917528176	0.252227362219882
-0.632432130022522	0.154575713959717
-1.79835097978106	0.382953978270685
1.95791760701363	0.441280139896969
-2.57747759965585	0.66335545132302
-0.627829060935039	0.153504607197422
-1.79827400712943	0.382942964938875
-1.79835097978106	0.382953978270685
1.95791760701363	0.441280139896969
-3.08209765998152	0.963916510480773
-1.80197754639448	0.383903353697165
-1.79835097978106	0.382953978270685
-1.79827400712943	0.382942964938875
-1.79835097978106	0.382953978270685
-2.57775304544287	0.66318910114962
-1.79827400712943	0.382942964938875
-1.51330481624892	0.539630991333106
1.45674006944678	0.483086167228603
-3.08652986879455	0.965774290031657
-1.13482941234436	0.34340642829894
0.152567656731362	0.0287430408348264
-1.79827400712943	0.382942964938875
-3.08606373064433	0.965887782759055
-1.79835097978106	0.382953978270685
-1.79827400712943	0.382942964938875
-0.628347365301396	0.153568930486371
0.155986207086685	0.0292416787556187
-1.79835097978106	0.382953978270685
-1.79835097978106	0.382953978270685
1.95706969381346	0.441073865263096
-0.6282908079904	0.153557595992093
-1.79835097978106	0.382953978270685
-1.79835097978106	0.382953978270685
-1.79827400712943	0.382942964938875
-1.79827400712943	0.382942964938875
-2.57747759965585	0.66335545132302
-1.13521969998424	0.343544374381215
1.95706969381346	0.441073865263096
-2.577202278156	0.663064687208724
-1.79835097978106	0.382953978270685
0.94807088907188	0.251931335472786
-1.79835097978106	0.382953978270685
-1.79835097978106	0.382953978270685
-1.79827400712943	0.382942964938875
-1.80197754639448	0.383903353697165
-1.79835097978106	0.382953978270685
-1.79835097978106	0.382953978270685
-1.79827400712943	0.382942964938875
-1.79827400712943	0.382942964938875
-1.79835097978106	0.382953978270685
-1.79835097978106	0.382953978270685
-1.79835097978106	0.382953978270685
-1.79827400712943	0.382942964938875
-2.5814875372856	0.665060440379843
-1.79827400712943	0.382942964938875
-1.80197754639448	0.383903353697165
-1.79835097978106	0.382953978270685
-1.79827400712943	0.382942964938875
-3.08209765998152	0.963916510480773
-1.79827400712943	0.382942964938875
-1.79835097978106	0.382953978270685
-1.79827400712943	0.382942964938875
-1.79835097978106	0.382953978270685
-1.79835097978106	0.382953978270685
-1.79827400712943	0.382942964938875
-1.79827400712943	0.382942964938875
-2.57775304544287	0.66318910114962
-1.79827400712943	0.382942964938875
-1.13910410688242	0.344899734416028
-1.79835097978106	0.382953978270685
-1.79835097978106	0.382953978270685
-1.79835097978106	0.382953978270685
-1.79835097978106	0.382953978270685
1.95791760701363	0.441280139896969
-2.57775304544287	0.66318910114962
-1.79835097978106	0.382953978270685
-1.79827400712943	0.382942964938875
2.7554263517449	0.769222911089782
-1.79827400712943	0.382942964938875
-1.79827400712943	0.382942964938875
-1.79827400712943	0.382942964938875
-1.79835097978106	0.382953978270685
-1.79835097978106	0.382953978270685
-1.79835097978106	0.382953978270685
-2.57775304544287	0.66318910114962
-1.79835097978106	0.382953978270685
-2.57775304544287	0.66318910114962
-2.57747759965585	0.66335545132302
-1.79827400712943	0.382942964938875
-1.79827400712943	0.382942964938875
-2.57747759965585	0.66335545132302
-1.79835097978106	0.382953978270685
-2.58120409692147	0.664991486920107
-2.577202278156	0.663064687208724
-3.45598446335482	1.23025555319821
-3.08209765998152	0.963916510480773
-2.58120409692147	0.664991486920107
-2.57747759965585	0.66335545132302
-3.08164138813046	0.963767470359232
-1.79827400712943	0.382942964938875
-1.79835097978106	0.382953978270685
-2.57747759965585	0.66335545132302
-1.79827400712943	0.382942964938875
-1.79835097978106	0.382953978270685
-0.629267545839357	0.153771215183604
0.148503149870495	0.0281892610504199
-2.57747759965585	0.66335545132302
-2.58120409692147	0.664991486920107
-0.6282908079904	0.153557595992093
-1.79835097978106	0.382953978270685
-0.627829060935039	0.153504607197422
-1.79827400712943	0.382942964938875
-1.80197754639448	0.383903353697165
-1.79835097978106	0.382953978270685
-1.79827400712943	0.382942964938875
-1.79835097978106	0.382953978270685
-1.79827400712943	0.382942964938875
-3.08255415585823	0.963691003677911
-0.628807341949763	0.15371861128279
-1.80197754639448	0.383903353697165
-2.57775304544287	0.66318910114962
-2.57747759965585	0.66335545132302
-1.79835097978106	0.382953978270685
-2.57775304544287	0.66318910114962
-1.79835097978106	0.382953978270685
-1.79827400712943	0.382942964938875
-1.79835097978106	0.382953978270685
1.95706969381346	0.441073865263096
-1.79827400712943	0.382942964938875
0.153526628680235	0.0288819285189665
-1.79827400712943	0.382942964938875
-2.57747759965585	0.66335545132302
-1.79827400712943	0.382942964938875
-2.57775304544287	0.66318910114962
-2.57747759965585	0.66335545132302
-1.79835097978106	0.382953978270685
-1.79835097978106	0.382953978270685
0.152567656731362	0.0287430408348264
-1.79827400712943	0.382942964938875
-2.57775304544287	0.66318910114962
-2.57747759965585	0.66335545132302
-1.79827400712943	0.382942964938875
-2.58120409692147	0.664991486920107
-1.79835097978106	0.382953978270685
-1.79835097978106	0.382953978270685
1.95706969381346	0.441073865263096
-1.51395570496283	0.539857861420258
-1.79835097978106	0.382953978270685
-2.57747759965585	0.66335545132302
-3.08164138813046	0.963767470359232
-2.57775304544287	0.66318910114962
-1.79835097978106	0.382953978270685
0.169606362252511	0.0425824743634164
-1.79835097978106	0.382953978270685
-1.80197754639448	0.383903353697165
-1.79835097978106	0.382953978270685
-1.79827400712943	0.382942964938875
-1.79827400712943	0.382942964938875
-2.57747759965585	0.66335545132302
-2.57775304544287	0.66318910114962
