x	y
0.174206986221985	0.113784281592716
-0.0226487626504573	0.0106589440275709
0.311550204806479	0.237343261002577
-0.182195642197134	0.0977797391153247
0.513651089406802	0.328254612497362
-0.0665992722781923	0.0404173856333119
-1.24546886654619	1.16559193617064
-0.0522708398575307	0.0228284059721649
-2.77613036681022	3.40666181838171
-0.5511517653412	0.49758456515931
0.053168607605823	0.0311695570213716
0.182646327449471	0.113266500576871
0.00408054401784364	0.0021624205720592
-0.390795706342651	0.162769933701532
0.166183628880847	0.0807789551600692
-0.537965259938272	0.341379286760092
-1.13938844863969	0.989504671682317
-0.432911708801898	0.333505754107714
-0.0452140559061679	0.0281722729305298
-0.393310956715783	0.222706372837949
-0.179397730521804	0.096143736316558
-0.26557091816036	0.166467485152374
-0.571299030832813	0.416883772192824
-1.03392995949047	0.828162149783339
0.00450171398396481	0.00240630093540584
-0.379144763344221	0.260507712107988
-0.173039638464213	0.114791953796978
-0.486375486579875	0.2556360160526
-0.591920855086722	0.481156941723062
-0.00970576363026184	0.0063506482084253
0.524049912859398	0.454732880468952
1.46870679500817	0.921255367982226
-0.236284258682518	0.173876907493964
0.587910636411174	0.473061320822184
0.656018859990316	0.596833182563501
-0.172872791882138	0.131083243607158
0.199274156961352	0.155021555995427
1.1516439837716	1.18853994937983
-0.220451832597528	0.142934764423723
-0.480526516048083	0.251790682545327
-0.764919010559274	0.332363812937212
-0.485693907119966	0.254996416813219
-0.597536901231714	0.286060552279904
-1.6312724589065	1.67483376015871
0.695449557797359	0.609358067021542
-0.0699712327236969	0.0500886209788509
-0.184080251478441	0.140499129307485
-0.145583272809497	0.0990142296980065
-0.0063470210714512	0.00483391237183684
-0.641517323480776	0.696789899911014
0.565414188092325	0.582021816640481
0.482708651396445	0.331621218556738
-0.386692291612652	0.218469408760029
-0.100919957436251	0.0592953766002164
0.787695347202701	0.472841638759188
-0.489709682020871	0.367315387904771
0.720053371844195	0.477437369679223
-0.519750069619239	0.196813590651588
1.03919468846427	0.394181482456398
-1.82238092204565	1.665177227285
0.344299796500824	0.192840470409629
-0.235316991178568	0.11782559854698
1.01297596612127	0.837663563514061
1.54215541276904	1.33185358676186
-2.6281507992451	1.60809869560058
0.887798004116297	1.02562921637926
0.558796513103589	0.326381340543797
-0.305481767081862	0.140370361298482
-0.638088013183516	0.377513201362181
-0.39422368446274	0.223213634189805
0.953464076494627	0.648237286024067
0.120512622291604	0.0977850481343835
0.290311661281879	0.244995783747184
-0.679426054785808	0.538980100197529
-0.105661398335837	0.0621361046097166
-0.131132914888097	0.0739804003299631
0.907941184459732	0.49182850802905
-0.538132996164887	0.341253314728564
1.60116389334726	1.75064970017976
0.343970835851859	0.192838810656528
-0.39252362011783	0.221952279510834
0.516597433244639	0.330597627194531
-0.333670482091032	0.237065578499349
-0.437408386747423	0.435312054677953
-0.470243142900285	0.520761863186101
-0.92760770968116	1.3302493263941
0.365490120401807	0.341680658063363
0.185419520678964	0.12170246125341
-0.6451859594638	0.382382353459843
-0.537923473027321	0.341305364775366
-0.778463893787913	0.42331417860196
-0.394310251312115	0.223044907358156
1.39694108877873	1.0848805606483
-0.638088013183516	0.377513201362181
0.15777874630673	0.0765504215366685
0.907231293613751	0.490416804684964
-0.789891353185121	0.431302832766162
-0.13820927510853	0.049531032348743
-0.393618644167207	0.164134479050201
0.164080879782733	0.0556355639673763
0.15387406689438	0.0668409997633631
-0.674139701430234	0.473683847847014
-0.789425802076381	0.522931012531964
1.25084308439045	1.06280644819155
0.0101448014514437	0.00514143712384894
-0.884139015532361	0.817069244229171
1.6231661505598	1.14053951104428
-0.02062498623882	0.0178402193807741
-0.0207371939602214	0.0154870242339451
-0.777029556288786	1.12359371699612
0.00769911360773327	0.00397565440526202
0.0501244049607104	0.0293895124600808
0.0300281376073824	0.0165366198991338
0.318769716887161	0.207829574187779
-0.539607315730004	0.342643695669865
-1.13987961860991	0.989961347850335
-0.496730615947038	0.453687565558204
-0.158296826890563	0.122409767581012
0.197474723665452	0.181298169440242
0.0130674047863568	0.0121231756791587
-0.00305801208679061	0.00315628883147354
0.103440624513971	0.10141800598366
-0.213461183464072	0.138004294050779
-0.235774546872093	0.118072598709211
0.166525795986803	0.0891316578972452
-0.668560896376324	0.468808413220916
0.146785447285286	0.0637482016076067
0.611674863779204	0.321093920335273
1.78253902415145	0.997120275096832
0.154940913232783	0.0526445365469372
0.46078189765867	0.185677312490814
0.691587291218233	0.324028662662226
0.665076092013553	0.211028905087732
0.963580315769576	0.658627672225608
-0.600654917077171	0.288044191798673
0.159740930612616	0.0542077115299301
-0.09772151054981	0.057344057911135
-2.28264423080098	1.15455504777513
-0.0909812702661279	0.0361369320775598
0.666016857518754	0.47766543518139
0.402439831243901	0.182247027329972
1.78313772067122	0.99717631061441
0.282800849122228	0.267318399502946
-0.0977460496119732	0.0573876698721904
-0.146483613250347	0.0524206738570132
-0.953002981007158	0.586550178462771
-0.968699088905156	0.478293471358915
0.0339976481938497	0.0186702341694806
0.00388523297117054	0.0021035556486303
0.28000178693435	0.257233359566298
-0.176062841655754	0.148226301698262
-0.351776625576392	0.422757717053587
0.115357095634582	0.119778233060339
0.296526342557166	0.353946628089957
0.526817594162566	0.798370853368825
-0.117562376640221	0.0815587248651839
-0.882825506425096	0.815621240942958
-0.00961122414326983	0.00471877741049004
-1.60300934561386	1.2347411656453
-0.767170384130397	0.333689367521823
-0.344210615318698	0.0990368506115311
0.158481035961899	0.0538108848974011
1.45476541507032	0.482531337515686
0.824277470711663	0.347332139196946
1.0810712128236	0.525354637915021
-0.214527945453891	0.0692825908233493
-1.47919430383771	0.746880588483709
-0.793919348729852	0.527038285694661
-0.296672235896868	0.136049250063878
0.795130385312567	0.632384878105761
1.6220466633237	1.13718961478198
0.528037291229889	0.189817364251845
0.31618376174915	0.218902930964677
0.865912276794768	0.643436183635881
1.34619110731675	1.5937814188127
0.160979267099022	0.0698742509810596
0.345916558505986	0.193680799734023
-0.0862560785452541	0.0343133273002131
0.400107154369094	0.181202279701517
-1.4736397140165	1.02996634899868
0.347341497349241	0.194881617555347
-0.616820061454032	0.549808293665022
0.284678270604323	0.289864862977583
0.262873713056475	0.269286486760207
-0.428225033748573	0.706229109626131
0.1484651069048	0.169892758431433
0.0838637026898126	0.0834676405230462
-0.779777947386218	0.788337599463992
0.521675243658257	0.452022977345397
-1.22615707502534	0.929745635364938
0.967657014430984	0.661546581153582
0.335146865089654	0.204465293525385
-2.07257723304586	0.945362560628568
0.534018135349711	0.192121771213656
1.57377549348615	0.782794549831031
1.2813564481975	0.708529532768499
-0.224502239746456	0.0724314379048856
1.08851564938253	0.671026830322587
-0.148209690967839	0.0840064138088046
-1.47944103315894	0.74694551607986
-0.214952210282499	0.0694159656881339
0.406656184419747	0.184364125534212
-0.0617004743368475	0.0268426737957926
0.942957371619669	0.25056334066046
-1.09213636724628	0.749002702464139
-0.789392502988	0.430985664742253
-0.605396024026527	0.290743889424045
1.11125757493816	0.849048459370456
-0.683918708784033	0.543544350325975
0.0298773973645231	0.0253789163972643
0.0402532104546653	0.0350189348234647
0.226986636313864	0.293107720411726
-0.451370374753224	0.750001995209908
0.0224579505243357	0.0222444722313082
-0.783267180690348	0.672130394385194
-0.784583731584805	0.519012366936556
0.346003587100333	0.193967625807976
0.348518924411956	0.19541069761871
0.404581308845447	0.183300863345749
0.616979714194417	0.324572453780573
0.672433098173043	0.213363007143314
1.45558977271158	0.909098975470034
0.156654653991889	0.0601389991500927
0.66329984842651	0.475537784952895
0.452789098841775	0.182252095327819
0.157325865228828	0.0683164261652466
0.145774898369786	0.049640682793739
0.157150948993736	0.0469889516170941
-0.322508306419715	0.227922319581367
-1.7223458607485	1.45365774386447
0.147844537722775	0.0641111188095023
0.347182139800759	0.19452150901148
0.318120620952366	0.220496312695457
0.335146865089654	0.204465293525385
0.907161382304352	0.490786001725486
-1.13482941234436	0.34340642829894
0.0100916543785286	0.00511305834819469
0.370739044761954	0.188153153470951
0.484070654875881	0.33239067226995
-0.153703329327289	0.118603273635196
0.29184990036721	0.26260294825637
0.274220485039784	0.257724344755152
-0.329873351733239	0.414438445709562
-0.0913493285485501	0.100996423227424
-0.188604360330305	0.199162992705174
-0.670184826557972	0.470152549806798
-0.0121943226375184	0.00589074440919921
-0.887195704582337	0.737050454569578
-0.655352854088664	0.390069887096061
0.608521475239593	0.318936176747862
0.661774482266482	0.20985803406587
1.06501836014668	0.515705414017663
-0.175987268787307	0.0942498464666724
-0.0951400277367857	0.0377488919684873
0.686643055418411	0.321370073089044
0.612497339873765	0.321992619401076
-2.46814982199122	1.37497351307796
-0.772742328316775	0.336486446506698
-1.16305429075171	0.651431133105286
0.448143183675976	0.180297073220438
1.08787925637582	0.669354883170469
0.405850355187221	0.183959584200087
0.804487498696677	0.871643453734685
0.506920296077279	0.538572815759966
-0.0230967542025331	0.0108636239385662
-0.23439286476638	0.117310538108433
-0.298343890309942	0.136842583214664
-0.14309739822921	0.0971981591683542
0.204032065132822	0.164443407090736
0.812836283233118	1.07459544971242
0.169551139169314	0.205994496185997
0.141734136813626	0.128189642195725
0.209617862393249	0.203042701088392
0.148303010291311	0.0569611257683487
0.301728150930244	0.228782470441784
-0.988377845919717	0.885132491559082
-0.915141227909906	0.670498691314205
1.79859750057894	2.24668727276601
-0.770976372377171	0.335679683296314
1.78060782657177	0.995907700160902
0.605378246035281	0.317270854717483
-0.263267276657098	0.164857872304781
0.581382186155705	0.466302558973564
-0.595668068623513	0.285073594994575
-0.0596500354485578	0.0259664256287631
-1.09438859847994	0.750661226283419
0.447739096915898	0.180110865642504
0.796853437315584	0.633277887037823
0.363462949118287	0.183920808182735
0.291718721542387	0.25461825371754
-1.02050867103886	0.404356899215527
1.28163926039501	0.708022444085606
-0.0574333790978502	0.0250288442631081
0.318838962227003	0.208000111585459
0.0514107678470449	0.0388119227909247
-0.0468603498694954	0.0339691427491383
0.211219945960578	0.213295614748063
1.04455801006536	0.39678683304154
-0.788969344313591	0.522502129560834
0.801135746137702	0.483026797016329
1.26239394883111	0.881890584912593
0.153873216038463	0.0591052634937605
0.370261306551885	0.187904375545421
0.160367359817511	0.0615473476540119
-1.46007004046382	1.01505224400656
1.53876625855741	1.32856872084677
0.146579630095962	0.0563144293677533
0.857144395019987	0.90872980867038
0.16677286942928	0.0894050301136236
-0.725462519324565	0.249202983263282
1.37439290833277	1.28039236942214
0.775416214187429	0.865007609528464
0.572827296690783	0.570175617060862
0.81393969219349	1.24827029190317
0.317431660252215	0.336264188996239
0.299411703434221	0.23633634677476
0.401773026910248	0.331845676475799
0.930922306313677	0.816165482911135
-0.665005995803668	0.465812078956618
-0.237898192898887	0.11909949802352
0.871797486959631	0.649898201103559
0.154126411897657	0.0748044077706955
0.299766543349601	0.216878320525006
0.167970214318269	0.0900428534141424
0.868503188569317	0.799305652216355
0.727979310454514	0.484360247132847
0.550769558950424	0.321072562196907
0.661294876799404	0.602923644994989
0.552887389862254	0.462990099795583
0.692567481946864	0.606639911293223
1.69641388064517	1.98222781917188
1.63307790712866	2.10466340211578
0.87958901139492	1.4739322979271
0.578890713447398	0.843183870807911
0.918926310621455	1.14901593364987
0.123585327823327	0.0977944438118922
0.475248427155267	0.437053705402298
0.116227813168009	0.0861895287208242
0.323600404280181	0.196770776273705
0.00542252412699486	0.00281888136307994
1.49019996112238	1.51004819367489
0.930471348996956	0.815978409169289
1.45031227001585	1.65205919897225
0.693097130086414	0.724166312741367
0.190852364444455	0.15716517734108
0.0612117797066851	0.0489699446727321
0.345256156340954	0.3560200390678
0.448656128644937	0.525879829101162
0.287453006563252	0.257945973587111
0.302353916063553	0.229338462659887
-0.0697497156900013	0.0549651454309121
-0.086653348406946	0.0772233415427997
0.109693402489983	0.078423920889742
-0.394499634039818	0.39343029260816
-0.780428581367189	1.0860775325483
0.184110760215223	0.126610841831513
1.31361567872145	1.95020120582613
0.680254743502805	0.70561128106663
0.291982444963695	0.246718657360524
0.20771014453933	0.172941538196077
0.702187789197922	0.813559793128272
0.397265475485653	0.340778803813715
0.727104995777421	0.74014562348025
-0.0272344486632862	0.0173358329423957
0.294030351363508	0.248727506931679
0.584405733521509	0.754460260452397
0.31981125300172	0.208749029257611
0.602541599694806	0.585705357575959
-0.112457711903284	0.0777822406971656
0.801817862252389	0.867745048556749
0.427672628109215	0.342349916674187
0.193361070402247	0.139331368905569
0.772859674104975	0.86076143218708
-0.707587106286235	0.722659496817862
0.122711408834293	0.0970622806237216
0.192515764852076	0.132883885623154
0.385598971168941	0.341300760542074
0.45686979853597	0.446744188950177
-0.536270718521844	0.558329635537235
0.127421736791064	0.109131729395784
0.0139811633655707	0.00941200790643081
0.0852871185815146	0.0581569181934854
0.967669691482584	0.961984448073137
0.564019993987486	0.330397701962944
1.24263361868726	1.5077726726491
0.493711101828145	0.459280407068118
-0.428926655771438	0.456467669552059
0.192063696140237	0.143678744330601
0.211710345416282	0.191685456031097
0.510237542642769	0.325419185509209
0.628480761537489	0.481382210535906
-0.119236687779404	0.0827854091549568
-0.571065499888786	0.692854052155658
0.137814173525941	0.116046815628317
-0.0932263461615031	0.0888253205693796
-1.48531085051693	1.8808330206362
-0.190163076553179	0.145684007333912
0.209030801365037	0.168948266487838
0.72030082092183	0.730062870453991
0.408121259829186	0.352410234176236
0.61363740526919	0.686343709370831
0.81248169228496	0.776565218734317
1.82792138819967	0.716884894355695
0.809136060725971	0.647299675797441
0.288064274832087	0.258548464433553
0.036580738810688	0.0311911586470585
0.379515391026535	0.334468459774052
0.579079170086156	0.744794896237007
0.78006377368453	1.04580973826109
0.352094936674499	0.355506256241487
0.362881084331722	0.349203642259005
0.0350527696356974	0.0255180093956308
0.176059845648182	0.11505560846806
0.191008231651756	0.137442993674589
0.484946935037819	0.465734262611179
1.24523103751708	1.05641780396574
0.53313407482189	0.191800740808182
0.449327994515714	0.18086178012747
-0.0495763557562194	0.0359829661708815
0.210963819056785	0.181159878163265
0.470555566866711	0.448326939541343
0.791025839352676	1.06715653080732
0.291304077117225	0.2541987124954
-0.32669665688238	0.259473146019755
0.479474834025933	0.328696685037122
0.295113763366705	0.241284071156278
0.549741848453968	0.647911320649543
0.81289848616578	0.982838221462587
0.656533021123881	0.877298123619337
0.203754625102274	0.173972008164113
0.00534700790612257	0.00404625867376912
0.117319009071098	0.0870905633723632
0.281923259725642	0.259280607219902
2.35702502280744	1.1811593391682
-0.134640606334365	0.105374438870254
-0.028287435646309	0.02402275526589
0.500248669305679	0.545677336679023
-0.239322473500854	0.213996148334729
0.419034459305463	0.349371699934198
0.949984527531243	1.28047351306801
0.179806371879642	0.123378793590848
0.39817635467348	0.354897924781938
-0.0519038156965904	0.0323776155027351
0.138593460126589	0.116717233919442
0.63068442823579	0.924210874127903
0.425262441548441	0.545189104875955
-0.45648563570171	0.44509200326907
0.280925781444591	0.265259038766213
-0.0512018029821426	0.0414758643472481
0.265471947353365	0.278312268649646
0.297087672696185	0.224727059083463
0.423307393088102	0.338051980628798
0.612301334899799	0.684282836052356
0.196662171502082	0.141971478778277
-0.925384320712308	1.04466344430476
-0.929153686707923	1.05047689876384
-0.68082064485915	0.540281556992103
-0.936984119825873	0.989015998810184
-0.786961588278445	0.429105349763274
0.0259232616360773	0.0143195444114661
0.327757100296833	0.2145252114348
0.324134813089182	0.211926081443457
0.658402390449756	0.599261008197149
0.934008805236938	1.36223989634452
1.01148198539302	1.20944827863453
0.529932665540762	0.461173414562695
0.530856984301436	0.554215676677618
0.218301093479483	0.193524202184359
0.4173223816954	0.332244869861104
-0.0252351800985299	0.0188426248646437
0.207436595876889	0.167495744225915
-1.08509353381212	1.66929631160507
1.11993707922404	1.63398556248014
0.0335782338757877	0.0184432769966521
0.573379009783178	0.571134010454768
0.32687860021117	0.198908782875475
0.406255664140452	0.336404259647043
0.513540064147344	0.463749948806816
-0.325550185072035	0.23036710121151
1.54079581108145	1.32874412471659
0.169439111200723	0.098240387518939
0.553999837806063	0.322867441457051
0.158826104912647	0.0609548710779461
0.161376096176318	0.0783313031949474
0.0573831242958877	0.0336403321957792
1.06588896245279	1.13859763707725
0.452139361920884	0.327814040355598
0.522862559995985	0.453490457570805
0.325465010826181	0.226347049805668
0.311122375565722	0.214912886084316
0.500311283317276	0.448274305719338
0.660554323941457	0.602032862290918
0.897852351991658	0.918838824289976
0.135605411892653	0.116787202749663
-1.09021303201593	1.04957336947601
-0.181758708676987	0.0975311410509048
0.522782122002106	0.561127446904172
0.589627745600162	0.47476889675723
-0.232637278246419	0.170781399428436
0.100990408817565	0.0692754712560934
0.698582675795086	0.613823528399239
0.285551163724858	0.240282624246029
0.461041825360315	0.335614434950813
0.00991053778579969	0.00500089352781319
1.28107795691223	0.707905162126171
0.451291116989728	0.327086224969024
1.06848073867691	0.517570142270945
0.826691593943687	0.348371951413041
-0.0544799652702283	0.0237648388470658
-1.48322009253632	0.749647504548096
0.399021534051938	0.1806008034047
1.00609389033212	0.829740923774684
0.178079180120965	0.110314200062224
-0.32089747851191	0.192263651127608
0.164853488695066	0.0800985905088009
0.314361043393229	0.229081127219631
0.549945938739192	0.320250335090099
0.317709737331521	0.220166649688829
1.16627537625194	1.56004462398099
0.493976947614035	0.459460193166502
0.191875361122869	0.143489135058094
0.363788368191187	0.360467914141413
0.376209419986072	0.342568690390343
0.663018342401265	0.709767866045903
-0.494638315960742	0.371950032386333
0.308365729808363	0.244672079286806
0.0322595505343968	0.0177277634946553
1.10913589103176	0.84667495019509
-0.302493220962155	0.138977897549018
0.564049645459394	0.330250392691255
-0.129811151794279	0.0732211747871225
0.171079506816411	0.0992146037130292
1.24883518041621	0.868070786254197
1.1606872883989	1.44177475993102
-0.417367594279038	0.356914197163324
1.17085251981815	1.46128971913112
0.640699820961639	0.869903861851271
0.693551006111152	0.724897667482582
0.518370897111824	0.555008354929807
1.24214144795947	1.75429153861811
1.25997839683463	0.878701417728698
-0.597227914140396	0.486793052864324
-0.294176689756974	0.134909279758167
0.0434627057726968	0.0238066079742889
-0.0278542313181366	0.0177428528041583
0.355072007713752	0.199773586109834
0.55051279433798	0.460701117989125
0.0935543412780014	0.0639847899239104
0.633368592301775	0.692083737658426
1.08552634218573	0.667922638866142
-1.24118053998107	1.15922532386557
0.169774060280833	0.0910573255746612
0.176571635016682	0.102560470870134
-0.0636025985418589	0.0385690080377026
-0.0663616424378523	0.0474413680139767
0.171415637357531	0.09201847812725
0.700243705728726	0.328798949934782
0.749414629319256	0.630193687545991
1.4902243496177	1.51059936022309
0.184678707263555	0.121205897245133
1.09267262015175	0.673981135771002
-1.83204886089929	1.15300438025087
0.696290438108489	0.326449871502926
0.361348263964172	0.182688512900458
0.877118615440757	0.65474598905674
0.435012444428197	0.433506520728026
0.28427262254576	0.269121675275265
0.901111831558532	1.04807108854986
0.196727953062236	0.180334227497151
0.96578586243006	0.660358773188577
-0.0462732609928259	0.0288526571372763
0.806988904086681	0.972026969678324
0.800837900704458	0.76117275327914
0.180029777259734	0.128770370237078
-0.0920018748473113	0.0648334264871904
0.158553310337376	0.0770080320663128
0.321249840732556	0.20977552088932
-0.0237249711084599	0.0111266739020193
0.748161787345498	0.629014272539036
0.703513693922362	0.619089317304379
0.0382021082130086	0.020973459799803
0.756445431498329	0.638261150407808
1.28051647239539	0.707475934838674
0.693874539216471	0.324994197720051
-0.0196342581751671	0.0125383649854121
0.166045103498533	0.0888350753725163
0.415224645731384	0.33010823357148
-0.300102304078399	0.264547353168542
0.438484642535626	0.335430243919323
0.671467275565994	0.483198112119263
-0.321990850014349	0.227388238442767
0.484553563331134	0.333103678255208
0.390960551871837	0.346930089657347
1.82088681640191	0.71321423435862
1.67037042807534	1.58868779067208
0.343412815825292	0.192159964139061
0.632420843026748	0.596824238239444
0.80842800806375	0.771389466722456
-0.0793642077277877	0.0570207351950902
0.183405643921024	0.120327548098389
-0.13849516716097	0.0938851106773973
0.558127202492776	0.468921550047877
-0.678128344538032	0.537404196480825
0.36394359679766	0.184190494902548
0.367277342465135	0.354351167856559
0.605625867104572	0.589663678010737
1.129459991678	1.02296037853126
1.82693458968678	0.716159663486908
-0.235727184003839	0.117949419339429
0.145774898369786	0.049640682793739
4.39003358213436	2.29268228354723
1.09235247693314	0.673582198975332
-0.559237928478153	0.405510365927309
0.764665179578314	0.847523686556276
-0.0376029672791135	0.0277200725633892
0.305388693410318	0.2215903308612
-0.300790277991603	0.26527514943313
0.110157464576981	0.0814713249817034
0.705228774190711	0.621262811434409
0.590039080937297	0.475254325231636
0.824050985418665	0.34728411056886
0.527816689171872	0.189769137536265
0.446163909138925	0.179453323158192
1.04857925580033	0.398386002712382
0.665076092013553	0.211028905087732
0.323651496884746	0.2115094834442
0.158140112403217	0.0768021272435503
-0.0938650371972529	0.0372807124893222
-0.682540366332043	0.541928620651526
1.79325369845857	2.23583439661688
-0.433423971648975	0.334012656398875
-0.706969922346413	0.721791671796384
-0.153989148897128	0.105093086850181
-0.785595051162629	0.604101598850463
0.967819564538834	0.961576971023896
1.95706969381346	0.441073865263096
0.15951165226116	0.0541568637053404
-1.26948218769022	0.571244736976075
0.153526628680235	0.0288819285189665
1.0423751179533	0.395795368074734
1.33574672553373	0.585522147283433
0.166691919569473	0.0419536988970269
-0.293679205737824	0.134582543401126
-0.0235448027307039	0.0110697697688649
0.0304449712088592	0.0167371830942628
-0.181489501024499	0.120852197649098
-0.134644705378008	0.0760399445458702
-0.975544352524693	0.962905712836957
1.07786167186031	1.60125542023547
-0.387425536673035	0.26708420217822
-0.321846613405827	0.254897233530823
0.143625078577811	0.130084731289653
1.45477753319069	0.482433279925562
1.03885735309594	0.393970506106912
0.154813591090059	0.05261311136075
0.157147186807237	0.0533533788628426
0.947560352748164	0.251716891447637
0.871093904820928	0.648874226080323
-0.138800921990177	0.0497365758407977
0.94807088907188	0.251931335472786
0.898474450821611	0.484706597995679
0.161598530636796	0.0548314464506357
0.672149570011855	0.483046990103734
-0.180387980999241	0.0967558714452042
0.458270376699028	0.33338699172761
0.0981727816189104	0.0672679555612522
-0.611969649366557	0.544069519454944
1.04284342924913	0.993841423088806
0.187472569852181	0.134667878469645
0.209030801365037	0.168948266487838
0.574835791747962	0.45943209726733
1.31618734090899	1.82346804505634
1.77766813777988	1.39690672640153
0.439852771298718	0.336497470282479
3.31719388461975	2.97794230442821
1.09049394605058	0.672561572868798
2.7554263517449	0.769222911089782
0.169606362252511	0.0425824743634164
2.75349844687128	0.768381126605175
1.79133019348859	1.00470725113814
0.947560352748164	0.251716891447637
0.951331866170054	0.252756684317784
0.533566787823661	0.191896078067119
1.45905685415805	0.484042330916112
3.27031605756575	1.12407130242984
1.95791760701363	0.441280139896969
0.531621230373981	0.191134591695011
0.393743889767899	0.177900411801674
-0.602813021545142	0.289058407246944
0.0953151577085589	0.0652497246426509
0.624293728303877	0.587204116959548
0.20533092285189	0.180371712019139
-0.0246406624941908	0.0156866054760545
-0.657894553471257	0.721445317046427
-0.221551268702065	0.187216086027659
-0.460610542684	0.386988599420018
0.217266986921733	0.181939879570637
0.708007408000106	0.923421218921852
0.522835016190744	0.561376383872946
0.508536142574771	0.540970234809258
0.459975440666372	0.450922339321367
0.395484975853465	0.352072862485319
0.35055529417346	0.334485081502558
1.06501836014668	0.515705414017663
-1.79835097978106	0.382953978270685
2.75722496636877	0.770257049482932
0.534676685393129	0.192377474764699
-0.235641371179314	0.117804482436439
-0.143629596355123	0.0513929708746564
-1.51688545813115	0.541086496398081
0.167679655711552	0.042156489933972
0.404053080970234	0.183058046780863
1.57789827485225	0.786479757755199
0.692146891506566	0.324338706437818
-0.228643194380166	0.114274943768971
-0.342569521377039	0.0986187132378211
0.802246096752655	0.639821845887319
0.792151452076236	0.47549147984919
-0.491003715280789	0.25845027245793
-0.462856006354561	0.389278081523973
-0.252398461725675	0.205512128508782
0.211941474117183	0.187113717848764
0.45686979853597	0.446744188950177
0.940202261381436	1.06312728383447
-0.577776196828767	0.595218782138379
0.610726189662936	0.596194448854255
0.472623469400393	0.450865328587448
0.292398968267073	0.22989689927005
0.845586016100942	0.99931681947535
1.1638585941049	1.44846973389746
-0.142207514098902	0.0509041851864348
0.161415729852303	0.0407561524608698
0.167198319746772	0.0498030771043432
-1.28400839515751	0.579618134855598
0.951331866170054	0.252756684317784
0.166084152255821	0.0418055330790301
1.03543214514454	0.39263444657528
0.808027937211275	1.06506561008306
0.660856254883608	0.602396965184286
0.671757152081342	0.483095356558351
0.658642756027983	0.470968521096786
0.949511917528176	0.252227362219882
-1.81397805176756	0.738866279680876
-0.604624046603821	0.2901142271608
0.0308626880571492	0.0169718579627759
0.978696877082153	1.20705105862416
0.312165607747707	0.227202655998667
0.31804582408881	0.220386071873207
0.200682581290147	0.166366940103014
0.350259526074476	0.353345621333293
-0.105671236751601	0.0621532621787726
-1.02313033163359	1.14704500714853
0.276806906141575	0.246593952032153
0.542474977930156	0.570550844093351
0.600937862170733	0.763903152111358
0.865173264601703	0.794653818556003
0.2958660379171	0.266740472342961
0.293951845714148	0.256857911503401
0.632012604361863	0.690153560352306
-0.0356388646173111	0.026244142339127
1.04011085600791	0.990565972948526
0.166528409127177	0.0496297620210776
0.161809663243855	0.0483223326687324
0.675067592191977	0.214306398275368
0.67196229909328	0.213260403734251
0.450737378927577	0.181443994317372
1.0454798173394	0.397182748534993
0.151706424698603	0.0582782084805056
0.157402307591701	0.047080036463379
0.807594242232576	0.972657269276987
0.317516249121201	0.206964349932203
0.284416553728349	0.239157745081853
0.29750497974544	0.252245843214418
0.466617403759504	0.459044297524394
0.446773291358093	0.179740153870941
-0.216240213481686	0.0698575300582443
0.802751305168595	0.484268514651752
0.694006346122311	0.608224471818358
-0.56783180795396	0.41369072383436
0.0814330012953949	0.0531347730781342
0.170667758729779	0.0914690870596306
0.0366695084276475	0.0258034542590161
0.364564255884056	0.340202823623651
0.47076124873607	0.448570845791593
-0.530993641294401	0.335743115410033
0.105204346382225	0.0776194394481236
0.533716774020126	0.465443551229584
0.655763341916789	0.59637143611783
0.427544671792774	0.342210407678823
-0.204606903258266	0.153230474201743
-0.51898247235854	0.429185074275452
0.292866167887019	0.220914074305256
0.428420728717174	0.325952803780927
0.967257045758266	0.661019720423043
-0.0956678615367183	0.0379637063348422
0.16707117146508	0.0420080923591852
4.87267823990113	3.2266700660528
-0.143488279773468	0.0513893878408863
2.12066304185672	0.951843841296293
0.671881384901177	0.615961735021911
1.54507819705658	1.87872762991732
1.08572033373223	0.667154383365364
0.157402307591701	0.047080036463379
-0.327471624604368	0.231976705944216
-0.138628985182428	0.09397880029482
-0.102401877405177	0.0724822915447849
-0.373886881185462	0.292537962122602
0.406330313492314	0.350555986631363
0.789670277576945	1.06472592756077
-0.0413825809459436	0.0299532451260728
0.37061212972519	0.347363050562216
0.382607609394666	0.350050686357999
-0.0164756677890689	0.0138107427861469
0.49447583687032	0.460079796563158
0.477227574962862	0.456506929977735
0.209860112752459	0.194397992297527
-0.912213799618505	1.09066326791788
0.324576802008308	0.368348724849416
0.00212681618087533	0.00161044435263286
1.08661857773821	1.27591699797679
0.0266664413238129	0.021636553510484
0.201653355835575	0.162250136747754
0.841144484013747	1.09144017763051
2.17879824087634	2.92685042353803
1.535728479162	1.32279377269615
1.78754440751999	1.00117129342832
0.156715609608497	0.0601129076408027
1.82725871051587	0.716521694707993
4.1746344671534	2.01122655937702
0.873284673587837	0.65070462042872
0.545485141696858	0.317404851158688
1.33347669524784	0.58444008385038
1.0423751179533	0.395795368074734
0.184217122424895	0.120883881578777
-1.18218918877153	1.21500871519724
-0.0153898149267952	0.00986182645401547
-0.153193640139411	0.104518892939162
-1.02417859017386	1.33588141059942
-1.01305588463033	1.13022851209215
0.208118166664433	0.178388976999726
0.108624967210258	0.0802746764267308
0.715370635120405	1.0708941984464
0.148788510274408	0.132309037174931
-0.598579624710079	0.657025938695061
0.12044678355055	0.0977286756183799
0.301475695468228	0.238296828670161
0.364061865419284	0.360628888560335
-0.230176594650543	0.190442116540091
0.721209836742861	0.732003249214361
-0.616941002191487	0.549853230963251
0.529675024396837	0.461059887967283
0.843804406040379	1.0955220587028
1.54597138501621	1.33752730073481
-0.628807341949763	0.15371861128279
0.536938645245252	0.193260647952111
1.08721459555147	0.669192762759663
0.593788916789954	0.678164452283213
0.0180288534895966	0.0127232389059363
0.664640260735497	0.476678953381056
0.380739026595585	0.193658304935669
0.489086871026926	0.336771162747167
1.54300225125739	1.33462133105763
0.719546305043686	0.476139667818469
1.09908823463506	1.39800352022053
1.6652239079915	1.58051402539884
2.75135171759094	1.68972422686941
-1.27584202508144	0.575040012393624
0.336260077048947	0.205515679431394
0.0339976481938497	0.0186702341694806
0.358025434121507	0.201425299671119
-0.588864892589046	0.477726431156718
-0.46124560701788	0.387832520642734
0.578893922524026	0.578448264407786
0.214197576655125	0.179044483911484
0.488546208462077	0.336192955832384
0.443198649279947	0.339657155462952
-1.13048453130875	1.25025955892638
-0.177383488170467	0.11795252881675
0.58096934562077	0.46589218012892
0.527589751144178	0.458715909683989
0.128254154953019	0.104593704851123
0.831288475242027	1.0720552218928
0.291686915780055	0.237979493540438
0.170660760690069	0.098991813180187
0.297150929414127	0.260171932199536
0.583947840353873	0.468975253218051
0.15672984402438	0.0468820705997684
0.492513035786984	0.457777489344799
0.201920037691073	0.162516498587539
0.10902874484241	0.0831029378316579
0.186485211943817	0.115882604880859
0.511086229718722	0.326283275010671
1.2455514208551	1.22694255144709
0.186663344807959	0.122568037409424
0.485040837660988	0.333629994953676
0.336440769863326	0.205679528279933
0.664398924354529	0.476723228910989
1.78510447544976	0.999170872706422
-1.21601262044608	0.917222651664629
0.154655461312734	0.0670486035118301
-1.27795641856358	0.576376992350555
0.405850355187221	0.183959584200087
-1.0903437593453	0.746222088144572
-0.490242437789731	0.367894010334274
0.861221500205334	0.789300027153518
-0.288345172908072	0.23219504357494
-0.192197863574109	0.147385427066663
0.489057532417731	0.545387957127442
0.690519773686806	0.822816815887452
0.804673085458977	0.872583187273692
0.355824229012188	0.360345323908298
0.0326435131879537	0.0229361987506497
0.0679134645926822	0.042190660592434
0.539148607857496	0.648770322533201
0.315530664121356	0.218454622823251
0.934503623105901	1.36253565444835
0.509503450484149	0.45895078449499
0.501064370718978	0.467894428223136
0.160803134128977	0.0406203249121647
0.206431866349503	0.161208982361826
0.403994549452408	0.334035069353012
0.176618180495597	0.102578682058396
0.325396577947695	0.212623525641685
0.425435094455878	0.340184632081092
0.160161947453016	0.0857404601973886
0.182499902341444	0.113199576799467
0.452194808076912	0.327903066514515
1.16897247671999	1.45761377653964
0.158190693432971	0.0767810416612377
1.08870502684017	0.670131150210119
-1.32962361008748	0.835593808323819
1.56948311029755	0.780431302838239
-0.946412562731098	0.580963702674417
0.122526338994372	0.0911952154689462
0.47908915323575	0.328393780411624
1.04330910322304	0.994579771626544
-0.37813765784446	0.356542885247621
-0.335138899194483	0.238339734536105
0.0372153654594796	0.0261931354172306
-0.279475927144078	0.223682160382583
-0.224803524032098	0.146046831107421
0.392407819535138	0.348762814718048
1.48021478796312	2.11571010719014
0.194787083993325	0.140468849985151
0.188980601015994	0.130275109358915
0.580941628242564	0.678744420224921
0.296372032170916	0.233611455991709
-0.373233004468318	0.350829149226759
0.466359563966768	0.45893641684484
0.364459045301277	0.351074409885834
0.307372443471582	0.223280908015688
0.442725810204733	0.339378731020784
0.458646966283334	0.184803420537629
-0.147668894003962	0.0528350865223225
1.82480922054022	0.715302875396814
1.33256431775739	0.583502904586863
1.31233156922006	1.81447781048215
0.756028061992655	0.74266201260648
-1.33665308743773	1.7096856226049
0.183290198157323	0.113782512565738
-0.213829620740027	0.138227808600847
1.77900303235448	1.39815290720014
-0.516933647184975	0.195517224842632
1.14930513807119	1.18505862168101
0.352502101075143	0.198158938604119
-0.479268524893574	0.251065664790282
1.8282452886897	0.717007372542503
-1.27605282856675	0.575459260120326
-0.444940560115943	0.295004684616285
0.1537082575307	0.0745879536188091
0.40286820362739	0.332948141870023
0.30620887285271	0.242680091586403
-0.322409214218084	0.22787572471577
0.0248433555516706	0.0174530252433943
0.776023834950842	0.954076607703296
-0.706062978584143	0.764899231561992
0.407398639558519	0.337555003353866
-0.0853332567285971	0.0599827989228539
0.780454532467767	0.962048954733586
0.850315709251298	1.1085518102711
0.875813647982744	1.11553938707193
-0.044260928683396	0.032690912685988
0.0805715935729231	0.066749924350544
0.278486940551766	0.248341427225076
0.573864950437336	0.667204840915555
0.184380483545297	0.132252447659937
0.626234361122226	0.681448731155011
0.430398102590974	0.327847523003583
1.36659159975977	1.2688385435332
-0.209836069462463	0.0678117289314428
2.11313421055997	0.946956802472286
0.635601491989882	0.780742148057033
0.303826422964869	0.240286653670805
-2.11090453833751	1.61888649808538
0.630631005667565	0.594947655952004
0.414106458684206	0.34426010049629
0.202792980050639	0.158043150565376
0.518510023722361	0.331733885877225
1.0323963377842	1.24668931836516
0.199922081733448	0.150169321964696
-0.891750165456281	0.742199841583511
0.393786252705245	0.178080406701321
-0.51849312861348	0.19623662262084
-0.600166078004423	0.287430036059165
1.00299061629038	0.825769821011212
0.0875033140671242	0.0572606853153395
0.0910869221536213	0.0810526166162084
-0.422490709126791	0.447541588955915
0.0881341986366051	0.0766959007131283
0.265085206308169	0.266152545862816
-0.775661951044333	0.887139099444279
-0.0719637514228839	0.0515667893386254
-0.0429764026747654	0.0317181236814834
0.469934775353149	0.545433121617777
0.420309628735718	0.440317413033075
0.282994110301681	0.274540286232218
0.266830931695119	0.274129864584746
-0.5580481564043	0.617478809394498
0.529017376384754	0.648689801036871
0.291699385046969	0.229239461206973
-0.367576411811866	0.286563816808723
-0.4267250022249	0.421791472445563
0.285596849590195	0.240351914020344
0.665063390649263	0.806559184509891
0.0394371034633733	0.021632368311582
-0.0872277540572108	0.061373403631013
0.315367309887257	0.205420145610737
0.801671346466719	0.866934931458632
1.04430377856912	0.396424318995768
1.95706969381346	0.441073865263096
0.833305179544	0.351716155875279
1.57935466927394	0.787257527339487
0.718554433497184	0.840071091200402
0.287202401067755	0.265035796304126
0.137842235422029	0.116045584149655
0.476531538690021	0.45562974217142
0.296650795901702	0.242813670647631
0.588411427745212	0.473369786624402
0.0447627174450644	0.0245364935116405
0.664834926845448	0.477044452580265
1.13091779220404	1.02580625630784
0.350929947820693	0.197300215889465
0.721744083834232	0.478994621755707
0.799105579837163	0.636723247292886
0.954333318142883	0.649369916957374
0.503426184459662	0.452123602783151
1.24917454448724	1.38332169301577
1.0272166025426	1.23749063147444
0.552303294885532	0.46264740198879
0.558392024997134	0.326071966892043
0.160781018809002	0.0781813720193217
0.695722631440896	0.326214617137118
0.155172296687638	0.0527212354131156
0.304488392861279	0.22077586618063
1.08791894996659	1.27864760193558
-0.277976177151121	0.201028440557473
0.20683965176182	0.166984687095305
0.0969885587395125	0.0664176875379796
0.391857314776244	0.348128055320583
0.149941220178936	0.133448936855457
0.471886647342608	0.449975166087252
-0.473951245797003	0.467341604968547
-0.585124491197254	0.605563725347923
-0.263686118297676	0.233466764314667
0.131084473911845	0.107103294924628
-0.364318449656498	0.365978440963101
0.103509354825369	0.0737884454026454
0.574559750116859	0.668663298931443
0.428246807464567	0.45086117567503
0.958764639303738	0.653552200765887
0.686470280124101	0.714730554245646
-0.0179426930553544	0.0114944605069817
0.300931108602414	0.227958893887783
0.185575598880073	0.121846352883155
0.848338010986219	1.0040663503832
0.358298681698965	0.181204111642349
-1.13582369620544	0.343734699942405
0.170597157616308	0.0428000407476464
2.75539336455147	1.69362245795394
1.07246466651492	0.52025153016617
0.669826712236336	0.212585182521199
0.537822771634915	0.193597818709898
0.281831675803285	0.259157079088799
0.391665125773452	0.347956370519032
0.733257421370954	0.832783237202953
0.175175790917764	0.101787957489731
0.376357986161696	0.191150293127588
-0.772660619160965	0.721304662608043
0.696940048143357	0.611229353757651
1.27613148005181	0.704271437338661
-0.534761956798686	0.338727873214474
0.551277917229155	0.321262397038854
1.55149148933149	1.89132587094222
1.39299945067659	2.03258334286435
1.18060419625982	1.47905514331269
0.62397812928493	0.47694948365416
-0.773806387783781	0.337215513784167
2.35612711546572	1.18052339383798
-0.229865529702432	0.0741190271724158
1.83137413625852	0.718303982282656
0.0633530672065996	0.0494627581494185
0.192756699283006	0.138878963981599
0.187174101120142	0.128902932659165
0.0760011134182983	0.065579007172468
0.28913828653813	0.24394053478688
-0.03904684390223	0.0243512453117
0.377612491135691	0.355633646278496
0.55993903654543	0.664620561455724
0.736515268178525	0.837633099030862
-0.211131629271497	0.177281006977089
0.445951311837694	0.447657669243945
-0.481467248214876	0.477094083640864
0.293409593889579	0.2308312812826
0.122958931776127	0.0999153630301811
0.316472408142236	0.230875508310707
0.466156923241707	0.34031071350993
-0.313518317467057	0.187427436640172
-1.26809374318489	1.54821534912194
0.185199988400908	0.11494812074137
-0.151357735220451	0.0541400230435956
0.161415729852303	0.0407561524608698
0.15626975600377	0.0292821097759299
0.677859553614299	0.215095503371154
1.33835717675948	0.587087104209911
1.3345487412554	0.585101958973942
1.78438430035481	0.998059148948647
2.57433453852274	1.43428036821692
2.74337608772858	1.68031778052679
-0.148494010120486	0.0531167923480848
0.677197674373577	0.214945829616813
0.0247502915216764	0.0173707640816934
0.190170825810684	0.131136276638565
0.554402382225081	0.323148775393944
0.362452711609041	0.183533036983738
0.0105216385565579	0.005323264743765
0.453836105419353	0.329429448308991
-0.175551110155063	0.0939883652137798
0.176400542531851	0.102370655235466
0.308346391400379	0.22416533795824
0.178079180120965	0.110314200062224
0.195175944227575	0.140788272952232
1.25445953438177	1.24031217250311
0.699350711037673	0.614148053622785
-0.120979549909009	0.08405474123562
0.62028473767521	0.326541309286444
-0.230880058782199	0.115428119637752
1.04455801006536	0.39678683304154
1.45415502686182	0.482281800899209
1.46711188297243	0.919639888728219
0.0863247922810349	0.0588534926122661
0.00627642071338379	0.00432562632379466
0.969455017124398	0.963916607862198
-0.297752122676335	0.241038326729598
0.918375070674525	1.14903791669321
0.731891697537349	0.746736895885793
0.312149551246717	0.215612652132823
0.388372527064876	0.344366197317729
0.174029499763313	0.0935070875481519
0.0443539065349693	0.0260602229116157
0.527984517172459	0.459173619553107
1.96040941896093	0.441936123238363
-0.720404519989633	0.247290988830991
0.161787544386438	0.0408470066516523
0.157771079018536	0.0605593318935867
0.540321571114426	0.194486652256984
-1.27116604563861	0.572193864598171
1.04765717830274	0.397896603571229
1.45086090685868	0.481039409485759
0.157466035566067	0.0534763086680417
0.955131306752333	0.25366825133602
0.997843582855704	1.60074354959325
1.38760012660359	2.02088706667647
0.664092368597726	0.606253772176464
1.16796799918767	1.45537279706999
-0.11983155295438	0.0831972225840979
0.968901617167856	0.963602402392575
-0.665715703077375	0.466018110823998
1.25997839683463	0.878701417728698
0.319672636649855	0.208520381340611
0.740442834411628	0.620476713076852
0.388591981145364	0.356387841127658
-0.093178947853811	0.0657448902209388
-0.0436405218290592	0.0322236468044317
0.214721284126117	0.179548007636266
0.744207181395583	0.624395606013258
1.57498008824982	0.784057241786079
0.663154333513537	0.475306965281958
0.647214209573311	0.686284514879018
-0.149868434262268	0.126909864240889
0.813175247731097	1.16303605536548
-0.455897824783168	0.42191513736827
0.208219678090759	0.197145114739139
0.544468534772373	0.657189289833488
0.20877025809978	0.183920060679053
0.273818093749645	0.270342852101339
0.187172732227482	0.123018938138315
0.299636004768142	0.226850795651157
0.951331866170054	0.252756684317784
0.673092310209553	0.213658316206257
-0.782139742540157	0.425534940731382
-3.45598446335482	1.23025555319821
-1.13948670365002	0.344942610687521
-1.02404152856389	0.405928813773254
-1.13582369620544	0.343734699942405
-1.13543440488342	0.343479590196383
1.95791760701363	0.441280139896969
0.657464988487972	0.701585453414367
-0.379564590338308	0.260899279657228
0.397684912257592	0.179746510974072
0.796419609381476	0.633710811225489
-0.64471154492681	0.382530832770468
0.727437056982584	0.483916111997231
0.695714707687147	0.610280854995133
2.0442535581543	2.99414388660113
0.326977911845989	0.214156545583028
-1.1680272627165	1.19289412541013
0.613008660747081	0.322012749294605
0.563863678222598	0.579804178892893
0.206284253665701	0.176582721196959
0.920648175281512	0.803827783988395
-1.05465644419304	1.49853861912641
0.201694563080765	0.162226598791122
0.492194038929567	0.457483065082303
0.35265250481058	0.337031288986382
0.182646327449471	0.113266500576871
0.162216055669742	0.0484111379512858
0.532908190209257	0.191706726261354
-2.06245951802953	0.938660446621569
-0.946889989913596	0.581362335769429
1.45612824040965	0.482835979244752
-1.2724223749879	0.572901819199514
0.536086315752826	0.192788543916306
1.33681578405904	0.586406825513233
3.26252567397545	1.12093560535381
0.536280565569087	0.193004774479639
0.962688058824999	0.657432978811245
2.41010397609179	2.0637941694803
0.0127585820732007	0.00640401637655271
-0.057761678672929	0.0251649991286964
1.40596422031555	1.09534560183528
-0.659640363725491	0.46093409995749
0.548123527173282	0.319144656762855
1.60244022220285	1.75296929124573
0.717255980525025	0.726327036812854
0.322809369099585	0.210941536028968
0.0443078399251878	0.0323359057918875
0.301166203716551	0.280442355366128
0.198981495446165	0.164665575053569
-0.528345322336436	0.439226658356728
0.644008874391733	0.707771383157343
-0.0289051044411433	0.0215968545667454
0.103604259953323	0.0711565004652333
1.11521126921365	0.854701334499415
-0.0246159985661888	0.0115335925233905
0.165594211957363	0.0493598676029419
-1.02243193496015	0.405269729651974
-3.45598446335482	1.23025555319821
-0.342235478378113	0.0984932623692754
-0.627829060935039	0.153504607197422
0.162742974316792	0.0485792905021731
0.159111103797053	0.0540154278332666
1.0452306767165	0.396944800699935
-0.632939126134277	0.15468454480873
-1.13461598703551	0.343230613786831
0.561507426486837	0.328121657573514
0.369680237439834	0.187316222279824
-0.265250393500162	0.166191556385146
0.395360119557451	0.17875669532558
1.10336362951984	0.683029782872552
1.28581654640313	0.711646332636786
1.45476541507032	0.482531337515686
0.16855330206068	0.0902239553078876
0.415755463681787	0.434085878379606
0.0583803836929278	0.0362318635519992
0.299031722929872	0.236077176388953
0.607641685549348	0.677224460001314
0.479085029436601	0.458752539405901
0.516135815412944	0.330211356866653
1.95706969381346	0.441073865263096
0.669009496945769	0.212302346826553
0.151078767063253	0.0513922453176723
0.53521613701532	0.192492474590381
-0.214063950112808	0.069118756813684
-0.0927688018518389	0.0368620520998232
0.459237217998714	0.185076722444385
1.45476541507032	0.482531337515686
0.669665397318181	0.212450186666999
0.159569841409827	0.077408877593196
0.656121287564411	0.596933590290074
0.519535586659327	0.332883819717104
0.423254308452901	0.338009612978457
0.0952438152687564	0.0651821640712946
0.330905155673899	0.201865447107369
0.0509073931033346	0.0298624162133901
0.91214879363877	0.494324504943397
1.77980081423222	1.39766537473878
-0.213639314943098	0.0690063709749365
0.510696743357949	0.325780925958653
0.0739786790402452	0.0482019796965593
0.190243237209007	0.12518733695407
0.651292344794876	0.783427192464724
0.304846279152837	0.231557409247145
0.364511548198523	0.361305739615422
0.847564005721646	0.893618544552692
0.28687087076202	0.27904875435295
0.289829407320448	0.244549035466813
0.464626752231441	0.456630380748477
0.665806879296575	0.807558150486002
0.0461544808860702	0.0270860346207309
0.18979506220794	0.124765220319047
2.75349844687128	0.768381126605175
1.45769029797448	0.483533280097753
-0.514837284692919	0.194722873359673
-0.980525258763963	0.486039362431809
-0.719194825953782	0.246846541949292
3.93039364694432	1.72557827049993
-1.51787907990257	0.541534829420545
0.834561716172521	0.352218048492093
-0.537697485641921	0.340921804700896
-0.326800776542582	0.196334045926508
0.432391677725425	0.329652509590612
0.0735111886918062	0.0457022914506992
0.275751478716195	0.272469017211146
0.072285296332351	0.0581859413626041
0.590565849027905	0.475592774798893
1.77369696341073	1.39155598012613
2.03404387389573	1.93751859072891
0.112420387253717	0.0858722010319105
0.451502699772479	0.440227679678288
0.509946593376531	0.325462769402287
-0.680293260166802	0.539760260905095
0.143299319006601	0.055074938076066
-0.0885852217584644	0.0352215356911798
-0.284516363820571	0.206372065848944
0.560585766641254	0.327653221096915
0.209549803107072	0.211408015835157
0.193418249325763	0.159584522316804
-0.0396153166598928	0.0329342033171039
0.283129490841102	0.281458104182404
0.431523731474793	0.455461259285156
0.393876233555556	0.437651089542837
0.409316484117005	0.448806675530582
-0.00682590207673977	0.00514605781206115
-0.199747692510913	0.166582723219002
-0.563170793955619	0.653095639122454
0.275988708121554	0.252868189108851
-0.00760959375684864	0.00577839573149273
0.690944240307308	0.721173559221558
0.204442763000349	0.148160786458283
0.5040830519434	0.452798580546947
1.97313110877487	1.23763837755897
-0.34191607535368	0.0984089732924219
0.455025575438864	0.183293312831413
1.62286868707764	1.13825274253348
0.448962214217549	0.18067148242492
-0.302012171776503	0.138585388468235
-1.13190405565215	0.342469779892572
0.947560352748164	0.251716891447637
-0.268160533067878	0.16813845250617
0.325097673143866	0.212671511291222
1.25615082569972	0.875688595577999
0.916701127773938	0.798918793081342
0.797521941599666	0.480887643846693
0.206901912805111	0.156023200379037
1.15504258660672	1.31662938072951
0.715697282306044	0.724173383709053
0.771830515977294	0.859324293248637
0.281840987843076	0.251954908427257
0.205680159446342	0.165908412198788
0.76365085396048	0.753617379336523
0.423459686079217	0.338204196002905
0.116195847549018	0.0862116156830937
0.00961486664150234	0.00758331806786298
-0.110415984794408	0.0763169536915805
0.208007595677408	0.156969990835866
0.192304401744046	0.143908272825025
1.62255568687588	1.13774047319495
0.195706987525963	0.135325138630951
-0.182889536817633	0.139565182832669
1.55067010991522	1.88999694501875
0.108153334803492	0.0799159214476719
-0.00477366806560643	0.00308274246647139
-0.702593278584978	0.669247758146902
0.5239302317102	0.562785560697822
0.306119173369605	0.242539144049116
0.168585522583811	0.0904462858514278
-0.175613006806272	0.0940862094103068
1.24618294944049	1.64117749464137
1.42532372623598	1.78723978263381
0.527374418963061	0.45844280808877
0.72438337119265	0.736416440080058
0.0790989315585967	0.0516425511951732
0.0893764838818796	0.0610418478196344
0.20174169790663	0.139913674271539
0.195987367035486	0.152116655385558
1.11483039531446	0.853415019967514
1.27298872129991	0.701583845483089
0.909025853928532	0.492138895608826
-1.48346094893459	0.750219851443153
1.62337724219967	1.13880344870328
0.0444336587265524	0.0260856606601401
0.162189589756564	0.078759260115974
0.367824896156403	0.186583703738638
-0.865949131531576	0.793117353396563
-0.774414625090238	0.833763981333283
0.188325792144676	0.129792726740296
0.0478325622711442	0.0280770123432306
0.215184474644125	0.17454734986875
-0.891263948293128	1.11724597182485
1.30671634389567	1.93286294589405
-0.0698137699945984	0.0499706209866271
0.204888014727368	0.170282901630465
0.203969976434503	0.159101430320759
0.0475914233823763	0.0368805125812209
-0.0544291097237146	0.0488199468464761
0.348198675359485	0.359902946359023
0.290964474048925	0.276634358199021
0.216632016297684	0.201634086656767
-0.170044178929531	0.145961128948123
0.158857895313903	0.15450849178606
0.570516014028048	0.809372395634919
0.0905727009285115	0.0850764847267279
0.760706263281749	0.841457742211856
0.281370071643524	0.22809867633303
0.342064196119403	0.191417393195855
0.0268246010389121	0.014805770980339
0.467509473302669	0.341599780442067
-0.660990588722452	0.461958213894992
-0.23042431770268	0.115173030098557
-0.6146942250878	0.547069586944635
-0.324410389559713	0.229386693023704
0.312259126477631	0.22731853106631
1.00455012221596	1.10915889547011
0.0349770972080068	0.0192039885353186
0.0864605028534174	0.058982994549874
1.05913672170483	1.47474262551898
0.211159530281169	0.170896342377839
-0.0018553698493821	0.00123362444067517
0.202120004109963	0.15745741554971
0.723430764274908	0.734537396297503
0.0570526596690173	0.033461402492246
1.1276331242462	1.02049858691868
0.142095744416837	0.122858960592466
0.208455833095563	0.168401962120088
0.562751586251942	0.578328135388628
-0.755392353008693	1.22737028207025
0.482286061962192	0.626847885862673
0.140263120283917	0.112096206716098
1.54209662605795	1.33185882671195
0.684809844070341	0.711971756762872
0.199712740947553	0.170223044673114
0.81571648966343	1.41149894680619
0.277211067152794	0.280784286973514
-0.327890107979494	0.260486303723591
0.562814020777653	0.578183044988791
0.27997674777013	0.26426181047794
0.206415662611563	0.181554021200106
0.203649586032336	0.178766991859507
1.2592700424922	1.53697912516374
0.450053598532031	0.346102124854896
0.498728120658799	0.465075854079013
-0.00628946787198092	0.0047928877923078
0.62648334059047	0.589816548706081
0.314456741039458	0.229195003456353
0.200997393918532	0.171358097994359
0.128207015416669	0.101754568184002
-0.0736963410300491	0.052845472098384
-0.332851156581832	0.290528704837472
0.318874298728044	0.232863833869768
0.659923479567557	0.601513996091685
-0.0727456539385071	0.0521500766373584
-0.295357254876005	0.238791919142528
0.804961053798706	0.766565300530676
0.124063629763822	0.0954015462597152
0.958091566114586	0.651710625684475
0.00772324530749511	0.00484479658601518
-0.106101228100544	0.0908597201850932
0.521075627196778	0.54058752211453
0.902198052950759	1.22973827196708
0.12766202979309	0.104033839087211
0.678186720428899	0.80243901382549
0.670977551868057	0.213013404742869
0.904546479526573	0.489413764048801
-0.519121480217459	0.196545928752658
-0.762661468163739	0.331369385865934
-0.481168019756413	0.252367882370191
2.56357365975342	1.42609835301544
0.925491797132769	0.808903948433533
-0.340124379015428	0.0979309335927298
0.163149905636875	0.0486839149701593
0.111338316153049	0.0796646009368923
0.583947840353873	0.468975253218051
0.115388310880096	0.0882508703572901
1.43299277813845	1.80234857866548
1.98448303205989	2.35415847557062
0.125227833348837	0.0992083533406572
-0.230626366465141	0.19082223132313
-0.182194874381661	0.138958854382977
0.00320314354571308	0.00230646286854267
1.40768460909679	1.09770587224833
0.368930904907481	0.187027292078317
0.828336763444628	0.349232998453744
1.2787322462896	0.705818476766105
0.194320242491746	0.134268118280318
0.184969380188061	0.132675992614502
0.411993170706119	0.34225676794237
-0.153303161958518	0.104636191162252
0.776205523383469	0.86643612255693
0.607063818383833	0.318569497997092
4.86869591366825	3.21817224132087
1.03610681462668	0.392933684162
0.319006866567566	0.221045467676009
1.63698503229738	2.82400731468292
0.208191387741961	0.173372284366288
0.101222507523128	0.0720406813115303
-0.367142282842965	0.316428989531146
-0.651699364681261	0.673624648773041
1.24782105474102	1.23033644859173
-0.103946607048563	0.0611226157800315
-0.120980206166076	0.0939337098955015
0.199738955826816	0.174777792375214
0.651926391394333	0.591631245736007
0.72849809697781	0.932710068203108
-0.0411367402589364	0.0256554080263502
0.815957580563216	1.08101841954955
-0.266544502590938	0.236422968134475
0.138842640762214	0.113988478259441
0.271385684648678	0.279825123158395
1.11745420414478	1.62838032599812
0.63290946046011	0.691302294074426
0.298031356776411	0.244116695055098
1.57853179581211	0.786593108338459
-0.220044405151055	0.0710431168526529
0.155037804021813	0.0594966888596224
0.902684449275861	0.487909426775457
0.532022890862633	0.191307575847994
-0.72013323546054	0.247288973526613
0.159311548972865	0.0540967488137483
-0.0927688018518389	0.0368620520998232
0.165318598359952	0.0416114067368304
1.45316902836548	0.481724936898338
0.662866858578298	0.475162752817441
0.310550679953227	0.225862486357761
0.214608681348515	0.199384796710322
0.411751377858952	0.341847158397089
0.901435037914592	0.924027197982765
1.77074979790095	1.38817707088062
0.157402307591701	0.047080036463379
0.454659855820964	0.183125643414665
0.593661321096692	0.478696041412457
0.444748898940011	0.178813466023454
-0.0273336024385603	0.0174110284235282
0.199476963611505	0.155128719818861
-0.860356356004033	0.857151292306831
0.298761544929773	0.235860201836636
-1.04244684772967	1.08533063746033
0.206052800853239	0.155302440875372
1.11564632564989	1.52948727038909
0.902582049586136	0.925839526553851
0.48230131732917	0.462660592859521
1.79420460880482	2.8715081000346
0.192682030053673	0.149317945059415
0.187975463531054	0.109671532501569
-0.408968073062771	0.380922061338892
0.136285141795365	0.111659101316173
-0.488473811993202	0.366198844672435
0.188172892949401	0.129655731512525
0.524311190423043	0.454945968733694
0.0268969216439443	0.0195924778469648
0.177894648408625	0.103384495660286
0.415381130551793	0.345704522761912
0.442162416278327	0.338756916115309
3.9367779272391	1.72886284296048
1.96040941896093	0.441936123238363
-0.143629596355123	0.0513929708746564
0.449327994515714	0.18086178012747
2.57173593243858	1.43278716377426
0.15243762427523	0.0585046911358224
0.696609227412764	0.326474357518529
1.78166830275966	0.997077669866406
4.1778407712883	2.0140621779542
0.407711956886898	0.446190852184147
0.846505281264761	1.34009090640013
0.331141694626648	0.354578016330475
0.16385153753604	0.087791902467351
0.96114263324364	0.654716970707245
0.131024445053897	0.104110550429016
0.00024998014435377	0.0000428184062979477
-0.395367380542353	0.394399855108139
0.452726033129904	0.456448172328874
0.845793989331787	0.999248146842665
0.643938189990557	0.707760545513779
-0.182118389566536	0.121369081041518
0.580965846266567	0.581011339624106
1.10048452936451	1.40070704233633
-0.260377509534721	0.213034264154521
0.150330294746523	0.133865775374678
0.106236244202448	0.0758274135039071
0.396702345896937	0.340415422477393
0.747008904957628	0.935429409755914
0.00713385197800111	0.00488519669526831
0.126857331899852	0.103361663909686
0.0295143108549903	0.0250857054331031
0.442153365521403	0.442838814179663
0.402192273406643	0.438669542657353
0.258573057543249	0.246436734556039
0.7017352618852	0.736269699507075
1.18138173701532	1.8045723634891
0.0658861986201419	0.0409102786584486
0.161642488294692	0.0701787244741785
1.27760619020312	0.704663803034689
0.825762411823769	0.348140128156457
0.206901065819597	0.238685685285752
-0.0741282554547348	0.0531189554778581
1.17473588902708	1.68552119534129
-0.072701564248868	0.0441679954488708
0.198553156307391	0.159454976155358
1.31309675242633	1.81577333979531
0.29502862835195	0.265955331041587
0.102458667227617	0.0729426494598353
-0.291138879636329	0.234697501721554
0.660002730472517	0.705115123886265
0.703442644580854	0.619085525532561
0.847713355069054	1.00295114406275
0.633071348395541	0.776235751662335
0.667373207795275	0.610427335488437
0.601854838654608	0.584783422911235
0.219313277417151	0.194452569652652
-0.651517539550014	0.748512104485381
1.05804235238554	1.12606169674713
-0.0914695399998264	0.0644738684431898
-0.688344666089452	0.547593231586664
0.483607177771322	0.332383240281695
0.180033119903704	0.111482755341979
-0.144019317359662	0.0978898679450634
0.659419186431199	0.600963013188297
0.0671260430017012	0.0416867750710053
0.19917556722023	0.149606884966506
0.294698962421929	0.257662041396604
-1.55264732786063	2.05651446512998
-1.34745250859323	2.36506924874039
-0.030612408953063	0.0225378138259989
-0.703131104149232	0.716493136512843
0.990833650504658	1.08655116548745
1.18384169979449	1.59717449914255
1.16749458372351	1.45508080172278
0.207164667708187	0.191547022975349
0.0752211587563348	0.0661723454279191
0.377372127696171	0.433246548631009
0.648543632696376	0.714565309441652
0.143234784392392	0.161504100142431
0.641367102291281	0.790738731533975
0.4173223816954	0.332244869861104
0.120992222533858	0.0928731470601108
0.599223524916409	0.581431203107437
0.661621211241776	0.707727335576694
0.306963410719753	0.233337729344201
-1.3349182528976	1.52980878586888
0.798721517833862	0.635566855585907
0.297164454636458	0.243277079241809
0.498052006702052	0.54272570955954
0.445151815694376	0.341387223275307
0.28997661483827	0.236392411099145
0.194052532895236	0.139898625990179
-0.207386387109851	0.17377050937907
0.58573525820355	0.470866644348287
-0.501931681827565	0.378579246874132
0.345106152124818	0.193438997157796
0.349407025804602	0.19599967132145
-1.03350450753946	0.826769766718489
-0.0973052124268212	0.0571001504177152
-0.589877541407184	0.478990955968084
-0.274406379639477	0.198053560604443
-0.0986466777636081	0.05793062320313
0.761272524888099	0.750178037841192
0.274417012034333	0.257965741960674
0.197088451315771	0.147808030866916
0.9008007100706	1.22730449213751
0.0641213489428405	0.0525948028645118
0.0327945740729683	0.0221452794031171
0.459991845636236	0.530234759888586
-0.22455804126867	0.220651904989576
-0.0932790088584583	0.0657912351378845
0.55511874006251	0.567895244301114
0.437072360247245	0.334169954210013
-1.01105654897587	1.12733387970198
0.69640131020832	0.611153579029226
0.508814315594469	0.458192254623781
-0.864004324728589	0.862467452524388
0.426285782546043	0.340821750879484
-0.263431295010519	0.164966336541921
0.484497589535536	0.332710897270852
0.901693984968936	0.487160745741421
-0.321936842726766	0.193185725846624
-0.128906809262704	0.0726782304768865
-0.387682831180854	0.218954831882108
-0.230435875919009	0.115228934580703
-0.21410944446315	0.138378395016318
0.584886659956726	0.469560215765019
-0.459559703883943	0.386022081186549
0.165898101877524	0.0889307866677712
0.292781823469419	0.239097834935501
0.0972713070314387	0.0691270560506673
0.34832969668156	0.503199585113066
0.398043701716145	0.453687067804053
0.563573441948712	0.670157014588923
1.01390439643671	1.4359416976594
0.584360101231952	0.469348259729727
0.438925078654371	0.43861593372192
-0.0105854846434143	0.00689646219895714
0.558529307152013	0.469293225043432
0.848605497541565	1.10524822526458
0.090071439259273	0.0615213946196349
-0.0424357587726467	0.0264630038164552
0.140350204959188	0.121260286084034
0.0508903266978822	0.0384087360178676
0.510805531623548	0.460660913553951
-0.0476431343642179	0.0345623850546398
0.774579382234329	0.952027605242463
0.194628965410076	0.169783705276649
0.611363829400347	0.812940857491893
0.659458148503617	0.601038392957802
-0.596688406700228	0.486186048041761
0.122594851748945	0.0969737998731647
0.455602936388818	0.460102383317776
-0.267205955783659	0.237215770760655
0.423288756787327	0.44431071862915
-0.0973810619505746	0.0780162194346876
-0.846811653373295	1.02203765446147
-0.616701387647639	0.549481305098598
0.745847432428739	0.9325958147061
1.41940463339653	1.77404330448747
0.725474685119805	0.737853621419657
0.547201078296556	0.318502457772753
1.0054817067874	0.828378038620994
1.46033717355025	0.912811434979586
0.160489139338675	0.0479185611557889
-0.00913074278695701	0.00587070020389997
0.0750503522307171	0.0489335157458648
0.539447949924021	0.566194436670791
0.527267094282795	0.458419332520376
1.24201615466988	1.50607568731498
0.934343592400649	1.17808683183385
0.610836120025249	0.681780072009773
0.140173049472095	0.11517570713999
0.686448676388362	0.714449712096514
-0.379113082780597	0.297476473486101
0.11342937836237	0.0840320060025018
-0.783694789708467	0.672821584642569
0.125573338128736	0.102251284372784
0.444758333990053	0.44613056336035
0.723870718981319	0.735755805026284
0.330918224391393	0.216924621179941
1.5301539145032	1.31546868033761
-0.307579235603009	0.183277101146938
0.624456851211916	0.477402215033575
0.369098387830601	0.187038528267993
0.54814351537731	0.457986957770735
1.01564476592648	0.84064777823949
0.471538879016613	0.449592462580211
0.507960720094795	0.457347346298865
0.0877513214546958	0.059898060931098
0.335186562327602	0.204521007402263
2.14921187830672	2.22812113147665
0.5807217007579	0.580656713906889
0.941226170933427	1.26254481009993
0.722709307280066	0.733879640305995
0.275544395441363	0.265785519638079
-0.098302622220402	0.0770913997480897
0.19425180804313	0.145496135999776
0.159711807442598	0.16394641271275
1.02911330825989	1.24077571656862
1.0163688763751	1.21818860277613
0.714775354064713	0.722851934341965
0.479622505065411	0.32909463268743
0.635658028066815	0.695085139038492
-0.570836821237406	0.554104171655292
1.24239818220345	1.05223187337779
0.0802588949040476	0.0523536282323165
0.405557266605136	0.432158192533083
0.527907798685423	0.459098477919397
0.133481032556489	0.117439811379818
0.283758264114151	0.238515636079222
0.588210506227475	0.4732105924202
0.823963619440764	0.346972500738107
0.46057131841858	0.3351492090972
0.427919425238717	0.45055191906402
-0.632101759194051	0.646264998347419
0.0185076869969603	0.0153593763605671
0.275102054841267	0.265477885914668
0.598822451629943	0.685910318312551
0.862895777675325	0.791587612027364
1.03215663746828	0.979430840792434
1.23978691349949	1.36803102155729
0.179040799645994	0.110960701503671
0.0129792202042269	0.00653914648002199
-0.430891828293773	0.331623482937649
-0.787150427562055	0.853174608078829
0.802058525376449	0.763005967425404
0.0234220815074712	0.0164708042141578
-0.065573517763799	0.0468509757533182
0.295836355711199	0.241948876233865
1.161576798046	1.44373765160145
1.58354628765285	0.790202166614378
0.270024464829303	0.265866762113775
1.03756736719523	0.986968799491848
0.652774526394956	0.786001592506059
0.414558315162022	0.444580795542382
0.749884901395829	0.630849885879379
0.788910890583187	1.14473313947875
0.614050386102605	0.467033298563699
0.519535586659327	0.332883819717104
0.185000536666923	0.121375322944519
-1.09168218302701	0.748518466214322
-0.989774423573074	0.887026818048429
-0.581285943415185	0.567364629054121
-0.0206805326339741	0.0131993036251809
0.291699192818394	0.254523522928589
1.15588437221644	1.31836321327078
0.942590288176228	1.06673185014475
0.433048595006278	0.524800048553988
0.286483419602356	0.264260874145789
0.159301066784481	0.14268815825597
0.289970760976996	0.275476040205773
0.407735693176589	0.435177652445758
0.0491806356719427	0.0288086119431772
0.628362284501943	0.480864816257455
1.00168266629881	0.823481308804029
0.549461955258899	0.459549130763318
1.15021240353089	1.18652082042204
0.321431454142764	0.209675437195668
0.513842231901007	0.463990515909737
1.13862713527529	1.16840307723806
0.40516549078354	0.464453122765333
0.536270854693373	0.561806584769367
0.28968243858834	0.252489506727667
-0.445315742644717	0.409776266200848
0.77383243430845	0.862727003196891
0.576442570745563	0.574764419368683
0.371181405509103	0.337159890200102
1.08851564938253	0.671026830322587
1.04118814853393	0.395160512018798
0.960558125181611	0.655286057517716
1.39840480186381	1.89384868975102
0.446135802442889	0.342358164405529
0.178903112381161	0.117154338549544
-0.327132946914551	0.196591390099574
1.54460429898181	1.87796380055413
0.123617935772722	0.0978380847926505
0.153195558184408	0.145573835557538
-0.884225541573452	1.16525825646737
0.155671088624891	0.139132312790457
0.200812718725764	0.171271805597062
0.192600057453712	0.171865368833767
0.263587369635032	0.270162153932415
0.0576112800294437	0.0448488557385782
0.87723541976003	1.22185530799553
0.526905715183874	0.457986710570552
0.722731038691358	0.480044892585103
0.317172691103521	0.206813415438935
1.27947763264687	0.706222926591071
0.65590526061909	0.468495918822376
1.37634239468657	1.28320090335616
1.46007077870478	0.91246702657443
0.844534840061476	0.889499705096144
0.280210893889414	0.242730828116967
0.384414309820709	0.33975864185893
0.27408556103794	0.264259056688793
0.538832528557475	0.565439893094807
0.630597889605097	0.794888935177091
0.781707144288957	0.964523499704549
0.0995460061440111	0.0708193559428331
0.515350443105955	0.465553568081216
0.417465482806528	0.347827507887751
0.406099451568918	0.184038028610054
0.16705309837256	0.0812226699176443
0.364992425928113	0.184806600560119
0.535334953780092	0.192566688642047
0.167299398578488	0.0420768316112512
0.532249310589414	0.191451139948052
0.480371508089438	0.329463256935005
0.513781777608773	0.327915298377023
2.90682751333875	1.96348119670925
0.512751582769215	0.327557936150751
1.11261312766171	0.851063682568109
0.599682915310243	0.582081945778031
-0.491480543755587	0.369013614403085
-0.0109537171169142	0.00532517843186928
1.77808601459568	1.83039618853248
0.19967567763362	0.155317980667973
0.308475546381452	0.244675422944441
1.09815821265501	1.39700809468872
0.895261517036407	1.3203056255173
0.324671696161935	0.225618588404469
0.425058986339995	0.339810858946798
-0.262102167413174	0.164039157546639
0.334077696309038	0.21930190197667
0.926011129239359	0.809892456745814
0.162643206840373	0.0706202418764962
0.487219315954747	0.33538951874299
0.826885083784757	0.348595039349664
1.45003198194604	1.65127959628076
-0.26415772772183	0.165428902460923
1.24852607514911	0.86711375423881
1.90825237714986	1.65350265888533
0.355529178067443	0.179567186243262
0.413352469095403	0.35774740883961
0.916064583677186	0.497017830937443
0.531186733800022	0.462559499866488
0.186316220325305	0.12236504883743
-0.683898177977781	0.597148237849177
-1.91610918508056	1.87426770631831
1.04698469032468	0.397439991047119
0.203495437973509	0.153214136586475
0.0152242158388684	0.0102557625618097
0.583511960522949	0.584311099145332
0.389964829250504	0.346027310227519
0.833711493521624	1.07680239698011
0.293139728386765	0.263888503196118
0.210433118630495	0.185572470652253
0.40406075757662	0.334046031346341
0.524158604126211	0.454932631663219
1.27849489853765	0.705278215851864
0.31431634672963	0.229170988579439
0.323255733442884	0.224567006173785
0.438543862627553	0.335123395424691
1.27944298180131	0.707166409455118
-0.2383596344773	0.119344171594358
1.14565058605126	1.17863227839669
0.164924003228835	0.0491712866480455
-1.598053867964	1.2290771847495
1.10825410264787	0.845629471717815
-0.339133418750055	0.0976611246838527
0.52029978099728	0.333175399764826
0.59651058228355	0.481582853332348
0.610039369720388	0.319885176953563
1.08851173159502	0.671226629762397
0.178063850555417	0.110340406270136
-0.326439865485795	0.196275861628717
1.00756257799606	0.832078136574989
-0.907221542567419	0.661843570737734
0.152263467777791	0.0584865836523203
0.594316447994286	0.47963507405026
0.805522027806636	0.767710871260244
-0.120027582029015	0.083369003327025
0.554923716577685	0.656117604905785
0.290115873333145	0.236558362533594
0.541721393967923	0.569384831900893
-0.00446885846248094	0.00336254865870793
0.529738353134719	0.571096411563309
0.686132249418562	0.714325783356703
0.462716786869035	0.534485170926277
0.365717993648172	0.341687591991145
0.292650413939601	0.263480433731182
0.19998340994148	0.160720768661638
-0.286514513177998	0.230405923841757
0.311455581404551	0.226603142158304
0.742070805702395	0.621748613333961
-1.33402442361486	1.70364315496537
1.12588801023471	1.01891663185421
0.18160763298146	0.119053258212411
0.155033518363628	0.0526840217885624
0.172917512903534	0.0432756679491339
1.45575253921811	0.48289648887464
1.06925248483421	0.518338006332486
1.53519809932916	1.32109074551528
0.159690995302958	0.0854515933603635
0.0116901620554427	0.0059053701275899
1.11047089742212	0.848166478560186
1.45806698971783	0.483796340944708
0.345860161181813	0.211982362149323
0.400916727413544	0.181401145807679
0.558392024997134	0.326071966892043
0.692559176053056	0.606436862232868
0.192673573196015	0.133032760463085
0.200964469776554	0.151095127596169
0.507547574729572	0.323251377848405
0.396351227744078	0.179241432084369
-0.241049816170147	0.120800355200739
0.701398196534476	0.616717699263479
1.15426431715902	1.19222762908473
-0.428534551041093	0.329397866367269
0.299186076247663	0.245244283011547
0.0737185246432954	0.0480545835484668
0.172523487286947	0.100134323091916
0.309336548712166	0.235399475792412
-0.0919413315260911	0.0647735558016498
-0.0530780171590963	0.0385824705162316
0.19109545749486	0.152758477672233
0.315670464655811	0.230203391915094
0.722273437280973	0.733213967699821
1.14044501543894	1.0378856847766
0.311498927839532	0.215187097790341
0.318711419335021	0.207727797537815
1.36764458108981	1.26992715497751
1.11472648814937	0.853458766990543
1.95706969381346	0.441073865263096
0.830813570732659	0.350577218304927
1.76886276864792	1.38455559780622
0.488660536726865	0.336400506406116
0.825231183436736	0.347733965292547
0.34307195856984	0.192259378584183
1.40807963734059	1.09817499665185
0.624924623751272	0.478214146375203
0.189614883939759	0.124719183820284
0.296032059580918	0.223784903145717
0.0271707810409297	0.0149696529553796
0.7037735349187	0.619101514921831
0.312868941715724	0.227924009418078
1.7859186055665	0.999932358757413
0.604070760140442	0.587781241391152
0.662662247255325	0.604867726413472
0.471035160127968	0.448808906580977
0.297007193953002	0.23420946890163
0.0168973481131173	0.0140396337011292
0.11332737183922	0.0839443297692206
0.121996843615038	0.0990838275040705
0.460807639355875	0.557133195228825
0.283231054582274	0.253456602636538
0.536974638829278	0.469232499651103
-0.46659539486198	0.393456206610122
0.699071882020995	0.614398890882502
1.45612824040965	0.482835979244752
1.1358248158597	1.03129005422423
1.54043736899937	1.33121486141392
-0.385078266662262	0.217328843024501
0.534339993488848	0.192118163734306
0.826885083784757	0.348595039349664
0.693858329908315	0.60817070342627
2.03064880199439	1.93257658805399
0.84458492571988	0.889517846068339
0.550449190396357	0.561644953155084
0.71737885053734	0.475113268833845
-0.0370561575010899	0.0231206032211759
0.624862904269479	0.47799967036285
0.476382653655612	0.326260451992821
0.419754257893888	0.334430322720386
1.17321807141394	1.34741916529007
0.700791321022762	0.909784117344764
0.310977909252032	0.236864069271908
0.101865481861791	0.072555425439327
1.66780402137879	1.58296250060928
0.946727864932674	0.251600896374185
0.433619319575992	0.330897971510217
0.945902039661411	1.07252381243085
0.832041095063086	1.1661002443491
0.34724921869629	0.340149674310039
0.185910522817543	0.122078631341941
0.70963593452257	0.993976427978998
1.17325155989086	1.68212981812707
0.413800044335426	0.44347094353664
0.364084571439596	0.339989987657733
0.379776152399995	0.34678839940497
0.297279199183188	0.234339501727988
0.467093932673077	0.341214539744416
0.310719644473001	0.214500821920412
1.57944504288023	0.787138850798709
1.04388504434288	0.396330532362075
0.828531603525907	0.349434554924782
0.826616930997053	0.348466601979865
0.552320090181102	0.321449300086733
1.54518568637417	1.33647446675193
0.560983874551566	0.327863150558282
1.09662999253566	0.6774804179812
0.802368775474172	0.76294827266831
0.330995671732893	0.230690044064478
0.507573930597758	0.456896242274646
1.04059892457801	0.991436168111996
0.487606293339348	0.335340459459821
-1.16358041719965	0.651817732691739
0.751035630302683	0.736107257153307
0.814497777618522	0.887386227839986
0.0288114794380195	0.0209764088412708
0.671304003309683	0.212965720540022
1.03958501510884	0.394462216304235
1.35609054114774	1.44231804503209
0.60027459393858	0.582399698364006
-0.101923789911075	0.0902788374870481
-0.0657861676816948	0.0470191459762754
-0.696566480098184	0.707141314588722
1.18050207083871	1.69861189760898
0.680051831353202	0.805355266303273
0.993900027064787	1.09182531037924
0.853872099391882	1.11557811177422
0.815604826913735	1.16770029294056
0.435696548964629	0.448030324359857
0.556809634836839	0.570125195944582
0.20826891344026	0.162853911832104
0.399970824846465	0.330002036443095
-0.108431700381265	0.0638262017889749
0.297125072476956	0.22470073511563
0.112316981367355	0.0857987113386598
0.397158745568435	0.179710547162979
1.36869273678767	1.2709737567294
2.75135171759094	1.68972422686941
-0.0420094925686536	0.0185011607905977
0.825536485614349	0.347954851368991
1.45575253921811	0.48289648887464
2.35790709789433	1.18200234368711
0.947560352748164	0.251716891447637
1.45476541507032	0.482531337515686
0.996707615375643	0.818627894626315
0.561389751777147	0.32816154987612
-0.136612208686961	0.077203233514984
-0.0412605150347853	0.0257300112961333
0.168434232233897	0.0903215567757045
0.361193691415975	0.182749479370349
0.352948711250668	0.198413191815067
1.25198983605947	0.869624946299944
1.09333150182756	0.674092985618774
0.803331678991159	0.484745130097895
-0.151357735220451	0.0541400230435956
0.713652585430749	0.47180058874128
1.01202711693111	0.836802584181075
1.45415502686182	0.482281800899209
0.79502129152781	0.631911931125928
2.03280909731833	1.93500864880495
-0.229909749279137	0.168517697778907
0.191979927877348	0.138260896811272
0.112488893986712	0.0805288720635719
-0.183294846557707	0.122164406018837
-0.774092638799851	0.723719008666602
0.181657879861374	0.10582600467654
0.188251867249381	0.135303662559496
0.406694717659372	0.350845067565909
0.314314071647813	0.217394003043864
0.797355141533301	0.635064199708568
-0.764348057314127	0.332483080084793
1.13628690948938	1.03212283658437
1.33630890553738	0.585805690300511
0.72520323195548	0.48203111837879
-0.215583462022983	0.0696521523969918
2.3652515666393	1.18729468178122
-0.627367542213354	0.153354696036073
0.948535538575274	0.252058145640786
0.944906190121193	0.251072355848773
-1.79827400712943	0.382942964938875
0.166084152255821	0.0418055330790301
-0.0529140659284117	0.0231174571435278
1.06989694527242	0.518493824613893
-1.27928916342184	0.577098834883985
0.447016298775677	0.179840099650911
1.06795776597357	0.517462167643025
0.528697101266383	0.190116209542368
0.157402307591701	0.047080036463379
0.170597157616308	0.0428000407476464
1.04304768303814	0.395953390308167
0.152289864541204	0.0287035071443224
0.165097545701885	0.0415776969264477
0.532908190209257	0.191706726261354
2.7554263517449	0.769222911089782
0.174143694992135	0.0435501286964698
-2.27819990136361	1.15068813753373
0.827078230918429	0.348647296918383
0.161410373272502	0.0481834890034794
4.56684486163649	2.5798319338154
-0.0959113364427587	0.0380605903701522
0.529356628640302	0.190322462478678
-0.516096514132394	0.19525236723075
0.673092310209553	0.213658316206257
0.947560352748164	0.251716891447637
3.93039364694432	1.72557827049993
2.75722496636877	0.770257049482932
-1.27293177363782	0.573562930226194
0.537822771634915	0.193597818709898
0.949511917528176	0.252227362219882
-0.629267545839357	0.153771215183604
3.26252567397545	1.12093560535381
-1.13422470394875	0.343215945535417
1.95791760701363	0.441280139896969
2.7554263517449	0.769222911089782
-1.79835097978106	0.382953978270685
0.951331866170054	0.252756684317784
-1.79835097978106	0.382953978270685
1.95706969381346	0.441073865263096
3.26640660082579	1.12286745021344
1.45806698971783	0.483796340944708
0.153526628680235	0.0288819285189665
0.152289864541204	0.0287035071443224
1.95791760701363	0.441280139896969
0.152289864541204	0.0287035071443224
0.152289864541204	0.0287035071443224
2.75349844687128	0.768381126605175
1.95706969381346	0.441073865263096
2.75446121880292	0.769079402442662
2.75819631171964	0.770700477263471
-1.79835097978106	0.382953978270685
0.15626975600377	0.0292821097759299
1.95791760701363	0.441280139896969
-1.79835097978106	0.382953978270685
-1.79827400712943	0.382942964938875
1.95791760701363	0.441280139896969
1.95791760701363	0.441280139896969
1.95791760701363	0.441280139896969
-0.00164527127262214	0.000578576863846432
0.910630447237265	0.493238701255748
1.28501953905397	0.710982955824583
0.153566330295847	0.0589761039997228
-0.482746545399335	0.252981957960072
-0.0257829651330718	0.0120940622120306
-0.0938844786016753	0.0372437459496391
-0.0209433662850722	0.00988088446925532
0.606229638528166	0.318032940772824
1.82792138819967	0.716884894355695
0.949511917528176	0.252227362219882
0.451805003807241	0.18191131722968
0.152844405786542	0.0663436314576924
0.463292970569723	0.337583020206111
0.168153543985118	0.090070366396639
-0.175332914919032	0.0939492575757498
0.314827965680911	0.204934109074173
-0.489279719109339	0.366590577274078
-0.448681149707732	0.297720951430513
-0.140591276401949	0.0953929533113538
0.188195954162637	0.117040172669905
1.12456265131238	1.01715703045935
1.09580483333785	0.676750943668201
0.800283263558856	0.760663181064421
0.427526563478216	0.325089224937851
0.19207939821638	0.126431652789198
1.25253210536116	0.871841094276505
0.60870450405821	0.319039225318738
0.374075017116884	0.189891251649593
0.147009120270064	0.0565030149291443
2.36600122775639	1.18796695319338
0.951331866170054	0.252756684317784
1.95706969381346	0.441073865263096
0.166691919569473	0.0419536988970269
-0.514630991185235	0.194661861681357
0.16707117146508	0.0420080923591852
3.6409027894866	1.43427384419709
-0.341581022610314	0.0983147602836231
-1.13251140472747	0.342543902947619
0.149464413960118	0.0283283450696208
-1.48583447995293	0.750871084939304
-0.135271050287387	0.048491888660399
0.153159805824705	0.0663986798480013
0.804650532413813	0.485814961739157
0.673419805718654	0.213740169092851
1.82382554957858	0.714761900200066
2.11755227768938	0.949827655288359
0.448735690430371	0.180603401551998
0.166691919569473	0.0419536988970269
1.04363128297175	0.39626638096639
-1.02140349604103	0.40462053419898
0.668353267812949	0.212009001891351
0.153247518839476	0.0288421886814327
0.446163909138925	0.179453323158192
1.0778546672873	0.523529401824167
1.04345506824031	0.395990402040814
0.455252730075833	0.183399401788306
-0.947367544942486	0.581722693931633
0.452789098841775	0.182252095327819
1.06989694527242	0.518493824613893
-0.479180693997877	0.251015482517765
0.155372593274282	0.0528040448022981
1.78967609310482	1.00335662403471
-1.59857567848674	1.2310216531109
0.374458422327721	0.190113143068058
0.826058603447256	0.34818473678636
-1.48524214542433	0.750596360271271
-0.448917450140817	0.298066107934869
-0.156974329327825	0.0561079305448456
0.685599289721492	0.320615964715922
0.161787544386438	0.0408470066516523
0.947097253557627	0.251590606337117
1.96040941896093	0.441936123238363
0.15626975600377	0.0292821097759299
3.63685963656738	1.43190397098036
0.153247518839476	0.0288421886814327
-0.627829060935039	0.153504607197422
1.95706969381346	0.441073865263096
0.161787544386438	0.0408470066516523
0.947097253557627	0.251590606337117
0.946727864932674	0.251600896374185
0.153526628680235	0.0288819285189665
-0.632939126134277	0.15468454480873
0.153526628680235	0.0288819285189665
0.669161192101413	0.212364907391867
0.148503149870495	0.0281892610504199
0.152289864541204	0.0287035071443224
-2.58120409692147	0.664991486920107
0.153247518839476	0.0288421886814327
-2.577202278156	0.663064687208724
-0.633409029549556	0.154789771896201
-0.6282908079904	0.153557595992093
0.94807088907188	0.251931335472786
3.26640660082579	1.12286745021344
-1.79827400712943	0.382942964938875
1.45575253921811	0.48289648887464
0.947560352748164	0.251716891447637
1.95791760701363	0.441280139896969
0.15626975600377	0.0292821097759299
-1.79835097978106	0.382953978270685
1.95706969381346	0.441073865263096
0.951331866170054	0.252756684317784
2.75349844687128	0.768381126605175
2.75819631171964	0.770700477263471
1.95791760701363	0.441280139896969
0.948535538575274	0.252058145640786
0.665076092013553	0.211028905087732
0.159311548972865	0.0540967488137483
2.75446121880292	0.769079402442662
2.75819631171964	0.770700477263471
1.95706969381346	0.441073865263096
-0.628347365301396	0.153568930486371
4.38912958067695	2.2918344760509
0.166311360817904	0.0418484681801843
-0.515260306744374	0.194916268075376
-0.342569521377039	0.0986187132378211
-0.62503342749082	0.152907838403333
0.165704597093625	0.0417255219351786
0.94807088907188	0.251931335472786
1.03634985973926	0.393056068426466
0.155846546513865	0.059824112236972
-0.346820783252297	0.0997890928773071
1.82989641162675	0.717636239108384
-0.145245652286963	0.0520033671313364
0.165594211957363	0.0493598676029419
0.15672984402438	0.0468820705997684
-0.972821664688511	0.480646448464988
0.155986207086685	0.0292416787556187
3.63584691762689	1.43122630608999
-0.33946832567862	0.0977521416130555
0.44188876344031	0.177572446319717
0.152289864541204	0.0287035071443224
2.75446121880292	0.769079402442662
2.75349844687128	0.768381126605175
1.82792138819967	0.716884894355695
3.26640660082579	1.12286745021344
0.152207512413174	0.0287281007494042
0.166691919569473	0.0419536988970269
0.152289864541204	0.0287035071443224
0.15626975600377	0.0292821097759299
0.152289864541204	0.0287035071443224
2.76098151426891	0.771684650801264
0.948535538575274	0.252058145640786
0.155986207086685	0.0292416787556187
0.15626975600377	0.0292821097759299
0.152567656731362	0.0287430408348264
0.152567656731362	0.0287430408348264
0.152567656731362	0.0287430408348264
0.15626975600377	0.0292821097759299
1.95706969381346	0.441073865263096
0.152289864541204	0.0287035071443224
0.94807088907188	0.251931335472786
-0.344210615318698	0.0990368506115311
2.75819631171964	0.770700477263471
0.94904571537762	0.252100131683616
1.95791760701363	0.441280139896969
0.536938645245252	0.193260647952111
0.947560352748164	0.251716891447637
0.153247518839476	0.0288421886814327
1.04102963664621	0.395089191585647
3.63988648920879	1.43371818867798
2.7554263517449	0.769222911089782
0.167299398578488	0.0420768316112512
-0.343223291761604	0.0987971723984263
-4.00616917107184	1.73988655786059
0.954654689620505	0.253537900292226
3.26252567397545	1.12093560535381
0.671304003309683	0.212965720540022
-0.220273125496108	0.0711077393958585
0.155986207086685	0.0292416787556187
0.153247518839476	0.0288421886814327
-1.13521969998424	0.343544374381215
-1.79835097978106	0.382953978270685
1.96040941896093	0.441936123238363
0.153247518839476	0.0288421886814327
1.95706969381346	0.441073865263096
1.95706969381346	0.441073865263096
1.95791760701363	0.441280139896969
1.95791760701363	0.441280139896969
1.95791760701363	0.441280139896969
0.153526628680235	0.0288819285189665
-1.79835097978106	0.382953978270685
-1.80197754639448	0.383903353697165
0.946727864932674	0.251600896374185
0.167299398578488	0.0420768316112512
0.948535538575274	0.252058145640786
-1.79827400712943	0.382942964938875
2.75349844687128	0.768381126605175
-0.631960666018702	0.15447017218279
0.954654689620505	0.253537900292226
-0.628347365301396	0.153568930486371
1.95791760701363	0.441280139896969
1.95706969381346	0.441073865263096
-0.34437786413669	0.0991240395491601
0.153247518839476	0.0288421886814327
1.95791760701363	0.441280139896969
1.95791760701363	0.441280139896969
1.96040941896093	0.441936123238363
1.95706969381346	0.441073865263096
0.152289864541204	0.0287035071443224
1.95791760701363	0.441280139896969
2.7554263517449	0.769222911089782
2.75446121880292	0.769079402442662
0.152207512413174	0.0287281007494042
1.95791760701363	0.441280139896969
0.153247518839476	0.0288421886814327
1.96040941896093	0.441936123238363
1.95791760701363	0.441280139896969
1.95706969381346	0.441073865263096
1.95706969381346	0.441073865263096
1.95706969381346	0.441073865263096
1.95791760701363	0.441280139896969
1.95706969381346	0.441073865263096
1.95791760701363	0.441280139896969
1.95791760701363	0.441280139896969
1.95791760701363	0.441280139896969
1.95791760701363	0.441280139896969
1.95791760701363	0.441280139896969
1.95706969381346	0.441073865263096
1.95706969381346	0.441073865263096
1.95706969381346	0.441073865263096
1.95706969381346	0.441073865263096
-0.138442383117071	0.0496040168810717
-0.525910318101456	0.19924571432488
2.27521848462392	1.76397012640291
0.305621500529219	0.242099397585864
0.911405710770606	0.494030884397038
-0.149115583984792	0.101580989443491
0.521902814022509	0.33442430053346
0.0747795318711841	0.0487406238442919
0.969527358099509	0.963840385429979
0.964405815584069	0.956524600529893
0.515127167233177	0.329107322709919
0.787213937140623	0.472475256586805
-0.0578212906678818	0.0251916598763217
0.176192466946726	0.102295970258013
1.82792138819967	0.716884894355695
0.94807088907188	0.251931335472786
2.75446121880292	0.769079402442662
0.152567656731362	0.0287430408348264
0.665864834307101	0.211145387480107
-1.13251140472747	0.342543902947619
1.8282452886897	0.717007372542503
-1.79827400712943	0.382942964938875
1.33769715960399	0.586940811923239
0.163386406136861	0.0411852790230607
0.799797458684364	0.481877467073719
-0.783101940438567	0.426781885595185
0.604873539313791	0.316932426539224
-0.515889861149168	0.195150861370295
-0.346493976209143	0.099688871662609
0.481882785715556	0.331046304637634
0.158494195683153	0.0538070339427527
0.283894693601511	0.254149177372502
0.61659426659792	0.770594384505816
0.485975511153967	0.540828442715194
0.147397796509234	0.133827394889046
0.72650863851709	0.739017883986186
0.288924206217977	0.259488364019852
1.38634878256737	2.01757448517935
0.411708391676301	0.341896373552504
0.201046880255874	0.156542443544891
0.490447267723078	0.338193592910344
0.670649872073233	0.212844236167521
-2.57747759965585	0.66335545132302
-0.214295623660532	0.0692156550779169
-1.48923507781748	0.753876695064743
-1.02026869500549	0.40408181312214
-0.754888092598883	0.327381185613808
-0.215184417856504	0.0694920488130609
-0.592424181469023	0.481674781742134
0.175367883272096	0.108518670621151
0.722481093299905	0.478959288579267
0.550743428595735	0.460417813921528
0.410028475633936	0.340211093506671
0.721104577720667	0.731548557754907
0.662393130904898	0.474685790954528
0.79932924177074	0.481525608924784
0.765123834280126	0.75543766745155
-0.0974762886357002	0.0572089590303095
0.143608697063923	0.0551953723802767
0.673419805718654	0.213740169092851
0.163475729959699	0.0709757564284794
0.701229761869454	0.329275298193786
0.952080974401097	0.646958912257404
0.670197876935946	0.613823214034959
1.00319425139296	1.33430269388954
0.849122039603548	0.896863460603962
0.289412125403922	0.244010012835075
0.191579969757468	0.148270077192604
0.296544065312344	0.259599395639092
0.395823361617459	0.179046051964154
-0.0567776427445946	0.0247516931064659
0.330683417990316	0.201652377165248
0.689980758598187	0.323092638225825
0.162742974316792	0.0485792905021731
-1.7196793534766	1.45060276304298
0.903755370731644	0.488140001047742
-0.977210223216093	0.48363398854834
-0.0635835830750678	0.0385659727197775
-0.493233602046407	0.259687160557731
0.480486978992955	0.329680663967362
-0.0594960572163139	0.0360599079204566
-1.47044490946623	1.02679106008967
0.551659668505514	0.462005596134994
0.309969279846297	0.235983228529427
0.326850540796965	0.213850315364854
-0.898017187102552	0.750154308884512
0.853739706533052	0.780540571930333
-0.325616806293132	0.195656687488677
-0.945537870979032	0.580250160312208
0.534676685393129	0.192377474764699
-0.246768395719216	0.12385997418529
0.161787544386438	0.0408470066516523
0.963181319572587	0.657886394094024
0.460794043346401	0.451862647118179
0.751086519171711	0.736285419977225
4.17652998753027	2.01217446601309
-0.295352217067436	0.135407945754335
-0.296672235896868	0.136049250063878
0.157328017678796	0.068270214475041
-1.024931295921	0.406505232933835
-3.45598446335482	1.23025555319821
-0.171815987064142	0.113953549743463
-0.925629836951774	0.680635977855999
-0.215945289251075	0.139742869418655
-0.676326382307665	0.535659336196087
1.13731502124818	1.16585132193782
0.309440129669543	0.213506782417255
-0.64426745188762	0.381720973577755
0.783059284309812	0.469286649991585
0.483133642876319	0.331513420425233
-1.08620679775306	1.0432366870715
-0.283113759215887	0.205298814916583
0.754738485328856	0.63616388296294
-0.492757832121414	0.370018899111667
-0.482838665424369	0.253085010221614
0.66329984842651	0.475537784952895
0.00788840104126552	0.00403146891517049
1.241333498228	1.0503727018619
1.81990502683314	0.712799968178863
0.293511863612814	0.221455444559816
0.396487514328562	0.353159576876415
0.829988921889609	0.350189547890131
1.25816015633965	0.876720828422457
0.529576794989163	0.190434980333926
-0.301315288469323	0.13842844199086
0.713017442477284	0.470953164756564
0.661526702575494	0.473886767756574
-0.302830595146198	0.139070945211707
-0.0522708398575307	0.0228284059721649
-0.480526516048083	0.251790682545327
-0.0701126054937985	0.042559901656968
-0.0495095530829986	0.0216649490884408
-0.994620067852499	0.892772122705463
-0.00400425690464336	0.00261168972953261
-0.533469586531103	0.337839987884109
0.0495808311230034	0.0291129711489257
-1.0850143731208	0.741487525824314
0.0462004672291904	0.0270998937183991
-0.493755310206953	0.450155558855056
-1.17996521982862	1.21124806596525
-0.698530428464568	0.663897258180062
0.508020215391995	0.323647966606118
0.40109499396315	0.181687171493391
3.26640660082579	1.12286745021344
0.774408486179511	0.863636870869272
0.463229715610724	0.337584027613755
0.666057985126717	0.211344647530167
1.57935466927394	0.787257527339487
0.15601019233082	0.0676500489723904
-0.145891274941205	0.052200464910533
0.791717045276906	0.47629243644258
-0.75865332496854	0.32934909721446
2.36437231321024	1.18704523773541
1.04011254131511	0.394696182042935
0.492700736065387	0.457918480084036
-0.451682144028211	0.300629486064543
0.716489126798441	0.474272176697923
1.14422050160176	1.17731202231179
-0.213816532466873	0.138166721215684
-0.181758708676987	0.0975311410509048
0.75153802436684	0.633214070703128
1.11784513214192	0.857000525685603
0.00168481871628123	0.00129493331050448
0.659472480366306	0.47142506798151
-0.0982869065184181	0.057704343296642
0.198524365359755	0.149030401655072
0.0304669394124493	0.0167748213338109
0.118750157550458	0.0910314411615334
0.397718353162374	0.1799691492073
0.700802354490962	0.329084154463177
0.900889315160942	0.486604124791445
0.607875832808734	0.318440926646444
0.453838875551382	0.182772785031551
0.566269055716263	0.331558059990625
-0.514001914291837	0.194387375528581
-0.913885566270329	0.669020283309583
0.306402414722285	0.232955879271113
0.79963859924263	0.637341352887717
0.315375823481781	0.218259643274982
-0.535485777168527	0.339089926268523
-0.531863407023059	0.336365577415796
-0.784442100823923	0.519245185932294
0.613188000988	0.322042634973678
0.553598659638006	0.322521234922646
0.594435188805201	0.479570348173425
-0.60778400591417	0.291798559864761
0.189011124553473	0.124307672448734
-0.272746269403041	0.171406452188731
0.84029301782297	0.882614106514779
-0.0942883201003753	0.0552897491519424
0.151149206787113	0.0580628778153935
-0.23434947196903	0.11726057356225
1.33769715960399	0.586940811923239
-0.402441913516	0.228774341509922
0.444518741393575	0.178783502572996
0.419785057779908	0.334607219334528
-1.67202141997347	0.94494480811852
0.452455087578574	0.182067894264148
-0.175061924835259	0.093765060741334
-0.665226912916385	0.465606470529557
1.2456839447267	1.05568986842287
0.620137175273449	0.581874494222421
0.0144037741564021	0.00722460022817583
0.327753607001168	0.214517166549871
0.167463572729859	0.0814277441275022
-0.381766960193219	0.262718027108198
0.856889581590839	0.784529881237509
0.046046387153852	0.0270621579096373
0.0485617564961091	0.0284632497773401
0.327271412659738	0.214166969962753
-0.137885281180338	0.0779725374326292
0.614341749974739	0.32286465758395
-0.513263812702153	0.500618419636491
0.455025575438864	0.183293312831413
-0.663297727962143	0.463968967764251
1.44987667304504	0.480675917422322
1.81892370521347	0.712261250406347
2.90526208016398	1.9642587348613
0.152125281767049	0.0583886721744129
1.15165830473544	1.18762074359931
-1.27970373565347	0.577302049618793
-0.974585621117436	0.481607307840464
1.24962796102085	1.23119806178375
1.48791526462176	1.50650884597057
0.336489212226405	0.205548002454182
0.0180713878238605	0.0127452015723494
0.800922609772662	0.638613532041061
0.34252172271213	0.191568120498617
1.13356425687656	1.02925555555356
-0.233473648021171	0.116816615641377
0.672403405534395	0.616367494119642
0.620528570623649	0.582012468607489
0.661275922398579	0.473810269724092
1.14290518302486	1.17537928687042
0.798677294573549	0.636225450060987
-1.31734206373511	0.824154785431626
1.02427497981154	1.2328376283603
-0.148723268853956	0.0532309139509692
-0.398174654997472	0.225603820367384
-1.02074928234359	0.404273099261885
1.95791760701363	0.441280139896969
0.537164857593467	0.193341885349058
0.32024342817407	0.208948292166752
0.304438962320125	0.231174924910229
0.163113419283259	0.0792269512446663
0.531767986628032	0.463395553501598
0.864023223088037	0.793383039974533
0.192687436376477	0.126888182323313
0.594846058802375	0.479968753501066
0.153679357488054	0.066721754390136
0.186135468375125	0.133639419731343
0.858561766809489	0.786810250626671
-0.426518981961167	0.327505981062017
0.194212829050433	0.127967018226162
0.39026713424737	0.346282939984413
-0.4755347065658	0.248793230592424
-1.08230021997493	1.03825280520016
0.161141916710651	0.0699492496355054
1.00138619926917	0.824220539467024
0.31164739792748	0.215320806777362
0.745454082931525	0.626353450115477
0.170074795627243	0.0912571765358492
0.0516864041984021	0.0303137961493911
-0.548886936645194	0.4950055553128
1.40604246166606	1.09394930546142
1.25975673219538	0.878992534965104
-0.318738578540336	0.190923851568067
0.397966118148372	0.180143231410491
0.796850749109806	0.479891923895839
0.91214879363877	0.494324504943397
0.733627482775072	0.612519640948704
0.452672775044919	0.441424312268039
-0.0311463823611877	0.0198283189227665
0.299211464759244	0.226605675210235
0.154813591090059	0.05261311136075
-0.914954789829169	0.670036472914259
-0.252215823737772	0.15702333978302
-0.150736337195585	0.116075530341509
0.959691574533835	0.654406688388625
-0.436072408319119	0.514356939844158
0.694895189299681	0.608842669827925
0.0691917361747215	0.0429622693061327
1.09184712460802	0.673224096983399
0.9642543330044	0.957031654568076
0.454432327347969	0.183046639295393
2.41237297284241	2.06762413846968
0.0134394337434158	0.00906192060255975
-0.429067786625357	0.329711398513831
0.0678581200065194	0.0569883770847955
-0.450851112872819	0.29949088928925
-0.265395790283235	0.235290361806121
0.336687203472322	0.205782534616526
0.617657266210318	0.324807519280206
0.311597328877454	0.215170329962323
0.852443065179712	0.778563886569986
0.659265649790373	0.471938786987866
1.34843196487703	1.59728704259418
0.436796014650396	0.333866128959594
0.160809355731103	0.0781481383267611
0.515697254427933	0.329887095778659
0.0555646934755419	0.0325938671123566
0.416525004898381	0.331399302116059
-0.556995217361257	0.403434797401468
-0.0902036759776985	0.0358547412389407
-0.319803040179799	0.191736672289105
-1.03600989635979	0.830072311004405
0.805903130575098	0.643645564787149
0.190721037878276	0.125497303413015
-1.32102537784925	0.826922117117714
-0.79101999440297	0.524492045232693
0.318781088618882	0.207855291387537
-0.485053777777799	0.254339176991225
-0.372692895475684	0.291019508015389
0.147488542787684	0.0714965241416802
-0.385592301862764	0.160437798197036
-0.759131702014279	0.329400085843564
-0.135271050287387	0.048491888660399
0.176563295716584	0.102619727459009
0.450145859423865	0.181236132023085
0.550990561314383	0.32051338119579
0.509322749196894	0.324493536285747
-2.11050131843674	1.61970282141278
0.619283444907992	0.32595117959353
0.803687345888829	0.641248425174227
0.551103742044579	0.461333942384746
1.54217989017119	1.33192661059251
0.721677785420358	0.478381950011841
0.41092238760235	0.341155188557529
-1.03442784429816	0.828586422020317
-1.44179793608073	1.29093325239108
0.560732356765061	0.47171481264731
0.153247222778868	0.0588212060537421
-0.0658176631207207	0.0399293571235805
0.375818499963518	0.353683914090682
1.35245019436526	1.43709871921704
1.03747575151961	0.987158104387695
-1.0822670918144	0.738405276612426
0.609857474714165	0.319839075764602
-0.382595904200969	0.263341044758599
0.172854949106455	0.0927153274926261
-0.669819411900469	0.46953606501621
0.144414295235527	0.0555080559417452
0.155442497593271	0.0528071951153374
-2.06271117298683	0.93851397341819
0.159111103797053	0.0540154278332666
0.453977695074629	0.182699504912084
0.546337698531156	0.317781453200946
0.449554137900589	0.180977843806072
0.954333318142883	0.649369916957374
-0.144137937066465	0.0515994218101899
-0.100016977109179	0.0587575688788311
0.343614034623999	0.210454667476086
-0.0378396769704819	0.0236022983558295
0.700098531148146	0.615108772369486
-0.0536160207267586	0.0233999342599115
-0.117980990944984	0.0818399009070146
0.327760102929288	0.199399700002872
0.163651450541522	0.0875315948018938
0.999412113602097	0.821638804036344
1.11562829444058	0.854586004944796
-0.3852171781543	0.265354799318855
-0.111537886876355	0.0771612916349278
-0.316909556323514	0.189793410857863
-0.443438015855109	0.293987567169488
1.07163995444507	1.14682048995218
-0.568327814997702	0.414125828322707
0.322034156005212	0.21042252282113
0.160913438369286	0.078100152139079
0.824597524529586	0.347415264205767
0.165594211957363	0.0493598676029419
-0.0282753909164191	0.0132201775607608
-1.28425025611675	0.579853046799539
0.149687956850686	0.064934970211133
0.326067561909576	0.213454473497482
1.57808823395021	0.786362994875191
0.527816689171872	0.189769137536265
0.529356628640302	0.190322462478678
0.69919774718211	0.328177033610307
1.45769029797448	0.483533280097753
0.833098044319049	0.351613573098333
-0.0907353641242552	0.036034670584998
-0.29884559640504	0.137096023510432
0.148522413286624	0.0643805583965434
0.306416872718394	0.242872756715134
0.798227699820942	0.634729290013964
-1.03392995949047	0.828162149783339
0.183449633104018	0.11388058167891
0.967260842392527	0.961388298454755
-0.152770547454844	0.0546286420653266
-2.11057131848068	1.61915944709455
-0.646964764493032	0.383820473938861
0.530005878837864	0.461399646940701
0.113592049421078	0.0841769695047827
0.1754577605893	0.108571132759113
-0.662105699524532	0.46323114863814
1.58536470341092	2.21321472334815
0.343401420956675	0.192275775798707
0.667749608160232	0.479903020537174
-0.383965623947807	0.216734582964092
-0.0481425498390862	0.0210831538703529
-0.390077977567421	0.162246452622569
1.82693458968678	0.716159663486908
-4.2149573643429	1.97917904519139
0.825864596355464	0.347921424852211
0.446163909138925	0.179453323158192
-0.979269080017141	0.4848926069164
-0.262594671713311	0.164370833198984
1.07049383091777	0.518656679919071
0.904018150819416	0.487962125442946
-0.762069242113466	0.331027410923878
0.901693984968936	0.487160745741421
0.669826712236336	0.212585182521199
0.157325865228828	0.0683164261652466
0.653668543897581	0.593714515768472
0.323292732443352	0.211323432360382
-0.181564554500669	0.0974724823430632
0.905075197816354	0.489611553077287
-0.447052075964397	0.296895389023897
0.800494721248592	0.638267140582875
-0.135647042647589	0.0766634197443838
0.410261669212257	0.186172292123309
1.24418251137304	1.05449458899764
1.35821680904034	1.44608649893678
0.51229232189822	0.327164283033691
0.314055382915914	0.228853641469378
0.0101306976851712	0.00511287892370721
-0.0774052578711412	0.0470589627126834
-0.180877017823641	0.120462708685856
1.27953228657246	0.706424180275948
1.57853179581211	0.786593108338459
0.153317330149606	0.0588970866053136
1.0452306767165	0.396944800699935
0.829794788231049	0.349939358922599
0.156826083489432	0.0681034884371725
0.904546479526573	0.489413764048801
1.8330307375228	0.719004464042056
-1.81339137537901	0.738819242243621
-1.32585381591904	0.831487600628691
0.153847971130787	0.0667574880600607
0.536711770787689	0.193058012816576
0.345654987395505	0.193857117331901
0.405571988809976	0.183795432583376
1.08851564938253	0.671026830322587
0.158160912494813	0.0686419741601485
0.482817592439778	0.331615476277006
0.0114680342432415	0.00577170279768789
0.961820928485399	0.65651906530514
-0.784126636681441	0.518772107288842
0.702589406051372	0.330108714505391
-0.393701773942777	0.164088841030077
1.45894852799894	0.913160964377735
-0.300672688912365	0.137932389561506
0.31586355347493	0.218702062180013
-0.0477002313534611	0.0297455690407817
1.6652239079915	1.58051402539884
0.515142798716355	0.329113963936362
0.797799100619598	0.634327670353256
1.91299478314608	1.66138737201246
0.694356190844902	0.325735721016374
1.46200161799251	0.485043607977997
0.528697101266383	0.190116209542368
1.45377869768284	0.481973964249078
0.143757357532467	0.0552813754281793
2.12041605569515	0.95168550356035
1.33593369265101	0.585724024842606
0.830813570732659	0.350577218304927
0.669665397318181	0.212450186666999
0.548123527173282	0.319144656762855
-0.485693907119966	0.254996416813219
0.149184364319295	0.0647151944482509
2.11531873528397	0.948343102976545
0.747235352089877	0.628287249484732
0.748097922951479	0.628664008910279
-1.03481101108882	0.829104414706608
0.514221091347953	0.328193724560136
0.32446414340675	0.197363928092484
0.410830122805946	0.186399743900298
0.519861512674295	0.332862293437984
2.41285790408714	2.06718207624095
0.960027100002083	0.950098951807428
0.548611268665838	0.319242240451355
-0.144137937066465	0.0515994218101899
0.669665397318181	0.212450186666999
1.57707239517513	0.785486052282392
1.06960656766378	0.518585201262824
1.28267569581257	0.709228648118582
0.827517651414872	0.348782006378552
0.948535538575274	0.252058145640786
0.948535538575274	0.252058145640786
-0.984079435161784	0.488263061601518
0.724715028809786	0.480902514099785
0.370823472482315	0.188010332471104
-0.130232180533053	0.073455873679778
-0.180387980999241	0.0967558714452042
-0.300672688912365	0.137932389561506
1.54265936814069	1.33432851275147
1.5861420994892	0.791272167822454
1.04077275699432	0.394975733217645
0.166311360817904	0.0418484681801843
0.165704597093625	0.0417255219351786
0.827517651414872	0.348782006378552
1.57707239517513	0.785486052282392
0.943931183072951	0.250903413595175
0.6737511905791	0.213807078926834
-4.00749658051746	1.74098643138457
0.79855758008805	0.481514172452093
1.05844813805366	1.12678046437663
-0.325824053446426	0.195749699018839
1.11400253817371	0.853252429500047
0.34502849665301	0.193102765936248
0.15720819805298	0.0763872350142959
0.451491615165562	0.181690320657802
0.943931183072951	0.250903413595175
1.45476541507032	0.482531337515686
1.06989694527242	0.518493824613893
1.95791760701363	0.441280139896969
0.669826712236336	0.212585182521199
1.33011373386665	0.58253136514184
1.0454798173394	0.397182748534993
0.688001453943456	0.322056844219978
2.13446586772999	1.49633765680906
-0.223843768396601	0.0722366853055712
0.152567656731362	0.0287430408348264
-0.633409029549556	0.154789771896201
-0.127412200698284	0.0718447873209848
-0.531896299414947	0.336421979226024
0.627157484938295	0.48030762069691
-0.673296702958314	0.532083688673828
0.162825613049956	0.0552007172925188
-0.141613477265566	0.0506925453352637
0.330633061289509	0.20156500784608
0.366355815922899	0.342707450281601
0.673419805718654	0.213740169092851
3.26252567397545	1.12093560535381
1.82480922054022	0.715302875396814
0.158492163863484	0.0687839197118867
-2.57775304544287	0.66318910114962
0.150447848737376	0.0511729703307111
-0.215184417856504	0.0694920488130609
-0.136794080270488	0.0490262213442867
3.64496927066615	1.43565673102566
-1.51787907990257	0.541534829420545
-0.791925146439582	0.525150669599001
-0.124215115095814	0.0699555546673232
-1.16884331729674	0.655561070647764
-0.377690108849928	0.259239170201754
-1.59713886550393	1.22772086471712
-0.301784797907521	0.138701059468992
0.560585766641254	0.327653221096915
1.32325130204814	0.578458699335087
0.487254493939483	0.335035352436772
3.93257323321094	1.72656649429801
0.161809663243855	0.0483223326687324
1.95706969381346	0.441073865263096
-0.0883020860839491	0.0351141606720898
-0.218074030224809	0.0704026851228337
-1.51364953741781	0.539764698603452
0.160570599449825	0.0544935241752776
0.94807088907188	0.251931335472786
-0.596463463887804	0.285706403838829
1.12677636224861	1.01790875732147
0.791871653537492	0.475934696478668
-0.218251492003186	0.141389147035424
0.156203958783437	0.0530790256711765
0.611674863779204	0.321093920335273
0.903221986685294	0.487727217314656
0.942957371619669	0.25056334066046
0.670977551868057	0.213013404742869
-0.302515588736306	0.138831168276516
-1.81976306465377	0.742011270001749
-1.67368748923854	0.946499862499213
0.823843414577929	0.346978447316438
-0.603569776832878	0.289530217732636
0.319454748225268	0.221368815935999
0.159711411511593	0.0541923059472302
0.510050342616171	0.459478045503227
0.309706987523403	0.213804820422106
0.7174741418621	0.475447140207588
1.03794125892168	0.3937132286134
0.168126456300357	0.050048821022647
0.551685667120415	0.32159848174389
0.456664413504253	0.183959946353038
0.406099451568918	0.184038028610054
0.903214015624668	0.488433323064396
1.37637460081556	1.28338266643901
0.82258036019287	0.346354489883033
0.674406994924976	0.214010177433492
0.926417125028123	0.810976191282263
0.533381423092331	0.191857858909081
0.163413249256128	0.0487677019311828
2.7554263517449	0.769222911089782
0.151513479989601	0.0515213325333355
1.3345487412554	0.585101958973942
0.94904571537762	0.252100131683616
0.5425193026414	0.195233329988175
1.06952143923203	0.518048488509222
