x	y
-0.343716239253643	0.0989197038205485
0.536280565569087	0.193004774479639
-0.72013323546054	0.247288973526613
-1.28054172110541	0.578016358254624
-0.348465736253515	0.100232718134072
0.153247518839476	0.0288421886814327
-0.138675347926494	0.0496546660168956
-0.62503342749082	0.152907838403333
-1.79827400712943	0.382942964938875
0.153526628680235	0.0288819285189665
-0.338476676785739	0.0974822237690529
-1.13617544316656	0.343960217515251
-0.347665318950405	0.100012844891269
-0.628347365301396	0.153568930486371
-0.625500335572602	0.152962089117453
-2.58524212677275	0.666574749875287
0.153526628680235	0.0288819285189665
2.75446121880292	0.769079402442662
2.75349844687128	0.768381126605175
-1.79827400712943	0.382942964938875
-1.13910410688242	0.344899734416028
-2.57747759965585	0.66335545132302
-2.577202278156	0.663064687208724
-2.577202278156	0.663064687208724
-0.624566751454544	0.152757086863399
-1.13582369620544	0.343734699942405
0.669665397318181	0.212450186666999
0.537596443695132	0.193449679434614
-1.79827400712943	0.382942964938875
0.168287851014599	0.0422797449011708
0.166311360817904	0.0418484681801843
-1.79827400712943	0.382942964938875
-1.13461598703551	0.343230613786831
-1.82378468046076	0.744291912513803
-0.0933383356565446	0.0370733064011173
-0.220044405151055	0.0710431168526529
-0.342569521377039	0.0986187132378211
-0.631960666018702	0.15447017218279
0.536938645245252	0.193260647952111
1.81794285182483	0.711505120581209
-0.608018938642171	0.292093772723965
-1.27146965602455	0.572753769394544
-2.57747759965585	0.66335545132302
0.952312839774606	0.25302018984475
0.15626975600377	0.0292821097759299
-0.631960666018702	0.15447017218279
1.95706969381346	0.441073865263096
0.152289864541204	0.0287035071443224
1.82414885065892	0.714941399976917
0.160803134128977	0.0406203249121647
-0.342235478378113	0.0984932623692754
0.167299398578488	0.0420768316112512
0.162216055669742	0.0484111379512858
-0.62503342749082	0.152907838403333
0.152567656731362	0.0287430408348264
2.75349844687128	0.768381126605175
0.948535538575274	0.252058145640786
-3.46005827230016	1.23260132520798
-0.338812598915516	0.0975423827176717
-1.79835097978106	0.382953978270685
-0.342904767182509	0.0986489157334515
-1.13521969998424	0.343544374381215
-0.628807341949763	0.15371861128279
0.152567656731362	0.0287430408348264
-0.337820262048895	0.0972724494375125
-0.34437786413669	0.0991240395491601
-0.577231133202291	0.422129988575848
-1.79827400712943	0.382942964938875
-1.79827400712943	0.382942964938875
0.161546088205671	0.0482379354240544
0.6607942888533	0.209543500616197
1.95791760701363	0.441280139896969
0.166691919569473	0.0419536988970269
1.33432841091739	0.584762055165741
-0.341581022610314	0.0983147602836231
-2.577202278156	0.663064687208724
-0.628347365301396	0.153568930486371
0.950862031539505	0.252628333014658
0.152289864541204	0.0287035071443224
0.949511917528176	0.252227362219882
0.167299398578488	0.0420768316112512
-0.628347365301396	0.153568930486371
0.944906190121193	0.251072355848773
-2.58120409692147	0.664991486920107
-1.13948670365002	0.344942610687521
-1.13521969998424	0.343544374381215
-3.08606373064433	0.965887782759055
-2.57747759965585	0.66335545132302
-1.13422470394875	0.343215945535417
-0.219565182881668	0.142220214247696
-0.386183558101542	0.266122054655081
-0.776139800207867	0.59425827584305
-0.595883746519123	0.485397591407768
-0.49370985032354	0.259975554495212
-0.177204290776827	0.117774239624208
-1.02074928234359	0.404273099261885
-1.13461598703551	0.343230613786831
-0.628347365301396	0.153568930486371
-0.627829060935039	0.153504607197422
-1.13461598703551	0.343230613786831
-1.02404152856389	0.405928813773254
2.11729797170485	0.949744172786966
-3.46005827230016	1.23260132520798
0.534018135349711	0.192121771213656
0.151078767063253	0.0513922453176723
0.148503149870495	0.0281892610504199
0.950862031539505	0.252628333014658
1.95706969381346	0.441073865263096
-3.45538437102149	1.2298802093729
-1.79835097978106	0.382953978270685
0.951331866170054	0.252756684317784
-0.719194825953782	0.246846541949292
1.82382554957858	0.714761900200066
2.13261555855912	1.49304957630041
1.82414885065892	0.714941399976917
0.152289864541204	0.0287035071443224
0.825425367366759	0.347866059057456
-0.356729409152085	0.102503301780863
-0.338476676785739	0.0974822237690529
-0.632432130022522	0.154575713959717
0.149358487897967	0.0573759536116166
-0.588858363941913	0.281148858460771
-0.923066037789916	1.04085532364766
-0.178638142832586	0.135951085318662
-0.150899648118889	0.116277966031844
-0.307159155673985	0.292250459942243
-0.628347365301396	0.153568930486371
-0.629267545839357	0.153771215183604
-0.338476676785739	0.0974822237690529
0.668176168576197	0.211989237575833
3.6429298839629	1.43447613792276
-0.352423703329559	0.101339644800675
-3.08164138813046	0.963767470359232
0.169606362252511	0.0425824743634164
0.528476382778789	0.189975415538032
2.75349844687128	0.768381126605175
-1.51330481624892	0.539630991333106
-3.75809970882141	1.48903887292909
2.75446121880292	0.769079402442662
-2.58120409692147	0.664991486920107
-0.627367542213354	0.153354696036073
-3.08164138813046	0.963767470359232
2.75446121880292	0.769079402442662
-0.627367542213354	0.153354696036073
-3.08606373064433	0.965887782759055
-1.13521969998424	0.343544374381215
-3.08559782341753	0.965445184573826
0.670649872073233	0.212844236167521
0.171207721440545	0.0429238305772998
0.152289864541204	0.0287035071443224
-0.511519041389722	0.193429014825003
-1.04447914332389	1.08820427824269
0.274645438202323	0.271437371272111
0.608604046743575	0.593495468813284
-0.128799256484096	0.0726163039115993
-0.0935848092158619	0.0748061456623804
-0.175325472305818	0.0938195266647257
-0.298009498331406	0.136708670223186
-0.63921087000854	0.656473320530377
-0.697126108224736	0.937914141566385
-0.34191607535368	0.0984089732924219
-0.624566751454544	0.152757086863399
0.168996227736906	0.0424334312831713
-0.342569521377039	0.0986187132378211
0.66475647791666	0.210855781457285
0.152567656731362	0.0287430408348264
-1.79835097978106	0.382953978270685
0.152567656731362	0.0287430408348264
0.152567656731362	0.0287430408348264
-1.79835097978106	0.382953978270685
0.15626975600377	0.0292821097759299
-0.34780711222598	0.100028606261835
-0.33946832567862	0.0977521416130555
0.949511917528176	0.252227362219882
-0.627829060935039	0.153504607197422
-0.628807341949763	0.15371861128279
0.15626975600377	0.0292821097759299
4.1727280087236	2.00938901776936
2.11822736872309	0.950292276417873
0.165704597093625	0.0417255219351786
-1.13461598703551	0.343230613786831
1.45575253921811	0.48289648887464
-0.33946832567862	0.0977521416130555
0.168126456300357	0.050048821022647
-0.552186762979147	0.579980064271753
0.0456856095250633	0.033374840092744
-0.364111125869024	0.340379021232832
0.0544013425625309	0.0337323565308096
0.207212411606107	0.172392824671168
0.149050405593914	0.064717124903211
0.156835118177656	0.0532837121933901
-0.604096834414727	0.28983366111868
-0.628807341949763	0.15371861128279
0.165704597093625	0.0417255219351786
-1.01670064962607	0.402447644882223
0.162400863971746	0.0409830958055786
3.26252567397545	1.12093560535381
0.948535538575274	0.252058145640786
1.95791760701363	0.441280139896969
-1.79835097978106	0.382953978270685
0.950862031539505	0.252628333014658
0.170216206297202	0.0427061060191571
0.166311360817904	0.0418484681801843
3.26252567397545	1.12093560535381
2.75349844687128	0.768381126605175
-0.715407313671064	0.245463795469067
-1.13521969998424	0.343544374381215
0.155986207086685	0.0292416787556187
-0.719737167086007	0.24696632136127
-1.13521969998424	0.343544374381215
-1.036028847372	0.411426658819254
-0.218731141682158	0.0706258973624141
0.664094674045115	0.21063730965169
0.18964541256105	0.130769172851363
-0.566072599389544	0.411951097282784
-0.873366524216393	0.803259855731961
0.2710473483121	0.267104838884274
0.726204838814559	0.738847397768689
1.45882232655703	2.22674549336524
0.0434207329255791	0.0316949684956518
-0.52141433065344	0.197411751800862
0.15233987937513	0.0517938708023709
-0.0645012696761635	0.0280364518532818
0.15626975600377	0.0292821097759299
-1.79835097978106	0.382953978270685
0.161787544386438	0.0408470066516523
2.35981829928735	1.18289998282367
1.45575253921811	0.48289648887464
-1.79827400712943	0.382942964938875
-1.79835097978106	0.382953978270685
-0.628347365301396	0.153568930486371
0.153526628680235	0.0288819285189665
-1.01580640404231	0.402039683595048
1.82284235164019	0.714002514687227
-0.724793109289914	0.248887676452097
0.153247518839476	0.0288421886814327
-2.57747759965585	0.66335545132302
0.160803134128977	0.0406203249121647
0.166307199190119	0.0418280240782314
2.75446121880292	0.769079402442662
-1.13461598703551	0.343230613786831
-1.01772327994169	0.402878067588382
-0.561824847596637	0.542336260822572
0.340421290279087	0.208330405767732
-0.609743116567371	0.541300972294981
-1.02243193496015	0.405269729651974
-0.628347365301396	0.153568930486371
-0.0451858538719123	0.0281790032393166
-0.298840097232332	0.137141924574639
0.146608107950698	0.0710315885768784
0.0123757867220014	0.00621991283687316
-0.132584719625271	0.0747936788125634
0.32928855247623	0.200637055620175
0.173725608506691	0.107447358048806
-0.00600959462037078	0.00388219837384834
-0.774350535677485	0.591923105538766
-0.379564590338308	0.260899279657228
-0.893727554218296	0.745108648816012
-0.515466779883267	0.194997679323859
-0.482652661685842	0.252739084193091
-1.13948670365002	0.344942610687521
-0.599108897150684	0.286827148762254
0.455845401130376	0.183645920619101
1.28267569581257	0.709228648118582
-0.212425755587519	0.0686427185618432
0.154563293556158	0.0524924093434225
-0.214952210282499	0.0694159656881339
0.670649872073233	0.212844236167521
-2.06401436108767	0.939809125258311
-1.03068484294637	0.409174747267586
0.159916637760788	0.0613573035081396
-0.351758442844764	0.101154571200253
-0.721178105137157	0.247635434110556
0.66475647791666	0.210855781457285
-0.601512099677528	0.28810721110832
-0.386659192979276	0.160832500888345
-0.986454475133513	0.489394585447012
-1.02937273979507	0.408458457605582
-2.58120409692147	0.664991486920107
0.150089350755633	0.0510431587517415
-0.722104754812606	0.247977448104565
-0.975403874231334	0.481865195999647
-1.52345223679324	0.544002420480053
-2.57747759965585	0.66335545132302
-1.32846193604506	1.32161261197101
-0.0955198700078735	0.0560422982847799
0.585870035953107	0.470509324247542
0.52571485365302	0.456489776459801
0.362694011139307	0.183450993030483
0.906868116698025	0.932215860385328
0.991920236304481	1.0887662170842
0.0480248901223368	0.0362063849534571
-0.166886680527083	0.129746305182533
-0.700875587425922	0.666356036183029
0.0288531239980353	0.0202717499387117
-1.0183916172605	1.13976074736449
-2.06905985477759	0.943332987473435
-1.02177744930251	0.404938885053013
-1.13190405565215	0.342469779892572
-0.342904767182509	0.0986489157334515
1.06803756463833	0.516794609057395
-1.33087797244147	0.836903364041368
0.162507987983797	0.0870278806862286
1.03984272433899	0.394547494768611
0.671634827760764	0.213161681695785
-0.220500707384611	0.0711541768422124
0.168287851014599	0.0422797449011708
0.948535538575274	0.252058145640786
-0.516012954828724	0.195311472335776
-0.781949546534127	0.425903550308639
-0.143547057897976	0.051380290000609
-1.32500769101133	0.831250425728886
-0.718798226358807	0.246701955031967
-0.217125035480824	0.0701153429967156
0.170216206297202	0.0427061060191571
-1.08452788086483	0.741136257538396
-0.263012930052813	0.164672786863624
-1.04714094793792	1.0923461380187
-0.621405699176936	0.554923715913972
-0.665715703077375	0.466018110823998
0.693471752098148	0.724317183529821
0.298468969134835	0.261539049366574
-0.142431389884614	0.0967448420037522
-0.884880295962703	0.734259570618606
-0.594975067312976	0.484386581357123
-0.175217560812843	0.133118592448445
-0.0250283903595599	0.0159375379304185
-0.108134205808822	0.0746761645785528
-0.268210717051785	0.238305075802056
-0.438196833585953	0.436495978883916
-1.13129699285405	0.342278739405472
0.161415729852303	0.0407561524608698
-0.603533747156033	0.289704932966888
0.446163909138925	0.179453323158192
-1.15643361370706	0.64569667936618
1.45868047865843	0.484047550536175
0.163413249256128	0.0487677019311828
0.158995326023102	0.0475101404657943
-1.51364953741781	0.539764698603452
-1.13582369620544	0.343734699942405
-0.979269080017141	0.4848926069164
0.668176168576197	0.211989237575833
-0.725197552734606	0.249186509576262
-3.08606373064433	0.965887782759055
-3.46066411507937	1.23287376992561
0.609358587176311	0.319987227454737
-0.214926988436609	0.0694297469164798
1.17289180073322	1.46524383468955
-0.22988225664039	0.114851320463469
0.454432327347969	0.183046639295393
1.04304768303814	0.395953390308167
0.165704597093625	0.0417255219351786
-0.764679257511663	0.332374029322147
-0.628347365301396	0.153568930486371
-1.15912761229326	0.647946866901507
-0.914558436815343	0.668631431216596
0.312972201036682	0.22801443737592
0.600720878959725	0.583447178521458
-0.327946732599938	0.308109019138488
0.583495888046304	0.468539434753148
0.29585898840905	0.242037860382247
-0.136690695546943	0.107129691192684
0.190352020063926	0.125150106468021
0.177894648408625	0.103384495660286
0.0579508090777231	0.0339915807107914
0.304938124256305	0.231614205913426
-0.837432540245818	0.948363289547026
0.65567047499128	0.790992766897907
1.58866636871859	1.72872443392034
-0.55999728978133	0.507911527108517
-0.409542493723298	0.348680472808418
0.136525331342961	0.117634845921128
-0.627367542213354	0.153354696036073
-0.214043219597972	0.0691405186433273
-0.627829060935039	0.153504607197422
-1.13362027945245	0.342902172857624
-0.343223291761604	0.0987971723984263
0.528697101266383	0.190116209542368
-0.382985370665843	0.159267211122578
-0.213639314943098	0.0690063709749365
0.165704597093625	0.0417255219351786
-2.06401436108767	0.939809125258311
0.397205872815172	0.179763069864803
0.159311548972865	0.0540967488137483
0.74723239354771	0.627327423734622
0.170185546088798	0.0913421568932959
0.149110313200244	0.0572757439358563
0.166691919569473	0.0419536988970269
1.04077275699432	0.394975733217645
1.4596710675352	0.484293847194448
-2.06840706939649	0.94281622690595
-2.58120409692147	0.664991486920107
-1.79835097978106	0.382953978270685
-1.49257568520459	0.756131708425448
-2.10805646054945	1.61492935233371
-1.27795641856358	0.576376992350555
-0.514630991185235	0.194661861681357
-1.08280512160902	0.739582673492181
-0.267055179543847	0.167436904323775
0.109554557113049	0.0835066463630571
0.0869805962289885	0.0786059226163385
-0.35148469077638	0.335250856858175
0.410698126686839	0.34095151488168
0.332286807049454	0.347753460641423
-0.481400387102145	0.252147469877836
0.454432327347969	0.183046639295393
0.156654653991889	0.0601389991500927
0.947097253557627	0.251590606337117
-0.471037614659741	0.463854233435089
-0.138947207403499	0.139219622305732
0.264037549331483	0.281898179079606
-0.487583376885519	0.365397705720237
-1.4759720877914	1.03282773268415
-0.671227519900419	0.471345151610912
-1.51787907990257	0.541534829420545
-1.52345223679324	0.544002420480053
0.166691919569473	0.0419536988970269
-1.13521969998424	0.343544374381215
0.158995326023102	0.0475101404657943
-3.08164138813046	0.963767470359232
0.288807513219077	0.266818441038971
0.777510935962683	0.867016818522808
-0.0555898649683138	0.0412117336468455
-0.3287598496394	0.261412067124623
0.154180742760212	0.0669349679231533
-1.13190405565215	0.342469779892572
-0.628347365301396	0.153568930486371
-0.343877386805142	0.0989458655028747
0.152567656731362	0.0287430408348264
1.95706969381346	0.441073865263096
1.45674006944678	0.483086167228603
-1.51395570496283	0.539857861420258
-1.79827400712943	0.382942964938875
-1.79835097978106	0.382953978270685
-0.342904767182509	0.0986489157334515
-0.297164855464358	0.136384055570805
-1.13422470394875	0.343215945535417
-1.13362027945245	0.342902172857624
-0.628347365301396	0.153568930486371
-1.81500400399229	0.739710597985082
0.169166036154381	0.082324811025459
-0.382738950210481	0.263371669490994
0.20897761582428	0.197944848767806
0.804651396155496	0.766657288575654
1.42886545492112	1.79363706094846
-0.95977204277642	1.26464357241917
0.00789238980574156	0.00405041560065401
0.154740770752363	0.0525923721877549
0.152289864541204	0.0287035071443224
-0.603569776832878	0.289530217732636
0.869863989335209	0.800719403442196
0.439777538404815	0.536142499225271
0.354165887201686	0.358245941469504
-0.78730246118661	0.429083727873182
-3.08559782341753	0.965445184573826
-2.07347195243914	0.945962551724422
-0.627367542213354	0.153354696036073
0.152567656731362	0.0287430408348264
-0.627829060935039	0.153504607197422
-1.79827400712943	0.382942964938875
-1.79835097978106	0.382953978270685
-1.13948670365002	0.344942610687521
-1.79835097978106	0.382953978270685
-2.57747759965585	0.66335545132302
-1.79827400712943	0.382942964938875
0.163149905636875	0.0486839149701593
0.675067592191977	0.214306398275368
0.320285950233531	0.234073400837239
-0.594624684253074	0.483356278304251
-0.599933705030955	0.489178684118376
0.177144929960873	0.115881943585914
3.63787278219551	1.43230843013536
-0.716346626154106	0.245810055243264
-0.628347365301396	0.153568930486371
-0.628347365301396	0.153568930486371
-1.80197754639448	0.383903353697165
0.947560352748164	0.251716891447637
-1.51200399758817	0.538851635748943
-0.629267545839357	0.153771215183604
-1.79827400712943	0.382942964938875
-1.79835097978106	0.382953978270685
-3.08606373064433	0.965887782759055
-1.50954059367664	0.537955828816566
0.167299398578488	0.0420768316112512
-3.46005827230016	1.23260132520798
-0.146741238694473	0.150252074699049
0.0576546096251469	0.0460357593069913
0.553916165185137	0.464410300298609
-0.0816984503787752	0.0661269971145132
0.830619967524104	0.350375616463859
-1.27032365700558	0.571955904152126
0.167456389266164	0.0498754746523784
0.159311548972865	0.0540967488137483
-0.0353404843096535	0.0264640090371065
0.00620455308039372	0.00540626808541097
-0.224650539251328	0.18521832174624
0.961409323027593	0.656307477558096
-0.485146975708125	0.254376254944444
0.173530750601275	0.0434258550533535
1.95791760701363	0.441280139896969
3.26252567397545	1.12093560535381
0.152567656731362	0.0287430408348264
-1.79835097978106	0.382953978270685
-0.721435304125973	0.247731476182057
-1.51429942551804	0.540079204882619
-1.79835097978106	0.382953978270685
-1.79835097978106	0.382953978270685
0.166311360817904	0.0418484681801843
-1.79827400712943	0.382942964938875
-2.577202278156	0.663064687208724
-0.633409029549556	0.154789771896201
-0.265357409530889	0.235098971281191
-0.070586652176754	0.042856187544646
-0.0196015876664072	0.00926728031327582
0.329151320132747	0.215710140558043
-0.763493068016229	0.33177675339701
-1.51364953741781	0.539764698603452
-0.628807341949763	0.15371861128279
1.95791760701363	0.441280139896969
-1.79835097978106	0.382953978270685
2.75446121880292	0.769079402442662
0.162400863971746	0.0409830958055786
-1.79827400712943	0.382942964938875
0.167299398578488	0.0420768316112512
-0.628807341949763	0.15371861128279
-3.08164138813046	0.963767470359232
0.152289864541204	0.0287035071443224
0.15868166261938	0.0538850546392354
-0.627829060935039	0.153504607197422
-0.654685569567333	0.753842797140333
-0.0482908181935982	0.0397261480704657
1.35550017126616	1.44250508027117
1.24368846369878	1.37461773814214
0.286327196224916	0.256594603083832
0.0490159638503786	0.0287605006240431
0.147743362880974	0.0567523885010285
1.24802803302091	1.05982732036637
1.0081820554766	0.831541773474149
-0.316134751864	0.294427912114118
0.886755807832716	1.39917425566644
0.626421974364992	0.589771336552506
0.160424592988702	0.085825269232212
-0.96673394433467	0.950715798417618
-2.27950293735848	1.15221418001589
-0.982323120743041	0.486814052060041
-0.620362341959561	0.553903079927384
-0.720404519989633	0.247290988830991
-1.13521969998424	0.343544374381215
-1.51084659522504	0.538498609405326
-0.631960666018702	0.15447017218279
0.170216206297202	0.0427061060191571
0.94807088907188	0.251931335472786
-0.728985188347722	0.250504530952487
-2.57747759965585	0.66335545132302
-1.82512255718063	0.744798078933371
-0.725462519324565	0.249202983263282
-0.143315353927409	0.0513295091165195
-1.98868839603657	1.39213581375149
-0.387383277288574	0.161283999419387
0.0118253205503318	0.00598872249171021
-0.454885650432958	0.303025119786918
-0.719737167086007	0.24696632136127
-2.577202278156	0.663064687208724
-1.02074928234359	0.404273099261885
0.166691919569473	0.0419536988970269
-0.344210615318698	0.0990368506115311
0.153360234679046	0.0521189454802206
-0.214295623660532	0.0692156550779169
-1.79835097978106	0.382953978270685
1.45415502686182	0.482281800899209
0.167299398578488	0.0420768316112512
-3.08118534013847	0.963229045953577
-1.51442679709979	0.540163579778039
-1.51299996807781	0.539299955595401
0.162742974316792	0.0485792905021731
0.530962177273462	0.190928486232177
0.912421876773352	0.494599465007198
0.329769476269655	0.201006291198812
-0.763521365008921	0.33199257640622
-0.279427769755871	0.202245329274356
-0.157413604253695	0.147772363004291
0.19318404766809	0.12727427504446
-0.0957215964105502	0.0675824306138061
-0.0821060353332957	0.0728995325178301
-0.0200467295846553	0.00947095800798871
-0.510891470732261	0.193155670362405
-1.0198546198872	0.40400953786834
-1.46409623724073	1.0185474663425
0.358526944552679	0.343999425999947
-0.0787891048749602	0.06482762768549
0.290716644135649	0.261271700161188
0.663780167172009	0.47553861479328
-0.539942997359287	0.342545989746312
-1.08762708649285	0.743572300267319
3.64394936195785	1.43543119455299
-1.33784217501162	1.33664247186234
0.723113743096106	0.641635313844268
-1.13362027945245	0.342902172857624
-0.531783632571952	0.442525888043466
-0.6282908079904	0.153557595992093
-1.51494963266618	0.540305848955056
1.82414885065892	0.714941399976917
-0.627367542213354	0.153354696036073
-0.72990744568965	0.250762320843378
0.152567656731362	0.0287430408348264
-3.75940316744871	1.49041694177376
-3.08559782341753	0.965445184573826
-2.57747759965585	0.66335545132302
-0.627367542213354	0.153354696036073
0.161415729852303	0.0407561524608698
0.166691919569473	0.0419536988970269
-1.24477069261241	1.16472413134226
-0.0131584267941687	0.00634369532514771
-1.79827400712943	0.382942964938875
0.948535538575274	0.252058145640786
-0.632939126134277	0.15468454480873
-1.5137684225729	0.539722178307758
1.82792138819967	0.716884894355695
0.160803134128977	0.0406203249121647
-0.6282908079904	0.153557595992093
-1.79827400712943	0.382942964938875
-0.342569521377039	0.0986187132378211
2.75446121880292	0.769079402442662
1.32769730255579	0.581123287624221
0.666057985126717	0.211344647530167
1.95706969381346	0.441073865263096
-2.577202278156	0.663064687208724
-0.213639314943098	0.0690063709749365
-0.462034899202588	0.388527881837431
-0.294554039475809	0.238001648545198
-0.401392518416776	0.482009298618892
0.0092692146509803	0.00468985253335706
0.741128401084286	0.621309840776131
0.796759042589321	0.479295333975565
-0.234267395718825	0.227165215206811
-0.135010784083115	0.128869679595708
0.106875376224484	0.106849154795053
0.843683641398334	0.995867365817162
-0.130177036992517	0.0734626620002899
-0.947157750884078	1.00458901653587
-0.675887251739195	0.53485968975084
0.91214879363877	0.494324504943397
1.04127213532569	0.395069586950447
0.62601678801491	0.589296867217229
0.192536952024457	0.149178965643717
-0.635222132714857	0.612543893139269
-0.089701949137821	0.0800999173553696
0.154990846394639	0.067267247391589
0.161399320899091	0.0547651772106257
-0.0931039977532801	0.0369113673505252
-0.772774695536949	0.336694031615816
2.11974097879103	0.951220462633918
1.95706969381346	0.441073865263096
0.155986207086685	0.0292416787556187
-0.346493976209143	0.099688871662609
-0.342904767182509	0.0986489157334515
-0.62503342749082	0.152907838403333
-0.719465582528739	0.247026553935257
0.169606362252511	0.0425824743634164
-3.08164138813046	0.963767470359232
-0.210885940288382	0.0681499284526665
-0.628347365301396	0.153568930486371
-1.51019343351841	0.538270963770231
-3.75401437740445	1.48667662741171
-1.79827400712943	0.382942964938875
0.152289864541204	0.0287035071443224
-1.11898205780709	1.45636038173256
-0.492103512468012	0.258769684911645
-1.79835097978106	0.382953978270685
-1.29411965119168	0.582172565143005
-0.342569521377039	0.0986187132378211
-0.349124689538762	0.10039174648187
0.153247518839476	0.0288421886814327
0.672620264139241	0.213408873137932
-2.57747759965585	0.66335545132302
0.167299398578488	0.0420768316112512
1.45674006944678	0.483086167228603
-1.51853446946828	0.541976089171892
-0.143034785337113	0.0511857384265564
-1.51787907990257	0.541534829420545
-0.601411920038621	0.288211084942193
0.165318598359952	0.0416114067368304
-1.81500400399229	0.739710597985082
-0.211147146065051	0.0682441817050335
0.486414249789603	0.334774716765733
0.282510434969332	0.245116735137402
-0.709120855408528	0.854318703728083
-1.86855332439785	2.65075779601629
0.0330988173101854	0.0181822049317457
-1.2003854928395	1.39586717683315
0.303366295762712	0.364539178068081
-0.398847608348291	0.477973630453346
-0.0291428908687791	0.0241319641007761
-0.700521174001715	0.666591742670032
-0.857563028010426	0.919521711639906
0.508284493065982	0.557492162540125
0.135466804995233	0.110997467675334
0.305493954241712	0.232150522164913
0.169883637963599	0.0985843900154075
0.21184013851743	0.171506710892592
-0.279192201499052	0.249720797127435
0.161509832515428	0.0864926557431552
-0.245430240433067	0.181489018605562
-0.385194544893866	0.432386225293301
0.353301826802801	0.178239733511526
0.15765092966908	0.0471346053937249
0.156288643580883	0.0530843864160785
-0.486172310450212	0.255302166290046
1.06989694527242	0.518493824613893
0.15566119641323	0.0528907668896057
0.149464413960118	0.0283283450696208
0.690541517510646	0.323402966453841
-0.212983283899145	0.0687817460409594
-3.08118534013847	0.963229045953577
-1.14009620739235	0.345227889980206
1.95706969381346	0.441073865263096
0.166786027725508	0.0496866477008084
-0.0896410105767752	0.0356287695912577
-0.632939126134277	0.15468454480873
-0.0964796120501683	0.0382757369954287
-2.577202278156	0.663064687208724
0.152567656731362	0.0287430408348264
-0.514208028381154	0.194408794277539
-0.394259341388564	0.164337716770981
-0.214295623660532	0.0692156550779169
-0.511519041389722	0.193429014825003
-1.26782842660809	0.570441623693441
-3.08559782341753	0.965445184573826
0.167679655711552	0.042156489933972
0.947097253557627	0.251590606337117
-3.45598446335482	1.23025555319821
1.45316902836548	0.481724936898338
-0.717014216380814	0.24607192548599
1.95706969381346	0.441073865263096
-0.724270980279016	0.248747351366331
0.166691919569473	0.0419536988970269
0.156835118177656	0.0532837121933901
-3.08209765998152	0.963916510480773
-0.343877386805142	0.0989458655028747
-0.278463513276067	0.201256085894129
0.39455207286391	0.178336839083537
-0.976655597147032	0.48331333967379
-3.75466048479637	1.48723142869904
-0.600453579581287	0.287542894724283
-1.50924713819136	1.69998233850696
-0.0745217086690557	0.0600833168322472
-0.22290425894809	0.183534512548852
-0.575145007878292	0.672211312954309
-0.0320153264654725	0.0235757288385797
0.0586933250537232	0.0457088209393991
-0.243990408411983	0.180234944927308
-0.4662470363486	0.457536840487254
-0.532288491708557	0.443238668994897
-0.417057577332979	0.356656396142973
-0.495741256365765	0.581124993761942
-0.506977426455063	0.492482775048123
-0.390809116594728	0.220941964546121
0.406770202646539	0.336965876057938
-0.110419404475424	0.0872386543288662
-0.417132232437616	0.469042025537801
-0.215705232643731	0.176428523614549
0.0426773646198886	0.0321181625795657
-0.615733433760833	0.747614146885994
-0.401251665536697	0.372087032212475
0.0450902316507339	0.0394034151092898
-0.467702751400893	0.459607382665048
0.2111616231015	0.165330434873372
-0.230264103744652	0.190459549304808
0.00073560961277459	0.000559525298059022
0.047496534218145	0.0278280530532361
0.397531817401936	0.354250073264288
-0.167878691275163	0.140556553108615
0.190169241460676	0.131167828580715
-0.256303088371948	0.159930703555717
0.152263467777791	0.0584865836523203
0.373213756568532	0.189387369020431
-0.342569521377039	0.0986187132378211
0.152289864541204	0.0287035071443224
1.33366758907542	0.584614927374746
1.33300648117334	0.583999950109349
3.63685963656738	1.43190397098036
0.15626975600377	0.0292821097759299
-3.09005031168239	0.967298189535081
-0.343557529393447	0.098858556674811
0.14602356832672	0.0561164814201556
-0.340926891852112	0.0981051026466341
0.454432327347969	0.183046639295393
0.677197674373577	0.214945829616813
-1.01800776945425	0.403095119703069
-0.507775655499114	0.191817028036704
-0.213871750896534	0.0690577255793313
-0.340124379015428	0.0979309335927298
0.165594211957363	0.0493598676029419
-2.06750813492524	0.942214241335458
-1.024931295921	0.406505232933835
-0.719737167086007	0.24696632136127
0.152289864541204	0.0287035071443224
-1.27626395926511	0.575339142684756
-1.67146640303477	0.944150278462579
-0.716346626154106	0.245810055243264
-1.79835097978106	0.382953978270685
2.75446121880292	0.769079402442662
-1.5126542472202	0.539316353407404
-0.2158114783221	0.0696872968087198
0.670977551868057	0.213013404742869
-1.13461598703551	0.343230613786831
0.156004173205372	0.0530087596813196
-3.45598446335482	1.23025555319821
-2.46627508095628	1.37198283430634
-0.767523934479266	0.334015614821553
-0.721072169669292	0.247553433626533
-0.340267353245188	0.0979635983524449
-0.215184417856504	0.0694920488130609
-0.518291188919032	0.196145138894588
-0.975143708565975	0.481983361314072
0.171152002215193	0.0992319272072037
-0.218661513869126	0.141678216602005
-0.394817082850977	0.164570915301435
-0.0933195400837994	0.0370288533821089
-0.754888092598883	0.327381185613808
-0.305319115938652	0.140319581810855
-0.239235704816781	0.119785706408093
-0.525454206010717	0.436148832971332
-1.67761366647902	2.40624168850791
0.492295591455635	0.550083343430301
-0.129195325332761	0.110198113951796
0.151317926799262	0.140756789759143
-0.00779447063411734	0.00502511990116134
-0.490051248372767	0.445841122070966
-0.561248661961392	0.541748353196609
-0.234200640366069	0.227048653629324
-0.172203706933025	0.157198407502789
-0.335707121562254	0.317050402130251
-1.19880054730481	1.39346993106439
-0.84420342833042	0.959616012979091
-0.429752497298448	0.457571032896983
-0.0286023543537766	0.0213655475002482
-0.684182821808673	0.597245893875323
0.201996887766677	0.213850147574355
-0.412355532037424	0.488763473119049
0.312040833112184	0.215564548446688
0.514819773401068	0.329138851046551
-0.399143548322736	0.427097233128098
-0.346159845309641	0.352277318669648
-0.215100085574706	0.209863651245338
-0.368408665513339	0.371122895624763
-0.531544287635485	0.551467087856804
0.05327028189169	0.0413857940642083
0.0563405271460444	0.0438156111855878
-0.633171085215131	0.647889790473649
-0.108898456950717	0.0752350612019729
-0.524248965490516	0.434804416325797
0.32418576261322	0.225204548278356
1.24651219273231	1.37906474350394
0.585323172561804	0.47045552836726
-0.13420900638446	0.0758233721871062
0.159569841409827	0.077408877593196
0.158295623965939	0.0537437342857409
-1.27845397701053	0.576387233560356
-2.27842605503229	1.1508820194728
0.156904220635532	0.0602275171537131
1.11863376945232	0.85793811099407
-1.13422470394875	0.343215945535417
1.57278849724946	0.782718881338606
-0.603042873768937	0.289200479461177
1.04211818703896	0.395589048045566
0.551855247201508	0.321175327529292
-0.178793447839267	0.0958987772001113
0.165858197331239	0.049441036827577
-1.0198546198872	0.40400953786834
-0.649635763368028	0.38577404029094
1.82316587137561	0.714400972353312
-1.02664458637801	0.40719807785852
-0.213871750896534	0.0690577255793313
-1.01896064431893	0.403433301964411
2.56296092388369	1.42445060330863
0.152695904071702	0.0663165248404396
-0.516726487620638	0.195487204534031
-0.143905854186937	0.0515385054799117
-0.624566751454544	0.152757086863399
0.150251518108603	0.0511196116992592
0.156635510732265	0.0532014513857662
-2.06905985477759	0.943332987473435
-0.771212103525738	0.335819741918024
-0.146483613250347	0.0524206738570132
-0.343557529393447	0.098858556674811
0.158323275965016	0.0473326847049123
0.163253158978843	0.055373071248357
-0.784731690111903	0.427862081360966
2.12158435823691	0.952317198033751
0.694680467931084	0.325509804917401
-1.02181759550244	0.404915960039854
-0.768705989684847	0.334579180836752
-1.8102563556085	0.737065861487772
-1.51299996807781	0.539299955595401
-1.48003021054625	0.747396111649981
-0.515386124508146	0.195003549529837
-1.27991532525882	0.577621762450699
-0.786118923525928	0.428616616401926
-0.647408605943866	0.384128952003547
-0.232509057244501	0.116172307186019
-0.150009156412849	0.115526048659347
-0.691992751391721	0.60642813438703
-0.534323952585943	0.555625470105312
-0.378666867985547	0.469299562914917
0.200513402074999	0.180127384048888
-0.611665265445491	0.543585952473026
0.217779189828974	0.192933857610425
-0.0730656450554123	0.0599279388215936
-0.634307825212527	0.779308352040631
-0.331293503856443	0.288844572828871
-2.14545157877999	3.59697394980388
-0.405979424536258	0.344867554281765
-1.00218977479353	1.19438068347704
-0.15511593550659	0.131828581614824
-0.493252826577866	0.370475550232251
-1.09264610013941	1.05276879399379
-0.333040834774291	0.335836098603531
-0.185541121922893	0.183596216851881
-0.0273496857110603	0.0250822567117076
-0.688196767745821	0.957632479013369
0.909728656163563	0.936777828548754
-1.71174868043584	1.43679506884877
-1.16170823570646	0.650440121846561
-0.417030071020227	0.468869998084442
-0.694793485556042	1.07487236904851
0.991230421453669	1.31114776265408
-0.364530253046308	0.366174647239341
-0.602478724632011	0.662748512125631
-0.512165359506361	0.567393373424017
-0.0909414266907495	0.064096835814868
-0.119449056772151	0.0829035892529297
-0.0212254105824847	0.0158405947943098
0.910282785814361	0.937058951325009
0.725207074691403	0.481909881227618
0.161213113410824	0.0783448361090715
-0.782699462092169	0.671093944199406
-0.77325302517543	0.779654873827258
-0.385287120101836	0.265421965955023
0.344299796500824	0.192840470409629
1.25577408488026	0.874799972477296
0.602080769470943	0.31533730917058
0.161172763513958	0.0618589033233582
-0.0544799652702283	0.0237648388470658
0.156825069451733	0.0680466718392824
0.457963644004891	0.184423560857193
0.612683767341109	0.321766847158027
-0.78493399479242	0.602767145050161
-1.08670789413998	0.742094610538802
0.159935442363796	0.077707833429025
-0.0144970038570515	0.0069507076906102
0.666057985126717	0.211344647530167
1.04211818703896	0.395589048045566
-0.719465582528739	0.247026553935257
-0.483706325629852	0.253588652675229
-1.08143876871932	0.738177396315166
-0.207755228062747	0.0671646434701178
0.170216206297202	0.0427061060191571
0.169336819857409	0.0908260565715602
0.156405419701574	0.0600373427044117
-0.39331988658492	0.163981075525171
-0.304479157517064	0.139902024501374
0.165594211957363	0.0493598676029419
-0.725197552734606	0.249186509576262
1.45575253921811	0.48289648887464
-0.0933383356565446	0.0370733064011173
-0.645188369216944	0.382355663204
-0.148494010120486	0.0531167923480848
0.670977551868057	0.213013404742869
1.3345487412554	0.585101958973942
1.07544569043419	0.522071242089741
0.449618779962129	0.180872500408506
-2.06466636020324	0.940256308265765
-0.605396024026527	0.290743889424045
1.32835939985729	0.581492410233576
0.612683767341109	0.321766847158027
-4.22470972852219	1.98742351025511
-0.767761488763089	0.3340892272935
0.798653141009801	0.481563534404209
-0.719862779167192	0.247072455212921
-0.981199840888374	0.485833522403223
-0.636249547276189	0.375820828265596
0.16207239788399	0.0483767472480761
-0.59882136533025	0.286684243260404
-1.32182754991782	0.828540531572284
-0.235224594770289	0.117678231818164
-1.48003021054625	0.747396111649981
-0.098286354113268	0.0576959366418458
-0.288273918711834	0.232115712263147
-0.776345920824404	0.726222403744599
0.183477737323898	0.113821494654665
-0.676326382307665	0.535659336196087
-0.530459268678866	0.335390586294305
-1.34312694599471	2.35277190851443
0.490658764878917	0.59989320231452
0.557509800320606	0.723974970838559
0.0487869738899182	0.0367845916791954
-0.365427957770667	0.341815929980906
-0.0513183000886394	0.0372846805624605
0.0407511608142704	0.0348221995209183
-0.533667747010621	0.624405397345685
0.380613452727696	0.347789152377417
0.62397812928493	0.47694948365416
-0.292704905288589	0.213213730725369
-0.0331201089645825	0.0278380388349183
0.0330711045184969	0.0240849782780428
-0.369612219202775	0.372548905935668
-0.724082368320924	0.96315933271554
-0.592316991006458	0.481132623279931
-0.94863805218432	0.582334045614287
-0.772300977143953	0.65922099915981
-0.597494031117688	0.767022984861853
-0.111570306244529	0.104575286919107
-0.625694157462168	0.87823797106051
-0.840499147959736	1.27511143737123
-0.424014617138519	0.418419249677806
-1.02154175669654	0.404862567676398
0.00125499879428416	0.000835603949210924
0.316158464323183	0.341979051847311
0.151135405363253	0.13766400674128
-0.557178809172605	0.615997595419954
-0.601532793404711	0.661385104577709
0.0818816686613851	0.0708952684922273
0.0268104128131517	0.0222696033815922
-0.0196342581751671	0.0125383649854121
0.115395477125069	0.0855675065729714
-0.0977069807632578	0.0690707757015902
0.966746881661508	1.18661969074236
-0.245066069541741	0.181206557702896
1.24667002454805	1.05782844716127
-0.423049712092406	0.323874260310092
-1.00127492117299	0.901889938104111
-0.176347477608389	0.0945278142769097
0.161224192317033	0.0783551911407772
1.01387687129057	0.838784301542651
0.718369920604834	0.476282687391436
-0.528643609192139	0.334029517447652
0.397961322623372	0.179920072195054
-0.0149408650193332	0.00715104907095772
-0.385847116564711	0.160532229317468
-0.976260403903207	0.482632667431988
1.07049383091777	0.518656679919071
-0.0108438409386209	0.00527904055258285
0.361348263964172	0.182688512900458
-0.0973245287215162	0.0571411312069912
-0.642798709435189	0.380177505548048
-0.0248899303496114	0.0116827476421829
-0.782478838954926	0.425781425360571
-1.16749684771651	0.65495675296631
1.27378774664775	0.70229507469437
0.00336527106505092	0.00183118137358586
-0.488001860652102	0.256368102780648
0.0321199360496047	0.0176214474051391
-0.66153710356865	0.462536104423681
-0.142440177804696	0.0509737826404277
1.07562959364699	0.522094861817641
-0.447959342963573	0.297566008292896
-0.564099624590464	0.410268520140677
0.717759004081675	0.474696933906852
0.395889568519179	0.178965392192784
-1.13521969998424	0.343544374381215
-0.725197552734606	0.249186509576262
-0.218731141682158	0.0706258973624141
1.28581654640313	0.711646332636786
0.404053080970234	0.183058046780863
0.449846097769576	0.180981984312599
0.332032455626577	0.202488920806602
0.342956983513116	0.191997470351519
-0.385767571605602	0.160596773823197
0.159383083264363	0.0611617480438141
0.166691919569473	0.0419536988970269
-0.395071670435589	0.164675396539339
-0.77629538629846	0.421780797117213
-0.389569741096937	0.162139446571965
0.178319913653866	0.103641702753277
-0.452186304393173	0.300794317028053
-0.401287902244897	0.227899454346686
-0.217268092636228	0.140695879723645
0.178254154854024	0.110290592254802
0.883624975635811	0.661013654746806
-0.32410088300604	0.22916328124341
-0.494154674564686	0.371305615264905
-0.301940142393775	0.286302489370988
-0.911084309498913	1.08917690322006
-0.596679427884882	0.48593018174252
-0.688345974439996	0.650599715580471
0.30018370988748	0.237063138175445
-0.303298672608234	0.287904626854204
0.585033011280099	0.664501104604921
-0.976529722810343	1.38471961506119
-0.71571649685295	0.866124782663911
-0.0069353964111196	0.00446354916164
0.345948814875094	0.347931683019047
-0.11662678829324	0.0924643378089527
-0.704676273775585	0.805373219606541
-0.825345440962873	0.984630721813783
0.39450900217538	0.350916434956431
-0.718668521298622	0.784317647810512
0.0221059462662762	0.0155466787246006
-0.33624578599787	0.294113084712302
-0.591978990924933	0.614996606053114
-0.145446546348616	0.0989295583108105
-1.17201326388464	1.19920875279681
-1.03195321714487	0.824898202135179
-0.603464959869623	0.533843014124435
-0.0796369951966079	0.0572211337425637
-0.585066700420749	0.7168281993009
-0.254640669015257	0.230055963812497
-0.645285672434033	0.664876714404204
0.343823020349881	0.36303548426391
-1.14431262919103	1.40484458527227
-0.275756777027005	0.199171807315864
-0.114872894873275	0.0910000934874615
-0.0896589872497587	0.0714986414942786
0.082983810005918	0.0704289067705221
0.415912530225052	0.434312849024373
0.114092088843779	0.111048199320712
0.698949593031629	0.906362496568713
-0.178916852590265	0.136147770993141
-0.269605761654132	0.239669612464666
-0.461792187989072	0.388310289535856
0.0747521239320899	0.0487388311060342
0.450085186543891	0.346264246083414
0.0471887712423147	0.0344778086375018
-0.172179318945971	0.130561061484914
-0.63329789470428	0.609962558670285
-1.4259460401078	1.51666275842448
0.157212954461689	0.0603521678958182
0.0397905649166777	0.0217983646239956
0.908223326463872	0.49152217183596
-0.214295623660532	0.0692156550779169
-1.51429942551804	0.540079204882619
-0.976521350600269	0.482583572204608
0.5302361559562	0.190641185309064
-0.220046200254686	0.0710211291721289
-0.774956509925913	0.420868381491535
-0.725462519324565	0.249202983263282
-0.143034785337113	0.0511857384265564
-1.81909546969486	0.741894858619222
1.06338591920983	0.51456019585082
-0.221816427469634	0.0715497660587192
-0.723601171891188	0.248501036925982
0.531842803938449	0.191317098366628
-2.62621124474158	1.6059909185949
-1.13582369620544	0.343734699942405
0.558449150090607	0.325887878014809
-0.143034785337113	0.0511857384265564
1.57891100532146	0.786935009694621
-0.975701969459145	0.482325107667453
-0.604096834414727	0.28983366111868
-1.81937129385307	0.742146991690708
-0.984765661870787	0.488199644312678
1.57872157530349	0.787144638169878
0.155772186343628	0.0529121216223452
-0.764086062426498	0.332088631279259
0.817368879742748	0.343856847315952
0.153526628680235	0.0288819285189665
0.61484505155218	0.32314010902331
-2.62823358662919	1.61028147294
1.95791760701363	0.441280139896969
-0.0927896157019774	0.0368282351882246
-0.628347365301396	0.153568930486371
0.160875819484411	0.0480497781693361
0.169606362252511	0.0425824743634164
0.616624928249715	0.324413231400801
-0.306660844402068	0.140961840218228
-3.4565848348623	1.23040818352441
0.176526058731172	0.102512988664988
0.0032156399060039	0.00175778648923039
0.162189589756564	0.078759260115974
0.795793023129799	0.478617984563567
0.788176623266247	0.473060268776384
0.17926721599144	0.10422777088185
0.00814185940933191	0.00413320549142151
0.0763501160210731	0.0498018879925057
-0.711684305043451	0.773407074514453
-0.467663481935686	0.394451302719697
-0.640626259559373	0.378765456735092
-0.220014738137861	0.142583546256407
0.283655794747393	0.261235087355939
-0.451733074474941	0.417361875000791
-0.0755958999108679	0.0740017072350812
0.0579876634285903	0.05207523259733
0.559001893348441	0.573328267669714
0.195021925387262	0.140679972834944
-0.432347208539128	0.536380261805706
-0.199552909293394	0.221798443289189
-0.768314484426081	0.969796486400296
-0.398852005553847	0.398842018310246
-1.27887919536051	1.7202209174308
0.19244479846738	0.144011589174362
0.317121100104581	0.206751886882728
0.180388845755477	0.118167988687769
0.419754257893888	0.334430322720386
-0.366654508038789	0.315852412716615
-0.407112968533934	0.346029707286896
-0.0287978422492182	0.0183342483176499
-0.493234288367496	0.370681651156374
-0.324019619380742	0.428651196279253
-1.31768629872471	0.824066528233372
-1.24758538969103	1.16794060104567
-1.14529780480353	0.996744657788783
-0.479426911299153	0.251383955632356
-0.8437702376545	0.898074503551979
-0.674947552975518	0.533611389781685
-0.775210908879443	0.835075954718251
-0.681993226997592	0.909697921095367
0.862503576185308	1.02721294053867
0.6445705787364	0.708240318125789
0.0629379280431386	0.0587097224357312
-0.368043868604894	0.417758433211371
-0.0122852011888081	0.00932362639890677
-0.605682211075754	0.699474852482457
0.130940630524959	0.104032400862308
0.15739808750035	0.150046946528579
0.489468241171949	0.626307736642977
0.0024704264972404	0.00193045259354164
0.151747725817151	0.135253345862221
-0.0427738235680176	0.0315372553692739
-0.361733688265617	0.36247666650847
-0.126744219650534	0.127584956214889
0.2063971466731	0.166575680877647
-0.115648450861394	0.0801553191278556
-0.879078486610659	1.37850270944133
0.206652281884857	0.203943957432648
-0.994620067852499	0.892772122705463
-0.149378811647256	0.101741366373683
-0.42761667157577	0.454550351594069
-0.405561235758658	0.527972251063862
0.0366534729802473	0.0201111688065396
0.0402092855168053	0.0220249734794215
0.155037804021813	0.0594966888596224
-1.01776700319907	0.402943187092934
0.534451222825175	0.192245698269146
-0.764348057314127	0.332483080084793
-1.02116299616938	0.404658802027825
-0.21049146922482	0.0680355104001863
-1.02140349604103	0.40462053419898
-2.46045150595468	1.3676270586331
-0.597765523029135	0.286038400623464
-1.27230614673154	0.573209237266735
0.166528409127177	0.0496297620210776
1.57030373073065	0.781115955239476
-1.51494963266618	0.540305848955056
-0.512353993368551	0.193709985793353
-0.395629985495349	0.164908907884731
-0.717859810282598	0.246260199746537
0.152289864541204	0.0287035071443224
-0.392333825511445	0.163462028851127
0.149358487897967	0.0573759536116166
-0.526539251031829	0.199502459143743
-0.632432130022522	0.154575713959717
1.9670841940009	1.23187525149801
0.153987654009519	0.0523299241322952
0.533792789739045	0.192056407531968
-0.515466779883267	0.194997679323859
0.166084152255821	0.0418055330790301
-3.46537741354921	1.23478996980869
0.670319945898335	0.212719010726886
0.159243500678224	0.0475711313965371
2.11974097879103	0.951220462633918
2.75722496636877	0.770257049482932
0.161598530636796	0.0548314464506357
-0.386101597786083	0.160565058083693
-1.08988495806943	0.745844392822889
0.913223346085098	0.495142411675571
-0.597237834922278	0.285650464722113
2.74316203720599	1.67972323643683
1.282115369111	0.708799855729737
0.152686341340135	0.0586077786643544
-0.764086062426498	0.332088631279259
0.304751930587005	0.221082645511952
-0.289709938339739	0.233394638373033
-0.726130926524143	0.883941699148579
-0.54411082638287	0.48898370615416
0.0326792379636067	0.0179554042606337
-1.01483471580696	1.13381736135732
-0.533809641460966	0.624876770450437
-0.177249593138656	0.174331214878231
0.291557517693284	0.269801866183478
0.688012386688141	0.818607995910123
0.613561268685942	0.765129427038814
0.333089688493557	0.357127243380557
0.145306142653511	0.131783121828247
0.292276765445763	0.238583554440016
-0.784322683877352	0.602022119898326
0.717139369148886	0.725782458542487
0.00946737376783731	0.00746585399271408
-0.447808347823624	0.469085549915491
-0.714105623123283	0.821127953165595
-0.312870866336444	0.343601113359473
-0.0885973930918188	0.079073663651764
-0.960333447107909	1.48326689364572
-0.132077655087942	0.103270340144782
-0.406010757787082	0.377540231124294
-0.412591695361107	0.351885474794288
-1.21161373690254	0.912982183659387
-0.921525811710202	0.676456189069686
-0.0430983612535503	0.0268633932250395
-0.381283276383403	0.262291711659804
-0.510536907176708	0.496913483306873
-0.0908737746154267	0.0532492013336181
-0.207416388468062	0.155605265588535
-0.917772065191918	0.672471403761993
-0.777779504839278	0.785742976533607
-0.317608229495157	0.223841537813311
-0.69239011283308	0.606888285407914
0.0045603901887136	0.00239809587132614
-0.475620055913356	0.248893729211664
-0.0408531833238539	0.0254782218283819
-0.708500844954864	0.724009670937865
0.0147727641561892	0.0119731680406608
0.0761729699236507	0.0657378365185622
0.0613323675694274	0.0490690077503951
-0.0627055905522781	0.0511303340075751
0.292219999839065	0.246932242544214
-0.457460015344178	0.305193302151251
-1.17965193047673	1.21118591507507
-0.378519320923611	0.383724287731382
0.144194299413055	0.118785533212572
0.181609979809846	0.135024571180861
-0.77314550628581	1.11527374995751
-0.112136747425899	0.0887026183495209
-0.369757829775222	0.397121271343029
-0.081991297700098	0.0650715840775467
-0.138855615353368	0.0784956693455282
-1.27471846773098	1.56093947523487
1.26395524597713	1.80076923219053
0.405712301040053	0.335861238871634
-0.320751669473252	0.226394013703958
0.618086209432337	0.470856725175563
-0.763525487245654	0.915779168161027
-0.181099431529467	0.138031277333588
0.327441532196277	0.199450061717845
0.157771079018536	0.0605593318935867
1.25379882224371	0.871832275652155
0.963561704630021	0.658298952747263
0.721744083834232	0.478994621755707
0.796658269205081	0.478932651110075
-0.785618454774894	0.428249977273991
-0.220701982745366	0.0712623910786716
-0.386404316735073	0.160785514924726
-0.179397730521804	0.096143736316558
-0.977210223216093	0.48363398854834
-0.317944931535559	0.190374728563452
-0.0486214768859016	0.0212915772611421
-0.139034402758614	0.0498144544844224
-0.0538704804588568	0.023522949439285
-2.27905215658492	1.15133868444626
-0.302515588736306	0.138831168276516
-0.978156667052671	0.483981865039004
-0.786961588278445	0.429105349763274
-0.601235233245331	0.28822318274267
0.153068665402742	0.0587995504985548
-0.310122750584667	0.142665117719073
-0.976260403903207	0.482632667431988
-0.344864025255158	0.0991853144395914
-1.26908139413084	0.571043167977028
0.96114263324364	0.654716970707245
0.824791885509457	0.347423104441754
0.557831295072869	0.326002470654061
-0.763997201318091	0.332058135370589
0.399300603945175	0.180806812694749
0.903214015624668	0.488433323064396
0.170597157616308	0.0428000407476464
0.957624709658392	0.65127957819118
-0.604056808375017	0.290024647212789
-0.662046711462946	0.462871385512073
-0.461649450253793	0.388118778484766
-1.24530986032109	1.16488187102958
0.405109378959646	0.183503178802181
1.4024439600694	1.09050592283142
-1.32136890295351	0.827203656953167
-0.236560078905193	0.174131927746203
-0.177368058985189	0.117947267780364
-0.369526240474447	0.288313872618977
-0.631212827637462	0.607398389427553
-0.992336773031233	0.88930306449974
-0.171294421594971	0.113559569187576
-0.222963168820932	0.144681403181176
-0.429948363378767	0.330709582989242
-0.0125209612459369	0.0094516776381198
0.293826043696755	0.256780508591195
-0.247810941703291	0.222949241125229
-0.689266507442452	0.958941533238656
-0.481990338436146	0.538319880287752
-0.530513496324864	0.619740104398057
0.117414243060528	0.0925873144278477
0.507892163470867	0.457264165854585
-0.43114123021064	0.427557785712048
-0.423087929655943	0.57346893802922
-0.287143444141162	0.276268773601952
-0.71885702954379	0.871261657981299
-0.209115155812581	0.156977528623787
-0.0742863566177735	0.0451307112353185
0.0747740807237857	0.0630954428174261
-1.03598969183384	0.829466915086289
0.610190683132521	0.32052365969058
0.439878164956222	0.336469556196814
-1.01617378963507	1.13581451453244
-0.416202035159227	0.35545174729203
-0.704869084398877	0.718839820363923
-0.175125109005116	0.133036942847379
0.665995787434676	0.608733308563887
-0.0212016855134897	0.0135251306989811
-0.677227784533059	0.536566791731219
-0.707510705974477	0.722630122962756
-1.22416300005918	0.926673447421327
-0.705022154871481	0.76350231853108
-0.785288917034724	0.603784715154075
-0.423792941530365	0.324933835292828
-0.11395847161488	0.0981438011199792
-0.0455400108455447	0.0373872486053649
-0.273131467483321	0.281972180385818
0.199918435137254	0.203891647253436
-0.213925683731137	0.180003723562273
-0.18547278210592	0.0996224760694071
-0.449526942970157	0.298463967174415
0.34015463919302	0.331484884259813
0.390678665280403	0.422536161830994
0.278141605153795	0.262133205897627
0.282848393331521	0.2603267461459
0.122249734673969	0.0966837324124505
-0.492574384000051	0.515625304050039
-0.782715497611421	0.899021110153491
-0.367878587422208	0.317166024556285
-0.362142690091392	0.409040416185863
0.127571354195881	0.0982668045911048
-0.260580520797592	0.213244342141925
0.865397330345547	0.795476918071759
-0.649090636520825	0.669964833377599
-0.0910995893514251	0.064216210509781
-0.381738955162479	0.299941105410186
0.33182547945423	0.202510709137806
0.363462949118287	0.183920808182735
-0.319334944599795	0.19126825935491
-1.27605282856675	0.575459260120326
0.807823124238132	0.646267931126432
-0.39036248239495	0.220682267394759
-0.390795706342651	0.162769933701532
-0.599395684643886	0.286895240610009
-0.0170879786297045	0.00813110272349013
-0.567910785258557	0.413727458547715
-1.02074928234359	0.404273099261885
-0.186347112194924	0.100123050887197
-1.27733268075425	0.576060634882267
-0.787621167510624	0.429522356652288
-0.301175503860782	0.138186771174604
-0.595429668994702	0.284856098989897
-0.219388531614775	0.0708318276022096
-1.27605282856675	0.575459260120326
-1.31864447487082	0.82569846634191
-0.629267545839357	0.153771215183604
-0.597825419183164	0.286122383198801
0.826885083784757	0.348595039349664
1.77489153550875	1.39066681288826
-0.60380694749457	0.289657827684546
1.11562829444058	0.854586004944796
1.04127213532569	0.395069586950447
-0.305993014432919	0.140589930793603
-2.46306860145217	1.36969938171346
0.537164857593467	0.193341885349058
-0.978453179463435	0.484425320262514
0.160424592988702	0.085825269232212
-0.539071446371848	0.341861600975493
-2.06189396741171	0.938221719974652
-0.666050131654969	0.465811578420209
0.583748191050727	0.468239662181953
-0.0201351168809393	0.00951814173750302
0.345207661108693	0.193597234902271
0.456256881559155	0.331371262551509
0.586978642549266	0.759069821720435
-0.942961486738452	0.998321949329798
-0.685090722592021	0.598322877882515
-0.600141246841392	0.489596712252798
0.114875155883738	0.0878765679575359
-0.331940931246531	0.289423958243965
-0.606181579115984	0.537196228784268
0.324740393193407	0.212354784396427
-0.40158496558086	0.372231689098354
-0.0755729987825466	0.0542203882625369
-0.405735090554972	0.377272103181937
0.382396148437064	0.337662361374726
-0.125918078672353	0.100364723757528
-0.198667080071493	0.208177372033558
-0.730717929709668	0.97601559744255
0.524914674757686	0.564115427776881
-0.239976019842093	0.21468340882705
-0.596846554918563	0.793602472392511
0.339809562735263	0.454461934370831
0.478397915791494	0.544423533206705
-0.611422234670435	0.543308377504763
-0.143628555588102	0.0975997947015007
0.0157166289140399	0.011113233770933
0.322147895973047	0.379095703028386
-0.152095066900549	0.128938037713856
-0.0615190998638464	0.0554883756248821
0.0989980652781205	0.0902777240438007
-0.311369867225114	0.316651730718891
-0.0408450841370973	0.0339747945680478
-0.785917678846228	0.520239237163398
0.351990097651696	0.197666079588049
-0.237436870521847	0.118846941321672
0.662717161651969	0.604899239257877
-0.176482299221898	0.134188134813653
0.202648573092509	0.157916103278356
-0.693562113508703	0.657524704849551
-0.301698759356202	0.285803992622353
-0.434405359088108	0.43146450880118
0.0393896454837926	0.0287190705468532
-0.467962406722897	0.459838751581125
-1.34028759913038	1.11109535004845
-0.786236953629966	0.60435459370796
-0.772831260558067	0.659750177187386
-0.108378700043766	0.0747803536805218
-0.499848340695685	0.376813774198635
0.0764730988863233	0.0498808406097145
-0.157591199132096	0.121888820723221
-0.705210177357246	0.806550257155839
-1.50952824216183	1.70035606571001
-0.766295034769213	1.01245985201003
-0.14201135855423	0.122257971113803
-0.241779988564872	0.281441334556469
0.541959954108365	0.712685723807923
-0.00480791179392622	0.00311368566912464
-0.0583016224956927	0.0253969252343214
-1.0330123365748	0.826536511441069
-0.204672597206248	0.187302358439598
-0.111432566508674	0.0958073532421057
0.156336256313057	0.142878508726392
0.212565469702042	0.197182183006289
-0.26616520842079	0.258408661696675
-0.379196481035555	0.410002345023356
-0.868400019323428	1.35340603415514
-0.180374166758062	0.120102132772339
-1.27095128753598	0.572333958218654
1.01748509424844	1.22041942522986
0.967406928478834	1.38810262679721
0.747136324798082	0.628253745191705
1.10742509137953	0.845899883485993
-0.185909888565746	0.0998761266231709
-0.271830246887421	0.170768831420864
-0.0188002276152486	0.00890759244087833
0.613838303678959	0.322548332275997
0.168585522583811	0.0904462858514278
-0.600406295353699	0.287494551486787
-0.640763341303274	0.379516530940416
0.150447848737376	0.0511729703307111
-0.0891089816961055	0.0354497014387017
-0.783351914564513	0.601927832247032
-0.784676347937224	0.518477259706259
-0.215184417856504	0.0694920488130609
0.344657254359699	0.193147966705937
1.77617377282149	1.82449230295937
1.63862830649099	1.15666018035784
0.557411377411912	0.325686699643545
0.48405704292403	0.447688644144171
-0.604624046603821	0.2901142271608
-0.392864998022919	0.222460919192848
-2.29268840426826	1.16162744239057
-0.917168518671365	0.672411704467914
0.921072293423362	0.804399090901219
0.860693600171822	0.789303279238743
1.90606232057413	1.64942201451025
-1.63452043234953	1.67948583670587
-1.09213636724628	0.749002702464139
0.164709938345643	0.0880776224450339
0.455668448840908	0.330892930303947
-0.625082262842105	0.559217903430265
0.850534711368919	0.898477349322966
-0.573497355343147	0.418963783101798
-0.177348364144049	0.117910276351241
-0.00109162674554093	0.000702766024086659
0.437610265047333	0.33463025134186
-0.598580540485135	0.286491607982712
-0.484648919109089	0.254569431843505
-0.587626215619099	0.476551980689485
0.0751445704788143	0.0490015462699634
0.692975767975611	0.607155186911835
0.483133642876319	0.331513420425233
0.968370276209174	0.961831424057537
0.107823217151048	0.0795891035793409
-0.308763644324073	0.273653618449202
0.0103879881161248	0.00523677748789126
-0.776085381596766	0.836740849568112
0.739784056702049	0.842948032148525
0.660764534318389	0.70628053510719
-0.186549554851348	0.172122720982381
0.202889359750527	0.168412716719545
-0.477331363616237	0.471770860288314
-0.774374687487787	1.11740521128485
-0.138747986066089	0.119182141093825
-0.0605282122311664	0.0492862225888679
-0.0908317993159297	0.063994108390032
-0.449828018444984	0.299079142945136
-1.33937988910788	1.53786640790395
0.128560917183653	0.10203379836387
-0.403336832049514	0.404375786353282
-0.179079771813793	0.151081689216004
-0.112122879291069	0.0886988799268613
-0.444940560115943	0.295004684616285
0.175175790917764	0.101787957489731
-0.992258544928717	0.889066486507095
1.33542918143198	0.585518840032983
0.163413613470215	0.0875438211005554
-0.264655650457596	0.165815984214684
-1.14149011837363	0.991337368497852
-1.04846383813325	1.09492459117847
0.520588356729764	0.33331019257226
-0.3757279349563	0.294212557243649
0.875521008730761	0.653149644977619
-1.98322026522949	1.38463612818679
-0.0502293246781086	0.021979402664218
-0.477608943380587	0.431023686561285
0.0429604966437047	0.0252442606933842
-0.483681738265975	0.479808238378121
-0.58718113827954	0.720659027689245
-0.783063605217875	0.899551815377958
0.572848327163718	0.665481681945052
-0.339228451666679	0.321165124901249
-0.156208758745559	0.120710901943593
-0.323349815922808	0.194178131890326
-0.302344719394741	0.138712457398006
-0.262697282725374	0.232476625831117
-0.385055153253289	0.417834783841381
-1.27183959612278	1.55430966549698
0.153223911611949	0.142692926166619
0.22033026809452	0.200642324152997
-0.299213870403296	0.263685071478374
-0.862865279150871	0.860316482114182
0.400363074066937	0.181052106266531
0.193808225537276	0.133908652614108
0.189879960373808	0.12485657646768
-0.387907166282376	0.2675833647112
0.513068225472289	0.327356305727576
1.07071467969068	0.518997529832834
0.698457968917115	0.327522438271715
0.158495830544173	0.0688499392365998
0.347694410066392	0.19500074935109
-0.232047416792563	0.115918508115408
-1.82890080828624	0.746711538670628
-0.243284385226962	0.122001844543819
-0.721740116381346	0.247779502726497
-1.02308669477862	0.405545669724936
-0.298009498331406	0.136708670223186
-0.382937629709089	0.215919389905241
-3.45598446335482	1.23025555319821
0.549881431068211	0.320449580415063
-0.939413676908657	0.575053065998458
-0.721072169669292	0.247553433626533
-0.788088903818055	0.52179968255197
-0.53856862219318	0.341564685286051
2.56957943657821	1.43094151133912
-0.0922429931852346	0.0366585321112953
-0.712961923361336	0.244465863933162
2.74500506482289	1.68241574820481
1.58017658535242	0.78782928766197
1.25684232785489	0.875335458427054
-0.225471937068798	0.112530211065474
-0.213407527517472	0.0689186426519193
-0.0505384940254486	0.0221038860672313
-0.787120279817968	0.429256340098202
0.301449959371794	0.228541776611372
1.03893548421917	0.988036169437893
-0.390630302075338	0.269705628139635
0.0366534948515393	0.0200888330456543
0.316693876024309	0.206348578679882
0.177718293729506	0.110081501997259
0.632234887141198	0.597093049262153
-1.03953023628918	1.08061939711167
-0.945054604832267	0.579859734843525
-0.789741378117673	0.679493900076018
-0.604543750046745	0.49427900644276
-0.429948363378767	0.330709582989242
-0.661901768358411	0.72716627849652
-0.556024757671575	0.503300111899153
-0.68736270702689	0.601041127556159
-0.325187441439054	0.195373473324286
0.103961600219524	0.0741227931210521
1.05903116189025	1.12755664399591
0.19411333327659	0.134102116547028
-0.333156793434215	0.314125639406679
0.447872932977809	0.450163677748257
0.963637575346548	1.1799199041979
0.3100001330776	0.246077271360546
-0.248886390511652	0.224016003276222
-0.179869514818591	0.165155534081456
0.265330999765247	0.278103843664141
0.706802593691424	0.623308001144378
0.0313159477003037	0.0220028170581499
0.436372495874662	0.448993465971948
-0.775138842054638	1.07520349994661
-0.11296625477335	0.0972228163077861
0.0472636406398212	0.0366134339237071
-0.181923271503151	0.121150405796416
-0.00371242453195404	0.00242397771522404
-0.0543784959333462	0.0395413984216051
0.502806654432984	0.549483606352005
-0.244000092280288	0.218928024330877
-0.167496798958872	0.143449392980653
0.259179339606967	0.253089951542321
-0.315608469440799	0.34054879683996
-0.452609570256788	0.301120087229757
-1.14166746133622	0.992748819194143
0.460898849166885	0.335782064053392
1.24757416613791	1.05950902020171
-0.172248769629729	0.092201173073233
0.0488002999744565	0.0285933266473494
0.744038311399684	0.624785819530199
0.30888717376937	0.224578619245597
-1.64449375420422	1.69768864284448
-0.942462725843681	0.99714526096981
-0.96499420012219	0.948581219232825
-0.450004841076728	0.298780586534394
0.0597918564907315	0.035077304162775
-0.0740565649601132	0.0449953480736478
0.208076611696145	0.1681077687052
-0.238439930725737	0.119378909335287
-0.392970158943277	0.222219534932444
-0.554182375397993	0.500988300131077
-1.14526794483729	0.997359243171477
-0.679440192300271	0.538530005241901
-0.776053743701122	0.783597613876435
-0.141910476876068	0.0963670092494689
-0.221065835593038	0.216665333765739
-0.0369718580536214	0.0341126459680781
-0.265480140530352	0.272419845849717
-0.886082256093399	1.40732502096002
0.490455684354655	0.54739845344037
-0.32891833155395	0.233245133132993
-0.90674805656447	0.661401340303921
-0.0214491910661809	0.0160087931788238
-0.528836679349015	0.617092550878873
-0.131126384568007	0.102444292561328
-0.148076201815833	0.127942408313565
-0.0249413506815807	0.021135574582817
0.0259471457925988	0.0220293213293927
-1.08075482775797	1.26706220671352
-0.707106131915125	0.72215839304534
0.145392263292585	0.0630744670201721
-0.904381081753139	1.07653756084763
-0.853930383493803	0.913503900637206
0.325468186238948	0.212798824754591
-0.593025801581651	0.48197276396481
0.00204260279442093	0.0012020406864742
-0.895096690401817	0.746727185203168
1.2795100637367	0.707168067737876
1.11354156066827	0.853153187416455
-0.391096888732438	0.1629812476362
-0.091447731749708	0.0363099197354823
-1.26448429540579	0.56828824133916
-1.15860003683574	0.647540210755094
-0.389824029514932	0.1622220446978
-0.485297964604596	0.254811421186397
0.329574449286205	0.200702259908748
0.00900394833011679	0.00460019928634974
-0.510057880760766	0.192776572817589
-1.01329474531644	0.400735881072596
-0.146483613250347	0.0524206738570132
-0.645567385131731	0.382625863122392
-0.053998615601141	0.0235594321710418
-2.28012662018379	1.15261938216129
-0.534006837248953	0.337834841026101
-0.597536901231714	0.286060552279904
-0.94776437496415	0.581954165991732
-0.764919010559274	0.332363812937212
-0.515466779883267	0.194997679323859
-1.13422470394875	0.343215945535417
-0.214527945453891	0.0692825908233493
-0.47839706436949	0.250603581218851
0.797132566475024	0.479776047931977
-0.235727184003839	0.117949419339429
-0.386404316735073	0.160785514924726
1.33388779929172	0.584486704122506
0.694680467931084	0.325509804917401
-0.0891130379539154	0.0354263445785917
-0.213871750896534	0.0690577255793313
0.669795033615839	0.481257129631957
1.33769715960399	0.586940811923239
-0.0553432222225321	0.0241274622394166
2.04263320583389	1.95156201923685
-0.184532084353359	0.0991057355760032
-0.319653714929201	0.225498737415769
-1.04438104545011	1.08861346622854
2.02889435364727	1.92711539483877
0.520758032964248	0.333545256122823
-0.175642937390033	0.0941114359517469
0.423734080442613	0.338491829036351
-0.179744983403937	0.136922595151964
-0.171778776514664	0.130206283422609
0.442328992145599	0.338975329708449
-1.46585276246772	1.02151131819245
-1.01483471580696	1.13381736135732
-0.411176697028492	0.383566902491881
-0.634688575311524	0.650085740829629
-0.865941083665714	0.793432153295166
-0.671896658196991	0.530975997913555
-0.116091678425161	0.0804854026473903
0.88814386962916	1.0263583953391
0.66579850450497	0.608244571705338
-0.130656162639562	0.0737007389780076
0.110879688957825	0.0820369045775273
-0.15642314325543	0.143922093107185
0.737753434368418	0.8398301344909
0.126388745077628	0.102952919563028
-1.01061498668212	1.38573426388107
-0.0193266233821008	0.0144335596593335
0.0923845857709008	0.0838342815777916
-0.29094481025793	0.280805843495023
-0.899424749074066	1.13283833861793
0.215791335774101	0.195907101898779
-0.312907226174892	0.299018436530084
-0.326314018139409	0.37326411634372
-0.556694389408548	0.615318224479917
0.0992864740276363	0.0680831774257713
0.459630958874272	0.334552853565668
-0.564272149804748	0.545534192556293
-0.146508131440912	0.138820778846188
0.075937350622676	0.0641638104581397
0.148397466924434	0.143150926395737
0.461219554972441	0.545378228186786
0.115876068456106	0.0912673901366731
-0.202513005594382	0.225646077025838
-0.217265978321305	0.14060188787575
-0.397114080887926	0.225348312568977
0.323651496884746	0.2115094834442
-0.979269080017141	0.4848926069164
0.151693574058302	0.0658191799202359
0.999847518662917	0.822146947743477
-0.597524862895328	0.486882274805284
-0.854034541341234	0.913355665056881
-0.149062516796987	0.114716593819772
-0.21436303395093	0.138633942605305
-0.211683445524853	0.159134800142589
1.78366669043243	1.83925440341686
0.0317022696469994	0.0174239393222058
-1.23793845958851	1.15419977907799
1.07199241992555	0.51992522288774
-0.433413926850029	0.333878270363182
-1.0136544965115	1.13169128829899
-0.968579263198575	0.953209451804192
0.164404854967463	0.0951803091399948
0.077375928967447	0.0504913317504591
-1.46570996760945	1.02160653633524
-0.424243946531115	0.418698464432065
-0.869174028305574	1.30264662736774
-0.352703456223217	0.424364295625741
0.202819685289329	0.177876091399637
-0.0274658657815451	0.0174965622800586
-1.21897268478934	0.921372151248341
1.37469131855665	1.27933061119781
0.145320814682538	0.134515608312655
0.318775294065761	0.360058753340768
-0.498017050322309	0.522883937824443
-0.050574202840211	0.0416473778143508
-0.366103489691629	0.423402413894859
-0.49468662683285	0.451300936015311
-0.707484417476368	0.767291938918065
-0.423849745070613	0.363673265360892
1.11477220853812	0.854439133890145
1.24374877206701	1.6369434568236
0.089638148465445	0.0612164628826619
0.440274740578177	0.337080941494616
0.530260244445403	0.461699930731509
0.620782829802709	0.473427059908447
-0.779360916966591	0.514378506793594
-1.48429350815869	0.750733838561026
-0.0972914942702335	0.038583931588471
0.154849995509877	0.0671098659093449
0.155372593274282	0.0528040448022981
0.00923134626339274	0.00469159446897744
1.14265910761799	1.04084764270534
-0.38306949428119	0.26346911098816
-0.180885192861733	0.0970144128168516
-0.214295623660532	0.0692156550779169
-0.385529255210979	0.217621903804135
-1.68683086454621	0.957694970847265
-0.573582694966879	0.419000713887588
0.149110313200244	0.0572757439358563
0.36823686728702	0.186529510396899
1.40463972359842	1.09382480261124
-0.515260306744374	0.194916268075376
-1.59674014550393	1.22707781845635
-1.32036722068622	0.82629328158319
-0.599849000572897	0.489541972843891
-0.783446212436154	0.427005671548173
-0.147307575406356	0.0527017957649261
-0.519547758987597	0.196655157665095
-1.14441924998673	0.994948774168702
-0.308040109967859	0.141734564907854
0.695242860337328	0.325796155950588
-0.233381546795548	0.116632240009177
-0.319284389242796	0.191246081852382
-0.786118923525928	0.428616616401926
-0.949882477861759	0.584487357469079
-0.646487262469838	0.383339995235504
1.54912338945073	1.88434316264869
0.613346988332083	0.466791608823792
-0.586717260323634	0.475499349282636
-0.302154666650255	0.138838114292047
-0.940049058748993	0.993475444932022
-0.488397184970422	0.36614358054653
0.110314804478904	0.0841753556643457
-0.172704008840983	0.114569879520344
-0.784766138179668	0.850070058633229
-0.764586280589962	0.332455882664021
-0.443568226285273	0.407849687322272
-0.59882136533025	0.286684243260404
-0.774043334476366	0.337208362400062
-0.237080249794977	0.118761346364657
-0.303222616539359	0.267857813397532
-0.611718436434094	0.543790669279528
-0.103478014903226	0.0813600567636726
0.111810947059201	0.0827749823885774
-0.880172705605631	0.812166707049403
-0.00405114368009614	0.00264851866469013
-1.42583985275257	1.51660319663508
-0.521816907405746	0.538081176343541
0.0330293291621337	0.0181408302475341
1.12681768241807	1.01983134701293
0.691783270904867	0.722349092813471
-0.561586620358053	0.721556421532412
-0.113914340900137	0.0901456458617037
0.21595653072671	0.210179394441084
-0.473460489015159	0.466872752631794
0.376137482399296	0.431574278614501
-0.13542948646643	0.116025636203668
-0.560250315080392	0.648387895537463
-0.154488002048628	0.1312469650254
0.0118672523731294	0.00964175248808904
-0.0942090588980366	0.0844144511632238
-0.00215524951096869	0.00141376466104747
-0.376369608780644	0.294681102662234
-0.375320750759997	0.293874146662622
-0.410020850076335	0.382329111105874
-0.973639683227367	1.21976620451923
0.203930732575963	0.192287931009508
-0.0905461473976933	0.0637719106350837
-0.437134287770103	0.435042579382259
0.0292102510277665	0.0248174911313065
-0.774502731595612	1.0738850038983
-0.465257070769036	0.456355162097282
0.186649797993639	0.108839666199147
-0.566581112426794	0.412495334868306
-0.44890758072491	0.298443440723657
0.0149999841869949	0.0075418332777868
-2.12131273215265	1.63521193583885
-0.668836131876163	0.468961302464875
1.40098707620496	1.09046148923654
0.0592562861378373	0.0367502858241382
-0.787051865382154	0.521456820806999
-0.610137695340014	0.541796380717472
-0.26055254171728	0.213062411255321
-0.253657219532926	0.206702696040423
-1.73245483454658	2.25645021777554
-0.701709358172531	0.667793573271224
-0.255899698055108	0.225366740508289
-0.607241237372954	0.538460892401873
0.313062281564746	0.227989352084425
0.320653932955999	0.20939528482865
1.24635677044397	1.22598885066727
-0.541412226111778	0.343819737450481
-1.22415096584416	0.928405297616162
-0.502377472761345	0.460255748955962
-0.96168393181732	0.94382253358421
0.00091359200255798	0.00051370953676237
0.183160999939873	0.125842769043316
-0.529511350911541	0.334799669774431
0.0535240691681924	0.0313882194967289
-0.774986222430761	0.662488695355419
-1.05817824978838	1.10949571575137
-1.60212948088879	1.2351044849956
-0.993189433444778	1.98166040690528
-0.116432787481751	0.109528790717199
-0.236518046820545	0.246577168803311
-0.606770289667774	0.812645236303424
-0.301302949647779	0.244428338435955
-0.913652519443564	0.667876973170825
-1.42935190337488	1.52172860353231
-0.266551213286044	0.236567255897237
-1.22077996671614	1.95309488390457
-0.711817697169763	0.774106003137163
0.0305140520018109	0.0259473266454288
-0.666576055802985	0.772885870803422
-0.521002384138142	0.510547398753363
-0.210291832281575	0.158001709836157
0.688325986726326	0.601361989527099
-0.176656482525746	0.117429244797279
0.301666587802519	0.238492466874322
0.0376369271399786	0.0206471456674459
0.0553718650001412	0.0324641460969367
-0.178604978122655	0.0958035072156727
0.515891683395536	0.329897906167628
-0.140453125776789	0.0502912243623736
0.149184364319295	0.0647151944482509
0.352879614195027	0.198252215254408
-0.319257238191066	0.191334902545307
0.167198319746772	0.0498030771043432
-0.790113920620168	0.523750177641667
-0.390433250009663	0.162447422815093
-0.60491353971316	0.290239302747195
-1.44335584376661	1.29402620270635
-0.719862779167192	0.247072455212921
-0.267059955059258	0.167270664871398
-0.143034785337113	0.0511857384265564
-1.51853446946828	0.541976089171892
-0.389010542508637	0.161884808373538
0.155176286239454	0.0595351503150479
-0.490832286289494	0.258183573266545
-0.395785097412667	0.224424535854744
0.167299398578488	0.0420768316112512
0.970238470476591	0.664013903006409
-0.509430967307546	0.192464798828155
-0.214295623660532	0.0692156550779169
-1.46468601789433	1.01947975659584
-0.515466779883267	0.194997679323859
-0.0166464635592769	0.0079270207030969
-1.02154175669654	0.404862567676398
-0.944417565843446	0.578699284704124
1.3692962342178	1.27270767387583
0.15517762593803	0.0672822354318258
0.514090009928954	0.328578619406757
-0.640626259559373	0.378765456735092
-0.324423084328922	0.194729339905595
-0.975286663660959	0.482647097630042
0.343970835851859	0.192838810656528
-0.639881797453577	0.378773343111381
-0.249404265789298	0.155086760191452
0.463646355770898	0.337956657035045
-0.614218980123185	0.546531323233808
-0.429576968571852	0.45724358629618
-1.48237356951063	1.87399743152195
-1.09046506432397	1.05028383927606
-1.58392857641347	1.8759817189945
0.765486329053602	0.755582886073389
-0.891671407638759	1.11849341802159
-0.316732754070952	0.250018151716204
-0.520191386993918	0.430621299705323
-0.257603773181042	0.21038020891627
0.547852797499827	0.457885330356464
0.809790660194083	0.880469379832916
0.0959456381373143	0.065673593800785
0.182646327449471	0.113266500576871
0.0453335571966317	0.026609271747931
0.174750296026939	0.101528734384218
0.308432296327557	0.234547088217672
-0.296846296176762	0.24019453479624
0.120396558721217	0.092392166514784
0.00393918446007729	0.00317080754676287
-0.46901401909156	0.461220405160767
-0.595974260965248	0.653077609552855
-0.293960586447684	0.258157888282286
0.208735610622893	0.210377700371032
-0.365833083139974	0.367621386802253
0.205479388723524	0.170817483836351
-0.197402395514023	0.179717791720326
-0.717785643112908	0.826951905941
0.204207956669109	0.212871705206276
-0.0858320774290813	0.0682875234899569
-0.109863338490911	0.0759331164809662
-0.356609788905281	0.33160580933993
-0.537031135452292	0.448132360242354
-1.19913053862627	1.39305331194295
-0.489307761417694	0.366804283568268
0.295791901511872	0.25053195283468
0.296014757381033	0.223654849388805
-0.776796959861153	0.837815728021957
0.190026635496637	0.130956657131494
-0.779563304185811	0.991649245381655
-0.579177588673713	0.70701697803563
-0.0591055833195131	0.0358128953967357
0.17926721599144	0.10422777088185
-0.674119841048909	0.533050464494094
-2.27967849101925	1.15170672689807
-0.310397416834429	0.185304244279725
0.0105216385565579	0.005323264743765
-0.144496554164053	0.0517417060723547
-0.175498166278707	0.0940088041551132
-1.33637798382996	1.33506915633247
-0.242558235561647	0.179121727021667
0.960842169062545	0.951968902412799
-0.175245385882278	0.116426099645746
-0.595373520880681	0.484573603259021
-0.0218280065477254	0.0139396690227983
0.725151157188247	0.481432288015587
0.191881041099508	0.132464818980727
-0.455732504316098	0.303676577985936
-0.141372653551709	0.0959420454002977
-0.69472164004315	0.659068282347938
-0.602810279244026	0.663273339461167
0.0483582581813564	0.028379427042027
0.0317022696469994	0.0174239393222058
0.155663355571024	0.0675013152692679
-1.82433768492818	1.6669066446136
-0.0290381100632712	0.0184945481350722
-0.675429691371513	0.534621374473984
-0.249848728255377	0.185132719682772
0.796419609381476	0.633710811225489
-0.378078144860878	0.296392349907195
-0.324561551181041	0.229642953091324
0.346447765604154	0.194304040564832
-0.327814214632767	0.232163597744067
-0.330673346149615	0.311229581270422
0.317156673912904	0.231412196225241
-0.174668171485796	0.159712109840477
-0.412670157019874	0.351778658867738
-0.468574322110456	0.395367193675782
-0.501581585149854	0.590214756316003
-0.32407420052691	0.351904704852238
-0.864649035747861	1.18319396440505
-0.768379229933059	0.875355715757195
-0.440720942057888	0.291656316912232
-0.0567892688023551	0.0247360419469047
0.718719238141312	0.476302437203256
0.362596733901538	0.183432478704119
0.665076092013553	0.211028905087732
-0.214952210282499	0.0694159656881339
0.692146891506566	0.324338706437818
0.160770338301963	0.0545730641617949
-0.339133418750055	0.0976611246838527
-1.02140349604103	0.40462053419898
-0.724527840719668	0.248940035798255
-1.84017947465269	1.16169640230959
0.154673387654331	0.0670697432488494
-1.27626395926511	0.575339142684756
1.82382554957858	0.714761900200066
0.614519964435574	0.322800971586177
0.825619212793805	0.347833366414085
-0.214295623660532	0.0692156550779169
-0.306830860868352	0.14094086511239
-3.46415436717455	1.23421047369696
-0.730578580192813	0.251061657936625
-0.215184417856504	0.0694920488130609
0.355902406313566	0.200175413342621
-0.974027707007284	0.481188924144763
-0.17527894786831	0.116412793710825
-0.641219345544796	0.379543934867827
1.26104824949538	1.07676372992072
1.28525826124295	0.711218364025348
-0.479180693997877	0.251015482517765
-0.0273704693656878	0.0128136747509119
-0.483706325629852	0.253588652675229
0.386717365840467	0.354662974973828
-0.770271980143692	0.927112417996887
-0.534878020061835	0.338531898596065
-0.767523934479266	0.334015614821553
-0.391187596520411	0.38908296874516
-0.690888408834531	0.605362391134732
-0.671084968247204	0.530051230214033
-0.872533386117016	1.19982155504368
-0.649623903380913	0.670603605147653
0.0667683512957179	0.0535516669768109
0.971575001447364	0.967483090643683
-1.32742580149652	0.833491255495219
0.155372593274282	0.0528040448022981
0.535874624267867	0.192792415459724
-0.392080148539301	0.163323709397772
-0.0204965265278867	0.00967527890617222
-0.324954651829403	0.229948110371278
-0.385288650317812	0.4333301868167
0.654196405422926	0.788190206030878
0.170875597532601	0.091713378519373
1.00070904335857	1.10214395557183
-0.566587993688349	0.412093842765837
0.183975632107582	0.22658146903843
-0.147945853993871	0.157863232247717
0.402430652535554	0.346496959446537
-0.0445773756961287	0.0277885886472985
0.00350231215572453	0.00327499492044852
-0.349345145919769	0.418798107304693
-0.281011907138782	0.307135078071958
-0.372321570285024	0.423521299529305
-1.98307942222122	1.38467592076614
-0.49447659222513	0.371628901345772
-0.483318352119068	0.253364865978665
-0.954902774582189	0.588237445384427
-0.675899025901824	0.535296468525704
-1.27689152139331	0.575694447284378
-0.335679596870365	0.267841128263478
1.40509521178944	1.9081168873437
-0.890750911759652	0.740994092700438
-0.767761488763089	0.3340892272935
-0.0512556888571889	0.0223979828930707
0.152263467777791	0.0584865836523203
-0.516811284643265	0.695603220458535
0.466579343965302	0.459107806234589
0.0285107905525364	0.0156670633911012
1.77631375934116	1.82634423491983
-0.395929290838695	0.224333502379057
-1.71559759409034	1.44340200728546
-0.180272337196033	0.0966392457128763
-0.300672688912365	0.137932389561506
0.343406377762599	0.192271372581543
0.163060085587698	0.0791983142790565
-0.135485673894193	0.0917002416567206
0.356409043497692	0.200652189527923
0.151779636745177	0.152039467481421
0.0533073221703258	0.0502047777730663
0.153807926197237	0.0590287956660926
0.155850856746819	0.0676724980666549
-0.0936023816727726	0.0371398786885616
-0.0531350717678705	0.0231948543463917
-0.233473648021171	0.116816615641377
-0.991005615722805	0.888570132506263
0.0624059571356369	0.0387085724239785
-0.68304900669351	0.83807041922535
-0.277377561637137	0.302125848910341
0.0643973937113054	0.0515900675774886
-0.297195352399738	0.305844987111419
-0.0220904206438709	0.0191319495743153
0.278391821949357	0.240903038310513
-0.323134261146505	0.193896850855135
-0.366183561219185	0.506582517176433
-0.1623019427323	0.165740344347386
-0.211508787058095	0.190116066595581
0.0298883988892308	0.0164372033483941
-0.254705421206562	0.315989973075906
-0.764679257511663	0.332374029322147
0.147777958812896	0.0443383194107907
-1.51853446946828	0.541976089171892
-1.13582369620544	0.343734699942405
-0.509028006538596	0.192341286647212
-3.7566006930685	1.48753678969738
-1.16252831702977	0.650995830708606
1.28030595544361	0.707909570776342
0.161546088205671	0.0482379354240544
-3.76005537586954	1.49066052927293
0.950862031539505	0.252628333014658
0.536280565569087	0.193004774479639
-0.512353993368551	0.193709985793353
-0.213407527517472	0.0689186426519193
-1.13422470394875	0.343215945535417
-1.13461598703551	0.343230613786831
-0.725197552734606	0.249186509576262
-0.21584116833564	0.0696924945480662
-0.337820262048895	0.0972724494375125
0.947707476517323	0.251863651931386
-0.220273125496108	0.0711077393958585
0.189383067697471	0.124596707922685
0.158495830544173	0.0688499392365998
1.0738876682288	0.521179132519789
-1.13129699285405	0.342278739405472
0.158994669761762	0.0690627237516124
0.149423323210191	0.050834864602947
0.793518121522922	0.477724800100846
0.350744664274075	0.196843850056051
-0.38304232870147	0.301137478091753
-0.196514358414644	0.178676642978004
-0.328447441980636	0.285892027959166
-0.506703285606834	0.558882776599057
0.0224645055946033	0.0186455491072028
-0.693416076964786	1.00285566920732
-0.30053072611596	0.265074354059237
0.0330343232697765	0.0181212787622449
-0.452668423205041	0.301163855810502
-0.590608956393252	0.479743301328897
-0.4113711225093	0.350582408389034
-0.782635292629214	0.734832008439392
-0.895005488826137	0.746701188916847
-0.390271548861742	0.220796845581097
-0.78730246118661	0.429083727873182
-1.52246168976357	0.543554490442396
1.45514143110378	0.482646568994266
-0.720801185410545	0.247515042606667
0.14737391682251	0.0639491487488238
-0.586627194443048	0.607549273954225
0.592282599551192	0.477343509574351
0.537164857593467	0.193341885349058
-0.304333299412963	0.139823725086274
-0.943227574247749	0.578686523924447
-0.200755031163392	0.197529825632074
-0.479023694936575	0.473961961724461
1.04455801006536	0.39678683304154
0.158019850561132	0.0606595504222323
-0.327192950594743	0.259892026704489
0.273622749325593	0.276373214278027
0.452173104203051	0.440947743409913
-0.511751088816353	0.498720500376352
-1.51019343351841	0.538270963770231
-0.342569521377039	0.0986187132378211
-1.0351533096537	0.411173439530197
-0.318399826578945	0.190771380384914
-1.49273196318967	0.756276703365333
-0.00270132105088207	0.00159771240353933
0.397684912257592	0.179746510974072
1.0461523665238	0.397340617252217
-0.510264137195654	0.192843398325321
0.167299398578488	0.0420768316112512
-0.390383795253524	0.162477035260582
-0.310221672989512	0.31506676980406
-0.639390048701578	0.378230436547799
1.08787925637582	0.669354883170469
-0.940845368199063	0.576185280050984
0.659814566606567	0.20915379014923
-1.14009620739235	0.345227889980206
-0.516303494683392	0.195262357700911
0.158323275965016	0.0473326847049123
0.450380599229042	0.181332700598542
0.94807088907188	0.251931335472786
-0.949446559063891	1.24494742579945
-0.125888879715981	0.0980366277690013
-0.00435829201982137	0.00190186804106447
-0.60720228240115	0.29163659530553
-0.343223291761604	0.0987971723984263
-1.79827400712943	0.382942964938875
-0.35077402464112	0.100849762988938
-0.220273125496108	0.0711077393958585
-0.6282908079904	0.153557595992093
0.156203958783437	0.0530790256711765
-0.209603293307511	0.0677458907222275
-0.337820262048895	0.0972724494375125
-0.514001914291837	0.194387375528581
1.45868047865843	0.484047550536175
-1.32083177505554	0.827567617931235
0.605728619120871	0.317811422208524
0.428466973065779	0.343136006764637
0.91491555374507	1.25627095492725
0.206153234780821	0.171487315661713
-0.0255883056997841	0.0191031832202167
-0.232060052211758	0.22464303169667
0.608521475239593	0.318936176747862
-0.0967239982170199	0.0383769640539295
-0.404319682509382	0.525578590538425
-0.179380636294141	0.151284991295849
-0.350966457437559	0.440940958814632
-0.636595009299526	0.155524812409654
-0.628347365301396	0.153568930486371
-0.337820262048895	0.0972724494375125
0.153247518839476	0.0288421886814327
-2.57747759965585	0.66335545132302
-1.02404152856389	0.405928813773254
-1.51984622148121	0.542369599603978
0.152289864541204	0.0287035071443224
-1.13482941234436	0.34340642829894
1.95791760701363	0.441280139896969
-1.79835097978106	0.382953978270685
0.153526628680235	0.0288819285189665
-0.978453179463435	0.484425320262514
-3.08652986879455	0.965774290031657
-1.13422470394875	0.343215945535417
-2.57775304544287	0.66318910114962
0.166691919569473	0.0419536988970269
1.81794285182483	0.711505120581209
-1.02427645032579	0.406079762098266
-0.600420197116524	0.287891011615717
-3.08164138813046	0.963767470359232
0.948535538575274	0.252058145640786
-2.57775304544287	0.66318910114962
-0.631960666018702	0.15447017218279
-0.347480099168433	0.0999933239977275
-0.62503342749082	0.152907838403333
-0.35077402464112	0.100849762988938
-0.0970081236743832	0.0384843792732294
-0.706764821982718	0.809215339514367
0.613328759779345	0.322544476319593
-0.0787421378797878	0.0565826176836802
0.500690957167728	0.546560141032131
-0.593812558318755	0.649840986623241
-0.77198341951862	0.83051534266207
-2.46247928474544	1.369058678391
0.165187684093923	0.0492379178847392
-0.937596023668378	1.2883914310205
-0.925087025651072	1.04443661586119
-0.0213908627476715	0.0100844386514517
1.58439846913508	0.790566057795423
-0.343877386805142	0.0989458655028747
0.153526628680235	0.0288819285189665
-0.720404519989633	0.247290988830991
-1.49316422163496	0.756612747350262
-0.259524579476356	0.162163393012827
1.07071467969068	0.518997529832834
-0.629267545839357	0.153771215183604
-0.352423703329559	0.101339644800675
-0.147885590638314	0.0529408011142971
-0.201864705953783	0.184373545817167
-0.334818812547704	0.292632151270489
0.532908190209257	0.191706726261354
0.165097545701885	0.0415776969264477
0.437021547487348	0.351322249490615
0.175783538511841	0.108786030046769
0.802000526442722	0.868306316627962
-0.258057646559734	0.161163875335147
-2.07543429293761	0.946913150792079
0.152567656731362	0.0287430408348264
1.46399482821035	0.916724683643812
0.907628340154118	0.491577949069843
0.151274573096637	0.0514384346007802
0.166311360817904	0.0418484681801843
-0.631960666018702	0.15447017218279
-0.979973066149286	0.485699065327657
-2.577202278156	0.663064687208724
1.04051558933761	0.395002404087772
0.166311360817904	0.0418484681801843
-3.45538437102149	1.2298802093729
-0.980785793400676	0.486003661562873
-0.341581022610314	0.0983147602836231
-0.624566751454544	0.152757086863399
0.170597157616308	0.0428000407476464
0.165704597093625	0.0417255219351786
0.153987654009519	0.0523299241322952
-3.08559782341753	0.965445184573826
-1.79835097978106	0.382953978270685
1.95791760701363	0.441280139896969
2.12158435823691	0.952317198033751
-2.58524212677275	0.666574749875287
-0.180888512719205	0.137863909715034
-0.150440116738654	0.102540455890506
-1.50888807540829	0.537491075612833
-0.627829060935039	0.153504607197422
-0.631960666018702	0.15447017218279
3.63584691762689	1.43122630608999
1.46162455821865	0.484901016923351
0.15626975600377	0.0292821097759299
-2.57747759965585	0.66335545132302
-3.08652986879455	0.965774290031657
-3.08164138813046	0.963767470359232
-0.213639314943098	0.0690063709749365
0.694437504010704	0.325280693858728
-0.491229380241135	0.25836104671874
0.807961687462144	0.770743955000449
-0.389826436945712	0.220518839624455
0.723380883477395	0.479726383783476
-1.02276491421804	1.1466291732351
-0.516012954828724	0.195311472335776
-0.209603293307511	0.0677458907222275
-0.94714035844069	1.00444170115097
-2.63700009581187	1.6199644706312
-2.58120409692147	0.664991486920107
-3.08164138813046	0.963767470359232
0.15626975600377	0.0292821097759299
-2.577202278156	0.663064687208724
-1.13129699285405	0.342278739405472
-1.80197754639448	0.383903353697165
-1.79835097978106	0.382953978270685
-2.577202278156	0.663064687208724
1.95706969381346	0.441073865263096
0.155986207086685	0.0292416787556187
-0.62503342749082	0.152907838403333
0.148503149870495	0.0281892610504199
0.153526628680235	0.0288819285189665
-1.79835097978106	0.382953978270685
-1.79827400712943	0.382942964938875
-1.79827400712943	0.382942964938875
-0.629267545839357	0.153771215183604
0.152567656731362	0.0287430408348264
2.75349844687128	0.768381126605175
-0.628807341949763	0.15371861128279
1.82414885065892	0.714941399976917
-3.08164138813046	0.963767470359232
-0.620237353128037	0.553640735652138
-1.03265121313054	0.825874182046656
-0.573828401545285	0.41905326182139
-0.77838753327496	0.666501299035511
0.297403954339205	0.224987047662345
-0.218731141682158	0.0706258973624141
-0.178325809849769	0.0956432000648378
-0.155417959930728	0.106179508921661
-0.53856862219318	0.341564685286051
-0.298175008854882	0.136780784645522
-0.516096514132394	0.19525236723075
-1.88713409210944	2.29566358948406
0.548961063277165	0.319807814501835
-1.13521969998424	0.343544374381215
-2.57775304544287	0.66318910114962
-1.32070894768201	0.825994328562811
-0.381696384978997	0.262610842581146
0.408343280733575	0.338496697147785
-0.782165352312448	1.089299992976
0.296383198921694	0.24251788414236
0.0322595505343968	0.0177277634946553
-2.91203417565055	2.1525143359019
-0.19627162079342	0.220647169167892
-0.777524155902873	0.939632805052845
0.970491253356029	0.965137694268915
0.399386163277643	0.343241001901679
0.0571244661071636	0.0335256459669243
-0.287180460743227	0.405021648076564
-0.257993733002357	0.294705142178034
0.336780138984196	0.221446844804206
-0.260691348895554	0.213164610163906
-0.0352335360522495	0.0350049056615307
-0.553046648956833	0.976005135666481
-0.698216573021217	1.01250835075387
-0.296680820865133	0.287430848929099
0.198382613874842	0.154248792542429
-1.15052012344273	1.41716556533228
-0.0973245287215162	0.0571411312069912
-0.023168457131698	0.0147722467672906
-0.59650053593839	0.485938990407141
-0.767761488763089	0.3340892272935
-0.394266410944386	0.223505242041157
-0.785275859172774	0.42804546176086
0.633621711833049	0.598781226518355
-1.73354417722023	2.26035214281176
0.860164804373484	0.78860194632169
0.800654860759513	0.482654968866415
0.00783796786186705	0.00400449343345339
0.618681674783277	0.472119539408681
-0.595956245304819	0.285189963589044
-0.178872028566459	0.0959348393205785
-0.764679257511663	0.332374029322147
-0.142493583588299	0.0510464277530948
-1.3311199835141	1.32608333482086
0.794350653954584	0.477394161494226
0.551685667120415	0.32159848174389
-0.486776473537787	0.25588967394822
-0.322186532294677	0.193113269371046
-0.0938650371972529	0.0372807124893222
-0.229421851429271	0.114605726016399
0.172523487286947	0.100134323091916
-0.0978205268571473	0.0387928962094175
-0.142493583588299	0.0510464277530948
-0.664709644439476	0.464742294495076
-0.780167292607071	0.668226487483484
-0.490218002224084	0.693555852000425
-0.694208702064056	0.609063134998981
-0.479658898983094	0.251309020470923
-0.982028729756828	0.486593382066722
1.2463480102808	1.37933615821247
0.16846198460025	0.0903413656605555
-0.392890645811615	0.163726265183229
-1.16358041719965	0.651817732691739
-0.180218575850346	0.0967113041391035
0.0984892070702148	0.0675139435725197
-0.945470713361398	1.00186698272326
-0.0827316622012532	0.0670318848838365
0.263265887656914	0.307620098686122
0.61616956820886	0.822505138545455
0.322539584739006	0.350662773096354
-0.100005378631498	0.101201683381329
-0.327056800653813	0.25984127763839
-0.480298922293602	0.687069711514404
-0.147297721390346	0.0527350181346736
-1.13482941234436	0.34340642829894
-0.724941080754783	0.248928107914991
-3.4565848348623	1.23040818352441
-0.146483613250347	0.0524206738570132
-0.143083504265613	0.0512551019499494
-0.141046121981961	0.050492720341334
-0.0530600364398725	0.0231728433881565
0.707089110722125	0.332533252053486
2.11974097879103	0.951220462633918
-0.721178105137157	0.247635434110556
-0.343877386805142	0.0989458655028747
1.03702441124382	0.393355390405294
-0.520784896269523	0.197143591247867
-1.13129699285405	0.342278739405472
0.166084152255821	0.0418055330790301
-0.137617828979002	0.0493209249602082
-1.13582369620544	0.343734699942405
-0.21049146922482	0.0680355104001863
-0.223185576323381	0.0720166844303521
0.538779329880068	0.193788340163677
-1.51919018322957	0.542251856895701
-3.75466048479637	1.48723142869904
-0.188696150192428	0.101443138829493
0.0988321608495536	0.0702968190131739
0.514248587283438	0.328399183464186
-0.141381032056214	0.0506159875060989
-0.30299365621034	0.139228025529717
-0.983246305838015	0.487645895578909
0.156096177497257	0.059919986762722
-1.60033569346764	1.23328006838728
-0.383494586724036	0.26404894005346
-0.114985723392196	0.0796581654341178
-0.510746634505416	0.740053343130473
-0.421073426692213	0.360848810430414
-0.671048482155088	0.817493107277526
-0.0466611032183633	0.0389424491439522
-1.09142913203904	1.05141977217325
-0.120690674896396	0.0838232264451789
-0.715012965499546	0.864564842759457
0.86495321972156	1.29272507379434
-0.614886361864968	0.714468567309804
-0.383976337470874	0.264355428461189
-1.07927920883956	1.46614939978159
-0.369131594478029	0.288006179493125
0.178574502198842	0.11060919815739
-0.760073221936386	0.330149047801038
-1.13461598703551	0.343230613786831
-0.0874782751935032	0.0767081386013042
-0.362725174604538	0.311734783428844
-0.839881864956355	1.06603508696003
-0.780985733765887	0.844297453559536
-0.20051346825358	0.167298193575553
-0.708730022029721	0.769198350192186
-0.201152603699779	0.167914408400544
-0.186618626863541	0.172154146165238
-0.202515589024211	0.185051289731023
-0.470033631019016	0.605979033103921
0.151114354724761	0.143349683871327
-0.63000458213364	0.916469564647526
-0.405863529112837	0.513914852975587
0.325169527516629	0.35417908427987
-0.490304586789089	0.572470035016563
-1.03626732770889	1.77504897045661
-0.225055869433103	0.247719575263888
-0.476417894262216	0.529849728860447
-0.0161795589195173	0.0122062837273501
-0.702608749167788	0.669027490483673
-0.531084883201282	0.441842937335032
-0.329517372506321	0.287007056131644
-0.134624153610335	0.105411571107019
-0.117159881266048	0.110284467807277
-0.334029838783507	0.376920842017397
-0.946457572555509	1.51279808545689
-0.340626076227703	0.272586118328188
-0.0213908627476715	0.0100844386514517
-0.393865082659322	0.222805016321422
-0.241649015850487	0.178270920874279
0.844197889396516	0.996736413969768
2.305978513707	3.97406062878335
0.580903613586605	0.465711828103151
-0.689973558906864	0.604304235570598
-1.44634975133755	1.29742589400999
0.160809355731103	0.0781481383267611
-0.368466899784589	0.287359530649765
-0.147294755781975	0.100248034018092
-0.241260377775863	0.17805094118716
-0.462320661036544	0.489012868887179
-0.586856015283063	0.475681711304051
-0.555747690948699	0.402199739539805
-0.689861164122678	0.604195471020169
-0.242421126082202	0.178984790657076
0.450012371276046	0.438191630278642
0.292404546150796	0.23872916048384
-0.768321242048242	0.875482722282964
0.195018204411497	0.134788522185075
-0.2934953100156	0.257579258323945
-0.011569411898339	0.00871361381290829
0.654675826294785	0.595154464155092
0.447878269749573	0.344258214141228
0.431208929597126	0.345648012565222
0.326844249697586	0.213977747069395
-1.14529780480353	0.996744657788783
-0.62141864600266	0.554882015013938
-0.769393511647728	0.877247482750583
-1.19608664001828	1.38842810452907
-0.586422928155107	0.475310833466869
-2.62004756575165	2.91036511115589
-0.845009828667778	0.899986343507174
-0.701513307235116	0.800443359096974
-0.535969512363971	0.62832210548712
-0.771377230667538	0.776781023202109
-0.0973245287215162	0.0571411312069912
0.3236684740762	0.211376817476608
-0.329838989470583	0.198481074624215
-0.883467138375528	0.732612034349021
-0.462176965118285	0.38877331896403
-0.329106187718506	0.309452806323218
-0.786460657491084	0.428738271415608
-1.03954451168537	0.833672139143577
-0.0888360205522154	0.0520169730714672
-0.269103566451632	0.168928238015504
-1.02535171461533	0.406536532978507
-0.134754779150896	0.076126751850661
0.00831888932546103	0.00424238814661733
-0.645226763947724	0.382822274944374
-0.179371217244351	0.0961407571770547
-0.668344869129102	0.468306314383609
0.345999255614076	0.19402986967412
-0.380384566715253	0.261321677579204
-0.455309022740962	0.303359929195463
0.618259569312595	0.471728186792456
-0.0404703588002949	0.0252376161598796
-0.943227574247749	0.578686523924447
-1.33579784574557	1.10519115592785
0.15517762593803	0.0672822354318258
1.25198983605947	0.869624946299944
-1.32474387728315	0.831594389971868
1.01145148319351	0.835808471831399
-0.788088903818055	0.52179968255197
-0.0912007896628042	0.0362100182642575
-2.10651831881399	1.61103447676926
-1.54181826789875	1.48464607513451
-0.764439347150145	0.332220800378231
-0.493641717583534	0.371056939720862
-0.0174005075017398	0.0111261044856345
-0.78124135654515	0.599401723523385
0.808853010744227	0.771641234605052
-0.778179045951602	0.728929821209781
0.028876215144291	0.0159323491181544
-0.971406752927204	1.21577689620007
-0.250793452182833	0.185927709276471
0.352615771340082	0.356250323655143
-0.00986964505178381	0.00635670041092008
1.01019981928045	1.20688388213877
0.758855907636478	0.747071049957458
-0.445785164547303	0.295876326213012
-0.115621521289474	0.0801162231689441
0.169050169640938	0.0905837542464818
-0.104359314234829	0.0613641561798392
-0.146612849957345	0.0524407037873311
-0.301508897548008	0.138330624848183
0.402162775898637	0.18205657906434
-1.02932220259112	0.822425603597528
-1.27660537998452	1.56418376024495
-0.496094415134062	0.520342990925351
-0.44117300419343	0.404973581062298
-0.607986580112917	0.703433098256977
-0.994388578833596	1.18034570555717
-0.201825138206645	0.150878872706037
-1.03044243483733	1.75944227972872
-0.153993320790209	0.118879287426499
-0.0854394876801073	0.0747927553854532
0.204612259679458	0.179709817390941
-0.182392183303575	0.121470352707645
-1.02426315514274	1.3354368071283
0.0756101649707233	0.0513829039597144
-0.509584794954406	0.495812925577379
-0.56721522201925	0.631092317326921
-0.446768393557026	0.5313751682877
-0.917313463411547	1.03099645574422
0.190666939533745	0.13156079979212
0.106556618482633	0.10131847498257
-0.0698807159222078	0.0572259952900576
-0.152299641529955	0.144935377381343
-1.28671933284072	1.7377752166159
-0.935590215355851	0.986784129177431
0.775664446522439	0.865392546860732
0.0421907520448528	0.0326269995237417
-0.0712909802958702	0.0510673926283054
0.184357595631356	0.120969167807796
0.192854590601342	0.12704571685779
-0.234951654522634	0.227894253059691
-0.716985327177517	0.825633217199133
-0.24909483035291	0.224283485366924
-1.16884331729674	0.655561070647764
-0.786236953629966	0.60435459370796
-3.32975849000197	3.34641925278889
0.184636614728584	0.121217077586103
-1.25963195354841	1.3686171888917
-0.216533977539409	0.140164482058252
0.0665950910002076	0.04136963629796
0.00611403043734107	0.00317886969717876
0.176719556422197	0.0949307053688483
0.0456219541778426	0.0333242377545048
1.1728993250327	1.57492879048125
-0.0044287186997309	0.00287213216855146
-0.77580852317281	0.593062971756023
0.0269832753937615	0.0149106456248942
-0.145068690411639	0.0519128737160176
0.172158786179568	0.0923410462171635
-0.282400188938611	0.204574662522647
0.196574597284695	0.157652002283776
0.740659329939535	0.620811060739163
-0.342081829765076	0.300199008853763
0.453908352479678	0.329525271917612
-0.280489597309379	0.203109086600381
0.10984640780608	0.0837928991731708
0.670421702869048	0.481798424077388
-0.891859246756821	0.743010317722747
-0.0449157621312635	0.0279959385608367
-0.313384903685777	0.144319987587513
0.450811424423338	0.181321257053188
-0.542756905721917	0.344793408954309
-0.990678778651166	0.888188106019921
-0.780480920671527	0.668491382211935
-0.706338479317076	0.808595690490769
-0.611969649366557	0.544069519454944
-1.55041535114473	2.05076916676445
-1.02103540749194	1.1440296477102
-0.882722396400425	0.815112473587656
-0.267585642247629	0.237558754805601
-0.991064332215145	0.888792296740302
-0.426518981961167	0.327505981062017
-0.0709912043773637	0.0431105089632807
-0.0201351168809393	0.00951814173750302
-0.77658646641099	0.594095755500602
-0.214952210282499	0.0694159656881339
-0.398391340164656	0.166232543938586
-0.94680884537104	0.581114915032974
-1.1010203768092	0.756861907370832
-1.33445410732494	1.32990671080696
-1.4872673616835	1.88408389267699
-0.490554853466454	0.368149579416283
-0.278493727427773	0.201475475598857
-0.0200467295846553	0.00947095800798871
-0.964579447850366	0.947784119658532
-0.598932578888984	0.488373667822832
-1.02961240743454	0.822540383963893
-0.181729202795887	0.0975142354891616
-1.46809748853817	1.02351857590054
-0.492185832856746	0.258938866105532
-0.0135220715490006	0.00649302763502202
-0.540502371068435	0.343147554399233
-0.00528255003321634	0.00235393465116127
0.669996639023237	0.48184391117168
-0.0201624109996938	0.0128831832807716
-0.394513529856492	0.164426177322579
-0.258057646559734	0.161163875335147
-1.32777794229255	0.834129292974093
-0.672371722946206	0.531484879852019
-0.320231905313584	0.19203511477302
-1.16381774887855	0.652231195319869
-0.236144739550473	0.118181766053048
-0.377014553694649	0.258781494132775
-0.671229260296857	0.471290780701667
-0.570963827652797	0.416602649614703
-0.0201402516524366	0.0129682815585926
0.597648403853215	0.579268885242989
0.192786782994224	0.133150340976924
-0.711706127596597	0.817188627309404
-0.460971153582743	0.387252489024203
-0.327820134401599	0.307642574279448
0.65357283659903	0.593629909360805
-0.32901544141188	0.233289981823865
0.829357632482683	0.349871102086347
0.159627373721911	0.0774260010804011
0.66999328440441	0.21269616854207
-0.516096514132394	0.19525236723075
-1.48346094893459	0.750219851443153
-0.340124379015428	0.0979309335927298
-0.520991604825621	0.197343930777988
-0.226389339963931	0.113011555668975
0.0766350629650675	0.0499863619333452
0.166643996295006	0.0810046394434791
-0.606829640073194	0.669066895791293
-0.335947635162091	0.317389200383896
-0.953324125601511	1.25278601815022
-0.0524457326036828	0.0381158226198136
-0.368514324526362	0.34537669217229
-0.654268707906239	0.752866011782007
-0.027292218569393	0.0203836529893245
0.582444281350921	0.466902279798983
-1.14946601675598	1.0011936832708
0.0517302246587388	0.0390616729259025
0.128257670218575	0.109894634747064
-0.476128825596802	0.529850963461186
-1.22103554635201	0.923540788493939
0.307112870683982	0.211710020598737
0.527907798685423	0.459098477919397
-0.238523311451632	0.175738093741942
-0.248763612565815	0.184270248667149
0.626619912997611	0.479413316937897
-0.179397730521804	0.096143736316558
-0.385978942728113	0.217869472896929
-0.180157924087664	0.137273670349122
-0.300262947354791	0.264753054883485
-0.331846297501728	0.334307694542402
0.610409017209805	0.759542022455515
-0.777443605282825	0.939887302816719
-0.324698333446424	0.195069523815716
0.0486783785816308	0.0285824591589897
-0.466997380752185	0.39375330639572
-0.369950211234232	0.319296890370562
-0.491942558330689	0.369197065700195
-0.286850694092685	0.230678481570608
0.580982535780255	0.465937074634039
-0.214646475196474	0.161623562858052
1.59177026130105	1.73500632751389
-0.26218103632604	0.163952675790904
-0.456547688577387	0.30452490014373
0.443684953017544	0.178363217091806
1.0461523665238	0.397340617252217
0.345996411427396	0.194005591237931
-1.46802399342813	1.02396976069601
-0.0656689045383139	0.0398411861467419
0.396674070073885	0.431023832992421
0.460896162858197	0.451893211552429
-0.0571196009010262	0.0415819040938881
1.16986541555816	1.45933943884162
-0.261077528519261	0.21364314783226
0.861945313660979	0.915717371801431
0.0605237884077659	0.0375650715358762
0.363462949118287	0.183920808182735
-0.147307575406356	0.0527017957649261
1.33212445527916	0.583441346223377
-1.26767370231277	0.570283129139081
0.0465224663550078	0.0273117013108537
0.198303432768845	0.1488637440679
0.206058775093702	0.160923556496205
0.0562603762866823	0.0425559588234226
0.0975328800062422	0.0693021102420346
-0.584670402036973	0.604370709817168
-0.284677363972763	0.206543940252044
0.953037391274523	0.940257385266037
0.150523503025892	0.0653077753415023
1.08985151898532	0.671056451731764
0.908192954718438	0.49179188297569
-2.5814875372856	0.665060440379843
0.167094958437279	0.0895726733226411
-0.0969102881258988	0.0568886860095436
-0.525720603812603	0.436477668607921
-0.611552844022321	0.543554932795655
-0.211291170437206	0.136456007239675
0.206952265822479	0.161694284907957
-0.682474736936252	0.541604728705264
0.552535319717064	0.462317939495123
-1.3417559771011	1.54166650439267
0.186628332984133	0.115926354353496
-0.113336439389154	0.0784577282877562
-0.632341333369386	0.646371812106158
0.0430472617915102	0.0252764834808668
-1.51125909781407	1.70350491067987
-0.777008055652549	0.664164426092441
-0.211116179934791	0.13628789939163
-1.07910723584831	1.26436901768065
-0.526113903911883	0.436869184244592
-0.32968248310566	0.287209855998221
-1.21377922913306	0.914795025148114
-0.340823125477131	0.298759543420364
-0.494638315960742	0.371950032386333
-0.600420197116524	0.287891011615717
-0.683670850610605	0.596544176244697
-0.395489794218154	0.273708670933843
-0.284935301986084	0.206817704792365
0.186055576910807	0.115624760748177
-0.309374243956701	0.274369786204
0.0943458567396682	0.0645604387942337
-0.207795104802654	0.155921252322844
-0.778035016047576	0.728059823702948
0.825425367366759	0.347866059057456
-0.645198024387711	0.382779718940349
0.696609227412764	0.326474357518529
-0.34191607535368	0.0984089732924219
-2.07347195243914	0.945962551724422
-0.213871750896534	0.0690577255793313
-0.631960666018702	0.15447017218279
-1.13521969998424	0.343544374381215
-0.215417270113509	0.0695361432210389
-1.09480460183654	0.750257323499992
-0.480533230720333	0.251612687279941
-0.858855311473236	0.9213885708071
-0.0991329353297702	0.0876493802677045
-0.663653419474012	0.768128425182269
-0.785840531487865	0.60355494763351
-0.370328343219446	0.319665147202435
0.384696560653884	0.340193943191654
0.910167065793728	0.936888093922726
-0.176389313717139	0.134085684446747
-0.119683184551767	0.103505948827293
-0.248103555478558	0.237729172889452
0.328200438311043	0.358416504157881
-0.674601285898314	0.533741586452235
0.870788701998068	0.647991386520889
-1.35016059192199	1.90436814023841
-0.0450562531697113	0.0369874808855502
0.185214131075786	0.121472565243586
0.693690085138591	0.325271706314404
0.808541342900449	0.488582736617169
0.162041627872065	0.0867531454067814
0.0189969516016013	0.0133830156501309
-0.77281338905345	0.778677280829299
-0.54752263045354	0.601693455171873
0.196815677509196	0.18874527121638
0.124485247523872	0.103886724547003
-0.0496950731987554	0.0309887345722101
-1.08406304063614	0.739922721216839
1.10043802145824	1.40166415768901
-0.0907016683690297	0.0531596112556937
0.00542252412699486	0.00281888136307994
0.322386706951341	0.210533340922945
-0.276557821473279	0.199788771769867
0.306525728257225	0.242944816883586
1.00405964676639	0.827489806923995
-0.426740466414705	0.327454649858463
-0.141388695595913	0.0959798420968182
-0.393701773942777	0.164088841030077
-0.143905854186937	0.0515385054799117
-1.27563663242186	0.574921211984683
-0.484948849210004	0.25474274128788
-0.222432936290131	0.201515643008315
0.863785015985472	0.792720285802434
-0.69048424260553	0.550155450712183
0.470306439046148	0.463833181192897
1.0449698212241	0.997419230312817
0.699057759040066	0.614073713075839
-0.640304465808481	0.378937379516414
0.184268056521305	0.107336367588327
0.301377201283453	0.218293851304384
0.698151338923925	0.327288269206647
0.697834101611107	0.327384517324711
0.163052600857019	0.0552946395308048
-0.484573292944512	0.254058607852369
-0.48004791038719	0.251496765511263
-0.11115840099083	0.0878515840459012
0.183654896158649	0.120508208029863
-0.450240435963769	0.29946846377491
-0.464925024844402	0.391561344384253
-0.42915531901484	0.425013577552808
-0.202964007294831	0.151812477055095
-0.378200369086891	0.296622492088751
0.421704431930732	0.336200656238312
0.355963482954849	0.200377729043294
-0.0542610967066082	0.0236892904427868
0.365761776756049	0.185325043046891
-1.81206173391041	0.737772890219594
-1.73277839113224	1.89959689503139
-1.33465741458037	1.86905135606919
-0.572311912572535	0.417511660175051
-0.782383182408615	0.670786948029327
0.181201470257932	0.118764991286218
-0.788917572942188	0.607223414780723
-0.147920421151031	0.100727287093755
-1.23901827608218	1.15629547428959
-0.779654517779842	0.893922389652502
1.15746082506853	1.43585847690653
-0.782699462092169	0.671093944199406
-0.14833541405775	0.101034190197636
0.0778990948623846	0.0508207157234469
0.0760805249600209	0.0496142780464461
-0.85499258449824	0.849451704951155
-1.34838896764786	1.73259166344499
0.438760674568769	0.335662894515995
0.551389224105492	0.461110418034643
-0.339723548393596	0.297698694162424
-0.677082789158859	0.535860118517903
-0.36489088286569	0.341245079335074
-0.294197052604842	0.237682850340276
-0.688841564850654	0.602559938400006
-0.0687004170926632	0.0416862392313205
-0.541328532547067	0.565396695207055
-0.0206805326339741	0.0131993036251809
-0.383158854676198	0.263803044672861
0.366244969346624	0.353093967887315
-0.147276292638623	0.100220263835542
-0.685142929046082	0.544684042959909
-1.24819737072985	1.16971918620375
-0.600420197116524	0.287891011615717
-0.342904767182509	0.0986489157334515
-1.13190405565215	0.342469779892572
-1.02582176479153	0.40676668488424
0.948535538575274	0.252058145640786
0.957433892866134	0.651943512315948
-0.759722292109646	0.329804264269752
-0.342569521377039	0.0986187132378211
-0.313765741308167	0.18756483062186
0.0460336244434062	0.0270216898563372
0.0357475595126222	0.0195957245876908
0.134218258942531	0.112672559238787
-0.765218049350465	0.82026462152517
-0.181011126522442	0.166340948961817
-0.215332289764134	0.194058638969071
-0.291317622756713	0.234913241783727
-0.843463681542127	1.01615212035192
-0.892064350337003	0.74313931370552
-0.48947141365476	0.444994797015453
0.0161322391517243	0.0108507765367529
0.207281817464793	0.182277092347543
-0.569650948173061	0.415110038563455
0.18160763298146	0.119053258212411
0.0719029954226364	0.0468434970044145
-0.207879412510886	0.174276833699248
0.0796740385487931	0.0674880130438728
-0.0503483192156994	0.022018064587601
1.12766218945921	1.01926410588957
0.311499576781956	0.226763733253558
-0.362124404019696	0.386613896943645
-0.224757394895319	0.14598456062564
-0.322508306419715	0.227922319581367
0.821753992690835	0.346118851347505
-0.764086062426498	0.332088631279259
-0.305490405870678	0.290398374340068
1.00312374524369	1.41290654414992
0.365341528528222	0.34155852242554
-0.564428175234136	0.410413908256502
-0.181128185471047	0.0972269911022705
-0.980642634603263	0.485510889516647
-0.60380694749457	0.289657827684546
-0.546420274058393	0.347695180849454
-0.132584719625271	0.0747936788125634
0.161603370778071	0.0865054433139159
-0.409717999533444	0.348752420826109
-0.520785911177808	0.327752603063003
0.0497673603578647	0.0291613402557938
-1.44865416454354	1.30185699409384
-0.0867034715554317	0.0609842831293171
0.414244560616695	0.329151530232661
-0.137208625487633	0.0929332606138097
0.00740742909478869	0.00379390374667557
0.0172334349125865	0.0086244358694976
0.15135943864824	0.0656759744042186
0.171223954094761	0.0508942550846916
1.79430851001256	1.00646262774057
0.802295586745612	0.639197961482164
-0.391142165606562	0.270287721831564
0.307864118238993	0.23414409176684
0.560384147954052	0.471157691957799
0.285430138016558	0.223515701271384
0.773924664914219	0.862931871390032
-0.00404089023385338	0.00176442812441531
-0.079206971350315	0.0481770672911409
-0.685302107923158	0.54453080905877
0.903829403330182	0.92818304583473
-0.450240435963769	0.29946846377491
0.164036767203248	0.079671859556878
0.152998897216914	0.0587123670012067
-0.389826436945712	0.220518839624455
-1.66957479769705	0.942322072216441
-0.113625400030798	0.0786856664492374
-0.26447951653188	0.165528407227408
0.635812756500106	0.695848840948917
-0.238378346019565	0.175628586466767
-0.322648722290514	0.193555895805599
-1.08179796408875	1.03756213411183
0.0939811845139574	0.06670047681208
-0.265724662235214	0.166505246135821
0.173519851768262	0.10084079884158
0.32109209993962	0.222585532229345
-0.520378896998308	0.197056706045625
-0.0883020860839491	0.0351141606720898
-1.81842816932896	0.741601322947527
-0.380450763328392	0.261648359648234
-0.670120796655248	0.470097613515848
-0.961563689963776	0.943699901715392
0.869475704271349	0.646436685686543
-0.63131511769774	0.60730965769416
0.323363840133262	0.211441406803223
-0.573051354129483	0.588393979721179
-0.463351057936457	0.390048538199148
0.0745365547137537	0.0485877519683759
-0.553790478525959	0.500715383101183
-0.459919910116326	0.38639072023426
-0.28697301544232	0.230830891097971
0.760546451393744	0.749098687932962
0.174275010237518	0.101225814743126
1.0868591806205	0.669457325722977
0.324619171648713	0.212311861178163
-1.08728921265356	0.743823582766888
-0.0635599383165853	0.038550897277516
0.153335897031348	0.0664786418419361
-0.38390521650691	0.264294338646736
-0.153304511473677	0.118178507283737
-0.383564169530917	0.301584188760176
-0.7736742058678	0.833272811727313
-0.776628533345453	0.664077757691802
0.759073309809725	0.747213373908779
-0.387558658262201	0.267419499854769
-0.219350180877321	0.165564127505766
-0.782947185415511	0.426671746270853
-0.210794926783718	0.136108716433979
0.301716720803817	0.247607370909486
0.00932619842801971	0.00634348387723763
-0.841973763098448	1.01392885049111
-0.253220828645157	0.206136901528623
-0.230243768126878	0.114984475231733
-0.342904767182509	0.0986489157334515
-0.72013323546054	0.247288973526613
-0.137026583464733	0.0491018683695711
-0.216730820199361	0.0699462135090824
-1.79827400712943	0.382942964938875
-0.628807341949763	0.15371861128279
-0.51684332092659	0.195590817716156
-0.306495360202862	0.140853818501813
-1.66998324118746	2.08605151138526
-0.367042227503897	0.393351157860383
-0.337850536840112	0.341851999045177
-0.370517565568454	0.373670026850167
-0.559559741399095	0.619424769897427
0.444993255624788	0.460081395461728
-0.220803855041668	0.216368389932132
-0.871018985101074	1.25229217300369
-0.399393640599137	0.550169268855559
-0.819448457950016	1.02792997196205
-0.122468722927606	0.0851558513915785
-0.139250937219439	0.119628966762229
-0.218647187028328	0.164975377272732
0.520062840437726	0.557064239984307
-0.46877091555275	0.497986583417769
0.447208451970293	0.179898638123333
-0.946412562731098	0.580963702674417
-0.652272452319978	0.749816950145088
-0.440277645758249	0.438972045011569
-0.0610423762503416	0.0445106906620163
-0.306231650973205	0.140876565593019
-0.0201351168809393	0.00951814173750302
-0.106699997913904	0.0627749637567907
0.438025180131996	0.335037387032146
0.168244831666298	0.0901767042884701
0.153068665402742	0.0587995504985548
-0.176514677688823	0.0946106126574011
-1.48747869119683	0.752986436506107
0.00750988734358911	0.00471642970046643
0.0955846078839897	0.0654336864027361
0.134985602813385	0.107512111857503
0.171980427600119	0.0922345391820413
0.587931555660784	0.472835863161176
0.178367797715829	0.10367761215941
-0.298343890309942	0.136842583214664
-0.781606253425508	0.425781410351007
-1.4405054850272	1.28778588258008
-0.233473648021171	0.116816615641377
-0.617853853784245	0.71920632743375
-0.280611196439672	0.203177696220486
0.348144724013479	0.195085938952382
0.496948692578422	0.462996397076826
0.402050389230461	0.346090359271775
0.0815971505453251	0.053302787259614
-0.667486858691841	0.467684575279903
-1.08482629491269	0.739534565937441
-1.15860003683574	0.647540210755094
-0.214699527041316	0.0693626399041178
0.699441148839261	0.328362729428968
0.865851705357373	0.643693825820677
1.37950349284884	1.28659290855545
-0.368657186098024	0.318011488142417
-0.451746005856018	0.300557354415214
0.806979320658644	0.76934383265767
0.308856353470768	0.245067197242462
0.0966833006541599	0.0686801804929923
-0.219034613018978	0.141907092560488
0.300628166327532	0.227833612544449
0.618310431820567	0.325404970391747
-0.39080970231905	0.220839431327401
-0.77522463814523	0.337697915504271
0.159311548972865	0.0540967488137483
-0.975962525466467	0.482241534323902
-0.395482543189199	0.224039549024308
1.45692272820615	0.910096608299203
0.52924704973282	0.460640139192283
-0.995171274847654	0.893352393244889
-0.242061205559103	0.201667159445021
0.32595655820508	0.226736174547002
-0.077797535181602	0.0558814274298637
-0.185803796814449	0.123996413890971
-0.316604914470201	0.189476249825791
-1.71002360638858	1.43450136122762
-0.280610671359368	0.203245516618709
-0.59101035707023	0.480146979907329
-0.204655530414844	0.171178576608101
-0.326240782995646	0.230826322596543
0.29365073032648	0.248420519278874
0.151492026856821	0.0734784126434119
-0.430370744346468	0.330985039073072
-1.41424041158086	1.70774869359033
-0.644308449688594	0.381895105706916
-0.37347950858071	0.292150858628126
-0.995932976091193	0.894259971830292
-0.383830403171272	0.264054620963923
-0.181230584313372	0.120663360538724
-0.372488450071351	0.32198134302197
-2.0365333152787	3.20364868133613
-0.407327287062097	0.34630476844778
0.188003625521184	0.116799251201781
0.114710343180453	0.0877276322139286
0.11517682851146	0.0854046885450146
0.189852911040015	0.141841375885389
-0.532402372642093	0.443327391290377
0.715494622543073	0.72367409479954
0.302772942164484	0.239459605071168
0.518900826626514	0.469838649982053
-0.776879511499229	0.726758120752098
-0.689353172480749	0.603273679935378
-0.280972183342548	0.20339078376909
-0.251244590675465	0.204414875013243
-0.49011697010213	0.367643597265005
-1.14357774895051	0.993907174040677
0.152176593352271	0.0659288285925568
0.658502872625105	0.599305064419213
0.0713270912761536	0.0443514213631763
-0.241283074480705	0.178040931339527
-0.63562471008149	0.612894098764188
0.158074474787349	0.0472574922808909
0.666057985126717	0.211344647530167
-0.146714660868555	0.052481223816664
-1.80197754639448	0.383903353697165
-0.722104754812606	0.247977448104565
-1.02582176479153	0.40676668488424
-0.893311597666924	0.744679666934832
-0.643506540495193	0.89181966454635
-0.459117719082056	0.518501993993653
0.0243109586611053	0.0197095312900078
-0.101313740470089	0.0897393334165523
-0.395098946379732	0.447540977105909
-0.283546261109123	0.227645477033824
-0.897682806296386	0.749557033995632
0.206682716698147	0.166797035776399
0.11395595473359	0.0844563511231357
0.153335897031348	0.0664786418419361
-0.522820929446811	0.432995505092544
0.112169657996484	0.0830566598558444
-0.398355263424371	0.368750837268616
-0.0252125932195804	0.0160760577259652
0.00981387701800032	0.00497512806300184
-0.0925277660886406	0.0367647652287992
-0.512353993368551	0.193709985793353
-0.721740116381346	0.247779502726497
-0.888027008910652	0.737952502304349
-0.212557448288713	0.137296163554218
0.0125496471136688	0.00632821759696845
-0.390383795253524	0.162477035260582
0.036345468916304	0.0199529885486502
0.532501690034208	0.191523210703971
0.83246828527252	0.351295484441392
0.480001960938584	0.329452891300078
-0.502004747162087	0.459829995211975
-0.389688084768261	0.269026299156799
-0.539038501242957	0.341920996277963
-0.240666138367866	0.120592790854458
1.0371013714254	0.986407934054954
-0.233117688397893	0.116669458088725
-0.788402408011213	0.522578332512192
1.14649287191123	1.18012368492953
-0.476965249910126	0.249670331440178
0.364031575982881	0.184287494438609
1.46087099173333	0.913300850062218
0.163052600857019	0.0552946395308048
-0.021391458779562	0.0100854542894237
-1.03973473290362	0.834727061972316
0.198433222302782	0.137374056283937
0.6563299404075	0.468460845080421
-0.104847499933404	0.0616677495786172
1.24186268226363	1.63198616715393
1.48652923580982	1.50565647581416
0.183002702798451	0.113489826678482
0.908306543781635	0.491172776378933
0.178319913653866	0.103641702753277
-1.48747869119683	0.752986436506107
0.152289864541204	0.0287035071443224
-0.980938988438565	0.485854045140289
0.874270045410745	0.652243540742056
-0.889015132277223	0.739429224302587
0.299644166907104	0.226920673328761
-0.130232180533053	0.073455873679778
0.600720878959725	0.583447178521458
1.24105724391875	1.21942122915047
0.441570652458171	0.338040852960205
-0.593730840414817	0.483024885619061
-0.216533977539409	0.140164482058252
0.517354709293456	0.330829548815529
-0.0710652701620571	0.0431496159138724
0.00855806455419658	0.00583881023345669
0.316263769204457	0.218945962466594
-0.7898145078193	0.607757810237122
0.178927768653212	0.096156298076963
-0.991552202929887	0.889303275033108
-0.322186532294677	0.193113269371046
-1.73753266824216	1.90577575729767
-0.380699253715678	0.298885505119985
0.609533551515893	0.31960893045163
-0.372312025289623	0.290984852427846
-0.94112795551903	0.995704215289318
-1.33764036718116	1.10808005857392
0.299256866371088	0.253917062621089
-1.81899813316696	2.11011652688029
-0.328787687881891	0.26146890120181
-0.0578751662831013	0.0421465598174665
0.178842898287981	0.104075350039002
-0.326664483209116	0.231359935305199
0.862482581018195	0.791244917943733
0.427959186620744	0.342609874254124
-0.329680405010714	0.233725811308336
0.818487925932146	0.784330316594533
-0.133300688992697	0.0752954645311583
0.179975852075466	0.111442346629233
-0.151329955305242	0.103196853543546
0.564010569504341	0.579946673284147
-0.686539713824806	0.600277007752883
-0.892479995773154	0.743696480449574
-0.177733411096585	0.09530805577281
0.185256789912097	0.11501740679851
-0.697492507512148	0.662686633372437
-0.264544917330764	0.165743327542942
-0.276135569339368	0.246597340583207
-0.848677035517694	0.905894277208736
-0.327687972589872	0.231979732214055
-0.786730439835306	0.520654779446429
-0.598580540485135	0.286491607982712
-0.219388531614775	0.0708318276022096
0.160803134128977	0.0406203249121647
-3.08164138813046	0.963767470359232
-0.705845164414382	0.720289293473351
-0.14622885075376	0.123480613398713
-0.902226119361475	1.07346621599286
0.390632242157342	0.346794755986524
-0.450662243007851	0.47309233177273
-0.139351201653094	0.119746546544412
-0.0758480581845073	0.054424910642047
-0.445844210332777	0.295724600161404
-0.0653419231456381	0.0477251640784568
-1.09651141952184	0.753188289878465
-1.08900159906982	0.744989841479376
-0.602199098341535	0.662179859924063
-1.09309579389655	1.28904753514118
-0.488814247576385	0.366371190527861
-0.209603293307511	0.0677458907222275
-1.27032365700558	0.571955904152126
-1.8388312015778	1.16102761757738
0.175595436126489	0.10861331925577
-0.0660735057597881	0.0400892272336256
0.0686396646416867	0.0426387929260527
-0.0229782577478721	0.0107998198518673
-0.0550596611574256	0.0240068902306257
0.156843139973657	0.0680123356535923
0.825231183436736	0.347733965292547
-0.661464351956431	0.462435345281115
-0.144281279675151	0.0980662223112523
-0.77867013202597	0.892497131267823
-0.778908097325494	0.787712977841838
-0.139329358689603	0.0787936390881523
-0.374241936341922	0.256546737069801
-0.682062041871219	0.541194165323056
0.186876448131882	0.128644979403005
-0.525577510670218	0.435870102003734
-0.415768934394389	0.355303414215029
-0.309281517859892	0.142278850182844
-0.514630991185235	0.194661861681357
0.153247518839476	0.0288421886814327
1.09317750392111	0.674338995742177
1.82414885065892	0.714941399976917
0.0326098331353047	0.0179160446669001
0.554813182072273	0.465390137148168
0.306504065887411	0.222469715609116
0.18103612234598	0.105296162098075
-0.149782876306792	0.11531810177294
-1.08749142044313	1.04588204936707
0.3237973061005	0.224997847557633
0.159331269015476	0.0692061424804913
-1.16749684771651	0.65495675296631
-0.395071670435589	0.164675396539339
-0.628807341949763	0.15371861128279
-3.7533685838982	1.48573241891736
-0.724527840719668	0.248940035798255
-0.306660844402068	0.140961840218228
0.333805503182954	0.203747740837562
0.588368390824969	0.473193813691636
0.695205992332914	0.727175056634523
-0.145847162270074	0.0991497923451487
-0.131985838008926	0.0745035932068258
0.200999982809349	0.145420940932278
-0.228961564850984	0.114353262369179
-0.571058920227774	0.416442149553269
0.512015259699514	0.327070562432142
1.2418110603596	1.37056042946806
-0.481393444054207	0.252203558916809
-0.240206546293214	0.120363838326005
-0.444577330791024	0.294581323464831
-0.145447191267006	0.09892708065206
0.15236944020891	0.0739247444074246
-0.120835300849903	0.0839385893259527
-0.306495360202862	0.140853818501813
-0.0393082893747234	0.0245067539217873
-0.381275898645824	0.262282461280005
0.169488076259706	0.0908379887016671
1.25855166734776	0.877079696326078
0.56504862182339	0.476282184359969
0.559001893348441	0.573328267669714
0.906427985411107	0.931779643689296
-0.867041691250638	0.794639286282505
-0.256248407999339	0.159954404896244
0.726332248197883	0.739136611908529
-0.0958691973290845	0.0562433947121168
-0.521352549749217	0.431292023565133
0.068555298502251	0.0425423883929914
0.201606615024828	0.157033848123863
-0.987431179569246	1.16902367059582
-0.18119228499008	0.120670819861434
-0.892923507351293	0.743504622627439
0.0368505677866771	0.020217889679888
-1.33714400021678	1.53365398652664
0.532645238911244	0.464398024229256
-0.778039980259084	0.595689608598776
-0.278832165826201	0.249374585305563
0.131738997957553	0.104766465289371
-0.320417699391432	0.191948077320092
-0.133003543383951	0.0750965950421367
-0.461630689160596	0.388234308678291
0.696049940307498	0.610588964483134
0.504877996881185	0.453807535024421
-0.784950377076476	0.673925158948944
-0.461792187989072	0.388310289535856
-1.09346057996569	0.749411854532649
0.165704597093625	0.0417255219351786
0.456437869126106	0.183845773938832
-0.632939126134277	0.15468454480873
-1.67642869717641	0.949529535036556
-0.883474561370366	0.732883327409106
-0.463116316115618	0.490099168006881
0.542955439998164	0.551384448119647
0.955916305166957	1.3626018107327
-0.174964303554637	0.132909512532393
-0.298410273683987	0.262841569710312
-0.197905509386647	0.16480829809381
0.0660471852427439	0.0542429942809931
-1.22252503780883	1.58109949849919
-0.299569425502093	0.2639724276616
-0.10566638295786	0.0418525691984871
-0.759482804847398	0.329839085322315
-0.346820783252297	0.0997890928773071
-0.209603293307511	0.0677458907222275
-0.382130916188928	0.158821385691454
-0.404661319709169	0.376066654925798
-0.442906281304146	0.40685730982973
-1.27458834884304	0.574392686547494
0.166173422283325	0.102440344814052
-0.397278188651684	0.225127148579577
-0.592226832435782	0.615250976726658
-0.331998670194389	0.264383627565613
-0.686539327191778	0.546085807165263
0.0291154703517895	0.0160252323377911
-0.0907353641242552	0.036034670584998
-0.629094945208689	0.736450350586237
-1.02629876380684	1.34003327728579
-0.212917151060864	0.160158566102461
-0.257781806638833	0.160898102337198
-0.788534420756677	0.522208780534266
0.370739044761954	0.188153153470951
-0.77780350703822	0.422705510997476
-0.235780090871644	0.173455208704837
-0.707476934668831	0.767507673370494
-0.692361342477463	0.606807965993324
-0.495283066890937	0.451767579967061
-0.678616036184126	0.537632342758719
-1.68339951970802	2.41981291277449
0.15005068539492	0.0651538971382411
-1.51084659522504	0.538498609405326
0.151627404540992	0.0581765237753042
0.158655102592948	0.0538347997753599
-0.182001040207687	0.0977113945189066
0.154646329671499	0.0750111615706136
-0.681612611314476	0.541244666578987
0.292104855887726	0.229663363085453
1.69511179702695	1.98044725303366
-1.5087311653117	1.69920561204288
-0.53012433593096	0.335049367995486
0.175104298147452	0.114425037583628
0.346816255761804	0.194232543019674
0.364693054944712	0.184410464865036
-0.302344719394741	0.138712457398006
0.163149905636875	0.0486839149701593
-1.48890362539534	0.753622251788968
0.336229660099549	0.187857327385683
-0.791084221056078	0.43205166057552
-0.0200487288047491	0.00947233562651225
0.583123005578097	0.46811870042751
0.133483057974812	0.114812241339768
-0.76430542413975	0.766275004808792
0.868431394886718	0.799345716771315
0.182084560428286	0.112945104430395
0.347789619627017	0.19513610231613
-0.767920375631359	0.714896870887568
-0.0735603701603706	0.044683145638141
1.40012382597173	1.0892850975465
-0.183495188135913	0.122315671984338
0.169965562565577	0.09122679672146
-0.448137311827408	0.297680665766764
-0.498943396142947	0.37579874729109
-0.180180139155179	0.0966693448127235
-0.0670956904628085	0.0407196246759885
-0.184532084353359	0.0991057355760032
-0.602207021487171	0.662395985062004
-0.561552721617661	0.407824857631866
0.483607177771322	0.332383240281695
-0.442842483895257	0.406930551248687
-0.279230263119677	0.249771585046631
-0.531478958914766	0.442276587241705
0.0854230742539404	0.0582153351549231
-0.026689403375476	0.0170025563449568
-0.468842971019691	0.395749466667463
-0.00427931791401685	0.00277566502231771
1.24590668205669	1.05770527623905
-0.454671963415314	0.420715487666519
0.860327054604287	1.02427600441648
0.18298513536819	0.125709645884589
0.178310181762589	0.110312652738401
0.890664347521272	1.03113708252291
0.184693410479174	0.11469832234289
1.32825907287557	1.70985329675189
0.179024542460407	0.110949431522019
-0.12174061147688	0.0845361694432549
0.0199505790341989	0.0140319438564131
-1.18839930946519	1.22473183540935
-0.48417231652515	0.362107928589546
0.292746488966797	0.238939922068206
-1.40605080977271	1.69079426828893
-0.597927482446273	0.487289345920954
-0.456443260181739	0.304402373492064
-1.13482941234436	0.34340642829894
-0.34191607535368	0.0984089732924219
-0.343388592876165	0.0988541310686696
-1.14047026004454	0.345288312871852
-0.342569521377039	0.0986187132378211
-1.01961453275747	0.403780235295886
-0.216081039540608	0.139833135284854
-0.138430693231424	0.078246425494746
-0.454618233662149	0.420562114126577
0.285885972106229	0.256236742294794
-1.18951148090452	1.75095359108524
0.429443161748738	0.452607593565538
-0.788515951799012	1.10077738877478
-0.954050846346353	1.53172995634904
-0.10499068673134	0.0826542835683529
-0.830803291867455	0.993876625423721
-0.545571825034217	0.491053040356164
0.612360029858363	0.321449462066333
-0.495067182697312	0.26075263515418
-0.628807341949763	0.15371861128279
-0.718798226358807	0.246701955031967
-0.210446276814091	0.193263785047578
-0.773603676555612	0.722970212939157
-0.774986222430761	0.662488695355419
-0.207988655848996	0.0672377639920048
-2.22599102838735	1.86524355920491
-0.0280069663801453	0.0130924930685077
-0.444603879860343	0.408844284261448
0.54039682701614	0.56769507351101
-0.0920861689343709	0.0735500463492278
-0.301848460979807	0.286216852208109
-0.191214644903388	0.173234376388504
0.631019758959381	0.688628102850206
-0.777595213756446	0.664822672423566
-0.29138472103309	0.133491370033421
-0.214295623660532	0.0692156550779169
-0.695000281249738	0.704792177829956
-0.178272015280779	0.118601146290609
-0.554770546970992	0.533278078119555
-0.283080476597224	0.205176315660814
-0.297662619806488	0.136643790714677
-0.643810908317632	0.381402615861312
0.671634827760764	0.213161681695785
-0.516640021567978	0.195578035113981
0.464119404844819	0.338396723316436
0.959179971491152	0.654304439746135
0.726653109251546	0.739437027255832
-0.684267033695703	0.543696663609097
-0.282960399235366	0.227074381051194
0.192167444130408	0.126491590173436
0.647844877463064	0.586468967429375
-1.159894998224	0.649119626925906
0.609358587176311	0.319987227454737
-0.451157511792994	0.300083476633679
0.00525315171172343	0.00275776345841449
-0.593334922458458	0.283672612281035
-0.209836069462463	0.0678117289314428
-0.0524360537364163	0.0229122092230065
-0.389220890491312	0.26862116737823
0.448608466412145	0.32472905385102
0.804003390048449	0.641213949828645
-0.0138975218513637	0.0089412284120381
0.888961638289862	1.02794373627975
-0.530450075863208	0.441296565312653
0.942389563517412	1.06690682145711
0.186984017848177	0.128724678716841
-0.707337348286465	0.675289969214822
0.319115513702105	0.221142484048135
0.192936609759316	0.139029239454931
-0.387622553451443	0.267435019902224
-0.213782988942729	0.138184928321869
-0.671858926176945	0.471723644237149
-0.487999467488545	0.365608752369498
-0.150028500324025	0.102261261086132
-0.333959929170565	0.26626310179651
-0.146620449362164	0.0997891006292946
-0.568666130794876	0.414379582922409
-0.304745429403825	0.28954707479385
-0.0935907780045544	0.0748092359458711
0.0140263099096465	0.00944109107607279
-0.863389109838411	0.92774055877839
-0.325763243673317	0.195693836570378
-0.323078167264765	0.193833516556074
-0.622774695838448	0.596504507807161
0.546406811808388	0.317573515487669
0.18941631364829	0.124588261292695
-1.08838180698043	1.04687929581543
0.102563762863608	0.0730790422127788
-0.686115470132539	0.599634939588018
-0.490532116827474	0.446393647477733
-0.0720853008398259	0.0437772971236413
-1.79835097978106	0.382953978270685
-0.143034785337113	0.0511857384265564
-0.233933197390773	0.117067450298648
-0.680408730319676	0.539798135450075
-0.714521298349301	0.7779867407859
0.374662253475573	0.34103486489358
-0.859581998865122	0.856292185561845
-0.176619324942919	0.14877252382474
0.89070608563556	1.30928021314815
0.216773195533088	0.196964618590271
0.329594736677018	0.360418902421584
-0.250380229758432	0.225496740586415
-0.220216733230565	0.199172855583619
-0.271464082193365	0.241691516241639
-0.787217239797555	0.429675812644248
-0.665715703077375	0.466018110823998
-0.525212509372663	0.435759157860355
-0.524847974739208	0.198891122280494
-0.34191607535368	0.0984089732924219
1.82513230176872	0.715356894962213
-0.206445198839003	0.0667577375028494
-0.490169156843919	0.367786794789902
-0.708611957207605	0.853675655929656
-0.336827944312605	0.239648167224031
-0.0551578839713819	0.0344220635580183
-1.08448272797566	0.740003018359371
-0.530520613829854	0.335374974958251
-0.0507320469963726	0.0417847674918469
-0.783425134826505	0.998771359657418
-0.000204587799688873	0.000144108660625073
0.158983994305379	0.160334180326906
-0.0350599357105505	0.025828119847198
0.524628200059405	0.641269719777425
-0.644688234295486	0.382015944040838
-0.0433900462774952	0.0270263153624151
-0.531359269334965	0.442213521022336
-0.587758880483703	0.609093157834456
-0.26381919998245	0.165227291208623
-1.46014746555117	1.01508064416802
-0.717859810282598	0.246260199746537
-0.916254862153271	0.671600212362123
0.421556865627458	0.336297259500373
-0.143735384263947	0.0813785891249927
0.406553305626871	0.350571959531033
-0.587840850384292	0.609138246840287
0.95701146465191	0.9460925343887
0.135906764002123	0.117091161333826
0.60458831875877	0.588485901125241
-0.0736518985199532	0.0447405009970309
0.70133515364413	0.61691843271462
0.614167056309756	0.467577234181179
0.151026485117313	0.0655211512678123
0.536938645245252	0.193260647952111
0.156467044940017	0.0600919073105214
0.336954733709499	0.205763934299474
-0.564272297550789	0.410417210131873
-0.450349175651263	0.299528187474002
0.19700160944773	0.142170606061738
0.5174050105893	0.553399800712804
0.766352622651029	0.756529276163277
-0.238642074161816	0.175818315059489
0.801985180591051	0.762500923835761
0.192408474612048	0.132796083843996
0.497287913780638	0.343657392634786
0.0919662383594792	0.0628720689416925
-0.174049165186254	0.115549437403889
0.0340672401026337	0.0187233622801933
-0.173818349532177	0.115358796285329
-0.939779761726611	0.993294293028235
-0.529220996039162	0.334326442793072
-0.567776347225565	0.550225789096213
0.0743715882840918	0.0484656019767809
-1.22083855370649	1.577795500966
-0.00599774172175972	0.00389188172650023
-1.1761575938292	1.205726095505
-0.176799040293162	0.134434896130041
0.175531913709472	0.108593650237834
-0.894646314910951	0.746045949273475
-0.175884550477877	0.14805881292233
-0.141891910866227	0.0963252284466842
0.00638565178585788	0.00329235757184157
-1.04083603753025	1.08243650331462
-1.41752250970722	1.50107000353356
-0.327290604667415	0.260059348948553
-0.578566159510516	0.423294135497168
-0.205896835871961	0.154259319872269
-0.614376486940435	0.713705314288311
-0.499029352556811	0.375788385538938
-0.672585699510705	0.472561446620614
0.18119099753998	0.112349725505379
-0.133128842987579	0.104164957326685
-0.768211025231883	1.01675344811354
-0.575355053134102	0.700453390993305
-0.0867122598671523	0.0759905873047433
0.478492305763184	0.54454506901957
0.134931536531927	0.110496061188001
-0.189437383315507	0.188110282997066
-0.540674870736731	0.660811315996849
0.394600963076811	0.449101912207743
-0.108802878587818	0.0858842959026195
0.159383083264363	0.0611617480438141
1.62830711467294	1.14479637823862
0.618138718741797	0.470905339559596
-1.42669664519122	1.51690557943708
1.15529054380059	1.31792072999432
1.03984272433899	0.394547494768611
-1.03068484294637	0.409174747267586
-0.487043857215014	0.255809581423326
-0.378664082780691	0.260183288569495
-0.891145203798014	0.74208308923386
-0.585405672242926	0.474187938672895
-0.37557173872853	0.293960311280413
0.606664310743035	0.591117146177917
-0.525831790064952	0.543798956280004
-0.672944680966778	0.820621000902988
-0.305778446944133	0.140652271890162
-0.228951981763712	0.189270103241225
-0.545349617639699	0.570816525881037
0.156913682687969	0.149466631066965
0.279201639538073	0.256380559776049
-0.818837537723712	1.27295084999373
-0.0584977287433756	0.0475865672515999
0.0149845891170308	0.0106097385673179
0.0945538159331064	0.0671104652110363
-0.206918259266742	0.155167489571527
-0.780685939949199	0.598669215483506
-0.657409613353578	0.458426924970647
-1.02996099216057	0.82327311503492
-0.12552476879866	0.0873874468416755
-0.857645734588024	0.853512243311495
-1.08668430738976	1.27744893216901
-0.260292445799647	0.162781292873943
-0.343557529393447	0.098858556674811
-4.22340771816774	1.98665049888582
-1.14571855397384	0.997208190545625
-0.289285296482797	0.210410175692982
-0.675012660784959	0.534231334763028
-0.0682730440141612	0.0414322919622975
-0.0784897280823662	0.0563756307769196
1.30794215237678	1.8056084728256
0.299412963391761	0.245353064191409
0.551721206865423	0.461903515017072
-0.216838857826186	0.163476388707655
0.310859815688025	0.226275540190993
-0.940087298467359	0.992977381860299
-0.0503829718829548	0.0220340396539637
-2.27905215658492	1.15133868444626
-0.64964371684531	0.386039764961246
0.152364325371267	0.0660900282782094
-0.778461335029714	0.59606807625939
-1.11461096667744	1.44790218398368
0.773288620717157	0.861990685711989
-0.705650025182556	0.719900194441574
0.496112578290794	0.443589570978557
-0.901263527830926	0.75353433071333
-0.699451067589414	0.665199355178588
0.0393500966428475	0.0286881761492144
-0.0967645506767938	0.0567655286108871
-0.975143708565975	0.481983361314072
0.0389446781679575	0.0213624347771263
-0.317944931535559	0.190374728563452
-0.422568053020539	0.323720459285482
0.0711773544030427	0.0442101413707716
-0.847370402681074	0.903424783668482
-0.687733179176625	0.601667865458574
-1.02809587967183	0.820647065811096
-0.445785428825825	0.295681172916531
-1.32152611103545	0.827247129796233
-0.184342445633701	0.12294490993138
-0.999083636509059	0.8987733203058
0.183609454344258	0.126239691275311
-0.463736470719672	0.390466456850716
-0.891349918121572	0.742372533557242
-1.0892758481966	1.04813474287714
-1.63260284112494	1.67700959943374
-0.20149288591817	0.168236942380961
-0.0276226607621806	0.0175807202579846
0.729484339804137	0.743151158145524
-0.260760183006344	0.230475836500273
1.25122749695136	1.65238379442552
1.31792746292109	1.6872694176041
0.206113703068925	0.155367371532903
0.544077640256669	0.453640613130419
0.297505666897559	0.243527975619696
-1.15965534184679	0.64831252031961
1.1434670257059	1.17522917552907
-0.118799371517359	0.0824396771389784
-0.333031242287876	0.290720459662045
-0.428256146869258	0.329175444843865
-0.390286637919128	0.162633263694202
-0.216073906032278	0.0697456994821053
1.40845609787842	1.09982685877417
-0.0566987689205704	0.041254759464677
0.180686151884308	0.112055307433863
-0.150725419318948	0.102694099213442
-0.576512668253617	0.421694503550822
-0.984370681193338	0.879458977901562
-0.138069783458291	0.118535127594444
-0.491023630764907	0.447027877106403
-0.469564465232468	0.72496109766024
-0.156958706471234	0.168894137035698
-0.313764945402127	0.319629954254863
0.197631593492689	0.16821177174487
0.21289925341112	0.206675682580001
0.0196985410719895	0.015954625722024
-0.276718779741612	0.247054458667723
-0.655160570951885	0.717344082578157
0.0245030718647444	0.0203454468152178
0.207047209650088	0.195735313710027
0.157395008834469	0.171768878497154
0.0562635696872736	0.0530793220393232
-0.302822670701385	0.346672331401746
-0.124175397587662	0.126607113159301
-0.568134108362181	0.550667972578938
-0.639100708955273	0.655813634156778
-0.176444166120886	0.134154590269742
-0.541371479514824	0.486131908533075
0.200082771136463	0.188200216799049
0.405580868449769	0.432077999522281
-0.634381957539322	0.812065203634336
0.470557618602616	0.448196266841532
-0.225800422114786	0.186298554812188
0.817019749001988	0.989900726133527
-0.444969500474286	0.40950864172526
0.136331823393964	0.11464325944282
0.304045595307072	0.23083658349412
-0.877015646262551	0.807536456863686
-0.129882733525615	0.101401605097008
-0.172179318945971	0.130561061484914
0.198697991330081	0.149220905683044
-0.85023114886988	0.90826003987987
-0.22386251216044	0.184415381682428
0.596149223522979	0.659463707250402
-0.500658314797964	0.526755610115949
-0.279389282671238	0.267484767011446
0.202618072386962	0.15786767570992
-0.973150060915078	1.21904674426448
-0.37069238947887	0.289399026709469
-0.346859043638168	0.374895802832702
-0.23916525487491	0.176247051376963
0.00293303354097924	0.0022165015619313
-0.179214488422712	0.136467226686703
-0.760663837494611	0.330432690881567
-0.100191179991413	0.0709134958943593
-0.266445517516676	0.236272649030153
-0.380036567716605	0.298283361638065
-0.0571749301203981	0.0249251367954527
-0.396376155841306	0.224613737819311
-0.482993361037167	0.253523060136524
1.24667002454805	1.05782844716127
0.181983794738738	0.105932838806601
-0.135037306660327	0.0484283181059566
-1.41244622641419	1.7035731787388
-0.480137233347981	0.251587647090165
-0.788523742480169	0.522193306174183
-0.785573201162584	0.519208093244018
-1.71413318052611	1.44267725113997
-1.15907552995224	0.648798876745899
-0.380797901978079	0.261658912983192
-0.383830403171272	0.264054620963923
-1.25171303535111	1.17351984054293
-0.850343875431972	0.908005497938279
-0.693697404427144	0.608432711458432
0.366414767409381	0.185421536875217
0.473642720275429	0.323782704831881
-0.450851112872819	0.29949088928925
-1.33216919214349	1.10119370352997
0.660398771675814	0.601762198628664
-0.263922795431376	0.165293284495611
1.00228778504675	0.825439280222373
0.17449196656024	0.107930810782913
0.435446804329842	0.46071721802782
0.473903743862085	0.537132526533472
-1.16682330357759	1.57490651221507
-0.336275182682925	0.294068140364108
0.303375121951045	0.364448209827266
-0.050443280413463	0.0373357986829373
-0.327534505540535	0.284953595174149
-0.515012589646084	0.50296272032042
-0.333879738319737	0.357452990540618
-0.384299824569833	0.264438102414508
0.968971014998045	0.96375505232001
-0.372959149717472	0.322543523418826
0.00943368373460809	0.00481098779139004
-1.34306975966462	1.11482785251136
-0.455403654732043	0.638900401460932
-1.13674943273614	2.458105791449
-0.0278061149581036	0.0204754394867916
-1.02621015046283	1.33992799407525
0.0395744527053991	0.0288471536061912
-0.362949130702454	0.364159352087331
-0.451275952795614	0.585764255311984
-0.217636616623118	0.223554106879237
-0.142950327542422	0.132674379666527
-0.473246224643359	0.525390849709852
-0.534866530390532	0.626246669825653
0.195230614171273	0.140826683021625
-0.44648378669441	0.411260854901104
0.298569166399628	0.261620877348409
0.203328113436522	0.17844702784071
0.0499028298407683	0.0376500255679773
-0.193112536025334	0.160314424570914
0.941929035908487	1.26342417532653
0.78845414623077	0.976462679206663
0.0958250731701533	0.0888074414156171
-0.257564726306497	0.248540862733253
-0.260596945937116	0.251944706052104
0.129962281176135	0.116496586479255
0.724592796732853	0.925739988206621
0.0274521732209476	0.0222832721634114
-0.709474195633809	0.813731507486013
-0.564872836664253	0.546488761036912
-1.71897191809444	1.44864977623923
-0.269103566451632	0.168928238015504
-1.4464238605416	1.29692866411667
-0.892690031928206	0.743950291846532
-0.473289761078507	0.466409927020456
0.128723647151375	0.105004356516334
-0.0915973791921743	0.0536949363314347
0.415525677973	0.345715346273991
0.316674083569897	0.21931273617536
-0.336461447496163	0.268535966112111
-0.258808003819597	0.161710528009696
0.102727641145539	0.0731665144184099
-0.422896642862455	0.36277963066153
0.41902082175194	0.333896103719264
-0.0776457732653509	0.0627022682959
-0.686426931425771	0.600115396554339
-0.00992574487368385	0.00640131717175635
-0.28961751774583	0.233416691725932
0.181755330108341	0.112666426123079
0.322487373154586	0.223982524152331
-1.25394120024342	1.35903117787287
0.305008003761629	0.209893927949084
-0.448785397154493	0.413862657332991
0.43535840751822	0.332556457357832
-0.674455790544879	0.533408518347648
-0.429165573528956	0.330008592664245
-0.140592719384756	0.0953810129656647
-0.363161544525745	0.312165891951984
-0.59283024953559	0.482176141606674
-0.175125109005116	0.133036942847379
-0.0253371035409519	0.0118896321559511
0.17599950247543	0.108914685618382
0.186966155346295	0.122825617313386
0.507323820574836	0.456501053577789
-0.895631649259061	0.746986439017264
-1.4840580717848	0.749856548238907
-0.385978942728113	0.217869472896929
-0.764086062426498	0.332088631279259
0.163696964389853	0.0876261967808764
-0.39184649969236	0.221916181789385
-1.33730407062534	1.10791853216882
0.612504602681919	0.321656275202434
-1.82944318244905	1.67560479191944
-0.678466166823989	0.537278955432946
-1.32316316518959	0.829608938823984
-0.537697485641921	0.340921804700896
0.534676685393129	0.192377474764699
-1.08984955132092	0.745632745668245
-0.0538704804588568	0.023522949439285
-2.78047145652296	1.87755756738286
0.956627715489011	0.651129775029379
1.24693167136852	1.05868004234475
0.746400071619539	0.627275437533481
0.153310643258545	0.0743274212955126
0.0397213256049767	0.0217564761021933
-1.080600417794	1.2670625268677
-0.785917678846228	0.520239237163398
1.11429516453513	0.852963551901414
-0.420868233934401	0.322179300573175
0.465032089680945	0.441473841746226
-0.536754254810238	0.340115018718887
-1.33282230702378	1.32767123157432
-1.27385519078948	1.71129446645268
-0.119705882910258	0.0831134714381064
0.916064583677186	0.497017830937443
0.00943368373460809	0.00481098779139004
-0.32823245475542	0.260938726510118
-0.622983033887482	0.596655528708774
-0.131967836158374	0.0745118722781215
-0.148463270320068	0.101122100902422
-0.398947236989961	0.166471939800779
-0.214952210282499	0.0694159656881339
-1.46395478628232	1.02005885543335
-0.825961269390232	1.14395771550413
-0.259933865342446	0.284428758200368
-0.322311717866263	0.612488960506824
-0.531897858023671	1.28973970419722
-0.766971413996355	0.921720882761992
0.0279944713230776	0.0232724241043323
-0.467789318556039	0.459675047915892
-0.0646568228712412	0.0472121845908728
-0.216691024966188	0.1633321986313
-0.281636790868366	0.204079988093239
-0.33490285001972	0.267184385763823
-0.126513566966227	0.109927189870422
-0.591584763096541	0.646346680349111
-0.202569108560425	0.199517342387628
-0.6534368322018	1.05733395204686
-0.885970820428871	1.92919314690225
-0.683915678688389	1.13985902102116
-0.0900928088578958	0.0804883211860985
-0.425826833913469	0.526078195869304
0.197801863136762	0.22970881630225
-0.194406659247053	0.206398418283303
-0.334006162143947	0.384584759518699
-0.217445939750697	0.212488893067049
0.206872035905462	0.199905445433993
-0.54147332905728	0.565572107812607
-0.904669532502762	1.14256839803846
0.197055113815633	0.162901659303976
0.197246071060617	0.153193693616497
0.297340335162783	0.234533496920768
-0.50142158044579	0.458629777917521
0.193855913093162	0.145186003411683
0.0133040402233136	0.0104729793020597
-0.436690108851853	0.705580933598953
-0.0226388190841562	0.0213844059727436
-0.0572679274983859	0.0600359812266053
0.101268930845278	0.114127769387619
-0.175274147433286	0.147473567293252
-1.12567397887135	1.2410753813603
-0.528751364159442	0.439538492438215
-0.43680030996608	0.434449201161058
-0.697762167673798	0.662856551197945
-0.233014216598691	0.116556256289507
-0.303331355809436	0.139333346704099
1.00924915245931	0.833024938992218
-1.26039725057789	1.37043826006392
-0.607202103077279	0.538214916282455
-0.242448522323241	0.178983207132455
-0.367180545661138	0.393647143156276
-0.526005640145961	0.675392754462538
0.281467233505577	0.279313567829355
0.003003649623591	0.00227130622293487
0.302202185392883	0.229175648279855
-0.139423187337364	0.0945214572175094
-0.325615425338321	0.258487100890134
-0.429076208447236	0.424569046409787
-0.637082698167995	0.376378670076418
0.439037621638715	0.335650481853165
-0.62867575528152	0.603846576899929
-1.00127492117299	0.901889938104111
0.363077790319507	0.183702206890675
-0.861533153025357	0.924854768994118
0.499703430232697	0.466211787161261
0.0150990056277386	0.0139990914218169
-0.944937408423156	1.30349706544099
-1.43624183520636	2.33747773007646
-0.907630483356754	1.0831425162528
-1.2688476349288	1.54962543421639
-0.394664733515481	0.223567849334958
-0.0916178017695824	0.0645849714279502
0.798254602149787	0.636076192383342
-1.41971758387784	1.50525887550391
-0.453773071762339	0.3023037967299
-0.299514081045782	0.137412683894932
-0.176949111135067	0.117637258642171
0.00585342038117148	0.00302912695771351
-0.989216832324842	0.885738271922685
-1.67808858804246	0.950714668257065
-0.239709478795639	0.120083663573401
-0.0127122654606803	0.00614048226903087
1.46033717355025	0.912811434979586
-1.32485398038626	0.830509808459006
-0.393701773942777	0.164088841030077
-0.0242251736260667	0.0113672886121713
-0.342569521377039	0.0986187132378211
-0.215609075040396	0.0696016635663571
-1.08945364394789	0.746408447237107
-0.389824029514932	0.1622220446978
0.725600337098367	0.481731912986945
-0.605730369439272	0.290557323660158
-0.676816032695209	0.536105229220863
-1.07563777516538	0.731669323390199
-0.665436752951332	0.465924899215747
-0.473501272874477	0.466923686822033
-0.278505577854402	0.201481444340292
-0.665715703077375	0.466018110823998
-2.22999892442545	1.87143311777011
-0.0157515899784759	0.00752184429220787
-1.67642869717641	0.949529535036556
-1.32877363643352	0.834924638957473
-0.452121340621415	0.300445945888618
0.363726870803974	0.183834420932803
-0.394513529856492	0.164426177322579
-1.59666920335983	1.22523513648534
-0.536502368996777	0.340093585119116
-0.382120271777279	0.403846328111904
-0.561379271331942	0.695025791599378
-0.0458899743612574	0.0332793643007105
-0.328307692802346	0.232599613150509
-0.271209843101834	0.241446761342078
-0.634798904317347	0.780015883923156
0.196940919972954	0.184858178505681
-0.449337674297933	0.414382080591392
-0.782895040782038	0.734709201364849
0.0508167729633274	0.0298239025746447
0.192854590601342	0.12704571685779
-0.941641668706273	0.576374261840219
-0.981757219669221	0.486110858714444
-0.14078756650129	0.0504046952906822
0.150165099513296	0.0576790502589463
-0.456612116878838	0.582261611990863
-0.421187643072461	0.529333816560157
-0.07806531173713	0.0805678007626449
-0.726035481410229	1.42987171589522
-0.627745843532703	1.38458286435628
-0.204432058783049	0.267286253653419
-0.103233280920525	0.0991829610430118
-0.139344021272912	0.131232597952248
0.149489291394956	0.133024612784067
0.0314585960848236	0.0229079041809886
-0.0981363184939908	0.0575952017927439
0.428808644547891	0.451875356438117
0.137438805073536	0.115692195672525
0.423054273169452	0.444048056579901
-0.0607239378744337	0.0494552711205442
-1.15641993408533	1.97670740987046
1.13671318208888	2.03732484411263
-0.268635906251881	0.27648624203881
-0.782608395173096	1.17806867589603
-0.468098505024597	0.459841715776627
0.020369191430434	0.0169079135713987
-0.958468780743803	1.19126075174783
0.0738994107914496	0.0609925994865261
-0.0180459657516175	0.0134864112929461
-0.0901882914756513	0.071905121524208
0.0495375864685502	0.037367426359081
-0.108623421101781	0.0967024506978028
-0.335573666834922	0.293400761816829
-0.368976186751617	0.371601048402106
0.151805803813363	0.141251039446503
0.124364502046316	0.101173196649386
-0.138191559400024	0.118639252952028
-0.17171021363206	0.130185261264631
-0.109183475371083	0.0861891123606656
-0.87416821164332	0.804150363175637
-0.391625169504228	0.389819179791013
-0.0698618282290597	0.0500121119374058
-0.265493374559691	0.235435924459647
-0.697100405951091	0.661766235540365
-1.33245749432964	1.10037723167738
-0.544166702073383	0.489474239724397
-0.666511232577146	0.466698708866067
-0.0411463489362938	0.0297993403166895
-0.487914699749065	0.256282904667548
-0.384224861045128	0.159793802058461
1.9580564153761	1.2235480314392
-0.466081576691262	0.392855551326549
-0.172723714313886	0.114605693967508
0.298110642650793	0.235185120558192
0.193082592956874	0.139117611937638
-0.929277218692038	1.27052953867448
-0.209570860794914	0.15737805802424
0.696132366671446	0.610604622207433
-0.330314031200583	0.262899732839566
0.100840259864869	0.0717465506635836
0.201272019967336	0.145634176890186
0.198405437546681	0.143364292525415
0.303309774293737	0.240027082667935
-0.532949422296886	0.337407490085203
-0.613785257909878	0.546197782756372
0.632659803206464	0.597477839848638
-0.243880585436254	0.180175861900564
-0.138885144067968	0.0941652810096373
-0.018352101111607	0.00870364287419795
-0.281695515828297	0.204035311379354
0.859861458714106	0.912499265486239
-0.117381951270232	0.0814364279348221
0.201194533365361	0.145526135518416
-0.366611606530755	0.315853150158211
-0.205181608170946	0.153714955108572
0.307586405509096	0.223480707530997
0.0207894213558759	0.0146336832352571
-0.382256999551467	0.263112999082037
-1.5047706280125	1.6914353335524
-0.242168439862417	0.178796971874027
-0.775462629995471	0.782776215858102
-0.666466341012096	0.467087123647622
-0.942352905384778	0.578039349383485
-0.017904093689823	0.00849935904106299
-1.27991532525882	0.577621762450699
1.53740685316987	1.32433383337757
0.831006822012992	0.350568707255947
0.912421876773352	0.494599465007198
-0.389569741096937	0.162139446571965
-0.790238565760817	0.431560255443424
-1.5126542472202	0.539316353407404
-0.17446141980188	0.0934734861628618
0.512902789260338	0.327262857319524
-0.786460657491084	0.428738271415608
-0.910437390724431	0.665463383108429
2.40528881574697	2.05431029567364
-0.176984655440588	0.0948844871903939
-0.788383709512383	0.522641560406241
-0.463207179798304	0.3898903376989
-1.34490009279528	1.11715326981679
-1.2556621275824	1.3622738104893
-0.765526048664462	0.33304391299691
-0.180237720192845	0.119965719557417
-0.776606278191626	0.727043387687977
-0.786118923525928	0.428616616401926
-1.48524214542433	0.750596360271271
-0.0529140659284117	0.0231174571435278
-0.307119098015261	0.141289424880118
-0.380384566715253	0.261321677579204
-0.488001860652102	0.256368102780648
-1.21645751565736	0.917590931197072
-0.237898192898887	0.11909949802352
1.13134720753311	1.02638319466149
0.422663612819518	0.33742042738821
-0.460567233517678	0.387035173186282
-0.322379636804314	0.255398899802265
0.0492250027337254	0.0288922710327255
0.00519677115689591	0.00272878893110178
-0.296532627835369	0.239863753397143
-0.0761739785695322	0.046304473568392
-1.26063615850568	1.37039589501554
-0.547784384949263	0.493718944638354
-0.369185657504524	0.318584794171922
-0.0730346877916444	0.0443590040433342
-0.496688666903109	0.373611364144389
-0.0920120072414227	0.0365206831931245
2.36578183368846	1.18776291415308
-0.392890645811615	0.163726265183229
-0.696008574683684	0.660355165114742
-0.425217776563596	0.326267075887727
-0.523095500743816	0.433389081043863
0.00837779062296842	0.00661854043859341
0.249050394369852	0.287547408077341
0.0160150079476511	0.020554419183602
-0.378072499107277	0.790372368347008
-0.329062568822645	0.547712036408087
-0.719842054571507	1.30892724128624
0.35036067375946	0.362633812696962
1.37117293338802	2.12351516089678
-0.52359874996671	0.434200020550295
0.306774875458254	0.222712886776102
0.106552655056146	0.076043593979098
-0.37295237787528	0.291610634010178
0.00651214445153395	0.00537286079547535
0.0691423723141384	0.0669450009342281
-0.024320130310028	0.0227623829246033
-0.987603978760055	1.41106403390149
-0.517590832834138	0.575423231276232
-0.355317214802094	0.505456069356953
-0.147818463890343	0.192350977456391
-0.150125794651764	0.167281941899666
-0.240693452380537	0.215471751622288
-0.142951436048039	0.0971130269544135
-0.62708112394344	0.602074279526727
0.0797721308293981	0.0952728133509443
-0.398329752598816	0.452312222005301
-0.0346103297276375	0.0326328807000375
0.207738462701061	0.232525078552228
-0.205157205371885	0.232584519994086
0.203292910083421	0.168698509633234
-0.149682334417694	0.115199254654835
0.799922468444797	0.636589446135283
0.583335222170724	0.467779956219734
-0.21647677986911	0.140053455907494
-1.44423735531958	1.2948816936236
-1.01423744308959	1.13261638873078
-0.221766440406112	0.143895098609839
-0.273966189748881	0.244240520386414
-0.343732819698862	0.301952070326984
-0.23656089963273	0.118393744272054
0.198302108084675	0.148746062915456
-2.11050131843674	1.61970282141278
-0.53280024892867	0.337056280125108
0.79830971093898	0.635956058339001
-0.315961716426831	0.189019743574172
0.691073490877024	0.604541744271694
-0.00487403653262322	0.00420701194750665
0.0226056031653585	0.0178377353439795
-0.339853922975203	0.455640714613833
-0.293594245148079	0.257763291770485
0.0514837649146853	0.0301676259505344
-0.779977541091745	0.597923622659424
-0.208549103570481	0.156496131555444
-0.0652935403022286	0.0396179778752476
-0.598293366468416	0.286373431144928
-0.131608619057881	0.0742506997091342
-0.301175503860782	0.138186771174604
1.13455336252808	1.03083503045174
0.66329984842651	0.475537784952895
0.314361043393229	0.229081127219631
0.91082488513332	0.938173264779702
-0.0422365939293778	0.0436956298517474
-0.327288248745252	0.392765086056769
0.0695352062709682	0.0572347224866262
0.174241457272115	0.107683361219783
0.624503167851184	0.477796779695709
0.346366467641514	0.193964063885894
-0.547287734518378	0.493067898009145
-0.890843037679052	0.740819898126814
-0.294513778520648	0.238020925107133
-0.704519466895889	1.06228766961252
-0.157318422758356	0.191034129790114
-0.198030141299374	0.147734627033346
-0.479180693997877	0.251015482517765
-0.508194441200418	0.192016198412818
-1.51330481624892	0.539630991333106
-1.03009835596449	0.823758860993415
-1.17058270751813	0.657381305349413
-0.971970848390944	0.480045085491414
-0.322434196414151	0.193469486145927
-0.214277615821108	0.138585670283591
-0.641050214784188	0.379023349169458
3.93558817450596	1.72920225169506
0.160770338301963	0.0545730641617949
-0.486172310450212	0.255302166290046
-0.976260403903207	0.482632667431988
-0.787120279817968	0.429256340098202
-0.39682782969556	0.224890571815497
0.821438679161591	0.345906716608449
-1.27928916342184	0.577098834883985
-0.297173019281657	0.136301929101247
-0.480615697160441	0.251850257467679
-1.46666031356205	1.02248845440024
-1.7116422680438	1.43887062661877
-0.487478980292797	0.442831150211352
-0.698260558331429	0.663667196739018
-0.380849984099093	0.50358232617621
-0.491081217482744	0.51354759372842
-0.872384405030765	0.801737825531593
-0.211380351297293	0.0682941197149795
0.561792388886677	0.328766889196549
0.718278813547407	0.475812928668907
0.615824919794838	0.323751695971074
1.00074930742889	0.823271419930152
0.553989655079323	0.32272615919323
-0.384780920926598	0.160046262443722
-0.0239930594834658	0.0112747439370039
-0.477954506646597	0.619774353095714
-0.154883078993533	0.145099558768534
-0.145922547966252	0.112106126686814
0.828531603525907	0.349434554924782
0.123026872960289	0.100002421973274
0.522192357828246	0.637447321975867
0.168597540319705	0.188585859203424
0.614394817674034	0.766563687515988
0.31224377334899	0.215690663391833
-0.447592350763773	0.297092557039685
-0.483864871791417	0.254008244158298
1.04455801006536	0.39678683304154
0.157771079018536	0.0605593318935867
-0.976655597147032	0.48331333967379
-0.365994715286222	0.436524962474784
-0.662532595732746	0.463636312649288
-0.238574225404814	0.213231739062758
-0.841599050511427	0.955131409811887
-0.658870588587531	0.76050040160284
-0.458665895407312	0.568206447434366
0.0626417030863823	0.0501344854951397
-0.130509611537493	0.101945495372003
-0.388094503210168	0.385254950069726
-0.158204493857728	0.250205861364099
-0.0705375155876004	0.102768401352839
-0.571123204124124	1.26658653222289
-0.337050265847767	0.361657505680836
-0.374894911842142	0.32444591541956
-0.253882937526154	0.206817361715966
0.183599508268556	0.113871683062297
-0.466861985274781	0.393634269623235
-0.0263483547394904	0.024425837689948
-0.335403794015323	0.441149475050161
-0.108961938754339	0.111121100096806
-0.00960817505991029	0.00727298194805554
-0.652699325148488	0.750366850418522
-0.509252617887578	0.495256947223209
-0.647142538676596	1.0421359066588
-0.073242071069178	0.0589969886535655
0.589416479463822	0.670812323680761
0.230396119685934	0.286463360515838
-0.144400322760937	0.157951824496568
-0.506141422076608	0.744598926455398
-0.302620941293907	0.287158860699146
1.32354074904274	3.29937833409724
-0.118037452954623	0.113031016361886
-0.105183760849757	0.0996793760305905
0.907056754512472	1.71016107620194
0.081513240005041	0.0705935953351466
0.0527516028259476	0.0386387181683503
-0.214771337939578	0.13892806718515
-0.0457065716457232	0.0284932072548609
0.491415363340677	0.338732709745133
-0.667013195535174	0.466473274189994
-0.293394158212552	0.236923273202487
-1.44940371915909	1.30090903683262
-2.46966055940012	1.37603284777562
-0.0977388731607834	0.0573909986594778
-1.09703758405842	0.753015081842464
-1.33729113245481	1.5338391358514
0.92470155594302	0.809061658201476
-0.064889521476978	0.0393695091596505
-1.09813019942608	0.754742128325207
0.445533702482895	0.341940304942846
-0.017904093689823	0.00849935904106299
0.148799816130941	0.0571605520346205
-0.145296233277689	0.0987967415032248
-1.09038405229404	0.747037312708994
-0.376456326481539	0.258258101756083
-0.177895375522434	0.149973488314696
-0.651477737078913	0.748597722321078
0.0963195980642302	0.0893078684703579
0.193144951982581	0.139177218992185
0.405712301040053	0.335861238871634
0.173898970046475	0.100991467820459
0.535698150074234	0.467622242190539
-0.262594671713311	0.164370833198984
1.09380366361376	0.675607412355137
-0.538097524400534	0.34114868413109
-0.383559214858311	0.264166460808691
-0.0499462615793016	0.0311287025528253
0.346896155619258	0.194558552735824
-0.282149931980746	0.204428524084155
-0.994209032408051	0.892212062695713
-0.0280181518325816	0.0209158943406964
-0.763896082235383	1.05206214048586
-0.110009541060128	0.0868795366814048
-0.491888100446645	0.369379772714118
-0.784605516039707	0.673856389273577
-0.372037762040676	0.254692901148687
-0.538005827814759	0.341311401232409
-1.49472628983977	1.89955171768817
-0.960360792450616	0.941977899911734
-0.490576477800594	0.368169476377203
-0.982876769267927	0.487155385192025
-0.233923570596057	0.171916673361192
0.340700609394356	0.367128092627717
0.126893269238543	0.148262863377291
-0.327033192170553	0.284393158078567
-0.686951936257423	0.546527442741536
-0.791084221056078	0.43205166057552
1.09003764784702	0.671221713453794
-0.762422509833023	0.331150796142604
-0.212983283899145	0.0687817460409594
-0.516096514132394	0.19525236723075
0.155806557342291	0.0466139175044204
-0.0514038689589946	0.0224695629468854
-0.318905720768614	0.190976186205656
0.162479935061762	0.0485106492306684
0.368718123843426	0.186808772994455
-1.08594704907257	0.742904530331484
-0.599877829682558	0.287247000491255
-0.346493976209143	0.099688871662609
-1.13362027945245	0.342902172857624
0.36394359679766	0.184190494902548
-0.345833967465969	0.0994846900020102
0.96067711317943	0.654385306355082
-0.144224610998782	0.0515954998895758
-0.975026130874952	0.482405669082278
-0.777073704160897	0.784904421943003
-0.698671337933858	0.66425427321296
-0.515466779883267	0.194997679323859
-1.02469648429794	0.406260196260825
0.168126456300357	0.050048821022647
0.161172763513958	0.0618589033233582
1.07305972081062	0.520625344193545
0.717389627491768	0.474971787782658
1.57859573591636	0.786777006329898
0.794646443867503	0.478323464677085
-0.41873680748588	0.498509367106867
0.076130923289896	0.0629146392557568
0.810965211774558	0.774780553982182
0.0465367902611648	0.0272914738365035
-0.810925447291281	1.16139195004884
0.339432498244016	0.348519254662048
-0.297688053043767	0.360945739881546
0.10343247683063	0.0737283253502264
0.0294834987042186	0.0162378606700263
-0.301814929701361	0.138667459163675
1.40671446308805	1.09720193175374
-1.48346094893459	0.750219851443153
-0.393872818245282	0.164270425166424
-0.201839674688023	0.263178096507801
-0.209034527796001	0.305133132420661
-0.585886700264287	1.13275733418569
-0.270610335181691	0.348846196960158
-0.125629192285096	0.152754263165421
-0.820101621816235	1.45800352617299
-0.868516860740317	1.91418378604208
-0.989413954676611	2.16802809993347
-0.521250106000086	0.851276575844224
0.133428132915699	0.160721718178309
-0.762043229811458	1.55072655639314
-0.578135272950349	0.871313262174321
-0.314339778731329	0.484687941333618
0.0977210185723932	0.105721741402888
-0.732697561336533	1.48487881992136
-0.588255492342127	1.09202157059309
-0.0354503596718342	0.0261112028741454
-0.248901575296633	0.223986572998743
-0.195940096100184	0.192045561788882
-0.0858854802073933	0.0892303182237676
-0.569961614045825	0.663873136049442
-0.211325397935094	0.223822704311737
-0.606200044434383	0.91343968101201
-0.751050230849167	1.36848904731642
-0.223160465403273	0.202257489916708
-0.0550398349822318	0.0494208870163864
0.205067497645633	0.165350887643431
-0.179992851311523	0.119785468613897
-0.209741587819626	0.203701726752146
-0.687597863759931	0.91993001896713
-0.124032672231202	0.0964945492758258
-0.241450074348784	0.235375182851691
-0.123637190510407	0.0859922041079546
0.450384970268882	0.346151623722373
0.197755517163159	0.153695786411402
-0.354170581287273	0.353117805061046
0.0889249738235052	0.078961883557323
-0.368597411682108	0.317961100441302
0.191472135801522	0.143148987350024
0.184763696345855	0.12126767700049
-0.179834977777788	0.0963939296913398
-0.177159026801084	0.0948859613684473
-0.587127810178974	0.607819353807783
0.0810805941873192	0.0529586748802054
0.0272536061049507	0.0150332730322657
-1.04783737076569	1.09334390493169
0.506090051680428	0.322299513161803
-0.422568053020539	0.323720459285482
0.0496772157167485	0.029143767069988
0.80228828648933	0.762972185326276
0.849627267955159	0.897529277356268
-0.0454881543613702	0.0283576799105244
-1.24061193072122	1.1568700112878
0.827275658781263	0.348699727583121
0.533424753673196	0.46495904216347
-0.48936594999814	0.48697530405439
-1.14598058438052	1.40686238492331
-0.0678126183592021	0.0411492601614845
-0.780844736179768	0.79005079322841
0.691479488675829	0.605019671555898
-0.140465213446677	0.0503369013866847
-0.177595641205418	0.0951408144016969
0.0282953185931889	0.0156032616011186
-0.536153608250169	0.558221270563092
-0.257324126037779	0.210153521086277
-0.646363610452107	0.666216700119723
1.59666025493174	1.74270577281164
-0.551571927938891	0.579211024899754
0.200271184167745	0.150491464528549
-0.56379089812764	0.545096446100156
0.53105878825566	0.462663071159034
-0.21813398560582	0.141256318156096
-1.13110593302134	1.25136206388073
-0.45476978961613	0.30299583382999
-0.662512422164674	0.462861715142876
-0.208095211545676	0.156147446735848
-0.597315058545999	0.622183814790397
-0.120065949817417	0.103828936524953
-0.611969649366557	0.544069519454944
-0.388551775536024	0.412653269625909
-0.30613504053188	0.270937354603999
0.0702103153393425	0.0457154383856329
-0.203318055832671	0.152156471752664
-0.140603993499912	0.0795352963672997
-1.26092782651907	1.53341708477855
-0.275962277585453	0.199268617458797
1.23535047490985	1.61966971436748
-0.253598496392748	0.158065605570373
-0.7028568075869	0.760186278963333
-0.534290962556991	0.338463806837284
-0.487990231639026	0.365779046972946
-1.16825215423157	0.65562839309757
-0.690770851682544	0.604965656565403
-0.167681446252214	0.110944948682759
0.326876154121218	0.227342087815827
-1.61820599237592	2.23546290767846
0.0242157695755448	0.0134174542270209
-1.21717994742134	0.919404205666814
-0.323313729780615	0.228619875436774
0.159311548972865	0.0540967488137483
-0.641218165519233	0.379908059478001
-0.132456998875795	0.0747448500696683
-0.676804740594159	0.536236844861076
-0.682107686504132	0.541782791574887
-0.0261914826969757	0.0166761750946226
-1.14526117665684	0.995771340787104
-0.330345741338089	0.262923208596731
0.45480062897202	0.330340972728606
0.85952573926824	0.78719326293225
-0.237997118059901	0.119247896195905
0.0335182886259771	0.0184081295371013
0.362694011139307	0.183450993030483
-0.0704438848128939	0.0427771354839474
-0.110097680297272	0.076105572662155
-0.833208667832838	0.997863885250608
-0.675424136549085	0.534691854898104
-0.990510456050909	0.887687151017672
-0.955401440108155	1.25577218478607
-0.701162804571029	0.667242271054775
-0.443128388126208	0.293477610417695
-0.39151819406483	0.221601910551045
-2.06336263208756	0.93926395821226
-0.477835113278591	0.250185265645699
-0.388197675575098	0.161522746371051
-0.180885192861733	0.0970144128168516
-1.13617544316656	0.343960217515251
-0.848436792024911	1.08060944275088
-0.500694317091194	0.377474852653927
1.24099784547108	1.36878811635251
0.0486867360179123	0.0285781216028506
-0.686419054382939	0.600101738917883
0.0438140735630203	0.0329857342733404
-1.18190121959325	1.21471682894145
0.343847171947163	0.192522905336769
0.308260853825184	0.234501443143137
0.85508390058186	0.905337938888553
0.351983460600365	0.197635851598341
-1.46814156755263	1.0251060042185
0.189563649951606	0.146618608362959
-0.628208733532416	0.603475477163996
0.18941631364829	0.124588261292695
0.960488386343078	0.655684972623812
1.54254917074311	1.33231122643559
-0.236527418731735	0.174056255534795
0.0444336587265524	0.0260856606601401
0.505265210993869	0.454257949680188
0.318632603059139	0.220759094273384
-0.393701773942777	0.164088841030077
-0.301582170982583	0.862878254171414
-0.0406687181942288	0.0652703620508579
-0.217607649049414	0.491311470194954
-0.449043819924182	1.23557400126035
-0.324974861101065	0.744128065761541
-0.520895850568917	1.41047514543076
-0.834962704992849	2.70334657788926
-0.365313042872696	0.659604228822907
-0.422017247135038	0.891426379462867
-0.581646940708137	1.22662051654842
-0.534259967565377	1.0255589687506
-0.972372197296385	2.95321178746552
-0.913089923865829	2.2929009419469
-1.31927196594263	4.05152210681835
-0.575442815929621	1.16239660810128
-1.01790435194826	3.15860956545932
-0.97528292144561	3.41726244219767
-0.543628734842569	1.24195831267843
-0.521337247122036	0.98929610563081
-0.695654572683056	1.74449096024356
-0.343436153777434	0.593702465615881
-0.013007644149339	0.0150035752090742
-0.671672268846217	1.19310844848797
-1.27522530214518	4.84852187904965
-0.717835030570884	1.46375447805128
-0.30351989183665	0.331159862531815
-0.290201099682754	0.297188080841689
-0.141803027954352	0.150492913833776
0.13626027973723	0.122693862315918
-0.451108979400058	0.613855746684997
0.091018725637907	0.0809837871174682
-0.922616902042438	1.84529339840771
-0.0385467419896754	0.0320341815469441
-0.263435320689952	0.249168058759282
-0.164812588552581	0.141002059305202
-0.204762772645007	0.153339493209269
-0.688029133725126	0.957004096899065
1.39794811590149	2.49871341752157
0.287626998682537	0.258126784290981
-1.00971245069516	1.38484076351798
0.420724180075221	0.335586476062141
0.998733449724844	0.821461392275534
-0.288933844541476	0.252756531647776
0.403013759439237	0.45079003201601
-0.457249970198214	0.596087345617654
-0.374220720230093	0.323711258245458
-0.653301337796964	0.750844495082229
-0.464795408815543	0.45585333686327
-0.934225533664182	1.05894107789483
-0.0137439202505971	0.00886650771738552
-0.841222495207683	0.953488133565541
-0.0463966268311026	0.0289282552459067
-0.968457181900618	0.953026830184823
-0.631254603469404	0.607057638060051
-0.893747834505816	0.744239381842451
-0.329751403110194	0.233788105787176
-0.837198406019298	1.00510390923969
0.46148626062959	0.33613570679186
-0.387718065542783	0.384727372873073
-0.499760317121884	0.376494847756516
-0.212391446752005	0.137174712315432
-0.852478214715809	0.911302728054552
0.279027635205945	0.241495359152403
-0.0441948091948152	0.0320034783068927
0.275797565801951	0.272762894908302
-0.837545199939228	0.948443403847004
0.533946491197274	0.465860777132453
-1.81654088002593	1.65504984940215
0.00956719781551818	0.00649039399308778
-0.30604160472004	0.317023698450937
-0.977316687114487	1.4571026902932
-0.0522945770879577	0.0379982675082508
-0.306100945384839	0.291128435297353
1.32533103900633	1.70488815118021
-1.62215621123901	2.24336099824127
-0.175370051978974	0.133203975762753
-0.433304803957727	0.333791094706658
-2.22546257776924	1.86366908303816
-0.664764428092053	0.464831514765819
-0.269183026606884	0.16895181855697
-0.697118986605744	0.661997514817943
0.536637749308934	0.56221614356718
-0.630806681198976	0.805458038393638
0.752944702999835	0.94633320435046
0.113787719103108	0.0814748108245968
-0.0416921879182219	0.0307645742327712
-0.570068350321993	0.415466376802575
1.2439908834774	1.37452738084885
-0.0504585684378501	0.0366281253770909
-0.62562613732449	0.600247953488297
-1.59005416563362	1.88784848653713
-0.710012295503197	0.770893421726653
-0.145315392732066	0.0988288270093832
-0.182645486089171	0.121727258223346
-0.203445402274825	0.17007001770745
-0.0243080104084114	0.0155041520179656
-1.0250296843921	1.33656159378372
-1.03739925189091	1.07724549025311
-0.146280823659577	0.112400732928023
-0.780812106410605	0.732087235839555
0.195285905515465	0.140849259154704
-0.0808011687190869	0.0581167425894613
0.917523728008407	0.799989230645985
-0.313710777290298	0.18754872845853
-0.68595863123839	0.647452767072875
0.974036214489815	1.19945573459213
0.482200228061667	0.330714615451533
-0.277311822061262	0.200503376723282
-0.78132561591929	0.733146490467285
-0.131929597065914	0.0744767820620023
-1.41593086479547	1.71127861320753
-0.325418465653923	0.282539740632598
0.468922365778444	0.342673043619563
-0.929389649207863	1.05095902583367
0.464493468506343	0.338929230181249
-0.367447547414884	0.316712255685485
0.306525728257225	0.242944816883586
0.196084445223183	0.141508787532581
-0.447232138592765	0.412021332633368
-0.0963146192494739	0.0680173295937567
-0.791275009142175	0.525263595285936
-0.337581268123236	0.295535322649894
-0.381738955162479	0.299941105410186
-1.98929244612769	3.0379514587961
0.122877441201674	0.0972042661657084
1.06596998417866	1.13826548930163
-0.485053777777799	0.254339176991225
-0.141381032056214	0.0506159875060989
-0.094676270811553	0.0375816430941088
-0.142207514098902	0.0509041851864348
-0.779804419549096	0.424157606981819
0.913223346085098	0.495142411675571
-0.218958293525578	0.0706782121263062
-0.921993765748395	1.03897887827341
-0.934331764504113	0.985031599231468
-0.294626290575922	0.258799490633154
-0.124189848760393	0.0966007710497417
0.21263239042818	0.182737565122827
1.11169989493306	1.5195880037807
-0.913652519443564	0.667876973170825
-0.40825983568761	0.380271208502513
-0.946219411397245	0.579706785723948
0.185240825369393	0.115069047331564
0.184524999235898	0.137439639963809
-1.12136016291471	1.46103223621715
-0.0727318578006236	0.0441745434212139
-0.53444237346808	0.338192532927659
-0.147297721390346	0.0527350181346736
-0.2695222824145	0.169214358572055
-0.203970164199667	0.170563575050086
-0.665805917646398	0.808446572471813
-0.110459837581213	0.0763699705443187
-0.178816704378189	0.118959482883509
-0.675920250050814	0.534560269158693
-0.547521201319306	0.493005541939869
-0.36587582564281	0.315096485703964
-0.936514711337849	0.988089404794615
-0.296767324402432	0.915258238232988
-0.144768417372212	0.331657852899288
-0.238699871810601	0.581477573136171
-0.367087619919912	0.984314188084377
-0.314293379531193	0.713443561099487
-0.202579329792278	0.395682120309635
-0.101448674536825	0.165667406948504
-0.185929179701652	0.323250195181936
-0.467488216484338	0.946171593537094
-0.454116544749639	0.903275806430676
-0.278977963347336	0.485029453761457
-0.219061921018594	0.299398179012372
0.15604308144672	0.205852270063205
-0.470973834356972	0.876513193654559
-0.274519882752037	0.429963241309547
-0.503691885623305	1.01386882979403
-0.674524374489815	1.59772114314289
-1.01630963745504	2.68406772962715
-0.888019003958057	2.62373836756975
-0.225114305198535	0.285630738212883
-1.09555771751609	2.86074082583407
-0.271603930858708	0.357786270572025
-0.863631022067586	1.88707008739274
-0.399174812389368	0.427098810248412
-1.28638754361048	2.54170630443441
-0.637370323154474	0.96058142377602
-0.370917226059606	0.374197427058737
0.00771442176240126	0.00526228135716059
0.0133602017212634	0.0108389236720961
-0.370880343431488	0.289618609280127
-0.107620671883719	0.0743012766066223
-0.292334410256263	0.23594492015112
-0.225801627020801	0.222067055049849
-0.367116807521547	0.369427742368342
-0.361990272552306	0.337846157972622
-0.0656188403256207	0.0468964495192011
1.6132740116432	2.52287244632061
0.210276358577511	0.158844891774067
0.511279862381951	0.325933116091155
0.794350653954584	0.477394161494226
-0.136216740085742	0.0488326324415549
0.369003034710193	0.345682192908858
-0.0862459123041432	0.0686363330984296
0.389489244066802	0.345551673261666
0.102839526056296	0.0757546671470894
-0.298945536600877	0.242181479461833
0.28574135246083	0.248420697559301
-0.845506183244834	0.961108975289779
-0.777075114861015	0.838433499175899
0.405744365445301	0.335771865448416
0.39858511019428	0.35538321760648
-0.389915965454962	0.220409037686978
0.636273943927625	0.60166594637159
-0.908811542331023	0.663222165759626
0.551740256803454	0.321546029772152
1.66745493593043	1.58394754305945
0.96399589968247	0.955887410043286
-1.33757235048154	1.53384174184136
-0.206992472392653	0.155195762917048
-0.0870252248335978	0.0346162611669002
0.68689385069655	0.715321358436365
-0.430726288836099	0.331174363711316
1.24144895351406	1.50589568764605
0.511785815193661	0.46174883746996
-1.33737708000493	1.10817540425903
0.0795028188547865	0.0518548139564865
0.206107840079862	0.160927176854967
-0.230841959744874	0.115394714598778
-0.111396314777596	0.0880385890893954
0.573035345140805	0.457683416396523
0.320794831408467	0.222515106500864
1.53652933468052	1.3229786795836
-0.675462019833247	0.534706184304395
-0.975962525466467	0.482241534323902
-1.27032365700558	0.571955904152126
-0.0441644994360382	0.0275400242806475
-0.785778184181732	0.603586101405077
0.620840507910575	0.474112482507819
0.199020484868824	0.14939517470958
-0.518854353222937	0.507887540486929
-0.426916900237818	0.327860928975733
-0.230276868170015	0.190485584293469
-0.0146953638855561	0.00944100543078889
0.0658236303609435	0.0408678746888668
-0.177129723573952	0.0948776519833788
-0.0703761731554885	0.0427244876205521
-0.681217798133651	0.540747609216157
-0.312193295774431	0.143745792711406
0.154864543949474	0.05943628677518
-1.48772331364364	0.752687949559051
-0.626924278735724	0.601678895593031
-0.0000301680612664909	0.0000745630706443348
-0.415811283417454	0.35512825887004
-0.0171414092446241	0.0109927173123661
-1.03343083385804	0.827509416158735
-0.32863831743444	0.261332836357679
0.00637779704560963	0.00399412555283575
0.313642381990445	0.239243649225231
1.1787976079535	1.58712746591808
-0.586422928155107	0.475310833466869
-0.898215574685861	0.749618313029214
-0.432595522232243	0.333221118525859
0.548256348914869	0.458303790891136
0.397801966555204	0.341436603910574
0.189748474465284	0.124819019293782
-0.295654919042048	0.2391129979021
-0.278505577854402	0.201481444340292
-0.78582499599863	0.675142741022818
-0.525327394931776	0.43606669078898
-1.72512490056239	1.88430587883173
-0.69960693135031	0.665070426949832
-0.775576654679589	0.725067406511696
-0.0526521078708946	0.0382337820234913
-0.0501868887245502	0.0364387934034505
0.41690237131633	0.347220364033104
-0.228594445358998	0.114132530694648
-0.214681742584776	0.138818522064547
-0.54270968355645	0.487800104140153
-0.271241928747883	0.19542997341951
-1.43016080635524	1.52273088406414
0.0368076960028451	0.0202164490330659
0.699788868673259	0.328642488272669
1.33681578405904	0.586406825513233
-0.21584116833564	0.0696924945480662
0.15626975600377	0.0292821097759299
-1.13521969998424	0.343544374381215
-0.837500058596054	0.948445551660252
-0.939435415233848	0.99291839501608
-0.460239687180557	0.449881841480397
-0.413565279968185	0.435296129962734
-0.988336442975977	1.17053097918675
0.102435781871197	0.0754608443035462
-0.497779683802295	0.522694190336187
0.0257596875171738	0.0180963565941047
1.08673717054983	0.668005158832996
0.0333910827883882	0.0183055830551746
-0.689038449138747	0.603101247558206
0.310263958700663	0.214226213496632
-0.337703777236686	0.269860474169661
-0.62503342749082	0.152907838403333
-0.148723268853956	0.0532309139509692
-0.384733237561681	0.159968964448854
1.35043440260581	1.43233027304225
-0.770553313035169	0.718879923791854
0.60213399862786	0.585312090882433
0.436838259967039	0.333546047971569
-0.285844979399791	0.20755701341705
-0.43421137497678	0.334654197194734
-1.42060210134797	1.50552370468648
-0.257139396549275	0.814496396366761
-0.647456966449283	2.68223549126786
-0.236420984020326	0.536088697880985
-0.521489267652692	1.45215625063208
-0.279281952907502	0.516431140054038
-0.204332692185703	0.357137078835511
-0.187002150622427	0.301921727436136
-0.235871492562284	0.381496101695048
-0.255912532672653	0.37208398595576
-0.0240883451006347	0.0280431084179386
-0.529517783074217	1.13871194759017
-0.239563687880876	0.372815836378782
-0.645391106485313	1.50444328311051
-0.0814436781490695	0.100092053906528
-0.527140277302229	0.938760196203863
-0.25233851249061	0.350690896289099
-0.467590751999909	0.76530066180155
-0.521813077065629	0.919340447604632
0.270239856523973	0.341844148242966
0.376810472144385	0.491630665448685
-0.638367576920639	0.655213870363986
-0.725733835174954	1.04425556605582
-0.980752417090124	1.6781438448748
-0.23231816031467	0.224803304433727
-0.453533406978697	0.476990627601765
-0.060062425231461	0.0437794601004008
-0.123071875303197	0.0956951566529104
-0.0491968009407494	0.0404845679454904
0.207569041232489	0.167601917008981
-0.0854467101516197	0.0340128276954404
0.016346383352543	0.0128653181314853
-0.0666707281958832	0.0585707847339063
0.202122052762013	0.16767444662931
1.14647143279722	1.18090269004042
-0.29884559640504	0.137096023510432
0.339130450302212	0.189647391189912
-0.488394040215405	0.256571494716773
0.965070838083771	0.658802695508088
-0.778596705623364	0.423706514313152
1.04403305669827	1.35667152038748
-0.776968881638588	0.727334633968973
-0.0105434850548609	0.00796797359299385
-0.112661817080494	0.0891496185564094
-0.173295460607722	0.131500916805564
0.959055509502903	0.949441278371726
0.467756451713631	0.444808901205912
-0.0252825188391263	0.0160991644880129
0.110366721245981	0.0816294093361163
-0.622606844477304	0.596147928657679
0.179559593196313	0.111168327292921
0.296102666437059	0.233389322440451
-0.13705174647732	0.077447265381808
-1.3195240108188	0.825632376916079
0.077511924743823	0.0505397988798402
-0.783058635068403	0.600327347946599
-0.174616755874396	0.115924087701568
-0.676738097162594	0.536093724176503
-0.145183402810462	0.0987050988157939
-0.536575435391144	0.340273798921248
-0.0486073764907511	0.0303141825554026
-2.63745711986245	1.61966581560083
-0.103603581386425	0.0609101969476189
-0.680338519120549	0.539474333970405
-0.157337454171984	0.121611053098978
0.899803100826667	0.486106832006986
-0.638967957477541	0.378117238195135
-1.1580132727258	0.646915947450794
-1.99001258389669	1.39211014959794
-0.22988225664039	0.114851320463469
-0.643390830329317	0.381285349849095
0.619996291143665	0.473321851223763
-0.535160844219261	0.339144875357893
-0.257964852079041	0.161141626885776
-1.08945364394789	0.746408447237107
-0.592826257623845	0.482113391837151
-0.043636788846265	0.0272058081858188
0.003601906313103	0.00192721852389105
-0.782274179823919	0.599412840018859
-1.32585381591904	0.831487600628691
0.00422669518773125	0.00225081288204544
-0.324758188510673	0.195078109312457
-0.917337803871533	0.672067275774102
-0.330462460203003	0.263060294669853
-0.249935239802665	0.203144089091033
-0.498039807215993	0.374994009479501
-0.182595053031636	0.121677765591166
-0.278790138506887	0.201710274833616
-1.46179058315715	2.22456444173639
0.121418242318977	0.0903336043342741
-0.431710816706141	0.332170470164394
-0.442245989792021	0.406316829653948
-0.213339563943111	0.16046916470926
-0.264655650457596	0.165815984214684
0.84204438850011	0.992795109519386
0.188112021023142	0.123666109225772
-0.143194124103798	0.109820636117679
-0.672854398124424	0.472595912969705
-0.180812963977336	0.120428867351393
0.191769784509477	0.138081054930172
1.13815361702474	1.1678233140167
0.000685507897287976	0.000370096636858134
-0.260710382698212	0.163073720830304
-0.222086485649224	0.144112516597162
-0.135990169732237	0.0920681484368554
-0.485820832610325	0.363594129665251
-0.0505089882196066	0.0314829140538818
0.930360307693564	1.17103233071835
0.0729332476939891	0.0475322744966279
0.668875672287714	0.612330650444127
-0.0104514133071613	0.00672220716015805
-0.0718006032502968	0.0436128812879315
-0.281513440179339	0.203970151456957
-0.32707767142525	0.259834304344954
0.692778294779625	0.606591172171808
-0.409905813074663	0.349108327538564
-0.295184997532619	0.259364000916425
-0.217844386701076	0.141114438055695
-0.0540971018971297	0.0236037103052549
1.32923692811707	0.582047687656521
0.152567656731362	0.0287430408348264
0.152289864541204	0.0287035071443224
-0.627829060935039	0.153504607197422
-1.51787907990257	0.541534829420545
-0.343716239253643	0.0989197038205485
-0.56288835672389	0.543880030557791
-0.675403546286543	0.534700673983285
-0.365505332507095	0.342006138186207
-0.54190610583393	0.486616962393892
-1.01881270618694	1.32456486962812
-0.991910383307717	0.889732878540469
-0.408978669966557	0.381039210891518
0.147991992981596	0.0568516227579697
0.157212954461689	0.0603521678958182
0.185578915145789	0.127676088309864
-0.615892404914278	0.548685155156214
-1.83626797470664	1.15754503658598
0.948535538575274	0.252058145640786
0.943931183072951	0.250903413595175
1.04388504434288	0.396330532362075
0.44506871627896	0.341428579462209
0.442464752633453	0.338904538179776
-0.240169125322611	0.120343346071108
-0.478534789235444	0.473081116044399
-1.04257009493502	0.837661584309815
-0.86497409652408	0.863439894725674
-1.03059862110855	0.824266878359352
-0.242137804188393	0.908519564920024
-0.284830393984588	0.832984396277094
-0.352648326530193	0.995175573472747
-0.312158375127002	0.739036705765974
-0.434019350494481	1.13445231501165
-0.297544614101371	0.55720924539294
-0.18367676362948	0.259347248272118
-0.282034521183444	0.512257639996981
-0.2320652633525	0.385867373382096
0.00606725072862844	0.00731023186402098
-0.178000994743955	0.260752707511892
-0.463949362862828	0.935008877839089
-0.317124596660097	0.510822519713783
-0.38752276084148	0.691881026936926
-0.143690310388553	0.189939279275157
-0.536457085442937	1.05145425051989
-0.247870767937537	0.317180402140695
0.245147179781391	0.326527187963456
-0.0861052804056093	0.0605452593147018
-1.42561388969379	2.80600109101975
-0.896295694379585	1.12718925980897
-0.0895417965880155	0.0714099233214319
-0.0303235961595729	0.0254470735710536
0.688447960292385	0.886882409858856
-0.280394761605029	0.268466051622939
0.112670401999908	0.086087890488972
-0.196449278010558	0.178723451177347
-0.243743151529639	0.180116002387211
-1.46348060429426	1.01952154381801
-0.500925081391535	0.589221118667053
-0.472236080990798	0.399331777975713
-0.779905080190798	0.894520546678901
0.211295849937916	0.186447114533838
-0.0542182382473852	0.039428738367049
3.63269737552299	4.10700084517528
0.66329984842651	0.475537784952895
0.508460228663718	0.324037784116662
0.159243500678224	0.0475711313965371
0.538706182108427	0.193884008472894
-0.670591086885693	0.529595623651065
-0.535722507201328	0.446684379217708
-0.0393292399957228	0.0289904472645127
-0.135334743449653	0.105982235906956
-0.867321001285995	0.866994973398079
-0.561788677241576	0.542518271170485
-0.301672728473483	0.266238839202447
0.398031900153823	0.341851288762331
0.133838869461953	0.109510172329182
0.29545873445201	0.25021307540972
0.967410265404247	0.960938818453711
0.444647593004913	0.340919384577163
0.315355924067659	0.229946308962994
0.304727432763794	0.231461485332854
0.184918155387892	0.121292786501217
-0.671858926176945	0.471723644237149
0.343336427193394	0.210418721954269
-2.06401436108767	0.939809125258311
-0.110190594762998	0.0761697496098091
-0.113835571145489	0.0788293714716766
-0.787415164110856	0.429633747223575
-0.455211304334888	0.303495599281496
-1.16615169331653	0.653984760173552
0.166986674718159	0.0893826281646387
0.796885493243993	0.634254957102384
-0.779241704136647	0.73014654165734
-0.994699459437487	0.892576372311495
-0.343559334530148	0.275288824032318
-1.16252831702977	0.650995830708606
-0.487999467488545	0.365608752369498
-1.60212008363562	1.23452814924384
-0.482516326457772	0.253218723780964
0.807997558582149	0.877597793296437
-0.542321062663013	0.344448918556544
-0.707932000958313	0.768069791750548
-1.05865604348205	1.50712412313235
-0.448457818377242	0.413407592152439
-0.407703636902565	0.346727858591452
-0.402379784855191	0.340952505577889
-0.366318905723366	0.315433633208987
-0.307151028649941	0.311312497856163
-0.939052226491695	0.992339336966352
-0.778908097325494	0.787712977841838
-0.782767921433011	0.847040708534072
-1.08493457229097	1.27389738689421
-0.425119192008837	0.450999740143404
-0.692875545762764	0.656432635324791
-0.528751364159442	0.439538492438215
-0.175644315331952	0.116708892195931
-0.5699642343769	0.41567952718487
-0.26518962165365	0.217557340083913
0.194229208135858	0.14548525538629
0.127510510770921	0.101110794087788
-0.343768214612088	0.349283913325002
0.376016717966215	0.364769894791553
-0.540939856955527	0.564787366099771
1.2491584101788	1.06169417123745
-0.288200404908714	0.209477379755395
-0.336686573276459	0.268885740393968
-1.018343577309	1.13883879772194
-0.0361255057634311	0.0225241983541866
-0.369796498792302	0.288649264129602
0.589309638629551	0.592048027475071
0.0356702717684494	0.0259879854166652
-0.0618258015943137	0.0494813730326561
-0.477243202644301	0.4717635205737
-0.353235215427279	0.327628225588545
-0.771559380175748	0.829952359033374
-0.377791830678288	0.296162835185272
-0.777931630074545	0.786044598990183
-2.23263951883288	1.87520987488497
-0.323840046514806	0.19449152713607
0.823963619440764	0.346972500738107
-1.32585381591904	0.831487600628691
-1.81300911296951	0.738319190977208
-1.51330481624892	0.539630991333106
-0.939973778842872	0.575541822512595
-0.627829060935039	0.153504607197422
-0.827280017798986	1.04264103658314
-1.03011893969154	1.34762664565598
-0.0661987692483906	0.0473213032916251
-1.47126327007392	1.02737148962175
-0.946331272580437	0.580621976574472
-0.175061924835259	0.093765060741334
0.197921580404888	0.137027694653836
0.406904392046301	0.184465425662432
-1.13461598703551	0.343230613786831
0.163413249256128	0.0487677019311828
1.57789827485225	0.786479757755199
-0.453014575687647	0.301681001517083
0.43416825779879	0.331243992412059
-0.673211999450639	0.532418983242312
-0.226230144996171	0.186682987417597
-0.680295866207299	3.4525196167963
-0.468703438189766	0.964477959661968
-0.224841263667727	0.326959645637649
-0.279084046137398	0.455901018068767
-0.268232702852066	0.46483352361019
0.276334843984593	0.416865266114753
0.00535469586533885	0.00582832157038179
0.167593481165296	0.21584057877904
0.0187925721542228	0.0222214587961473
-0.329161434891155	0.437389893679978
0.239768112579284	0.287963984390464
-0.0469156544428186	0.0292405014798596
-0.737445781870136	1.10727364775192
-0.229397816494056	0.1896536897069
-0.240171328426897	0.233692824274562
0.032445268043447	0.0228033095910123
-1.15624617814488	2.17024458816111
-0.279228981659656	0.283500806770143
-0.519744859476267	0.508878793670797
-0.572361651692878	0.41766712437062
-1.03421794805104	0.827618973190119
-0.683918708784033	0.543544350325975
-0.491403520280047	0.368614690326835
-0.408887290761208	0.38094276768972
-0.838815643845266	0.950470039038483
-0.37297392682701	0.291651604006235
-0.150565719566639	0.115986804691993
0.176613591660025	0.102684445624443
-0.0226704145239501	0.0144410007808821
0.166219229060969	0.0890759379770154
-0.280085568079596	0.202687459999796
-1.08589832225544	0.742548321084379
0.532249310589414	0.191451139948052
-1.67435835476835	0.947860706735797
0.185572596002717	0.115319737857075
-0.060354918098295	0.0440007675904287
-0.0670036229007828	0.0406631759983152
-0.548833653689805	0.494970227649957
-0.2814978486658	0.203848485221824
-0.703068852257121	0.716123720980318
-0.176287781195522	0.134011245422642
-0.296402655885856	0.239819442780377
1.57763881270641	2.19640086508872
0.0781665411723714	0.0510120598300017
-0.0462732609928259	0.0288526571372763
0.519861512674295	0.332862293437984
0.621803342528323	0.475131692204506
0.365070947677446	0.184643177108263
-0.494884712517377	0.371978435311797
-0.00113008956166554	0.000781509561941246
-0.283590590083248	0.227596124413173
-0.329584937390522	0.287090343157914
-0.462806058323138	0.389305037372317
-0.787939646827883	0.52228330560811
-0.329918332024251	0.234012514439488
-1.27116604563861	0.572193864598171
-0.564811236018636	0.546288435646497
-1.08620050252798	1.04429674685069
0.802530210457512	0.763696811245759
-0.142801753920347	0.0511111283728562
-0.385035671554689	0.160184885638677
-0.390129115227146	0.162381960557114
-0.305656655986788	0.140469535711198
-0.379918499235616	0.298139774082132
-0.09913222646377	0.0582235280797518
-0.518601109113828	0.428694766430516
-0.0994597483731317	0.0584024814875747
-0.184532084353359	0.0991057355760032
0.0522730360566098	0.0306413834383228
0.00808605284042903	0.00414806901992337
1.2424341172581	1.22209059312581
-0.179507092856278	0.119477461792681
-0.0223637465183267	0.0105345816723126
-0.634915663438058	0.374893774137017
-0.912553082327366	0.667445202677198
0.586526951420309	0.471699006899158
1.47181415263654	0.924045270623303
-1.03958247672472	0.834013534504638
-2.07347195243914	0.945962551724422
-0.7830914584508	0.518080688833742
-1.25931927682763	1.36784105279429
-1.08303516645977	1.27068618711385
0.52971334750453	0.460749809637062
-0.446846369012191	0.411666592307883
-0.778545558565895	0.729116020477518
-1.15517421113058	1.42579106492115
-0.449526942970157	0.298463967174415
-0.0342976915823189	0.0218322936245923
-0.675771471465654	0.534476765152828
-0.556314484191106	0.503549598549138
-0.300672688912365	0.137932389561506
-0.417590577701405	0.357222334464655
-0.242694518878631	0.179219323855922
-1.59441160463663	1.22346309148818
-0.477833184342374	0.250095479677128
0.897112944364484	0.917145434556184
0.102367453094182	0.0777411183036752
-1.07839745995567	1.46429487261039
0.902982662516836	0.926369917248403
-0.631655785957012	0.60802716445367
-1.02615900133504	1.15192349668322
-0.604096834414727	0.28983366111868
1.47815481156751	2.11112213635169
0.412119465389591	0.342380253770583
0.920607289840632	0.802789527639444
-0.196314143275816	0.146274840747927
0.778914232125576	0.870331362522653
0.776662620440399	0.866920899659559
0.00972246653804982	0.00657577591825377
0.0100426722156264	0.00679752990563415
0.320279332215108	0.222212928732303
0.0410600915057875	0.0299475081129098
-0.373344119665572	0.255724689178985
-0.620944308191594	0.594102321487326
-0.707387308465255	0.767261641751377
-0.20627733384157	0.172745364137556
-0.58675380826424	0.475587078683464
-0.393865082659322	0.222805016321422
-0.305933023630468	0.140715565308025
-0.673986065653861	0.473543114190048
-0.323350165907955	0.280504650386199
-0.973235963321901	1.219369734123
-0.378659254445606	0.260050436299618
-1.01670064962607	0.402447644882223
-1.13910410688242	0.344899734416028
-0.762307680680725	0.331027999214852
-3.08164138813046	0.963767470359232
-1.27928916342184	0.577098834883985
-1.32366209482834	0.830126855072988
-1.82311617549946	0.743734674317471
-1.13422470394875	0.343215945535417
-0.627829060935039	0.153504607197422
-0.966159163331769	1.49783049395445
-0.628177984982908	0.603037759786425
-0.320441438198811	0.277392999220009
-0.320379512464241	0.226166122902249
-0.782980838946284	0.426103293230707
-2.63663057812579	1.6189464316161
-0.766695872082045	0.333485214073608
1.45086090685868	0.481039409485759
1.57030373073065	0.781115955239476
-0.388622239930306	0.161830125990076
-0.224149897978291	0.111779360233551
-0.94776437496415	0.581954165991732
0.0170109230829778	0.0114523475847273
-0.544331282130407	0.489469741138791
-0.517049238794737	0.427134263541537
-1.09280202974204	1.05374356902687
-0.37534371085766	1.60793391043211
-0.305955795967774	0.829719916687474
-0.39872987479142	1.15328488118548
-0.298056561537911	0.697846635703576
-0.191896736126795	0.30670804388786
-0.235652554712944	0.372383676768108
-0.165380623317918	0.276902603623616
-0.166287827010398	0.256426634774869
-0.385058161632696	0.741970423342028
-0.69480535800517	1.98705156823636
-0.405426334926575	0.835767048211665
-0.562504661236964	1.25755436774235
-0.107967135942817	0.14913952696488
-0.226528925726009	0.377423137831728
-0.569583406511124	1.16151667068783
-0.496782607264023	0.934784475115752
-0.6909716209883	1.37225361179057
-0.720275013933724	0.874120200245782
-1.16711751683711	2.11509904458883
-0.560421061400824	0.719365394569862
-0.559744853229479	0.619797468066929
-0.216450522811335	0.140124617647924
-0.152145369409838	0.117246223000001
-0.678463646646068	0.537792316313106
-1.08904035395116	0.745873068029886
-0.518360666713525	0.576627182262545
0.402627112890203	0.346727228614188
0.186808158814739	0.122732173974123
-0.538133516597199	0.560784395599266
0.451860015328675	0.181866942033698
0.454056752976638	0.329080535042512
0.406099451568918	0.184038028610054
0.330045540658398	0.216259732984729
-0.148134807785691	0.0530248179205307
-0.336852822477571	0.239750023396889
0.314273266400364	0.217185542190631
-0.342272901427065	0.300393982908775
1.14770564357319	1.79234753811617
-0.835723394933916	1.05846501142063
0.638230172826085	0.785306050551941
0.140876462065965	0.115816044928277
-0.0559604205802174	0.0407243200201034
0.301280777316437	0.24725542843374
-0.113136380992885	0.0895310780346916
-0.0391450520451413	0.0244109143854175
-0.334333016084742	0.292099821976674
0.942777571193317	1.06756439785392
-1.71897191809444	1.44864977623923
-0.89166693906746	0.742198457597599
0.0691128768794282	0.0429574787136804
0.210693940287286	0.175774986066866
-0.846039851525285	0.901817661514509
-1.15566949942324	0.645677647074688
-1.33559196879931	1.52994506429211
-0.325454497852702	0.230356515644967
-0.780797168890544	0.424516807877029
-0.317087014257511	0.189801120463778
-0.567493860674412	0.413306468644144
-0.433339035726092	0.43018611821291
-1.04310866497971	1.08641324967321
-0.0967724017254902	0.0567943958419379
-0.451216830045156	0.300109529536497
-1.09394666967793	0.749913837562504
-0.914558436815343	0.668631431216596
-0.288724079469839	0.132095905653619
0.162973592470961	0.0792908746192331
-0.508820547767271	0.192248693309811
-0.778461737409988	0.596523482692122
-0.143727628292726	0.0976669634825863
-0.551585872021313	0.498080130833541
0.284322468640197	0.254580522456028
-0.871370085356136	0.872937371410946
-0.443522025704392	0.407750752375291
-0.491579559233819	0.514056597912515
1.32209894221478	1.83444631393483
-1.04841659725405	1.29823935880402
-0.244190140366764	0.197680707247598
-0.921091498781586	1.0376464053849
-0.533818749185823	0.338130041526196
-0.323840046514806	0.19449152713607
-3.45538437102149	1.2298802093729
-0.715081838239241	0.732353194400274
-0.675450431662196	0.82503534410205
-0.570079903333838	0.553058913343751
-0.784805944670922	0.602441867103168
-0.216940090926414	0.140480723926899
-0.096419736027391	0.0681059813708611
0.478579047892359	0.327912819590715
-0.397717194073051	0.367930449957903
0.287111304831871	0.257588552940521
-0.074987401603886	0.0537975888286059
0.147016720600414	0.124464343665303
0.0358104049329557	0.0260869276026103
-0.41255455145666	0.385176371566244
0.0209606664509865	0.0147568893567843
-0.445050558752572	0.409467682232585
-0.205864422740895	0.154284491745475
0.107209373115565	0.0765286193178825
-0.654685569567333	0.753842797140333
0.144718917245361	0.136568332590305
-0.0205379062112903	0.013120368375094
-0.0982160571693718	0.0867938371206336
1.13235848408957	1.02744237169147
-0.243147916484501	0.218044491046291
-0.642372657492481	0.660673911957286
-0.148723985737807	0.101296173086546
-0.70324194552328	0.761032026438646
0.128475733558755	0.10479809446731
-0.257567071852831	0.160822749410815
0.321913197811115	0.223195187710483
-0.564272297550789	0.410417210131873
-1.21066497203961	1.92688892561285
-1.13461598703551	0.343230613786831
0.165016003775978	0.0491834127411745
0.163002310393759	0.0486040390650962
0.366720988334481	0.185844030741477
-1.6679033676194	0.940905558304738
0.154813591090059	0.05261311136075
-1.14009620739235	0.345227889980206
0.152567656731362	0.0287430408348264
-1.79827400712943	0.382942964938875
-2.57775304544287	0.66318910114962
-0.768260210247578	0.824804107096077
-0.54415846003191	0.489511637958913
-0.513373075884444	0.194073691559119
-1.33142332711163	1.10064958208453
-0.264341292292149	0.165587176132094
-3.75466048479637	1.48723142869904
0.670649872073233	0.212844236167521
-0.342569521377039	0.0986187132378211
0.152686341340135	0.0586077786643544
-1.03822812161628	0.832312969500746
0.722127967368375	0.478740321691527
-0.433025801556179	0.333623887606587
-0.12623226852496	0.0983280988633909
-0.239028820231589	0.176132415651907
-0.897037091200871	1.1284525188999
-0.176422907947055	0.117232990186184
-0.770181021658672	0.827759405037181
-0.258992984059169	0.649874157425524
-0.107831146148255	0.210270905348159
-0.274745636779372	0.609168053260155
-0.263549405295236	0.56735505426941
-0.231197036148771	0.430739261050756
-0.387222867321232	0.856329861127697
-0.222422523976827	0.384184710935442
-0.173226368495811	0.28994748755211
0.388467464902513	0.70177438011177
0.0886152970309753	0.130412588811168
-0.395802988293017	0.7579794251144
-0.293001067660593	0.48809740662192
-0.0775989393784056	0.0997828908766847
-0.313497405781731	0.468496905724702
-0.351731407488903	0.576143151845344
-0.199025145394288	0.261674052990514
-0.39087204109822	0.388652532981296
-0.862359329165083	1.33859754057373
-0.828367367687905	1.09751231933368
-0.60170068040572	0.693080557196451
-0.885508668750803	1.16793850182833
-1.38379759976999	2.1745405006019
-1.14452919821285	0.995413372609422
-0.383491741310933	0.263961601013165
-0.777804398474362	0.839464005766523
-0.176822518934278	0.117509756420002
-0.142631795456666	0.112206415193334
-0.645501003884751	0.665081398386784
1.10429289600961	1.50437113414079
-0.178169136478913	0.0955589902107266
-0.912369438077992	0.667673687010245
0.181694085906279	0.11910921462089
-0.145320295788574	0.0520121167150978
1.62881293064946	1.14534612789453
-0.149638278704888	0.101953050396287
0.0809705429982656	0.0686455196513299
0.19886362800775	0.154651947814883
0.0601709316534351	0.0469020484824652
0.043156365890078	0.0315013072663474
0.934407395531219	1.05360813105155
0.520819396149869	0.55839114932536
0.706281714158162	0.820302020956754
-0.17081212931244	0.129429243444672
0.847110134852252	1.10224399625837
0.741186513095985	0.620739627409236
0.0355431550010478	0.0258904538091471
-0.181489501024499	0.120852197649098
-0.91210849912477	0.667235132516904
-0.0914741860605869	0.0644906633249464
-0.780903111291364	0.732376341014486
-0.265864511793993	0.235712948111765
-0.914906873401829	0.670185738165683
-0.0987013216027167	0.0579605371985798
-0.177296413796903	0.0949974911402698
-0.220502496372752	0.142994388682626
-0.291051647682194	0.234755909258004
-1.41360255556495	1.70563976001863
-0.0536133494287044	0.0389580083675817
0.552329901529913	0.583976297223756
-0.0623206192456537	0.0377900817641129
-0.157856342263556	0.122126471741023
0.971970574824935	0.665605137248413
0.0363890545746911	0.0199896865994571
-0.760904068516606	0.330455192444913
-0.776184933913863	0.663529128438286
-1.33187046895723	0.837928516784145
0.355187542785394	0.199908389054393
-0.34191607535368	0.0984089732924219
-1.65097015733852	1.70818212335753
-0.595274676684282	0.484411351519053
0.6609949331216	0.602579239279979
-0.880675479655399	1.1577963519081
-0.426320980743578	0.327275923725852
-0.113774772156606	0.0900330458040426
1.18873015416411	1.92355170445602
-0.613826458550746	0.712743790902748
0.511979259297029	0.462037001893246
-0.39364291247891	0.392361389893671
-0.309023012955442	0.294563324843994
-0.144413452262882	0.098129104848282
-0.33440779067712	0.292124377395807
-0.236975667286359	0.118584692077432
-0.628347365301396	0.153568930486371
-0.488021094596668	0.443515244742475
0.4124868473977	0.342657269411876
-0.361038745360447	0.309932092962099
-0.697726648979531	0.662899075617777
0.134123846734493	0.120635762248179
0.312605324999208	0.22768279885056
0.0495600805402616	0.0362618997020255
-0.0670933227526025	0.0479669866338759
-0.987970500636185	1.16991371881743
0.205790880135735	0.17112795990234
-0.893639837989322	0.744764343179574
-0.623951954464398	0.597957076535963
-0.476810756558179	0.471159166470909
-0.0615183398198172	0.0448601136269706
-0.905942393494645	1.07918328481354
-0.865202135419105	0.864301890545056
0.343999252011997	0.3545022594381
-0.89704960289496	0.748388096580046
-0.362359928199165	0.338359080611192
-0.299230782628692	0.263647774498328
-0.374525803558253	0.324087179385602
0.283971028394063	0.246605141649441
-0.019537344905341	0.0145854106490457
-0.332480812015044	0.236172612542844
-0.17527894786831	0.116412793710825
-0.133371755045673	0.0753233695482638
-0.212982908955638	0.160144423083014
0.160803134128977	0.0406203249121647
-0.0533041266458526	0.0232798428876188
-1.33276711826467	1.10230163259521
0.395360119557451	0.17875669532558
0.166307199190119	0.0418280240782314
-1.80197754639448	0.383903353697165
0.153526628680235	0.0288819285189665
-0.627367542213354	0.153354696036073
-2.577202278156	0.663064687208724
-1.03078125281806	1.34906034542512
-0.918146447361925	1.03289007614111
-0.497201569540564	0.374379258976174
-0.244091361632933	0.122497430783566
1.09184712460802	0.673224096983399
-1.79827400712943	0.382942964938875
0.556658197455442	0.324808183980346
-0.48832877002584	0.365892687199623
-2.02574389815644	2.69006032304001
0.321141605010754	0.209760409362766
-0.067864724824709	0.048537952552876
0.0917652648028298	0.0627172990339146
-1.55209152343661	2.05420754523973
-0.24258957386975	0.179140605212819
-0.173280979997757	0.131462772677587
-0.253799459125999	0.206797898454118
-0.429331337754742	0.330063337139667
-0.212952713994148	0.562882513305914
-0.145846420101918	0.264478694854104
-0.235622990211756	0.429898262366347
0.228173653058269	0.400336681300949
-0.274261558346383	0.512392090297044
-0.180253418594048	0.317604458854421
0.0107255048923976	0.0141365072288668
-0.29548795105795	0.525569319209544
-0.0248745486314521	0.0316464014071003
0.191388895766506	0.269905640622349
-0.509358901156527	0.90672694364329
-0.365349924721651	0.617158912349231
-0.903418611192399	1.45113240379758
-0.866066917375543	1.49911757955238
-0.727301703462495	0.969153337991187
-0.874976386419437	0.804328349855015
-0.294106361891109	0.334222865015083
-0.662746463144571	0.463687236726135
0.00235117452705745	0.00142737859351301
-0.143720259881454	0.110251445449847
-0.0704438848128939	0.0427771354839474
-0.40039954512901	0.371027296782245
-0.0438376803527442	0.0323628177454476
-0.181624961597366	0.153461939494309
-0.619182977150776	0.83584285161373
0.452103115093775	0.455689570260565
1.12592752151054	1.01841225831594
-0.172199048626593	0.114212544240706
1.78366669043243	1.83925440341686
0.901420024742759	0.486968780814711
0.900889315160942	0.486604124791445
0.463652917334685	0.337871191343903
0.0598065359399349	0.0478116621709656
-0.683190415791965	0.643616661281484
0.210310901952042	0.175401442796634
0.42553289057408	0.447375863408071
-0.110334900554946	0.0762678245819521
0.788107940063203	1.14280044500793
0.119947392947526	0.0920286629810687
-0.174126419518463	0.132210244291325
0.639398791343848	0.787447431868444
-0.326240782995646	0.230826322596543
-0.368122747041899	0.370654384424486
-0.238104962505326	0.175382225508725
-0.108759554168575	0.0858221369186268
-0.305833384913783	0.290759478822472
-0.217700708939256	0.178565413945694
-0.411487219594352	0.350579936386371
0.0370292060303984	0.0269828558912586
0.103779200496905	0.0739847221983111
-0.578347370503811	0.563723776557643
-0.292704905288589	0.213213730725369
-1.54497377777347	2.03745209257576
-0.198407624247716	0.148043552545543
-0.371291071477055	0.320757934456466
-0.496047139850516	0.452779604854686
-0.102288824453198	0.0601057320937088
0.0081268516626987	0.00554307705246295
-0.558070547452818	0.40438658250608
-0.183009675595886	0.139632091731047
0.418160114142059	0.3329481544759
-0.0231223284757557	0.0147548649133894
0.0661247518975122	0.0410514303040406
-0.642511009645934	0.380710730102905
0.537822771634915	0.193597818709898
-0.01226587814395	0.00593849754097197
-0.427464635506327	0.328359351666151
0.758923499312496	0.747066392831741
-0.394486051945022	0.393432436585178
-0.572607273564618	0.556259747145074
-0.962505328470665	1.27056640474189
-0.70873476745263	0.769333269120696
-0.193079039800272	0.160295641543771
-0.251132001090517	0.241173406843166
0.2681246781575	0.257336145932234
-0.0424464510253181	0.0264623194232669
-0.50384106708451	0.461927572726037
-1.17987240534483	1.60284484446109
-0.774385518948335	0.661657593732451
0.195953393277565	0.141409330495782
-0.618933037944772	0.55206084629808
-0.136794080270488	0.0490262213442867
-1.02624181092562	0.407113610404842
-0.541908337127548	0.486810658000499
-0.325630086358514	0.258444122193301
-0.42772869266897	0.454723490099217
-0.0632549768251704	0.0383191854727284
-0.768351891177624	0.924121003966292
0.370168382865905	0.347096682137515
-0.110061849988005	0.0868745413591178
-0.245843094545451	0.1818268850917
1.24298135242619	1.75450474058504
0.132835461553041	0.108636507446215
-0.0871718694158067	0.0613323765425732
0.0183843218536221	0.0123580942860995
0.371489363704761	0.3594470376568
-0.157911023401753	0.122161214018093
1.12308382268503	1.6411346217006
1.32828547869269	1.84932157647441
0.356130289651273	0.360735022477831
-0.104831619831244	0.0616341855142298
-0.290142872488901	0.233909597089594
0.405351589522942	0.335433528738429
0.57151531129098	0.568612191677053
-0.3796347173019	0.297804891126897
-0.197115131935729	0.164064549705277
-0.255977343919563	0.208852788632926
-0.0523797130726648	0.0380692303784952
-0.568399373769602	0.413912733071106
-0.288714751370634	0.232325862281239
-0.569072186788323	0.551866870227528
-0.253018259985305	0.206031822600249
-0.263086121731706	0.164678900972666
-1.03002865371859	0.408868411482043
2.2551582638739	2.51853567699751
-0.329006397879325	0.197848103900968
-0.231215909823876	0.115544901880927
0.694177179136852	0.32552965673473
-1.02009534257052	0.40383692503631
3.93139544004406	1.72622670090374
-0.220044405151055	0.0710431168526529
1.95791760701363	0.441280139896969
-0.769182441744131	0.334695855481558
-0.411064098416632	0.350143699477713
-0.515333329970354	0.50310318082453
-0.559443646070615	0.619626109540234
-0.832304070282391	0.996829145845112
-0.697097008535242	0.662043016151629
-0.181600361403459	0.0974817861940373
0.165704597093625	0.0417255219351786
-0.97488319956805	0.481856856064848
0.15551941191397	0.0754565893022232
-1.73321991837621	1.89853759299296
0.0933250708067365	0.0638138760144733
-0.774925553420386	0.781531675286868
-0.694605634660451	0.609611995999287
-0.331373622341328	0.26389805188952
-0.703854489716522	0.761924464594842
-0.395035912834189	0.223730902801101
-0.240069343921514	0.214853463857808
-0.783961110987741	0.736257395378854
-0.69161122107954	0.654901744284779
-1.04729141106232	1.09330021362771
-0.395247129593325	1.00326403104019
0.0253682941619754	0.0352882198908493
0.0271039379072662	0.0375590820610747
-0.403179715634082	0.872932604991742
-0.490468612129772	1.16387265335677
-0.256150726679057	0.445543025359191
-0.0493452916366277	0.0638145860027886
0.306554376864089	0.505509198235997
-0.0440778584729616	0.0529484524173683
-0.402961251928868	0.701450746535944
-0.146407214905731	0.185186812554421
0.0423421646336609	0.0318621480562751
-0.993796599297074	1.9835283442437
-0.78140614624724	1.04251579817918
-0.21787785207782	0.227983402699282
-0.720790008505435	0.874689533954233
-0.648805907250922	0.837819660569024
-0.468772287605175	0.460913166338169
-2.44093536598657	2.39302616347571
-0.477753903316317	0.58664774074311
-0.784229569805499	0.794711978243813
0.300438557743714	0.246391911618386
-1.09660248221887	0.752745790436837
-4.39862672449634	2.23370238807482
-0.180255797208861	0.0967149041764301
-0.0670292066335727	0.0406616317848676
-0.251244590675465	0.204414875013243
-0.24644110191153	0.22151013065806
0.408587164276379	0.338657415577976
-0.383463241363418	0.263984919631592
0.199271646436168	0.149636454655997
0.31108737464953	0.214881767423344
-1.59939616561275	1.22984600118044
-1.51494963266618	0.540305848955056
-0.569386707202208	0.414532409935954
-0.888620651911048	1.11279025334072
0.216097122294822	0.201066842467078
0.205300546754886	0.170674330182676
0.379059194947022	0.345863232567819
-0.241781868647172	0.178482875886197
0.450603136107416	0.453691837445694
0.186596389903305	0.12245403362285
-0.207233791163263	0.173608415097746
-0.46329622686086	0.389788617704834
-0.443430603012924	0.293836787287004
-0.531288538732519	0.336186679806221
-0.597082297021685	0.486327067340381
-0.176567575524738	0.117340308126383
-0.0695711024414356	0.0422278079255503
0.0872894815287951	0.0595358369341345
-0.336245952684737	0.317587851964728
-0.569462829823586	0.415108459677428
-1.08854331270872	0.744565908850761
-0.993744428496466	0.892318371256363
-0.778834866592606	0.942540785705222
-0.53781638151774	0.560160817927461
-0.0461611800964226	0.0287769288433548
-0.542654530592496	0.4874411182269
0.633376619098801	0.691959905928405
0.310952580629278	0.226180218615735
-0.174427908450835	0.115808657608071
0.152686341340135	0.0586077786643544
-0.760580296986428	0.330415092051958
0.745192417736738	0.625261018854995
0.294867454802371	0.249511166166287
-1.18150333979837	1.60637012263579
0.503846677084913	0.551117940367427
-0.78093359421634	0.732645765358605
-0.830823439883381	0.993757106362166
-0.408620512046822	0.380533767708024
-0.10645302249424	0.0839140866529816
-0.11395847161488	0.0981438011199792
-0.14714002734283	0.100157943192698
-0.396270171506195	0.365809000431225
0.382455347174931	0.440925612514803
-0.289769509941093	0.233542145947309
0.726209651353251	1.00057491144591
0.206951875587969	0.161669124151031
-0.224741366202844	0.185313299075469
-1.01709372319734	1.13752568534896
0.106714816115131	0.0761820265181234
0.17886360915655	0.11708860898347
-0.648245038331216	0.384339584208975
0.0735967479605952	0.0457557689621276
-0.172492294863524	0.130845622772502
-1.13862742527716	1.61489798505104
-0.176444166120886	0.134154590269742
-0.372045844827124	0.375719795712779
-0.848509145638647	0.905705283369601
-0.596670525746982	0.654075107136827
-0.784690198269319	0.603217754236892
-0.546478079022154	0.492252588316594
0.081472588256813	0.0532231853772424
0.458484522953574	0.33316964937655
0.190286104862471	0.136926944756698
-0.18071730117713	0.12027747657569
-0.51835302391281	0.428477586695865
0.704282222371674	0.817055959649164
-0.387558658262201	0.267419499854769
0.13609634703091	0.111529164616538
-0.375310014397224	0.29389293431673
-0.863150964312495	0.927449634017159
0.418558795044832	0.333348014241295
0.0780318697632797	0.0645645256708249
0.135987175781006	0.114372409002896
-0.500732499674164	0.458345345455348
-0.786314374372619	0.675690625850777
-0.219025156473534	0.14194850297826
-0.380958656255035	0.299179479569927
0.0540092740915576	0.0316832761588668
0.297082496715732	0.243240662999847
-0.225532771322151	0.204704715535834
0.292133735391686	0.26290911705508
-0.777531050150811	0.839045012665328
-2.63552754453461	1.61773672130062
-3.75466048479637	1.48723142869904
1.24906958379532	1.06043811698675
-0.971709738497058	0.480076873670829
-0.717014216380814	0.24607192548599
0.168126456300357	0.050048821022647
-0.627367542213354	0.153354696036073
-3.45598446335482	1.23025555319821
-1.13910410688242	0.344899734416028
-0.333805794446239	0.291523391056
-0.94843906098199	0.58263365378303
-0.785357336710372	0.674340600486683
-1.13660391923248	0.985840952939085
1.06795776597357	0.517462167643025
-0.389824029514932	0.1622220446978
-1.81842816932896	0.741601322947527
0.365175945287126	0.184673606604109
1.24058049562783	1.21742686980157
-0.0324270383777052	0.0242499940729891
-0.453091711803697	0.301505838263103
0.0566307556841907	0.0332381999626465
1.23305140131894	1.48871714202447
-0.006973477451023	0.00448891268454171
-0.779806295034066	0.788703755573173
0.457114435050359	0.447326706887061
-0.469361362562134	0.396420104580919
-0.120885137649299	0.0938261167905081
-0.0474729707430887	0.0344361451154159
-0.563104844718588	0.544049003189413
-1.27001013046188	1.55132750200526
-0.173546635628152	0.131735955505885
-0.236313504069198	0.576865413063755
-0.201821392948471	0.374465338058165
-0.165649603299853	0.326368597590448
0.050021042202966	0.07511971527476
-0.119346956788558	0.192149466581039
-0.337511299661695	0.663455942601461
-0.301078674897797	0.593932952434174
-0.34199216305703	0.690384709129401
0.0744851913768848	0.104549052503226
-0.0895422378216625	0.123766157095742
-0.306355122722231	0.474350268083872
-0.149962254995718	0.188265944102786
-0.488989905933698	0.954313510963594
-0.726313093869524	0.967342906051466
-1.10576500339364	2.42605621706444
0.0428132659054951	0.0373609201758779
-0.504507850489665	0.741791110523464
-0.290961497922576	0.329771669788835
-0.314309891702469	0.411933523220371
-0.339993764205204	0.449059686137134
-0.408675689071752	0.508313930499468
-0.105418757860055	0.10868651108352
0.270391099227042	0.266339293289263
-0.20502478481115	0.187695968522989
-0.358538861723989	0.381855769234286
-0.45921760949335	0.306655761939705
0.047054926465044	0.0276096763511578
-0.650044647331908	0.745936508763301
-0.646526855161497	0.383340706209877
0.0840746891164994	0.0549812448607368
-0.070504764467652	0.0504852855659246
-0.719894141283799	0.83061249657363
-0.989530989920839	1.1727291874625
0.11626726865893	0.0862623326395885
-0.596463463887804	0.285706403838829
-0.178851751779926	0.136180866973703
0.304130419528671	0.209291305954475
1.79348315417735	1.00565719850962
0.404238226831638	0.183065264301355
0.551960354866604	0.461883900790275
0.580847872513238	0.580960894620727
-0.0573772344566126	0.041766928889066
-0.0121019257109042	0.00910580135753979
-0.152193773401457	0.129081032834535
-0.775564001247918	0.887130133346045
-0.569624208290797	0.552677408290782
-0.116270926609938	0.092170168357101
0.297404997511948	0.243553946318698
-0.253437353504083	0.206469292806839
-0.0457303746734132	0.0284562366283747
0.182506707098318	0.106353355907961
-0.0134941357671724	0.00867385112451694
-0.161074051163022	0.124797900652317
0.103233229039988	0.0735692312109095
-0.788088903818055	0.52179968255197
-0.447209022085335	0.412057965443767
-0.917312093292682	1.30829042379396
-0.00299185837224494	0.00195553489738342
0.116359524254305	0.0890943684206141
0.0505575631194983	0.0296303398280461
0.364031575982881	0.184287494438609
0.85558573891752	0.906111447943026
0.560379704748602	0.470921724004879
-0.540897895773902	0.343399399506003
-0.936318756560326	0.572618608963329
-0.648782712129846	0.385121583917875
-0.950197979986813	0.584265179323338
-1.15169234756514	0.642595923476004
-0.523105918713808	0.433608467018329
-0.207756199854178	0.155842354269063
0.443452772100719	0.44441522114615
-0.423483535383342	0.32461091085881
-0.0711133095604269	0.0572129301728786
-0.115559402482982	0.0996585041049129
0.305653093238622	0.232156073651667
-0.769301400789671	0.877158134649083
-0.462677018123965	0.389273246084417
-0.301171007735215	0.244262363000703
-1.80115403699882	2.45188768454356
-0.557867397262498	0.617038423555689
-0.243252946464949	0.218173894020805
0.926054957024622	1.34477855665474
-0.32665975856665	0.25930443773931
0.190165292244781	0.142135967280526
0.915269266059919	0.944401283082638
-0.248914239528345	0.202181899599239
-0.676459593310541	0.535684450911742
0.344578203482479	0.192805005883277
-0.539631686242031	0.342380182221564
0.166069712024258	0.080791107710097
0.109066826481162	0.0779430484237437
-0.253032085846623	0.206035767459201
-0.43591522440202	0.336209821972151
-0.0351745694999448	0.0259093060174139
0.047054926465044	0.0276096763511578
-0.870350631928696	1.19432314268601
-0.482072925534172	0.477786266994226
-0.773456776134916	0.72260200321992
-1.42669664519122	1.51690557943708
0.0168964107065412	0.0113762253614724
0.459700630384775	0.334630738761114
0.725688778886922	0.926824453144759
-0.0015678416291845	0.0012991620879941
-0.381354302868217	0.262393365279647
0.0484248089394567	0.0353997347331156
-0.638967957477541	0.378117238195135
0.984931848438741	1.2982988485016
-0.44662578882123	0.411343281108152
-0.76171213290393	0.958855267557862
0.00737369745099943	0.00502807762908353
-0.152483650454965	0.129327256277405
0.77274380805392	0.860823075951634
-0.380384566715253	0.261321677579204
-0.180097873041364	0.137204428370049
-0.534648324967064	0.445378810188049
1.16653597015258	1.45333303347425
-0.257831797774185	0.227397602474744
-1.20184883373547	1.39937565432688
-1.01961453275747	0.403780235295886
-1.13521969998424	0.343544374381215
-0.628347365301396	0.153568930486371
0.159311548972865	0.0540967488137483
-0.213639314943098	0.0690063709749365
0.166084152255821	0.0418055330790301
-1.79827400712943	0.382942964938875
-2.06905985477759	0.943332987473435
2.75446121880292	0.769079402442662
-1.13582369620544	0.343734699942405
-1.80197754639448	0.383903353697165
-1.19939758933299	1.39494958328449
-0.464513256088458	0.391188172166521
-0.2611147956945	0.230766500698097
-0.853022280220597	0.912442633071231
-0.64737256448363	0.705761596379211
-0.531383025027316	0.523584256977765
-0.786131883133702	0.604762629853775
0.612683767341109	0.321766847158027
0.0283937116452048	0.0156738791968308
0.903755370731644	0.488140001047742
-0.971414747512708	0.479670940118914
1.57954391882248	0.787716824587837
-0.214952210282499	0.0694159656881339
-0.309969814040734	0.185006060236272
-0.389467150446698	0.220119786884161
-1.22283191050255	1.58154700559498
-0.00423846720278306	0.00276003486210975
0.294122249703012	0.248820402391281
0.626756179290939	0.59024124549709
-0.179328923741222	0.136538209293146
-1.08959144385361	1.28228846060016
-0.494664668888426	0.451124609648671
0.30354734544379	0.230378190737452
0.938922865216774	1.06093195001751
-0.0286137359199142	0.0182303843481808
-0.269895541005351	0.222023585480242
-0.183674497323471	0.122433382209247
0.199838687442441	0.150140351218447
-0.495871800339809	0.261093298297624
0.191220267169199	0.131920518376919
-0.778693097182422	0.787016869816767
-0.227365536780243	0.574670000164061
-0.31541248504306	0.812093381790815
-0.158090901483736	0.271208494511801
0.15511459879501	0.27912860233994
-0.170229120562934	0.285872690854773
-0.385677094529692	0.74379902827755
0.0119795720152182	0.0157792416660017
-0.464237411329587	1.01196413859537
-0.336170193248961	0.61605006634445
-0.101731417720588	0.126735376277917
-0.261791845564947	0.423912759977052
-0.183248835490082	0.255988444316742
-0.455056201043116	0.855952313798712
0.0889711245053086	0.10261329697623
-0.476151290657763	0.529592823291389
-1.07295686761747	2.05795904991193
0.00888511032864886	0.00701357738798715
-0.322244081621869	0.367636028880755
-0.314971062110744	0.321156070771393
0.363939954915615	0.339748724298408
-0.635015021382826	0.812969413562033
-0.586945852368434	0.60788505158144
-0.772262341064091	1.0247936258213
-0.12990617227788	0.10140926074631
-0.28979553924764	0.210801655246575
-0.637075682296417	0.61473161527323
0.150388972858266	0.065311350186532
-0.12926318530002	0.072881560869481
-0.234715898438359	0.117329453309105
-0.249515523217917	0.184889020046785
0.206854294070381	0.161584558369945
-0.133750180900851	0.104674812823355
0.203154190147103	0.152887025899954
-0.0951248501423522	0.0558216304690176
0.187069431653943	0.134335460851468
-0.23794401597109	0.119126644100198
-0.307500477547464	0.141346777818478
-0.391629501507971	0.221392440346183
-0.10567729868343	0.0621532918003769
0.30265894825673	0.229406379300516
-0.0235433067289147	0.0150184963412895
-0.21595739331502	0.139766699808362
-0.514576936654096	0.570934017392746
-1.20900082329873	0.909779699545217
0.986230316076523	1.07921897437428
0.995001632724983	1.09369376316366
-0.445107163321595	0.409553841160373
-0.117686047256983	0.0816316445337091
-0.786236960553786	0.675675191544803
-0.0282709737794513	0.0132275847783622
-0.523762229868337	0.434130796179935
-0.374683648581372	0.32430472045243
0.509996143937232	0.459082274447259
-0.627387561945208	0.639502669320743
0.312561483787808	0.215953913667223
-0.267322693559258	0.167657695380926
-0.780779407286156	0.425041943145253
-1.08658267328343	1.04476193755164
1.06612996620539	1.13898145661781
-0.332020377465423	0.264540726264357
-0.223975655117332	0.145444793492966
-0.902096632730498	0.754429760206789
0.920165602772928	0.802911113257166
0.167533620482924	0.103332474144623
0.798721517833862	0.635566855585907
0.00494277679160172	0.00258272010339697
0.725588574800656	0.481865434619114
0.457036293068594	0.332084508132155
0.149356715107181	0.0647703174256238
-0.061614882656704	0.0268071072684676
-0.721178105137157	0.247635434110556
-1.81937129385307	0.742146991690708
-0.943076619182217	0.577739608285564
0.66999328440441	0.21269616854207
1.96370642680609	1.22826215386048
-0.698957511709543	0.664265962036434
0.659882244031622	0.705054066624738
-0.69080356629648	0.653898866264795
-0.182632692871252	0.0980227708246485
-0.251192719533554	0.20429939483363
0.0755088827964898	0.0469578879730777
-0.216034961796938	0.139836220785521
1.12766698341315	1.02026569929384
-0.38314628631924	0.263812263378658
0.577066601401907	0.575900559849985
-0.605349780439584	0.49499631252962
0.739756434215828	0.842800609628745
-0.699945217387954	0.712053970549775
-0.333909807145273	0.23728810477628
0.700784248753465	0.616337385812079
0.0866489761108018	0.0591148049312981
0.705228774190711	0.621262811434409
0.301221033957546	0.247206704081694
-0.237754393388088	0.175029849661822
-0.487583376885519	0.365397705720237
-0.307500477547464	0.141346777818478
-3.45538437102149	1.2298802093729
-1.17193536897184	1.58708605230935
-0.172710107861013	0.130989791348376
-0.547755398284155	0.493458064897642
0.0975010149638621	0.0640506623917721
-0.78186111639166	0.791557277994176
-0.0424629783524434	0.0264656496376215
-0.63212530722661	0.608453461392627
-0.0969182312230313	0.0568941638163687
-0.127336122801192	0.0887294011361089
-1.33600667800113	1.10669429497578
0.526905715183874	0.457986710570552
-1.47221347166846	1.02865423768968
0.489004061356235	0.453557952027956
-0.565841498520549	0.547744409691333
-0.0985678737634131	0.0578830914246087
0.117647644038453	0.0873608352693844
1.1442746422393	1.17731876887273
1.60468949987199	1.75729111820003
-0.188190918600635	0.125725673109392
0.65891574709528	0.600327274167114
-0.703711151515721	0.761238267607833
1.19553147781937	1.73071548018933
-0.571299030832813	0.416883772192824
0.327692174948148	0.214470923889223
-0.535782185748817	0.339196371175004
-1.1942121996957	1.23313667091693
1.24290240501376	1.22283419943943
0.619898404029844	0.472803671700487
-0.854218743328344	0.848411830634787
-0.944647904652427	1.0008846296298
-1.13190405565215	0.342469779892572
-0.214295623660532	0.0692156550779169
-1.51919018322957	0.542251856895701
-1.81092155243237	0.73740971841088
-0.212983283899145	0.0687817460409594
-1.79827400712943	0.382942964938875
1.95706969381346	0.441073865263096
0.153526628680235	0.0288819285189665
-1.82003859074053	0.742440609774219
0.155372593274282	0.0528040448022981
-0.711627240777853	0.243882323608042
1.45377869768284	0.481973964249078
2.12066304185672	0.951843841296293
-0.62503342749082	0.152907838403333
1.82382554957858	0.714761900200066
-1.13129699285405	0.342278739405472
-0.342904767182509	0.0986489157334515
-0.497718759471403	0.374607042969033
-1.11778950613803	1.4538211025824
-0.848343171315668	0.905425755868528
-0.0904054998597108	0.0794462161373381
-0.22904862172579	0.189310948098805
-0.403347736245701	0.342054186448229
-0.293100382313617	0.213526525518352
-0.971757051282176	1.21634638019184
-1.05858819814434	1.10989317081139
-0.786730439835306	0.520654779446429
1.40317018267508	1.09311076596451
1.09247419241538	0.674526124680097
0.179075546977444	0.0963309192843425
0.0105612687141988	0.00532410498159347
0.163386406136861	0.0411852790230607
-0.343557529393447	0.098858556674811
-0.140851914045712	0.0504618813964821
0.18240838953882	0.106184100610594
0.865471252401312	0.642992076463812
1.36883363359931	1.27170716039917
0.457079964631099	0.331893754276978
-0.413519964763024	0.352815782381696
-0.391492818410411	0.270503127405802
-0.314139117821987	0.187829549940372
-0.325967515244352	0.283197122934151
0.312438000166724	0.227450431260154
-0.182673401960171	0.121730449367428
-0.367541052724081	0.286453462196413
-0.77757532438347	0.665539833867545
-1.01914476250184	1.14062300069444
0.0389446781679575	0.0213624347771263
-0.18322175367282	0.0983452145026387
-0.179400753554774	0.399309424267576
-0.139810924289342	0.253370317353123
-0.195910430683467	0.419278313522332
-0.156940452899358	0.291618495953362
-0.414881395315906	0.987145328342094
-0.361663907074374	0.716883860732157
-0.344482789903531	0.740548833695179
0.135693279986918	0.218785017460935
-0.135688078722622	0.204560089857434
-0.340623865865215	0.602922895977599
-0.159592308348851	0.230831184634445
-0.514327750379111	0.886547707402661
-0.95006720794903	1.31393641307027
-1.04418275663321	2.247343552826
-0.236756050743363	0.274301980846672
-0.234444808099038	0.300208567868037
-0.0048646696054322	0.00417402735018086
-0.131760086271329	0.11257933809892
-0.0304245009087738	0.0282774034715552
-0.374532848749293	0.293058087447965
-0.415351284322581	0.466220600177911
-0.618501908905439	0.752244498058678
-1.08361482587545	0.739797777958903
-0.376897043933615	0.295384933424555
-1.48486890439199	2.49861216231377
0.219900213398333	0.23219329770916
-1.09054018369635	1.4899569445483
-0.414215442484685	0.353651082120972
0.0819680639922549	0.0535632954120841
0.39944661660043	0.343359005640929
-0.171232893677248	0.0916081984030804
-0.237898192898887	0.11909949802352
-1.32136890295351	0.827203656953167
-0.588866052094066	0.477932711722993
0.199541409246126	0.149852833364274
-0.409905813074663	0.349108327538564
-0.0888957790633522	0.0708476309290194
0.0114242169077372	0.00899877279736901
-1.16546342040395	1.79406669898597
-0.853483846980412	1.03332017875227
0.200826460834769	0.139172066118432
-0.220273125496108	0.0711077393958585
0.792925008144561	0.476792513172063
0.3885968814074	0.331761700726391
0.202769404274555	0.168256895322124
-0.450283104408351	0.415675505794349
-0.0614435755758211	0.050052893580239
-0.284905100595656	0.228937258483123
-0.411071764501586	0.38351814811566
0.0980794550616996	0.0697279979304537
-1.05334618530219	1.10217791599288
0.735264310639013	0.835889855257313
0.5171356655277	0.553257056945559
0.582754943550836	0.467745564078228
0.300771045006862	0.255467451311645
-0.411131952206217	0.350084481759864
-0.451242609284247	0.416557296337331
0.378690324470463	0.345390937256634
-0.0256684544952041	0.0163471622630826
-0.634762838987067	0.649686465298559
-0.0393210678233499	0.0245147936305412
0.00989570119755007	0.0066996024901619
-0.271784188769047	0.195849085786826
-1.48747869119683	0.752986436506107
-1.72142994009228	1.45253473777895
-0.178325809849769	0.0956432000648378
-0.276118269186816	0.199460375788054
-1.14823208712251	1.41279901218233
-0.145039479152868	0.111365828321313
-0.146358265064196	0.0995906685480056
0.184401278083525	0.120899468480522
-0.185778592481412	0.123997710268503
-0.328444684720608	0.232607384646054
0.013034042210765	0.00656875335499421
-1.33557443764201	1.10614148630109
0.1540561970176	0.0591317209177012
0.729043032262778	0.484851716515568
-0.175607598936153	0.0940711034365452
-0.598064095837487	0.286307280535268
2.41155768663204	2.06797215493655
-0.385968633839045	0.217858425925882
-0.213081865270193	0.0688474348075011
-1.024931295921	0.406505232933835
-0.782478838954926	0.425781425360571
-0.627367542213354	0.153354696036073
-1.46762169963259	1.02310953690207
1.24820184888085	1.51858511372267
-0.230113085265418	0.168686379556825
0.272254194155322	0.248790742431654
-0.0877512402430314	0.0617573946683535
-0.268236420738936	0.168283309056515
-0.0210889557372182	0.0134572028428419
-1.01730895411725	1.13759457463556
0.10773786153687	0.0769307110893032
0.0987402166107965	0.0702240400412023
-0.223034180070788	0.144718652511214
-0.127607652289252	0.0994544690489797
-0.603738102663444	0.493436031130495
-0.00382323617690771	0.00249352662474869
-0.401058716911319	0.37181328452934
0.209343616320453	0.158096485528684
0.661920466167546	0.603915224167175
-0.180730809815211	0.137724323335812
0.84720192849132	0.771746041595049
-0.545191680381236	0.490633042955615
-0.40874128166671	0.347540990032939
0.297277010667825	0.234461248101946
0.0104673388617944	0.00707054095341728
-0.207102904903418	0.155291941184126
-0.660518032084202	0.461354787701841
-0.177905023733545	0.135387660702107
0.00568122632491506	0.00391735034449206
-0.261810823339775	0.23156926357286
-0.497732390435116	0.454628773945208
0.177663455325041	0.110048834904412
-0.467655012657916	0.394620933981923
-0.234221494148787	0.194253037424491
0.0526831057159129	0.0308808866589051
0.123458441574812	0.0977139505554953
0.286201098677889	0.240931159390794
0.135466804995233	0.110997467675334
0.0886585895697097	0.0605379107753585
0.21064178986168	0.180799311815257
0.57975383225361	0.579504711319135
-0.555373984627769	0.502448677707115
0.178259490645575	0.116634840160304
0.191994109951766	0.132555199851804
0.0201843069929224	0.0142130017804176
0.0735967479605952	0.0457557689621276
0.207438188808049	0.162073729086465
0.179443213388605	0.12306784885651
-0.180855543616506	0.0970231942839135
0.791580961692893	0.476236901855136
0.805014778541119	0.872101007618205
0.346672934198642	0.194467564137314
-0.413190910558073	0.352500907775777
-0.515231998645235	0.503237002213452
0.080442104321659	0.0525183252446592
-0.181824461076552	0.121156524630315
-0.778794232458462	0.422891473715286
-0.143315353927409	0.0513295091165195
-1.13362027945245	0.342902172857624
0.160803134128977	0.0406203249121647
-0.343223291761604	0.0987971723984263
-0.347480099168433	0.0999933239977275
-0.342569521377039	0.0986187132378211
0.94904571537762	0.252100131683616
-0.624566751454544	0.152757086863399
1.46162455821865	0.484901016923351
-0.342569521377039	0.0986187132378211
0.350296010873151	0.196575155026489
-0.327601871707697	0.196947927567676
1.82693458968678	0.716159663486908
2.11949336876873	0.950803389207199
0.669009496945769	0.212302346826553
0.166311360817904	0.0418484681801843
-1.79827400712943	0.382942964938875
-1.51688545813115	0.541086496398081
-0.724527840719668	0.248940035798255
-0.953544387439575	0.587052778412743
-1.71031741499037	1.43630596665443
-0.480772012174398	0.252104489474526
-0.0235507107921555	0.0150127149901453
-0.212909413584249	0.174102186517549
-0.303844871379194	0.268519967514019
0.29378312700545	0.248508283716566
-0.0761739785695322	0.046304473568392
-0.166772660674109	0.139432516071316
0.574336742089296	0.572352410468653
0.103085003427248	0.0734679328830347
-0.46279877471634	0.389451885955088
-0.229008836048701	0.114384523613242
0.513190668527744	0.327881856299241
-0.177856956083198	0.095373213365146
-0.40020641571142	0.227141910359665
0.871044632257024	0.649210245735499
0.457372057616432	0.184224149448931
0.604873539313791	0.316932426539224
-0.766933204753768	0.333682664077871
0.814462537718102	0.887212307929048
-0.204840572859049	0.131810369941847
-0.121653428322318	0.0845524365371801
0.904728094385035	0.929430736475324
-0.174860943426291	0.116130604382895
1.24586626629531	1.64124933306197
0.537095345063142	0.469332241209832
0.637074546348272	0.697659432913223
0.629009171451936	0.48168319334251
-0.208738305605412	0.156689462534
-0.552444032711543	0.499047469088093
-0.378834030798836	0.35722915591972
-0.0973919434828033	0.0571706781078306
-0.337157865860163	0.239921594539474
-0.249208304116568	0.607539251671837
-0.272193702223003	0.597412861580459
-0.131604801427397	0.238143334151704
-0.139724746267124	0.231455980019099
-0.355779079901696	0.762684822620619
-0.363487296040394	0.786283514864259
-0.52711623549529	1.33743554382965
-0.842979669609528	2.06958273405676
-0.402885404893408	0.523358784961557
-0.76299179135283	1.51620017212339
-0.427259394052813	0.59140279272555
-0.216160874555417	0.239932947346744
-0.0884851052322288	0.0921723550763848
0.0446109329961778	0.0403944064094353
0.164758617645607	0.172698113186158
-0.0849001356026138	0.0803496021093592
-0.444242529819201	0.601528042260186
-0.100431160320482	0.0962541284773228
0.147987264809411	0.145225288496487
-0.274657327472387	0.245038151025741
0.816081016942146	0.988496896913002
-0.25849338987173	0.26373139698649
-0.0202853305887956	0.0129607945967986
0.00179011322879628	0.00108051363701849
0.123116537025296	0.0974207755795324
-0.366078989285424	0.392190991505888
-0.230626366465141	0.19082223132313
0.619937869072307	0.472594318674733
0.0336023240286096	0.0184726801183054
-0.205593934662273	0.154022542998383
0.309678689970288	0.235731044708941
0.36426078614997	0.184528057625735
0.659564100444621	0.471308445910857
-1.32962361008748	0.835593808323819
0.406099451568918	0.184038028610054
1.49065508371611	1.51130331233284
0.050662937918336	0.0296854079534207
-0.958121293872955	1.19064141065421
-0.355850179011461	0.355124766665623
-0.0491496298777523	0.0404259789529404
-0.475393522995954	0.469255634565052
-1.41341903778161	1.70587374695558
0.155663439658243	0.0597820370134089
-0.307461102737438	0.141401590395877
-0.176126118711741	0.117019881012108
0.768662492673006	0.760034680227865
-0.293615320983862	0.237178707666974
0.199741094818848	0.131948740893511
-0.108108830489948	0.0745847931992823
0.603235860618351	0.586412998451729
0.470542082812381	0.464116263341095
0.530585335477448	0.462018447305502
0.0512265708543896	0.038666020290387
0.694313718380836	0.725861262088866
-0.0428755679354948	0.0188685668332287
0.284959122293979	0.247652870022552
-0.14507514993223	0.122402573243816
-0.496947684388621	0.453895942771251
0.102261836219605	0.0728313826472414
-0.262520400331754	0.164332339121375
-1.81909546969486	0.741894858619222
-0.610706007557122	0.293374267384215
0.0141942586363944	0.0071177118473658
0.0290482242651951	0.0159858923041183
2.27915101996378	1.76992682953412
-0.209306896101087	0.157165175433313
-0.906799023956395	1.08144144459425
-0.000980455880012403	0.000685761364434832
0.584610864615946	0.585133851693495
0.170717331750223	0.0990814257130303
-1.03438525727852	0.828427800791636
-0.325051363027839	0.230000708450236
-0.0187990289974185	0.00889697383070365
1.24688718236664	1.22783352496617
1.00393930735354	0.82628916606967
1.25853230517554	0.876847232777873
1.77173668252007	1.38617901166133
-0.219388531614775	0.0708318276022096
-0.519750069619239	0.196813590651588
-1.46890123853671	1.02477659259171
-0.598266474444589	0.286621153777948
-0.309969814040734	0.185006060236272
-0.788411400370292	0.430302738656195
1.33703685718049	0.586324404119723
0.16228365486986	0.0622600669283941
-0.989368325722292	0.885979041381998
-0.103046944477558	0.0605692880918388
0.303494269716501	0.240210911298745
-0.464898294796006	0.391573570408082
-0.140089554336558	0.0792731974241585
0.01849041597029	0.0130406571487526
-0.0948916177288348	0.0669617839570377
-0.182316036219908	0.139082259325814
0.113098394517643	0.0864055430540176
0.182013696080207	0.119334895333639
-0.318446009334838	0.224520202339521
-0.0524406224009932	0.0327094289923691
-0.0443024160019712	0.0275999251479721
-0.206905278001662	0.133341245081853
-0.0745541739612523	0.0452975504334773
0.0434270220213537	0.0255235293800415
-0.540815011125348	0.34314705305009
-0.410618584524363	0.349756344570116
-0.194028635464253	0.161168798903733
-0.848127262568847	0.839232996287744
-0.873957665539879	0.803876314909479
-0.142840240166251	0.0970109534108852
-0.973441254419799	0.960055309594452
0.425323619634735	0.340013270115588
0.314472963972377	0.204706435211302
0.392221351997513	0.335610187995023
-0.782478838954926	0.425781425360571
-0.172325351321338	0.114319545094344
-0.477991619319535	0.405340081694746
-0.460593511010934	0.386998235192287
0.532420626600246	0.463989538184287
0.114870412675109	0.0851690624408743
-1.50309743945202	1.68605147613789
-1.21509093815495	1.56647634150287
-0.179745423210924	0.119559908700447
0.0947722303330968	0.0648312769116576
0.519072795566237	0.332479836172108
0.335186562327602	0.204521007402263
0.741496489685203	0.621703746674614
-0.851694601660454	0.910494520045054
0.209897881558783	0.175027960831624
-0.857680600225214	0.852739714928211
-0.605018826608641	0.698569305257272
-0.320517512811833	0.192219785637754
0.475360188381484	0.454074145777988
-1.08650120687228	1.04416223364992
-0.218294541615687	0.141410595057665
-0.784468187688994	0.737035541374112
0.475206537983713	0.453909945482843
-0.937672198312426	0.573555973759013
-0.393319211279937	0.222763960416708
-0.588568658541224	0.281040978272292
0.618259569312595	0.471728186792456
-0.916388005046005	0.670966382326358
-0.124213749824254	0.0863799339504897
0.518250404230503	0.331501169992647
-0.945991854812413	1.00285751668875
-0.147161120452194	0.10015585432854
0.175175790917764	0.101787957489731
0.96852041981755	0.662349773226596
-1.02205798388654	0.404922502702426
-1.81472218726632	0.739418880999967
-0.348465736253515	0.100232718134072
-1.51934592067505	0.542187789098937
0.160489139338675	0.0479185611557889
0.152567656731362	0.0287430408348264
0.153247518839476	0.0288421886814327
-1.14834567828954	0.347746400990435
1.57872157530349	0.787144638169878
0.167299398578488	0.0420768316112512
-0.341581022610314	0.0983147602836231
0.152207512413174	0.0287281007494042
-0.304936524881395	0.140240188440807
-0.146483613250347	0.0524206738570132
-1.13751611755592	0.986529152100573
-0.283356718827684	0.205510622597469
0.0526365998707333	0.0408796829530742
-0.330815336247261	0.263393159520799
-0.0981876675147313	0.0694281348362573
-0.70075126657738	0.713345224607322
-0.410222495862241	0.349258223614213
0.378741880117106	0.345650642973285
0.577888444860778	0.577068701638671
-0.180931678608025	0.137883759194038
0.16398311023751	0.0796660171202628
1.06479850851013	0.515374954945612
-0.288072581186325	0.209365026548487
0.609857474714165	0.319839075764602
1.7810182153345	1.39985406021905
0.150523503025892	0.0653077753415023
0.829988921889609	0.350189547890131
-0.0491933855873982	0.0215351318763433
-0.181824461076552	0.121156524630315
-0.785127174008015	0.51881783549582
-0.382809006721031	0.263217123541398
-0.510543353125209	0.497035200704702
-0.288937497045294	0.232699037864353
-0.283731220029365	0.205739693505768
0.719716387279097	0.729664112604091
-0.322701844989751	0.22800840639036
0.0206750376688189	0.0139120807995251
0.0831910294554868	0.054348000175817
0.033534158000992	0.0235654932161706
-0.181992383518747	0.121236472077413
-0.429871522700748	0.330671956273906
0.304693935139362	0.231398426414474
-0.455278411303046	1.6983163597728
-0.224701154328321	0.487226913803978
-0.360068086822955	0.888516515958887
0.0977761005010343	0.150355093479377
-0.149401134009705	0.231005686050386
-0.448117522994947	0.923705638207992
-1.18000672501494	2.15318345210405
-0.000456935306297605	0.000405412520961671
-0.449746809215819	0.504800012784382
-0.285512844196143	0.348172653349719
0.142425965661856	0.141434013353639
-0.465948109175152	0.629515489621381
-0.537842658464855	0.780505366359471
-0.127955797780518	0.119492237857996
0.11370695180495	0.112486634591036
-0.820739915556306	1.36989899704363
0.509795447460648	0.632530020188412
-0.192874780996439	0.192040123108046
-0.41967228001989	0.359341022285415
0.378778667493568	0.444698111933947
-0.0254279696047802	0.0189849590911024
-0.959464774981935	0.940549469243853
-0.0437464230214699	0.0272752857068927
0.209314209763506	0.189118532146841
-0.135210107360324	0.13502307928142
0.195146481162716	0.190632166725834
-1.32416116198758	0.830585068969409
-0.101250756895127	0.0594876145647226
-0.462028845975953	0.388647837915606
0.123985708428019	0.0953411011701624
-0.113835571145489	0.0788293714716766
-0.131136928228246	0.0740018612600081
-0.38499453796242	0.302756916520946
0.151030398319956	0.0732498219685915
0.608801360876841	0.593654055437038
0.298953052194275	0.236008036807151
0.192971976860724	0.139012584723284
-0.0980656174714438	0.0388915532188351
-0.997225891341138	0.896326105936583
0.426991668283146	0.34148878149816
0.878157155759928	1.11994641998321
0.370567101449991	0.347591518041854
-0.380300868687649	0.298567298649053
0.71414663921078	0.721349558167965
0.304066385840066	0.230671967729851
0.0155756856493666	0.011025543612785
-0.289091361770787	0.232902497362457
0.211092799068195	0.181275975013589
-0.0713425993567952	0.0433272573801362
-0.0176900171479989	0.00837812831571924
-0.0839081774646793	0.0589439485738152
-0.210707966427727	0.136010007234338
-0.213782887961033	0.138225799932158
-0.0671856800130444	0.0480078829603993
-0.274566388354992	0.198179949483764
-0.902366946419309	1.07393946647856
-2.11170515969031	2.35317175694059
-1.17801750790374	1.20805475953228
-0.660945713022611	0.461730400976188
-1.67325597190324	0.946983844917827
-0.234253342300271	0.117081845636392
-0.642798709435189	0.380177505548048
-0.131981252890443	0.0744672462234066
-0.144399367030733	0.0980802557674606
-0.0928880368187261	0.0655243278345887
-0.231684097207938	0.191775305249623
0.654322337648392	0.594758210912816
0.721799945188645	0.732848949061357
0.456587644934172	0.331920251046565
-0.595509377581856	0.484791307969902
-0.866841372180655	0.794416925223262
1.24817656710664	1.05942602328188
1.24420727985887	1.22372405561611
-0.390841780948598	0.162864950943953
0.156203958783437	0.0530790256711765
1.28187715105877	0.708598307729972
0.160857283489372	0.0780718550724384
-0.640304465808481	0.378937379516414
-0.571148848419127	0.416510394635285
-0.38553364111409	0.217560286366081
-0.0517303530855733	0.0225988872564304
-1.02624181092562	0.407113610404842
0.0340029042477432	0.0186483245115479
0.000800042858570751	0.000460621061800747
-0.298438343993365	0.241694010476521
-0.218065904430809	0.179011244779998
-0.239932728754574	0.176904991934121
0.0154778715308522	0.0104244022432812
-0.766201618661491	0.920530134190758
0.144957436980693	0.125657306280759
-0.624709830301717	0.59901806203587
0.937363447162506	1.05840373998659
0.103724916115625	0.0764441973104522
-0.111278149739418	0.0879717291033666
-0.373172150878765	0.322798397903235
-0.468462486175984	0.460247834933948
-0.568785797723384	0.551392158848044
0.767868949775985	0.853418814611961
-0.00318068955040231	0.00206605653521961
0.00847911877163101	0.00578247010001138
-0.963788872077949	0.946831501779594
0.357952464581684	0.343233515725806
0.112833395174373	0.0807624295771267
0.191186558862807	0.131922199164501
0.030795596853356	0.016931821543599
-0.781670708841781	0.598866673990336
-0.461630689160596	0.388234308678291
0.10438232858434	0.0744053289473956
0.45619341091409	0.33144468928573
-0.0210325358974773	0.00992689918456403
0.0286294837742312	0.015761383731739
-0.0201503661809639	0.0128766966766756
-0.0237911277717417	0.0151767114378208
-0.618263824085095	0.551440342194051
-0.223961982357937	0.184531764163018
-0.598108527675627	0.487557408991684
0.779626314252615	0.871661502185032
0.00716622602291562	0.0048977973041388
-0.317205996563735	0.223516157347725
-0.326568007053948	0.231222146542989
0.0126422574640096	0.00851973445250773
-0.160139512664215	0.124037054815957
-0.364132280902034	0.365624272875147
-0.0990329469781031	0.0700508340619067
-0.171889155151075	0.14430061626278
0.453944019407917	0.349788848758548
-0.229210611654023	0.189511815458854
0.303233851199719	0.239904360071941
-0.00446941267364352	0.00288713602169194
0.481013830612959	0.461069938302344
0.357401463799407	0.342592439078943
-0.691216234562019	0.69940363069669
-0.249766539013297	0.185110211306924
-0.277311822061262	0.200503376723282
0.0504974356524838	0.0296242075895654
-0.694370230039305	0.658638913179988
-0.195042357816649	0.162134760984496
0.851908871567788	0.778159283978141
0.0483996263686029	0.0353732372464623
0.856350734358878	0.783630024384254
-0.490037160149236	0.367393440575818
-0.396042419129519	0.165174447608399
-0.609361809483649	0.292792715710909
-0.343557529393447	0.098858556674811
1.95706969381346	0.441073865263096
0.825762411823769	0.348140128156457
1.45868047865843	0.484047550536175
-0.72013323546054	0.247288973526613
2.7554263517449	0.769222911089782
0.149358487897967	0.0573759536116166
-0.0851629890564053	0.0339077021012454
-1.13422470394875	0.343215945535417
0.167679655711552	0.042156489933972
-1.8102563556085	0.737065861487772
0.167679655711552	0.042156489933972
0.171207721440545	0.0429238305772998
0.153526628680235	0.0288819285189665
-0.0604506562876286	0.0263148299658638
-1.32048406051767	0.827743182470798
-0.316176172665753	0.18918517362721
-1.01403281901944	1.1322159082304
0.623134134901574	0.476040136132962
-0.203669217795484	0.152468686833887
0.282410755588874	0.244955837664052
0.00882631501126398	0.0059994502504893
-0.239103911891227	0.213831132131327
-0.303311749371266	0.26789188348623
-0.236154497832118	0.173748686514513
0.0819891188944614	0.0535696062606594
1.2477344563815	1.058863515353
-0.954293869827384	0.932832634916204
-0.587960372788202	0.47673106004826
-0.258127051482881	0.161196298558792
0.617809050653654	0.325089032131953
0.444275609827822	0.178583146745945
0.150900005448868	0.0579529434764277
0.551455805527265	0.320787492251558
0.178052722737318	0.103629580568416
0.192404515793826	0.126675067298503
0.491234659388896	0.456259504073867
0.20079581980467	0.161520266192446
-1.21250125307908	0.913969107823505
-0.410722804528233	0.349916117126108
-0.471297984148544	0.464123255624356
0.0304138092786	0.0221375840616467
-0.179845635969286	0.119658838168524
-0.00826294575798483	0.00533431123136167
-0.324119539387832	0.229276258549342
-0.8447459559233	0.960551951146843
-0.44884097915337	0.298412999231227
0.183358931914017	0.113851209596928
-0.870165621274484	0.798120641509146
-0.450408038470644	1.129851869452
-0.256751388037781	0.558980451058989
-0.312321968787876	0.699306210498573
-0.386370164673008	0.761157480002368
-0.377092891907871	0.65541760058778
-0.592634976873975	0.83210662573677
-0.310741517188808	0.374320911245878
-0.524657806311822	0.768636043941953
0.667652079642759	1.03671628499687
-0.362896296871871	0.519725640040606
-0.0282819004766212	0.0262474885521226
0.0370935740211973	0.0348460318035553
-0.359794476182908	0.392455423395411
0.561670213255586	0.866164838635968
-0.0617550812382446	0.0557168538549196
-0.212834561945155	0.235590222659831
-0.469724053937846	0.55460595882324
0.213610923388049	0.173099398324673
0.448798131547676	0.451255243051457
0.203074170754934	0.163482680783914
0.721535568872631	0.732338458221939
0.895459981300386	1.03901759706307
-0.359409928615189	0.382896654549388
-0.121922915204506	0.105617056293008
-0.0660999990774333	0.0539810919260254
0.15866325352339	0.0688602778933149
0.340959869843787	0.190884444890085
-0.0745591861239938	0.0534720813321228
-0.0909925927168248	0.0641285780759434
1.25092568044061	0.869328271590257
-0.390638133543831	0.162515731812202
0.902531043975758	0.926252172705807
0.8618952737629	0.639149098368107
-0.0716800030170311	0.043529625906719
1.24649718516205	1.2282153497933
0.209571576958679	0.179799131680088
-0.297689287608287	0.24096605428285
-0.0858352085209436	0.0603466018891765
-1.32206795479519	0.82911748671621
-0.466883720816231	0.393778849655995
-0.239713948633772	0.176712549812001
0.659601471162474	0.600913564823622
-0.362962667259653	0.338964002272563
-0.13390638658377	0.0756185671840326
0.438484642535626	0.335430243919323
0.203010545790589	0.152765283886117
0.0343337079990279	0.0241319033280253
-0.391973430729729	0.221917791757451
-0.846245967517402	0.90210131845363
-0.0209845527181868	0.0133786064320438
-0.364186500693382	0.365563433091458
-0.333172771642026	0.236650915646464
-0.171584939204782	0.113736125331461
-0.333670482091032	0.237065578499349
0.546348773910857	0.555948508052994
0.912907262520277	1.25208385041409
0.185295332533564	0.121534101894563
0.380047904902305	0.347079305579319
-0.182001040207687	0.0977113945189066
-1.24489064926739	1.16416240675789
0.187172732227482	0.123018938138315
0.41655969070497	0.346898036517628
0.168682327059671	0.0904157038277277
-0.104018117022695	0.061166308304433
0.1540561970176	0.0591317209177012
0.316126403319977	0.21865414722888
0.156520329548036	0.0531599520761793
-0.489079624389651	0.25712748113991
-0.0499647003777494	0.021861406209612
-0.663174053929147	0.464050756794583
-0.663236497931032	0.464099880686508
-0.948843042105707	0.583121896313437
0.149048734635877	0.0572373635334174
-0.786118923525928	0.428616616401926
-0.182195642197134	0.0977797391153247
-1.08583714783408	1.04379873003878
0.0121253265288301	0.00819327182578678
0.301538368690689	0.256242801883592
-0.0977830532584377	0.0691238053729587
0.660656286814069	0.602340426025626
1.1614161823683	1.4430816626232
0.0638049472093497	0.0395816071805126
0.398031900153823	0.341851288762331
1.40459305912596	1.90726643883533
0.210002056829377	0.169836384796243
-0.29010035823928	0.254112192920978
-0.779689642903404	0.943854341323703
-0.0210678644023908	0.0134427561398931
-0.183664055018148	0.140172691273476
-0.280730436945011	0.20333525666036
-0.266965484449936	0.16734991314232
-0.243495269037916	0.179914964309241
0.0988321608495536	0.0702968190131739
-0.170654980049386	0.143156935802036
0.276948430664507	0.246736117027721
-0.0776993423820555	0.0557880109830747
0.129599217412194	0.105790883000017
0.717503875521052	0.912077041497274
-0.265739337576407	0.16650356092241
-0.470846803695612	0.46362101393943
0.558432508123913	0.572265664658056
0.318987758859887	0.2081520460484
-0.273789168970119	0.197517211134678
0.743796715234494	0.624206955969324
-0.528966083999612	0.333988600161199
-0.980085600708626	0.485148521915881
-1.51460691365039	0.539943633445175
-1.13971461971555	0.345009438584009
-0.443568226285273	0.407849687322272
-0.338279374681603	0.320107347097139
-0.168267360300639	0.14424430677115
-0.766911422474312	0.822947026956451
0.860280409705016	0.78893939840094
0.0551728292505832	0.0428882264496803
-0.135723936495448	0.0766671648134023
-0.243639875792921	0.180008146691127
0.938827638227071	1.06101082641167
0.589016586462501	0.670657935280468
-0.204075899690491	0.170542210706509
-0.154265994949736	0.105282865954299
-0.823689660629484	1.03586663645347
-0.796163826387271	0.528975869981326
-0.0364283008965048	0.0268175939473786
-0.21431310608742	0.13859173407636
0.408798393943258	0.352995766020106
0.290668912236049	0.228307457007554
0.813236382501314	0.651577434481755
-0.141935202738011	0.08030251766728
0.321483782590387	0.223191678554663
-0.0749221920227045	0.0455185837716596
0.625721944684534	0.478597955812885
0.505560343111496	0.32177481931782
0.467051069568808	0.341096753819868
0.5141144493417	0.464409730620777
0.310405334017225	0.225840675583855
0.667992458012476	0.479935628931818
0.036168540915572	0.0198208068621479
-0.0161965992832469	0.0077253098266236
0.165187684093923	0.0492379178847392
-0.719465582528739	0.247026553935257
0.153526628680235	0.0288819285189665
2.75722496636877	0.770257049482932
-0.628807341949763	0.15371861128279
-0.219615570186308	0.0709016531943509
0.152567656731362	0.0287430408348264
-2.06775455466318	0.942087611195782
-0.212983283899145	0.0687817460409594
-1.22347074956181	0.926727756264896
0.161787544386438	0.0408470066516523
-1.79827400712943	0.382942964938875
0.165016003775978	0.0491834127411745
0.604392708254286	0.316936299781926
0.0129792202042269	0.00653914648002199
0.871249038198282	0.648662071499859
-0.663174053929147	0.464050756794583
0.00456388007409293	0.00241653037040489
-0.281920124131092	0.204290976753049
-0.330768623245267	0.234712440902042
0.114357629046858	0.0874582554274264
0.462581271811921	0.454129963306161
1.24896531440691	1.51874721144708
0.0656902682652815	0.0408002968839959
-0.276777211335658	0.200026830394617
-0.684249905332482	0.543921508177945
-0.0515754133169535	0.0225465364390829
-1.3281288766947	0.834300296965657
0.955618464427959	0.650875000604794
-1.09127127265181	0.747483223335399
0.947707476517323	0.251863651931386
-0.719465582528739	0.247026553935257
-0.724270980279016	0.248747351366331
0.567506329357208	0.478621053010021
-0.771084620025811	0.719720459800445
-0.244201411826384	0.12250313648829
-0.207795104802654	0.155921252322844
-0.77563128670709	0.782657174064343
0.6260933031782	0.589511548779824
-0.338467980003076	0.270558104700654
0.0439979673746881	0.0258100941046579
-0.325797225160202	0.258530656194294
-0.473845154793425	0.467398310384052
-0.413859038836228	0.353190354229024
-0.0608150721970441	0.0443362205822014
0.305305572486249	0.241866001234594
-0.959464774981935	0.940549469243853
-0.342518462866304	0.922540718097349
-0.165351325019361	0.337752627947803
-0.485755271504995	1.19825817951163
-0.363958831766423	0.663268347636691
-0.131399973033948	0.130808988591417
-0.723694756687332	1.42267048118168
-0.465431831243263	0.579550425766805
-0.0590001198136694	0.0658944988019017
-0.78150124618281	1.54460290632586
-0.118573415118011	0.131570351743881
-0.513534974948866	0.780232384735358
-0.0794120294849943	0.0810339780324896
0.304810746150714	0.353841004916312
0.278203744376695	0.375366608011434
-0.30743195159541	0.385207806250773
0.641159706783726	1.06991631832379
-0.162934001762531	0.150708545725077
0.0492236965877157	0.0371173833641983
-0.376922411445626	0.453375413738872
-0.365890248508055	0.367893507240675
0.0955830654195718	0.0678870959648977
-1.07834102148876	1.26256735660147
-0.0314788037740061	0.0235318780526315
-0.667158946292376	0.846413944322988
-0.348564812466237	0.377010330247661
0.187103666351662	0.109178572073299
-1.08532697425594	1.04180161078361
0.288985413210444	0.243766843976168
0.298817582592093	0.226251595804797
1.06427919901932	1.13525171381762
-0.625578762489747	0.599863579856358
-0.563442325837736	0.409227483575834
-0.595373520880681	0.484573603259021
0.17933645868464	0.104282029868013
-0.70522071277042	0.719585359031276
1.0778200654591	1.25965182989275
0.0460473784633557	0.0346888614092533
-0.643810908317632	0.381402615861312
-0.638544470957305	0.377852872594379
-0.486650843198932	0.255590005594999
-0.0909535473750966	0.0640711573884476
-0.530346275035382	0.440843507141875
0.471872186110687	0.465829922500633
0.0888183654644223	0.078905287824965
0.0845778306902982	0.0576362269423643
-0.0695711024414356	0.0422278079255503
-0.178155590478573	0.135584875103567
-0.286441413375629	0.230307500600302
-0.495363523052239	0.372598626117024
-0.392888644617067	0.391279787991152
0.106649788723689	0.0761211801088175
-0.601303421736657	0.490938750138548
0.531085429341273	0.4626931730056
-0.590608956393252	0.479743301328897
-0.954771473294638	0.932808081202558
-0.179229866477912	0.0961464631186293
0.307988489845321	0.223826382430564
0.0723588983827808	0.0449828648717006
0.0328963570827183	0.0239543243992984
-0.170509353406312	0.113007824369909
1.34731084943912	1.59572667731659
0.798471835239548	0.480821731581174
-0.786915558022962	0.520219514762816
0.0338737716005644	0.0185733646427707
-0.0159780936015799	0.0102552311325282
0.012634724051878	0.00634938524258535
0.479390976980073	0.442099129644798
0.582409494514461	0.466877196502128
0.147235023846669	0.0638991755877789
1.96844235586798	1.23390668075905
-1.51395570496283	0.539857861420258
-0.575026923559722	0.420115525180387
-0.390943736994562	0.162719877466899
0.352036805331089	0.177455736461406
0.166543858568191	0.0809478110589224
-0.170748507230628	0.129365573281989
0.0973724920568328	0.0666936571363944
0.355538368887692	0.369296829087532
-0.177541665898336	0.117970933334182
0.0383148020948657	0.0279304818838595
-0.659566668121117	0.797728445998908
-0.610501726875998	0.542240207335238
0.638724356744856	0.699885896638863
-0.238014207490451	0.175271548863905
0.0265020286252711	0.018626817425147
-1.03199922210757	1.3501214884812
-0.41160126054131	0.384143816065201
-0.0770021120516695	0.0621643752872025
-0.366234551042233	0.285258516851087
0.0140976597103465	0.011092193690067
0.56433429441064	0.580438123071624
-1.33498558108398	1.70633903265841
-0.0171388279895815	0.0109823269263615
-0.073270151604255	0.0525348316782817
-0.13647170835872	0.0771385850134353
-0.30353824380715	0.268182384920629
0.748579509275496	0.629466562939544
-0.171059105065465	0.143540046554787
0.557103696649316	0.570784260726745
0.140675490943233	0.115641102579932
0.553512769923967	0.463862238300627
0.0413033041832425	0.0301270149900984
-1.33671196258521	1.70889568422663
-0.517674727053746	0.427884099834998
-0.134157836801061	0.075772277288859
-0.0209433662850722	0.00988088446925532
-1.08544139386495	0.742126079177071
-0.514630991185235	0.194661861681357
-0.764348057314127	0.332483080084793
-0.719194825953782	0.246846541949292
-0.676404381882153	0.535614320090646
-0.242009693199399	0.17852495070084
0.063974838516005	0.0397151644952073
-0.277198160208626	0.200360412260491
-0.142316761490177	0.0966266083991815
0.295667168717632	0.232980368158043
-0.778739219548624	0.787219458556037
0.292511716720405	0.238763185707381
1.92354039890302	3.34149371705743
0.361305791986976	0.357342035077153
0.418137086386942	0.348360352374098
-0.48506151848972	0.439718293401218
-0.381481259997374	0.299610709980142
0.216001458875482	0.196099435671404
0.0595126210637444	0.046366164777543
-0.865204061554346	0.863956378119822
-0.284187003517121	0.228188329295231
-0.172222814701456	0.114194024183645
-0.245888869336984	0.181812939541275
0.29347801989704	0.230869029252527
-0.0775962298829193	0.0557236294280945
0.773886383908942	0.86254444982099
-0.0125051638760207	0.00939876290906693
-0.861421671686185	0.859063262281672
-0.781513020549571	0.670224755534531
0.324741634670093	0.212489452833133
-0.619831222819103	0.553093026133718
-0.0521891277104371	0.0325251405383443
0.415933721718809	0.346109987191927
0.156096177497257	0.059919986762722
-0.170558391258472	0.129159032870879
0.553525739136749	0.565757758289929
-0.317502013353957	0.190190654009349
-0.720508771513364	0.247389608463745
-0.351758442844764	0.101154571200253
-1.03449641834242	0.410788808419671
3.26252567397545	1.12093560535381
0.152289864541204	0.0287035071443224
-0.342569521377039	0.0986187132378211
-0.632939126134277	0.15468454480873
0.152567656731362	0.0287430408348264
-0.717014216380814	0.24607192548599
-0.769182441744131	0.334695855481558
0.163113419283259	0.0792269512446663
-0.0833039115405115	0.0487293624199431
-0.500694317091194	0.377474852653927
-0.703666717551219	0.761513716402728
-0.0943918941535666	0.0374848643386508
-0.0451999027039435	0.0365244475374878
-0.230643871200213	0.169129420833618
-0.225016896219836	0.185522255918253
0.0221059462662762	0.0155466787246006
0.341850826625858	0.351644059867976
-0.378714629083267	0.297070992528564
-0.165022523117105	0.128128137878318
-0.519750069619239	0.196813590651588
-0.483074790717705	0.25355196854113
1.49654665232491	1.52059059902074
-0.223852260202207	0.145326231492737
0.664681512408647	0.47641618048079
1.45769029797448	0.483533280097753
-0.102275574335641	0.0405359388713591
-0.0983497166595668	0.0389984690848497
-0.0933201156021971	0.0547224913936501
-0.667276978055293	0.467766102444893
-0.563691146601104	0.409823128824244
-1.05845815480996	1.10975185045941
-0.85994526637592	0.85655835625651
-0.157011629084843	0.107326863186213
0.90113752124664	0.924168907478946
-0.0361164577678579	0.0266148835989218
0.73258142438105	0.831573238585546
-0.133016958345379	0.11370668475989
-0.237482858210522	0.118890212876162
-0.0713669686981777	0.0574254521783249
0.38774797696594	0.355615240607428
-0.00923390316535408	0.00456210793444013
-0.16372354668423	0.370254174324301
-0.252184094682969	0.48030963369156
-0.203993533760502	0.325177649883753
-0.446256092162537	0.914341088374063
-0.0644175641934631	0.0836222906971417
-0.472619691912841	0.719369789875659
-0.530230788059993	1.04694438667371
0.0697911596925608	0.0725604105289256
-0.337157287814923	0.444280358303808
0.375577907628665	0.523346719264648
0.310556041679694	0.362270972635693
0.112620479416254	0.114923893921379
-0.510034469554302	0.662778252257564
0.513759824748884	0.565452153123713
0.716559112096313	1.07413213770905
0.152762259014755	0.147850241239961
0.149280747986066	0.138587730747626
0.0182235261677075	0.0169136498879353
0.283879675617955	0.261508691144362
-0.0654406761509601	0.0534527665629469
-0.651949837759759	0.712305590637098
-0.286257907266522	0.207882384345569
-0.115147847243982	0.0992549353101579
0.137715929243709	0.121523028934217
0.0812739039014796	0.068925444920632
-0.0495656641738304	0.0359886232222281
0.059526338098405	0.0349446102468897
-0.323756452725142	0.228952570742255
-0.704124395746879	0.717855063178995
-0.921154308555227	1.03744268371841
-0.894409565996449	0.745203275560279
2.52982925557596	2.37201707895224
0.562310183138916	0.328878613430775
-0.0526620095714123	0.0230050670681837
-0.326263741923422	0.259009246476222
0.216108727001012	0.196230224306927
0.907327049160103	0.932815159033013
-0.775458855092986	0.983717068620951
-0.180312082394794	0.152259095833702
-0.475129796333458	0.468987716450608
-0.216125406158209	0.139854608899999
-0.536183924411222	0.339980716900104
-0.104292116673524	0.0613110610829533
0.192547758491062	0.138719652759015
0.208931115329325	0.174092764951832
0.40413598989429	0.348224071161889
0.630692704583129	0.59485969027162
0.00383932171211604	0.0023755317641265
0.464032414730324	0.338463136730509
-0.516529982281422	0.426500378451517
-0.241896122906518	0.178517717649192
-0.138422879915133	0.0782586056200258
-0.167552779638852	0.110860749544916
0.394594458932921	0.17847523119225
-2.23353032471066	1.87517917479015
-0.0508572194685626	0.0222346735096924
-0.777176591807827	0.338937251200819
-0.0960221726935697	0.0563569187395829
-0.148876371695541	0.101369827272449
0.161319781394684	0.0783146999609912
-1.82146285795441	2.11542809985155
0.896496320637442	0.917288911310671
0.0979403098110905	0.0696351537023488
0.0603453331075729	0.0482523504560401
1.53355270803482	1.31960080831254
0.713552961614087	0.471938070847701
0.425323619634735	0.340013270115588
-0.244517172521521	0.180722386642679
0.661394216335266	0.603090416061952
-0.535377294515011	0.338740242172911
-0.178325809849769	0.0956432000648378
-0.0174592555494272	0.00829535804721892
-0.089924117567192	0.035766146355399
-0.392636568015087	0.163571745878378
-0.519750069619239	0.196813590651588
-4.22405858945297	1.98715577258178
-0.343557529393447	0.098858556674811
-0.236144739550473	0.118181766053048
0.53615704440916	0.468231415745197
-0.491073085985187	0.368630478358417
0.179269683153847	0.117379602476825
-2.47661097558274	3.47456200759264
-1.27792111386166	1.72004579915026
-0.488967352973587	0.444385396491227
0.300116282982177	0.227401275047984
0.926147562543442	1.16349857850555
-0.104258312434916	0.0739069260374403
-0.238104962505326	0.175382225508725
-0.846390331146623	0.962986109392422
0.627707990406629	0.590925325318945
-0.333432326536481	0.265706258981772
-0.765183652338069	0.870330312636893
-0.0449744553279347	0.0280327377750784
0.00499562566120324	0.00310203829639609
0.108123004083676	0.0798822046676719
-1.62429819685533	2.24785034725668
-0.379958755431324	0.261198732247853
0.611313704519345	0.597068032971053
0.201012060961684	0.151120219155026
0.305098313854891	0.241555755926713
-1.08156232926574	1.03721080029596
-0.0286637531059681	0.0182487227007065
-0.445657069734785	0.295745771547233
0.85808984024839	0.786149686991691
1.49808793844341	2.52792843021666
0.102134902406388	0.072762114342249
-1.54544339756217	1.4904023394052
1.50211780036075	1.98673106089384
-0.048584562225364	0.0303014530424015
-0.591808945479187	0.614786209622587
0.797507441355336	0.480144706249764
-0.0766306801933419	0.0465808189590464
-0.663386717501018	0.464359367960131
-1.13256678070973	1.25396609579919
-0.447232138592765	0.412021332633368
0.00831888932546103	0.00424238814661733
-0.68469093214057	0.598060771333288
-0.13161889384887	0.0742911658982643
0.3347545162085	0.204199995685945
0.0720329950280451	0.0579652225667879
-0.707125753043197	0.722122915445958
-0.0503324870962349	0.0313881432146352
-0.174757905249907	0.132443504299726
-0.388197675575098	0.161522746371051
-0.486162097664751	0.44112728985737
0.19162059356216	0.143319874410387
1.25595901141373	0.875584323732611
-0.175770372270918	0.116786369276277
0.183032893097361	0.113601754625574
0.526470639175695	0.457491527905361
0.393332907067203	0.349697165117259
0.0592562861378373	0.0367502858241382
0.772779035905412	0.861230597839212
0.320010464988233	0.22183899257358
-0.672782332334408	0.531903673825697
-0.76976543047675	0.877920975947387
0.7631869067847	0.75261376922147
-0.171294421594971	0.113559569187576
0.908067844438421	0.933983251835295
-0.175498166278707	0.0940088041551132
0.00875069240649136	0.00443044959659846
0.100406600446702	0.0688856171475914
-0.42864444461083	0.329518627942107
-0.412389567358422	0.351716289095833
0.161672921644009	0.0786269981223633
0.179528017258172	0.111255614054555
-0.535869819809773	0.339685171555062
-0.484372504002096	0.439059994554509
0.156635510732265	0.0532014513857662
-3.08606373064433	0.965887782759055
-0.511519041389722	0.193429014825003
0.158295623965939	0.0537437342857409
-0.718798226358807	0.246701955031967
-0.519952717504097	0.196880719935875
-1.51299996807781	0.539299955595401
-1.79827400712943	0.382942964938875
-1.13482941234436	0.34340642829894
0.153526628680235	0.0288819285189665
4.18295254791539	2.01700434625812
1.63342062419337	1.15029587694799
-0.300351564399927	0.137800963955311
0.338335204103745	0.206718010253978
0.179948119601226	0.117795374506185
-0.092424955946755	0.0541903079491763
-0.612505378850585	0.544688958412116
-1.09483439914001	0.750604451394539
-0.689038964844623	0.60313735674605
0.305781376468676	0.242273830143754
-0.153013767673437	0.118040167202185
1.45504702641226	2.21910941375383
-0.872044943199907	0.801517927431987
0.288542255201549	0.234948757239115
0.903755370731644	0.488140001047742
-0.517064180031778	0.195642806681165
0.319746002474658	0.208703905929937
-0.0220678885722148	0.0103826049179034
-0.948159822186628	0.581934691693395
-0.346493976209143	0.099688871662609
-1.13521969998424	0.343544374381215
0.333633566860986	0.203354324072456
-0.23572968749486	0.117990851864003
0.323713827583945	0.211632291958008
-0.60663678330134	0.53742685072547
-1.04532841738827	1.08978454548624
-0.125363419153636	0.0872347394474168
-0.678875803033897	0.538144500478942
0.180924584667451	0.124195494131001
-0.388321016227395	0.267895709372924
0.28843665166689	0.251222341163637
-0.11885370823228	0.0825051024818171
-0.0193229680951311	0.00914663443865857
-0.191507609570672	0.498741002466996
-0.160122448688108	0.365593532446592
-0.534482071946187	1.34895759342053
-0.436939916087771	0.87370147352486
-0.340795887811073	0.587571570899458
0.443190242007329	0.64438945441661
-0.581198145069828	1.00985438119066
0.361972156889097	0.436466083554339
0.041251883185737	0.0418027523702247
0.10212190280737	0.104745656352196
-0.379072148944556	0.469730492553614
0.217005159528209	0.252711661208547
-0.119024405576865	0.120819508278792
-0.649396552802474	0.708773488204531
-0.0366721540637875	0.0334106995456947
0.160620776659477	0.164998857974413
-0.564237987558647	0.700383686218363
0.200805819899294	0.204965593089266
0.292273371926839	0.255190438497646
0.27501422152656	0.244682582793409
0.295104568376633	0.241298884395811
-0.87802256384304	0.808684017885087
-0.773954246095477	0.780447002881989
-0.439896135814432	0.490272118126153
-0.0152036591810522	0.0114617162743016
0.130719396552649	0.112203295176335
-0.0574333790978502	0.0250288442631081
-0.39184649969236	0.221916181789385
0.196622904045657	0.129731866805189
-0.0915360338408873	0.053636946383618
-0.0213908627476715	0.0100844386514517
-0.380699253715678	0.298885505119985
-0.971154032702967	0.479737216367389
-0.479268524893574	0.251065664790282
-0.179574737847128	0.119537742158599
0.156661725264315	0.0680348623060046
-0.935141268206108	0.985980875348306
-0.0711618763461546	0.0572582469339541
-0.186885527775968	0.124779909667334
-0.374249424524898	0.256429727152334
0.79728229700902	0.633800824989981
-1.27116604563861	0.572193864598171
0.162742974316792	0.0485792905021731
-0.0902264676924443	0.0528731077320211
-0.282324757108084	0.204664723654963
-1.34037610298932	1.34148845034747
-0.675091843539867	0.534182427591887
-0.27861631673483	0.201574483854432
-0.148045494137533	0.100814089463659
0.303309774293737	0.240027082667935
-0.214237880154163	0.138528453258997
-0.080109474235452	0.0575842776067669
-0.829163928259186	0.991388889121704
0.151564043945608	0.0581589598399253
0.00773041552233615	0.00395139106221931
0.0853980329952505	0.0558640289118142
-0.943304356953443	0.578794249508611
-0.3992013862061	0.166569889727475
-0.346493976209143	0.099688871662609
-1.16141321674325	0.650031364430144
-0.342569521377039	0.0986187132378211
0.351185880995087	0.197137113373118
-0.239323599408486	0.119883354784442
0.195527503333513	0.135191269178286
-0.641924810487502	0.379628043279957
0.874442690185971	0.651502834262952
1.00245762249554	1.10576247623602
-0.0955388252862682	0.0560680345098568
0.349478936685642	0.196274834585532
-0.476965249910126	0.249670331440178
0.606539541605622	0.318004677714323
-2.10985949869581	1.61579078224378
-1.32086799233228	0.82677321277391
0.449846097769576	0.180981984312599
1.78813951439821	1.00212407223813
-1.13582369620544	0.343734699942405
-0.778929479937299	0.513678808418518
-0.651756916571239	0.387638530647706
-0.342904767182509	0.0986489157334515
-0.0529140659284117	0.0231174571435278
-1.08601723130341	1.04259646721829
-1.18655182186397	1.22160229258921
-0.273165559281113	0.171693786855182
0.0165518687567308	0.00828236489300427
0.671292782007209	0.614914694265501
-0.141917621413418	0.0963492806163052
-0.533076491063935	0.444067188041149
-0.853595031607149	0.913087094780285
0.41442565010728	0.344737205527939
-0.0951942536548814	0.0558560840423832
-0.48994653342977	0.445709589489817
0.96270128149404	0.953483581094396
0.800441859315519	0.761004893064544
-0.112333915848318	0.0777338638605621
0.81216957289123	0.776156279289719
-0.145534303389951	0.0824454605188887
0.621803342528323	0.475131692204506
0.974428755030104	0.9712031463664
0.850412137838512	0.898732351153073
0.306447175620628	0.222513671184552
-0.327918269832369	0.260490931741894
-0.785857080552828	0.674927687491208
-1.61952929931261	2.23676316174448
1.04767700171427	1.00056368428489
-0.151615098554823	0.103390727900692
-0.380553976266182	0.298665828322522
0.307492719780559	0.223398349895784
-0.427627166367417	0.328526944023069
0.303082487519494	0.21969875583175
0.68200010033041	0.70825596606692
-0.563827621247539	0.54505042090186
-0.258127051482881	0.161196298558792
-0.540026847175836	0.342782077902844
-1.89218224053901	2.30811292404935
-0.233056266706023	0.116609693357052
0.149464413960118	0.0283283450696208
-0.177960549161639	0.0953911989317851
-0.219197331104953	0.142050333967636
0.298119355727102	0.252760144451463
-0.774007340404403	0.661033055993822
-0.364957949214009	0.314038782161199
0.97052368629707	1.19362600528301
0.725588574800656	0.481865434619114
-0.145820020194862	0.112008446056896
-0.673211999450639	0.532418983242312
-0.378659254445606	0.260050436299618
-0.0175017678594702	0.0112113926391236
-0.23203676980317	0.115914597238062
-1.09199166568304	1.05262023544895
0.0344226369323412	0.0188767323788138
0.92557064415084	0.810126384936819
-0.425600346400671	0.326545651607369
-1.05387204382736	1.10285300913167
0.185911475122895	0.122118528612026
-0.179785865460264	0.119633221584416
0.909365961769016	0.935907219477754
-0.184874152898338	0.0992526282278158
-0.868768843015421	0.869157888537341
-0.383972245738147	0.264506166071749
0.000037458108789335	0.000207289378698605
-2.10510117352045	2.34097074164804
0.16960942913205	0.0909938799350326
-0.603569776832878	0.289530217732636
-0.385431215257116	0.217690826146521
-0.0285780125298585	0.013355320842733
-0.0148571906043625	0.00711557377259643
-0.136071240993834	0.0769140484070536
-1.6725981237888	0.945698627689931
-2.57775304544287	0.66318910114962
-2.577202278156	0.663064687208724
-0.625500335572602	0.152962089117453
-3.08652986879455	0.965774290031657
-0.297508253338832	0.136455589869049
-0.346820783252297	0.0997890928773071
-1.79827400712943	0.382942964938875
-3.45598446335482	1.23025555319821
0.831354444103612	0.35058170598265
1.07105109714973	0.519089293433722
-0.390810142693215	0.220943342199761
-0.87916184423652	0.810391894386329
-1.07926745192972	1.26403763093932
0.543495532768179	0.45290321011604
-0.694474115097606	0.658651741377746
0.0864562822512247	0.0589350427376628
0.130825237621459	0.100976919816346
-0.288472448123663	0.2323061503042
1.44344334044246	1.63913908947434
-0.444227170391286	0.294576650309105
1.09214807450527	0.67421483956483
-0.72013323546054	0.247288973526613
-0.533653710911118	0.338070443799945
-0.475317602049498	0.248842909403859
-0.301784797907521	0.138701059468992
-0.600945452127417	0.288192951462126
1.78650872253374	1.84435639926024
-0.0888295396954375	0.0353162708936696
-0.31626759692402	0.222637074578152
-0.663950250389577	0.464618370936291
-0.148598027440516	0.101197366041192
0.0303757276578923	0.0167063624153509
0.0696446996523337	0.0432809640400429
-0.0756003038114004	0.0459322794921777
-0.240169125322611	0.120343346071108
-2.28474343689414	1.15590043228697
-0.4501503287964	1.96907541907428
-0.09004633176657	0.201064397180141
-0.32417699853386	0.830494858695542
-0.353775299367372	0.73264204997143
-0.217571118544239	0.28121153816769
-0.512075267699835	0.995026930564132
0.0884045324104776	0.100757343467087
-0.243060600247495	0.328268559952679
0.00931097936497383	0.010154643948326
0.432695973401107	0.607515111134606
0.709724299454347	1.32583828147064
0.296000112549901	0.371295696082315
0.837762182575177	1.17869624025836
0.279592322627458	0.356807181432753
-0.0726992363526661	0.0690912325185763
0.784530190467262	1.28673818620657
0.213688307018601	0.232589411813363
0.199640317459517	0.165398096700447
0.532511269988521	0.637647714071503
-0.393972977348062	0.419955500363143
0.294855155476441	0.222520922112947
-0.468638691004413	0.460634029245156
-0.0277021601486647	0.0229335697281337
-0.309144203969039	0.372087107255957
-0.230591886216932	0.243787457980387
0.796450512957177	0.479724470239708
-0.777169366147111	0.665010727951828
-0.412389567358422	0.351716289095833
0.199261563944127	0.149669124923158
-0.923844357717048	0.678674072297303
-0.141778185263849	0.0802281890988465
-0.232509057244501	0.116172307186019
-0.474344063091528	0.401322258773566
-0.649826922794669	0.671229325403851
-0.150565719566639	0.115986804691993
1.48022947163186	1.49416329744139
-0.383559214858311	0.264166460808691
-1.2716807533598	0.572793163347261
-0.0496271716401741	0.0309472118160985
0.287757220549713	0.25805044849029
0.0481410535720943	0.0351916172226877
0.489251861729601	0.453922993535742
-0.176324368817412	0.134062380716732
-0.679052375523143	0.868260676749632
-0.304444929172203	0.289252746876449
-0.428204161034135	0.328884297616955
-0.112684647389861	0.0779890031057192
-0.939667775634341	0.993238321814965
-0.217232529687395	0.140596568431664
0.0298320826820595	0.0163813683214561
-0.241781868647172	0.178482875886197
-0.510685030941215	0.193049519773074
-0.935135671966421	0.571974666198845
-0.763493068016229	0.33177675339701
-1.15643361370706	0.64569667936618
-0.781976979680205	0.425433340251486
1.66185740305973	1.5740693618142
0.461041825360315	0.335614434950813
0.182143474487022	0.119362154127942
0.194701994033974	0.145884383121047
-0.335578729901067	0.267890895565067
-0.87987619717224	0.811718280573854
-0.293805420519073	0.237274303500091
-1.54529735272985	1.49116564988314
0.167241534062529	0.0896962564027638
-0.380517456040915	0.261670796393444
0.160781018809002	0.0781813720193217
-1.02535171461533	0.406536532978507
-0.342235478378113	0.0984932623692754
-1.01961453275747	0.403780235295886
-2.577202278156	0.663064687208724
-0.234661611485381	0.117264309318437
-3.08118534013847	0.963229045953577
-0.635831246455307	0.3755268799319
1.82792138819967	0.716884894355695
0.175717945162966	0.102188312531042
0.807621370986692	0.77030363890256
-0.229578057971934	0.189791482970254
0.0891159074601353	0.0608522985709997
0.319937589991375	0.22177877364058
-0.203515597953146	0.152340744640104
-1.49172813240281	1.89361832356282
0.100476497668108	0.0715159849418253
0.00855706638671289	0.0058195302188885
-0.561616013896169	0.542194849850662
-0.492046472399665	0.514260395313807
0.0146931825854035	0.0104099713597023
0.192786782994224	0.133150340976924
0.584657731676866	0.585915968211547
0.209510144701294	0.198549802328859
0.627999883943729	0.480906826323504
1.45696971268358	1.66407796190753
0.84838587594603	0.895354882942039
0.418212886525699	0.449449138999647
0.401253489330841	0.345248795071613
0.399355230422998	0.343075028659879
0.28622559229281	0.256605572228461
-0.0130315822636769	0.00977877755494672
-0.239962119018489	0.176965125020709
0.297340335162783	0.234533496920768
0.805946158689721	0.768035882890486
-0.224422691111208	0.203573541876913
-0.109903364448137	0.0961733236883638
0.594934716423915	0.575747024393438
-0.0653301282594998	0.0396252379783932
0.059526338098405	0.0349446102468897
-0.234067822133931	0.172013615317053
0.111854217156016	0.0854125683231796
-0.683779085275803	0.596947279045727
-1.24217436130218	1.159970232553
-1.44695087850395	1.29926548279607
0.172917512903534	0.0432756679491339
-1.15897214225829	1.77836226662503
-0.429075549420055	0.329900635305021
-0.289244270021025	0.233058299152838
0.184217122424895	0.120883881578777
0.535632406855535	0.642894925661421
0.715497327875419	0.835096671640617
0.28764370261158	0.242447210319998
1.04017981955106	0.990907171056996
0.820326462051401	0.995526361858103
0.0655868794750581	0.0407295459610106
-0.0155626786699489	0.00999259803684387
-1.12718167996268	1.24482097349227
-0.860221113100298	0.857293929593971
0.849881117725577	0.77505474240626
-0.377019365020782	0.295476512567892
-0.374920529089649	0.293516554742818
-0.565483186484521	0.546975302708967
0.439161474675652	0.336033220301472
-0.295781516721152	0.239187964182915
1.14766191712319	1.18271063499265
0.315976484273764	0.24131576909656
0.0331587116004562	0.0182154545179808
0.0336023240286096	0.0184726801183054
0.270178388209793	0.246512973813475
0.0792276074118663	0.0517354437264903
0.172763350924483	0.106801201485132
-0.291187107178695	0.234676961387133
-0.151354398026742	0.103224127259145
-0.567493860674412	0.413306468644144
-0.344210615318698	0.0990368506115311
-0.21584116833564	0.0696924945480662
-0.300336618687863	0.137889399367206
-0.949318881207591	0.583546515862766
-3.45478455762682	1.22912473266304
-2.57775304544287	0.66318910114962
-0.632432130022522	0.154575713959717
-1.49316422163496	0.756612747350262
0.604873539313791	0.316932426539224
-0.102560642848808	0.0406290628683186
0.200495713876377	0.156081301567966
-0.0337317016124057	0.0252286442467976
-0.43069033662784	0.331294194888167
-0.254334496867818	0.207316994649095
-0.568111546014506	0.550651402191697
-0.432120637104813	0.42868916198653
-0.598527433920222	0.65688387540674
0.595547193820297	0.680553744146606
0.708791084840515	0.824322737889558
-0.0125209612459369	0.0094516776381198
-0.301508897548008	0.138330624848183
-0.472851566482034	0.247095708632242
-0.0880889872602434	0.051598352566816
0.314554054999968	0.217668270181954
0.187158605206829	0.122968221102475
-0.701547761622425	0.667707141958801
-0.0187155081040055	0.0119726186202386
-0.511568395341733	0.498538805648631
0.694079485980105	0.608126575986282
-0.780536452211995	0.732127596202048
-0.785573201162584	0.519208093244018
-0.203922535780741	0.608264042698421
-0.201392319133151	0.523331785210682
-0.368140112669552	0.461051423510125
-0.871172392430019	2.06564953549117
-0.523315136350255	0.889897019170531
0.11624132368409	0.144118450791951
0.411334244748617	0.629791934812203
0.232418300517018	0.289508535196222
0.0994826507967829	0.113283429281723
0.0681572076515123	0.0698615816626151
-0.242805389618762	0.249684687477709
-0.352213764133498	0.443345132211981
0.266541911009299	0.322672974446988
0.719295960886691	1.23198756927098
0.115086605192687	0.115886968131997
-0.533527487963026	0.62448330370842
-0.670276697370993	0.886924457389813
-0.0345762677198111	0.0286789990781678
-0.928482705023537	1.04963557821275
0.575583976618678	0.670310445376254
-0.603077167464764	0.695393588856105
0.213306372540839	0.228148772433907
-0.115533741839787	0.0995999548196973
-1.03173271508704	0.825265768676817
0.350373760859273	0.196840793870611
-0.337361094925706	0.269454452384632
0.208393222948524	0.173541589616559
-0.334020752399767	0.237332553089006
-0.321572084727737	0.192949720919046
0.521902814022509	0.33442430053346
-0.677281282716559	0.536590262257778
-0.486883659832755	0.255974048994958
0.163035056603975	0.0793383825750187
0.479704639028723	0.459560986730222
-0.327672918124748	0.285002800132457
0.467675292056755	0.444388668627754
0.409482157890865	0.339719788950601
-0.555725758548894	0.614065617619579
-0.697492507512148	0.662686633372437
-0.173398727033688	0.145711709556197
-0.599877829682558	0.287247000491255
-0.966445372901802	0.950713000039728
-0.491592401159741	0.447709036450598
-0.0546503308644821	0.0238509755552916
-0.0885852217584644	0.0352215356911798
-0.388368410915238	0.161731632311899
-0.769173953164105	0.334972135741439
0.193313883389253	0.127318086484554
-0.564841328164191	0.410690607180635
0.191088129729881	0.131870109204971
-0.68730134912864	0.600723396121964
-0.460714344679739	0.387270192502485
-0.299849433371449	0.137576243113834
-0.0529140659284117	0.0231174571435278
-0.570129728272439	0.415745991451516
-0.512146849346214	0.193682417019057
-0.760073221936386	0.330149047801038
-0.787775703041613	0.522237668240458
-0.781136798351403	0.424865941033009
-2.28201927050571	1.15404576819802
0.174801049059637	0.101547895246453
-0.68835832269784	0.602145687793283
-0.335578729901067	0.267890895565067
-0.0616360665116861	0.0439796607902
1.01900494582621	0.844591024907868
0.0722945349254506	0.0449329693016237
0.379527059882501	0.346574224853838
-0.217533496589261	0.178493309810598
0.286501941567827	0.249173196905449
-0.491651047492891	0.447457053506091
-0.475829604204345	0.469881757370717
-0.772906484772644	0.88314004779787
-1.0215909552344	1.33033072507421
0.554261395155764	0.464791220358173
0.333641028683006	0.219106041527409
0.802216859612627	0.763245618637875
0.851773441256476	0.900858050557904
0.310077353426971	0.246228007371792
-0.315159578824392	0.248467493714838
0.0641596158224952	0.0397818484833679
-0.271666141973198	0.195779526429288
0.855700753102518	0.906336892525391
0.804608200095152	0.64289980580806
-1.18237953508384	1.21443884638251
-0.37701143931975	0.295455715714796
-0.466209762619015	0.393076532486182
-0.783178383973518	0.847528672021927
0.950954453955686	1.28161893485786
0.0161061883463058	0.00811031862084462
-0.964706184270912	0.948160736801482
0.0145201627774278	0.00731789196358104
-0.0382343476962015	0.0238458927626252
-0.261467330382211	0.163563652967484
-0.684693804760364	0.597865886293039
0.452086522919451	0.181964226074587
-1.13521969998424	0.343544374381215
-0.859060048769131	0.85556629189358
0.430682124047304	0.328042090326964
0.425718947266413	0.447696284122266
-0.113339919028374	0.0896979964959486
0.493457051580654	0.458810310491926
0.550853701000112	0.461133246542982
-0.135238077186414	0.105932437333178
0.198539755928798	0.14902099951936
-0.417213000966564	0.35682540930305
-0.106869521084008	0.0737276446834983
0.348518924411956	0.19541069761871
-0.572215765652145	0.41770167883947
0.663758655726731	0.606296120383889
0.304123237421043	0.220504677056579
0.204176263694201	0.169578766459359
0.762070156520762	0.751062299878418
-0.707983657115048	0.811188632055036
1.06561374213039	0.515920962739469
-0.779260145231767	0.729944682344966
-0.699565675656452	0.665267656390442
0.113425539593271	0.0840419552173633
-0.449434973802504	0.414486448086349
0.200014268400412	0.155619436511213
-0.219853116953303	0.142480277441198
-0.627829060935039	0.153504607197422
-1.79827400712943	0.382942964938875
0.150251518108603	0.0511196116992592
-0.347480099168433	0.0999933239977275
0.15099938031158	0.0580155990573076
-0.0565669457183207	0.0246550453613655
-1.13362027945245	0.342902172857624
-0.628807341949763	0.15371861128279
-0.228088316158703	0.113852268084757
0.176257574147014	0.0946521268794202
-0.996833903405701	0.89494492372821
0.718278813547407	0.475812928668907
-0.549648537334134	0.495992663292983
-0.905701591579598	1.07956008113804
-0.321071022877559	0.226736651731229
0.639646172232352	0.701379002551966
-0.126693325581482	0.0986982864570318
-0.109322729597078	0.0863169417030057
-0.598940977773217	0.488622223980128
-0.0309668176545949	0.0227736662675188
-0.605396024026527	0.290743889424045
-0.0143182272136525	0.00685773377023399
-0.70733220538343	0.722600055775576
-0.77943538753851	0.596318878394832
-1.59942722919247	1.23052711840046
-0.393325967386356	0.222730369152008
-0.331931462196333	0.264287269047517
-0.498635212776323	0.455656715896128
-0.184095798133896	0.521165170236627
-0.0466142217139849	0.0472698674824246
-0.877473993257229	2.47192123089857
-0.073001345398593	0.0810037369472391
0.360982904724548	0.601760098096436
0.185990671749829	0.255285699345503
-0.368780762642176	0.511132272848732
-0.116954876448712	0.145352007058665
-0.0788208165704027	0.0833748347506083
-0.0311679996052197	0.0261696954685723
-0.227006121589915	0.25026851517391
-0.125948185093841	0.147038855245929
0.113945785406273	0.11457116593301
0.648298519864313	1.01379843180354
0.0600336772367241	0.0559188547965879
-0.316071502131962	0.302475656922204
-0.215758398096403	0.225403865490048
-1.12625329120712	1.24239778548701
-0.581760382662639	0.6006897477848
0.358953751875105	0.456694925741028
-0.0980656808997627	0.0938079177120446
0.199632610853012	0.203584733654907
-1.48747869119683	0.752986436506107
0.748051388805479	0.629299862900604
-0.146880141648795	0.0999393039549828
-0.382182656734558	0.263021561847996
-0.148463270320068	0.101122100902422
-0.682076276705284	0.541703536313127
1.25536557377725	1.0689459311132
0.696745251797937	0.326873546272574
-0.0810746926108611	0.0568723714772139
-0.345229714277733	0.303519824002448
0.532301511628213	0.556049057607241
-0.179215350107436	0.11923641436569
-0.442193160874249	0.406217799264747
-0.0925419739006504	0.0367298119405397
-0.328514985241186	0.232903527483345
-1.17791055930684	1.20816506909095
-2.90335449233314	2.13964807030115
-0.1479006917775	0.0529122719445307
-0.771801102263367	0.336210157166223
0.612683767341109	0.321766847158027
-0.327107925999414	0.231714121160281
-0.233116453156777	0.171198914336814
0.516135815412944	0.330211356866653
-0.183533216224752	0.140078298216057
0.00727967327817617	0.0037110807571746
-1.14266837874183	0.992973394587055
-0.493234288367496	0.370681651156374
-3.75530690635197	1.48758661786965
-0.950197979986813	0.584265179323338
-0.146710049462247	0.0525180773028721
0.697014587616972	0.611747719409431
-0.781983258068914	0.733899291561874
-0.778122937053367	0.422966955202533
-0.1479006917775	0.0529122719445307
-0.763253894263622	0.331680843347779
-0.63766341845456	0.377131037619511
0.159311548972865	0.0540967488137483
-1.3194894818546	0.826634898948579
-0.673704277800699	0.532921940434108
0.621218581951936	0.474088441660103
-0.215100818289027	0.19380675838796
-0.488765241052787	0.444357896320127
0.551753526993956	0.461907478357842
-0.211200056680873	0.158764781657415
-0.843289146523556	1.07199194781312
-0.777364134128324	0.838757458139287
-0.512773801825331	0.499845078466685
-0.701782569886244	0.758502486386791
-0.640589512761554	0.658211060801641
0.0668623487746469	0.0415432725889924
-0.126215976055923	0.0983474150941288
0.0865714092359786	0.0566199108230256
-0.149952093659307	0.11545758308911
-0.262928239283145	0.16461956433283
0.287794650399519	0.258293769698515
-0.596902390923783	0.486383318440685
0.306379566189465	0.22235964930243
0.104162084723287	0.0767738235657732
0.0509073931033346	0.0298624162133901
-0.00280240539182512	0.00182562693302329
-0.42329201510182	0.417026979749304
-0.535883765747201	0.339473578881991
0.0171201647469896	0.0120858759870297
-0.237718609669741	0.175079586885417
0.635933393603199	0.601508613810196
-0.335130882657261	0.316259161716896
0.619516383461652	0.472785494437779
-0.631567617892485	0.607612047233278
-1.46842490137102	1.02423584268225
-0.574963006870322	0.559326692947161
-0.275611016458125	0.245946125543599
0.666174866595933	0.478291892876645
-0.3617255697108	0.362711538830854
0.311530206588879	0.237471363643394
0.394425222233108	0.338064627173422
-0.363161544525745	0.312165891951984
0.0518023460044458	0.0304081210259079
-0.00945947520215431	0.00609248672945679
-0.123586571715358	0.0859720094885396
-1.47073162500595	1.02590100506066
1.16480864122743	1.44976840780218
0.397711842912551	0.341417774388422
0.514927248249202	0.567106165842993
0.412271676314323	0.342512731030429
0.911568792287135	0.938797992164448
0.294109820225335	0.2403514792545
0.66679998414464	0.609431110492013
-0.778647322527294	0.787113149892964
1.0667704193004	1.13923142331105
-0.0947888438592987	0.0669061664765525
-0.565001769026426	0.546457650228144
-1.73976321088003	2.59615281879936
-0.786122927051509	0.520548554614914
-2.57747759965585	0.66335545132302
-1.14009620739235	0.345227889980206
-0.729656205414228	0.250803779141173
-0.0482386103462467	0.0211291406474978
-1.16719977445998	0.654757378478893
-1.67257660658609	0.945546318610549
-2.577202278156	0.663064687208724
-0.516096514132394	0.19525236723075
0.536053807050566	0.19286894180571
-0.29851088456123	0.136952888904944
-0.386961690828915	0.16102677941318
0.183863361786357	0.114163018033526
-0.0981363184939908	0.0575952017927439
-0.780934759332564	0.844378575623665
0.394333171417858	0.350801760935304
0.208061662335066	0.173289419186399
0.148394671821936	0.125813941342865
-0.628847928074356	0.60434906137724
0.0560985596169685	0.0329314490797842
-0.313765741308167	0.18756483062186
-1.18336959801137	3.97546033556626
-0.02079553547703	0.0237888271482184
0.139111885880815	0.176336655665551
0.369392672415269	0.616956273505734
0.067779076459075	0.0739938716443547
0.717551756177932	1.48908779247958
0.775503662150827	1.47345324935501
0.662677199056872	1.00321786886154
0.0216728411871096	0.0201365415429316
-0.0131812143019313	0.0123904809364069
-0.0383477804524128	0.0354114565677811
-0.232089988216942	0.256941390941679
0.370794824041138	0.432656728486006
-0.271772692152223	0.28030323311548
0.134208493630672	0.11546499271404
-0.143240373028608	0.0972415994291252
-0.0314843732947078	0.0231823579233343
-0.334743464454344	0.377924184171139
0.556480664192751	0.739532104210178
-0.570019756322068	0.663665120985423
-1.13037278016902	1.24971370838457
0.0323606265376715	0.0178172022717749
-0.466126058423448	0.457196454432099
-0.175961374896128	0.0942639461101265
0.307364467333219	0.243739093277675
-0.301678461212311	0.138432195605279
-4.57093440960605	2.51197684703605
0.157665127156854	0.053551257115328
0.175204801918073	0.101681607479394
0.762226395865505	0.844517516301437
-0.536518733067229	0.558485385657134
-0.117686047256983	0.0816316445337091
-0.103536880005412	0.0814517132613679
-0.418108608652596	0.31940801845011
0.201689169510512	0.145946449955269
-0.138702990505409	0.0497112442887257
-1.02140349604103	0.40462053419898
-0.890843037679052	0.740819898126814
-0.276676474369969	0.199924180279987
-0.276557821473279	0.199788771769867
-0.941877369470491	0.57760199540995
-0.293679205737824	0.134582543401126
0.011918906903938	0.0060135880099441
-0.437364048033686	0.337581874051783
0.900196062111228	0.921889935402468
-0.778704313575366	0.729768147107045
-0.177261733202385	0.117858508548587
-0.627367542213354	0.153354696036073
-1.13521969998424	0.343544374381215
-0.304980391763549	0.140142190882895
-0.0535173983444607	0.0233523963182734
-0.14152004769478	0.0960818135480215
-0.172539740732198	0.0923510222539942
-0.984505654282852	0.488287983612604
-0.781136798351403	0.424865941033009
-0.987985309926307	0.884257682371991
-0.443794817967417	0.294270502806643
1.07071467969068	0.518997529832834
0.457599247859159	0.332398032251277
-0.941088699675129	0.995474344146082
-1.51100459312411	1.70228173808239
-0.528625510171264	0.520076246726436
-0.433773447258728	0.334150427625973
0.0317228919155085	0.0230844771264388
1.46084137366981	1.67061098451896
0.198502245533937	0.149059394060257
-0.337953284807538	0.319721841696575
-0.283630229584682	0.205751525517483
-0.445948709967823	0.41057837499294
-0.692077937292392	0.606592563808054
0.185230697616801	0.121506526410215
-0.281914135644212	0.204312428784633
0.497008800716763	0.463183323798065
1.32756452556893	1.84853785156044
0.440230316345864	0.337094319657107
0.328277177286839	0.215114600504683
-0.28032034518265	0.202948105507358
-0.411636373430121	0.350915571484405
0.370961771669044	0.336849447170797
-0.202227569252688	0.151258947231791
-0.150155270610021	0.102360215436003
-0.0999408517318264	0.0586957744032464
0.113324739541438	0.0866071965519123
-1.27597190562384	1.56251668295555
-0.778892855384071	0.78742867979509
-1.54512609833342	1.49188456552789
-0.647407609820046	0.383952471228298
-0.779756047656167	0.598107101756066
0.0330293291621337	0.0181408302475341
0.306145593482624	0.232715342777236
-0.013605078230749	0.00654598089259042
-0.686908939786586	0.600497140873369
-0.265389963352773	0.217652041048366
0.509676017800402	0.325314172017947
0.290300362656564	0.260983718993752
0.105909373417155	0.078165644547702
-0.451617267302932	0.30058461336255
0.856714533621264	0.784313071656467
-0.530173209842213	0.441126943375745
-0.0446476290668792	0.0323450100104622
-0.12564400778372	0.0874914198954743
0.838817098763453	0.987422954057109
0.65647694091255	0.700168773641214
-0.849969093677882	0.907742224949963
1.06195484572582	1.13170808632832
1.25491744387527	1.52981632859834
0.694968377727163	0.609099990214497
-1.27676981449724	1.56439577159674
-0.77164180499867	0.589054562775493
-0.858950362517946	0.855470273182906
-0.0196865865158905	0.00931319393397332
-0.782603239966478	0.426479396469204
-0.298500899915025	0.137041475132008
-2.57747759965585	0.66335545132302
-1.48381146477455	0.750044721804023
-0.759243170950049	0.329658545107515
0.173535809584509	0.100815596761168
0.619461190818406	0.472635437166899
0.0254294670326529	0.0178750949337218
-0.778553742184498	0.666619927282533
-0.700928840355359	0.71359265746512
-0.780376453735206	0.843356018620094
-0.523963847714901	0.514150375786282
-0.195133256003675	0.177287175892934
-0.20579023321435	0.172264303423315
-0.48417231652515	0.362107928589546
0.0916738523384488	0.0626404359744758
-1.4880683745391	0.753416408870872
-0.472538463016866	1.45881844040727
-0.877200856200138	2.23034167147693
-0.844446245818517	3.03254490633594
-0.101519093536509	0.135025603903956
-0.579772301103061	1.46947784873664
0.275174919436117	0.501231097489603
0.344083323992145	0.522750422677046
0.385361307778579	0.678084313608958
0.396666861550896	0.730416051036447
-0.0156604811050569	0.0133591727314889
-0.0508910287522599	0.0530314287806794
0.483668585842853	0.941676268440762
0.924736511272872	1.91635999952494
-0.180742008922714	0.209106039984834
-0.63333215219316	0.777510645234329
-0.000947770912238471	0.000960305744257859
-0.777955004972535	1.12555051250525
-0.201637270678353	0.168340292649586
-0.4340029193701	0.566986063515374
-0.37543757654302	0.494225064381738
-0.0178275147300425	0.0167793859470927
0.161413276061383	0.154341190964904
-1.18544795657568	1.22076719359516
-0.406403405868933	0.408424362173453
-0.137104662437005	0.0774722907429689
0.594623195880786	0.575522363722418
0.148522413286624	0.0643805583965434
-1.82671250608073	1.67103642933992
-0.0927896157019774	0.0368282351882246
-0.447914372193998	0.412951999698367
0.408968864729494	0.33920787693462
0.341976634029874	0.360593705844005
-0.00755988808623174	0.00487526076608143
-0.12530557058632	0.108792078166804
-0.180289610057406	0.120012805842801
-0.0859297563246228	0.06975358202991
-0.287443262025174	0.208852454636131
-0.526014310556863	0.43650310021348
-0.512146849346214	0.193682417019057
-0.218958293525578	0.0706782121263062
0.153512434429088	0.0666478442690645
-0.198955021342565	0.148497577399652
-0.201582112016113	0.150713570385093
-0.985267472499629	1.16469642333791
-0.776628533345453	0.664077757691802
-0.394312721403235	0.223079530788083
-2.62787588816502	1.60791529874711
1.78661342338923	1.84579127920193
0.341801843996255	0.20913220162167
-1.04598157733055	1.09112609706352
-0.259535607407993	0.212147820823991
-0.0384009666876629	0.0283110246427718
-0.334214284385587	0.237469171051994
-0.920145636010998	0.675058130179712
-1.13422470394875	0.343215945535417
-1.26698735368759	0.569984385056631
0.155597249360398	0.0597099328081436
0.170823156563517	0.0915948479445419
-0.518254908908709	0.428349189878894
-0.0121464299179156	0.00781295530768709
-0.701130046208064	0.713767873316815
-0.0269226323824928	0.0126086060609479
-0.689152432044773	0.603170862262364
-0.974585621117436	0.481607307840464
-0.781976979680205	0.425433340251486
-0.764086062426498	0.332088631279259
-0.327319501647919	0.231872836155417
-0.686908939786586	0.600497140873369
0.18778952035554	0.129357784201749
0.577368510291073	0.462209164184394
-0.0528236429801358	0.0383738035801229
0.664170293255196	0.711407286620582
1.54616883474312	1.87949273834511
-0.134822061077966	0.0912109223194982
-0.175705401975391	0.133538095943059
-0.568745912206934	0.551364348923975
-0.187785684267573	0.143684869416574
-1.09834362735225	1.29832098981616
0.188884850818619	0.12423862635468
-0.176675210361453	0.117388764369871
-0.540937886496949	0.343491393287439
-0.288317490440513	0.232135137596399
0.0743105534549797	0.0462102811776456
-0.53095942624896	0.335641097903803
-0.212954297436409	0.1916280841854
0.0856140444107576	0.0583883561648428
-0.585513175875826	0.474167369466445
-1.24044390203292	1.15701025689186
-1.53473967653767	2.23260522020798
0.76863497491099	0.760302933324705
0.15860122996506	0.0770351109459426
-0.51479389283048	0.424621961941232
-1.09300287049469	0.748903943116155
-0.490206964630619	0.367748812197986
0.0827727797315544	0.0540970923975447
0.0984892070702148	0.0675139435725197
0.469156206216894	0.544215448467948
-1.01595886399259	1.13529339038123
0.925904547221757	1.16273759397625
0.295235886336725	0.241438567734956
-0.125194650069544	0.0871409443480133
-0.606829640073194	0.669066895791293
-0.105332670424973	0.0619595350566088
1.24737344452709	1.05912735839092
1.14295998308321	1.17432719520513
0.321714937747372	0.223279743813714
0.185447604405433	0.121788299728981
0.184636614728584	0.121217077586103
0.8550523797368	1.11780020710064
-0.317140037317559	0.189951191784316
-0.854603100158248	0.914775976078963
0.37276535085226	0.338923390675179
-0.860920629051272	0.85756867314169
-0.413125697097412	0.35249600504533
-0.0520582627803026	0.0324605243927536
-0.274214703840493	0.244492523113459
-0.690258149761281	0.60462606212807
-1.34391748209281	1.34623326201296
-0.446808249993296	0.296555446743842
-1.20538892112494	1.40571137493101
-1.16217884973675	0.65115594648961
-0.975840546953884	0.483006975700918
-0.146461266216414	0.0524326523465209
-0.720801185410545	0.247515042606667
-0.627367542213354	0.153354696036073
-3.76286277261367	1.49170098784756
-0.148473657339417	0.0531356655657187
0.872404219923883	0.64981182914407
1.24062170689358	1.04989911782882
-1.14396251211296	0.99491584177155
-0.0196258874601728	0.0125532058132404
-0.265464382284342	0.166391960584986
-0.858804041761145	0.85479680455352
0.478553760985835	0.45806763390112
0.625296818028029	0.76316310823831
-0.150997624071968	0.116352686827155
0.294435395925461	0.249152501061123
-0.481890547224794	0.35981340155257
-0.429945390301758	2.1349996149919
-0.834534589686779	4.77417616598352
-0.872081107355018	3.20022441273689
-1.39804032433406	10.1882450391386
-0.164408518707802	0.30888185065541
0.138084135861636	0.212780936847322
0.452140395493612	1.03116665375718
-0.139826441113149	0.196669063204101
0.0393539286571733	0.0543823443744457
0.132104509221361	0.178922536178182
0.462293818375367	0.817465343409323
0.39519799618776	0.673111883312475
0.189092146178084	0.273253769213397
-0.178099390811592	0.20990918660742
0.0365535808640586	0.0395791485182462
-0.273530264411034	0.329901539914612
-0.521031802142987	0.830984857483017
0.00276866517826259	0.00275267173482681
-0.65180273853652	0.749112793139536
-0.928530306134349	1.58509229151808
-0.575965366329259	0.996228741096908
-0.839693853922475	1.56915454664375
-0.246787249189142	0.271990913166058
0.495148920746177	0.460810169118259
-0.175705401975391	0.133538095943059
-0.234813198985681	0.227775025703665
-0.44648378669441	0.411260854901104
-0.124291449298818	0.0967173899997598
0.0177498857273558	0.0119473238490811
0.403246530166326	0.182661858543197
0.153512434429088	0.0666478442690645
0.19910811340564	0.16962118233558
0.807358419354472	1.15087402954906
-0.636228304948222	0.846885944251063
-0.355578903735071	0.35489255293672
0.00738656424974961	0.00507176492003388
0.00272953887899388	0.00166763625311458
-0.174213830499786	0.132227455210518
-0.447844691323595	0.412708155319403
-0.526240586256487	0.437030982965048
-0.204539549491457	0.153151474475153
-0.452186304393173	0.300794317028053
-0.176984655440588	0.0948844871903939
-0.334406843776785	0.315537053526427
-0.132875895184348	0.103934517257023
0.0697486378945144	0.0433421333288347
-0.031582793759431	0.0200923068531759
0.081090178802451	0.0529344368780184
0.0326098331353047	0.0179160446669001
-1.03280613295263	0.82597961190442
-0.132523673976192	0.0748245493853543
0.149358487897967	0.0573759536116166
-1.08995197941556	0.746609093228689
-0.139626623650296	0.0500203007886289
-0.239280210650541	0.193079047367027
-0.774921688428324	0.835020134321559
-0.411908077875872	0.351078735001899
-0.893311597666924	0.744679666934832
-0.97488319956805	0.481856856064848
-0.76293324126363	0.331661795180882
-0.488997560405634	0.3665926526539
-1.04598157733055	1.09112609706352
-0.424297762301153	0.325316186139656
-3.08209765998152	0.963916510480773
-0.233889636620585	0.116999802371852
-0.641172652649429	0.37972815726212
-0.385767571605602	0.160596773823197
0.376065086391211	0.191152738446939
0.307639710036216	0.21214928995758
0.802790674448409	0.764005837537706
-0.0868483849840875	0.0610626703613475
-0.119415074890425	0.0948588932150296
0.203925967028085	0.147672902776972
1.24392691759314	1.51054107097212
-0.696216312531542	0.660934622213481
0.287870125536095	0.26587550901894
-0.257555068504782	0.160860717962018
-0.775430647078507	0.725454931215659
-0.914403274907865	1.02614550460955
0.931345078485468	0.816693221557739
1.03939842339204	0.988631507934469
1.24378961267751	1.63694761780332
1.15399462597526	1.3156044913948
-0.0421762015959074	0.0262507460792665
-0.494638315960742	0.371950032386333
0.476337768689857	0.326204098131263
-0.596266328798401	0.620844415636047
-0.844700039955242	0.899294955607378
-0.771281962751487	0.719376297848088
0.489513092048936	0.337117857412761
0.489339779979034	0.453894277909496
0.0743105534549797	0.0462102811776456
0.39858511019428	0.35538321760648
0.379020470284166	0.345701681480535
-0.389264439668591	0.161953056740971
0.161809663243855	0.0483223326687324
0.0344169546063888	0.0188962899792227
-0.227270823266199	0.187673405347854
-0.218119088321364	0.19691330481796
0.901599416908159	0.924081593042829
-0.0395399352606759	0.0246540662669772
-0.335701586146018	0.317041296647397
-0.213418342613518	0.137917158571913
0.0865918221545996	0.0590394909509289
-0.0536160207267586	0.0233999342599115
-0.075768880025642	0.0460561683412052
-0.211983005420172	0.136890547028867
0.183470480249559	0.106861436974659
-1.33821262135897	1.87809023584296
0.18859740688967	0.13555465936838
0.19910639652989	0.159971258648773
-0.0130705085067822	0.00630092378126232
-0.256963195030685	0.160402718230155
-0.368127920828345	0.317411200390563
0.525942644932259	0.456524918198522
1.39930590449603	1.89632886536469
-0.329401375108749	0.262027143344074
1.12143280101345	1.01270820986814
-0.932580222048265	1.05609845211714
0.447208451970293	0.179898638123333
-0.763846520547542	0.331965855437583
-0.519952717504097	0.196880719935875
-0.218958293525578	0.0706782121263062
-3.08606373064433	0.965887782759055
0.150591813932182	0.0578363707284266
0.00947989032351547	0.00479010378256468
-1.2183901089086	0.92172865087963
-0.216468117878063	0.0699098638062388
-0.515466779883267	0.194997679323859
-1.67946393380613	0.950959258230003
0.153720406765919	0.0745390431026056
0.191695713828233	0.132296602383034
-0.263214188544849	0.164794626293706
-0.461099398386543	0.387656886060647
-0.0610423762503416	0.0445106906620163
0.474823179442211	0.453603088755062
-0.283235656107531	0.205429529817601
-0.185259994895817	0.141549481738589
-0.219111736798517	0.142019683343688
-1.03104039961174	1.34927468652259
-0.175005481582378	0.690089947742047
-0.643882302396503	4.12081624052464
-0.537734283624134	2.7609670778025
-1.00752749823706	5.04407019945845
-1.00937868885646	7.43512594326364
-0.685429111987847	2.40312710102216
-0.244895380415506	0.465620575911342
0.0174551023929373	0.0258926724059257
-0.144005230835054	0.222772030326294
-0.0974725515830987	0.155930905573076
0.522366947334849	1.21844590845797
0.401283558202093	0.626632816683796
0.200381678399418	0.293187888840583
0.224511927278171	0.318659717085279
0.255313113827122	0.368032365907868
0.149380122862621	0.199733821308596
-0.227648594827703	0.279689084376547
0.363727596735914	0.517404491880162
0.648085699798581	1.22722720337068
-0.522448823019444	0.622989536856275
-0.0768610420104903	0.0792267758514012
-0.447164583561424	0.688445198872061
-0.592381361526929	0.996028276975528
0.60844906711843	1.29029112655483
-0.110130329490278	0.0964158908147963
-0.177473499577899	0.149538332220979
0.182999755474225	0.120038883341709
-0.211809271533196	0.159268960845141
0.748161787345498	0.629014272539036
0.580077758865996	0.464928878487885
0.694671512926375	0.989399803509636
0.370874775291148	0.44163566380521
-0.0557326398123107	0.0460381121718761
-0.648130187254483	0.931901041587756
-0.449303129994854	0.413999683404515
0.000306754928323242	0.00013023008651993
-1.33388540776809	1.70337703866925
-0.783346968928324	0.847820518400486
-0.585475348730197	0.606047657389811
-0.338098207751685	0.295892945307046
-0.117638972951938	0.0815992297542582
0.120699342663854	0.09531706116013
-0.295962310741813	0.260138984425753
0.0994326870080765	0.0707129649138704
0.204710768084584	0.154196547527783
-0.217668501831863	0.140925809787848
-0.0437691327830989	0.0272811978223698
-0.768944294866461	0.334721769210418
-0.786719855905986	0.429401204513787
-1.0539532633693	1.10293981344102
-0.560631241503687	0.406836346521937
-0.781857035914726	0.670574394494885
-0.339077813495011	0.29699583902198
-0.598324197485545	0.286638731880525
-0.305993014432919	0.140589930793603
-1.02535171461533	0.406536532978507
-0.213013401892498	0.137600384355057
0.962619767272375	0.954537431766583
-0.124353337738801	0.0865438369507341
-0.764936954517293	0.33278036663707
0.172680575900775	0.0831705585804509
-0.0427035156643178	0.0266016897834572
-1.08754291206876	0.742313411979422
-0.781475261045454	0.425057103037386
-0.766207172631592	0.821627746082101
0.638782747810992	0.786400443966332
0.0771223727322023	0.0503272700902702
0.125654168740633	0.0966627097539949
-0.571476478810885	0.41682048618395
1.61904069688955	2.5393385582823
0.523915781985116	0.454515975217143
-0.170381743412088	0.129061731892678
0.462885488334878	0.454576679055777
0.523257757281282	0.453903125267056
-0.398637123348896	0.398672863836265
-0.204606903258266	0.153230474201743
-0.232193534871209	0.192338580395293
0.0447667012519023	0.0337068551620682
-0.0319708552053516	0.0235257812491982
-0.702950336917461	0.716328349953921
-0.842116850488117	0.89554588716248
0.0825733518446459	0.0562432731292792
-0.492826957938225	0.370287493618682
-0.700893247905087	0.75732192452076
0.0508995960912332	0.0298787260014955
-0.0456054347827037	0.0284302037599181
-0.0355885544574451	0.026222364579209
0.627160944690682	0.590742992549191
0.0966684402322762	0.068686529182826
0.212352693710032	0.182451226154598
0.645702589533483	0.684138353202628
-0.439830781788223	0.403451207955561
-0.894536874627915	0.745674673671886
0.484414875133704	0.332548218464911
-0.677692278005935	0.536995194217575
-0.536654329124528	0.339822241154059
-1.44720070783829	1.29863984514939
0.154531769505739	0.075034303280488
-0.0745320034829004	0.0534613787634174
0.656562893913348	0.597482897833158
0.0291199690933899	0.0204637985594461
0.96343528251095	0.955744341673014
0.114474952109635	0.0875445141119845
-1.58663086153202	1.88073660057569
0.194502007431841	0.13444760661687
0.198387940451811	0.159301898578642
1.01347884090463	0.837689658535492
1.24578366326605	1.51332814397983
0.584061356889387	0.468801147954179
0.292141141980688	0.238490307960272
0.282763800233143	0.245325503645599
-0.307529411087155	0.272397050517379
0.405396842282669	0.454268400938542
-0.189141026685	0.10168160245341
-0.475815381810504	0.529389227534933
-1.17282951648912	1.58891233224287
-0.461484538871295	0.388028314716007
-0.177985614363774	0.118350166718904
-0.236433584840683	0.173973466642323
-0.515260306744374	0.194916268075376
-1.27751931897973	0.575987802889346
-0.976394600114294	0.48332728903258
-0.342569521377039	0.0986187132378211
-0.343223291761604	0.0987971723984263
-0.726132227916529	0.249449469641422
-0.519323943583458	0.196571027657527
0.15860122996506	0.0770351109459426
0.168799909988001	0.0978497715682991
-0.384529027012717	0.264640154568391
-0.394004806853958	0.164207604994645
-0.715407313671064	0.245463795469067
0.153247518839476	0.0288421886814327
-0.390638133543831	0.162515731812202
-0.486769962938598	0.364581576556357
-0.261266021162924	0.163426416679046
0.45875248402499	0.333745186632136
-0.147649810233647	0.113533556634242
0.535265443420614	0.560403762164064
0.657906788397979	0.794653051785668
-0.110315479835167	0.0762524411010823
0.675765123772819	0.798337983997266
0.0712222731625821	0.0558402623722323
-0.845312814192354	0.900235812380659
-0.146647605901049	0.676084821676678
-0.306255838342746	1.35816654554706
-0.521096897263566	2.80964069653992
-0.658014646910931	2.36938219094044
-0.735364486745983	3.43544829908048
-0.341595677058634	0.83989336697911
-0.171912979246333	0.328215481256471
0.163021498187383	0.269874973274055
0.303317173376388	0.560830672405
0.549307108823684	1.41383666097845
0.0094432691564217	0.0112345176992933
0.269357444053867	0.38466929534626
0.142296776066944	0.192567720019087
0.153679475639531	0.218887178069203
0.209730220556487	0.270888274200035
0.327570069624283	0.52155412685136
-0.0867785179589463	0.105621784398703
-0.0176560512966237	0.018003639181995
0.244718651321912	0.30397648941042
-0.0171876996428596	0.0128558315940902
-0.64375090221804	1.00501745249812
-0.471404700749307	0.79029771888673
-0.360139670249409	0.48746820846566
-0.160682962773535	0.193530672092812
-0.598681167604076	0.657093129286506
-0.138153795427449	0.148219586056392
-0.375862057504995	0.451623925035552
0.324619171648713	0.212311861178163
0.205894637138567	0.181038932287405
-0.709528711729779	0.770307001907798
-0.899497472093379	0.751397296573682
0.193276228662558	0.139294434627884
-0.38121987229151	0.299383427124996
-0.545718220528909	0.643924037158684
-0.677498335716802	0.900822005926052
-0.331018465691249	0.288550576192434
-0.704166202753214	0.671108348623002
-0.0951989356274036	0.0761297130882902
-0.578288880245967	0.595920086611811
-0.28797219300761	0.231828848475221
-0.963555763885788	0.945331904948102
0.096290153048711	0.0659460900356403
0.0918369350089289	0.0627768275569377
0.289048474932296	0.251861096084644
-0.157126481282047	0.107391260729405
0.463646355770898	0.337956657035045
0.0339288298787561	0.0186257257801415
-0.386961690828915	0.16102677941318
-0.775789568315999	0.421671873808642
-0.896910081830109	0.748393436636919
-1.03369015987998	0.826127491434373
-0.982388964545767	1.15969138684129
-0.607605537744314	0.538637759110281
-0.382934879638785	0.263336886776264
-1.81158704205843	0.737664856226095
0.453603260724069	0.182711427958133
0.152289864541204	0.0287035071443224
0.158494195683153	0.0538070339427527
0.150686133766479	0.0512365858147571
-0.179371217244351	0.0961407571770547
-0.044279938586299	0.027613621848836
-0.940744813517091	0.995103840511269
-1.13910410688242	0.344899734416028
0.161787544386438	0.0408470066516523
-0.481970311384801	0.252548744754246
-0.228799376945827	0.208156645121771
-0.770538316452136	0.927877404554747
0.00439099619576347	0.00308155919208743
-0.0680301153063168	0.0412779709496633
-0.326908890026508	0.25971188577707
-1.09357057050959	1.05439317970192
-0.0549049153660934	0.0399438915763945
0.0330293291621337	0.0181408302475341
0.198037479498926	0.137069102199114
-0.0204280770141016	0.0130502732492095
0.005254586118279	0.00326636247747409
-0.0782168809195126	0.0561970913331692
0.190065644405893	0.136742725181992
-0.687847781264162	0.601721900836992
-0.0752396567512417	0.045726004356729
-0.77294821201675	0.832244148873274
-0.372520166520296	0.255021486147366
-0.782636603067347	0.599947462436924
0.597205919563829	0.660518156108753
0.505370925257942	0.454328122503821
-0.327449291505604	0.284752491759134
0.737343841295769	0.918421908351825
0.48305139208886	0.446548992231509
-0.222813644884179	0.183374910745242
0.0379108407091999	0.020767229139725
-0.261190506187823	0.163392673275477
0.0102947900046691	0.00521488283915872
-1.1841134480419	1.21854906248504
-0.782947185415511	0.426671746270853
1.04765717830274	0.397896603571229
0.703390442617444	0.330559659306264
-0.0944152775936752	0.0374478151240738
-0.213407527517472	0.0689186426519193
0.157328017678796	0.068270214475041
-0.575252401123223	0.420461634971056
0.480590845920393	0.460607080550187
-0.12653742239079	0.0880980434376346
0.286871668695312	0.233351757460759
-0.702863578671561	0.669410431657153
0.0254884127466887	0.0140663721776222
0.175674887914747	0.101993654287945
-0.402206582664331	0.373225898801625
0.85909197104573	0.786910509426249
0.202871538510332	0.146907066737493
0.549509567441373	0.560308168987088
-0.379485374546095	0.260712362241114
0.529280566150715	0.460656949200058
0.308884654964466	0.213151302790729
0.199234349458307	0.154987853371283
-0.0548359154819952	0.0332344720896188
-0.943076619182217	0.577739608285564
-0.725867563551232	0.249367253578496
2.74073660169701	1.67867594968121
1.0454798173394	0.397182748534993
0.163386406136861	0.0411852790230607
1.4596710675352	0.484293847194448
-0.0848785329137627	0.0337923409282591
-1.79827400712943	0.382942964938875
-1.13461598703551	0.343230613786831
0.159915433483354	0.0477485376305238
-0.180855543616506	0.0970231942839135
-0.455855239276587	0.30370229162988
0.333805503182954	0.203747740837562
-0.347480099168433	0.0999933239977275
-0.719839729273076	0.247075530686914
1.33172308463725	0.583465642802096
-0.172104008685164	0.0921082392364003
-0.493165617606653	0.370402726081219
-0.331990036040552	0.264407361854815
0.555162273865774	0.465764246683692
-0.381208562774753	0.262031180487254
-0.181804701532622	0.167173028914767
1.01670331208608	1.21829507720207
-0.831267405549715	1.10318775764764
-0.258429873902293	0.211205028193817
0.93765188358323	1.3707547061787
-0.66756288699833	0.526246465047827
0.0315294097098137	0.124542226020276
-0.0823052439351656	0.322692906058201
-0.441125563044601	2.62744881800524
-0.200003471360136	0.513371651336381
-0.654807405524869	3.26143659221415
0.0451662272770629	0.0753571362547109
0.481854846622556	1.5296388056353
0.0982487137238777	0.160280279077678
0.14820731902686	0.253632416779789
0.513121407865962	1.29667327897507
0.285640320897199	0.453024009150612
0.193344905720984	0.251739746078933
0.312885127534568	0.496652000708268
0.798801653582189	2.11206780665456
0.213327698040511	0.272983381362798
0.0444160977197796	0.0536054368474937
0.3796153215023	0.568692471602803
0.134832207346984	0.158790661593017
0.0805850610512897	0.092213958237925
-0.120835911592994	0.11411414735299
-0.83998934572502	1.52318888851716
0.207017438830617	0.259967670321206
-0.0132270599571328	0.0148915753794078
-0.510036814373455	0.662753332011349
-0.871953217710825	0.801429894841887
-0.314622411130952	0.188154992020843
0.684725890724498	0.813019675360299
-0.482999444226529	0.628845031073368
-0.277795323248102	0.281770766249662
-0.973535325653851	1.21966739649917
-0.169545738380929	0.128368783810773
-0.2392154303157	0.213958740121558
-0.547772068974244	0.493776396703641
-1.14915311291811	1.41433369764011
-0.943937815887112	0.578319227494592
-0.0101281144491066	0.00496717936080123
0.0339976481938497	0.0186702341694806
0.0941656969320726	0.0644414243337698
0.330473974549516	0.201567181649992
0.0578498014375587	0.0339704499405786
-0.52846360297528	0.333796014054537
-0.786469156136394	0.519856933449477
-0.661608629976049	0.462790722099982
-0.665008727124253	0.465587687928279
-1.17749834628901	1.2084116105887
-0.526507295267006	0.437240111139233
-0.575252401123223	0.420461634971056
-1.54181826789875	1.48464607513451
-0.232509057244501	0.116172307186019
-0.662084504937482	0.462462195374418
1.04455801006536	0.39678683304154
0.153247518839476	0.0288421886814327
0.364416116500449	0.184524612037396
1.57789827485225	0.786479757755199
0.860079755527516	0.913246854723505
0.0684740320904463	0.0425123056942187
0.0340029042477432	0.0186483245115479
-3.46476574581887	1.23479767067539
-0.344051246728784	0.0990141017009014
-1.66652425448681	0.940143965653645
0.153513636665755	0.0665315619289479
-0.0463966268311026	0.0289282552459067
-0.644232135909213	0.700986905458019
0.29062447570744	0.245368941119495
0.186895448562468	0.122787176795376
-0.650329145416594	0.671698552047258
0.0737185246432954	0.0480545835484668
0.297243366390087	0.260250975672432
-0.090477506844619	0.0637139398879536
-0.548472147188349	0.494566029300275
-0.469522280524337	0.396524340234913
0.0116901620554427	0.0059053701275899
-0.173818349532177	0.115358796285329
0.533890819999924	0.576779156403621
0.994411859997245	1.31706349083293
-0.0245817870720843	0.0156728548221001
0.0852700584483534	0.055778840274163
-0.474279423009501	0.467982641234668
-0.380795108707129	0.26173010435728
0.819387405251358	0.99388445606453
1.23538900928957	1.49263596666282
0.460997201190944	0.335817054990601
0.058709434153155	0.0344641023893994
-0.785127174008015	0.51881783549582
-0.446566288451255	0.296493248201723
-0.390810142693215	0.220943342199761
0.624066945365021	0.58684879891063
-0.0453690913332649	0.0282845806768137
0.296635847124508	0.233861104384418
0.0335830633374234	0.0184190136307447
-0.645188369216944	0.382355663204
0.165097545701885	0.0415776969264477
-0.716074907122798	0.245725534591538
-0.220273125496108	0.0711077393958585
0.909828228023594	0.492713018952127
0.00595474157700186	0.00308143879800698
-0.939399032797045	0.992839220337494
-1.04980899268521	1.09669715241739
-0.095105527668824	0.0557921440278131
-0.435242299682953	0.335694389016998
-0.115329808777724	0.0799131546109692
0.292656881199381	0.210884541926593
-1.15389450492873	1.4229967704375
-1.27299847696076	1.55725120455594
0.310071513988694	0.236087400812304
0.814090604486344	0.778457513823722
-0.216942649148664	0.140466495857086
-0.453149481298289	0.301489285219133
-0.434241605439775	0.334575488582304
-0.291371431284613	0.235051150186104
-0.206290539275046	0.154580232228533
0.298822801799083	0.235877957773063
0.292176952315965	0.262912470948835
-0.026307429763202	0.0123148766829567
-0.920980821948644	1.0371897970303
-0.225604873113441	0.0727632769218931
-0.507775655499114	0.191817028036704
0.165594211957363	0.0493598676029419
-0.21584116833564	0.0696924945480662
0.395360119557451	0.17875669532558
3.26152925911013	1.12000457960558
1.95791760701363	0.441280139896969
-2.577202278156	0.663064687208724
-0.628807341949763	0.15371861128279
1.00814989784364	0.83177327105371
-0.600740335564304	0.287548847602364
0.345928719324367	0.193654394503702
-0.759833214909374	0.329941726361722
-1.79827400712943	0.382942964938875
0.153247518839476	0.0288421886814327
-1.01896064431893	0.403433301964411
-0.780753465090622	0.598918731375766
0.614660474276316	0.32335098050142
0.118566348692415	0.096055366462388
-0.425356230440592	0.365308900877439
0.0290049486126572	0.0211287917324032
0.683225593586589	0.709955818644106
0.292048446476825	0.238300032130902
0.436335906781087	0.461958491798247
-0.134074145435223	0.104916503401555
0.0369335555196452	0.0269090040964491
-0.595481559745337	0.48496763649978
-1.33864559864838	1.33869370077452
0.00915008889388211	0.0321885272904254
0.0413274030571342	0.138361718924945
-0.0534518854609794	0.115775776052112
-0.438620842248117	1.94798601356724
0.227557089296873	0.575714089976166
0.303360598514076	0.748824084596403
0.364677801854645	0.918007697604081
0.427353726426363	1.00871565582778
0.279217921005448	0.5662776364749
0.333394704757661	0.568916146790433
0.471390101493722	0.818353966010278
0.959172763749991	2.36195589889465
0.436197970182214	0.864207952368971
-0.0455930975359717	0.0502517363976379
0.10639627830181	0.123485775022789
0.163384844655394	0.187109258481703
0.199520394904598	0.258301443505118
0.208005411846681	0.243936919727038
-0.428887680933903	0.45632796177824
0.0339037345752089	0.0317626815141542
0.013327244573885	0.0136940960436205
0.235757867499608	0.33091230735514
-0.403168770655567	0.593353166695862
-0.185318087913301	0.156990149669756
-0.0311202948066446	0.0257678138603734
0.56805524694133	0.743360747345351
-0.490079847618311	0.660987823740041
-0.643997837890995	0.700333634934627
0.27798077660862	0.255052845072536
-0.788846623123172	0.522972798788397
-0.322489277355043	0.193509299426762
0.559216211793174	0.663233028824782
0.452764661569314	0.456381229056264
-0.44880675924955	0.502945695414928
-0.241537821877413	0.178208232625908
-0.439002033411444	0.469807673531089
-0.366788835903217	0.285742991805588
-1.04132659439482	1.0835324151904
-0.766299802173468	0.821894000889548
-0.778647764474175	0.596432097998776
-0.723601171891188	0.248501036925982
-0.323142779031108	0.193721098900495
-1.03230202844603	0.825930099268913
-2.1109444804477	2.35395376197899
-0.520086993137791	0.509332444992452
-0.999042420085632	1.18940499428556
-0.524032142156395	0.434443670586253
-0.779804419549096	0.424157606981819
-0.514001914291837	0.194387375528581
-0.389985967030364	0.162470470682988
-0.690533327687634	0.653537052874745
0.193230527333412	0.127322778486086
0.321419384182782	0.209802819781761
1.77525711629631	1.39201132638393
0.155033518363628	0.0526840217885624
1.78249522118869	0.997760509630804
1.95706969381346	0.441073865263096
-0.343223291761604	0.0987971723984263
-0.490934016462937	0.258394920951907
-0.342569521377039	0.0986187132378211
0.745092412067447	0.625427387257888
0.400792607738871	0.344672682908868
-0.247065454727516	0.182862388660352
-0.657288550244764	0.681204148780578
-0.768944294866461	0.334721769210418
-0.233421938900356	0.116634513061264
-0.264260370512566	0.165529875602628
-0.41056991744582	0.382754295754338
-0.456537281987273	0.304494354872691
-0.301175503860782	0.138186771174604
-0.5642715358243	0.410189441766358
-0.1201920656406	0.0834368080804234
-1.40083169022667	1.87078136138517
0.154864543949474	0.05943628677518
-0.378066959397832	0.296441797428154
-0.276914632785264	0.200044974435545
-0.37734954481398	0.258977753681084
-0.3112529556991	0.185872784875828
0.0254343126511263	0.0140541157721368
-0.189577826298872	0.101929142645505
0.192422304049043	0.126748785533207
-0.150571857109564	0.102648758965421
0.197455507023264	0.153399346278562
-0.851896405543433	0.910958688150744
0.0455757217903654	0.0267815686109052
0.45700866228641	0.184115366980677
0.843655877474282	0.887965816216944
0.300072108028562	0.237019254921064
0.918903467522375	0.801822028762194
1.24457572493982	1.37642434232931
0.806661977050074	0.768722558135829
-0.490665727091829	0.368229911564873
-1.44605953130403	1.29670403184561
-0.102159086189121	0.0600482645049989
0.0629043584312041	0.0390188903609774
-0.00537813170831285	0.0034856114969609
0.725863087360178	0.738141743972066
0.323711724444513	0.196622866456587
-1.23969931937572	1.15581313296379
0.298706662470079	0.235770466769868
0.0448022562080861	0.0263046248021376
-0.282841175139871	0.205098744309878
-0.259798690202089	0.162448476013449
-0.97488319956805	0.481856856064848
1.45377869768284	0.481973964249078
3.6409027894866	1.43427384419709
-0.147307575406356	0.0527017957649261
-1.67753512312376	0.950410765904166
-0.139626623650296	0.0500203007886289
-0.727234996053761	0.249793021516634
0.162598392899409	0.0789553232354743
-0.00661848414955098	0.00428668536991061
-1.03794817668913	0.832730682547195
-0.597227914140396	0.486793052864324
-0.262102167413174	0.164039157546639
0.053168607605823	0.0311695570213716
-0.00352112899005219	0.00229327738402825
-0.13287692710717	0.0750458264341109
0.73983189824433	0.619604086923382
0.336735746326206	0.20580783652555
0.0797628402900186	0.0520687471052023
0.619516383461652	0.472785494437779
-0.519348070063434	0.429473301323055
-0.151874358868637	0.103607051712494
0.478138935743781	0.327722937598411
1.13860085067548	1.03544421878249
0.394074423776231	0.350565066009128
-0.26415772772183	0.165428902460923
-0.126135149529582	0.0710744221028153
-0.249029170673468	0.125041502586926
-0.907654507498055	0.662262992055546
-0.773197804433001	0.83066905010881
-0.855867478645967	0.850890088630924
-0.83870207497978	0.950586348845386
-0.378664082780691	0.260183288569495
-0.341581022610314	0.0983147602836231
0.396630275203352	0.179436309889633
3.94201771071476	1.73183855855828
1.06583336465523	0.516206530168938
-3.08164138813046	0.963767470359232
0.157830822565027	0.0684885666679607
-0.341581022610314	0.0983147602836231
-0.627829060935039	0.153504607197422
-1.52246168976357	0.543554490442396
0.144309815080664	0.055481097224826
1.10403206475986	0.842388211547989
0.163113419283259	0.0792269512446663
-0.78658806801225	0.52110102498205
-0.633409029549556	0.154789771896201
-1.79827400712943	0.382942964938875
0.67818871429907	0.215276668097008
-0.782448296806308	0.426306761539971
0.151102903999592	0.0733664668884833
-0.875508887818855	0.806203685907305
0.16423884610394	0.0798370982755299
0.615965434322382	0.469246587331275
-0.465678671649125	0.392446678991785
-0.103407697318986	0.0813723051681488
0.439379294276115	0.336263473876805
0.285248411731629	0.255484160560894
0.580982535780255	0.465937074634039
0.859867113670143	0.788480291166176
-0.907245259588092	1.08266384384769
-1.2525690128313	1.1756668201934
0.0325920480333768	0.128523740434931
0.00258925833071818	0.00744847424502188
-0.228133777884366	1.03295444544348
0.41305963939616	1.90120973140952
0.515907661663808	2.09600730351849
0.522999665817124	1.66646902505948
0.534947151933684	1.52721190903337
0.308658614518242	0.71709847983597
0.259542512198108	0.500286947739003
0.832905596075439	2.31486536307148
-0.0707447691663112	0.0911384343610963
0.119633620600456	0.158593677655541
0.230483384862133	0.354671808695218
0.0554034428055437	0.0676975464292393
0.714650351489167	1.53674290373724
0.306908216603215	0.446716159093348
0.333919062777298	0.534998530653616
-0.126614920656093	0.138051908857439
-0.701964328461746	1.44537326097413
-0.454532781725551	0.869033401008262
-0.198811860769903	0.282542373663182
0.0959425918791668	0.131866687301136
0.100724719973508	0.096955612821261
0.638854263278457	1.01367558276569
-0.0428533020444709	0.0392051971597363
0.282802044009589	0.372797955877638
-0.597198325562283	0.794390014409713
0.150399150083683	0.136922520782235
-0.16934555947086	0.157363173124183
0.098273272418112	0.0928848007679253
-0.197528446231947	0.193855049276911
-0.162051686010655	0.149758401599744
-0.208844064584891	0.191624387599464
-0.0673062844098573	0.0600695660374311
-0.0685188392880821	0.0490179122664887
0.0490865986210015	0.0370181763139371
-0.24727729225815	0.183036361940741
-0.465000049775608	0.57902202527754
-0.362207879373277	0.36331080651722
-0.369454816044642	0.372286480420972
-0.492902421625419	0.516080133976833
-0.904283268133044	1.07740089589907
-0.283735005780556	0.227849064725472
-0.0666173643392622	0.04759846679351
-0.470404751182827	0.397309369439167
0.611164803486625	0.321067786298506
-0.12396991216408	0.0862596188739639
0.451271023059056	0.43987993550539
-0.84775908775839	0.904441765234856
-0.380884194351708	0.33081239577779
-0.154462349234363	0.105473994096578
-0.785672968137306	0.738533187722082
-0.702993849377922	0.669520948335654
-1.49042154692568	1.89087649912388
0.389775149076741	0.345857093442601
1.00383470514501	0.827662296234726
0.510997877693798	0.460678639059291
0.153335897031348	0.0664786418419361
0.959348535451928	0.653104318945278
1.45980511873488	0.911623237105148
-2.46672046231715	1.37353861733223
1.10964903236494	0.848540056934451
0.929646525326973	0.815074038950899
0.69342643823958	0.724695880074251
-0.042494614719709	0.0313723941125196
0.130126948343982	0.103389772993539
-1.23924633529224	1.89079896451327
-1.24060553571408	1.15705870928254
-3.08164138813046	0.963767470359232
-0.291133770131794	0.23482225802675
-0.828483356801208	0.989627935297873
-0.329614757433984	0.262179501856702
-0.623901695248911	0.598000065113755
-0.337138359152887	0.239907500614752
-1.43026546370095	1.52355714714447
-0.418312315523125	0.35785699930388
-0.691907082265144	0.655161045082835
-1.18093913932853	1.60618094192502
0.0575835587434316	0.043588404439132
0.584428918827948	0.469523488589112
-0.392427347038685	0.222191946736064
0.182148837938731	0.125120009423622
-0.0470351504348765	0.0293133142230915
-0.67929130937671	0.538049600889605
-0.462176965118285	0.38877331896403
0.100603823764348	0.0716078654950646
0.317739414925761	0.220041101396945
-0.683462155951409	0.543038858576462
0.0519381982102062	0.0304430709896241
-0.137954130882907	0.0779741476463733
0.96596976038464	0.958156044453283
0.462691843683399	0.337376126663183
-0.101812656997773	0.059836005360191
-0.306660844402068	0.140961840218228
0.367770882175236	0.344333790283897
0.589627745600162	0.47476889675723
-0.137806481512932	0.0779180541652248
-0.530844077540388	0.44174115338104
-0.265250393500162	0.166191556385146
0.168707824745511	0.0904708981896742
0.318632603059139	0.220759094273384
0.661518143503067	0.603480910311379
0.162706550633882	0.0790081716895915
0.359172383297154	0.181716540200245
-0.389985967030364	0.162470470682988
-0.216730820199361	0.0699462135090824
-1.02561763598538	0.817711800086696
-0.176739636384453	0.0947039663179134
-1.03641723145111	0.830449596271321
-1.33666341215964	1.10642151131752
-0.886199387047624	0.736286678999997
0.340901999495591	0.208719334204805
-0.128786198167708	0.0726124920252009
-0.25520781471413	0.159181041946783
-0.395071670435589	0.164675396539339
-0.0522708398575307	0.0228284059721649
0.403625336859719	0.333635853231786
0.171386153288988	0.0919946768473447
0.0310121205957777	0.0170718150175875
0.0259929335915062	0.014358370863367
1.02904794090527	0.974421082873589
-0.462709387169277	0.389273152571196
0.15860122996506	0.0770351109459426
0.0393717366623706	0.0215707680827789
0.718265942567375	0.72730520549876
0.394021941179025	0.17808674998791
0.801390705891926	0.639298607370086
0.326369359524703	0.213488549761908
0.333809725656433	0.203872057689063
0.174206986221985	0.113784281592716
-0.389898243084328	0.220555458205211
-0.0969182312230313	0.0568941638163687
-0.0579652837046718	0.0252560360664666
0.0625892843513749	0.0367617405062316
-1.44444161636608	2.362323918533
-0.418038497834876	0.391449575091143
-1.2495403499782	1.17149144877513
0.556080698530298	0.324779439045837
0.163880859280481	0.0555773798404558
-1.51395570496283	0.539857861420258
0.153317330149606	0.0588970866053136
0.157150948993736	0.0469889516170941
2.12537189903949	0.954341509365964
1.46087099173333	0.913300850062218
1.45612824040965	0.482835979244752
0.605227456975828	0.317499661008836
1.08870502684017	0.670131150210119
0.0294834987042186	0.0162378606700263
-0.763170853215986	0.33175434418017
0.703146601876222	0.330393428520152
-0.306120987012933	0.140785586182796
-0.320454550698695	0.192227508071784
-0.130178360368813	0.0734117164487956
-0.25249410874109	0.205527131756561
-0.695934937403933	0.611208049288382
-0.999034922096063	0.898414329954118
0.173757325106464	0.100762049305646
-0.428256146869258	0.329175444843865
0.649635443998163	0.588826173892317
-0.301157081255548	0.244268908076783
1.41126063073049	1.75736983601454
0.389174391349997	0.332466416579671
-0.990678778651166	0.888188106019921
0.462402735995363	0.336820645101141
-0.53780957054108	0.340923432973416
-0.0223391845255908	0.0888974634417064
0.0653305329681979	0.264479578233617
0.214460585523231	0.909952057011314
0.725655686925244	2.62980353290801
0.228683756556873	0.385235891531603
0.529017386888095	1.05350870093964
-0.0486282397405709	0.0619227314548386
0.312743658596586	0.621163057637467
0.38931766147624	0.833683175581397
0.108887645421261	0.161539043118681
0.683417091442991	1.47679695746344
0.605583257823526	0.890361399336346
-0.446897405544406	0.605979574450844
0.395102131644727	0.43906508253025
0.206458268797412	0.234566712046129
0.134006510085741	0.167095776121026
-0.228354649009958	0.38458195148371
0.0202007938710015	0.0256653517010932
-0.0700206409476777	0.0742920504671936
0.518123272919353	0.828775794374425
-0.298468513809356	0.391618823145313
0.0349347635378347	0.0513471807049798
-0.181882303668191	0.246972372640972
-0.239714134229054	0.278513254391853
-0.0177296849398788	0.0163820853328077
0.00459109924294383	0.00479256493670969
-0.0800754904796443	0.0949305989856777
-0.145489649701635	0.122800946575906
-0.368933151829201	0.345869044996648
0.105440669699671	0.12651996184572
0.365139621561189	0.450257127980269
0.59840721099253	1.00210606617844
-0.224901781858697	0.326873758695435
-0.302505896409876	0.452541475764029
-0.546471573546179	0.60015560711079
-0.0104759966837712	0.00791667260549317
-0.295736334748758	0.215701409267004
-0.0947206277841747	0.0555687040022404
-0.373211805256706	0.291884698129393
-0.26990161488123	0.1694472607186
-0.673986065653861	0.473543114190048
-0.370669188615831	0.319963052206593
-0.455597003037052	0.381663605003386
0.807383288659972	0.76983138328607
0.251649735799199	0.291085046762648
-0.0658685260295106	0.0537999391804936
-0.0915839474611516	0.0805053714231751
-0.685592233272471	0.986049920385462
-0.700267578225861	0.711978504415159
-0.260710382698212	0.163073720830304
0.00794930365652926	0.00628331017180835
-0.178096803274858	0.150181358632949
-0.413302807815116	0.352694844570179
-0.595883746519123	0.485397591407768
-0.322796975728977	0.228092459618786
-0.178799366529206	0.136083909584722
-1.82987465213118	1.67616603859916
-0.537965259938272	0.341379286760092
0.690944240307308	0.721173559221558
-0.644978238836223	0.62455577577513
0.0225776626315238	0.0152015905112887
-0.197239163653385	0.164200017377886
0.288746710366685	0.266843250263908
0.194933143303007	0.1826498874861
-0.524821054832562	0.610475512843443
-0.672389883400862	0.531527536290081
0.18165533780668	0.119002911024062
-0.175623971121294	0.116666131936536
0.631148213312389	0.688888443432972
-0.146941864205027	0.12414356175003
-0.0301204233214332	0.0273444646245405
0.0619222913811198	0.048303147770291
-0.00385874624501872	0.00251828690127567
1.14393103679523	1.97023901269325
-0.153245322776768	0.130045840581904
-0.276991012477252	0.286840568407251
0.0745176850705583	0.0485863648036636
-0.171305635507286	0.113573978239289
-0.767523934479266	0.334015614821553
-0.994209032408051	0.892212062695713
0.533792789739045	0.192056407531968
0.804751518244881	0.485724643162395
0.16613655576323	0.0890590660552572
-0.229055369029774	0.114371190570682
-0.600453579581287	0.287542894724283
0.826058603447256	0.34818473678636
-2.2879467401577	1.15847288852325
1.06278916442611	0.514047203386854
-0.301439206299605	0.138508224933325
0.153177830051709	0.0665020105437734
-0.179229866477912	0.0961464631186293
0.532722704176569	0.191651782960233
1.57872157530349	0.787144638169878
1.06818357434003	0.517834894778062
0.385642594681368	0.174004347093461
-0.915995429323923	0.670746507972942
0.373213756568532	0.189387369020431
0.451860015328675	0.181866942033698
0.615498701146385	0.323495160885176
0.15860122996506	0.0770351109459426
-0.0515672840712466	0.0225422878129988
-0.6715010821252	0.471375605081083
0.661526702575494	0.473886767756574
0.366720988334481	0.185844030741477
-0.0192471257865628	0.0122959927236561
-0.28409442164035	0.31121227732575
0.142373153038077	0.136620738258945
-0.109711417527064	0.0866238947223733
-0.338267916197438	0.31995851526288
-0.388385343825281	0.268071708969301
-0.326253502810314	0.196045407859237
-0.447592350763773	0.297092557039685
0.147009120270064	0.0565030149291443
-0.0849208485967564	0.0338066364448549
-0.520581729618906	0.197148689128052
-0.763493068016229	0.33177675339701
-0.938775731488283	0.575054671416465
-1.01670064962607	0.402447644882223
-0.718798226358807	0.246701955031967
-2.78280395995835	1.88153952808124
1.33997397403037	0.587819293274827
0.155836367393739	0.0675817670208583
-0.141613477265566	0.0506925453352637
0.868552890483732	0.646727425183267
0.697412750377321	0.326930083622118
-1.21455618359728	0.917187110011749
-1.27521506962447	0.574747266706149
-0.150523307618293	0.0538466873307719
-0.239720800153421	0.120181040518234
0.156654653991889	0.0601389991500927
-0.299514081045782	0.137412683894932
1.09003764784702	0.671221713453794
-0.508820547767271	0.192248693309811
0.560585766641254	0.327653221096915
1.04345506824031	0.395990402040814
0.00345503607352521	0.0018939373611155
0.363648412288491	0.1839941559195
1.33608967157878	0.585665643088808
1.82923234120697	0.717272154981968
2.3603319375185	1.18386066251181
0.159941194521509	0.0543013031904569
-1.210019433985	0.912070414919221
-0.0854599085038982	0.0340350230430976
0.740571811759368	0.620674074193722
-0.214527945453891	0.0692825908233493
-0.0925419739006504	0.0367298119405397
-1.08310616144912	0.738671519619539
-0.671073145372542	0.470898269212145
-0.779115662449314	0.729999987775851
0.0591154606729617	0.0472260798762757
0.651224558039297	0.807502268238733
-0.375320750759997	0.293874146662622
-0.994606649222778	1.09748388102314
-0.016280892494992	0.0104621033122377
-0.373467241717525	0.292121264448212
-0.151064116798132	0.103014690807046
-0.0524457326036828	0.0381158226198136
0.693934129618868	0.608074205989435
0.292763859073429	0.247539014450027
-0.444757915619699	0.294842442472842
0.159474851217086	0.077480846781015
-0.0383370032090871	0.0239077163365937
-0.0827323430581682	0.0580821363588459
0.0465224663550078	0.0273117013108537
0.198273725325715	0.154042749529468
-0.169083536134241	0.145055260851864
-1.24185984198762	1.89722568905977
-0.277465157335174	0.200557040038889
-0.0157515899784759	0.00752184429220787
0.453603260724069	0.182711427958133
0.697324278071186	0.327270938000257
1.78868485541471	1.00232426065158
-1.02624181092562	0.407113610404842
0.605378246035281	0.317270854717483
-0.596482976054808	0.285499705181231
-0.979009073350107	0.484786914121384
-0.220500707384611	0.0711541768422124
-0.0634564763716099	0.0517565588267198
0.102860816081889	0.544463600923489
0.237474053422392	1.44316513180266
0.571507431032744	2.55613410970781
0.454714050643048	1.19041835241644
0.23824324807394	0.405911258477048
0.516322517861361	1.28046827312888
0.231308896039808	0.399291236274157
-0.152911487298127	0.247431575883057
0.471132839538803	1.05509795611257
0.785240990124332	1.84536384171076
0.161316227678792	0.206369672871194
-0.586204452542277	0.913769897513581
0.476521495458724	0.687607933494756
-0.401440878033678	0.58996083466964
-0.0627833536120904	0.0812046149569182
-0.246356670193041	0.494385750356761
-0.977988918006688	3.4761998489759
-0.526521150566459	0.975617834854805
-0.274995997875134	0.39320399811175
-0.207232095843849	0.268428243037291
0.183275219506782	0.316474187439226
-0.538711879782196	1.02394113913028
0.224043543275506	0.237352617019006
-0.00765631962497745	0.00662171302174169
-0.0430640374543139	0.0435287704071196
0.317699771327173	0.512515262261035
-0.389163900549478	0.386506773845539
-0.329380937541809	0.351353173749232
-0.0284381142230799	0.0209393454774168
-0.000255645949479657	0.000181595067565768
-0.19432675138673	0.271958263812201
-0.111570306244529	0.104575286919107
0.55569934392043	0.908545958700435
0.258841626827485	0.306232318705899
0.258783602710372	0.290830396884098
-0.584572451594188	0.635721661156033
-0.178111721755231	0.166595839849306
-0.471951921710577	0.502279057235625
-0.229765471379752	0.168428700499897
-0.373040795607185	0.350621605641087
-0.915340180133401	0.670652200801882
-0.243253441725099	0.179665684734139
-0.421661058467034	0.322867509863143
1.24734667495176	1.22970654606806
0.176100529394253	0.102256099239286
-0.430505325273389	0.331163940776516
-0.550234086987515	0.496144856619849
0.319407484796841	0.233413843051392
-1.20227465393026	1.39936012947426
-0.558857187925785	0.783505104506965
-0.711265938250994	1.07674485660312
-0.621625464956262	0.757704866469796
-0.399135967048953	0.478532045006276
-0.52343342653962	0.513567364670871
-0.0977373779245824	0.0847652613148975
-0.090449571768949	0.0808130832517229
0.714214919151911	1.00363204138304
0.175531913709472	0.108593650237834
0.501497181543044	0.468110849757188
-0.113098774454364	0.0783001528779343
-0.42762767726974	0.32845984456959
-0.562858414256472	0.409094298148941
-0.567080567592744	0.412575917274626
0.335146865089654	0.204465293525385
-0.536937760186645	0.340381833483807
-0.385337153809647	0.160286764173767
-0.890177182944528	0.740824359586988
0.0644531051170089	0.0400278164722513
-0.985001748635777	0.879981972465037
-2.01786934628008	2.11862278621283
0.505025927003968	0.453812834885632
-0.532766385346893	0.33704504000082
1.35337736714225	1.43884387632553
-0.376211966825517	0.29465337349211
-1.01366090899783	1.13179466934792
-0.41668005768094	0.35627331871467
0.715697282306044	0.724173383709053
0.0239070060746524	0.0193784641284382
-0.0407465853598926	0.0254082989960818
-0.690257965933846	0.604107438508677
-0.205711534693228	0.188354098000553
0.80247375296116	0.484059422157042
-1.20277340581587	1.40114744310736
-0.113552012522877	0.0898565434685858
-0.450236967180611	0.415487677516268
-0.617347946381869	0.550408739425688
-0.0408620288092492	0.0254683951942002
-0.535365365589938	0.627314431880958
-0.143237884577052	0.0973056476574371
-0.235250835680913	0.195207612130036
-0.333203951231164	0.290858854540807
-0.484195144853813	0.254234995486644
-0.649654846544533	0.386107827438835
0.189474426238684	0.1245661668274
-1.33427713653162	1.10249328513206
-0.0522708398575307	0.0228284059721649
0.155846546513865	0.059824112236972
-0.29618816032696	0.135767410722482
-3.0343651495525	2.44949114637865
-0.784571022414297	0.519179378951857
-0.0587820859534135	0.0256005112505989
-0.913927480082829	0.668981694768268
-0.21828054594294	0.141412542604444
0.792734600740956	0.476590052063039
0.152998897216914	0.0587123670012067
0.451214918482946	0.181653564300894
0.791009397578852	0.475246569231903
-1.27293177363782	0.573562930226194
-0.0953837123164038	0.0378559678713646
1.45043277170166	1.65187002601607
0.150251518108603	0.0511196116992592
-0.0514038689589946	0.0224695629468854
-0.256313892543213	0.15996166345841
0.374062046346778	0.189752015502803
-0.775454592915883	0.421158506641557
0.151955561498119	0.0583759744460965
-0.216073906032278	0.0697456994821053
-0.384798614706419	0.265143097442003
0.450380599229042	0.181332700598542
0.313796661181003	0.216899151879554
-0.393559831726793	0.222878020852806
-0.0543043058302436	0.0448146666019034
0.0167409892143653	0.0112717835011239
0.36335097537967	0.339141953362148
-0.456668898433813	0.382756742522609
-0.541307732610542	0.485974838675158
0.013034042210765	0.00656875335499421
0.00949317081339734	0.00484177871854594
-0.299338798468226	0.137402389711144
-0.182071309220393	0.0977178499988722
-0.263925211276735	0.165159832735452
-0.389824029514932	0.1622220446978
-0.0210252898696655	0.0099243024878134
-0.778524713431895	0.596182446552985
-0.387128037581531	0.161219443399673
-0.948841446795364	0.58311778299871
-0.143905854186937	0.0515385054799117
0.168373736601277	0.0975959030908712
-0.319961908391444	0.191892513427846
0.149517108687971	0.0648620346525549
2.65194351952456	2.71066210181752
0.453017086926378	0.182395940611143
-1.32466036674019	0.830987640513035
-0.395929290838695	0.224333502379057
-0.141381032056214	0.0506159875060989
0.666794156896323	0.478744733892468
-0.98395085257884	0.487945557727819
-0.946331272580437	0.580621976574472
-0.382985370665843	0.159267211122578
-1.26636163986412	0.56960819755595
0.794834291287647	0.477766178187077
-0.724527840719668	0.248940035798255
-0.0938844786016753	0.0372437459496391
-1.27032365700558	0.571955904152126
0.157034388740604	0.0533466278590803
0.151693574058302	0.0658191799202359
0.829163317967424	0.349753041955828
0.460534274362751	0.335324985338652
0.161359300333073	0.0933749159314632
1.40424716784046	1.0930749419041
-1.59353116276553	1.22253108614475
-0.305319115938652	0.140319581810855
1.39487490869438	1.08148434295154
-1.66556584859182	0.939631471625103
-0.010150961413972	0.00767874051824732
0.177280889896954	0.115937097655288
1.04674567912909	1.36214044044216
-0.488190395482247	0.443694195856509
0.18374215879847	0.131722069768158
-0.278237408554103	0.201206571710119
-0.0203929940971132	0.009609566986674
-0.377905094103053	0.327669023982971
0.490518385026481	0.337939105565758
0.700432573037372	0.615452960736973
-2.03613027195719	2.71729748564949
0.307564127885764	0.212057722125248
0.0573988105530464	0.0336832407274174
-0.0843609635425952	0.0607739490969364
-0.3852171781543	0.265354799318855
-0.0839654706039994	0.0589845910692802
-0.340745430862498	0.272694320073722
-0.22997799233284	0.114987560003649
1.46479365517818	0.91753003965277
0.400363074066937	0.181052106266531
0.159082367094702	0.0850701897233459
-0.979565138712446	0.485108803116686
-0.234346843869113	0.117193766629661
-0.790085064262618	0.431301642668222
0.0623413489249561	0.281963408998378
0.233286755334457	1.24865814702069
0.0903110230457902	0.211292586596776
-0.0729730043180647	0.150673672948033
0.0980889513501774	0.209800957024833
-0.119714706644159	0.268176650190675
-0.242660696120061	0.62909049707961
-0.195168048931204	0.454985892476897
-0.461986534440192	1.51021598330383
-0.178388305688344	0.356898970084785
-0.221138025759866	0.45488941272042
-0.64986115210849	2.20170279511681
-0.425491018646958	1.18337447927342
-0.781712857770139	3.32108912367886
-0.707605984642496	3.39618691116279
-1.5407494437642	14.0887284900681
-1.41332576334402	8.11041905505863
-0.538008122274112	1.54732435663146
-0.723719624988192	2.74824627653743
-0.501841255841836	1.56603181127931
-0.190606238329886	0.339247431576303
-0.805752946370618	1.58750667677101
0.145372068843359	0.212434846648643
-0.0962555341323779	0.130446296520123
-0.590578357168379	1.43800591663464
-0.705844351920251	1.42470245883394
-0.660002713016885	1.07248071589697
-0.492519978022618	0.698431251516259
0.241485272827558	0.2992934846731
-0.346314427109652	0.478148997441686
0.211454181704365	0.241198731639434
-0.277410277416581	0.341288975643773
0.0885397721200014	0.115523178975899
0.200822693179268	0.250664155790574
-0.00952786109628367	0.00987511633883228
-0.0892317385445726	0.109648359668887
0.120771461823883	0.124069446609637
-0.0303973417650855	0.030411311866558
-0.594892017524337	0.733749434354093
-0.182987406540717	0.154779792802519
-0.215459149904313	0.19864641756103
-0.323572788104105	0.331936877437505
-0.768439436826355	1.06164882413923
0.858927456332352	0.78728898479374
0.397265475485653	0.340778803813715
-0.674115524763562	0.533354892953401
0.292386779243274	0.22985594791143
-0.0674666400630255	0.0482472113588349
-1.23819186854747	1.88863738642405
0.138175643755859	0.119240185206168
0.00744216300554036	0.00681474986132657
-0.203498402830275	0.20060798855854
0.14901450574956	0.12949877622784
-0.488276994999776	0.509519643978166
-0.257803596776312	0.227383039385646
0.201447422529708	0.156913173846861
-0.545183838278523	0.490678970826359
-0.253657219532926	0.206702696040423
-0.368994794631834	0.318229811712879
-1.00461244049052	1.11523621456756
-0.0126762939958359	0.0095648881838395
-0.142821936206303	0.0970304708192556
-0.329939723367833	0.234068553503243
0.459226060939282	0.334209360431355
0.967311294150738	1.38787848412165
-0.0995277651312381	0.0704106306315041
0.644076754855956	0.681492009435349
-0.287169955688775	0.208680067485047
0.308301773282898	0.224053694856053
-0.0853568148145289	0.0600012143863175
1.08319255509731	1.2705518225921
-0.855690423307783	0.977702889289993
-0.2544263634721	0.22987245305828
-1.33778268437538	1.33623345494974
-0.259088593438838	0.211748155236112
0.137306726371227	0.123765031599056
-0.157925673559583	0.145503378874218
0.128613769801973	0.104888634394013
0.888777899945987	1.02730937198279
0.198424367522432	0.164252836797685
-0.404357550096118	0.434118784285745
-1.02540971025206	1.33836516686553
-0.158851461071299	0.122922022283206
0.0340365754575922	0.0239322696324366
-0.260102278138639	0.212734034340718
-0.0831609152729197	0.0660308916823788
0.810154242886658	0.978120110103113
-0.262504745957822	0.232290432618314
-1.34233336951807	1.88679214185168
-0.561845188983285	0.542336822693035
-0.13924059124215	0.0787685912133099
-0.207813226877644	0.133942614893948
0.364512067221296	0.184557292478092
0.142932088963123	0.0549627106668543
-0.639390048701578	0.378230436547799
-0.566320947888008	0.411629602508573
0.614974232172001	0.467667940310629
-0.318166922747001	0.190389693600641
2.75587458668905	3.0419837197914
0.197621915668043	0.136736399575565
0.167884576285318	0.089880897901968
-0.659663001284393	0.460532162918635
0.670428343231241	0.482269852148138
0.715224299836029	0.472772643071503
-0.393325967386356	0.222730369152008
1.08622882687446	0.667645803636473
1.11266496197234	0.852065042142605
0.402439831243901	0.182247027329972
-0.175061924835259	0.093765060741334
-0.131562015465613	0.0742526979844221
-1.08582868838506	0.741246638925865
0.181972494744973	0.119335900402302
-0.604624046603821	0.2901142271608
0.152535316970161	0.0518648992874702
0.436555183190359	0.333628413167547
0.0596121413914447	0.0350006293804631
0.0627110865058108	0.0388932825872173
0.485987710332512	0.334354336883313
0.0896890713437681	0.0781387686102261
0.514169375220724	0.464525457658735
0.183809762019122	0.126378367104323
-0.686515072178022	0.546328096830636
-0.0517877477145577	0.0226290348797637
-1.2183901089086	0.92172865087963
-0.910192271204974	0.664884810467188
-0.115093857546961	0.0797421507009982
0.963774062813219	0.956187420305956
1.37290034709219	1.27660059037
0.153177830051709	0.0665020105437734
0.69449160272101	0.325776198168538
-0.106562006199491	0.0626871779575663
-0.781170328839895	0.515800616043316
0.0329597065614946	0.0180731411454092
-0.786118923525928	0.428616616401926
-0.0244399410323254	0.0114797294596132
-0.457502373398807	0.30512139444165
1.25635904617729	0.87494486167539
1.54477128135773	1.33744326771727
-0.317567911689878	0.190097674153368
0.0748138937117099	0.0465321812829881
-0.303352328466683	0.139213671617103
-1.48890362539534	0.753622251788968
0.406377452037962	0.184222958311821
-0.486776473537787	0.25588967394822
-0.386101597786083	0.160565058083693
-0.221610087345526	0.143732188195336
0.156825069451733	0.0680466718392824
-0.175644315331952	0.116708892195931
0.459600118576349	0.185199398776746
-0.781976979680205	0.425433340251486
0.401075919885504	0.181703123588822
-0.29816052270885	0.13689177324061
0.0221412630807486	0.0123270864498642
-0.0898180491087147	0.0632748130150848
-0.325615425338321	0.258487100890134
-0.120027582029015	0.083369003327025
-0.527016196743955	0.43766273819796
0.705086826108371	0.621403205965963
0.181755900500403	0.112626338378492
-0.070494220861756	0.0428056745672008
0.332032455626577	0.202488920806602
-0.392074699832571	0.221613354888734
0.863126599920293	0.792133094107495
-0.448559825152512	0.298056575308634
-0.991582284407068	0.889200352580977
-0.278790138506887	0.201710274833616
0.17524913423693	0.101725710671417
-0.00230539322720286	0.00152905852597279
-0.555242110017564	0.533852522839603
0.0938834277328334	0.0642161725826625
-0.426504163514929	0.327361868991868
0.451633653248067	0.181704491616
0.908768379081494	0.491977442900966
-0.961288313724097	0.943189381649136
-0.212883410304397	0.137542422842726
0.0908203617669847	0.425003185985504
0.0613327223438589	0.201230164006733
0.172031869366192	0.549794258115128
-0.219072754974712	0.729109117304547
-0.281311935865642	0.896425425066484
-0.342579699892322	0.850759127347628
-0.108761244215047	0.211467732203881
0.212712242932509	0.527600072762565
-0.323336906309271	0.867203345806862
-0.331297251431444	0.92248358082814
-0.155780687825011	0.298489957606016
-0.943041333038257	4.3020706190269
-0.764276391550489	3.3681800745112
-0.539233060587561	1.22153952394821
-1.55308317421905	10.0812785882633
-1.32774499903857	6.98525726920413
-0.692958741762831	2.53678244685688
-0.220838083691723	0.41304363344323
-0.344937551529116	0.503386983864856
0.120653786342703	0.129582465008185
-0.517612951139029	0.965464485885141
-0.342775101556274	0.562889753155129
-0.0293718444723579	0.0269709358653437
-1.0851537449455	1.66993742472721
-0.465397436371405	0.513778247695086
-0.0908454963921438	0.0812053061123194
-0.0728779784852823	0.0711861983896372
0.19639591284812	0.224337347192799
-0.203269615921103	0.235533009289229
-0.510435806997548	0.739525814336996
0.0302663207626662	0.0329410152251875
-0.481715065428468	0.786048934437881
-0.349159002853327	0.457203226152326
-0.127952255766333	0.0997644301394599
0.275068282978304	0.278134180896759
-0.596689973359381	0.654201978513192
0.938707080776886	1.06066859031631
-0.449667106520583	0.299006144841375
0.208296344870219	0.188172846780875
-0.0144047051237654	0.0124007334041816
-0.140549693128853	0.151126735048016
0.354872661607424	0.35909902684251
-0.401326691733061	0.401872542477172
-0.5190542817055	0.508112649338205
-0.677204601643482	0.536516708801232
-0.700670523602939	0.666547274677233
-0.494140524318145	0.371529987480994
-0.707449438938134	0.76731671023316
0.577179986387562	0.576078826948961
-0.633883167533127	0.610683822518377
-0.360995341879697	0.309838435417625
-0.123871643749821	0.10745267947337
-0.325084336281348	0.257959190110682
-1.34150360012692	1.54113150702327
-0.647029123260343	0.705217339972281
-0.124212545280423	0.0864312229409806
0.521802559229508	0.452181467054777
-0.118995701234016	0.0825938716168655
0.494088496241771	0.459702164852511
-0.0519395149809873	0.0323808137302655
0.28300751308583	0.253198682100898
1.03894571331308	0.988346085607892
-0.237332344814925	0.174770036679944
-0.568628898323402	0.414401685014794
-0.293326047109989	0.236926325743251
1.03884229310027	0.988146388856115
-0.119843940630882	0.0832215856353717
1.40158445245189	1.08944164355584
0.453245219907166	0.182455376205941
-0.975143708565975	0.481983361314072
-0.346820783252297	0.0997890928773071
-1.02050867103886	0.404356899215527
0.626623085049018	0.479456779117825
0.820108311315059	0.345264097051974
-0.38923620221259	0.358027304027724
-0.382669797463601	0.263438015736992
0.0794661543853365	0.0518826628973194
-0.32707767142525	0.259834304344954
2.12110666399573	1.47985147764381
0.947560352748164	0.251716891447637
-1.13948670365002	0.344942610687521
-0.3201282095326	0.253136096152025
-0.332314854676653	0.23587036648941
-0.488397184970422	0.36614358054653
-0.442915726548134	0.407036873887987
0.20558375822138	0.154951752197844
-0.652047595191271	0.453701201235964
-0.568744949940433	0.414503128245244
-0.260634617976057	0.163008380376478
-0.913018497392407	0.668176194063784
-0.536218202119068	0.339518534985158
-0.143620932161538	0.0975915740857613
0.0286439769810766	0.0157902004916781
-0.638459610996122	0.377432548888694
-0.177782383878814	0.118233015155763
-0.329514907998123	0.233643863617599
0.177033218396191	0.102914348622027
-0.393305601436366	0.31064918167076
-0.393325967386356	0.222730369152008
0.48547304262153	0.333621093200487
0.192733854222801	0.144242634526994
-0.573790059457507	0.418626708839433
-1.0252558934426	0.816904586482605
2.40852389116015	2.06277821181807
0.760469484796981	0.841598979328842
-1.03869006692678	0.832829493265527
0.458714439267266	0.333854732369147
-0.104014900458303	0.06115080299455
-1.59942722919247	1.23052711840046
1.09120965405642	0.672029904450423
1.25580630673911	1.06950963945124
-0.572779050948598	0.418082218453537
-0.324048129852608	0.194510178062158
-0.319461841968068	0.225430694318628
0.335618493230234	0.20482775465449
-0.378739234229784	0.260237660908571
-0.089924131140392	0.0357342992772802
-1.44897770208777	1.30059886062992
-1.96317602087782	2.50504624340629
-0.139877608565787	0.0501352808411556
-1.44463104346014	1.29523222018375
-0.913284857962927	0.668548075354108
-0.139369757426473	0.0498863282239078
-0.0885852217584644	0.0352215356911798
-0.0514038689589946	0.0224695629468854
-0.0955198700078735	0.0560422982847799
-1.60380209963015	1.23762242181703
-0.392873220777312	0.222484756450171
-2.06564147994187	0.941075674107423
0.737638680157247	0.617081572589194
-0.324663233598616	0.22971815438983
0.397577411624804	0.341348889504966
0.62810521443914	0.591816263483687
0.331336222380821	0.202140773646982
0.716939438112398	0.474654038236637
0.181559088353126	0.105675052801823
-0.0591691663769915	0.0257625639736457
1.54906074152286	1.88579376862896
-0.306997847881457	0.141105580585831
-0.484342440585466	0.254295160997527
-0.0695705760714117	0.0497783058126217
0.405109378959646	0.183503178802181
0.310719644473001	0.214500821920412
-1.66886539884427	0.943258245536759
0.904585858052297	0.929194236449528
0.882708055776366	0.660403971271888
-0.592285191857859	0.283032783315107
0.503103171366959	0.319917356121842
-0.181471830253647	0.097355331571472
-0.122421842521639	0.0851168490536808
-0.0264749140527393	0.0124027629517653
-0.266903934019559	0.167387068476291
-0.0603480813327855	0.0262673122023595
-0.53444237346808	0.338192532927659
-0.0708988328973677	0.043055537414308
-0.924928950860232	0.679832985160934
0.0635239406714097	0.0394149973123014
-0.246854410164256	0.20022107748177
0.287968478385626	0.258493505584392
-0.127879608200374	0.0997359242853363
-1.41392283929046	1.70575479077881
0.15799685103168	0.0686303973754487
0.825762411823769	0.348140128156457
-0.0576521181088031	0.0251259576666894
0.166311360817904	0.0418484681801843
-0.0583016224956927	0.0253969252343214
0.697879958145419	0.327676983136305
1.0423751179533	0.395795368074734
-1.80197754639448	0.383903353697165
0.672620264139241	0.213408873137932
-0.916469622932071	0.671141327613182
-0.254501350263594	0.158695339415532
-0.783339390454584	0.517215788840184
0.150251518108603	0.0511196116992592
-0.141613477265566	0.0506925453352637
-1.00040168628537	0.900460977279391
-0.00566811507602506	0.00367337747121266
-0.532949422296886	0.337407490085203
-0.322489277355043	0.193509299426762
-0.205784529102816	0.154231641854624
-0.536654329124528	0.339822241154059
-0.377030640241358	0.295488399383194
0.0736491422488249	0.325150188387393
-0.0962472212233533	0.366287009550048
-0.109940570839841	0.338743229441425
-0.419712159055811	1.81613961724193
0.423673887118503	1.46913527703002
0.204917225455074	0.508971548536007
-0.00889582170171193	0.0163139412257071
-0.0987646140098898	0.18805962530328
-0.379571196533074	1.1905362321316
-0.329132673921969	0.75612737094751
-0.272699757777125	0.613281086007891
-0.869255085349101	3.17350155794459
-0.913609281813997	2.56725081269943
-0.979071232887352	3.84453918912996
-0.811648329456383	2.89903271015801
-0.415777147391212	1.11513531927385
-0.183628254807154	0.312659577846798
-0.0314349275542357	0.0285355043992807
0.497000917692406	0.68870532973248
-0.126819833501537	0.136410856149056
-0.175712964054679	0.209487280199606
0.208673122033813	0.218352824812904
-0.130545001480503	0.111468677558358
0.932131563072854	1.04989105998553
-0.068713435859281	0.0491629901704462
-0.0301525989295932	0.0280137598717576
-0.361040442921075	0.542359934081909
-0.580190740373232	0.942453328746324
-0.206535397613035	0.214101993245525
0.0175714520685026	0.0173351371830515
0.516708639843724	0.467276407466282
-0.519413990213101	0.578213100743762
1.57279968352341	2.60140810847519
0.805943661090145	0.643552901853096
-0.606258619497196	0.290838531634312
-0.372913782528621	0.350540545152499
0.163777995729787	0.165827151391343
0.0397532956158783	0.0346081220433332
-0.836313821479391	1.11305434521978
-0.723193140947429	0.961348649351999
0.0682108368853128	0.0533840551591894
-0.242448522323241	0.178983207132455
-0.193996857121584	0.165065933467353
-0.401505120379405	0.372418085100314
-0.390734127827824	0.220794343815038
0.804473897775405	0.765946444875156
0.0738826270275827	0.0459597671869977
-0.405237406544256	0.406966536975474
-0.244292664059764	0.180545906085732
-0.538176974776335	0.482268735209075
0.167696136863509	0.0898039836285678
-0.0609921393494646	0.0369804464358332
-0.342890259454196	0.098642118615141
-0.945444071386917	1.00220752648604
0.176748888506182	0.109464281624138
0.302159721223921	0.265374396275
-0.705592547934932	0.720102857898427
-0.406689205870311	0.378439022136973
-0.39440729935453	0.393248272511042
-1.42473535236164	1.51410004748007
0.0526545177109054	0.030908005021388
0.762910084031875	0.930972475430473
0.52919494058347	0.460241848151685
0.32287152761363	0.211000624380352
0.58096934562077	0.46589218012892
0.799316030660759	0.481439435042132
0.007757384145985	0.00529832730304697
0.0301208859531926	0.0165868425951178
0.365761776756049	0.185325043046891
1.32897960015307	0.581738526038412
-0.628347365301396	0.153568930486371
0.701603685949735	0.329454222622592
-1.26573615989055	0.569176208845945
-0.0191526246965738	0.00906300702903771
-0.0187155081040055	0.0119726186202386
-0.0199285451684048	0.009402948394281
-0.330250858576756	0.234182084802618
-0.0949189066169269	0.0376857428396181
-0.343557529393447	0.098858556674811
0.164083222967104	0.0489409806828746
-0.782603239966478	0.426479396469204
-0.231309451866008	0.191504407145801
-0.367648140171722	0.316869811848825
-0.912975244695406	0.668078351554453
-0.372163636962129	0.290917533573659
-0.214295623660532	0.0692156550779169
-0.628807341949763	0.15371861128279
-0.181736437677981	0.121070270076033
-0.321906467319939	0.227445482145029
-0.264406364006587	0.216835737102241
0.291836692675142	0.246489458606385
-0.075768880025642	0.0460561683412052
0.181070750783281	0.118690719886904
-0.581030876730254	0.59980028530365
-0.318803296639955	0.190908278841246
0.508003301905088	0.323670563515738
0.185661660582524	0.121902886105036
0.41706483298584	0.347312056048791
-0.641630482097987	0.380069566576095
0.328905431225627	0.200371189892596
-0.149219998109955	0.101656393001909
1.49111122392101	1.51217221780532
0.397966118148372	0.180143231410491
-1.03372596360212	0.827129627367908
0.153720406765919	0.0745390431026056
1.11389800442098	0.852815277735077
0.423459686079217	0.338204196002905
0.544942156070911	0.454598479328889
-2.24066518410413	1.88669053378837
-0.434220592432047	0.334739304050378
0.717759004081675	0.474696933906852
-0.455634442851308	0.303820369682155
-0.399302789425191	0.226580141883492
-0.0429786658131905	0.0267901174943589
-0.325824053446426	0.195749699018839
-0.0859727266486525	0.0342163932929792
0.162772361662218	0.0410490143575106
-0.0497525660171342	0.0217770794153662
-0.784448456184919	0.602319839446662
-0.782696515171193	0.600492703013929
-0.232498373348752	0.116161226241417
-0.416497831555425	0.355959985401715
0.00789238980574156	0.00405041560065401
-0.0174564985054582	0.00828735850032318
-0.065175015925267	0.0395381338776342
0.575728486841204	0.46037463900259
0.617189084061388	0.469952781493151
0.0713929591238272	0.0443619388853459
0.875647034820029	0.653712237028765
-0.890076215702555	0.740854650184257
0.319741406982558	0.221755350314566
0.484963998414124	0.333192118805166
-0.0899186950434909	0.0357593976749891
0.400639531299599	0.181254630717297
0.826252270975154	0.34827642903147
0.171079506816411	0.0992146037130292
-1.33709635606003	1.10694030245662
0.9409842572592	1.06467276963999
0.0729619542467123	0.0453760778570962
0.344578203482479	0.192805005883277
-0.780333953814589	0.59761867846597
0.920699047066615	0.804065465894192
-1.48688920399886	0.752482673124618
0.852899247965683	0.778849594800218
-0.093404961070133	0.0547781283226761
-0.693731309684938	0.702988358691923
-0.920867355275488	0.675831178237424
0.0412465406269088	0.0225943487870029
-1.978344756472	1.37955775089439
-0.494140524318145	0.371529987480994
0.61951966795593	0.472813154826251
-0.382669797463601	0.263438015736992
0.0690060544541933	0.0428850092747691
-0.146102634233277	0.0993643776448614
-0.776777436413361	0.512031228705886
-0.530054441420834	0.334833263702835
-1.33901110660375	1.33828094174288
0.424371584948484	0.33903558468125
-0.522813093720073	0.433400183835232
1.00285332265578	1.10613907350884
0.181134270326691	0.105411503757966
-0.981077619690576	0.486328958277092
1.33366758907542	0.584614927374746
-1.02050867103886	0.404356899215527
2.75446121880292	0.769079402442662
0.171207721440545	0.0429238305772998
0.158492163863484	0.0687839197118867
-1.51919018322957	0.542251856895701
1.06501836014668	0.515705414017663
-1.80197754639448	0.383903353697165
-0.627367542213354	0.153354696036073
1.90778482074319	1.65281818696757
0.16705309837256	0.0812226699176443
0.399300603945175	0.180806812694749
-0.528932651728303	0.334125766723923
-0.181610298656796	0.0973691843681726
-0.987493386439604	0.88363500358315
-1.14845775044342	0.999846305010367
-0.919083015062684	0.674179282744765
0.00315726360664408	0.0105851737133503
-0.0634289443996548	0.223275413813334
-0.0695615768605132	0.184424461668454
0.0678184189926388	0.145203280946711
0.0433447720542391	0.0868593684232328
0.379760328033081	1.46546779386444
-0.0454359247224715	0.0880288087682613
-0.0784720883150833	0.153107749937132
0.0074059836804652	0.011485943189754
-0.310378755876095	0.762048209256592
-0.652263061051527	2.1857945107665
-1.08349515288854	3.1889552732551
-1.16059561777518	5.42194845954062
-0.715362370075008	2.41401238291333
-0.613384545291808	1.79368886653138
-0.378402294201819	0.752263981703735
-0.0106162178389947	0.0100462514222169
0.386385784382156	0.52590036620604
-0.011333829201366	0.0107257109342372
0.41717855693351	0.57831230423191
0.919064594174519	1.2646319153312
-0.549706084243799	0.604872233186015
0.474755872504467	0.453406677062219
0.0401745094297147	0.0302069162492733
0.0337692613045096	0.0281421390929405
0.11256385612298	0.107606877141143
-0.252035717643369	0.33493052840814
-0.286253236112845	0.395378133456814
-0.129695745156649	0.141829603544009
0.194098204721472	0.207755835982755
-1.12254304032431	2.0523539717779
0.705301685498333	0.818489211737715
-0.220716708009235	0.199642307007241
-0.762982794356053	0.914786027757593
0.726126810285885	0.738485515556528
0.751177676970402	0.632418145359379
-0.837893985401984	1.00654977459615
-0.998139822120664	1.58881653282306
0.164886604389756	0.169925372201571
-0.0574511851541059	0.046705440154502
-0.534880782779403	0.626783221526511
-0.0182406916640138	0.0154258925763774
0.0775431358693926	0.0505988093231547
-0.536870289431477	0.559143880681663
-0.32035404348549	0.253418888736103
0.03930258098843	0.0215311456768672
0.317516249121201	0.206964349932203
-0.134383320218906	0.0758435756505037
-0.160339103187319	0.1367364403075
0.660322291483664	0.602078903409693
0.162265211641617	0.0868547923507601
-0.255851949665917	0.20875990215617
-0.0511832293944838	0.0223794806226057
-1.6349337138935	1.68022314256368
0.200443727921827	0.150619624773072
0.199284126901415	0.149679740823892
-0.0000720811190015081	0.000109554532939803
-0.686038687440025	0.691905463949619
0.484140078320589	0.332994713998494
0.161627494153465	0.0785569957021444
-0.124328667749419	0.0700005434765442
0.614167056309756	0.467577234181179
-0.0998072354090618	0.0585891935738186
1.13945828812297	1.16988182100549
-0.177017393428681	0.0948819540655912
0.764696120221534	0.754582882017415
-0.599349519704877	0.286975417875332
0.158051535276312	0.0536620083135667
0.147991992981596	0.0568516227579697
-1.51330481624892	0.539630991333106
-0.344210615318698	0.0990368506115311
0.609199215407257	0.320052752584361
1.57808823395021	0.786362994875191
0.448583897845084	0.324767356650677
-0.10124989129253	0.0594712724991793
-0.10650980780665	0.0838962744050602
-0.630138787221437	0.605978262826899
-0.386652228263059	0.160992302629669
-0.717682103574582	0.246297668028488
-0.389731666810382	0.162386064219105
-0.228632576073618	0.148717342907977
-1.02996099216057	0.82327311503492
-0.621806426877385	0.555415484298514
-0.394266410944386	0.223505242041157
-0.431688337398925	0.332396819029214
-0.37466639567442	0.293265508525912
0.0430899965814023	0.0236234467824678
-0.220049157199637	0.142588583383573
0.535801026182329	0.467608603805557
-1.02102093212403	0.811873412730022
0.175595693453209	0.101910285200057
-0.543760457463577	0.345573523083278
-0.545299927540236	0.490858713121195
0.583997627523747	0.468596861151828
-0.488880395231259	0.366552826998025
0.161072044076474	0.086257701927001
-0.221322025126962	0.143511599793249
-0.12528884842884	0.0705705058820744
0.511834263858041	0.326711766075671
-0.202563701089148	0.151507803420027
0.33135729292284	0.201713943416051
-0.919232743840441	0.674173674066794
-0.378246612607926	0.259829862146258
1.1143793262978	0.853059995456295
-0.0229702975312209	0.0107969061467963
0.519861512674295	0.332862293437984
-0.385774544085962	0.265950915034376
-2.78353877444712	1.88224969532604
0.560124755777473	0.327344181047536
-0.535000533386053	0.339070880977162
0.156835118177656	0.0532837121933901
-1.12471668334533	1.24075125017174
-0.142725053249377	0.0511106894746307
-1.50784313190491	1.69630788073974
-0.516726487620638	0.195487204534031
-1.66329411536468	2.07219992876849
0.31575705072616	0.230276751121461
1.06661075352435	0.516715981764856
0.183002702798451	0.113489826678482
0.456712409085268	0.331597669196096
-0.0266529070907252	0.0169840175714296
-0.0701276070894454	0.0425801381719311
0.314652981901463	0.217703734112573
0.743146318869063	0.623689833300427
0.803650165456037	0.641085806572659
0.178059223513005	0.110331468698135
-0.380867003966213	0.261707449887964
0.15002037757653	0.0650880238358636
0.0466112349977771	0.0273399384403232
1.57030373073065	0.781115955239476
-0.768587287399247	0.33465387569698
-0.16967681318933	0.112399062818553
-0.401109123923444	0.227677497507748
0.550815456149506	0.320939080940585
0.304218227923301	0.220575609428029
0.351549890855717	0.197345393950172
0.303280210061327	0.219777809625318
0.156326160781651	0.06788387440154
-0.527938640784186	0.333364023590136
0.488694470530749	0.336735385428142
1.56966915388926	0.780685397574885
0.485431441224275	0.333625895000472
-0.239648824324524	0.119955796707835
-1.4651639889303	1.01992646909636
-0.661891612210764	0.462882119727219
1.13407656808247	1.02915404297473
0.373795794511335	0.189905918184315
-0.102650446347205	0.0603291884210475
-0.789739385598624	0.431206446836504
-0.326934937132186	0.196599340460934
-1.44901881375973	1.30134451517804
0.314169856929409	0.217290970911722
0.182145442578836	0.106017340343819
-0.530406142373493	0.522469653871807
0.449864234404524	0.438100426430144
-0.774792163260739	0.724070675691858
0.96241386655105	0.656383158424768
0.160770338301963	0.0545730641617949
0.162400863971746	0.0409830958055786
-2.27630453478184	1.14897368796579
0.166264119494978	0.049533131724672
1.45514143110378	0.482646568994266
-0.517470812145273	0.195857600194182
2.7554263517449	0.769222911089782
-1.79835097978106	0.382953978270685
0.949511917528176	0.252227362219882
1.45575253921811	0.48289648887464
-0.175803038748429	0.0942209243993375
0.486894486695766	0.335300224482023
-0.302654775386195	0.139077492237227
0.362694011139307	0.183450993030483
-1.13948670365002	0.344942610687521
-0.234434407616528	0.117312786141982
-0.219736121975592	0.180596885103492
0.614016341540011	0.322604800013126
-0.374005759868573	0.292656217753685
-0.483612715838391	0.25345116145061
0.0818359256085337	0.390106617218838
0.0433891430520796	0.15345040004766
-0.00630277761694519	0.015015032707738
-0.0443818179982748	0.119234603064371
0.222693999201736	0.874576978977308
-0.0807138101313013	0.1928795800907
-0.111592000512219	0.279053973300736
-0.15510594845372	0.366463083967743
-0.3302076743172	1.00417132177963
-0.470356985199659	1.53016266667929
-0.355292625773548	0.799372966333131
-1.14332372019806	6.66084880393772
-0.185096939446933	0.392406070861571
-0.499758075240816	1.50393353831109
-0.275840229068496	0.593770887517404
-0.0118096422631907	0.0130101784570544
0.0738384262650494	0.0839552244336473
0.0329234479124445	0.0342789698068367
0.40840443165368	0.668960371228317
0.716657847231472	1.22478453060692
-0.253814998382554	0.293818544477417
0.523008061746868	0.561652222908357
0.867857086358589	1.2023527992199
0.076840756269006	0.0771990102004813
-0.169589985761618	0.203556762599634
-0.24729774547858	0.356353614128781
0.0400463151808978	0.0382958217119545
-0.138341721035908	0.1484359098648
-0.254296730022602	0.311286092998572
0.544711858315299	0.657743422773618
-0.114829947141746	0.111335593140839
-0.553887711588371	0.611066449978455
-0.184568507481621	0.123062371385532
0.42336060285047	0.338134768832915
-0.675802411166093	0.86248290593781
0.0544468203056388	0.0513004806639508
0.317590010475783	0.403453388406843
0.142653500247505	0.136947522592493
-0.704831161411235	0.805633555703161
-0.0461863946804424	0.0373298552963768
-0.403734370261777	0.342222880514267
0.191789773885233	0.158034389540959
-0.117818875946956	0.101768609329648
-0.335196605075998	0.267519050798935
0.187807138716087	0.14012021430913
-0.126203157071035	0.0982985185629736
0.0409682218821246	0.0298683635779232
0.851781028062244	1.00973641473423
-0.70179627737557	0.758830993372223
-1.66652425448681	0.940143965653645
-0.173976308078739	0.132069152340558
-0.365110418419978	0.366893524509487
-0.279188856009783	0.24981782169972
-0.634327446126282	0.649609607500485
0.201682681643945	0.151709575856715
0.00141220729561885	0.000840813271913648
-0.545306394286487	0.49073193209585
0.0334541015426881	0.0183477327009201
0.190145565360952	0.131165843584686
0.395380178699136	0.351932333232085
1.04006744473996	0.990801914955927
-0.779489722822848	0.597548886836275
0.0652248939479283	0.0404827802604659
0.17560188314436	0.0942560710849771
0.40851379679994	0.185236286273464
-0.300338448597807	0.137772275218941
-0.012711893420477	0.00614121037734731
0.511136186853645	0.326104432319127
-0.976101141403147	0.482953123075632
0.0036878205467199	0.0026106143561857
-0.0943042983485246	0.0665721077218594
-0.2429452669184	0.179433553067896
0.300651510298071	0.227773073282598
-0.234253342300271	0.117081845636392
-0.300672688912365	0.137932389561506
-0.217872511290274	0.141106839581903
-0.0713035430908982	0.0433035787055482
1.01148533760511	0.835813904608047
0.458849942075521	0.333590184268489
-1.14357774895051	0.993907174040677
0.0911580651221419	0.0622451540555698
-1.33874206443687	1.53608473193746
0.814133118891594	0.652587984436225
0.715792274449264	0.473933123521735
0.534110899662549	0.465864620906052
1.15430658553034	1.31561805716689
0.924246485574436	0.808416999296307
-0.320454550698695	0.192227508071784
0.797447634804141	0.757039596432285
-0.598833282326596	0.488270570395238
0.800355016311426	0.760934179996225
0.188532927382748	0.123939224034982
-0.776035542170022	0.836937840075865
-0.151113246556624	0.0540535832297715
-0.530379550674684	0.335476769661024
-0.485022438765654	0.254765349481524
-0.974027707007284	0.481188924144763
-0.640257341728492	0.378959750407256
0.417424085182089	0.332221326675597
0.48594031115019	0.334406348210333
0.154849822244799	0.06723980574998
-0.89208291020679	0.742687432678767
-2.99207335611682	4.17301976526065
0.0671006680233029	0.0416847006616518
-0.136081483369401	0.0768906548770904
0.796419609381476	0.633710811225489
0.42965687437259	0.344192332520714
0.583236430328456	0.468191356867446
0.0319252421809403	0.0175661477827721
0.557323463237886	0.571033075795981
-1.41516062813124	1.70967669248622
0.333805503182954	0.203747740837562
0.185665996321824	0.127762820707879
0.408733716388204	0.338914004182012
0.931821210498329	0.817279247142605
0.413716696439312	0.34388318635484
-0.487914699749065	0.256282904667548
-0.0612214772544309	0.0266406247154452
-0.0269270132583076	0.0126090685599935
0.503169079720164	0.451409983344253
-0.391219626815043	0.270223694309365
-0.53722648049988	0.340549161200883
0.57370981553901	0.57133272258512
-0.619957833905067	0.553308999875327
0.186402498202191	0.122439505635046
-0.612107043705742	0.544262505524151
-0.235684222738266	0.117930027313992
1.48739117669664	1.506119387204
1.40058872403092	1.08982637622444
-0.0235448027307039	0.0110697697688649
-0.54410810173686	0.345848764327825
-0.181758708676987	0.0975311410509048
-0.288372287285838	0.209626675683276
-0.922010414930617	0.677008824970177
-0.095105527668824	0.0557921440278131
-0.324458886839881	0.229498763744538
-1.98080481063467	1.38095604331025
-0.392076835969025	0.221667839941449
-0.440817958740262	0.340850018773411
-0.0751208269555609	0.0538932803438208
0.0560985596169685	0.0329314490797842
0.180837903369347	0.112133485224866
-1.1753872696098	1.20508276928494
-1.17527305550755	1.20476429955605
-0.78582499599863	0.675142741022818
0.158262181844057	0.0537278365600603
1.06826503890082	0.517787917995368
0.532475077834663	0.191482542601689
-1.79827400712943	0.382942964938875
-1.16275930294306	0.651260975396066
-0.212751382654507	0.068709601722853
-1.13482941234436	0.34340642829894
-0.712961923361336	0.244465863933162
-0.978453179463435	0.484425320262514
-1.1710953212194	1.19800429192104
0.00312447466156064	0.00169254946630982
-0.939651442324603	0.575850462067453
-1.42792990974509	1.51883236616164
-0.0890050684365485	0.0521465777799853
0.0272350609300243	0.0150079994576846
-0.216533977539409	0.140164482058252
0.00697677678946178	0.00358315385493964
-0.578363196293449	0.423325019418899
-0.208716063022978	0.134602189733628
0.0838926346717772	0.407945290863345
0.125172350552901	0.588198031157253
0.021336237768675	0.0636046515991012
-0.0790768982717054	0.254527925868588
-0.230279008224252	0.814483867810598
-0.359805239479989	1.45189108113095
-0.52418686595521	1.94133641326567
-0.511848001323523	1.95228710090219
-0.606771158835478	2.78572695464485
-0.713688202776424	3.04249679420624
-1.62981363271081	12.7569205045141
-0.721734683919004	2.97732522323956
-0.663661179262489	2.43750424072611
-0.33218902965939	0.738875204653762
0.0456043852525609	0.0566257475277511
-0.1572703349687	0.230928542660505
-0.0696000643375351	0.0769616755788022
0.115216887047989	0.154441648553398
0.171825412836181	0.195663168038157
-0.0176793012258575	0.01480737031199
-0.782719007268523	1.13564879773617
-0.321881509502708	0.367132282944581
-0.144612288419307	0.158238974730402
0.342590158514939	0.506251367373941
-0.21836146742087	0.269781733711634
-0.53072869019558	0.967944162866466
-0.100725319879596	0.10984679453914
0.595167306475635	0.95092140421999
0.196609718046188	0.24757836276605
0.101082237323452	0.0973862199625206
0.10294600964451	0.0942032714188159
1.00757604852678	1.62417093895966
0.370172593778327	0.440835909940585
0.760628386343861	1.03886999518138
0.477018384802621	0.456129245318691
-0.121848215286946	0.105547897492868
0.77829303338837	0.869552273644539
-0.109342545507066	0.10227897720337
0.326426223359767	0.348309834693101
-0.820145139265999	1.13206159086605
1.16927289670737	1.56760435662271
-0.0335201942384503	0.0213387886031602
0.21277486545663	0.182928200096769
-0.0773528767903751	0.0555524815500302
0.201862814745301	0.157277718508659
-0.363059521604614	0.388048040770362
-0.370592424370897	0.289338075935337
-0.405364228507318	0.406953493268671
-0.445721621185322	0.295862493907458
1.24418683203358	1.22311385824104
0.801586337048565	0.762458016772227
0.991336849430483	1.31117622725824
0.10480274140501	0.0747204532325332
1.14861339627736	1.18420257876912
1.40058951701276	1.08876302198353
1.03840647629717	0.988398556874523
0.556540827770155	0.325062318165904
0.166503953377541	0.0891125994887313
-0.142801753920347	0.0511111283728562
-0.943555193303621	0.578118575678873
0.510696743357949	0.325780925958653
-1.32954635720962	0.83589180377535
0.0893018489902903	0.060968988656636
-0.401845831602352	0.372629379009248
-0.332207857237726	0.235742222813879
0.623371201254113	0.676918610450707
-0.677156490059235	0.535975512425479
-0.270162423646635	0.19440987491939
0.0276554667150472	0.0152336830065268
-0.39036248239495	0.220682267394759
0.772807835029571	0.861085449826079
0.422796897066929	0.337562443908719
0.174757380128996	0.101556612760459
-0.670801247866195	0.470963871812809
-0.284039472093693	0.206048828417007
1.33300648117334	0.583999950109349
-0.788989266730076	0.52245349106228
-0.325187441439054	0.195373473324286
0.173849381503144	0.100966756670103
-0.427619708855664	0.32831289619796
-1.18452427560054	1.21851015403309
-0.66033754853357	0.461479689067435
0.164753567073303	0.0801394509749369
-0.177473423132131	0.118008313412689
-1.41820675545592	1.71461106030706
-0.327793307001456	0.197164513293802
0.697425280685058	0.61234958337829
-1.14029976557391	0.990506679601743
1.46790942357864	0.920489792523472
-0.217265978321305	0.14060188787575
-0.249314302012724	0.202568520395934
0.178896600972018	0.104105053513794
-0.591818533103782	0.480966874884823
0.188870809689713	0.130172510549221
-0.176387814064915	0.0945395916064732
-0.124272385490119	0.069989073603215
-0.324048129852608	0.194510178062158
-0.614047576102684	0.546290553569431
1.59091652244477	1.7323945211265
-0.489832762848315	0.445482710191246
0.167559068101547	0.0898370627536597
-0.310623813279072	0.142925574891105
0.847235283243078	0.893722303908802
0.162643206840373	0.0706202418764962
0.366241448531529	0.185594854023855
-0.784681263018172	0.518398362374127
1.41071884357194	1.10135978298118
-0.442884516898934	0.293556218290398
0.650572249748608	0.589695543124924
0.044764093131659	0.0262981270417903
0.89529002875582	1.03838404939739
0.18546047295463	0.121765023613084
0.405850355187221	0.183959584200087
-0.236513666553758	0.118242910967544
-0.390795706342651	0.162769933701532
0.0287153236394356	0.0158305297376509
-0.179113806692956	0.0960709354807917
-0.0683301844187519	0.04147937962863
0.0622146913294032	0.0385738066553274
0.723816014527586	0.480244425401553
0.654128438579397	0.466874127777209
0.175984488277173	0.0944897105341612
1.46452666371566	0.916776408680552
0.507701920429884	0.323663116478404
0.528037291229889	0.189817364251845
0.176793045611012	0.115570397122102
-0.494248855485009	0.260433290724002
-0.0579652315521374	0.0361552513227202
-0.264831764872295	0.165897355295788
-0.330017683521544	0.233978969535691
-0.393765318604916	0.223028523355736
-0.0674080715798998	0.0409072587696638
0.154345440736331	0.0669096570821695
0.186907007064346	0.139370563376158
-0.314194020465315	0.187864684246389
-0.949594897388229	0.583015028664877
-0.457383329986238	0.305188931159217
0.970172818742431	1.19277489741684
-0.044348830673914	0.0276503583233751
0.352949896151228	0.198488331301992
0.508698832021706	0.457950924349263
-0.180251328038217	0.119961417221693
0.325966308456119	0.19826170501204
0.796978199294623	0.634500550131632
-0.101462565243239	0.0402263455998725
0.967657014430984	0.661546581153582
-0.209713765221752	0.0677577928260471
-0.0975367921172222	0.0386896573988339
-0.528582159526355	0.439187487632064
-2.46848394005383	1.37538134380962
-0.687010429527334	0.546752361858018
0.00936665059177986	0.0350668540566825
-0.0613358391397923	0.240589531489351
-0.276681302528933	1.41837710728767
-0.229359831229383	0.795258555113708
-0.39812783576536	1.39445484931751
-0.425097563607486	1.2006203362861
-0.32905078764311	0.81714460138097
-0.738586462242371	3.0384465163996
-0.833534438466254	4.44098883028037
-0.868068887914338	5.04326254759931
-0.168851250632097	0.29098178911526
0.145346253249188	0.230667537541527
0.117426105000746	0.170380534038777
0.210059289151271	0.375598450080948
0.248661209885207	0.434563155725114
-0.135513585711387	0.162839596280825
0.444692569198788	0.669265938351207
-0.053128351066314	0.0566746728669239
-0.000991256937918349	0.000815942849175391
-0.257539278916275	0.26261070573838
0.018405822272977	0.0149071612161509
-0.304191195828717	0.288952412603199
-0.545830143129493	0.734761713301932
-0.268635906251881	0.27648624203881
0.137863508090117	0.158826540516069
0.684695682538129	1.05235862588291
0.392869846291098	0.510218598828452
-0.329499551633431	0.45469130648256
0.211789549642244	0.230166051123203
0.216492696529814	0.191662230984709
0.0606063048727006	0.0472310978438367
-0.0580136325596312	0.0422258561537414
0.300379268530065	0.237318788102867
0.596909310331117	0.578529380916831
0.215026108475553	0.20911704170239
-0.506291125757841	0.491569235432146
0.0499976736517816	0.029348648434309
-0.597629973999939	0.487237994889248
0.196705860796257	0.142017318291636
-0.280217422380257	0.202843204765496
0.0349400156010277	0.0192089844124763
0.182074602380362	0.119331675673327
-0.386187957504151	0.26627740722207
-0.269076719834161	0.168781890627697
-0.331109519849531	0.263660819211494
0.0286439769810766	0.0157902004916781
-1.72480644433011	2.23798701742041
1.08570968837078	0.667984627263412
-0.780035302840472	0.667614953362286
-0.237454041910544	0.174728543266621
0.315660231718938	0.230147669458937
0.0385260711614362	0.0211356595209029
0.908724629891497	0.935155715638569
0.171143180845344	0.0993428860484538
1.10057670220366	0.680816560767483
0.803687345888829	0.641248425174227
0.481860549899876	0.461834989723359
-0.177893840589508	0.149940759662079
0.849733493144733	0.897122104762939
1.87354595925675	2.46806023647548
0.378980716641212	0.357273556307442
-0.0760054715798382	0.0461804758108594
0.0526638107966527	0.0308997756191739
0.486366759343513	0.334764422964598
-0.333213060386856	0.236668322196664
-0.470872401041404	0.521895569811448
-0.398856463799954	0.226292424567622
0.867508615797307	0.645254166477561
0.756188168934485	0.742980602778278
0.553457334863196	0.463941149431012
0.164320248851422	0.0880546136972319
-0.13820927510853	0.049531032348743
0.517177862031434	0.330656644548629
-0.453091711803697	0.301505838263103
-0.483864871791417	0.254008244158298
0.184679041078884	0.114676319006539
0.00611403043734107	0.00317886969717876
1.40940325546432	1.09991330804307
0.0926044570007864	0.0633278501201108
0.167094958437279	0.0895726733226411
0.452455087578574	0.182067894264148
-0.0974046816067252	0.0571851148204536
-0.472458965620079	0.246943097623109
0.866072994887883	0.642968277259006
-0.957736074921777	0.590238819464115
-0.071018210689228	0.0431203476944686
0.118317315661179	0.0958787794203924
-0.330273150157564	0.234299201080131
-0.547668323014446	0.493508848707013
0.0277188261130518	0.0194786763438643
-1.05767048414958	1.10869208180969
0.900615738663385	0.486375910944395
-0.101812656997773	0.059836005360191
-0.182001040207687	0.0977113945189066
-0.567172007095721	0.412929590772188
-0.302654775386195	0.139077492237227
-0.51567358163342	0.194987355076319
-0.185941293044588	0.0998548280235095
0.803313017104442	0.484611292430086
0.0139250865817223	0.00698669519950752
-0.385431215257116	0.217690826146521
-0.268394758714213	0.16833145334633
-0.0920120072414227	0.0365206831931245
-1.482973693437	0.749174838653755
-0.780489815648186	0.515770626914019
-0.132032753677784	0.07449942489404
0.333373768985917	0.203448159594024
-0.089924131140392	0.0357342992772802
0.503848103713106	0.320494113877395
0.5632301344242	0.329459378709635
0.0129792202042269	0.00653914648002199
0.318272483427163	0.232409544112878
-0.946412562731098	0.580963702674417
-0.78161325520486	0.670225864095316
0.156217865065462	0.0599899472337467
-0.127835434117593	0.072090392689945
-0.455767028927151	0.303759011950177
-0.321376058493921	0.192552765387273
-0.446138829484111	0.296194010285449
-2.33238358316502	2.11758773707414
0.54678849190333	0.318157060952507
0.442725810204733	0.339378731020784
-1.70858166105568	1.4340068317114
-1.08893196304238	0.744514904624218
0.161672846499613	0.0785778537289039
-1.18666438617554	1.22204124125597
-0.453996212816037	0.302190504076733
-0.0573410903990978	0.0249844882546785
-0.387592496483647	0.219049811530776
0.368718123843426	0.186808772994455
0.162244414904995	0.0787823381540107
-1.82782505103096	1.14914032425744
0.860280409705016	0.78893939840094
-0.467691912526937	0.394555366858834
-0.493637195256245	0.259886204803583
0.154169004929053	0.0668513325863638
0.15768159620228	0.0765320711214618
-0.640338890597867	0.379063308608648
0.179466698945755	0.111215143926859
-0.394259341388564	0.164337716770981
-0.531762031673388	0.336511792852439
-0.145998884071788	0.0992869665781397
0.741518938166345	0.621768601994534
0.543822491205613	0.552567671516921
-0.183186318296962	0.0983396779950494
0.00167471478114189	0.00100735834566985
-0.287126605722585	0.230995224555039
-0.00274417812973069	0.00990255123524807
-0.14312721727783	0.706234812654633
-0.0303332584642915	0.0778406584279524
-0.515652530352618	2.67545760000899
-0.131639288504137	0.291210151406519
-0.394460175007586	1.14620456793041
-0.686441597155585	3.02914109736629
-1.18938474281779	7.01577416136063
-1.36669392710221	10.5191788699713
-0.864019522977173	3.46951553838001
0.0154282097105594	0.0244396951252557
-0.170511583075783	0.297456379288651
-0.366391886682089	0.756320866412503
0.0218542418201321	0.0261609928418223
-0.390702571590436	0.619535812402104
0.391481724886406	0.664387926858304
-0.537445901231697	0.930930830779735
-0.0156472073381857	0.0145886472550706
-0.0793247730613071	0.0857264546119436
-0.0157076728864789	0.0161275111979222
0.118656306823977	0.123583204388392
-0.151471041036628	0.153393679521161
0.204305119405251	0.23165369892475
0.283452941051259	0.281868554048062
-1.56677918676302	2.99019719327978
-0.496944331590578	0.582791299684022
0.141532265949661	0.119420957116858
0.482647826472887	0.535802310031219
0.21375732160611	0.203188422141034
-0.725101160926517	0.924097543685432
0.0164735353956877	0.0136876140094919
0.0860966648724143	0.0732352386044
-0.127985920464425	0.111320091322226
-0.711708484894301	0.817258783377448
0.403530590532885	0.347666688074591
-0.00902013818373548	0.0068205082960199
-0.00247720364862026	0.00185955921836223
-0.49028192150899	0.512308572512242
0.118300478074495	0.0878138904693786
0.046686640701965	0.0273825646809089
-0.268010468184023	0.238043399922355
-0.14943699838296	0.115033500528067
-1.34107635549135	1.54108119602967
-0.920477673313947	1.0366400180983
-0.537697485641921	0.340921804700896
-0.870102323848261	0.79867817575331
-0.231215909823876	0.115544901880927
-0.469482897419812	0.396438060888176
-0.177261733202385	0.117858508548587
0.460988356540918	0.335475979886537
-0.241669572074874	0.178376619551611
0.919382782049202	0.80229154189641
0.0281537903962699	0.0155223297142274
-0.517593898701433	0.427636649872756
0.801840688912156	0.868061875010002
0.442045581033262	0.338572668839394
0.0827489526268416	0.0540730441985745
0.176831689733291	0.109496825840785
-0.301846366859303	0.138478535749638
0.185293278708095	0.115026270776086
-0.171945354080569	0.0920464873060915
1.5413404147258	1.33181837526052
0.154498430134172	0.066995839288325
-1.22674527772757	0.930746567210034
-0.471283119940548	0.464103028210181
-0.179480415686328	0.136637343892203
0.63352818950365	0.598724167269548
-0.294485514811517	0.258659652920609
-0.462316515840963	0.388604926055602
-0.78444965351141	0.673268668898638
-0.461484538871295	0.388028314716007
-1.86101724312378	2.6332033502355
0.185982308038648	0.127987307392419
-0.523616288332576	0.434239942000659
-1.86349722741359	2.6385028360897
0.0544641369697197	0.0319599598032242
-0.150928959399658	0.102899134598966
-0.598136489931738	0.487757479069805
0.702775582599228	0.618248093883256
0.165756237597685	0.0888124562126327
0.556978740915041	0.467484602679863
-0.306328193798988	0.140651330026895
0.326423697220375	0.213683652622597
1.26395864210738	0.882863280076924
-0.892064350337003	0.74313931370552
0.0580076739303829	0.035981959677036
0.304099031286178	0.2307890355264
-1.1564894895206	0.645999644370316
-1.21294518216861	0.914389101894544
0.865471252401312	0.642992076463812
-0.217760293232053	0.141050958148429
1.39667096123747	1.08429064460468
-0.373498163322395	0.255910951068183
0.181983794738738	0.105932838806601
-0.561469266323001	0.407798336932073
0.202141150905124	0.152013132103271
0.0539730117423602	0.0316704806150575
0.209823101734907	0.174941919504251
0.200186171540194	0.155803728085194
-0.0955198700078735	0.0560422982847799
-0.973507913250205	0.480853849153146
-0.457078932061385	0.304796124779643
-0.147358676613362	0.0835166433150551
0.580117812517456	0.464771635919541
1.17516707908224	1.46922525702073
0.859453712015634	0.787944076068516
1.88763288076062	2.09983418843497
0.304647906944131	0.241271775575208
0.172396523924424	0.0924057828220838
-0.174931447771067	0.0937335226650603
0.177940395167654	0.103512849641712
-0.791845147792886	0.746277596792255
0.0402739423418641	0.0220849694199821
-0.638544470957305	0.377852872594379
0.00740742909478869	0.00379390374667557
-0.0553432222225321	0.0241274622394166
-0.220014803398102	0.142660311342511
0.0263298141919469	0.0145193809456433
-0.149372602717342	0.101781753893162
0.800922609772662	0.638613532041061
0.365070947677446	0.184643177108263
-0.400195791633213	0.227102642991736
-0.390795706342651	0.162769933701532
0.435252666945473	0.332345782889505
-0.0946405307108819	0.0555284625067824
-0.604096834414727	0.28983366111868
1.57983691528379	2.20039793652755
-0.0499647003777494	0.021861406209612
0.550849192473699	0.562137788099546
-0.218660501526542	0.141678611225827
-0.182195642197134	0.0977797391153247
0.289438340015589	0.227189607529625
-1.21556783987275	0.916801375537549
-0.181564554500669	0.0974724823430632
-0.020853971472153	0.00983491228963147
-0.596720961513624	0.285633666135419
-1.33505789625487	1.5299756924661
-0.378327156417301	0.259900509252992
0.809590939301854	0.489580371379757
0.00208571511547648	0.00156527317885399
-1.12220312161669	1.23655557479983
0.179289207758441	0.104226192210747
-0.174462618911124	0.115846120109613
0.178028643044491	0.0956425076137549
-0.593843043642421	0.483150689142589
-0.0769496770774117	0.0467787543261763
0.180752830078895	0.112117344068489
-0.588464619392574	0.477517988615719
0.394312138967358	0.178384170116492
-0.308375471980578	0.183895612023534
-0.943937815887112	0.578319227494592
-1.0903437593453	0.746222088144572
-0.599924554013208	0.287231213747786
0.0587515260277796	0.258382273815401
-0.0930058958964442	0.366676095584327
-0.0163971413815259	0.0403655947910672
-0.213599623203166	0.623006178915064
-0.229328560111554	0.630302639276298
0.0172241784465095	0.0322841586775173
-0.52276540302998	1.90080071440354
-1.10897734764162	7.50988260259857
-0.440709858466098	1.37742953172358
0.0106718241724857	0.0164939405681495
0.0597481116957696	0.0677021222909455
0.234223628520202	0.320501447183305
-0.212102465197314	0.307483007393311
-0.233086446171824	0.319487694034741
0.131110564888837	0.138049338800204
-0.0270013493556023	0.0229102844200348
0.151874726351982	0.138366022458781
0.0599557602167769	0.0529247180748468
-0.306576125103189	0.291656060322663
-0.467001703988908	0.495498119539161
-0.182389625737083	0.154098460536477
0.732888361977676	1.01335891758313
-0.170250087942021	0.158316372054638
0.103897408265712	0.100325354845187
-0.326321062102663	0.283625085540587
-0.256804393630178	0.160279822391507
-0.0444960172049224	0.0328360569920625
0.0847380289281259	0.0553787065851926
-0.961340398310939	0.942186442711584
-0.0683301844187519	0.04147937962863
-0.463990503184988	0.390635124626254
-0.281636790868366	0.204079988093239
-0.376453371237116	0.258271344397394
-0.871144381980681	0.800425479981762
-1.02656206332539	0.819449721456745
-0.788481907210322	0.606592796713064
0.610190683132521	0.32052365969058
-0.177017393428681	0.0948819540655912
-0.247265163763808	0.222330556571828
-0.0915973791921743	0.0536949363314347
-0.386404316735073	0.160785514924726
-0.642511009645934	0.380710730102905
-0.3875192389546	0.16125433231262
-0.433812603977276	0.334274108318889
-0.652047595191271	0.453701201235964
0.20528546936485	0.170664288852344
0.0556917668905293	0.0326763447144081
-0.00831947214870399	0.00536216776382549
1.88493657830344	2.0953643477236
-0.126505622787394	0.0713186500456579
0.553122510718668	0.322126918205852
-0.118539904646396	0.0822351234613435
0.330960551147076	0.201647237485564
-0.79389676169198	0.52718473229848
1.24921625185784	0.868824261805926
0.36823686728702	0.186529510396899
0.153165327433612	0.0520592080182968
-0.949471156028424	0.583963995224866
0.368617403357581	0.186740937183568
0.360584479251624	0.346306579065455
0.552555913901491	0.462763052385557
-0.231055066179222	0.191270972219192
-0.690766671600588	0.605158929064353
-0.0770759927412468	0.0468602225504886
-0.385035671554689	0.160184885638677
0.177542204118806	0.103110986922306
-0.871913751858331	0.800827687566964
-0.18309497837584	0.122019460656722
-0.144522314281038	0.0818540737357878
0.15551941191397	0.0754565893022232
0.0759209640023567	0.0495231853259151
-0.574417337573437	0.419786130246612
0.41392621090089	0.328827309809657
0.684299800053188	0.711238773889975
0.434921581365379	0.332132312066938
0.156495498716282	0.0678921116124394
-0.369018796012351	0.287880598052194
0.159997793929881	0.069437739112977
1.49111382567854	1.51358198411048
-0.262102167413174	0.164039157546639
1.66337843276398	1.57590136058154
-0.329072170611572	0.198053213813458
0.192383597056117	0.132853341417313
-0.176848388013373	0.134499050530608
-0.220833387337154	0.143184005978055
-0.0504442919763924	0.0220653569575298
0.714893721965769	0.473173458751918
-0.59882136533025	0.286684243260404
-0.00907358943685852	0.00445675690192027
-0.778303525966642	0.423116112567187
-0.303019148507012	0.139067962484686
-0.477921593973747	0.25020254695005
-0.0494852399470308	0.0216559558015761
-0.782635468524454	0.600390071195513
0.44449881680561	0.340876593649021
0.0725625381617218	0.045126537835629
0.171458165173781	0.10596129001994
0.0997288638545076	0.0683585308995417
0.309908707710325	0.225361809090488
0.556466085531131	0.467166108086042
0.165282299330217	0.0717826341685963
-0.373107725075433	0.291764050259886
0.579122034399006	0.463912582329137
-1.04692453306239	1.09200745392475
-0.632840338266825	0.373323340128172
0.403803597589437	0.182871776455535
-0.179696337324737	0.0963919207335044
-0.179666401920905	0.0963886797668443
-0.0963499139052147	0.0565173249080911
-0.488757393621715	0.444263779610592
0.174064224629379	0.107689412681361
0.00152007631408736	0.000908548754401652
-0.140219045929796	0.0502215736713448
-0.326068557020307	0.25872279940637
0.1854791494692	0.133102784353491
-0.91140414429983	0.665526541505266
-0.397280063476676	0.165682246530116
-0.59945222187591	0.489096796377015
0.0798851513228651	0.0521537923778382
-0.017010121302581	0.00808395991084176
0.158099028905263	0.0768284548958858
0.1813393282134	0.112380726513334
-0.454284126658571	0.302627144761878
0.804807310898481	0.76686708183358
0.582710431580582	0.467635544929083
0.332852008330072	0.202993908002637
0.720209620276523	0.730292615487936
-1.70694427083924	1.43020986975348
0.439737504180576	0.336679332369791
0.300841469559061	0.237770554132111
-1.01241986797375	1.12915792654255
1.53998565951032	1.33001250250007
0.538700355866227	0.470975128532057
0.9187768292416	0.800293264944159
-0.215174247485764	0.162067822188185
-0.133795961272307	0.0755670667686616
-0.482993361037167	0.253523060136524
0.686643055418411	0.321370073089044
-1.83965606112976	1.16111852730869
-4.40899032477432	2.24494467513014
-0.762422509833023	0.331150796142604
-0.0224172408036008	0.0812641687644027
-0.106525206834073	0.409010270197209
-0.219390301809438	0.669180359834427
-0.386323702662189	1.41727685302105
-0.328172080056943	1.09806491280473
-0.773068784104546	3.17833511483458
-1.36220330911458	9.90978688629296
-0.0762027472838293	0.139165686883627
0.00677872166128259	0.010914405840942
0.253869080768677	0.336465112501369
-0.139338015856602	0.159101375949539
-0.105403223591976	0.10144967209041
0.0616678375591744	0.0480998189211522
-0.435267131236733	0.483323381337609
-0.253972273602488	0.206981094145377
0.212954545560976	0.192908976489312
0.0856275141697614	0.0786944281147959
-0.265666815900138	0.166443568339225
-0.294768885668272	0.238281236248698
0.175111176930623	0.0940221356373072
0.793760443611093	0.630931395981105
0.904274381230676	0.92831461760887
-0.145838186369339	0.099218077272609
0.463967950984104	0.455946353342308
0.48095698591148	0.461042739093163
-1.19424628569869	1.38421267142886
-0.694605634660451	0.609611995999287
-0.260779097811728	0.16305092537848
-0.143990843085601	0.051506666380708
-0.567414804328909	0.413313800724946
-1.08797782087638	1.04698214284869
-0.0915289678860236	0.053654290613743
0.209313331382083	0.169219813479477
-0.239966831443145	0.176855777686501
-0.103117508178834	0.0606218409377499
-0.886780208018639	0.736547801736917
-0.183783619524202	0.098663040832752
1.45086090685868	0.481039409485759
-0.598032683841448	0.286535092952157
-0.47054879146084	0.397502123214896
-0.452959565334092	0.30164656411296
2.27319485171659	1.76341645301553
0.407133860987005	0.337209425392061
0.179000003625072	0.104140798760667
0.71730755848849	0.474288893612101
0.189050725520733	0.124242384203083
0.343660918811352	0.210485851965536
0.399053532185934	0.1806788196106
0.66999328440441	0.21269616854207
-1.02116299616938	0.404658802027825
1.07011816345358	0.518623420836751
-2.46527987368568	1.37276449553955
-0.785207107228149	0.60358727346979
0.314868132539944	0.229486066365854
0.162546261832453	0.0790300588736396
-2.06441503007623	0.940014395257253
-0.391256920929822	0.22121685740211
-0.177420747456417	0.0951315536458968
-0.605202274771672	0.290253199757841
-0.0212763978094403	0.0100179936621749
-0.325569194589873	0.230465250607945
-0.447169600192113	0.296760677793045
-0.255489184180362	0.208422872891957
-0.0504442919763924	0.0220653569575298
-0.533653710911118	0.338070443799945
-0.0776208905098441	0.0471881471253215
-0.455228955114306	0.381366266252013
0.458753952955216	0.333611712041851
-0.533856194325222	0.338090946950078
1.12999957347848	1.02468476015781
0.0504900342523642	0.0296385964285574
-1.33509019996641	1.10561380836874
0.511413700223652	0.326485193152141
-0.392536348866186	0.271239224795209
0.38412102451886	0.339711265212954
0.552256052964417	0.321506246093187
0.350374635664073	0.196719886590392
-0.602254227307889	0.288908174822681
-0.219615570186308	0.0709016531943509
-0.565348476847539	0.41128353825413
-0.945253259460891	0.580466162271138
0.461830384024737	0.336561175827784
-0.0575708093715053	0.0250933055011383
-1.81937129385307	0.742146991690708
-1.27708788883344	0.575900247837692
-0.0302674144063651	0.0141355620529752
0.155424106628429	0.0596436385997906
0.158759283748485	0.0769816372810777
0.330633061289509	0.20156500784608
0.963181319572587	0.657886394094024
1.46346282980804	0.916235740824979
0.974174425958487	0.667712875940981
0.178842898287981	0.104075350039002
-0.595956245304819	0.285189963589044
-0.130177036992517	0.0734626620002899
0.330093724935627	0.216434411438507
0.747743957405745	0.628511993419103
0.3366398569586	0.205674831854096
0.185261638364845	0.115006745385678
-0.40020641571142	0.227141910359665
-0.371598486165813	0.290128281492668
0.033258560395719	0.0182886137308666
0.176199823781386	0.102481243719505
-0.919711484459846	0.674589497613861
0.00229904321487509	0.00130980000372488
-0.382256999551467	0.263112999082037
0.347005095731082	0.194795300541068
-0.512353993368551	0.193709985793353
-0.394894642757648	0.22386821960101
-0.311564012801643	0.18612918302762
0.551685667120415	0.32159848174389
-0.0838284290891281	0.0333888456429802
-0.318905720768614	0.190976186205656
-0.917647353167522	0.672520241117688
-0.219615570186308	0.0709016531943509
0.18206599877844	0.112985696797324
0.0478326281411942	0.028093277044446
1.28110117852546	0.70857056130029
-0.425998530022556	0.326920929801962
0.177742241460438	0.110050355870103
0.164320248851422	0.0880546136972319
0.504652496840007	0.32108522352329
1.08819793172759	0.669639584168237
0.321164547106736	0.222729479034599
0.325081743822316	0.22593127502557
0.19916065205311	0.149531038446509
2.90996874477517	1.96867843422028
-0.284656125379138	0.206479983220793
-1.08486326518658	1.04244198985731
0.397510696978983	0.341330402112015
-0.539038501242957	0.341920996277963
-0.724527840719668	0.248940035798255
-0.723858427247846	0.248624788373591
-1.13461598703551	0.343230613786831
-0.9798255441896	0.485254683607556
-1.66903918107483	0.941755332620204
-0.0376230593464466	0.144768782490636
-0.104560766875699	0.399132770049087
-0.234325289836005	0.889530917025687
-0.302720180592635	1.1864263971132
-0.219846564471094	0.544560970599228
-0.972464147670047	7.34513795079807
-0.160543820143829	0.399959385657059
0.17610746390893	0.430447615715713
0.0777234759759932	0.141964916273348
-0.14756122453436	0.113421685346493
-0.657349918064623	0.758143090523222
-0.395749458398295	0.394907899827693
-0.242690451136996	0.231522148682816
-0.161485308889114	0.149191647786842
0.195673321899769	0.156880567325721
0.305465833871234	0.251219718384242
0.458335434091426	0.333410985027756
0.65138615036731	0.590848251552571
-0.0736963410300491	0.052845472098384
0.272524770579165	0.262383419962887
-0.782292515371661	0.670691890131068
0.169905105899281	0.0910528849787546
0.760222790096504	0.748897418751098
-0.025125184535158	0.0160095801722622
-0.0682393488234281	0.04142324522187
-0.53280024892867	0.337056280125108
-0.132466708196043	0.074789307980507
-1.09058806532157	1.04974040473505
0.158160079451321	0.0686934974370955
-0.299497782759967	0.137527913152917
-1.34350752116015	1.34565711547695
-0.572361651692878	0.41766712437062
-0.504372836364019	0.489106862967792
-0.464576917905778	0.492093107078686
-0.384873815034301	0.265239791127883
-1.09148383376734	1.05208153593424
0.0973396560244191	0.0666900434380188
-0.226389339963931	0.113011555668975
0.0805648975780678	0.0526106099647815
-0.385700464346051	0.265877421006837
2.27868691597888	1.76877021561918
-0.41879545324821	0.358473913120057
1.83236434117257	0.718638791439644
0.366720988334481	0.185844030741477
2.11822736872309	0.950292276417873
-1.01670064962607	0.402447644882223
-0.773456776134916	0.72260200321992
0.0107248055824006	0.0054258665634667
0.296647819886746	0.233783649241742
0.0375586885061025	0.0205832005254088
-0.342569521377039	0.0986187132378211
-0.0437688541353689	0.0272939926498151
-0.0941067654169633	0.0373762932959253
-1.23943248838382	1.15685941971628
-0.220273125496108	0.0711077393958585
-0.914794871838929	0.669826461311405
-0.191344147546374	0.127997685537789
0.0216975053336443	0.0146128552679354
-1.27095128753598	0.572333958218654
-0.277198160208626	0.200360412260491
0.535126459707973	0.466988428690746
0.168485039996273	0.0976708298238724
0.161376096176318	0.0783313031949474
0.336746787491356	0.205857522694884
0.157678875007606	0.0765623948797566
-0.444877388359127	0.295168086081124
-0.212590962102952	0.137313412930097
-0.120794233161989	0.0839342626172787
-1.08230339472365	0.738112430330346
-0.0474689185527438	0.020801063724695
1.24253422821382	1.3730331374832
0.611855330944299	0.321173543084509
0.619937869072307	0.472594318674733
-1.92911338500252	1.89516240354868
0.967819564538834	0.961576971023896
2.03360351606455	1.93395456040948
1.40403636312176	1.09435015011689
0.0751592373528132	0.0490110441062867
0.606563276304247	0.318348272613153
0.151078767063253	0.0513922453176723
0.167679655711552	0.042156489933972
0.16014111548401	0.0543685528719876
-0.0307253395188444	0.0143466915304541
-0.324269134065497	0.194786581971113
1.90778482074319	1.65281818696757
1.62733106490279	1.14401686368256
0.0517648824145065	0.0303684744442337
0.171621712456171	0.0996438010522074
-0.131481325440761	0.074219817563276
0.194109680506388	0.145402621275052
-1.48831337120383	0.753191981881496
0.733967108973939	0.612938903326382
1.24782383100004	1.06000418211604
-0.0986350831461871	0.0579295139320112
-0.0420399751275959	0.026217916389515
0.167121308561088	0.0895854209266496
-0.390129115227146	0.162381960557114
-0.378664082780691	0.260183288569495
-0.791299811299983	0.525161644088258
0.516021053451024	0.329822483304328
0.191516455466319	0.14320449659872
-0.0155338950237428	0.00739336742376808
-0.66785704437088	0.467835582979904
-0.177586788968125	0.1180697436281
-0.17995057513665	0.0965416445026963
-0.392307026699841	0.222167443957771
-0.387216962448202	0.161086074632708
0.032190229056031	0.0176902617561785
0.450669254708217	0.18134583956387
-0.571605123251562	0.417125523565284
-0.777464355658457	0.422594045993416
0.567570836132236	0.332589864030518
-0.326934937132186	0.196599340460934
0.316210674218964	0.206047536207056
0.611697665145474	0.320955146651057
-0.129754399608136	0.0731705684484143
-0.89408164771126	0.745519524947969
-1.08887035603255	1.04754965655071
0.66712809360432	0.479134821109612
0.467138663001577	0.341079610528771
-0.592725025491859	0.481968533413783
-0.262928239283145	0.16461956433283
0.813872793994314	0.778316526885308
-0.00969217055240251	0.00621113976748855
-0.64201643202429	0.379732258365476
-1.13129699285405	0.342278739405472
-0.213738252450098	0.0690360303962773
-0.72013323546054	0.247288973526613
-1.02116299616938	0.404658802027825
-1.79835097978106	0.382953978270685
0.172917512903534	0.0432756679491339
-0.628807341949763	0.15371861128279
-0.516096514132394	0.19525236723075
-0.307500477547464	0.141346777818478
0.00699859466974655	0.0229667909146547
-0.246843766963797	1.22948784120162
-0.242256551908353	0.885513276195142
-0.308152480163401	0.979427840974367
-0.889436330333824	6.21029916260751
-0.708910468156815	0.769636828077493
0.0104382268866624	0.00707635008472735
-0.598027869161635	0.487431842440529
-0.148796997934503	0.128638232137514
-0.391159627692534	0.416146763192461
-1.02113124281466	1.14303584987767
-0.058155049502929	0.0481056474699931
-0.319936718744941	0.191606791239387
-0.213291988070411	0.137826980464063
-0.380450763328392	0.261648359648234
0.0505575631194983	0.0296303398280461
-1.08923905997981	1.04876394969233
-0.201385638670083	0.168125427209771
-0.914483196150197	0.668619185868513
-0.184273413956933	0.122853960321905
-0.92571657490704	1.04492432133367
-0.316405230396346	0.189372216367074
-0.0522708398575307	0.0228284059721649
-0.488479372515624	0.443931012388395
0.454204940217567	0.182916641096981
-0.975143708565975	0.481983361314072
-0.0188680761596584	0.00893907126496667
0.861534818025104	0.790626351669582
0.961540322711081	0.655195360016298
-0.263087704765755	0.164588444328044
-0.0449902813270094	0.0280176972823212
-0.00490836945047208	0.00318853276240075
-0.781012570414543	0.669297705019229
-1.41921099329334	1.50415356133201
-0.176834296236975	0.0947471984303428
0.424131609158601	0.338905045865213
-1.32445681865346	0.83101837604675
0.486414249789603	0.334774716765733
0.87934656558488	0.65703779864202
0.546812819775168	0.317802291541458
0.72219284141185	0.479311965454059
2.74337608772858	1.68031778052679
-0.629267545839357	0.153771215183604
-0.3889226342207	0.161993965051073
-2.06531862965062	0.940618742098066
-0.625085285037476	0.599483658102737
0.056138049191471	0.0329475888151176
0.17497122066185	0.114368074416144
-0.515260306744374	0.194916268075376
-0.609652629177743	0.292817973566139
-0.695128721335855	0.610109150583238
-1.83092792552873	1.15332146453246
-1.22278995357276	0.925787907532783
-0.183124886929138	0.0982673474987364
0.5561954050332	0.324498779919158
-0.0959113364427587	0.0380605903701522
-0.403567335239476	0.229295294883977
-0.943227574247749	0.578686523924447
0.193073834627178	0.133349340725582
0.300266777757742	0.237186461915124
0.00944841096554458	0.00641165650233899
0.740606463173561	0.620781221791178
-0.781606253425508	0.425781410351007
0.161546088205671	0.0482379354240544
-1.24215537233215	1.16101556633066
-0.562943209577913	0.408923738806472
1.09152781363413	0.672772755340209
0.693536962827012	0.325233315150481
-0.948914619055657	0.583012279916374
-0.767745962903748	0.334153736517496
1.0908183808553	0.673003179944349
0.345106152124818	0.193438997157796
-0.487252558006022	0.256166167393449
0.0500098167753906	0.0293343766778966
0.150447848737376	0.0511729703307111
0.16014111548401	0.0543685528719876
0.158759283748485	0.0769816372810777
0.607520523409331	0.318668285075405
0.90766607456332	0.491595600835988
-0.599637409626921	0.287138428430173
0.515581986134085	0.329481962825548
-0.0933195400837994	0.0370288533821089
-0.721072169669292	0.247553433626533
0.155846546513865	0.059824112236972
-0.645607310235306	0.38272906857119
-0.778040782522458	0.596068689167566
0.674406994924976	0.214010177433492
0.911067202531472	0.938245656754576
-0.308597291321994	0.141960849150251
0.0303757276578923	0.0167063624153509
0.174152224816334	0.113732796805758
1.39753333502334	1.08548822825127
-0.142801753920347	0.0511111283728562
0.158295623965939	0.0537437342857409
0.660849737198919	0.472919690984163
-0.240206546293214	0.120363838326005
1.26347855274153	0.882474759542907
-1.09127127265181	0.747483223335399
-0.294515898872298	0.135012264781216
-0.301315288469323	0.13842844199086
-0.603764154958085	0.28979646944041
0.165188255463637	0.0883689075901263
-0.571476478810885	0.41682048618395
-0.0893957968567151	0.0355291798553639
-0.938148503098556	0.57396602664522
0.159569841409827	0.077408877593196
0.699684879401934	0.328459546665053
0.158189710937977	0.0768101097617266
-0.507149833696016	0.191506415182718
-0.313384903685777	0.144319987587513
-0.790558636044375	0.524184067499355
-0.787621167510624	0.429522356652288
0.794460954706925	0.477355636868186
0.610521954701164	0.320198521980794
0.396105493619622	0.179205886798836
-0.648245038331216	0.384339584208975
1.06501836014668	0.515705414017663
0.963740855492133	0.657690038069609
0.693668514864974	0.607628491919341
0.188288157190088	0.117039692987913
0.533566787823661	0.191896078067119
1.96528031808651	1.23100018711275
-0.265648295655087	0.166515674966787
-0.237997118059901	0.119247896195905
-0.605441271100967	0.290520234541977
-2.4334721415538	2.38167181937636
-1.13069021608626	0.34196481134975
1.95791760701363	0.441280139896969
1.04480696921869	0.396726217486042
1.82923234120697	0.717272154981968
-1.80197754639448	0.383903353697165
-3.08255415585823	0.963691003677911
-1.02937273979507	0.408458457605582
0.0251060534385577	0.0932336453174694
-0.1114175668724	0.48306478532243
-0.423390173713635	2.24570511315933
-0.534002389051616	3.51925142615054
-0.406243653022833	0.377908272217597
0.510435277885575	0.460071698934002
-0.519294617366806	0.508355659375689
0.910507496130905	1.4154514373432
-0.351477460557857	0.422211824350458
0.319973702441452	0.347305093127715
0.145685986844369	0.152598537580778
-0.229728419616373	0.189966719130953
-0.644771191686282	0.701773279106265
0.802140665072448	0.867773963289583
-0.486565050064821	0.255503398290211
-0.023096665017048	0.0108642522561114
-0.257555068504782	0.160860717962018
-0.369063388781197	0.318277670251215
-0.416344664860151	0.355724314237019
-0.980595112823758	1.23310652284829
-0.901188185677256	1.13620736637952
-0.328202111972006	0.260912701940036
-0.103390924355408	0.0607632434532776
-0.378605814815245	0.296941138553669
-1.72032598757165	1.45019366299719
-1.31649808013707	0.823221348248932
-1.32927168833511	0.835208422921006
-0.235780090871644	0.173455208704837
-0.329760903870867	0.262390057687183
-0.293803367064945	0.237116668206619
0.402627112890203	0.346727228614188
-0.585370493766195	0.605828457409824
-0.605650677088595	0.53658150608848
-0.275861584682909	0.19924831581247
0.0130900727259791	0.00659688855934348
-0.314622411130952	0.188154992020843
2.32470710673373	3.43239384404457
-1.03776752597701	0.831962732027812
-0.017091761774903	0.00813166324118599
1.78166830275966	0.997077669866406
0.166115371422727	0.0494833604091499
0.669336367317634	0.21240221601861
1.33300648117334	0.583999950109349
-0.59432759861124	0.284251161971714
0.0700761283987872	0.0435174587087468
0.431575638580915	0.32889091353665
-0.827599724891671	1.0432775039503
-1.66390203870475	0.938222597435648
-0.143905854186937	0.0515385054799117
-0.432197087034436	0.332841838790279
0.00341186388323963	0.0025819249256737
-0.415076430062366	0.35440562720359
-1.44365350662575	1.29322096813738
0.495962433423068	0.342564856891683
-0.132777747123361	0.0749487213406456
-0.264439456065507	0.216811993843702
-0.0646069981150764	0.0391809383891383
-0.175367185081727	0.0939798914202298
-1.00171926064663	0.901959769357234
-0.224243170963647	0.184750416610148
-1.08797782087638	1.04698214284869
-0.666783404323684	0.467404506335365
-0.327378662076303	0.231898379992029
-0.951150852862146	0.584979431911074
-0.256587025507117	0.160195970383509
-2.06376292263444	0.939652168969582
0.0632084467700232	0.0392097878713616
-0.725867563551232	0.249367253578496
-0.18957070148335	0.101938538570412
0.347690733863328	0.195080516830177
1.10728659943053	0.686235015482725
0.368052086359584	0.186604870996317
-0.0175357631446226	0.00833471318944223
-0.102563647919517	0.0602721131054337
0.346745367152083	0.194161407466115
-0.0188778422824301	0.0120618010495683
-2.22537973586322	1.86157114643448
1.25035174150106	0.8686589194716
-0.39682782969556	0.224890571815497
0.739821736276011	0.619674055392371
-0.322665254544135	0.193432405599715
0.365761776756049	0.185325043046891
-0.57898423729521	0.42367528697477
-1.33228738988327	1.10174553130808
-1.51819793872521	0.541803713077291
-0.143629596355123	0.0513929708746564
-0.392890645811615	0.163726265183229
-0.0942117565181441	0.055257487777862
-0.314728988516801	0.144963998413547
0.406904392046301	0.184465425662432
-0.393144380405344	0.16382418057789
-0.144199529718181	0.0816565146731521
-1.60163889357695	1.23291736465336
0.406099451568918	0.184038028610054
-0.0161965992832469	0.0077253098266236
-0.0949462352881113	0.0376489677831944
1.0690142910559	0.518371700421409
0.0543766064660785	0.0319232965865986
-1.47038286353565	1.02656135641584
1.89221425228541	2.10784659613595
1.25778935773039	0.876199384579027
-0.597298018480201	0.285831906464435
-0.397274958385609	0.225171132579575
-1.81531143656286	0.739856402475655
0.371303512409631	0.188289572953723
0.0317705168722146	0.0174636281725787
1.46426218323308	0.917041318765298
-0.601512099677528	0.28810721110832
1.36824805251917	1.26881571833548
-1.82445347427367	0.744643935357567
-0.103506462110196	0.0410317018652577
-0.719862779167192	0.247072455212921
-0.53472584583608	0.338814323781875
-0.322004832380016	0.193204164827929
1.25135740910884	1.23556143666592
-0.259874615250869	0.162480568885803
-1.54613246994867	1.49468188654911
-0.53472584583608	0.338814323781875
-0.793631530428319	0.612319058451894
1.03984272433899	0.394547494768611
0.513212048956573	0.327898971811125
0.337647809941609	0.206434634835738
0.868743202594458	0.645780722664771
0.458026959352481	0.448489080042793
-1.26800871171965	1.38268920148347
0.29846409546667	0.253209003099856
-0.093399335815397	0.054782962415251
-0.978712787673042	0.484484813219758
-0.786570531945675	0.429262106846232
-0.215417270113509	0.0695361432210389
2.3634923309759	1.18652880565222
-1.13521969998424	0.343544374381215
-0.725462519324565	0.249202983263282
-0.048091046422778	0.202593297619046
-0.156934870098854	0.756611603139619
-0.224314208629837	1.15756115444816
-0.775028785599247	1.1618433228883
-0.360621833613423	0.361223943161609
-0.173826187331304	0.176416353971822
0.496458006709685	0.79301682558248
0.166567961742996	0.171946724244089
-0.556900327729241	0.713482553272939
0.371354259516157	0.359100760630091
-0.626377403519616	0.601157038267232
-0.29309342926595	0.25718688694215
-0.394760478149942	0.223340365370054
-0.223907226895352	0.145384677085442
0.619097336583945	0.472396894430991
-0.845420101284175	0.96150667747098
-0.0534187441892026	0.0388288519766614
-0.380300868687649	0.298567298649053
0.0865717513382341	0.0566543378979373
0.562179928669976	0.473079955755985
0.13080795678092	0.103952139254249
-0.215626826601754	0.139544603832486
0.729051371969916	0.484846712815997
-1.14250778792455	0.993847153592109
0.590039080937297	0.475254325231636
-0.433824681453499	0.334286643537057
0.209204819984232	0.169124477866991
0.309036925075473	0.245229319726256
-0.776606278191626	0.727043387687977
-0.038355565608051	0.0239222880079533
-1.33768037599687	1.53477501893982
-0.115392779217578	0.0799367756633305
-0.239036909562261	0.17617606294814
-0.380045861648182	0.298123712355707
0.394312138967358	0.178384170116492
-0.0609265939871032	0.0265165712330579
0.148000630900543	0.0718196763728947
1.77838344103874	1.3963790551884
1.12584826301032	1.01816151587738
1.17496512969807	1.68583189006899
0.299644166907104	0.226920673328761
0.200303664536456	0.155904329614952
-0.296265849158465	0.239640979630361
-2.86262652628566	3.69296408268516
-0.715473669857006	0.946270022522207
-0.60491353971316	0.290239302747195
-0.136680094434177	0.0772150175645956
-0.180218575850346	0.0967113041391035
0.961812406232514	0.95250312579395
0.165612183318889	0.0805644974494916
-0.390286637919128	0.162633263694202
0.168841975228608	0.0905584596894347
-0.234012769453263	0.117144980773695
0.00789238980574156	0.00405041560065401
0.344745253901612	0.193123666127707
-0.317139072152099	0.189785038495953
-0.486086372536107	0.255175134084633
0.196715848253845	0.136061192477846
-0.39354430467015	0.222967093966189
0.0578710159445631	0.0339372290092064
0.725650939654099	0.482413505943157
0.700000373875591	0.328648154888862
-1.42624365851358	1.51714404214712
0.535334953780092	0.192566688642047
0.149050405593914	0.064717124903211
-0.475620055913356	0.248893729211664
-0.485534393556756	0.254603559821796
0.524665193531613	0.455529282158694
-0.428961890297641	0.32977212194372
-0.0930539441493821	0.0369718407357095
-0.0536160207267586	0.0233999342599115
-1.23969931937572	1.15581313296379
-0.230342780543764	0.1150904985085
-0.238828476879544	0.119616385824184
0.168024389644932	0.0900895685471594
-0.595883746519123	0.485397591407768
0.968982366483234	0.662679185483711
-0.0595723909838642	0.0259378983137851
-0.124653283284979	0.0702248473507346
0.169628986070269	0.0504635339197501
-0.539552838385905	0.342581329182014
-0.640166096201214	0.378413723356197
-0.787495698803049	0.521889243903523
-0.524221021940353	0.198635348498468
-0.224555003959051	0.112020439329299
1.43299277813845	1.80234857866548
0.512731452606915	0.327451721711635
-0.785472914562132	0.51986338106667
-0.310623813279072	0.142925574891105
-0.179046194054153	0.0959838949086663
-0.384733237561681	0.159968964448854
0.00494277679160172	0.00258272010339697
-0.483226370245021	0.253293375891541
-0.0575708093715053	0.0250933055011383
-0.393179675333104	0.222719343041786
0.694177179136852	0.32552965673473
-0.022286865459784	0.0104935642390782
-0.16961963111031	0.0906682278733299
0.720792194329623	0.477578119607943
0.184102452290269	0.120835557470683
-0.53472584583608	0.338814323781875
0.0570526596690173	0.033461402492246
-0.592826257623845	0.482113391837151
0.480885975774013	0.329875255111168
-0.313505026850554	0.187279990113172
-0.441742551990157	0.292487363724363
-0.172305242943587	0.114276985111419
0.312380530836086	0.215956280386309
-1.72471483226694	1.88347012774141
-0.487856712542027	0.365284969843143
-0.2158114783221	0.0696872968087198
1.07186940551221	0.519676007812055
-3.75875127852753	1.48993252551164
0.449554137900589	0.180977843806072
-0.525710790907429	0.199241087661846
-0.982817180396721	0.877104722286965
-0.977897456948131	0.484018053401845
0.0213966945022327	0.08347762157553
0.169365944758846	0.947386505986882
-0.438805325802335	0.720933563980225
-0.350493885792365	0.521452148289484
-0.773923657781659	0.981479331625521
-0.448414663183551	0.469994374438596
-0.82444921741756	1.08986022664904
0.0335782338757877	0.0184432769966521
-0.271019887565814	0.241143085734176
-0.0940286355403805	0.0663567081647732
-0.218952215244849	0.141828742930051
-0.692107611628398	0.606531849617213
-0.040741181081484	0.0254099415379283
-0.679851459833991	0.539051830298957
0.484992792759075	0.333640779534044
-0.380941747648665	0.262054900653933
0.332464469942719	0.202803910363117
0.963676000620856	0.657560967601122
-0.077319537971548	0.0624472503629932
0.425836876520481	0.4477684945032
-0.604614362834871	0.779920909587603
-0.684308045916531	0.54391195380516
-0.453382322731703	0.301990793690024
0.666650876731505	0.478755959159006
0.00353532483996767	0.00194850547346041
-0.787657771654222	0.677386799856453
0.172854949106455	0.0927153274926261
0.166143083876454	0.0962082951105789
-0.130708911670079	0.07373197046619
-0.42214194388137	0.361933189494355
-0.525162140998824	0.435591977507141
-0.0391450520451413	0.0244109143854175
0.398413095552732	0.342257140684132
-0.299380512382239	0.26386501827884
-0.218760842059241	0.197634277594142
0.276514578461497	0.273646985000086
-0.676738097162594	0.536093724176503
0.0900004108392489	0.0614748536441807
-0.519798775754404	0.430204140306434
-0.391906832306042	0.270822461233884
-0.265031237008731	0.272006595126739
-0.161375029305436	0.125059704263642
-0.623362083982015	0.597275268511243
-0.336733957745538	0.239593662850624
-0.229062575526262	0.114480266258657
-1.02979915356097	0.408598197823507
-0.601179956528871	0.288297058653121
1.06743895078098	0.51663034960998
-1.16275930294306	0.651260975396066
0.155372593274282	0.0528040448022981
1.08921197351357	0.67048990728837
-0.149561574416289	0.0535072668430751
-1.17110514048924	0.657767722652063
-0.0906714963730047	0.0359952486013395
0.158887783595564	0.0539342798454794
-0.298343890309942	0.136842583214664
0.823963619440764	0.346972500738107
0.619283444907992	0.32595117959353
1.04144562491045	0.395430985542635
0.962745065385495	0.657372861556766
-0.759482804847398	0.329839085322315
0.333594156649927	0.203292235313229
1.33681578405904	0.586406825513233
-0.381211339961316	0.261984848540988
-0.395325910484107	0.164719249144553
0.153717614241723	0.137218570783719
-0.396574080573646	0.36659710591156
-0.85944698324573	0.856179885027157
-0.853969282236037	0.913780870279509
0.340953577851085	0.208770228324809
0.0334541015426881	0.0183477327009201
-3.76483600367473	1.49283486890462
-0.0944152775936752	0.0374478151240738
-0.445844210332777	0.295724600161404
0.450442155521912	0.181256071663712
-1.13721687545389	0.986483008758367
-1.13582369620544	0.343734699942405
1.57954391882248	0.787716824587837
-0.596986385731823	0.286006259360821
0.82490709530499	0.347736304875159
0.150388972858266	0.065311350186532
-1.27458834884304	0.574392686547494
1.28661288973764	0.712229706276795
1.06736385935174	0.517247591338113
1.03702441124382	0.393355390405294
1.33238436977426	0.583835036782427
-0.383796496945335	0.159578474679445
0.829163317967424	0.349753041955828
0.797694462874999	0.480825576742876
-0.716074907122798	0.245725534591538
0.455025575438864	0.183293312831413
-2.46991558568821	1.3764711876751
-2.577202278156	0.663064687208724
-0.973767980367191	0.481140008201024
-1.16795260168842	0.655693542115984
0.797507441355336	0.480144706249764
-0.975143708565975	0.481983361314072
0.16014111548401	0.0543685528719876
-0.6469473773646	0.383659402745279
-0.143083504265613	0.0512551019499494
0.148551241333892	0.0570670819556719
-0.141974700101701	0.0508226116299135
0.963561704630021	0.658298952747263
0.0902167259330664	0.0616115006749458
1.62944374453651	1.14598796292699
1.25700934915006	0.876631542644217
-1.97546984563138	1.37391398334647
-0.388128735554548	0.219265100417952
-0.917846787716281	0.672847624359092
-0.316789260382046	0.189670857201291
0.925055693921369	0.808770913036813
-0.516446637493903	0.504778382957203
-0.548256361119504	0.673373747115391
-0.693776170083682	0.608246305223688
-0.681232660486307	0.54073385256351
-0.650978551680051	0.386665067164542
0.171699927506775	0.0997256235799647
-0.455701248727264	0.303854368449614
0.321123796576023	0.209616631414299
0.445257973130359	0.341755252332027
-0.259453337342196	0.162133173084743
-0.450311457580551	0.299449580941284
-1.33874835598884	1.53557753582639
0.300934678233196	2.68873217569605
-0.556662834620654	1.02285888929369
-0.257638145305861	0.248625817332316
-0.0765501366306146	0.0617663160738987
0.282562785228061	0.26702765707211
0.0404642325075859	0.0237905630454545
-0.219726789142695	0.198624132079438
-0.282023368439965	0.204318298627531
0.182300525337767	0.125244265217111
-0.491895464098924	0.369066265891105
-0.686935874438737	0.600100034825383
0.528943114426255	0.551603641416134
-0.594930296647977	0.483798736587213
0.0709484792015286	0.04410145334809
-1.02561763598538	0.817711800086696
-0.333419311222311	0.265750318399738
-0.698622181036092	0.709920865780617
-0.440032816788763	0.403689268385041
0.466898561547452	0.540861473212276
0.145691133773177	0.126359394378094
-0.773745266792672	0.833140185765139
0.528090305073057	0.459278014118339
-0.229902536800352	0.190189910055591
0.0657241215678697	0.0408029236485892
0.0257194104275658	0.0173203959112212
0.0341418942896448	0.0187677376162662
0.0264840212160997	0.0146211141256409
-0.496319409003774	0.373385807140979
0.0527585729160897	0.0309286326280933
0.180516827056376	0.118183254724958
-0.0986466777636081	0.05793062320313
-0.261933124707861	0.163933447062495
0.410274858301095	0.354712978193336
0.578809433670485	0.463613249132901
-0.177959474269367	0.118348678244401
0.296569678387355	0.233831139875763
0.291621633515412	0.277403753104108
0.656622447618063	0.597513933933937
-0.66649728545754	0.809828665284994
-0.321790168587035	0.192968445835061
0.0911463598531645	0.0597069047017779
-0.844380106782249	0.959596022484363
0.558540703507771	0.572536367650275
-0.0425796479739032	0.0265241337492265
-0.616797723779195	0.549653182422356
-0.438925970688337	0.437355960077845
-2.11612371411284	1.62672787218069
0.160770338301963	0.0545730641617949
-0.140715784396892	0.0504140657914447
0.181669113328489	0.112681296255597
0.800006862675669	0.636955724491765
-0.979009073350107	0.484786914121384
-0.175613006806272	0.0940862094103068
-0.659118395909496	0.460074450028139
-0.571476478810885	0.41682048618395
-0.525082284718947	0.198984525789772
-2.45927665480207	1.36644790044591
0.40817153218773	0.185017203696411
0.166527115657131	0.0810104048572425
-0.337820262048895	0.0972724494375125
-0.141613477265566	0.0506925453352637
0.612026094887302	0.321525432543087
0.362694011139307	0.183450993030483
1.26395864210738	0.882863280076924
-0.663455544315843	0.46440021588831
0.586218237548279	0.471361639090319
0.721677785420358	0.478381950011841
0.200119269469756	0.150387222382576
-0.520590008090871	0.430901069281787
-0.304036086145607	0.268715538537607
-0.0413484984675734	0.0257806957036255
-0.16397039835459	0.10823432187786
-0.683873772279456	0.543539792868335
0.804180793785833	0.642399822419178
1.25645351890634	0.874325115089596
0.33767592843259	0.222102390543808
0.174625218920851	0.108006249700138
-0.979269080017141	0.4848926069164
-0.768352792297376	0.334422629290655
-1.67175547128961	0.94540819075879
-0.582422304035348	0.426742783922402
-0.975962525466467	0.482241534323902
-0.777964055139437	0.422968109734543
-0.0191526246965738	0.00906300702903771
0.397687058200255	0.179960302322032
-0.332077316650801	0.235821581841796
0.723309899610135	0.480631396643116
-0.57319655557317	0.41847294075241
-0.781976979680205	0.425433340251486
0.610333653050807	0.320413983051539
-0.786119151950411	0.604406734701846
-0.487914699749065	0.256282904667548
-0.233843705090568	0.116879473569754
-0.389985967030364	0.162470470682988
-1.46997074231779	1.02643223467301
-1.14224791809532	0.992373383088826
-0.664578682968869	0.465372747212919
-0.266577027101152	0.167084457525351
-1.31634439938499	0.823249189136409
-2.28647931306166	1.15723680662813
-0.942483481150982	0.578325723418825
-1.26969626205909	0.571521770859234
-0.139034402758614	0.0498144544844224
0.149358487897967	0.0573759536116166
-0.138442383117071	0.0496040168810717
-0.183032134812448	0.0982463317301556
-0.0952917404697201	0.0558833862930121
-0.485693907119966	0.254996416813219
-1.21501783385838	0.917595258036852
0.331826634223914	0.202077096730203
0.585101534732372	0.586270112494013
1.37711508898239	1.28338509346864
-0.0455816417599143	0.0284266284261842
1.66554921534198	1.58076311582489
0.15387406689438	0.0668409997633631
-0.0166441211712553	0.00792862683540434
-1.24916992104321	1.17034478766684
-1.87582491912191	2.26885622705055
-0.490278650707269	0.446087492729013
-0.46728102393583	0.394050625396414
-0.487725691189932	0.256223581148786
0.175266405741928	0.0941872719534275
-0.686908909896569	0.546440430179575
0.337301867754853	0.206239341296374
-0.495885569252196	0.373139650251513
0.515675403936476	0.329763240229554
-0.572311912572535	0.417511660175051
0.231808793046153	1.67419631726465
0.0213078477581825	0.0700847455179488
-0.127752069542273	0.426291847099585
-0.144934568504783	0.296330784882342
-0.18935225789253	0.439255745126523
-0.0242748385049014	0.041434450420833
-0.0518374645502564	0.0746590970308206
-0.382884259932718	0.761967361878618
-0.11546225429094	0.173396155022278
0.00347503817384999	0.00416206914713182
-0.311064658260819	0.536209613006516
-0.486569826011359	1.02334862186135
-0.390116651916374	0.597446585057574
-0.191576537308326	0.187121000923831
-0.278095524849931	0.360963284734214
-0.842771351422469	1.80457627100687
-0.899091406064468	1.49505166325304
-0.868875632909394	1.61816502249535
0.20017352085264	0.150385761688577
-0.270913315348639	0.170119682140952
-0.87049437598421	0.799348490276607
0.75164955612157	0.632972813853281
0.641924740843272	0.791807891704353
-0.442015827069708	0.405998751677564
-0.427543592567088	0.32819318509052
-0.29225560422638	0.235851016494186
-0.528627106478255	0.439361962942372
-1.13281663812946	1.80615080883551
-0.328805704646718	0.233034961945382
-0.706709275801947	0.721119586888722
0.84467360643272	1.1923691836175
0.988595562850527	1.08266901928554
-1.24350743098887	1.16198560137415
-1.66751059099637	2.08138145764958
-1.08536769075073	1.04315885793521
1.13532170986505	1.03025994222562
-1.21071398936465	0.912085571136127
1.39793050856128	1.08607885996704
0.657075454061123	0.700695094527817
-0.172332486132242	0.130684099110047
-0.634992190664115	0.650284950249303
0.0386158052825772	0.0322698680670826
0.0272895016373955	0.0198845396915083
-0.187685869756378	0.125346800788199
0.192858702641271	0.144349033265202
-0.0210946575923144	0.0134622987754414
0.182563640989555	0.113271387310627
-0.372701884580582	0.291328482646887
0.165704597093625	0.0417255219351786
-1.27073685110928	0.571951256018346
-0.375142760744516	0.257224673904659
3.05493564020668	2.28192019384344
-0.285465636321813	0.207219630585788
-0.578698008896398	0.706008963591206
-0.455537373809241	0.421737143295786
-0.373380927964023	0.322960860108586
-0.689467300821903	0.548902189285965
-0.386597447999031	0.266455926060843
0.422656236706668	0.337175803687368
-0.972116351838538	0.958540682084213
-0.18024575125752	0.0966154421280959
-0.794363768024142	0.527511767423274
-0.77080664871557	0.418001513987158
0.0029343886621958	0.00162126023485648
-0.56984949271048	0.415609733020131
0.587999366784219	0.472940202446193
0.457083642942253	0.332260105292341
-0.54046231378463	0.343102904543558
-0.663236497931032	0.464099880686508
-2.23263951883288	1.87520987488497
-0.0565644351992689	0.0246587382962158
-0.139810262148769	0.0948308982852011
1.28267569581257	0.709228648118582
0.824597524529586	0.347415264205767
-0.130232180533053	0.073455873679778
-0.455794376529673	0.303741096725685
-1.13115847730198	0.978338663320511
0.726027284462309	0.482209661838924
-1.03435628046141	0.828608150032724
-0.373456716000983	0.292031424037359
0.798173523423486	0.634779258080141
-1.25628345189092	1.36212430414232
0.453838875551382	0.182772785031551
0.150882619911791	0.0513268309948059
0.345554929684193	0.193713104428021
-1.08578818015311	0.741246217353789
0.153495886133074	0.0589183681974845
0.921141306157965	1.15312901767638
0.619566676127524	0.472819045639884
-0.39422368446274	0.223213634189805
-0.778481418903403	0.666564443530618
0.632648222522884	0.596972851536793
-0.0509240148133251	0.0222680861902599
0.675335553845609	0.486198386043148
-0.175033756438765	0.0937401248686119
-0.0510180758993114	0.0223034991518292
-0.599637409626921	0.287138428430173
-0.296672235896868	0.136049250063878
1.00831955512639	0.83191847798238
-1.01776700319907	0.402943187092934
-0.678466166823989	0.537278955432946
0.160367359817511	0.0615473476540119
0.0322704987922364	0.0177526867520535
0.455025575438864	0.183293312831413
-0.520301272036239	0.430514695068843
0.326003035384985	0.213374320352839
-0.645654968114177	0.383138584188987
-0.9114929780418	0.666039727310059
-0.780734356960627	0.669181686381191
-0.759153011733452	0.329623541876421
-0.787462658963457	0.429441203299091
-0.142493583588299	0.0510464277530948
-0.327683356336951	0.232216431325431
-1.31986658794124	0.82575787652643
-0.60696827117654	0.291393133991092
-1.3195240108188	0.825632376916079
0.158140112403217	0.0768021272435503
-0.941001276556025	0.576681239226494
-1.08496153798509	1.27510867250329
0.191209229936798	0.125829839574957
0.332464469942719	0.202803910363117
-0.258413136106115	0.161440167229998
0.336440769863326	0.205679528279933
-0.784158938605187	0.42661238490387
-0.159337138528366	0.123343101732162
1.00725011140571	0.830717287109631
-0.135124688674233	0.0763355145886027
-0.786553527242197	0.605188910945363
0.966777760801741	0.960657039254272
-0.544377322565321	0.489664373737478
-0.208088289456343	0.134131876042125
-0.725197552734606	0.249186509576262
1.7910964554506	1.00413866886037
0.169865296983617	0.0985358994489395
-0.239932728754574	0.176904991934121
-0.095529894299992	0.0560544725121519
0.109740848329002	0.577918947186309
0.129131202882338	0.6060781656481
0.111210171373986	0.316866745833953
-0.0814587086645358	0.18010393039543
-0.0526480849958924	0.0832562568809749
0.123690356490063	0.215497777232509
-0.255545577142691	0.545790520032248
-0.247053570943786	0.553962195776496
-0.259354755131999	0.553186721643202
-0.720590297103592	2.24050777020174
-0.0555650571793608	0.0676217742772173
-0.280177134486463	0.412614659233334
-0.32188799069297	0.463256932671789
-0.340709173801271	0.502375961530586
0.23916503898852	0.30841651618565
-0.267326158936059	0.326040439088396
-0.69507036951593	1.16714573233484
-0.457117255989074	0.481952824890139
-0.780737862830415	0.993013970749134
-0.2835986228428	0.288959067684482
-0.855714973560215	0.916421776302826
-0.228856257517618	0.189175132202129
-0.176474662362178	0.117284181518666
0.919762191835675	1.26550967226456
0.86342458861109	1.2890055572015
0.0667495880276659	0.0535612603760587
-0.256959837617522	0.209817544379257
0.458133605821329	0.448585923975153
0.0198401792296165	0.0133540657369814
-0.775135455066873	0.782262314547636
0.000458108441474666	0.000226865921352748
0.0828515250504038	0.0703335643437908
-0.0889355464591648	0.0793974662585316
-0.943801314408502	1.56675826043891
-0.775096149952716	1.02999209614215
-0.0892846750872215	0.0628827328655862
-0.193203385051479	0.204917515457993
-0.341170831563571	0.387078525181482
-0.00101268741835644	0.000642222764201821
-0.373413326423338	0.322891203375998
-0.696958519898741	0.661978800622005
0.309253255762507	0.224760229977718
-0.137036455654629	0.0774652937553109
-1.21968815827242	0.923409279111839
0.0807907946095062	0.0527688599704165
0.191591409097546	0.137941182667125
0.437701349657863	0.450655903571912
-0.117725864185445	0.101635433971691
0.0588869938481177	0.0470534016971716
-0.212853756714911	0.195805944470176
-0.772227202023078	1.02437261962845
-0.469896795815482	0.396789059991655
-0.700843073118038	0.712886476334379
0.156654653991889	0.0601389991500927
-0.970598498304115	0.479363407247762
-0.148207819717582	0.100915161397734
-1.26845479307781	0.570769833026671
-0.0528624826711391	0.0435776379529808
-0.131730297899981	0.10298068818949
-0.245908397879397	0.220930895891661
-0.156178537744271	0.120700213072833
0.0577066046762641	0.0449132531302081
-0.138009727544462	0.118412439498961
-0.396067434659992	0.395101055694101
-0.622610786241109	0.596343677545937
-0.0476395069906997	0.0345583743877567
-2.26672161978605	2.79573130697946
0.190285395105739	0.125141369171954
0.339835366859112	0.207801717618222
-0.770243553527189	0.775208070054848
-0.564769487545323	0.410772955690167
-0.182507775978146	0.0979786092968977
-0.781058657588859	0.516184075886726
-0.913717921541201	0.668969859034672
0.460154173375163	0.334798528984802
-0.328612152939943	0.232921832364937
-0.332768621263833	0.236330286281056
-1.34067908442211	1.11236909934931
-1.03701906555381	0.83180311799277
0.0520967077779695	0.0305966752077422
1.13089966178163	1.02458761746599
-3.03096965546321	2.44304501511804
-1.32086799233228	0.82677321277391
-0.325337440607917	0.195343561187549
-0.447230522142267	0.296956333950218
-0.780827056181976	0.598141016159753
-1.82525320588538	1.66712350329239
-0.893080137469049	0.743776893550383
0.0181994583487421	0.0122402880442588
-0.369813808346347	0.288582653564792
-1.14748279514929	0.99959284245199
0.341846107611981	0.209201074676473
-1.81300911296951	0.738319190977208
-0.214527945453891	0.0692825908233493
-0.303123121368777	0.13934478600169
0.669795033615839	0.481257129631957
0.163235251192709	0.0873618050227552
1.12427144909929	0.864165368990537
-0.573582694966879	0.419000713887588
0.0330982303633996	0.0181572478929755
0.349133089569911	0.195937934480875
-0.177889554413531	0.0953958122001321
0.34984723722259	0.196291430186441
0.956502417697036	0.651768569448475
-0.234253342300271	0.117081845636392
-1.81674514608551	1.65492205754214
-1.21630878171492	0.917632151457738
-1.34304852104215	1.34565835495769
-2.10468898921284	2.34010075615245
-0.393701773942777	0.164088841030077
-0.230294180675571	0.115059384993307
-0.178960595373293	0.0958880913452565
-0.453091711803697	0.301505838263103
-0.0946912892465648	0.0555396527271242
-0.88759803987072	0.737781139911726
0.173124017687296	0.100575193708959
-1.4856342749507	0.751526667282267
0.618681674783277	0.472119539408681
-0.327567016822686	0.232097867208749
-0.444812669166448	0.29511571705393
-0.450373173026961	0.29914388433122
-0.595079468461616	0.484513500161825
-0.871544488309195	0.801012968513917
-0.690258149761281	0.60462606212807
0.308346391400379	0.22416533795824
0.903429156700108	0.927544553696441
0.164392439225201	0.079867440550369
0.904128914007916	0.928535118703749
-0.855114820167553	0.915461334244478
0.183818798374343	0.114089488236144
-1.25657766488916	1.36409190779602
0.507648417875543	0.456997750752706
-0.0245339143264915	0.0183170030465095
-1.70142653638299	3.03820070233834
-0.9448934458571	1.00133583121003
-0.983136671168637	0.4874784090201
-0.979269080017141	0.4848926069164
0.66999328440441	0.21269616854207
0.152289864541204	0.0287035071443224
-0.143034785337113	0.0511857384265564
-1.27032365700558	0.571955904152126
-0.56782237583535	0.413648496678043
0.0523210423272287	0.223705902075471
-0.0979539214024921	0.390055083181553
0.0179456015146178	0.0456339452758289
-0.149453321299407	0.469664973183681
-0.128102919799496	0.306411356670302
-0.399432161833726	1.23017474605889
-0.174293107870797	0.260028641517888
-0.308383038910151	0.611879496189622
-0.0314626082698968	0.052788932179538
0.141587248201131	0.305189830135167
0.187617734926308	0.363468583929097
0.0923924289122208	0.149699163495518
0.223413170401665	0.466174754380431
-0.25159572481625	0.519742025624796
-0.499555427947433	1.39976362030452
-0.355666430656594	0.729126926927659
-0.267242244150948	0.426428876168978
-0.276329403634487	0.400621755103252
-0.0423994970590041	0.0423788150854108
0.0333989448146096	0.0383375231824071
-0.517615734687072	0.965351247384542
0.0576522567410009	0.0637832941696747
0.0352167269186131	0.0368863725342547
-0.256746622399626	0.331361582805771
-0.968622872507693	1.21038719014918
0.13897719641889	0.119958127645904
0.300209985003106	0.246142523254896
-0.310357594988605	0.296074382519874
-0.0492988138439205	0.0307414076987257
-0.0941487083917086	0.066443518195035
-0.00333275888610986	0.00218253907543812
-0.528108377632566	0.519554351357755
0.655272233010588	0.790092479314548
-1.47035352296586	2.05326079769571
-0.989351199657045	1.1722341952936
-0.317033768083772	0.189758085683208
0.661887179630407	0.707931838757631
-0.0384765382565977	0.0350924795807118
-1.09143378611403	1.8659152867439
-0.477597726431354	0.531621461654232
-1.02829789996724	1.59382249312238
-0.344259437539607	0.411179965907612
0.00332552904984817	0.00265304998713644
-1.34126546643781	2.19838516266341
-0.443699930212506	0.495902236075584
-0.198479165032422	0.180743945383697
0.200879664927103	0.156355728760068
-0.181421974192268	0.138330965376712
0.399163554697398	0.356074060781262
-0.187848514350815	0.125450324655896
-1.08988495806943	0.745844392822889
0.760618007768824	0.749474486988506
0.0285983031351975	0.0200977252122815
-0.471301295932249	0.39827901176088
0.142145196488069	0.128610843073707
-0.465405113526921	0.392156966642114
-0.157757733830789	0.148094917782211
0.344062655869966	0.354512200433619
-0.137437876671331	0.117901583279974
-0.640186212591186	0.657769295202591
0.575728486841204	0.46037463900259
-0.775402617265014	0.725477196372618
-1.03812481693237	0.832121555861852
-0.515466779883267	0.194997679323859
-1.33575512997886	1.10628603729784
0.582754943550836	0.467745564078228
0.161329162445473	0.0863355739481311
0.0297670837919716	0.02167825275655
-0.373066500457721	0.350361197295495
-0.451081785685221	0.613622520604965
-0.11914805662691	0.0826854545609269
-0.524123225725049	0.585054736714293
-0.491081217482744	0.51354759372842
0.37080883919998	0.347776576425284
0.486850130962486	0.451055153635102
0.0793706054450919	0.0518088205676115
-0.179466861590082	0.136638199983949
-0.0229040970590264	0.014562710666345
0.181559088353126	0.105675052801823
0.0326897425129731	0.0179776525384123
-0.62244605561489	0.595943198201164
-1.88305097482846	2.28816992293608
-0.383972245738147	0.264506166071749
-0.227384481267224	0.147852373094859
-0.264268344981731	0.165528771638589
-0.67001490821603	0.469907047649063
-0.0965311777538732	0.0566201145832435
0.556900290581351	0.32514616689219
-0.677216105671694	0.536658009144628
1.00978437657522	0.83435461320514
-0.667000175769807	0.467191337703261
-0.781606253425508	0.425781410351007
-0.389010542508637	0.161884808373538
-1.09172795371532	0.747823906141879
-0.392290775949413	0.222201190761228
0.612360029858363	0.321449462066333
-0.131081888336261	0.0739867900343313
0.658613924502526	0.599535525767622
0.65546137217834	0.467768926532365
-0.0957311873138545	0.0379871620873887
-0.271908010621888	0.170798924022804
-0.594133146276072	0.483442361980134
0.0375634721156312	0.0206055847669322
1.50577024032796	1.99467297929864
-0.227262957080485	0.113472143656242
1.06929985127949	0.518119516931828
-1.8349181331107	1.15692731780444
0.699757369524291	0.328370367395016
-1.34470322453325	1.1177398434559
0.55400732537219	0.464418685484394
0.554865823132755	0.323524693631031
0.332267642272629	0.217948450132404
-1.24309256710119	1.16147844898688
-0.183349442893117	0.122224189928418
0.669519204453088	0.480854898608083
-0.488001860652102	0.256368102780648
0.832273337017386	0.351107922109031
-2.27967849101925	1.15170672689807
-0.976521350600269	0.482583572204608
-0.382667916873094	0.263396660407344
-0.673193042045769	0.532293953361433
0.802751305168595	0.484268514651752
-0.920101062073241	0.674978044086504
1.4164315668492	1.10773368907885
-0.104840665262818	0.0616541417926953
-0.917602266730608	0.672835216523004
-0.694225748964003	0.609166803219882
-0.785771626976468	0.520313008850201
-0.940368009978136	0.575841733278831
-1.44428286127043	1.29524760878799
-1.71485189362142	1.44367300205342
-0.771795740538805	0.658533832913484
-0.0748661922748054	0.0454979828893758
-0.387315546811222	0.218721459314379
0.150568649697039	0.0730140511050012
-0.532196515446357	0.33684116570319
-0.207491239874041	0.155636867403478
-0.259708960385095	0.21232948189366
-0.32321241322251	0.25608975178792
0.966809038125112	1.3865144577377
-0.408173143571903	0.380104281740769
-0.179906368914419	0.119764277413331
-0.0191526246965738	0.00906300702903771
-0.30978211098447	0.142538941140607
-0.0904526222459324	0.035937013241364
-2.28349198332068	1.15520300935061
-0.647912012359596	0.706559968868674
-0.391492818410411	0.270503127405802
0.0357500395063407	0.150523715646117
-0.0113725726896734	0.039119415917548
-0.086805903461026	0.235721319560398
-0.280815461691571	1.33477919138301
-0.140400850369493	0.511080956902312
0.0341853560151333	0.0712982016302782
0.0831939764705227	0.181102592849727
0.112672373211708	0.241340588304264
0.238836991185261	0.550058370315052
-0.143669925850328	0.261172807519744
-0.208499517493045	0.444187398295822
-0.241655872224972	0.3937071844713
0.218686314043888	0.360893477199153
-0.0156954645729739	0.0198942528684502
-0.372404492609254	0.802371061669464
-0.0460208759205443	0.0635344849606276
0.0065820932438189	0.0119836787441668
0.123418703239775	0.206598638408743
-0.098436734475134	0.168992108860151
-0.271065827355072	0.598124498648862
-0.0735163399498251	0.108221479553604
-0.106305928380195	0.103886573346707
-0.191334802185329	0.205818429682847
-0.50880174201632	0.660561087949822
0.430325525673603	0.453798989464792
-0.604504395826228	0.778693353967897
-0.778908097325494	0.787712977841838
-0.788059652765205	0.606183724431727
0.302549168890604	0.248447401683118
-0.592926515508287	0.482124051788744
0.278853133741624	0.294960129895102
-0.0744894291282112	0.0678433997746081
0.0452888378831235	0.034108761721247
0.0031786666190069	0.00229756548757439
1.14380545598822	1.1767346999353
-0.206187279103844	0.172572176451127
0.325920333546174	0.198160664760879
-0.169804498559062	0.112493719015177
-0.889447215412918	0.823608475813294
-0.0990329469781031	0.0700508340619067
0.293202734250159	0.211307986366335
-0.412603691543676	0.602598931714383
-0.097369757647194	0.0996501832501525
-0.245898813626844	0.322503345203129
-0.146520718357001	0.112578625166081
-0.478642866898311	0.473446704138377
-0.534040458862361	0.554973070560154
0.959727236398515	1.17341458850767
0.197154206560025	0.142290116012169
0.423307393088102	0.338051980628798
-0.0722966793310584	0.043917401196127
0.794165360357128	0.477994418179591
-1.2607703716304	1.37026161379658
0.147707321190007	0.125142106383037
-0.576629555153845	0.775080938688883
-1.02032736784708	1.80124286143896
-0.680399715296697	0.906571553851589
0.961953750088183	1.37616419118428
-0.370628264500119	0.319996340966751
-0.678051591463395	0.537410421062371
-0.582863530509871	0.602404174750924
-0.0709912043773637	0.0431105089632807
1.25708106213712	1.39720061618442
0.856780288590828	0.784408958032688
-0.483781997974776	0.361692330154761
-0.55490957959515	0.50198620488707
-0.377835725406396	0.382953518828588
-0.158734876657476	0.165968801736855
0.209250772235021	0.169118151863181
-0.697134037804546	0.662119909341918
-0.537498649023151	0.672142997879276
0.260684395800532	0.260787757409855
-1.08277506523986	1.03926731357383
-0.601890162749975	0.491486568176915
-0.296118946640029	0.343195280491306
-1.40133237519047	2.38712455219086
0.312058980646914	0.215671438196199
-0.599880799320058	0.489530310413819
-0.201459579123708	0.183901090835964
-0.30696125374599	0.426968576471705
-0.695238452076381	0.610263467278456
-0.947557193616469	0.582322098830782
0.696609227412764	0.326474357518529
1.34019590900986	0.587859803066338
0.148791554554617	0.0506157660399734
1.33931414696143	0.587202889020192
-0.0193405822491149	0.00911594298348139
-1.16328506515741	0.651598487222512
2.57603470059333	1.43585840134695
0.696047588021093	0.326279767661231
-0.596753861987674	0.285734787923474
-0.47839706436949	0.250603581218851
0.159941194521509	0.0543013031904569
-2.27380729513483	1.14735105810119
0.163386406136861	0.0411852790230607
0.702345486154529	0.329899419879351
0.36797359824279	0.186569706817396
-2.27569854609326	1.14813640666158
-0.785015523202022	0.519554857401945
1.04304768303814	0.395953390308167
-0.599637409626921	0.287138428430173
0.370921348483834	0.188075152008407
1.62865853171582	1.14493379987779
1.54980597959904	1.88680074551111
0.0264247309431339	0.0258870845107963
-0.391953969253241	0.467419927497146
-0.170545585100847	0.158626644580433
-0.36212761635384	0.311030696517205
-0.300938733238781	0.243989833914319
0.704213308683598	0.620278661832304
0.347458548069974	0.195087902974243
-0.185440105566021	0.0996182515997345
0.15135943864824	0.0656759744042186
0.153335897031348	0.0664786418419361
-0.215184417856504	0.0694920488130609
-0.444735454076834	0.295111041599026
-0.343557529393447	0.098858556674811
-0.634000544558925	0.374172524946199
-1.81272640846626	0.738384406689963
-0.0854467101516197	0.0340128276954404
-0.484481860736996	0.254394695033905
-0.217190479909736	0.0701061645859235
0.828342764331275	0.349152513984802
-0.628807341949763	0.15371861128279
-2.28411759401285	1.15561011707359
-0.597009861333974	0.285789886368716
0.158323275965016	0.0473326847049123
-0.481484116384267	0.252332593515076
-0.089924131140392	0.0357342992772802
-0.839426120255128	1.00906680119372
-0.221158427899559	0.071360347088866
1.45769029797448	0.483533280097753
1.28485589256235	0.711064937961831
0.905349383321622	0.489987361729791
0.372452650803161	0.189119644318774
-1.81548210086717	1.65157560623556
-0.436926218596446	0.337095235362843
-0.0424629783524434	0.0264656496376215
-0.699797413515637	0.980834926159731
-1.06634100678774	1.52480440276095
-0.28905426947964	0.27857888747358
-0.129399942447295	0.775267287694958
-0.147472335466675	0.758502704581585
-0.471789557946512	3.93383989399416
-0.455835620985576	3.72126708434329
-0.722105167167314	7.83545941149221
-0.055914431911771	0.142778121345066
0.150238267387756	0.448239674678264
0.327352556622248	1.29697925251142
0.368476836039505	1.47062907751328
0.144566131763129	0.342837397909459
-0.199612963721164	0.514085427106836
0.392664643066515	1.0854783147886
0.0532424090853213	0.0930962285680163
0.128075397635213	0.233356389939416
-0.176985361488367	0.348767321193154
-0.275280564811524	0.662410785959838
-0.0817366472476975	0.186716601258807
0.217237568649977	0.496674789961214
0.126753088415961	0.219272109335137
-0.111021734416345	0.177786944215955
0.168196855938122	0.24819323380615
0.209093676666774	0.283255662157462
0.625930170071031	1.18349015354769
-0.377767232442251	0.560107726386989
0.35310444317102	0.447045049517276
-0.0261762660226558	0.0242637999074121
-0.29199211606481	0.235532626731355
0.555823548742454	0.568921533048624
-0.253583476515211	0.228985996572209
0.322884971352057	0.358690673358079
0.588713866102225	0.742341442157686
-0.0716943220481445	0.0513692044063085
0.601926025967375	0.585024650630438
0.443782266744719	0.430153658313387
0.696055105345935	0.610847503196188
-0.291570472335296	0.235203454993266
0.212169861455425	0.177139636207143
0.200810124593434	0.175818601066274
0.687101674311133	0.715742537957651
-0.610673034347958	0.996316700710686
-0.570394481017334	0.830720163798376
-0.5849342487659	0.716703315729863
-0.35988126961308	0.360251347866254
-0.516556910609328	0.573922132384557
-0.289554211041493	0.312433477845702
0.199734731785868	0.144415330523659
0.299536514317573	0.270708318712407
-0.218647187028328	0.164975377272732
-0.308418013350901	0.273258490526382
0.60980840563867	0.59493348527479
0.400146417271598	0.344011985012638
-0.0446863317833196	0.0196298239724439
0.07189446832054	0.0446784353976807
-0.0539544206435702	0.0392343282694142
-0.320001390747986	0.437734485194165
0.219723970479992	0.214391275928172
0.431916776379147	0.51166369839153
0.303181439803424	0.257871468905846
-0.636761274640582	0.689111982206111
-0.532196515446357	0.33684116570319
-0.170602738293593	0.0912953879225655
-0.179198670904138	0.0961212160464711
-0.78076381728698	0.425111124548446
-0.273982838223762	0.244172155448475
0.205169207918637	0.170584882693001
-1.06166846995267	1.32345032231381
-0.321474817410021	0.348195458223234
-0.0451512736374182	0.0376577386530054
-0.643230762403297	0.699327336456033
-0.435175692965166	0.483306710018249
-0.406149075009366	0.377686334762209
-0.143194124103798	0.109820636117679
-1.21987931551819	1.57607246895947
0.103961600219524	0.0741227931210521
-1.11279420303698	1.64860507208309
-0.841830089719762	1.01365445453891
-0.379634834991899	0.297943044428724
0.555564549513669	0.466218643790944
-0.258306450010191	0.249255734330807
0.348683585368441	0.439700960427101
-0.429464927325586	0.457055801980169
-1.81433874778204	0.739366153614294
-0.769774518033546	0.334995267894291
0.450380599229042	0.181332700598542
-0.971709738497058	0.480076873670829
0.367586306491114	0.186339725365629
-1.60967846659808	1.24330743004368
0.668840989017682	0.212209123194429
1.09530140683065	0.676259242178794
1.25986945170328	0.878671721646974
1.63077011475621	1.14809979766283
0.702345486154529	0.329899419879351
-0.72013323546054	0.247288973526613
0.16014111548401	0.0543685528719876
0.151709443880736	0.051599453197034
-0.763253894263622	0.331680843347779
-0.768587287399247	0.33465387569698
-1.02177744930251	0.404938885053013
-2.46450368454554	1.37094225690051
-1.82752531487058	1.14898169755904
-1.32282387186646	0.829283395942124
0.172135325537293	0.092305145268359
-0.392419156046927	0.222196656091508
0.591700821108911	0.476786467687974
-0.227262957080485	0.113472143656242
-0.268744149458389	0.238767904190129
-0.166740182864026	0.142823992253585
-0.86534678329048	0.864642574155002
-0.0717895810404748	0.0514102930007121
-0.32248021279696	0.227867096622534
-0.498943396142947	0.37579874729109
1.5810110720538	0.788176828156596
1.57479077921744	0.784231980002317
0.366708207222119	0.185752833027608
0.906428223241514	0.48986039336319
-0.652752418410189	0.388107380356158
-1.27670916685818	0.575668468512256
0.61149516875226	0.321236175856035
-2.0703662383507	0.944040384379806
-0.782448296806308	0.426306761539971
1.33300648117334	0.583999950109349
0.151513479989601	0.0515213325333355
-0.453382322731703	0.301990793690024
-0.0556055267141881	0.024247678985234
0.154740770752363	0.0525923721877549
1.11310260765433	0.852724416448577
0.322331095066724	0.210365241480067
0.554944612115115	0.56774785789299
-0.921057503953862	0.675827865096546
0.0312158460885966	0.0171511913920033
-0.0961958516660323	0.0381720029501695
-0.389176867516154	0.162123247090893
0.960767462073798	0.951537827275634
-0.324620421205863	0.229678917253236
-0.874464547720683	0.804599113137235
-1.01525322943664	1.13395894028538
-1.00896784953392	1.12390720483697
-2.33414507417607	2.12124497350528
-0.939284778453134	0.992680095679495
-0.442586360359675	0.293190634015016
-1.03106884474139	0.823393826472874
-0.0381516019588592	0.154223760765417
-0.0492258405475654	0.183805548346498
-0.208715719656473	0.926533215728011
-0.262639428838	1.09830201324818
0.482835049495207	1.8074712232219
0.76153895582382	3.08125948620583
0.737176152274977	4.71247644705658
0.327518452025227	1.18576461737148
-0.211585980900339	0.564362381214974
-0.000766734176070812	0.00147540337747078
-0.0480348786260922	0.0912675360469198
-0.0520187268516009	0.0919859484535128
0.0546869695901331	0.100313563643076
-0.05575816006443	0.100385015013856
-0.83075288435134	3.96159373329491
-0.104686192014766	0.169225473003366
-0.0315764016823255	0.0433327648324054
-0.182900148050525	0.286650766400068
-0.408440683497963	0.556960347913144
0.208273218544395	0.221683179776413
-0.698977935719132	1.49080258217345
-0.521237263417751	0.988971448577249
-0.114316206406748	0.135814526807774
0.198696338096157	0.224097215044596
-0.117841853505384	0.130658762864942
-0.211610111138634	0.22023140515051
-0.569401519281649	0.552349644390552
-0.820955505122848	1.13379229063441
-0.534800384631586	0.556365628898683
-0.512689994607719	0.499739678472707
-1.44773891477609	2.18961218847956
1.24219917591355	1.37231883950857
-0.373896726809683	0.323462050432654
0.77000603754964	0.856845235987958
0.696656572891652	0.902692294701196
0.353093049025664	0.35687754508836
-0.403687209396402	0.374811061642338
0.576433289550363	0.575078321561718
0.503527722582037	0.451922429419448
0.0604919891020271	0.0471600232542923
-0.192320967532151	0.17445119290574
0.0268099024723231	0.0195394346091861
0.201548565993317	0.18120843705906
0.0867768984328106	0.0754216567524179
-0.354347660835865	0.328904357096674
1.08952269225018	0.671617999490093
-0.158696779676779	0.122807778416173
-0.0195190627461845	0.0124670729913259
0.213255018412322	0.172780946736077
-0.10879790851288	0.0951687570261435
0.150893757703851	0.134420673742863
-0.263512561516878	0.215989423104621
0.490997084341831	0.548316961821293
-0.404751954083327	0.376200863649151
0.191769784509477	0.138081054930172
0.427882389659449	0.342424245552168
0.0261881020267876	0.0183941141731667
-0.67355533579864	0.532241786490723
0.291293854096525	0.219572179390766
-0.692643334653068	0.656378153435934
0.193860708128924	0.139725708818734
0.740551950321927	0.620813257488176
-0.467206794744313	0.458751867920478
-0.718621846497925	0.870679465510924
-0.960472388365425	1.26666353969789
-0.331718611493038	0.289284436863313
-0.310282844587517	0.1427853275486
0.05283499851126	0.030970067707301
-0.483314056278058	0.253782547780494
-0.0709289350921516	0.0580883494207335
-0.664567733618054	0.769805139557508
0.0772712476021101	0.0503850321515568
0.210818178789282	0.195415741334066
-0.84755413245872	0.903812167893963
-0.599895095240692	0.287562924833513
-0.133356074790226	0.0752571915817122
-0.519909355342675	0.43002333164333
-0.291397413357082	0.234968803399793
-0.151356959503888	0.116650073699206
0.167044817618026	0.0967740760816047
-0.618375865695432	0.551455506546441
0.484414875133704	0.332548218464911
-0.118148761561231	0.0819967519594791
-0.17717873420169	0.134723450649475
-1.14487716188103	0.996223251852383
0.0114680342432415	0.00577170279768789
-0.56309874286319	0.409007584085615
-1.22145841584532	0.92456461384447
-0.276400591533425	0.199750243201506
-0.302154666650255	0.138838114292047
-0.783101940438567	0.426781885595185
-0.231627024370906	0.115746234814009
0.608023768428076	0.319085619873856
0.622126128045681	0.474843983554117
0.362452711609041	0.183533036983738
0.167715356989705	0.0898091139933663
-0.600166078004423	0.287430036059165
2.35928210597607	1.18322584971314
0.609716920462145	0.319513627043472
0.45343447903086	0.329059063987734
0.158019850561132	0.0606595504222323
-0.391907778202739	0.16328129720424
-0.787120279817968	0.429256340098202
-1.26885520886245	0.570811288966091
-0.484820138167528	0.254564251873345
-0.712294437154192	0.244204737038081
-1.03415274574484	0.827600804352004
-0.599108897150684	0.286827148762254
0.035893311799745	0.0197193034900932
1.62575310755464	1.14378721900103
-1.6691326992463	0.943374337661137
-1.48381146477455	0.750044721804023
-0.347480099168433	0.0999933239977275
-0.298343890309942	0.136842583214664
1.57479077921744	0.784231980002317
-0.648718417967707	0.385016276964136
0.194001943525995	0.134000577900204
-0.269149245663173	0.168892164651384
-1.48429350815869	0.750733838561026
-0.144838095156044	0.051833757807262
-0.226848217727309	0.113242297212721
-0.922927903384635	0.677899139323607
-0.095189037701368	0.0377965071907387
0.905896206154677	0.489688063229025
0.167456389266164	0.0498754746523784
2.5685528501622	1.4303263628497
-0.596482976054808	0.285499705181231
0.175175790917764	0.101787957489731
-0.0492844566689082	0.0215632326159276
-0.23217863251433	0.116138943038223
-0.920145636010998	0.675058130179712
-1.51299996807781	0.539299955595401
0.364896330568515	0.18481467503894
-1.51494963266618	0.540305848955056
-0.969092316517338	0.478276107169826
-1.0822670918144	0.738405276612426
-0.786619531848294	0.42895206104501
-0.800026212460784	0.532540536040586
-0.394306323734925	0.222905532947582
0.474154665500274	0.324302696666399
0.0330988173101854	0.0181822049317457
0.552364090728315	0.462307371647139
-0.132466708196043	0.074789307980507
0.424362272606937	0.339053922925081
0.0105748478019719	0.00535241823504959
-0.0328352850848481	0.0241651063679854
-0.678446202577251	0.590374078241138
-1.64050945620266	1.69197152798247
-1.83204886089929	1.15300438025087
-0.211803100213447	0.0684440141233586
-0.797398540483429	0.530616342546094
-0.484186411622677	0.253868885014479
0.0251323316718995	0.0986720057068845
-0.0297106301456917	0.103857904976504
-0.318676212101569	1.70052354503438
0.177951883025899	0.462915964942235
0.19327098846988	0.54737729291834
0.424441231633065	2.20772263478935
0.0352033884999679	0.0855362128622742
0.0357973327977701	0.0837689593654715
-0.0406667536356763	0.0956180659411874
-0.076523323543904	0.170161730729706
-0.394459785163842	1.39559685576795
-0.202722528618665	0.531256297840877
-0.696721341390184	3.39265843282704
-0.517442898280671	2.15831546982669
-0.306257965525287	0.734659258190963
-0.158328675851442	0.289860638287197
-0.189403832655602	0.296740591430493
0.0062112822193502	0.00597921204829182
0.312064792320909	0.364450195340992
-0.133482520170821	0.176162393353529
-0.159645807861756	0.225717951127511
-0.0956045851467239	0.124041855187474
-0.584648001091568	1.12896214114022
-0.276062021520952	0.352444310069423
-0.601691472497915	0.802592575694163
-0.374437168438724	0.324109441182292
-0.828539911011516	1.04501810780142
0.209351042984085	0.179471096732453
0.046162846961383	0.0347786905289976
-0.460347214948533	0.427208641252444
0.108502026862499	0.0801879869090545
-0.329734485674806	0.262237346090468
-0.186310424955862	0.142427850344469
0.387090946804967	0.438081878872604
0.0253584304822375	0.0210641171239539
0.0759762411110797	0.0612798213436442
-0.444057250559181	0.408299042620152
-0.508422846776052	0.659694113504922
-0.0928639253993039	0.0741554222585533
-0.00220535582047132	0.000868863914513179
0.47553358707537	0.454476568030018
-0.549035783676716	0.674601563766372
0.663594233217891	0.949506946572261
0.0257726610917981	0.0236036031522092
-0.244423071405999	0.219361636630644
0.626510089086364	0.787744228998924
0.215472940590736	0.209587080973501
-0.490358054391051	0.512536946073487
-0.449387028671335	0.414628482014853
-0.031466310861225	0.0235074212204866
-0.397994941956082	0.397876710705266
-0.175240721334656	0.13312355603828
-1.41277780518926	1.70498827126862
0.0229631098580771	0.0154669452931242
-0.768565660702157	0.71607441510078
-0.661214938495242	0.76428512712954
-0.0942615394051862	0.0753589118702389
-0.77006583341856	0.827570453166538
-0.497816039768101	0.454731103572794
-0.987265738242763	0.490059552091721
0.508547470039876	0.324371892728774
-0.048584562225364	0.0303014530424015
0.376255003784401	0.34287000934087
-0.0785624408720212	0.0684351272134208
-1.01733937633963	1.63867571999956
0.121845392655185	0.0963251129893174
-0.182151317347602	0.12137003955634
1.10794720444217	0.846192842017081
0.694437504010704	0.325280693858728
0.130807640304114	0.106863689199272
-0.511151965659174	0.497832118447336
-0.781066911770455	0.732753984386777
-0.15872367272027	0.108553933179728
-0.194024539744434	0.176199226500238
-0.454362233603059	0.302431504225209
0.319188252009471	0.221154798979935
0.519072795566237	0.332479836172108
-0.135179141270383	0.076374860695274
-0.914135670387124	1.02568982008417
0.796853437315584	0.633277887037823
-0.492295756102021	0.369728361487715
0.796511348642605	0.479821353627659
-1.15912761229326	0.647946866901507
-0.44890758072491	0.298443440723657
1.27378774664775	0.70229507469437
0.347610150931868	0.194745755520966
-0.0631285882401566	0.0382880607362999
-0.304817557367601	0.140068535580747
-0.0912011583341151	0.0534667056677892
-0.785472914562132	0.51986338106667
-0.0902185873961051	0.0528686313019316
-1.14216181647393	0.993115813281972
0.155663439658243	0.0597820370134089
-0.270517464121507	0.16987184263328
-0.302344719394741	0.138712457398006
-0.25799581951119	0.161097975071444
0.485359752564043	0.333750829510977
-0.517470812145273	0.195857600194182
-0.60778400591417	0.291798559864761
-0.786200440692544	0.603944599240119
-0.174931447771067	0.0937335226650603
0.340722257709221	0.190535047468833
-1.02181759550244	0.404915960039854
0.52706298141059	0.338421501318387
0.699441148839261	0.328362729428968
0.675067592191977	0.214306398275368
0.346893255264877	0.194607405182042
0.166657152966513	0.0893274046005728
0.621321405784029	0.474658134288235
0.715971035180405	0.473012562341671
0.486894823438266	0.335113032739007
-0.33241491344232	0.23604479260456
-0.122523776848097	0.0689653199256258
-0.979269080017141	0.4848926069164
-1.27179409224048	0.572572110528683
-0.0502293246781086	0.021979402664218
-0.234346843869113	0.117193766629661
-0.984079435161784	0.488263061601518
-0.451682144028211	0.300629486064543
-0.975143708565975	0.481983361314072
0.156405419701574	0.0600373427044117
-0.769535996603665	0.334986965517515
0.912695689888054	0.494730238400206
-0.483612715838391	0.25345116145061
-0.24062888983546	0.120592466765623
-0.136202543187412	0.0769460307774198
0.326369359524703	0.213488549761908
-0.487252558006022	0.256166167393449
-0.299012412106593	0.137188243727459
0.369098387830601	0.187038528267993
-1.83596734364611	1.15789643592512
-0.787031748615934	0.521494592291349
1.07025645562327	1.14501179170863
0.311000010599223	0.226372422014578
0.0313586803827358	0.0172576355557721
0.0836599990888388	0.054651605747021
-0.787170176157558	0.67626015358913
-0.690415637854967	0.653190563731801
-0.577648971585569	0.422537604550987
-0.56923992316643	0.414886191740416
-1.48370603820891	0.750232392960657
-0.516303494683392	0.195262357700911
-0.387006592635349	0.266839061196424
-0.765512773870506	0.332649477838606
-0.0337325987970584	0.141647848452942
-0.160893292837862	0.918694991545755
0.499145608567117	3.42738377984906
0.727461838827614	6.34742139667793
0.527013081391147	3.58456827982697
0.607345554379771	3.91714069235389
0.340343991959796	1.30293926258085
0.228124664037061	0.71881328886687
0.0748568925231555	0.14862648197721
-0.230544825597876	0.54434376405638
-0.234308702199694	0.540686761594985
-0.344833469646792	0.915112021053454
-1.03978108747664	6.11755528016569
-0.621075280534331	2.90641251256861
-0.102815286304628	0.172015522000124
-0.249869186874401	0.537482677693416
-0.311165676287904	0.706342949279344
-0.221630664406785	0.376426943309373
-0.324751354781173	0.49677034454148
-0.0334285022586259	0.0360406022747881
-0.171332046541316	0.19655297712661
-0.682050582543728	1.00356565808801
-0.229480761107616	0.282550622664899
-1.05790728119155	1.50602878721743
-0.246012928215398	0.221050598167964
-0.338112629455496	0.363142596407249
-0.0444097419124969	0.0321842992750841
0.816934789668244	1.08289212870383
0.778703367751966	0.870106232440357
-0.13085667151574	0.10223739069134
-0.970167326907979	1.21338333950641
0.0998311857248515	0.0710439858515765
0.0575535420632777	0.0356862711929376
-0.645793050946595	0.865258026257977
-0.354499136448136	0.446669451431725
0.328925354670901	0.456244931912955
0.0979962008656802	0.107419782667822
-0.0765640443879634	0.0617981402382595
-0.355682016021894	0.378022793435402
-1.00433775051551	1.37316414379375
-0.175377232351161	0.133252386073284
-0.150894410813088	0.116260855744815
-0.307852312538615	0.272669137346223
0.436414590991234	0.435411738203952
0.859505852515543	0.78741455138881
0.0759740771590347	0.0495218340384595
-0.264490701086086	0.234404964880896
0.678840244126566	0.703757508804471
-0.960255575326187	0.941770811789542
0.0538963397451743	0.0491061691057861
-0.163109270971747	0.164109260767818
0.379770534447377	0.437045727487809
-0.302970167863513	0.267589377134082
-0.984822160830167	1.16401671315225
-0.567835814629652	0.413276607047357
-0.496401367837648	0.453256810810196
-0.426550873056272	0.327545650716395
-0.104075862433701	0.0819273212401048
0.682213408848979	0.708203102516188
0.344916964430855	0.346650069758978
-0.917558303536968	1.42869877131905
-0.917506415703569	1.10040418627785
-0.0820387327085326	0.0664456062518151
0.0578205286984625	0.0450076692343266
0.278423558231564	0.240903114221041
-0.621650994444093	0.926675184739952
0.0872506962509253	0.0758858208957315
-0.179282510888753	0.15122661907623
-0.328473306658079	0.2858570927858
0.0135211745639649	0.0120670525351812
-0.338686101032547	0.34279205983691
-0.249379045473428	0.184789511656709
-0.443790167158402	0.572392194924696
0.772947558847125	0.861383570014947
0.488225726643588	0.336376360789344
-0.384873815034301	0.265239791127883
0.451860015328675	0.181866942033698
-0.211803100213447	0.0684440141233586
0.151507372305776	0.0657333991139658
-0.593570507356915	0.283875371571293
0.829988921889609	0.350189547890131
-0.600982761439057	0.287834878587552
-1.16195438158126	0.650823501410432
-2.28452856004185	1.15589241468023
-1.32862698437618	0.834797432688082
0.454204940217567	0.182916641096981
-0.322283108399758	0.193124506761297
-1.22568659588967	0.92929478871077
-1.48688920399886	0.752482673124618
-0.598064095837487	0.286307280535268
-1.27417210805003	0.574147134662387
0.008097629524415	0.00410927486059078
-1.48003021054625	0.747396111649981
-0.388333024648134	0.161555417053104
-0.329182227663111	0.233274060633992
-1.4447079836475	1.29573793929432
-1.59053482961066	1.22061964514252
-0.528114574020088	0.546897269984264
-0.17654995291325	0.117358895104659
1.15242672351998	1.18893759138291
0.209518705214552	0.158201675571477
-0.912851907431414	0.668082721734727
0.47525456033195	0.348139133763367
-0.0520448881045662	0.0227471554339632
0.00229904321487509	0.00130980000372488
0.96241386655105	0.656383158424768
-0.794385936192098	0.434667103356323
-0.141381032056214	0.0506159875060989
-0.514630991185235	0.194661861681357
-0.721435304125973	0.247731476182057
0.15243762427523	0.0585046911358224
-1.08268731270313	0.738718549190658
-2.07855745832461	0.948936162363971
-0.720801185410545	0.247515042606667
-1.48546715980276	0.75095765982736
0.482664979327081	0.331464499923415
-0.512774894780034	0.193916140778872
-0.223843768396601	0.0722366853055712
0.442722678255326	0.177939813635178
1.46346282980804	0.916235740824979
0.915264792922235	0.49638528683902
2.41022402656441	2.06591141100875
1.06960656766378	0.518585201262824
0.827704624415871	0.348914560526735
0.153679357488054	0.066721754390136
-1.51494963266618	0.540305848955056
-1.2196624585853	0.922396468002755
-0.342569521377039	0.0986187132378211
0.0291352205006541	0.0160569247989353
-0.970337843228409	0.479137162112077
-0.33946832567862	0.0977521416130555
-1.02116299616938	0.404658802027825
-0.398947236989961	0.166471939800779
-1.97776501799444	1.37864455314326
-0.4378714739748	0.337991264967814
-0.306997847881457	0.141105580585831
-0.09779723564929	0.038813684525376
0.456139191500675	0.331398801314527
-0.129754399608136	0.0731705684484143
-0.666584421008455	0.466119287782889
-0.82340840914487	1.08758419264713
-0.361743928742254	0.386211658334888
-0.773606942273662	0.884327478059713
-0.49530456256573	0.519048921933741
-0.247945062619117	0.183595028397391
0.205505687160162	1.55074718272201
0.67636336095791	9.20190018522471
0.535625773628816	5.19096098273257
0.436176597602905	3.47236563260186
-0.430802002495184	2.88264047878231
-0.366895005401741	1.84753476491343
-1.02006034354258	10.466821068566
-0.380789792841885	1.3326073752479
-0.322283365790562	1.01858287543516
-0.665147551916081	3.16683149871854
-0.935967837526397	5.29853015397242
-1.29775186709024	12.0833437459697
-1.07924852948872	12.0186753395456
-0.841535685891022	3.78625261493325
-0.596840258965211	2.3030512420583
-0.162834159881364	0.321692058707294
-0.165936498424008	0.287746020290663
-0.237556707889929	0.319220383430833
-0.141695282134392	0.176402334237586
-0.595389475380963	1.00343974610531
-1.10068661294292	2.06714722835439
-0.49529582220667	0.722903023523832
-0.0139973075983315	0.0105011528965141
-0.777074307990187	0.664933387259258
-0.418478382317598	0.35783619915582
-0.422092449471462	0.49253573159785
0.349873078769213	0.36199575923777
-0.880202629559906	1.15717152601347
0.110568972819552	0.0790603079070708
1.08296905488802	1.27003801058688
-0.329038761554474	0.26159130636098
0.12828937306347	0.104626787142154
-0.561553264223424	0.622607385420425
-0.481204727507015	0.476384444184998
-0.132711628418165	0.145537925194181
-0.467101540901724	0.678066220817057
0.541177797287214	0.851258634531076
-0.905332485005132	1.39964962397936
0.778024304926722	0.958138228563616
0.104275527968442	0.0743218228779826
0.20153345688073	0.15692170216869
0.451193687570433	0.454376242923154
-0.896423393934848	1.12719458722312
-1.11949686064291	1.45764878806377
0.295815273624644	0.242016567323069
1.08908954875039	1.28035125245915
0.0695124896807768	0.0432090747010598
-0.0205639831385172	0.0131264032314585
-0.329366926238416	0.28680015019474
-0.501633386503097	0.667369286738168
-0.0482992325324292	0.0455033228379549
0.482078879506597	0.599584251503021
-0.128786198167708	0.0726124920252009
-1.24166984322631	1.15856632243487
-0.397317181782693	0.225450016892912
-0.598293366468416	0.286373431144928
-0.555261947163784	0.502498943798664
-0.157000334152882	0.10732025119082
-0.176984655440588	0.0948844871903939
-0.240622683080352	0.17749854798753
0.0363119813985498	0.0199447456459845
-0.0420486079994061	0.0310215974787955
0.484914749200327	0.691331958254829
0.0316979248434508	0.0238206159424321
-0.463603553949006	0.45397990753085
-0.0679852772434283	0.0606938871452512
0.496972458538669	0.556434467413566
0.555919249631656	0.569008634835944
-0.447551558442891	0.41251724887364
-0.795671576833911	0.750937376365015
-0.0141209886035259	0.0120469760743046
0.514951772220207	0.708893813640507
-0.385365934326246	0.45704186850449
-0.279769010626585	0.267877909404901
0.422903185273699	0.443815848264271
-0.194881580187376	0.190862310212977
-0.0241462294032341	0.020459993258411
-0.511751088816353	0.498720500376352
-0.709571260892563	0.677904426771989
-0.819781958573954	1.27557576521008
0.143915733046042	0.140799416273859
0.303828050669379	0.390084027699986
0.184272669830968	0.120919732909979
-1.7176672436189	1.86969618913386
1.3939070855675	1.08156855861678
-0.306660844402068	0.140961840218228
0.154849822244799	0.06723980574998
-1.09168681753785	0.747863113362307
1.57789827485225	0.786479757755199
0.168287851014599	0.0422797449011708
1.08671000398162	0.669020511894919
0.554463560288925	0.323208075976028
-0.75865332496854	0.32934909721446
2.3666627562819	1.18851493231385
-0.300338448597807	0.137772275218941
-0.971310079577157	0.480101194791371
-0.970598498304115	0.479363407247762
-1.02336778291766	0.40535272839675
-0.0983497166595668	0.0389984690848497
0.161310297810742	0.0700331264672106
-1.01670064962607	0.402447644882223
-2.33812431925758	2.1274039920299
-0.143629596355123	0.0513929708746564
-0.0877747885053944	0.0349096890477682
-0.288131364795445	0.310454610674126
-0.703002913006283	1.05822149008184
-0.338643606108356	0.296382847236946
0.722574667872769	0.733753633859828
0.525255297394001	0.455755087443535
-0.443550391924235	0.293855378713729
0.156405419701574	0.0600373427044117
0.79924571138416	0.636951047664207
-1.15592382697195	0.646233562436974
-0.240589762297908	0.120540244120875
-0.215184417856504	0.0694920488130609
-1.51494963266618	0.540305848955056
0.140021908869702	0.0538622445692753
-0.13820927510853	0.049531032348743
-0.391907778202739	0.16328129720424
0.161410373272502	0.0481834890034794
-2.05928858142741	0.936604988422931
0.154478181723191	0.0592776734642869
-0.139267738887124	0.0498744236123017
2.41188790204118	2.06567046426557
-0.0486214768859016	0.0212915772611421
-1.48831337120383	0.753191981881496
0.160875819484411	0.0480497781693361
-1.01670064962607	0.402447644882223
-0.215583462022983	0.0696521523969918
1.57515499507091	0.784670311589158
-0.979269080017141	0.4848926069164
0.670649872073233	0.212844236167521
-0.628347365301396	0.153568930486371
2.11440058097045	0.947466245515182
1.57853179581211	0.786593108338459
0.671634827760764	0.213161681695785
-0.762900274145912	0.331434318020362
-0.976655597147032	0.48331333967379
-0.731043459264494	0.25114188067349
-0.305993014432919	0.140589930793603
-1.02582176479153	0.40676668488424
-1.13129699285405	0.342278739405472
-0.224946347375524	0.0725429398119329
-0.787068111790984	0.429614306053086
0.013387955924697	0.00903504445224614
0.727813149865597	0.483683879901671
0.514234264471428	0.328369666551481
-0.514001914291837	0.194387375528581
-0.764086062426498	0.332088631279259
-0.960033703115468	0.940195125940057
-0.836588308862484	1.06000677933051
-0.0147981338495847	0.0580017125994399
-0.112915417163836	0.570443156086773
-0.158773010933959	0.769334950366124
-0.260693233732702	1.24449649338931
-0.677115842683289	4.24504068826444
-0.556202790664209	2.8695520620174
-0.510371518573103	1.75793165745348
-0.264035006889766	0.612658181480955
-0.81333465915531	2.87409251573679
-0.700829195812507	2.23927956979704
-1.07899837961451	5.08886706296566
-1.04672401642428	7.42377135629647
-0.66013100219297	1.86851427833118
-0.328611681014331	0.700592906660305
0.348800161812082	0.776518358181006
-0.21767392345221	0.360097695078114
-0.0164304423684523	0.0154604256075014
-0.22564891339551	0.237646047059341
-0.6230105122541	0.872959665517712
-1.02452031299714	1.33657217665739
-1.24259709479373	1.89996753043143
0.186537910769006	0.115941327933841
-0.0279856111814115	0.0178255780987255
-1.58793879235628	1.88309644227337
-0.377427045750344	0.295743412039787
-0.0824662574123252	0.0578874794229296
0.199119876966342	0.164916569181428
-0.177905023733545	0.135387660702107
-0.902913566976918	1.07489975472027
0.6262595660619	0.589640482838339
0.0786836771687942	0.0513526439439581
-0.772832794139965	0.778780577441206
0.300860694447894	0.227784158856366
-0.0683574155731948	0.0499988354905816
-0.209776230988468	0.207848266797188
0.114594312361802	0.117068490918498
-0.0730390858592421	0.071379964028605
-0.224456460654439	0.184919348244491
0.19915064876783	0.169674032028855
-0.0416442846977331	0.0259720802794545
0.199341071337153	0.138054764441146
-2.10710261042211	1.61369458330834
0.658487842798717	0.703126399203613
0.00773041552233615	0.00395139106221931
0.412674370347498	0.357129199958787
-0.778408185262494	0.665871940461309
-0.299497782759967	0.137527913152917
0.350026706124927	0.196460619398294
-0.269212191608712	0.168942682421998
-0.422354245558379	0.531127221788724
0.128018540765279	0.0986397468039053
-0.871512735130935	1.25321129930449
-0.677698387066188	0.537074705884178
-0.782115982733254	0.600449988366242
-1.13889620255725	0.988773790927833
-0.534574720001475	0.338224593110265
0.182994822582771	0.106563033716001
0.053168607605823	0.0311695570213716
0.547740879150656	0.318599476422946
-0.382182656734558	0.263021561847996
-0.991089213859842	0.888746331234343
-0.150928959399658	0.102899134598966
1.15758278066173	1.43567778359543
-0.281018883544172	0.203557995304856
-0.452578254916543	0.558103202959455
-0.0566474492172458	0.0412283864129926
0.189407535761055	0.151219900606528
0.0130103370611322	0.0105568093436015
-0.416119788196573	0.355569427117252
0.0814675161282825	0.0532285030224856
-1.12683747798796	1.24386862045469
-0.316850015807799	0.189765789695063
-0.340370733070843	0.344987251325699
0.666161230772852	1.03361934874209
-0.327820257663426	0.260564796910236
0.195455423621518	0.151716038151084
-0.235912405216185	0.210485442569703
-0.0431639654686817	0.0312699713882055
-0.0452126378361982	0.0333763066649644
0.458391921861779	0.333466284537081
-0.681649448341976	0.540757373716035
-0.0131390656812713	0.00986362611136949
-0.407275557147715	0.346283678080625
-0.237310555072532	0.230630379093559
-0.071572048678842	0.0640456616095647
0.199792741738356	0.150069072944999
-0.171232893677248	0.0916081984030804
0.608015216996955	0.318505660410095
0.444748898940011	0.178813466023454
0.157269989024383	0.0603884636877836
-0.783067776545625	0.517992876204431
-0.343223291761604	0.0987971723984263
1.82316587137561	0.714400972353312
0.166786027725508	0.0496866477008084
0.664094674045115	0.21063730965169
1.06360637166417	0.514645906857066
0.143881567547409	0.0623908142550688
1.78967609310482	1.00335662403471
-0.51567358163342	0.194987355076319
-0.224723959062827	0.0725118722465567
-0.761830652619391	0.330839895803259
-0.600694902373829	0.287702017295357
-0.768944294866461	0.334721769210418
-0.140710716079937	0.120995322340343
0.70902115187656	0.824521395085054
-0.897771485067558	0.749410597581169
0.805506871230217	0.643848863174617
-2.11811076151561	1.63005742992699
0.329614219646253	0.216093051243329
-0.142440177804696	0.0509737826404277
-0.768352792297376	0.334422629290655
-0.319110426728447	0.191242186164077
-0.772390297871875	0.336530248145508
-0.147297721390346	0.0527350181346736
0.149669208692586	0.0574727602497813
-0.34191607535368	0.0984089732924219
-0.142725053249377	0.0511106894746307
-0.730578580192813	0.251061657936625
-0.763997201318091	0.332058135370589
-0.719465582528739	0.247026553935257
0.157212954461689	0.0603521678958182
-0.385592301862764	0.160437798197036
0.69344704286715	0.324908395692132
0.453275723676749	0.182411845425636
-0.600453579581287	0.287542894724283
-0.135861044175959	0.0487010047272875
-2.07192382747806	0.944662982400141
-0.214527945453891	0.0692825908233493
0.162479935061762	0.0485106492306684
-0.212036192576877	0.0685029076357838
1.0461523665238	0.397340617252217
-2.62412624037836	1.60459215906299
-0.627367542213354	0.153354696036073
0.396087629131855	0.178877296458511
-1.81339137537901	0.738819242243621
0.669826712236336	0.212585182521199
-1.67286521965355	0.946361120152777
-4.00749658051746	1.74098643138457
-0.510891470732261	0.193155670362405
-0.772979690482244	0.336808586975775
-1.14009620739235	0.345227889980206
-0.215583462022983	0.0696521523969918
-0.94776437496415	0.581954165991732
-0.777221112390447	0.512446597844811
0.849300701472844	0.897008097458341
-0.775298434161499	0.421171841403036
-0.39331988658492	0.163981075525171
-0.319533571663012	0.191611218884814
0.0167212672133508	0.0646902742215071
-0.00748642677346843	0.0250626959052466
-0.227509446665722	1.07438662448366
-0.347903720872444	1.45022598933165
-0.609742910543778	3.28974052120272
-0.236025202472292	0.527941138025677
-0.445145318658808	1.20554054990413
-0.728705125157958	2.6318085870634
-0.562959749213426	1.64830677804872
-0.993721673384735	4.49906609867323
-0.658721676092713	2.99644488157824
-0.365113913119046	0.77505854997327
-0.633951423055993	1.87447986500058
-0.105063167981549	0.164225913025151
0.373775179203277	0.631258046189825
-0.335768618396674	0.441805806771074
0.49029586673198	0.689108382312662
-0.179296920487043	0.190842506361414
-0.61468883400397	0.714172027534995
-0.691240817316644	0.927641031598908
-0.189381578942348	0.160853519984006
-0.326378491349181	0.259190280916878
-0.286795518157827	0.230641322386594
-0.18474250218728	0.123239410638788
-0.179507092856278	0.119477461792681
-0.525162140998824	0.435591977507141
-0.168685810693533	0.164706095861877
-0.184813922463806	0.156462632781308
-0.0412351683584142	0.0304229237658906
0.475944070792881	0.554586965715296
0.621750345713556	0.474663702646561
0.373608338275998	0.339845043443998
0.554463560288925	0.323208075976028
1.25353712459369	1.23821175201322
0.350364335601378	0.36266709213797
0.00628254990900198	0.00392347878215777
-0.384892849974555	0.302800039652085
-0.393816707837636	0.419885345749917
-0.0760300986012736	0.068260585535999
0.343364897260652	0.423269241454683
-0.0635663254394686	0.0453886118000015
0.205276738992931	0.170669343739742
-0.432796016892286	0.333270295829813
-0.767366202400281	0.770891554386846
-1.25963195354841	1.3686171888917
-0.145587351031946	0.0989837251167982
1.50171762584657	1.98597503337261
0.107271716579286	0.0792119816896444
-0.432334458166798	0.332829291329892
-0.481970311384801	0.252548744754246
-0.371916497430846	0.290492478885613
-0.682062041871219	0.541194165323056
0.271203078664982	0.260869195568406
0.135773202413836	0.111254379420632
-0.525700116192464	0.436346993618877
-0.393210799484184	0.222662023832374
-0.0987778151522682	0.0698633736351841
0.0659240905605589	0.0409244422366583
-0.507924507777464	0.417212528817601
0.0695075781105506	0.0452492799260504
-0.0631285882401566	0.0382880607362999
-0.492383775328177	0.369824815202286
-0.858379431147914	0.854622948402075
0.968560058110241	0.962381441165517
-0.577065773251142	0.56183458535541
-0.540010382179105	0.484434687610143
0.29275170963966	0.255619845918941
0.199864243877968	0.183826300740969
-0.0268463245395352	0.0170903145165688
-0.376224169567964	0.29473155192291
-0.173794906336196	0.115322269060186
0.311260822687537	0.226615585442561
0.21352324685118	0.188670920715396
0.478748137432618	0.458253297688992
-0.0466752879578347	0.0290956936773737
0.328808846755818	0.200230547945384
-0.462401113881208	0.388993259703601
-0.661392898602117	0.726674826688651
0.690260615197031	0.720218513332141
0.302771552941721	0.229548306265059
0.728460922071726	0.741882092686054
0.0909854945920219	0.0621821886120524
-0.777495332320548	0.728095025759253
-0.783650766659202	0.672650541918177
-0.60762925368433	0.538886670861414
0.295270420894739	0.250030659013664
-0.775510047852468	0.984333535209115
1.1327577314879	1.02718422563001
-0.660764674238659	0.461867903471914
0.351549890855717	0.197345393950172
0.36823686728702	0.186529510396899
1.57561496103913	0.784837909518107
0.527816689171872	0.189769137536265
-1.27605282856675	0.575459260120326
-1.15994831418737	0.648194729337701
-0.235587398234699	0.117767263547939
0.167299398578488	0.0420768316112512
0.531842803938449	0.191317098366628
1.0883866692285	0.669713867008864
-0.511726002675108	0.193436414632331
-0.0930720986797624	0.0369360906603901
-0.399759822802772	0.226853846111367
-0.979009073350107	0.484786914121384
-0.343557529393447	0.098858556674811
-0.719862779167192	0.247072455212921
-0.539038501242957	0.341920996277963
-0.141989778853872	0.080348688777106
-0.429441122530164	0.330244961001629
0.317588597070766	0.219908974304002
-0.647454153095614	0.384348941164897
-0.394979192095021	0.164765247836892
-0.0941067654169633	0.0373762932959253
-0.981199840888374	0.485833522403223
-0.948843042105707	0.583121896313437
-0.724941080754783	0.248928107914991
-0.154712318805326	0.0553093233645633
-0.14872602711252	0.0531812505324189
-1.13251140472747	0.342543902947619
-1.0198546198872	0.40400953786834
-1.81870429132264	0.741743820146927
0.397966118148372	0.180143231410491
-0.347480099168433	0.0999933239977275
0.155506415734712	0.0674376481554727
-1.67188824182509	0.945856817859052
-0.223185576323381	0.0720166844303521
-1.01329474531644	0.400735881072596
0.948535538575274	0.252058145640786
1.27769416057077	0.704564562035945
0.170823156563517	0.0915948479445419
0.536280565569087	0.193004774479639
2.36512013651562	1.18721503964282
-0.718527169744358	0.246584376429975
0.954654689620505	0.253537900292226
1.33857781519291	0.587388164181981
0.947560352748164	0.251716891447637
-1.81937129385307	0.742146991690708
-1.02247246926207	0.405088924708776
-0.967723122127511	0.477531181349982
-1.5126542472202	0.539316353407404
-0.766695872082045	0.333485214073608
-1.82378468046076	0.744291912513803
1.45612824040965	0.482835979244752
-1.51494963266618	0.540305848955056
-1.22033482345202	0.92214399134435
0.153566330295847	0.0589761039997228
0.173083848610646	0.0928239548149465
-0.393310956715783	0.222706372837949
-0.403332630540676	0.168436644175274
-0.386869895518601	0.218449364773776
-1.51508549869365	0.540440174431714
0.0454552717823827	0.199461075300257
-0.131528250215489	0.65492127105043
-0.15733974385588	0.639877520475627
-0.426195335394712	2.49591883751085
-0.211970960258635	0.674762608035228
-0.259464602375009	0.841066756860955
-0.404635416953127	1.6327636102877
-0.670006318217688	3.45086301490745
-0.723581857477256	3.91070189709422
-0.86372634234645	4.86167317715722
-0.243454914630242	0.525176709355709
0.025004104176987	0.0366412154029039
0.0200870518500525	0.0253800070303335
0.0164642411923034	0.0175945403607818
0.0194974391766127	0.0248199011874072
-0.0752970572983644	0.0994151057309532
-0.0678736433716597	0.0757189567806719
-0.74608927092765	1.42793131467836
-0.813842188347499	1.74020341353499
-0.402410478805586	0.373404027367738
-0.322563543397423	0.349810907726223
0.100476497668108	0.0715159849418253
0.139894216254393	0.120843433549883
0.303037838255101	0.239780054665869
0.494306641644105	0.634910274234949
0.184827568039929	0.132561312239925
0.270721010932477	0.278987780460117
0.704299264606835	1.07194893264501
-0.149979642686712	0.139976006673766
0.805532306303516	1.38429921668379
0.135814614420497	0.114195904426455
0.128878778523733	0.102316770755966
0.208582913235427	0.173765044318135
-0.0819288150621959	0.0663481293249409
0.0303405689179718	0.024659019032555
0.26913968555601	0.282958488059054
-0.121563424458585	0.105269062318015
0.0411513886592128	0.0351541197482656
-0.304133304309316	0.288876109981404
0.392661234707461	0.336202144464027
0.893415605660326	1.21175590343192
0.00974560719614521	0.00768552279074835
-0.824848517383129	1.09040833077603
0.0720140320329907	0.0619689982652155
0.208417047309174	0.205942963678604
-0.276319690170148	0.246810331546993
0.323915242489654	0.352616085540692
0.532283886967649	0.55635355115109
0.59433095909682	0.575164115008635
0.10425920114462	0.0716127317654667
0.19820470581461	0.164051533650925
0.0198245622603588	0.0139626202142172
0.579519664151939	0.579264513722642
-0.457860854625105	0.384124011939149
0.199986492816541	0.179582892533866
-0.0877492880811243	0.0632757215341658
0.361461536345259	0.357488086726211
-0.0815665471002324	0.057233237259792
0.39903564186716	0.455520483646544
0.205689892522994	0.185371075363078
-0.557309032079401	0.616334017935208
-1.08646615842638	1.27719117332258
0.0832901196475038	0.0544441687663105
-0.266351828456514	0.218566204659054
0.358191308340683	0.343619230947404
-0.652828024124787	0.674958261995698
-0.124876788564411	0.0869254789455225
-0.0932624988473601	0.0658004799590292
0.0322704987922364	0.0177526867520535
-0.0424629783524434	0.0264656496376215
0.203495437973509	0.153214136586475
-0.355132412558076	0.386139115841338
-0.655250414126788	0.717356587406353
-0.684638337585525	0.915045330462221
-0.464780451229487	0.39154718068881
-0.372396392161054	0.349865583240524
-0.50804920954128	0.466733170911884
-0.781976855199311	0.516678403462562
0.0508144367872726	0.039421447458709
-0.772630715912564	0.978944191150756
0.408455950543276	0.338660898844557
0.273073332642334	0.263093173059522
0.352957860953126	0.347232014652455
-0.41355420411266	0.352496957119206
0.717588854204371	0.726765551281089
-0.375145245384395	0.257305197040423
0.110630859425628	0.081843869543758
0.145173177522387	0.125832307144953
0.101444762140958	0.0746578021616243
0.802125843012679	0.763185782888023
1.05117813832109	1.37111427366769
0.204145209440366	0.159188604890676
0.0705453777758153	0.0459559326929373
0.553933318642487	0.322974830194382
1.54039447343018	1.32944664038373
0.809079427671026	0.647112712489841
0.583167505411242	0.468156263363808
-0.13161889384887	0.0742911658982643
-0.45921760949335	0.306655761939705
0.315320030235806	0.229995879558981
0.153008476524145	0.0663189403278178
-0.0944152775936752	0.0374478151240738
-0.0713025321657608	0.0432829111828126
0.0156929699541218	0.00786052167831993
-0.0983497166595668	0.0389984690848497
-1.46842490137102	1.02423584268225
0.654322337648392	0.594758210912816
0.74800286448905	0.62894058912723
-0.933685123028982	0.983573725857519
-0.100420952049457	0.0589825849449261
-0.220423689913145	0.142953882607755
-0.786608146509476	0.520975185538445
-0.0973245287215162	0.0571411312069912
-0.298658564247294	0.13712951503459
-2.06816075697255	0.942730672003646
-4.71362499311835	2.8023968030285
-0.595141853433546	0.284764285332577
-1.32147918469037	0.828600376866097
-0.047281762813031	0.0207271389294951
1.04950057901387	0.398703247375928
0.869564875828828	0.647495426756966
-0.600982761439057	0.287834878587552
-0.384639060223972	0.217017582742146
0.407461854953504	0.18473108507496
0.537390404526941	0.193309000831856
0.00590348165231957	0.00305546036332322
0.151918171109466	0.0737653653826544
-0.100408686237883	0.0398039057434213
1.04144562491045	0.395430985542635
0.171884424897309	0.0996322604666446
-0.443859890606431	0.294325779825656
0.151953535368999	0.073699695413513
0.153177830051709	0.0665020105437734
-0.567414804328909	0.413313800724946
-1.27991532525882	0.577621762450699
-0.0281072707821763	0.0131375468880357
-4.00749658051746	1.74098643138457
-2.46848394005383	1.37538134380962
-1.2155771137921	0.916606100597286
-0.390943736994562	0.162719877466899
-1.0400091994423	0.83460871671585
-0.488397184970422	0.36614358054653
-1.64533698175366	1.6991499544987
0.066384114551077	0.300182977124628
0.0076624878159116	0.0237443196737727
-0.264944924156225	1.28933198957362
-0.135860028944206	0.403292872086384
-0.454113173347477	1.98393209999359
-0.189071119352347	0.541601164196013
-0.337241656374143	1.15062971877498
-0.764895921104277	4.55527482218509
-0.619110548863013	2.42283992726146
0.132410617259526	0.231839307369902
-0.219282837329691	0.41235247483481
-0.0471763502282759	0.0510426858222522
0.319213478915765	0.445267227796142
-0.252306656966289	0.404198225475408
-0.442794774657763	0.794383195812499
-0.294180695177263	0.480645885203872
-0.283225994547847	0.39562199885147
-0.311063264889926	0.47783838693191
-0.19163844317748	0.187161250276489
-0.220912518411741	0.216376331206823
0.0203570403061238	0.0136942708769629
0.625837547494	0.764008362691658
0.746524325213039	1.1815474079906
1.03274520568266	1.24738712756171
0.519842917835843	0.55711212195179
0.842835527977189	1.09424818815388
0.0261881020267876	0.0183941141731667
-0.248873066144491	0.223968652756703
-0.520199824685767	0.579205526283475
-0.1984344543312	0.165300888847061
-0.104105718349493	0.0818822199577044
0.369586554584537	0.33531670704966
1.33086111487123	1.56546003486416
-0.500342738796965	0.588089288441012
0.308859151531492	0.366337791091008
-0.074057614963643	0.0596953937101822
-0.544903528981771	0.668049651416186
0.764568101614055	1.12354556149325
0.0478089197792576	0.0349528857144893
1.04678957279552	0.999432419438097
0.294985966654553	0.257953121876847
-0.221345651563715	0.228060403179667
0.407615572036771	0.446353130941444
-0.453689222016173	0.51059845878148
0.140227476822595	0.121172156777071
0.216679490055721	0.201503843208103
1.60228600429676	2.90938015186857
-0.0595987615557622	0.0484886154876145
2.0344581911106	3.79033372677559
-0.462992330817171	0.453462415067966
-0.32968248310566	0.287209855998221
-0.212256649424265	0.159641881404396
1.03987314053058	0.989502734007711
0.204710768084584	0.154196547527783
-0.906223164595555	1.08036195927406
0.743557415637322	0.849220702122239
0.987016450803387	1.5035029964539
0.280413772004714	0.271575885210377
0.966749265881478	1.38603650264909
-1.89907485306149	3.13184705235557
-0.51102671785619	0.497822597313918
0.43890015582251	0.335753253350672
-0.69843533966335	0.663825921035637
-0.171815987064142	0.113953549743463
-0.142431389884614	0.0967448420037522
-0.305319115938652	0.140319581810855
-1.02140349604103	0.40462053419898
0.149227428646963	0.0723911986199996
0.345999255614076	0.19402986967412
0.0352260583919249	0.0247641234848753
-0.32978110702256	0.310124942289963
0.47124761451994	0.465062676194376
-0.363235686821193	0.339376791285756
-0.180690320185469	0.137668247167194
-0.39151819406483	0.221601910551045
-0.59590515726783	0.285119035258114
-0.714378041878251	0.821649821124325
-0.265569271136903	0.257614675867195
0.192176433552596	0.138398610494386
0.00697321995091805	0.0052799325942135
-0.160751243696327	0.137157110910364
0.563625566021812	0.651080995921284
-0.678109883909399	0.537556551796521
0.876986674983277	0.655064648966161
-0.147440640795363	0.116287323685123
0.111502480911435	0.085123427518616
0.658171284408221	0.470531329914597
0.368339215543365	0.186545833386303
-0.193357477201193	0.143836568287793
-0.274652345289023	0.198215959244362
0.322897399539067	0.22429965593914
-0.475179849810834	0.402411343059678
0.549691396806757	0.459344159049339
-0.396380818521466	0.224596257835923
0.173732016820422	0.100833844785781
-2.1075794743617	1.6143559414145
0.0325398754744206	0.0178476931329616
0.168899461317469	0.090586888047103
-0.0188746831339795	0.00894346353994263
-0.3275425236192	0.196852722057331
-0.573131591810642	0.418467386632997
-0.0896410105767752	0.0356287695912577
-0.596482976054808	0.285499705181231
-0.0935802772284631	0.0371756898766286
0.169282047636957	0.0980883734563105
0.0780721196796019	0.050938908878011
-0.0891130379539154	0.0354263445785917
-1.14897184715465	1.00131843708039
-1.09391840452696	0.749863339220509
-0.778606547972603	0.339576745796167
-0.0540971018971297	0.0236037103052549
-2.78197398722343	1.88071544608147
-0.392970158943277	0.222219534932444
-0.129753481676412	0.0732123844243718
0.347341497349241	0.194881617555347
0.366515865093321	0.185441322069562
0.14751350733507	0.0639473328603094
1.25561962396126	0.87341005721292
0.437120351872525	0.334157920832454
0.387261128099769	0.17482556094612
-0.0896778175599047	0.0356211282262474
0.793977048401979	0.477049956261738
0.158759283748485	0.0769816372810777
1.09530140683065	0.676259242178794
0.81910557840188	0.344751509075567
-1.47692061998786	1.03369300111802
0.695485768570234	0.325993590968415
0.348584388028432	0.195686737484711
-1.07963182803292	0.735847597389362
0.150728461436564	0.0654552142982886
-0.791584007626659	0.432369684303371
-0.209836069462463	0.0678117289314428
-1.32862698437618	0.834797432688082
-0.234806838865782	0.117454625960569
-0.489264392158917	0.366910761783439
-0.0514886362148701	0.0225036125970327
0.0135500179956122	0.0493728383363609
0.0616731023009426	0.23293592999179
-0.154975586639978	0.549011442083911
-0.133100403717849	0.397861894243478
-0.180104920189829	0.546814168912264
-0.642712950594408	3.48874504600819
-0.850699092509732	5.76536307005634
-0.593629506685908	2.20132649563671
-0.368971524631442	0.868317271720585
-0.257517034273982	0.484662381724207
0.111084384796855	0.134010431174812
-0.196352717560694	0.217587070075737
0.026875827984644	0.032061770280662
0.47005319670978	1.05141065531261
0.239931781013537	0.413148143062419
-0.620930712047389	1.33685643566956
-0.358748189424612	0.559055183572214
-0.190429224417002	0.216083431161159
-0.227988671940469	0.236234881219703
-0.190830539270514	0.176625244687966
0.370308816733656	0.432094635017697
0.203160143345956	0.19578843716042
-0.444924577710656	0.409366316296766
-0.318317391066294	0.317260142144179
0.82149207535906	1.09142087406654
0.373762446816969	0.339987347676489
0.471688102946209	0.449722321223624
0.345283080734555	0.381808546746522
0.144019279156133	0.124773424126696
-0.252178904334016	0.22751198762509
0.297574576864787	0.252307490293749
0.195414398474308	0.135087117527194
-0.177107132986053	0.162297796656213
-0.608391558475009	0.815550388104206
-0.0572889223303077	0.0522548300996995
-0.144861970602782	0.164206934086975
-0.455980278350966	0.639541520846829
0.321588147200204	0.223269599216362
-0.487652419812186	0.256378534982976
0.180234919204215	0.104850005880525
0.388672339179949	0.419714885580743
-0.767101303564699	0.969042468497137
0.511183332076481	0.649769282649758
0.342193586068899	0.343141760618412
0.204838778518759	0.170250611113038
-0.512357316356473	0.688025285433044
0.0431373330476018	0.0333803332757253
-0.0605910646270354	0.0441700462799899
0.199826802011384	0.155500305851911
0.537805829916981	0.563978543747809
-0.0234169717315063	0.0110008161453883
-0.792355284030994	0.52568209323888
-0.497631633182566	0.374616753413949
-0.775816083928162	0.663149162368853
-0.136573095801408	0.0771599690934243
0.494787937705951	0.460530213395723
-0.575564905831568	0.70083699118507
-0.408300009193512	0.456084266366915
-0.108525164081016	0.0949129654328936
0.0633644527892165	0.0494709761485626
0.183740322249566	0.131723599513738
0.713203413687316	0.904636024021041
0.52918236471483	0.570365252585157
-0.363617071874758	0.282724716486091
0.187043446513078	0.116213408002774
-0.268764495367145	0.168628992905232
-0.471049153280062	0.398175463292472
-0.766160146608678	0.871945522721063
-0.088902816037006	0.0780133668598103
0.803083595813686	0.869191948347806
-0.184095190505407	0.0988593859373185
-0.598533088035599	0.286442127184834
-0.0136032916317364	0.00654535292322661
1.12935386063991	1.74880491690872
-0.147699796793201	0.113583267222537
0.31481770167315	0.229595970433561
-0.42962650655631	0.3696433857082
0.116126912900227	0.0861624390527145
0.848880615818208	1.10611041740467
-0.101879874998128	0.080078166035831
0.0677708231256774	0.0421144338852535
-0.779787106380897	0.84236729073464
0.180842143143258	0.118438214733685
0.0517184159221299	0.0303542736685619
0.911347523341626	0.493672375871216
-1.19586819597106	1.38794853032975
0.0609353909135782	0.0357572059766347
-0.0781458032952392	0.0561427101439942
0.0345924011617938	0.0190098146088358
0.408889797842153	0.339061599493368
0.0582800422232901	0.0341717434458982
-0.23439286476638	0.117310538108433
-0.320417699391432	0.191948077320092
-0.0820306718052828	0.0326997499405407
-0.943780272737103	0.579111763631139
-3.45945271347814	1.2319108744944
-0.0497525660171342	0.0217770794153662
-0.978453179463435	0.484425320262514
-0.395353956297943	0.224136835060552
-0.46831475509106	0.395168123019796
0.855473844547831	0.782855197092714
-1.17700210348167	1.20681803218481
-1.03574065484484	0.830208660170221
-1.12771530260569	1.2458517011392
1.25187268566615	0.869640254277805
-0.601179956528871	0.288297058653121
0.0523484364665023	0.030686492424754
0.155806557342291	0.0466139175044204
-0.601470860361426	0.288472142287948
-1.70867947537122	1.43348359033762
2.03189368694841	1.93124150565151
1.78886371497716	1.00252148854257
-0.642337440146577	0.379767483188719
-0.510264137195654	0.192843398325321
0.583123005578097	0.46811870042751
0.696290438108489	0.326449871502926
-0.0975107428477955	0.0387100574923889
-0.0264749140527393	0.0124027629517653
-0.0917302405851672	0.036418796385065
-0.538005827814759	0.341311401232409
-0.392873220777312	0.222484756450171
-1.67257660658609	0.945546318610549
-0.781072262574229	0.669291612508666
-0.3875192389546	0.16125433231262
-0.328089776481741	0.19726635499538
-0.265250291731999	0.166059509474076
0.0895282737217128	0.446098781930073
-0.0000463609901720614	0.000136980771142009
-0.0975281819886177	0.314840400804627
0.091752885894406	0.268815773711421
-0.337491429389229	1.49509889113276
-0.696074116109452	4.63726778137096
-0.856063062125769	4.49934459997677
-0.134983005117435	0.246876525752845
0.0860174107019017	0.134892300040189
0.162664674888923	0.210665421688809
0.16400518465077	0.195614589604489
0.432917530693227	1.01090466646096
-0.51031520545161	1.33990498172282
0.0926633164226387	0.140641126179237
-0.156784438314243	0.233051988596707
-0.149823270223284	0.213234936696999
0.460263141052938	0.741408876730741
0.482803785100868	0.699753095792244
-0.392470872346921	0.491875194110499
0.196325628328631	0.199652500839952
-0.0774647344303878	0.0749736206031775
0.478397915791494	0.544423533206705
0.540510688705553	0.797570735123327
-0.050552821228749	0.0416093967843117
0.406333808820584	0.444619292455687
-0.338009134218278	0.382620601389725
0.207527152847058	0.187288867408918
0.103302488660903	0.0962761621119319
-0.201251665997357	0.197970281019064
0.881906380305588	1.12627759986466
0.516513256304488	0.569197622214382
0.508917426925641	0.65991840643215
-0.222698561756171	0.244606156211739
-0.34336355837203	0.461953711086735
0.11863818254657	0.127168597398618
-0.745362560058943	1.24069089067897
-0.260580520797592	0.213244342141925
-0.448418607283707	0.2980805749614
0.714328077204845	0.722094745426599
0.429636520341234	0.519782057795462
0.209550467067609	0.211412651840353
0.252070343520515	0.315364466738927
0.46025603258014	0.613179827055653
0.748763714003519	0.939086005725309
-0.603079867921552	0.805602767527773
0.657164064116549	0.878268613784615
0.393328525566771	0.447054437051353
-0.588544604069799	0.610051330598473
-0.0216462804368163	0.0137971590515663
0.289111471652111	0.243872280025354
-0.324965490749422	0.1951154764022
0.718644310616527	0.475481184550143
-0.365289176087495	0.367160181646158
-0.536087275417214	0.558055106765734
-0.197581928643611	0.179890054232846
-0.521388312045431	0.605126478202398
-0.0242943025313502	0.0222622737294426
0.518815853315872	0.752665780927155
-0.204075405197413	0.227717063835213
-0.0947149131001191	0.0757555091858492
0.637111472409039	0.957969183510143
0.975861816380753	1.4769117760885
0.0679249938450311	0.0531577766719479
0.018571496978609	0.00928914094088797
-0.385315149936295	0.217624276482941
0.271155550054731	0.267234948314222
0.282145370346155	0.252213953297407
-0.533547456267424	0.688692734285206
0.28897576771443	0.259509243588809
0.609752876978818	0.595035228371829
-0.301154869544191	0.138326633321101
0.802266041308719	0.484184229383912
1.36455751387478	2.10450826382185
-0.989410805285598	1.17219920605025
0.759009443197034	0.746907834058517
-0.173606204702028	0.131761265122847
0.458848234482747	0.449485858806671
0.622261475946399	0.584462249212076
-0.466344319765425	0.393211044117178
-1.81034618526769	2.47220755225156
-0.250707315869183	0.225831363588417
0.190877100155415	0.147714274320148
0.169145273771059	0.0907164392085612
-4.97109635983231	3.48115300417105
-0.0617496850736847	0.0450451455128524
-0.176168926701979	0.117066127724839
0.362209313008691	0.348409658862279
0.198825061788906	0.143687183208081
0.379952208612785	0.358418633888471
-0.0748606455392462	0.0523606752098942
0.0330343232697765	0.0181212787622449
-0.444877388359127	0.295168086081124
-0.177889554413531	0.0953958122001321
-0.787120279817968	0.429256340098202
1.07350358339721	0.520674571877295
-0.173260035383518	0.0927418156174693
-0.775816083928162	0.663149162368853
-0.491391416302964	0.368883450676234
-0.783604744843444	0.601437201357729
0.304321340162257	0.231024207842366
0.0318511472669207	0.017526673199629
0.0370727179934692	0.0203159428093113
-0.52980172539254	0.334746768892503
0.169467393208637	0.090815719775417
0.182593767503848	0.119743565709734
-0.185920106010021	0.0998809410208768
0.180538724145789	0.123929487481256
0.329600032594518	0.20096613624822
-0.4026599588395	0.228756017169438
-0.27780434395471	0.200812158250903
-0.942352905384778	0.578039349383485
-0.141642882061015	0.0961531861769666
-0.186154088981788	0.142310522499554
-1.038876257721	0.833350296482922
0.0363647637057384	0.145170608831896
-0.0374124670462358	0.128577226039203
-0.210248358181722	0.88478143475669
-0.0631696864951459	0.165326138391294
-0.221743385768916	0.735258594768681
-0.216965466571514	0.489395378020446
0.191134707474134	0.360103538348509
0.156347667035868	0.243383725820112
-0.116053814707454	0.125244540554718
-0.306473177679649	0.411337072441048
0.452369104043253	1.04570641762669
0.105734630816759	0.171927382637558
0.0747062278208656	0.109399518975527
0.103481491270212	0.143242009257719
-0.291057401558848	0.512961409386379
0.330195355275759	0.488722214703428
-0.737510594844398	1.28495752672389
0.378029949623451	0.443800212631228
0.289789922592909	0.350208875147268
-0.515719784127738	0.784998978825894
-0.0590495900293399	0.0480165372663922
1.05259112779912	1.76123504309261
0.367323699953872	0.354387221418007
-0.208626055525245	0.156610645688786
0.339935835341983	0.36624996054375
0.360501504368279	0.356380093647109
0.341513270708572	0.443217508727587
-0.0933758007973318	0.074623065137442
0.358768353839444	0.364028412178778
0.0371345117416901	0.0270520420796325
-0.495267645673929	0.703619993393727
0.490592889168654	0.689627662968481
-0.582306880022131	0.880836502824799
0.157129286491379	0.163643876323557
-0.295082566436987	0.303292515503855
1.01721080632153	1.22001770878755
0.483682909931256	0.332082091174214
0.0889055219993795	0.0581906441198079
-0.717625576349993	0.910377359151236
-0.0441138290184073	0.0403890074659989
0.708759092659934	1.26444698404137
0.0882856484317257	0.0841080726272399
-0.565749985498368	0.729526199278561
-0.417288337530723	0.469312221355433
0.0379763448438287	0.0323927389824335
-0.117508897631709	0.0910406756843958
-0.643634905694489	0.66245942994405
-0.624430971501643	0.598415298031376
-1.21662995110139	1.56909447976316
-1.51200399758817	0.538851635748943
0.966519309554102	0.960158732109806
0.517924754065068	0.468768139011148
-0.248048129961108	0.223093865310317
0.149091426546193	0.135471907828973
-0.171524066282076	0.162537716218756
0.147101682781738	0.149390238750633
0.0897675241527204	0.0813302938006114
0.213829833563677	0.216369550663889
-0.146846604483366	0.126811901444577
0.26897976925377	0.264625806571865
0.123641912521188	0.0978595145227951
-1.20423944684585	1.40343618626445
-0.381610411128209	0.299750491111163
-0.0888295396954375	0.0353162708936696
0.563176602991003	0.329517372962209
0.900886467862308	0.92322189448962
0.074705935947392	0.0602271379012325
-0.522152329911738	0.511963871238016
0.339828554820992	0.349154245612135
0.762134606127106	0.751302386376183
1.11132760320637	0.850525693997008
0.915538386967484	0.496696518472173
-0.153723507903237	0.118587652827154
0.557920213306371	0.571733075801813
0.301195278614697	0.228109974845632
0.39553187973185	0.339211217657229
-0.502249872271618	0.528836076553238
0.0983771522806099	0.0674294506769815
1.42279327473862	1.78072032949945
0.0792276074118663	0.0517354437264903
-0.297719489005486	0.262136431075104
0.0815743331480965	0.0532976782514459
0.668609277435571	0.480589773102695
-0.0511832293944838	0.0223794806226057
-0.176043339458515	0.116986910960647
0.105674205635115	0.0779793570661916
-0.320655188633275	0.226354265139503
0.392491084423298	0.336013373470327
-1.12705207667477	1.24453795112576
0.282560690473347	0.245131064678447
-0.281636498287929	0.204068307024541
-0.422281353518419	0.32338490817208
-0.0938181963116998	0.0550249194867216
0.16799670930552	0.0900824676776957
-0.172858925899382	0.114625244728019
0.0746072442062923	0.0463804327205302
-1.79648891570859	2.44041373270429
0.0688444400636108	0.0427733531238911
-0.632939126134277	0.15468454480873
-0.390077977567421	0.162246452622569
2.74500506482289	1.68241574820481
0.370650147259234	0.188121065740288
1.25587562793787	0.874365679216959
-0.393772105815865	0.223023513064878
-0.995008553997452	0.893846069612346
-2.11160318532865	2.35442371792394
-0.136978714860186	0.0774461864168867
-0.0184265172769096	0.00873990188967861
-0.464668103006537	0.391395200101509
0.15135943864824	0.0656759744042186
0.15800487272571	0.0685225550067366
0.0718816832415228	0.328684053515807
-0.0804280444186524	0.32228928230119
-0.493852293902893	3.24798240139075
-0.648943878893121	4.65423766398464
-0.285362400935264	0.839141210965048
-0.0523390197741703	0.0906688536391658
0.00136069292031937	0.00213488317570507
-0.703344158662844	1.59111565957436
-0.064480513080626	0.0680622209282975
0.372895244963683	0.847447663865335
0.472751244918117	1.36090301330081
-0.273133789428502	0.545654442471433
-0.558880603571954	1.40755622126138
-0.165900767964059	0.274025241340371
0.198283105887658	0.271665223092835
-0.0347486590628483	0.0352448863855903
-0.0370221230201921	0.0341565889367933
0.277006247041987	0.38347952523303
0.549442340984248	0.939513603210113
0.526890240375273	0.64497437542617
0.00908024184426552	0.00791249280090549
0.379526846588952	0.436621225571291
-0.00933649650418012	0.00705902340943381
0.770820225298125	1.10562097792117
1.0200995677887	1.52751281639608
-0.123278841494626	0.125599050250912
0.450210571696997	0.540720335391406
0.278721160057894	0.262858845858797
-0.371737905518423	0.37533171835773
0.491234725357784	0.677378845328603
-0.407894523135702	0.531979077355357
0.0137466053763469	0.0127527208290513
-0.0661985973493928	0.0634557512154407
0.556592787759329	0.798698989385112
-0.0141518914755669	0.00911219960508783
-0.322275606478188	0.193285853820436
-0.259871486309216	0.162421264457594
-0.132980521508764	0.1246900186566
-0.0854745418587337	0.0760994309521712
-0.0152692980499033	0.0142349670426153
0.877398162036076	1.61050383825621
1.18341965562516	2.55854694079039
-0.0192180492071026	0.0194483814337181
1.03529580213358	1.64105013485525
0.135705398138856	0.114077976279484
0.552411190468841	0.652342101298293
-0.334333016084742	0.292099821976674
-1.17631010694892	1.20541448006238
-0.27366138423564	0.17203146624572
0.670146371386515	0.788869607074327
0.532649096804056	0.556536424210205
-0.266821589327968	0.236825032412059
-0.0983828237959383	0.0869355715829355
0.0738554441716573	0.0623273270371747
-0.474463095326327	0.56191553656609
-0.0353660352080009	0.0260432229687294
0.157916208704997	0.159071310782872
0.597357060911821	0.683533291987892
0.0126235164402104	0.0102484385021339
-0.596080167063304	0.485131807755404
-0.785764394247558	0.674716999576184
-0.479746587031351	0.251327912645722
0.183360201663381	0.106776788391513
-0.447648806303144	0.297069664237141
0.199601462419988	0.187759706654858
-0.175931823031133	0.148117436656986
0.214107420966052	0.189208215079918
0.0714362394989538	0.0574805260007863
0.558798294742003	0.326203903461631
-1.21250125307908	0.913969107823505
-0.725462519324565	0.249202983263282
0.395498068162152	0.339155733919745
0.200999728412288	0.189220305346477
1.15061379666112	1.30956459783599
-0.716043862749204	0.866402661609356
-0.540112678011626	0.563685096730829
-0.0134508767049215	0.0101394446525855
-0.781347795998442	0.844487980821987
-1.07819214747846	1.03172666724881
0.607045880206418	0.591619961567978
-0.0643912511017436	0.0390636855622615
-0.452527915868344	0.301315232379853
-0.224149897978291	0.111779360233551
0.318196380295096	0.220539817998547
0.0982961738442008	0.0879081606806638
0.0645216528038816	0.0400469667525894
-0.334222714358108	0.266612613956883
-1.08925061697872	1.04869168492954
-0.0985744992388908	0.079038895340376
-0.432072047275201	0.332607621741014
-0.434619043201341	0.335075710003586
-0.39683103190163	0.224817748826938
-0.650094610875522	0.386105912371598
-0.788395216966009	0.430237637978517
-2.28452856004185	1.15589241468023
-0.301439206299605	0.138508224933325
1.66780402137879	1.58296250060928
-0.0720415782412935	0.0437337085317742
-0.695543059679953	0.610620620027036
-0.564769487545323	0.410772955690167
-0.368353824896033	0.287307253077725
-0.536426947688156	0.340201689337984
0.182220737648548	1.1949081604774
-0.0253658964234439	0.0881853750398872
-0.145997008871972	0.540063821955593
0.0809266185789943	0.186872080034453
0.121671910262717	0.277015000957627
-0.0315963040603266	0.0486044597740224
0.266650754521266	0.420666154704748
0.301100347556374	0.458054922407035
0.411491804897867	1.10020290955626
0.340700559349374	0.906163233175334
-0.0487717037639489	0.0764693862287636
-0.0125421720269232	0.0157516895574349
-0.397279941073764	0.904525052269476
-0.099289318159215	0.122224204436403
-0.354922838373809	0.504717276454688
0.870142096512778	1.4503028439411
0.350892122878404	0.435641572360211
-0.161842212447249	0.195145803345138
0.522059862423853	0.707014262611811
0.641642856240899	0.947213754975556
0.418962853181387	0.502568162516616
-0.0625758304520283	0.0572828143154242
0.0117539693584529	0.00925599796548061
-0.0607584063052707	0.0539727871346043
0.160764831180616	0.173350920663939
0.0995907825108247	0.0908988497542596
0.203226529264934	0.178314507830438
-0.365472479873226	0.341903077882008
0.207307792431029	0.246501605695517
-0.232811851763678	0.32098359218939
-0.474255289650223	0.723017095127342
-0.317662870108769	0.378061643523915
-0.0139445349224241	0.0117967233321777
-0.115567082948631	0.0800985197740671
0.371783419971728	0.188552501284734
-0.0308861155786154	0.0227433393682028
0.0973143553102194	0.0885903830486111
0.522777911252334	0.708579288270125
0.516754894655823	0.644115000164673
0.279564236182995	0.302138218423468
-0.0538420262380762	0.0489855209131734
-0.0558339880845065	0.0501572107290561
0.726080492304195	1.16017238372667
-0.451724389376019	0.507683681182856
0.290284309062471	0.260794904721178
0.299637362342366	0.245671549357864
0.0881911039778055	0.0601974161373383
-1.16047655458555	0.648560682486781
-0.237344860016738	0.174740319976887
-0.0315707319617539	0.0232481694257467
-1.02058626681637	1.32818971110345
0.460224054618511	0.613178775585255
-0.0337883309389441	0.0280188403095694
0.305436064237864	0.373747347652858
0.291378648931117	0.269700315384377
0.205561106888546	0.222246239386059
-0.548901992123346	0.740410792660892
0.0118480222574139	0.00989842153364993
0.967550658654415	1.18770156628166
0.114313701842799	0.089950746965437
-0.0904432072911696	0.0359620371472857
0.690223985718919	0.323168732464495
0.722127967368375	0.478740321691527
-0.340320331880062	0.322252500421222
0.141910052375396	0.122762187877101
0.38200603967129	0.43064280798025
-0.146880141648795	0.0999393039549828
0.341826528077371	0.191360906337617
0.151709443880736	0.051599453197034
0.1540561970176	0.0591317209177012
-1.17272323542371	1.58866191717374
-0.464762543719881	0.492408962726882
-0.432823504585501	0.395177797919996
-0.00155864801020429	0.00129487327408264
-0.331169346037597	0.311893157804545
0.304932210453045	0.221280916511502
0.69285004205381	0.723498557923
0.121777543314211	0.0934660364367042
0.633143377422264	0.691878083617276
0.515772894495096	0.551312941530971
0.0700199093302761	0.043529323875921
-0.305319115938652	0.140319581810855
-0.957202674157477	0.937224543514349
-0.0725471527703009	0.0519982880211958
-0.415222744921521	0.35458332474137
-0.783208481228915	0.51783296707192
-0.0876832205494741	0.0616879962630348
-0.949721733951476	0.583839968270526
-0.236283329870799	0.173838797619414
-0.980382180295135	0.485577017392583
-0.214926988436609	0.0694297469164798
-0.227786686292125	0.113773516110506
-1.02116299616938	0.404658802027825
-0.389731666810382	0.162386064219105
0.311362804472498	0.22668077542884
-0.377762736025188	0.259442178171571
-0.376872144170925	0.258652870629611
0.05283499851126	0.030970067707301
-0.0100957343583755	0.0367525834099123
0.0007703538500253	0.00235052852221499
0.352174538892773	1.62196812416366
0.354118098645435	1.28358460564757
0.360572053486763	1.02245800194465
-0.302664805389884	0.535264720450582
0.140506056486975	0.193389736464666
0.281614886434993	0.659904951518481
0.198763572431083	0.405176725208648
0.0225060485456284	0.033577307047885
-0.27652068523318	0.513913687246409
-0.251046218109533	0.488074514235979
0.241072760671351	0.319792164547127
0.788777176694412	1.51436791823096
0.378446343658415	0.511595649950453
0.238699779907165	0.315866788200466
0.269885122995619	0.366327721965726
0.209377373085684	0.202766889732805
-0.107547477848413	0.102070669676847
-0.0253704374499025	0.0189431834371489
0.584140396267431	0.753834194296424
0.638593915798452	0.784912748186791
0.11125389805587	0.111630678352777
-0.165858676257345	0.164468020351974
-0.156618792502675	0.144149889667568
-0.216389542909788	0.211303125239817
0.0546407259625345	0.0424768883877067
0.0730345271153285	0.0731149153926863
-0.449016295671288	0.692245236796438
-0.144855678368473	0.156361621406086
0.305079671492628	0.379787747457735
0.152477808534581	0.155544111907471
0.00402152717353414	0.00283826810955007
0.447472666324974	0.343873608990774
-0.0616899827758944	0.0449913548697376
0.29835589720146	0.350824191274907
-0.00864799209835803	0.00745522262018089
0.437317245382648	0.543467229570583
-0.321335622967818	0.424062672997307
0.334550937395634	0.342367889402604
0.106532417371735	0.101334214074106
-0.0162858382956935	0.0121862280051012
0.483780898912981	0.552364492596155
0.34928153559955	0.34275189473598
0.290374211791317	0.236717145122402
0.192954781088778	0.13900627389597
-0.534578896450036	0.33834707818575
0.194996377347368	0.134792837716809
0.392108760382659	0.335573156270662
-0.452533082090575	0.508886343233155
-0.84330018801776	0.95800681239953
-0.419057155953317	0.442873863379065
-0.345334562846757	0.432152682825894
-0.0457893831174338	0.0376092305180588
0.364406070513744	0.350956282480378
-0.774756566281079	0.781666603770028
-0.771117565100267	0.880028489154374
-0.495470205099257	0.260971090061086
-1.59812080498624	1.230586400023
1.18285613012814	1.80787120397122
0.214831052367671	0.168560281014717
0.10847523701	0.101524658308527
0.356741875397972	0.331582177751959
-0.267313518183827	0.21959173556349
-0.51567358163342	0.194987355076319
1.27716680760934	0.705528876302064
0.340606196826148	0.367184211679812
0.148273393748104	0.128821520842193
0.283577941099323	0.25372294504205
0.848507277407796	1.20127439876047
0.618412973405537	0.693541444643547
0.361274383679506	0.357108828539196
-0.116126174330516	0.0805030471609954
-0.175751920667521	0.116787945274063
-0.314502948941704	0.300754089749956
-0.366903892794321	0.285834501627977
-0.465573926948138	0.39238616596687
-0.448494459769846	0.297748224155848
0.736890268409467	0.838644148856636
0.109068855428887	0.0779304485237853
0.206227802669946	0.161064097884119
-0.852872371598378	0.912360237596414
-0.377209797944403	0.326993612103127
-0.782528515309245	0.73440790326384
-0.331270616230351	0.235069599478379
0.351983460600365	0.197635851598341
0.153559991785702	0.0589086429778871
0.165912291425212	0.0888453965899557
0.157020889255627	0.0602997169181699
-0.512146849346214	0.193682417019057
1.06183872306698	0.513654275299109
-0.536140655991052	0.339954217662084
-1.02864566712924	0.820555791429398
-0.333179600456306	0.290780413426634
-0.576229532045547	0.421265608560796
0.123266554416472	0.670349619801022
0.51488863125646	4.55251540833944
0.589853042095228	3.94482257698487
0.0860508751992129	0.198954446705993
-0.0130670263559915	0.0201800128354017
0.239142175457365	0.427233021728586
0.393809988155387	1.16866937482173
0.453291203802938	1.51133177425504
0.0353577246783969	0.0570428861729945
-0.291107734536765	0.6178556311119
0.0303133999463683	0.0416524018298906
0.176070402885816	0.261407021579093
-0.0322527621172758	0.0296593864476615
0.257582454727661	0.299490905487512
0.636525882172885	0.9874235033686
-0.432058947680279	0.656497341616315
-0.0702769980822103	0.0565161596621835
-0.0654440392975083	0.0643797101954457
0.109940646485311	0.103001054640988
0.264659683672403	0.271290935807104
0.767529469392072	1.1293026778314
0.306891674075974	0.376215404798546
0.303909205933644	0.365388073462389
0.210442663677528	0.203987821696354
1.16104481120493	2.28360275425956
0.472711766418345	0.54975734074458
0.998312240492456	1.60212409780027
0.538647170305263	0.913021642148607
-0.490838606811731	0.745389349250016
-0.275680046370839	0.346452826592211
-0.310386913606027	0.396351044212149
-0.26189947237819	0.231622093408363
0.567422434447572	0.584666931705841
1.0607160103714	1.56075472548853
0.642909810763844	0.949802604165324
0.993876920042503	1.95241520615596
-0.0685276055804099	0.0666950988789547
0.0247336245412469	0.0237589857907895
0.507617322677945	0.643660226518206
0.014604431992228	0.0133065335996963
-0.255544652137917	0.265510271205849
0.0812739039014796	0.068925444920632
0.202465381912348	0.210834013706434
-0.982887759440457	1.47012907002023
-0.777230925832474	0.838157648119175
1.01250959672541	0.83693666887273
-0.0202853305887956	0.0129607945967986
-0.105332670424973	0.0619595350566088
-0.324654839906202	0.25750382315199
0.267911409475051	0.263368911634333
-0.649203114012557	0.902738807293428
-0.337012668109704	0.340726473019313
-0.813085557868911	1.11767300121227
-0.21378520287906	0.192492693702192
-0.173904301171939	0.131996860262052
-0.0113028993892283	0.00853688326369949
-0.451617267302932	0.30058461336255
-0.0579134364741226	0.0252321356710428
0.836072960688922	1.17499085809336
0.415311407114548	0.445602432283949
-0.449069572421053	0.470787232360997
0.836517127330513	1.08247277167279
0.297309666222907	0.25207447143489
1.03610681462668	0.392933684162
-0.397761610985952	0.225727013993059
0.365233062524477	0.362032774173311
0.282427044215277	0.25975516305873
0.492084913874554	0.456992881094815
0.098106109111549	0.0672417037128413
0.383966607451324	0.339439540493712
-0.0736395403179888	0.0528006247762466
-0.0685444878347626	0.0490281898918383
0.195973187675165	0.146874938276222
0.462373613388802	0.453847084326839
0.397260929520551	0.341020054493724
-0.962857615992889	0.945315183899544
0.483757154884319	0.332562626205704
-0.171936091587502	0.130364653249389
-0.122727751212071	0.0954033106131723
-0.176925130337677	0.117596003658056
-1.25878919882337	1.3675916676526
-0.453437650259717	0.302015223229063
-0.855296807611347	0.91568386349251
-1.82525320588538	1.66712350329239
0.176146013464505	0.102292289707403
-1.16492844639666	0.652402689368129
-0.646539104261892	0.383717203275749
-0.215417270113509	0.0695361432210389
-0.10064968729674	0.0399126998409697
0.402439831243901	0.182247027329972
0.401375377929011	0.181839806606944
0.476037746876032	0.454855243690321
-0.566500889819566	0.412457518168863
-0.18119228499008	0.120670819861434
0.0825454101826516	0.418547606046596
-0.118457210377439	0.56930726327685
-0.853502238557147	11.7605129977631
-0.560348790395155	4.05014475020199
-0.346659234028364	1.61390533334248
-0.0265340197972034	0.0538842110635705
-0.559892315631303	2.21837648288905
-0.513093149740026	1.94418567369046
-1.37640564159496	7.55445225055108
-1.9620964139646	18.2563908001472
-0.470110714446665	0.990648945910628
-0.592138691770298	1.06209531477261
0.475412237597717	0.752210333850974
-0.083575410703217	0.0994203968864087
0.0523235341380417	0.0549024444324101
0.759291741876195	1.11178533471292
-0.0559841608472364	0.0503033232291664
-0.159462412151068	0.147090875466751
-0.147985733775034	0.20046002947908
-0.204154636125103	0.266855247575962
-0.444860369532032	0.698733059819399
-0.0823102237311084	0.0852510001187034
0.146282526702361	0.148435115274608
0.153393707757855	0.171681629465659
-0.203325196302854	0.185897522355471
0.395004369020986	0.439374118085019
-0.325583218296818	0.447789909174127
-0.350109737831864	0.447559053563781
-0.980246663899869	2.19575533577456
0.024918756089526	0.032646133579197
0.0115248088132324	0.0129900185738959
0.270893167832277	0.39696366823307
0.164616231913386	0.188711179638675
0.249467235332275	0.29752989842651
-0.0365880446470313	0.0333297144188179
0.206566068729744	0.219680706675275
-0.26333729556017	0.269882331770108
-1.01645501539787	1.39742313485712
0.660649631948402	0.965642108253948
0.282637189711336	0.260114299707719
0.820330933231117	1.08911463016981
-0.507504011127761	0.493142086342529
-0.330328865578568	0.352606932199332
-0.820005395969659	1.131890250208
-0.168401016085997	0.141052166783543
-0.296282656782227	0.385275084177297
-0.319078630233305	0.380336869145019
0.112267896296931	0.083127801789015
-0.0376029672791135	0.0277200725633892
-0.840946535313168	1.01214635476053
-0.938286102962571	0.991065104090582
-0.0911277592658816	0.064217602183962
-0.376266516439321	0.429575472486663
-0.334739705789303	0.337934530649403
-0.342551409720943	0.408793940331258
-0.569649318091294	0.552527797412769
-0.706320477979348	0.76574324673178
0.421102743784064	0.441395755356385
0.610668319422305	0.968200465511978
-0.830729851741953	1.10187298996083
0.204918491862865	0.197791370843713
-0.150835688530721	0.130627250611447
0.484571348785715	0.553541438734609
0.760456536285735	1.18598850736891
-0.0825680432579225	0.0791264327841343
-0.265511279331523	0.166356514748598
0.196095820852308	0.14145475382837
0.569420915716093	0.745690372437376
-0.65493598151707	0.882099199625281
0.516635509522652	0.467355968446696
0.349362831076348	0.342839792738533
0.146623304575438	0.127208585447391
-0.0493261982717197	0.0484598704719455
0.466915068582662	0.540860610679185
-0.585059621435169	0.605381027225856
0.178477419616872	0.103892488784288
-0.0849208485967564	0.0338066364448549
0.154013634311518	0.06687398354569
-0.0293610178343532	0.0137171631194198
-0.781949546534127	0.425903550308639
1.7862979815107	1.00017679976002
0.155472990593838	0.0755523558734558
1.11347681786455	0.851933335840019
0.105723692513547	0.0986944025184792
-0.0915446257644062	0.0730933622359054
0.353930010889367	0.348445589612789
-0.598430527846663	0.487863040677558
0.747160911767184	0.628250087713478
0.670974460325512	0.614908020248264
0.372166671910702	0.188731591452379
0.0583008310095506	0.0342215185075435
0.0507624895650352	0.22318849031999
-0.199558993816402	1.16881134106049
0.0064264282218707	0.015082733348134
0.243930059513629	0.87793315641554
0.142819210260968	0.453902679493393
-0.13100377787484	0.337227309433963
-0.257435805106513	0.756651764598509
-0.644172829943555	2.80585840744425
-1.07351245338088	6.59230640531337
-0.153698636748265	0.226601899280183
-0.169323745250293	0.209661057831823
-0.571525600947659	0.961877516267911
0.0816048752011348	0.0946134690378089
-0.173362327775167	0.19660163708904
0.278277373458094	0.29446766679096
0.0612425405526388	0.0656494261941303
-0.55534275892226	0.776415237508688
0.031257519697576	0.0328977329900265
0.177565245208255	0.210831542039216
-0.378994240799718	0.51302155109739
-0.68657869951689	1.23360050198683
-0.201486033592406	0.194460700605159
0.270159425928892	0.289881461860277
0.12642047147516	0.102987511561822
0.544354907857032	0.820638896808844
-0.0289266727676609	0.0307872597084261
-0.807505208423023	1.55178991307491
-0.592638959664261	1.08717832765863
-0.741483974645294	1.94897325395109
-0.385541358062322	0.575719949176308
-0.8292659496049	1.20143181886585
-1.22921917322748	2.55277946128252
0.284384535237516	0.359003125295376
0.320140938327175	0.434182746904522
-0.25708816920496	0.262072498930339
-0.299533159200801	0.36376763028676
0.131143473756485	0.117635482117101
0.109033660864948	0.105740159222025
-0.0012364640827431	0.00108880006142006
-0.335179106993284	0.359020392573089
0.214481112620734	0.173893802455099
0.206092786005249	0.181222935682407
-0.271334761439085	0.223360557852954
-0.723722836440294	0.962060725148881
0.374993683313437	0.448140510745017
0.0999456654881356	0.0929220343645817
-0.241866160460936	0.216703468644295
-0.298395156518791	0.262619602957335
-0.773585697852166	0.981019128559309
-0.350329889053811	0.370764395172856
-0.258626295826351	0.211361542817133
-0.361047638890179	0.336778646670814
-0.564157790647117	0.545513714949856
0.013373297509392	0.0105274208389015
-0.103228158110771	0.0899114773821969
0.429855713551899	0.581035118596828
0.379824773775652	0.446335382187958
0.0612768467739616	0.0580666088023901
-0.374984422761489	0.450169848113308
-0.473067465444875	0.559528386005955
0.388372527064876	0.344366197317729
0.105444647731289	0.0752358371716387
-0.769943879587818	1.01911800857379
0.0717844212858719	0.0591649639540175
-0.23511790781579	0.228077129401932
0.0278182424845955	0.0236323667091412
0.154623211192886	0.146961594304105
-0.303186956375762	0.306394450687261
0.915199110964906	1.42643999080281
-0.151690871219357	0.116914103949785
0.207810763593222	0.173060939190151
1.24903222264759	1.64840924693971
-0.530491158659737	0.619863343509282
-0.223813066615198	0.202918450503162
-0.051809182145159	0.04269071610986
-0.648988692798084	0.707938583946701
0.533603356878745	0.46525019822425
-0.594033059547851	0.483298408435873
-0.516933647184975	0.195517224842632
-0.420466972727186	0.321706317175846
0.508900121383039	0.324392280603089
-0.0132114219023453	0.00852313823455545
-0.282841175139871	0.205098744309878
0.0883826718190021	0.060307510662252
0.189158401651814	0.136025430910997
0.194281398590497	0.127976373464264
-0.206081390432933	0.154381595330722
-0.243935037911748	0.197435516623208
-0.0944152775936752	0.0374478151240738
0.15884667916739	1.00541311748159
0.100981887513868	0.461454619390297
0.248384058913474	1.34265729051165
-0.121536047675026	0.395318793334485
-0.17022069624298	0.521264317583894
-0.373136466277919	1.35807434806327
-1.22557975146682	6.59859424364953
-1.7468746421804	14.7435766402545
-0.182128053874837	0.27176562267746
-0.173796851572154	0.250965626606694
-0.0655505666982332	0.0729596822397542
-0.158145110330769	0.210344829112417
0.429600079916553	0.638186209693741
-0.150914279144382	0.140943087466608
-0.279431687503677	0.338818289305435
-0.144984188715054	0.156462128849648
0.463670315056148	0.948871707053867
0.382851590270534	0.679724534698496
0.203941245015433	0.278127367774572
-0.000577529260944753	0.000700377396598634
0.544208603401372	0.733107190983297
0.249719322761497	0.297725745426149
0.376272118024061	0.431903031535642
-0.734517724820778	1.06237910109159
0.0574409390560853	0.0542529320963165
0.0241210000266082	0.0245938355734726
-0.173257797104166	0.208706534359522
-0.715112962053956	1.79157564261498
0.102595419325125	0.121349242364061
-0.276390616740445	0.382893070100442
-0.678093634334169	1.24171196563662
-0.270071665104654	0.33004016357637
0.260848510254772	0.277860303607539
-0.523613607554819	0.708497770589372
0.205185848674636	0.225362539974961
-0.16205519535489	0.160164947331985
-0.473272764128397	0.560161875817172
0.293945032138456	0.272516822594222
0.0623737046755221	0.0499259828870874
-0.0469903878807921	0.0347345706982817
-0.238786796952234	0.213451288230222
-0.465125749662808	0.492916085181135
0.311845385526601	0.363938910266035
-0.127928311216531	0.12140714998258
-0.563907562628599	0.817394329248929
0.491437905341884	0.456571634098323
0.0436826381250571	0.0328810091902579
0.0280341164105414	0.0196753855559508
-0.677568772787735	0.536397207494602
-0.363760562940242	0.312780210600379
-0.183419768789031	0.168720537619242
-0.583281358734996	0.94900866995072
0.0348794987531445	0.0245249518774671
0.112864020047616	0.0836090340476425
-0.0473752429031011	0.0343709400039105
0.278625663604153	0.240994673279915
0.563402228853579	0.795488400945833
0.250745390207457	0.269924339488928
-0.223214661123685	0.259465747472429
0.577668999337482	0.742143933404589
0.211504107528792	0.196143598114545
0.15833200959002	0.153926748451555
0.755665043857534	1.02966174213198
0.660690935331242	0.79938519988267
0.0404655025769959	0.0294934570537496
0.14605657463576	0.129672007558831
0.0390500450769992	0.0333147760182096
-0.620477920167965	0.553618603908831
-0.125340992051288	0.0976106671578636
-1.08408178362786	1.84419258602391
0.309795580570638	0.354259443557845
0.41655969070497	0.346898036517628
0.471898975822277	0.449589395787973
-0.238642074161816	0.175818315059489
0.154013634311518	0.06687398354569
-0.142440177804696	0.0509737826404277
-0.97226561579075	0.480382498577828
-0.996320098734116	0.895096987873573
0.31126862281423	0.237157967208456
-0.256749771063567	0.247594000249686
0.202610641582624	0.163128851914873
-0.245269077077425	0.22028141584955
0.542351343450013	0.475009573176907
0.629517157956891	0.593737045906171
-0.134333428145837	0.0758162486194008
-0.596720961513624	0.285633666135419
0.0242687658880484	0.0134518143389963
0.196695761561065	1.46386588839396
-0.008179988118195	0.0283771799057152
-0.281972761272415	1.39075355245484
-0.550050434056173	3.07813147716227
-0.916951924579929	5.61030366384926
-0.909409031967084	4.1012918384876
-1.68449783489506	13.0906186597337
0.0378707985622976	0.0489347021431449
0.183517847978987	0.264543006978925
0.477499498880066	0.94089048679355
0.700478320742375	1.43396897102174
-0.290294929979936	0.369883492743332
0.313491687835559	0.366240658781266
-0.56163558244747	0.876334877828417
-0.371606101177793	0.466635936050328
-0.0492272220952797	0.0617950022769528
0.220634648988638	0.346543403629088
0.377315405439565	0.688635641319639
-0.200639505691587	0.288593581663412
0.012559185262028	0.0114342763652372
0.293646530124756	0.396403944707632
0.383626669176843	0.442795348431584
0.0597109937855548	0.0564923130190416
-0.0401155765737203	0.0404531857684357
-0.438189335860582	0.61646290513868
-0.419872656856192	0.52706942400351
-0.308833828479666	0.570420970182877
-0.682219677833701	2.00368913415155
0.0347066687817507	0.0466750478623528
-0.469435593126079	0.785926770581522
-0.203993434934034	0.23111825742512
-0.103229646359538	0.106223971476826
0.271113876476282	0.285430988076263
-0.266791108130751	0.293619723087848
0.0407889054406861	0.0297510249727632
0.353651446214419	0.348073513186471
0.0482102991630186	0.0363515043688201
0.196789459892864	0.152851659081253
0.0253007680243913	0.0170368115541274
0.557874504636719	0.57180885864852
0.40188045891606	0.427122591168911
-0.114014252925393	0.131558235007511
0.140315766183316	0.17809670638967
-0.0503827103870136	0.0463467733871773
0.0908274819411516	0.0807958236657204
0.111612512622707	0.0825931982971452
0.0268396658271006	0.0188599194488596
-0.273238703555388	0.197081140306219
-0.200723916567968	0.183105699747361
0.41481448780451	0.345128369436324
0.151874629700476	0.144116753209215
-0.0778117889917565	0.0688551446045762
0.014900687377892	0.0135606828240865
-0.662727934102146	0.766860810261335
0.0768942332846283	0.0501420091171743
-0.180561860349189	0.137568736003906
0.287511977356445	0.234049613079355
0.195431977486437	0.223096655252396
0.372587144704655	0.50930466235491
-0.444050211458216	0.54385732348825
0.645638183663119	0.797935207763645
-0.02410931989457	0.017995930445275
0.0603524620776314	0.0606024043039954
0.0279785035218787	0.0232481149986356
0.0513550541167044	0.0301272994117235
-1.82281156821298	1.66600004449206
-0.248643466630705	0.223778967470111
0.248245381252242	0.290818927033216
-0.594369638665054	0.483393990761541
1.16367015994782	1.33213286502913
0.0568282697251511	0.0544802199097637
-0.0316351484230995	0.0359648580387431
-0.904475164153623	1.07741222670791
-0.13390638658377	0.0756185671840326
0.152535316970161	0.0518648992874702
1.89898800733571	2.12123525764312
-1.024931295921	0.406505232933835
-0.638933013493649	0.377830655740104
-0.0981035067165029	0.0388842531271731
0.01819413134747	0.00910449179999247
-0.306158679366283	0.1407209567511
0.408050400930825	0.580561960847972
-0.251177784597855	0.282543607896572
1.0789953345733	1.98748579309377
0.48052278098205	0.532294540979353
-0.410020850076335	0.382329111105874
0.625206139296695	0.679654473759617
-1.07826167192949	0.734525103129588
0.162672790548148	0.0870743646036601
-0.270913315348639	0.170119682140952
0.0290988544632681	0.114722888158776
-0.149308513992307	0.677564363120977
-0.212165174304136	0.717979079513111
-0.643804399269463	3.0974644248602
-1.11127694558088	5.30668667470319
-0.820690855450743	3.1789923747809
0.0235426551823195	0.0286482672794426
0.332449121947687	0.519174818391593
0.317057982656011	0.517132549726045
0.205256549229611	0.280302006866007
0.438573323237808	0.585821865741808
0.917261391317189	1.59021112995716
0.10854499120149	0.105212674836847
-0.723988409528439	0.880364999399686
0.325655133299014	0.556761085314266
0.248361829975348	0.357232815253093
-0.0672786827959328	0.0786378192839328
0.801797891379333	1.66832735868561
0.32285819646642	0.358503029282164
-0.075115968912685	0.0673843663813945
-0.169368923445104	0.154215550567567
-0.0652894755583497	0.0590416690204334
0.576364572563102	0.803417222102082
-0.780374336300993	1.2583141979681
-0.601631346768044	0.949042948957454
-0.330371997012276	0.533206414804898
-0.413874952978096	0.753035660220703
-0.120728599707838	0.159921352872341
-0.103881874375334	0.0921681941976879
0.139154602729689	0.133154198790758
-0.00196241763198371	0.00146759992834534
-0.0339024075102833	0.0281063364317172
-0.0712626980718638	0.0583906480686567
0.423734080442613	0.338491829036351
0.838901053043089	1.0870876295552
-0.127912071400312	0.0997376713690224
0.774165619742944	0.951218240016029
-0.519379764197367	0.429699904770868
-0.149291276606694	0.126345536633625
1.23291478507977	1.61462958126595
0.30125244866508	0.418975307069219
0.483535998633628	0.758241545927893
0.789102940451834	1.2973673689366
0.778066746338061	0.95769878133555
0.506861850856241	0.456137089308889
0.178176482539942	0.116579048759295
-1.23538054065868	1.15017131155622
-1.2445112140145	1.1632672049344
-0.994312486211733	1.1811547979385
0.262453712048273	0.262938029115359
-0.226810266467974	0.234780587126556
-0.163004306294926	0.139276534080311
0.0120539770076534	0.0111912411073696
-0.00135195491176947	0.000687394319774172
-0.0391450520451413	0.0244109143854175
1.51459945585339	2.01218629638625
-1.6637233107401	2.07331612639215
0.023909528434668	0.0198466797157809
0.668034500394853	1.014737940526
0.485618618333195	0.540066385136953
0.262424670303054	0.268738804928618
-0.465936518430246	0.392733343456913
-0.169459478126845	0.154251766937034
0.283894693601511	0.254149177372502
-0.103407697318986	0.0813723051681488
0.514248587283438	0.328399183464186
-0.0876445788556127	0.0697754310107441
0.217730457190975	0.176851141922808
0.0452073684968108	0.0247634213755816
-0.782084437373693	0.60021814623644
0.106534197047954	0.103024181056441
0.59306045363879	1.04151765965692
-0.493234288367496	0.370681651156374
1.1459967388934	1.18015491006038
0.156654653991889	0.0601389991500927
-2.7744628856782	1.86899882355843
-0.599080715884947	0.287136250405128
-0.770366793985718	0.335260730373746
-0.599108897150684	0.286827148762254
0.159311548972865	0.0540967488137483
-0.781136798351403	0.424865941033009
0.403246530166326	0.182661858543197
-0.652682318327297	1.05542706261923
-0.0465244149289515	0.0376164123972896
1.01775069254212	1.22079816256032
-0.0418652304053604	0.0260983904932163
0.178063850555417	0.110340406270136
0.364799673089141	0.184390989006105
-0.778803684310832	0.423490664258397
0.142932088963123	0.0549627106668543
-0.0938844786016753	0.0372437459496391
0.0306808748309194	0.11771736468647
-0.132191532531227	0.601926639889983
-0.394629559950902	2.19118927529094
-0.59001168536017	2.84011566300125
-0.634828672939657	3.21886620258214
0.200011050856884	0.382807912777475
0.547690401972661	1.24094404689793
0.678625795696253	1.48230514826989
0.303429666730086	0.51452972774355
0.552816550194936	1.20277618471175
0.086212857646256	0.0898365039215832
0.528075846274362	1.18795039995149
0.378001745443589	0.557111222087148
-0.170334637734998	0.211076874683328
-0.0341417464562835	0.0364978592367632
0.452283706881123	0.824000130495272
0.355035594219829	0.563622287040898
-0.0460955721475028	0.0456842600121702
0.0168840421457155	0.0136744030637992
-0.453480768798164	0.559645481033024
-0.252190207902292	0.330627015200727
-0.32241882816803	0.464322754750598
-0.0490025425972232	0.0577127081706452
-0.581436633056955	1.24219647206937
-0.124034411816738	0.156292195228898
0.152588701273664	0.163336880605183
0.553925471292782	0.566448328873258
0.312395032586432	0.364800367344717
-0.158432854625616	0.18563273725371
0.406605931654964	0.664896548307149
0.477077899192562	0.743952026991479
0.0481349299091627	0.0497145656380081
0.0239976613061595	0.0223295037858712
0.593016288965734	1.10048505605165
0.624624625042161	0.838821214142583
0.525971319384824	0.643401862424916
0.14059603155751	0.118561302855438
0.284662530779295	0.276426546625
-0.137565378960515	0.118040940781406
0.191372448464476	0.132061304337563
-0.0349048843500508	0.0257155118618005
-0.106606841429925	0.0913207407315839
0.283945307482363	0.268669939895632
-0.485121809287369	0.578388646624112
-0.0650669824131976	0.0531224149793687
-0.711639009874368	0.77374955228037
-0.0226486462817687	0.0106580736609903
0.0312848328290948	0.0171906772407198
-0.696338149216663	0.611544127178584
-0.480245125470097	0.535766366076138
-0.532042179804148	0.622105500845773
0.151152055020956	0.14052696046505
0.345953100088408	0.356919310036715
-0.369774450517939	0.319028494401162
-0.296688572623043	0.136001791224007
-0.484573292944512	0.254058607852369
-0.190069476883447	0.157448723668566
-0.0959168002211833	0.0677336091949839
-0.772450278696811	1.02502570668519
0.206905254166144	0.186683022103664
0.0486163849184201	0.0366463904762383
-0.147605114696104	0.113517196617842
-0.0989825300233807	0.0581246860681121
-0.365447733006267	0.314575844372862
0.0964310973738824	0.0660437089062246
-0.577527390792881	0.594772989246978
0.52531958589539	0.456032741768977
0.355112549901014	0.199625129859441
0.839054156864201	0.987615482851387
0.190648183591406	0.125474609747299
-0.893198334970992	0.744489108041927
-0.777964055139437	0.422968109734543
-0.176150889437697	0.117075728178569
-1.16305429075171	0.651431133105286
0.967337322467298	0.961253528882857
-0.180418889554271	0.0967689937411793
0.798847519201868	0.48122081514434
-1.48381146477455	0.750044721804023
-1.84040033297749	1.16248168489168
-0.0234249661100615	0.0110054221770326
0.0576223103584707	0.0337947878725605
-0.495911570754223	0.37296950543419
0.0205955621710269	0.0770052008174888
-0.150005585964379	0.696513195601718
-0.0284715649732168	0.0718460109105335
-0.317197529374286	1.19341365512046
0.361301650723579	0.976273015992876
0.441110672325435	1.08255313417124
0.527638082588187	1.44302463857011
0.304960075861343	0.612337482497766
0.627342433162817	1.67955604202212
0.379486004479151	0.659901398559296
0.130923869222158	0.202400913067469
0.263677812129033	0.430048797368262
0.94489510622761	2.09606328160226
0.739570744908079	1.54596402730322
0.608459944750553	1.21289904209274
0.528386056496907	1.16299545255647
0.357783910241815	0.5764905948609
0.257388841371768	0.349466463526881
-0.167130807213172	0.197633656404058
0.428561982938271	0.78231875803106
-0.115067830574839	0.153556554437018
-0.266996514184911	0.399453680324582
0.0384016046217252	0.0460529580404188
-0.207816068693225	0.292046407952827
-0.378751861493478	0.433291091954392
0.20825340073057	0.157174030063822
-0.647060820006924	0.898863394670946
-0.0365425286122927	0.0332928306701114
0.122657246159374	0.151076039570188
0.358319289451993	0.624066862326632
0.437549516496487	0.849006122765938
0.451745738253595	0.609639173289284
0.0760267903922188	0.0835940083051827
0.51547570010236	0.76018868656028
0.932801040259323	1.69118275378368
0.103845553659642	0.0985792281107746
1.18347477169076	1.91090073323797
-0.903584994724568	1.14084179300952
0.814183834239255	0.778798245065139
-0.259545329769995	0.212189302327736
0.201671498378895	0.157102423505262
-0.570567896044646	0.664870994100494
-0.591705965771246	0.856321273150215
-0.536289071349353	0.628855216687083
-0.233096464325893	0.116615848742619
0.829163317967424	0.349753041955828
-0.211202683898062	0.13638880045122
-0.535477394351141	0.339292647440697
0.200571150319533	0.192927751978897
0.140488360631123	0.124237979356846
0.514990637781904	0.567218157494869
0.588755133165659	0.762026427990542
0.008097629524415	0.00410927486059078
1.24852607514911	0.86711375423881
-0.219396786124628	0.14213441869258
0.681480233012577	0.707262679771338
-0.128561131918365	0.111894399042944
0.935768511702367	1.05565283771409
-0.362423823615345	0.363589815635547
0.577982962935501	0.673676469114913
-0.0771110256812605	0.0622676244196776
0.0502870597887428	0.0399929764876405
-0.624489629959091	0.598501192896252
0.053404128060337	0.0403527134098245
0.303940801239343	0.230750992299298
0.897393222753036	0.918595104986647
1.03887338740164	0.989033363035277
0.612301334899799	0.684282836052356
0.530530257809369	0.55369747102946
1.00969060297652	1.42674521252813
-0.697371184091474	0.708557032634708
-0.381211339961316	0.261984848540988
-0.614083927074145	0.546362993797134
-0.912664794353464	0.666446961647641
-0.33946832567862	0.0977521416130555
-0.783446212436154	0.427005671548173
-0.0645087126157681	0.0391266234702015
-0.0429161049990244	0.173885337480326
0.0272520123150872	0.0879247430158166
0.120228152162865	0.364109938594353
0.355487638866695	1.13891185867502
0.599205049619722	2.08770589699447
0.517777639205169	1.46803549146629
0.493012471083159	1.41702014005455
0.830584778087137	3.13287842786831
0.87391419462987	2.61028749243473
0.101996392590576	0.148091000550006
0.67551765749505	1.62169105457371
0.475174223199539	0.856359222044675
0.178443026773708	0.242901011253477
0.557676175743193	1.20457445044516
0.049204448564969	0.0688691854236067
0.670365988521184	1.49523236528672
0.30512306769968	0.449032505323276
0.625212746447958	1.06944865192574
0.157451305594092	0.221083016276669
-0.685213860468565	1.69617764884091
-0.673232206240617	1.71856471413574
-0.175790877505994	0.278734360292318
-0.314839634544225	0.419467781813572
0.266710890275422	0.285435919131759
1.24184736885189	1.50666602705636
0.71275923163796	1.27544732252128
0.247171710107219	0.280140174729167
0.163711746241987	0.209928306286152
0.344272441582	0.574129047070874
0.985396021966259	2.15695427406806
0.0870467626376704	0.0920121654221987
0.743890228989742	1.46189667062695
0.212796512639945	0.25419018880838
0.406473124006401	0.533654027721766
0.283955404854532	0.268755734818486
0.401415744318261	0.458897421445835
0.843361791881109	1.09561017487717
-0.78721546731623	0.605257379639268
-0.651504672496463	0.712014685458215
-1.02241696984085	1.33184971630485
0.0591861244213912	0.0532016328930493
-0.185439716363711	0.123703856167752
0.326790253536348	0.213792364884237
0.723532435195976	0.480298124479029
0.153008476524145	0.0663189403278178
0.350029612893294	0.196715158008627
-0.198940763699854	0.148486390826543
-0.155879173142947	0.146140634338276
0.135278830278671	0.1137138605213
0.264365032011205	0.252927076114061
0.307726197948867	0.2234067656895
-0.494140524318145	0.371529987480994
-0.0692613114166361	0.0420479144422226
0.690031225767948	0.890283923356352
-0.0989919562384798	0.0875310696131998
-0.0553671033747957	0.0402715563952356
-0.301322959818237	0.285572011813943
-0.214117910504503	0.161165643788604
-0.446751079731617	0.500047725642797
-0.173039638464213	0.114791953796978
0.576526685264106	0.461340661847419
0.585483557194229	0.587111196041028
0.633062811226529	0.59787229764604
0.38960138937372	0.357883545275306
-0.41463727795062	0.354075488556854
-0.598527433920222	0.65688387540674
-0.596280823172334	0.620851584250115
0.0459332532603912	0.0346010008112811
-0.237426289001477	0.212005683579504
-0.335050144753621	0.26738239233516
-0.202117530242357	0.151098268947567
-0.671104394941408	0.470872874507577
-0.715056324487835	0.778778244870846
0.488660536726865	0.336400506406116
0.0736755008054569	0.318799516321331
0.156768511046487	0.71280490800791
0.590609295824911	2.85471118582562
0.735894397158695	3.15962602205535
0.303080044398619	0.667565293382475
0.51338105361596	1.71542215496522
0.371198743304769	0.990074084728671
0.877061906111856	2.91508728080682
0.247125037075185	0.474028403520387
0.25209330224617	0.419541178735327
0.436579852195431	0.792941732723999
0.354570160452882	0.658743596330524
0.360542076065541	0.560703161525343
0.457989730005004	0.911978964120624
-0.206811954139876	0.282287457513753
0.613510773842567	1.22739023623969
-0.260898314650378	0.32846281733491
-0.0306498591676536	0.0348220281894854
0.122450680157949	0.177858554497432
-0.350226632678242	0.67225653954976
-0.364183632081569	0.683882679194198
-0.173486892756977	0.249246542514693
-0.040054370067618	0.0337943419318484
0.670689537904552	0.614478217293258
1.18696086882895	2.30176020458787
0.158375483704345	0.178118052304198
-0.400401495396303	0.631532464371798
0.98195780707618	2.14453920386176
-0.086943172945151	0.0968100653513959
-0.264817812392216	0.32713340588235
-0.0313839194003762	0.0331605586961312
0.17335704592072	0.188973255556633
0.545701585522302	0.736002222504589
-0.926798665191038	1.32903725022038
-0.641628610897837	0.824908768326908
0.0472368849205876	0.0355993263957514
0.972842314959668	0.666904917656597
-0.49507100351139	0.37229757987939
-0.135336630976574	0.115941932880042
-0.297103498756045	0.305775665467773
-0.874332357092518	1.36667988519168
-0.248763296213409	0.238296740129737
-0.263215842679288	0.233043032417764
-0.237482858210522	0.118890212876162
-0.319507354483496	0.191324087837598
-1.46476869755162	1.01898883326358
2.11662288333808	0.949279701700066
-0.483226370245021	0.253293375891541
-0.604348696301278	0.290132953413609
-0.239201048373326	0.213874704078073
-1.39596405858878	2.03670100311539
-0.485754648471828	0.440737923189585
-0.110123119699299	0.0870107885998861
-0.219443814704029	0.142196846435362
-0.35362289798101	0.101629271226312
-0.515466779883267	0.194997679323859
-0.136148460771406	0.0769155200607086
0.681594055021715	0.707351550995508
0.585323172561804	0.47045552836726
-1.1467183598023	0.998544917742143
-0.00753610391806179	0.0048573336774228
-0.937978714267339	0.990649032306998
0.168796621706786	0.0906026014730497
-0.610380802146238	0.542161280712463
-0.428796538756199	0.329554294080446
-0.527546486584832	0.438371455535382
-0.232661348963901	0.116432741444844
0.367857687851164	0.186282726793483
-0.413567852351412	0.352908846571335
-0.582569880108399	0.601940690458839
0.657973553751514	0.701955279575328
-0.428767743537046	0.32963115956837
-0.332174387796749	0.235736535924299
-0.310449082292943	0.142933763807394
-0.700405498192122	0.616375043954841
-0.393239726486058	0.36267400086989
-0.0949015758666492	0.0376950726854318
-0.977897456948131	0.484018053401845
0.213396419770624	1.42859464029983
0.509203028903065	4.16835082582472
0.750699008862832	4.57185094924064
1.06505416252945	7.52466356110234
0.405340706006998	1.44738932677267
0.434490033481411	1.54144365885705
0.111357335810957	0.198789729054272
0.355630432451847	0.951529811467215
-0.138514661540972	0.215223176506938
-0.340755579515978	0.65485514599825
0.437835951923767	0.933522267898265
0.341429715363114	0.662106282953484
0.0301151905397745	0.0434758912664944
-0.0271802483653372	0.0357781362657647
0.388284999104878	0.688899429930408
0.0698023566625199	0.0968076927666224
-0.329908892000677	0.71326103733225
-0.720197258734772	2.26786923700983
-0.526517540198897	1.33939024952631
-0.490257059443336	1.17438444602166
-0.475089951948925	1.06940751239509
0.151066111654331	0.159004869327881
-0.11322987204737	0.0896123211599374
0.158094046094968	0.153676082579888
0.306705620227115	0.404345944845863
0.220459393776891	0.257459686078654
-0.00425370112729844	0.00468096415814696
-0.352432172681169	0.507397064637101
0.0701676777122721	0.0720634564198064
0.312853668033998	0.451784417368987
-0.40941345925913	0.558867805973405
-0.319743676586144	0.327019267793892
-1.12281062535492	1.67174216158893
-0.0739522847183635	0.0595902370652673
-0.446122638191742	0.466824769551323
-0.516758637716825	0.426931281254823
-0.0929061368795079	0.0544755384768464
-0.474796039127151	0.468595107134015
-0.348238104891214	0.345491544521081
-0.00506666742052083	0.0043482005110235
-0.69195825249148	1.03424723448682
-0.229730889374181	0.190029852467436
-0.846964191583046	1.13356461966591
-0.614712072238434	0.547132928225895
0.0114680342432415	0.00577170279768789
1.07246982830335	0.520276917595046
0.148551241333892	0.0570670819556719
0.513342343600664	0.327602823279021
0.193605607814498	0.133708105789707
-1.46249466127168	2.03573943485036
0.457768805874922	0.539988430965979
-0.1582777189513	0.134805954601071
0.285932711418977	0.240703955702634
-0.318828476553984	0.191058443715062
-0.51849312861348	0.19623662262084
1.06583336465523	0.516206530168938
-0.255702009021468	0.208627491872589
0.572476557476729	0.569861737558816
1.77510745655827	1.39228731667466
0.526490042295606	0.457420131303531
-0.307888694948288	0.272696277102758
0.136625469641625	0.123114634155335
-1.44627709030477	1.29624986977143
-1.72553329311536	1.88492376019268
-0.122797189006077	0.0853830580273474
0.508201662190856	0.457237610641991
0.662156653822811	0.474280900029296
-1.81367378419037	0.73893109819281
-0.491073085985187	0.368630478358417
-0.296040977314129	0.260337030537914
-1.53326635495993	2.22983040218578
-0.183823335907147	0.122567172655564
-0.384865083381697	0.26505302377184
-0.114858075714856	0.0795630794537185
-1.08150064389884	1.26816409613811
-0.499832179059869	0.37668801778283
-1.05596911585262	1.10608907429574
-0.176286329473449	0.133992602513222
-0.43705040983906	0.288720836047332
-0.997689657865764	0.897401587890215
-1.3376454977578	1.33598310498697
0.194031849191395	1.2468317761213
-0.00521457313521273	0.0157565294259739
-0.237462367700611	1.06346896963889
-0.284533577262931	1.25996287733123
-0.401339993995229	1.80369091964928
-0.33085847227603	1.0346684025906
-0.568037067931489	2.46160956993821
-0.433366885223064	1.26366165226635
-0.710396666749499	2.83783037341546
-0.0800119465197429	0.150000676774577
-0.153805755080698	0.317840051508492
-0.466088788358565	1.38008097077183
-0.178918204857459	0.341184237582815
-0.832209560442279	2.76756710362912
-0.717474767713716	2.04707365270018
-1.09328652281077	5.25209528501829
-0.802333905374176	2.7997917666017
-0.887724052125416	3.86630073753422
-1.13517675098145	5.4711614186042
-1.62044895422229	7.86973596791508
-0.0817887275766294	0.0896199868812182
-0.902129472837537	1.44754801164717
-0.693580277979598	1.40282409733203
-0.323807839710131	0.394555152836822
-0.451677355494962	0.586131449668696
-0.159299555513203	0.1782595991627
0.151718381559357	0.157189995349997
0.00563125116511326	0.00505477782049624
-0.277342427633517	0.265161122679317
-0.117895117613706	0.0913206266474545
0.443707190547075	0.34031773046481
0.081090178802451	0.0529344368780184
-0.516297381468411	0.504290531530513
-0.483068511131515	0.540162589631669
-0.501927196419266	0.45955359896558
-0.688806892398362	0.885902811796687
-0.543238512240519	0.688298836528182
-0.456987678945264	0.423329140200284
-0.621151778972427	0.554702599249651
-0.269567138375998	0.194015801657259
-0.218169265796598	0.141333806323136
1.48298977857329	1.49641443794607
-0.174447810850238	0.11584664821972
-0.940368009978136	0.575841733278831
4.72570150035255	2.88317608177801
0.477406077732782	0.327246246883058
0.361583206545991	0.183021600994754
-0.69618817720898	0.749646336791467
-0.0591529750940192	0.0430838367106381
-0.10014704106957	0.0786097391452632
0.134855286508616	0.113335872584222
0.742255142327901	0.622532711591966
0.9530083694041	0.648019686993915
-0.642473677294523	0.38057446428914
-0.705770267624501	0.719950807875505
0.201302865358361	0.151384322478767
-0.42509951640801	0.326062397761465
-0.278488213307057	0.201423439695942
-0.0467647899503828	0.0339155262997517
0.171598790631728	0.10595521206715
-1.16258273003108	1.43956973587539
-0.145320081760073	0.0988431289668252
-0.475411950926806	0.469263181482588
0.726525476675667	0.739182710487843
0.323845124860578	0.211816473777742
-1.04638260398758	1.09080332362295
-0.413923325795946	0.35319612799223
0.208020159798775	0.183154273219385
0.323653043712157	0.211360714083589
-0.306479485041905	0.271276226982931
-0.680753774781825	0.540254741767924
-0.526844994250954	0.332321379201977
-0.267322693559258	0.167657695380926
-0.428534551041093	0.329397866367269
-0.424379606204225	0.325336631015764
-1.5453708864698	1.49130335748842
-0.381918136568637	0.262759969971593
-0.434656182090166	0.431904457833337
-0.33525217854045	0.26749523295662
-0.531288538732519	0.336186679806221
0.00578522177174126	0.0205162004494726
-0.105733492254347	0.457785045473438
-0.123883728491156	0.445989438242237
-0.209770096348626	0.773214376925389
0.199297363108482	0.497307242479477
0.174146318331366	0.442062274119086
-0.218376258817136	0.464164257553166
0.106909876334024	0.210815849197809
-0.0140789220294741	0.022171306219018
-0.897803059173272	3.65989648019415
-0.0892934532094779	0.155986240320113
-0.481622754403475	1.21476103959963
-0.983336138364525	3.79706086418865
-0.0469726915493236	0.0618027107313661
-0.200373716959952	0.373568479688147
-0.729327611929872	2.11759457566403
-0.329493535536718	0.576263468446906
-0.490374379186233	1.04716176436799
-0.366694587597164	0.619449399617546
-0.563765331627675	0.792845421630274
-0.576629555153845	0.775080938688883
-0.164939725999474	0.173424327327033
0.105293926635977	0.100076906807807
0.96373374368477	1.67253657786158
0.421604195516582	0.442059257014655
-0.36280011412918	0.338845699148233
-0.236031546704444	0.173678876770262
0.0311587048078354	0.0226906876818496
-0.784184888355434	1.00004209928602
-1.26607213115565	2.22365619587527
-1.21170193859161	1.41530314586513
0.00645191485237336	0.00442670049825471
0.290823459370131	0.261536418151286
0.0856245645898341	0.0711719792905656
-0.00795064558677611	0.00603066050045462
-0.692250753524558	0.655399063614128
-0.422463782682962	0.361923307543314
-0.871008449370612	0.799809003397255
-0.765971075317815	0.871715158819558
1.45876336374955	1.66652271617756
0.826391209148842	0.348358379975879
-0.453437650259717	0.302015223229063
-0.329209600412791	0.233360422740481
-0.00730148348069844	0.00470819036161977
-1.63525508939734	1.68254168591247
0.61484505155218	0.32314010902331
-0.322458643935473	0.227775359877795
0.340266386814607	0.208080902655731
0.297590754593574	0.225014256718837
-0.32482889367443	0.257460167553991
0.312470460248189	0.216006797233085
0.33189388163031	0.21779821023913
-0.534761956798686	0.338727873214474
-0.232088348123153	0.115986101897082
0.797132566475024	0.479776047931977
-0.694530175347112	0.658430316760463
-0.781568862577907	0.733259728761261
1.02770762977536	1.23838787320547
-0.491888100446645	0.369379772714118
0.76642999023234	0.757216989619137
0.448108524601976	0.344319677487909
0.171386153288988	0.0919946768473447
0.310754639720571	0.236706850291444
0.179796769633396	0.104644526411507
-0.241915311723628	0.178556478692914
0.603520538399279	0.586877680631257
0.19207939821638	0.126431652789198
0.502426479943931	0.450851265454885
0.20241370086288	0.157715238915663
0.292151174297228	0.255036554283317
-0.48712950543387	0.255859930931184
-0.573582694966879	0.419000713887588
-0.11808800398601	0.0819357017371967
-0.423788697805758	0.32482230674682
-0.456971072125543	0.304828048251655
-0.782149689617024	0.600215549407255
-0.327990958707574	0.260676885225495
0.312755269080194	0.227739583313551
-0.913451975087966	0.668617482044121
-0.526633913221606	0.43744242446805
-1.24267780576249	1.16091280761459
0.377290155728733	0.343990304380897
-0.097306806801433	0.0570905051114926
-0.0729833971056337	0.0443318575605678
-0.0161965992832469	0.0077253098266236
-0.0272155712314846	0.105291819695154
-0.0760989534091433	0.292020908108588
0.0188122976168318	0.0472458274574715
0.0859501802134855	0.182965875183907
-0.309273277739819	1.00481777423567
0.0359077741068355	0.0587591576186339
0.220494027621743	0.494202665495094
0.27759174832005	0.674096394743782
-0.151265025925886	0.308868556829331
-0.318211140574936	0.781760027545979
-0.132789674385185	0.227584165180112
-0.611110812094031	1.65781963323439
-0.206014240277351	0.344512544118202
-0.134276312936752	0.236066970226985
0.136170337561354	0.211285840205924
-0.516429126403532	1.1531170882664
-0.717220192095207	1.61731372791177
-0.221911935285161	0.330148658201275
0.0291054192251591	0.0241921380556696
-0.387856108188886	0.461007615577281
-0.125029249106761	0.108525490556012
-0.027157768324352	0.02276255238107
-0.423138951103633	0.362738937613043
0.2004352013897	0.161190184446459
0.215092597932299	0.174452128853544
-0.564126136665117	0.545559665400097
-0.146225622127666	0.0994477541464812
0.281454022470923	0.236211729380537
0.122697353584581	0.0970162663018386
-0.258638384952777	0.249737502907796
-0.044223608823608	0.0320393631777246
-0.182494291064557	0.121608582336605
-0.255274434701585	0.208169830504811
-0.253263626568014	0.20626030361534
-0.016754129403651	0.0107498881121959
-0.464784173054444	0.391357909533197
-0.381356469304701	0.262344764759586
1.49065508371611	1.51130331233284
0.458056513501268	0.184486027489459
1.0452306767165	0.396944800699935
-1.33570245213173	1.10522118876154
-1.31734206373511	0.824154785431626
-0.701122925454628	0.713848106058985
0.0754275817780353	0.0491954420263967
0.0900223225311228	0.0614953296626029
-0.698413122260174	0.663840233659186
-0.395029845031345	0.223754357085005
-1.72015504642408	1.45068386428633
-0.0209433662850722	0.00988088446925532
-0.322796975728977	0.228092459618786
0.332703805072039	0.203046565623702
-0.288494524345032	0.20969483867423
-2.11659819112418	1.62719067436542
-0.457184135089298	0.383397433745146
-0.999034922096063	0.898414329954118
-0.326664483209116	0.231359935305199
0.318607227402517	0.220882792130287
-0.115940410037879	0.0803216170704264
-0.179078506492963	0.0959926909267724
-1.14082755829018	0.991396280178174
0.0669951824708425	0.041620774829992
0.05962754839795	0.0349844792021274
0.0650080241250464	0.0403369561089429
-0.686380523089857	0.545803722988518
-0.113767338499649	0.0787533708456801
-0.547009966262985	0.492893164562666
-0.184059892485151	0.0988250887171522
-1.9669876415149	2.51384576570294
-1.25401116810847	1.35894828662555
0.00384980250323131	0.00206941585617588
-0.406899348814776	0.345898550008865
-0.282596412691553	0.20482322595232
-0.588875485909023	0.610585046213282
-0.565475314673646	0.51399906902411
-0.517630587547045	0.506195522875684
-1.09188892588412	1.0526139621453
-0.664029566396744	0.464692876416946
0.295954560670678	0.242132687882686
0.0247855055740604	0.0137443293208888
0.163235251192709	0.0873618050227552
-1.09559341385705	1.05633464166268
-0.0504513036781658	0.213830689385678
-0.0393839306287021	0.137213521864866
0.0473984112113673	0.116147297085494
-0.019750297709181	0.0436684325725932
-0.0693029699457594	0.131385291267398
-0.250677751756445	0.591915253652093
-0.00299726253014837	0.00504810583341809
-0.280081254929733	0.793628863824521
-0.116133055640373	0.248191641925703
0.0205083965226186	0.0326164097648901
0.173940045947557	0.322541708645148
-0.32259156253113	0.747665208415285
-0.686911477779989	2.3812291577657
-0.350211535315489	0.80914413059199
-0.23040757497279	0.451335288844174
-0.361230457043799	0.748038840380142
-0.804698909353864	2.09736889415635
-0.237992329648818	0.175309182125406
-0.568556318470737	0.414158474045454
-0.839246197502483	0.951464717483875
0.0793571187239422	0.0518161488288872
-0.0991008727578998	0.0794909868611578
-0.475269005111342	0.468835174773062
0.670787359613849	0.880275066175008
0.693359590962279	0.827117170288393
0.0292131969579557	0.0248059019976357
0.217080442273099	0.197288354333468
-0.0246914562885158	0.0204312896511021
0.944403854599443	1.26860767268144
-0.460725461426093	0.387196906498441
0.132181030862121	0.110880720635111
-0.109249500550199	0.0754219492765674
-0.022663009830034	0.0144494338793708
-0.261128425996647	0.163358169706422
-0.147668894003962	0.0528350865223225
-0.516012954828724	0.195311472335776
0.923411366037658	0.807484881345836
0.0513090566323334	0.030117361127595
-0.656954740505966	0.458412486935309
0.113647889041234	0.086876435608607
0.0838138927597694	0.0547996691490667
-0.0814559623402519	0.0586099254256886
-1.48215383884637	1.87265266001585
0.186067525505773	0.122195416412156
-1.21974204741087	0.922685496867702
-0.612082721364087	0.544236952185989
-1.0867815608715	0.743310861203735
-0.38053728980997	0.261535807175954
-0.261267407914508	0.16337884987481
0.311784123649167	0.237611993951846
-1.47692061998786	1.03369300111802
-0.0276733787647697	0.0129425288751046
0.00161206773909392	0.000992688028456769
0.383778212039087	0.339333850882427
-0.244689164708521	0.180788741284039
-0.0362445623908954	0.0226176324062135
-0.32717694439861	0.284577297075999
0.928651678490289	0.813346597645352
-0.335385228755523	0.293175745364444
-1.33834048870464	1.71273863724221
-1.09148383376734	1.05208153593424
-0.17402584666089	0.093227426594519
0.0882747301733013	0.0602635968263899
0.191713288766587	0.132210930904066
0.16845349306108	0.0977149997863319
-0.28766118578845	0.23151717349925
-0.163635418136585	0.108050213493589
-1.29924381560235	1.91729950887857
-0.0337442190186218	0.132469558144336
0.0366460355561487	0.115500419083337
0.0329115444553216	0.0852884107438417
0.251504022480568	0.790582894435948
0.0999851435370427	0.210476051938812
-0.13983335349282	0.326713421120964
-0.221050472927374	0.594280864164026
0.159712783064209	0.410649120724303
-0.145207248046958	0.317347699662628
-0.216646374815844	0.462002289598713
-0.226820022796444	0.486580630446582
-0.336436740643051	0.915054168805061
-0.586914024076273	1.97908597010612
-0.380094295784008	0.928500724203254
-0.444568733607991	1.12584022662142
-0.57556802488723	1.37621954136611
-0.340601493128144	0.431957809570987
-0.0596059651618731	0.0485172083550433
0.204290407590584	0.159315572924144
-0.15120164937168	0.103085687331253
-0.97091517462222	0.956748127683991
-0.337030838989097	0.294868861517334
0.190421444413506	0.152103305104986
0.152650153731096	0.144903112128238
0.212179863068694	0.226667561275802
0.0489154182828348	0.0466220902204967
-0.159485055791706	0.135933676048888
0.271155550054731	0.267234948314222
-0.184097482005899	0.165932696879085
0.392990520805712	0.349274869738022
-2.11381874310847	1.62464138968023
-0.150766930546289	0.0539211522388468
-0.142801753920347	0.0511111283728562
0.405571988809976	0.183795432583376
-0.0419424620305417	0.0261480164603584
0.354577857541569	0.349192665469264
0.832078462499616	1.16647098677038
-0.789991953977982	0.67961018323036
-0.660945713022611	0.461730400976188
-0.220770460375018	0.1431662949186
-0.0264749140527393	0.0124027629517653
-0.406689205870311	0.378439022136973
0.0149999841869949	0.0075418332777868
0.736596291950767	0.616099702845093
-0.452104975478	0.300981346121639
0.632668918923252	0.691005729009064
0.699620320468723	0.61498568042181
0.284780600808806	0.25511129193725
0.121317353267202	0.0958415191742152
-0.775236413007933	0.78223761120241
-0.793428394234682	0.526732718090964
0.300565606634891	0.246565011929089
-0.766982215178831	0.873120956433116
0.688231097119207	0.7167405901321
-0.426462082490461	0.421506535705349
-1.02334903066036	1.14725997325485
-0.289821378787821	0.23347706929105
-0.376490585383291	0.294985347469309
0.0789074923460351	0.315955420620865
0.0164443910249237	0.0487441495032942
0.149384010396703	0.385096856435391
0.148971236120338	0.344751121664612
0.027778362027235	0.053947821995518
0.0104582420897704	0.0189115294454751
0.0121470497560342	0.022412939305816
-0.22174911218556	0.484863789688435
-0.455619146889412	1.25745646205164
-0.359399327238881	0.850668941178128
-0.26725076544557	0.581326115917703
-0.63563942603494	1.91026380956056
-0.518266073563506	1.21911825676792
-0.668467092946463	1.75349122402142
-0.165444090184537	0.247429424076351
-0.445018254850379	0.497777912015064
0.287082726148535	0.257514294602336
0.109726267408436	0.081142311496302
-0.257861909263864	0.210639463566592
0.159569841409827	0.077408877593196
-0.09772151054981	0.057344057911135
0.0303757276578923	0.0167063624153509
-0.693601435864488	0.608020019895703
-0.335537946160752	0.267785672697443
-0.379244691545597	0.297564291887966
0.211347096497928	0.186306685260284
-0.555072611262485	0.613076592658177
0.602554888997824	0.669476332989705
-0.369401265961211	0.372286051423921
0.303121639763637	0.230054482592746
-0.548684494406922	0.494834819962438
-0.514425029487373	0.194514818086122
-1.26969626205909	0.571521770859234
-0.209603293307511	0.0677458907222275
-1.02308669477862	0.405545669724936
-0.0961750797339111	0.0381896702769954
0.437183325864616	0.334198902502288
0.527235599945163	0.458075052408781
-0.323200183823017	0.228429772903404
-0.645057616742469	0.381682005158611
-1.01800776945425	0.403095119703069
-1.48203794124235	0.748673559012273
-1.48262891806896	0.749194787387466
-0.6790143176551	0.538528674666328
-0.983136671168637	0.4874784090201
-1.14175809073649	0.991853818281436
-0.14781689741672	0.100584402619821
-1.02904079447255	0.822184026937969
0.67129140480301	0.482963475592642
-0.2674863409299	0.167714103263059
0.092017192402683	0.062885970273529
0.724257677183815	0.736284424128547
0.0363590645923473	0.0199524658209738
-1.46483273090532	1.0212298921918
-0.533030204260138	0.336891896958888
-0.53856862219318	0.341564685286051
0.72437057718228	0.736151449154977
-0.211380351297293	0.0682941197149795
-0.783784926980309	0.517668443918192
-1.16749684771651	0.65495675296631
0.659510241053208	0.471766165488176
0.0203542812532373	0.0113674619924001
-0.460726028207745	0.307616811741049
-0.788523742480169	0.522193306174183
0.177515332780496	0.103253145532674
-0.536791131693928	0.340218014687824
-0.949794846953193	0.583925812754933
0.0226946834164488	0.0847137333951928
-0.0329594125705151	0.106184702378093
-0.0826493088034951	0.244864883828091
-0.113791388611887	0.353261499454321
-0.262566505398993	1.06473647686748
-0.122718026437509	0.382784513038417
-0.187159419350522	0.539213809882254
-0.0737439950499036	0.163351588400239
-0.364390118621454	1.20445733975004
-0.421050168920445	1.48098115795798
-0.406977796105104	1.37752561414362
-0.369615691034962	1.02992187054727
-0.647112961572493	2.06028946608947
-0.520203292628141	1.27217962271057
0.0640380233292333	0.0626811736753282
-0.114901299692719	0.0910326457966224
0.125654415860847	0.0995591804221071
0.219817174185107	0.214523661040498
-0.600899948797834	0.490295913836964
-1.39892377905484	1.86710971154198
-0.0519406487772796	0.0377290665612339
-0.458644833637684	0.425325655431024
0.701530561156355	0.911411182382142
0.0165805452549885	0.0134274747115577
-0.0222009479014794	0.0201205709495006
-0.0754506482470793	0.0666952066427599
-0.426620764790169	0.453099591063399
-0.776577180946308	0.726921728230088
-0.33946832567862	0.0977521416130555
-0.0520582627803026	0.0324605243927536
-1.22143610131453	0.924412807840698
-0.21209551529309	0.0684852999379751
1.27793156796812	0.705158655511195
-1.02483025394089	0.816328790468064
0.298502163480283	0.261491699385017
1.73535470008432	2.67144097145143
-0.622647651076691	0.759301697997742
0.811042419175426	0.881975735481817
1.41472531048512	1.7642196422835
-1.07836001829292	0.734832352322091
-0.773806387783781	0.337215513784167
1.76752507343546	1.38189661667062
-0.627545588046587	0.602472974119456
0.188288157190088	0.117039692987913
-0.373497258351232	0.292157115376121
-0.136148460771406	0.0769155200607086
0.4060453664798	0.336175442109397
-0.204182821425965	0.152766391514407
0.624407771921945	0.587221171306611
0.0821883863209162	0.0559706377348101
-0.129384547557012	0.0729562760849665
-0.453091711803697	0.301505838263103
0.506331989222869	0.45534677661612
0.633290615244953	0.598455482178559
-0.27312339298702	0.243446261685277
-0.0366324667915533	0.0228488418366829
-0.523699239839732	0.513992512584514
-0.863533374304338	0.861636044708553
0.628734868457974	0.59281416620407
0.065381603416676	0.0405974897601644
0.0654088569219049	0.0405853054598183
0.457501013601805	0.332668296854297
0.803710414976863	0.641882306010388
0.0816030122424624	0.0532801439845656
0.71389287685407	0.471789638505605
-0.262938739846234	0.164617472808698
0.0500251968625343	0.2015127021405
0.0689394721419063	0.259630445156372
-0.0386313282360541	0.113127419829141
-0.0170441720590791	0.0425840958961709
-0.246001108288272	0.974458792800727
-0.125141027857726	0.324780754791514
-0.301478302680987	0.923216000950751
-0.0607743397661578	0.110022736492249
-0.505998435810832	1.91725668588837
-0.261903899941799	0.613400770994881
-0.13323947757312	0.224838403091583
0.275291827679249	0.503416277049309
-0.423743467096743	0.896602026891772
-0.0651452109116962	0.0687822463062001
-0.0276944638067834	0.0229143858909122
-0.174120809589857	0.173795169142699
0.22228888501343	0.197360010517156
-0.165064146266527	0.124616586884121
-0.183527895265073	0.122381180365471
0.108545577882922	0.0775609456372299
0.214321664241513	0.17373698991889
-0.783052311337299	0.600740330506711
0.301473828087464	0.218347969344912
-0.0575469581595781	0.0418941223875198
-0.230255661675149	0.190529073782996
0.142357124244978	0.12605212385748
-0.360586515721758	0.336225842391926
-0.538623189250635	0.561662400407637
-0.019375553708816	0.0123885852796174
-0.100749904143476	0.0591569971614653
-0.62205590948702	0.55563006586284
-0.325394716110993	0.195440951837047
-0.783301115817181	0.735139672848967
0.180186513987622	0.10480269107944
0.15860122996506	0.0770351109459426
1.40729094287554	1.09689546587688
-0.0170060599243732	0.00808191997686464
-0.379902302139437	0.261094470312936
-0.695642246210283	0.660281889943398
0.295981147004584	0.23320025405761
0.62079630004459	0.473728241216222
0.721227481435123	0.477973176534982
1.97924945418129	1.24364143880571
0.160489139338675	0.0479185611557889
-0.0522685582462237	0.0228328856694266
-0.0459394772746046	0.0201619182872298
0.163521658013219	0.0794348340914224
0.61596240343793	0.46904351408664
0.186439337809277	0.122492357746977
-0.389777267561526	0.26915511700513
0.300152709059292	0.227364563061301
-0.181319203835033	0.120799148887895
-0.135222954715647	0.0764081302551424
-0.175284625571748	0.116384768498137
-0.258475610316522	0.161444072514536
-1.32466036674019	0.830987640513035
-0.4694555156516	0.396251871926787
-0.483947815610344	0.254078360527989
-1.49031059121148	0.754857436565827
0.802420194230586	0.763042841482325
-2.33799698854184	2.12842337899868
0.481383861782102	0.330483006950064
-1.43844018471518	1.28560299621749
-0.787217239797555	0.429675812644248
0.83267656099444	0.351272762970088
-0.390286637919128	0.162633263694202
-0.0635327196818506	0.0385350300286335
0.1540561970176	0.0591317209177012
-1.01961453275747	0.403780235295886
0.0979187199348383	0.504757563809507
0.0560299323493367	0.22561401372024
-0.184624234130081	0.836910217114346
-0.170979293102003	0.642575895585791
-0.368458701887336	1.3932423783743
-0.182942834013152	0.530749430373282
-0.0695877390479027	0.137890326036064
-0.638916930799519	2.58132393629674
-0.60081924616798	2.00302051353209
-0.412787283111564	0.982331901471659
-0.366853465907298	0.731218460647501
0.0312952054643638	0.0497142570431393
-0.150057607458334	0.221967365623978
0.0523468700466278	0.0416750798482079
0.541369376062157	0.652372939614692
-0.123673381010561	0.125971497664252
-0.177837565835877	0.186103384189453
0.0131945438074985	0.0131681051273669
-0.119055579075674	0.0826617493276414
-1.14752197189963	1.41098702417165
-1.05279453814682	1.30714999851349
-0.368850553490286	0.345787933620108
0.198272151337046	0.143248088155136
0.0129679262132528	0.00874661822235883
-0.196064543266396	0.163104745440373
-0.170398605794348	0.129076948971271
0.21312407997983	0.183226370604143
-0.0726008781298715	0.0595228653973592
-0.145140092236718	0.111410664484368
0.379183154143154	0.34615596116179
1.16952490490692	1.5680744083456
0.794052215647698	0.752248038194365
-0.0851874803116077	0.0677362834372967
0.382095679764749	0.34944521041665
-0.6430793515938	0.622202433692559
0.630491166006987	0.687618031729906
-0.331171885053557	0.235077840023167
-1.14484772272049	0.996662865800833
-0.0577097071171718	0.0420292656495615
0.480362317673695	0.636874996475784
0.0131608707568094	0.00888684851591498
-0.69058983746647	0.604446156120591
0.39455207286391	0.178336839083537
-0.325761135758499	0.230606071828006
-0.486172310450212	0.255302166290046
0.166132813234148	0.0807548512345113
0.464710365243307	0.339067736287283
0.478192077170744	0.327627796778465
0.474120405300791	0.32443017073577
0.99589994108511	1.09508804166285
0.167715356989705	0.0898091139933663
-0.137880618610748	0.0779105722294696
-0.939249744926829	0.575410812537335
-0.913885566270329	0.669020283309583
-1.33732176714583	1.33565497672441
-0.457036605107412	0.30486794706302
0.509972467524923	0.325444372897561
1.00275552323869	0.825964265577575
0.875521008730761	0.653149644977619
0.68941982057982	0.32268712919855
-0.297173019281657	0.136301929101247
0.69473491261727	0.325935633795311
-0.129209998468151	0.0728533635872085
-0.0468035344755676	0.0205244157105707
-0.0644827283022949	0.0582837799809115
-0.435089534363758	0.397740263280304
-0.177530042896329	0.153117893223095
0.00334759315477115	0.0122255077120694
0.0599511046002284	0.237809860851763
-0.0542289106694524	0.170580834126671
-0.307561801236535	1.36032322680614
-0.0537659928148203	0.131480220083995
0.0293108550651145	0.0590774676986885
-0.409305161098507	1.49122831672794
-0.179296221299707	0.432336785262397
-0.180703277369774	0.333207621865355
-0.104886569308891	0.179976385720752
-0.394460544278048	1.0908653561037
0.121160919451298	0.174233224232569
-0.480438804609816	0.642745555545781
-0.602648723449109	0.532899353775029
-0.156597557063282	0.156690131656039
-0.492109417134254	0.610655456699358
0.386745547043201	0.437492355806825
-0.338683678284255	0.342836074887748
-0.0128243382631756	0.0109328579288732
-0.260377509534721	0.213034264154521
-0.110866369198039	0.0875834731382464
-0.554648905802502	0.501605673092288
-1.18947641440511	1.7509036853247
0.735335699118497	0.83582248066199
0.0995985250434278	0.0682710048827612
1.30978788974308	1.940367163857
0.193253765672851	0.149758709848224
0.00799776228170297	0.00605687614006994
0.639655340246398	0.701322984322647
-0.0632517830806772	0.0383624734439485
0.204821887948447	0.170250916723733
-0.27149996671573	0.195574605286714
-0.0584430386785739	0.0254618077814479
-0.264461351995128	0.216858681050995
0.38477821554159	0.340377882496373
-0.459328029500618	0.306590322331671
0.282510434969332	0.245116735137402
0.18118480836215	0.105421176187602
-0.448418607283707	0.2980805749614
0.0326701376710632	0.0179145817624464
-0.680860039021539	0.59335005621792
-0.0246634615355779	0.0115662049116327
0.683881596920501	0.811718300725518
0.325674866712433	0.213155851106001
-0.494955757875303	0.372262438449218
0.181609716712645	0.105696992146572
-0.871805467838778	0.800899169244951
-0.325367035246413	0.230288721190889
-1.08988495806943	0.745844392822889
-0.260783329472579	0.162931525453368
-0.0201409503348567	0.00951940121627284
0.0305924453462772	0.0168426957821872
-0.766525629570485	0.333474662837274
-0.0976583035798209	0.0573063108643672
0.347340058943499	0.194880233103884
-0.297508253338832	0.136455589869049
-1.32450816375646	0.830791655943291
-1.72816696828843	1.88922471854089
-0.0973245287215162	0.0571411312069912
-0.0722054500100995	0.0438612684867641
-0.916035703202567	0.670611674426877
0.89466913180487	1.03723366922058
-0.172125438828258	0.130457825114846
-0.329699175033188	0.262323666864503
0.0385400418163935	0.159862106482185
-0.0499259524926212	0.189868235319184
0.0337169248202071	0.0924034616945337
-0.0311416429955867	0.0729501238024758
-0.186608354655806	0.572301045276664
-0.238887309464168	0.763370626370994
-0.440414432257332	1.54925201301676
-0.517937170777156	1.70579152966012
-0.191725601297502	0.388936198336811
-0.042676739279931	0.0671339659356075
0.257444042144831	0.431016862095711
-0.0142482269359147	0.0132878069752005
-0.0959579651744851	0.109866411340184
-0.0182381539364104	0.0184430336631291
0.091508073976711	0.0845286110024786
-0.17455798928573	0.146787702456113
0.128753293076989	0.133239680431254
0.0301941519221661	0.021221824680101
0.0268897844835828	0.024637440596895
0.0396681087870085	0.028914042766621
-0.0209211959298574	0.0133685119283381
-0.492866256768753	0.449192122607364
-0.291802493941582	0.299150669062312
0.286114757337126	0.256482615977775
-0.20812260789248	0.174474023680628
0.11600231641474	0.0860690709769902
0.769024827016022	0.85514673470897
0.290203354092873	0.253005270200043
-0.0217518193714732	0.0102473439446519
-0.0992025848718182	0.0582556962445278
-0.497945747233154	0.4550203218007
-0.15234740790821	0.103906332787141
0.939242181558618	1.06113548252514
-0.391703816587728	0.221476808023015
-0.159945292304316	0.123869329338803
0.300678009254964	0.227836541882516
0.291137677123496	0.237511391793972
0.424438280012857	0.43312469169941
0.180359718126207	0.111815354535898
-0.171566634871876	0.130061948357763
0.165716415742794	0.0959410685260309
0.0583866892890115	0.0362165781166983
-0.492543019980477	0.36935357933863
0.443216014613446	0.339869715270211
0.0543823602710424	0.0319092301367161
-0.386961690828915	0.16102677941318
-0.0201409503348567	0.00951940121627284
0.189072681740028	0.124337888407245
-0.618394214682558	0.551436205644647
-0.146512665094703	0.0996888222738725
0.729938912290613	0.485619688223553
0.484187330652686	0.332824600652887
-0.492791468794353	0.370191347630089
-0.563357703957251	0.40958553828439
-0.468435683634085	0.395276986786568
0.353399007127418	0.198779458962272
1.10439929118144	0.842087492362737
-0.259871486309216	0.162421264457594
-0.463207179798304	0.3898903376989
-0.669359473058352	0.528221249751753
-0.041532392584269	0.0259001459135177
0.336997044674986	0.205793667906336
0.914263175071882	0.942643260209565
0.401262635736806	0.33134890858005
-0.431798745517849	0.332446880135002
0.0435979837978591	0.186797695380402
-0.0448714733423551	0.160475464698493
-0.143586517037361	0.551630455983625
-0.0285052645320295	0.0710863759800829
-0.465610210613629	2.48713519651255
-0.00193528597698792	0.00388696522357111
-0.103542663167542	0.215930150273942
0.0583799883220462	0.0975065752455162
-0.261810284560351	0.605390274491061
-0.014012397650015	0.0141533852243345
-0.170095141761859	0.158098387979033
-0.230178677435399	0.238933721936243
-0.335170126769651	0.386206812921765
0.208797989569828	0.193229078633527
-0.0251168541356117	0.0207827439579805
-0.123062437809946	0.0855899325375119
-0.276652427903763	0.247024639915771
-0.141424418121859	0.080047738418808
-0.0458046355567267	0.0285515215821198
-0.48331941794042	0.479163846143352
0.126487420542012	0.100289595376315
-0.517299568764938	0.427371396181497
0.499797575653874	0.466418415771965
0.32890623818373	0.228925108761379
1.25379882224371	0.871832275652155
0.356377999863675	0.341458785194511
0.169509922420263	0.0908300152353504
-0.116305072517468	0.0806112214842253
0.439167396223188	0.336082590961942
-1.2340499593996	1.14842763885075
-1.01780226410876	1.13833426249384
0.453756211728744	0.442969323853694
0.660897682815292	0.602325863225391
0.498216026914715	0.464504137770498
-0.119705882910258	0.0831134714381064
0.968653541170462	1.18998688844139
-0.288194979513192	0.232020188394651
0.329500217122012	0.21584829270522
-0.441347608634569	0.40526634673793
0.120537194505984	0.095174069940534
-0.0941552012558644	0.0552282781799974
-0.217108539642535	0.195941131540527
-0.422772381218324	0.323760731980759
-0.0924922618419193	0.0542264647821505
0.0466112349977771	0.0273399384403232
-0.0384222533200739	0.0239620023337033
0.455693726044376	0.331139071551008
-0.0857307331348467	0.0602592591305851
0.531977996954695	0.463212579789221
-0.0250976487176996	0.0184933578528024
0.298239575505258	0.235263145843229
-0.214277615821108	0.138585670283591
-0.455794376529673	0.303741096725685
-0.064889521476978	0.0393695091596505
0.197362637201227	0.148095969805628
0.0358832503884037	0.0196590155373621
0.373979758712708	0.189833851669935
0.762895110726633	0.752277619311445
0.0722945349254506	0.0449329693016237
0.686061462135348	0.598535734597363
-0.572697485299293	0.417960100709201
-0.2980026668687	0.136781332932197
0.0625820065770017	0.270293928937496
0.0660862103200343	0.248211372097212
-0.12317362537966	0.412511633195624
-0.334018595188446	1.52219568528585
0.0953427794934222	0.221121022895073
-0.000561230629469233	0.000919981203908619
-0.0287487993773064	0.0449635080454667
-0.289736322119816	0.612975768383921
0.0895933596004886	0.103373609452597
0.19434229321588	0.177973174852956
-0.0956081613558521	0.056107764154111
-0.695945685820538	0.706366359087242
-0.211013518187417	0.158595031703486
0.0262590711523148	0.0184443847075279
0.195018204411497	0.134788522185075
-0.086304608448915	0.0505284175563963
0.515675403936476	0.329763240229554
-0.781306775361057	0.599267859710723
0.0334541015426881	0.0183477327009201
-0.259453337342196	0.162133173084743
0.32461412466992	0.2122597168653
-0.94147753106974	0.577177142909686
-0.264341292292149	0.165587176132094
-0.260620671127526	0.213219257304582
0.196352686880368	0.157418590851561
0.061869975385682	0.0383976864354024
-0.377762313734458	0.25932543793939
-0.248627340462722	0.184177956177296
-0.465814277587129	0.392600653370621
0.444605633456236	0.341106085117744
0.192277354536101	0.13275266059343
0.0708924199861296	0.0440421979729593
-0.568666130794876	0.414379582922409
-0.688005132695809	0.601620447995909
-0.448497991153509	0.298028583630473
-0.134754779150896	0.076126751850661
-0.374400071777944	0.256636281801286
0.648883546380996	0.587815473204715
-0.210707966427727	0.136010007234338
0.0461610988641358	0.0271124608573311
-0.323849516153531	0.228750482305503
-0.324477787798485	0.194799258569579
-0.269142470550521	0.193652151662013
0.0627727276536694	0.0389638818996206
-0.284325819098094	0.228385271254734
0.046191648462571	0.0271164589712142
-0.265666815900138	0.166443568339225
-0.0976705538698351	0.0573405284771854
-0.0549629181014286	0.0239740243020981
0.65773731826814	0.470108352792936
-0.330268654515625	0.19877186619467
-0.719057720881706	0.73856698970382
1.41857215357755	1.11086592633694
-0.916903656469913	0.67162446751797
-0.537697485641921	0.340921804700896
0.0323999805066606	0.124882748647543
-0.0803624970509254	0.289456645070601
-0.179867851441275	0.648530166911484
-0.066000526917661	0.1513477319307
0.0499840105456862	0.087016967189392
0.209543856776473	0.215362319256951
0.0559578695684758	0.0435098241796593
-0.0252275521564368	0.0160830239467447
0.428069848526144	0.342752553062971
-0.279256722065573	0.201932269108995
-0.137460813134548	0.0777212808406865
0.31932458234117	0.208389076229573
-0.492383775328177	0.369824815202286
-0.100900051124783	0.0592623592142041
-0.0615194777403469	0.0372960607092505
0.51129542267071	0.32594858937936
-1.72079360333475	1.44996783241268
-1.08445850278409	1.04185931625041
-0.597387677239062	0.486425589080169
0.185324245557169	0.115034607014082
0.00461025926694934	0.00242311685281145
-0.644340780072546	0.382069415390811
0.161811052555999	0.0702512648495853
1.17433856982816	1.46692072071566
1.33829468432699	1.57706914029042
1.13315739612541	1.02730138943992
-0.993142546843015	0.890503492944661
-0.308506163157384	0.141779926467368
-0.615503454554685	0.548269359741617
-0.0579979737969184	0.0351567648323437
-1.96513888569215	2.5092031498893
0.464176869467596	0.338376774784798
-0.690154725513045	0.603990487471208
-0.647026491722406	0.384034866347752
-0.00688896135043833	0.00444478436165257
-0.183128080947667	0.122092799603382
-2.27232095224655	2.8108940448254
1.09235247693314	0.673582198975332
-0.29816052270885	0.13689177324061
-0.323778849615498	0.194460768274632
1.25864259778637	0.877300060905835
-0.214860178858546	0.138964693880372
0.183798749307898	0.114096840330658
-0.639291941711779	0.377957628199708
-0.0340233635910208	0.128534219271987
-0.108759575799443	0.431617571135943
-0.159567235282712	0.478659146985584
0.131905447823246	0.279023847095968
-0.63754534172606	2.15175509797022
-0.0315874242754875	0.0443221746062168
-0.515438825589777	0.503419441191488
0.39270825229308	0.348916954311436
-0.182595053031636	0.121677765591166
-0.341785615736099	0.324097234196289
1.35039821555185	1.43256712188276
0.1777697043337	0.116291610534738
-0.184894112041992	0.123345110776711
-0.324409324325625	0.194868435991781
-1.46373044705975	1.01841224774022
-0.389023283120081	0.219826519466714
-0.670075509918863	0.470062425858803
0.0544186936082453	0.0319282682442024
-0.383416485216491	0.263752747493509
0.188966317770135	0.130282767440197
-0.231676952883482	0.115777491635734
0.423996384706408	0.338543874515544
-0.316176172665753	0.18918517362721
-0.0189882811932029	0.0121441228825932
-0.428932897536025	0.329738897125681
0.311138144932824	0.226355770796017
0.462706505853207	0.337289291541989
-0.383069834900252	0.263750445278896
-0.142405456824404	0.0966964550394667
0.183475655729209	0.131542214041157
0.0250718133434207	0.0176235187371861
-1.02741314253292	0.820431185146187
0.0546310588174974	0.0320219972937131
0.197155368045303	0.130065950903509
-0.330725470732559	0.2347094649538
-0.69128437051103	0.605803754028698
-0.564190490879208	0.410356953769443
-0.452104975478	0.300981346121639
-0.673211999450639	0.532418983242312
0.162244414904995	0.0787823381540107
-0.754888092598883	0.327381185613808
0.092716887651629	0.443699534097637
-0.0543304034938063	0.187984401229527
0.279481236613848	1.01632756699379
-0.294641344816065	0.946651614847609
-0.0978105565156746	0.193438950043293
0.128036061664658	0.134426847431506
-0.0913556617980722	0.0869141189830096
-0.0907651968512992	0.0797747975422944
-0.988981774652364	1.17137617036547
-0.244967902830772	0.25250373146093
-0.0797805174458325	0.0707467868551804
-0.0349518826431563	0.0325797560973992
0.119434775804946	0.133396120985625
0.163371464143289	0.187205692289031
-0.392121903473229	0.361363545555094
0.290499288117219	0.253296562819235
-0.30180210855356	0.286241836895139
-0.688846427459169	0.651160846277682
-0.0346360186856151	0.0255136877646958
0.0331626579902678	0.0233145906329928
-0.387079774717236	0.266915022967483
-0.780099056358079	0.789079813008903
-0.24843988638752	0.183986150522793
-0.0222511922247494	0.0141917257926606
0.195582246873208	0.146575568153447
0.72703884500471	0.739988089587487
0.657011997836931	0.469741939543331
1.49250239093019	1.51408146260304
-0.285202729760305	0.229204937450102
0.410261913459028	0.340480676535819
0.813731334847615	0.886228638596824
-0.511291079234112	0.497951210818567
-0.278882770295749	0.201744396217586
0.192413702539242	0.138518148770092
-0.61369492939665	0.545912000403928
-0.941322854298315	0.576490839621699
-0.264260370512566	0.165529875602628
-0.380994599465675	0.261967151710648
-0.716346626154106	0.245810055243264
0.0457778537882923	0.18570835641482
-0.000626304460391166	0.00183820103336824
-0.0979504670575435	0.281684891777065
0.00413614074882025	0.00836769738372661
-0.343817575151769	0.45507505279888
-0.0197316013681662	0.0178927841447201
0.16905522774242	0.186365791329927
0.135040763427986	0.113389299732884
-0.0682157244383075	0.0609100619116602
-0.051139480935517	0.0503166978910962
0.164179102968859	0.19341279784876
0.251806354445072	0.361819505494103
-0.0342514039563517	0.0357744820244361
0.424312063174199	0.656923268949461
-0.520893965265076	0.510432938340266
0.453927782324839	0.613860004175972
-0.0522199347035333	0.0430423412626878
-0.835723394933916	1.05846501142063
-0.330154991329998	0.234142416126263
0.0164800409608198	0.0111125858721457
-0.185039412892791	0.123433519683236
-0.781544395927429	0.844964839829201
0.310754639720571	0.236706850291444
0.414673459008295	0.44422356219928
-0.0247143688320706	0.0157432829016837
0.172827766763946	0.106848436035238
0.410698126686839	0.34095151488168
0.373594769357681	0.328113510542288
0.0714609275872011	0.0574902125595431
-0.229833494467532	0.114806507179195
-0.217232529687395	0.140596568431664
0.617012250739556	0.577882593547299
-0.41743517827181	0.357025526532881
-0.413658901559733	0.35307349671498
-0.322508306419715	0.227922319581367
-0.621521375948777	0.554904296212559
-0.0695917764921707	0.0422465871597003
-0.614608004500366	0.54700455761672
-1.46937770193217	1.02525212192775
-0.60314040553423	0.533490153885739
0.161224192317033	0.0783551911407772
-0.868382414892323	0.796693495161458
-1.0279087325577	0.820958305121362
-1.4521093627384	1.30664967151362
0.0528086041543686	0.212983301026951
-0.00708443105423329	0.0206679649541668
-0.277768201371724	1.16900786401806
-0.148708549471778	0.16918211292169
-0.688406552472485	0.992433569219654
-0.692038691981279	0.964987839526894
-0.419399869176881	0.443287643405305
0.217531678060131	0.268611562377092
-0.315918024554602	0.398913381016629
0.064631493906218	0.0686504846750519
0.472870229223354	0.692435084460455
0.14287740681691	0.16959463759457
0.123554384611687	0.147324582061405
0.195197120410031	0.239142966312169
-0.12167769494332	0.0945157967993457
0.0206909547369806	0.0171785873809735
0.292252200837473	0.270675193846416
0.77551733054858	0.865240269623264
-0.318253075633361	0.190678750400177
-0.398693018538374	0.22633391590241
0.189774179239026	0.130856437027346
0.0241924032312189	0.0170078437336791
-0.031108838387475	0.0228984929796284
-0.515997569089772	0.425983652753204
-0.381610411128209	0.299750491111163
-0.371501384189748	0.290134991494765
-0.840765304471706	0.893216687055964
-0.298163402263447	0.262565085757346
-0.151880585755035	0.128780608739946
-0.151003689302427	0.116338740758388
0.165606503267733	0.0885982699487588
0.0731843182589512	0.0477067322119034
0.0527585729160897	0.0309286326280933
-0.445721621185322	0.295862493907458
-0.452609570256788	0.301120087229757
0.18190326065077	0.124961701541269
-0.410184907058066	0.349297862813029
-0.887773204479129	0.737103065678557
-1.04861981301571	1.09471438916166
0.369960589250576	0.18753286256595
-0.111951613696591	0.0774463284126156
-0.334193117214604	0.237563617995111
-0.12139428072442	0.0682929890278536
0.161683968820609	0.078582094176274
-0.941894493378951	0.996781204911112
-1.12520386759586	1.24155641635002
0.116755214176874	0.602780800384715
0.314247032025642	2.19967863005656
-0.0788613094569099	0.135849015028582
-0.10127501405535	0.160018839778713
-0.631927661079201	1.28324734050531
-0.0312698512665036	0.0319390935918859
-0.161966859282408	0.13826576372938
0.0880932727275738	0.0932040295722213
-0.264194310329978	0.409351559218104
0.01062861266689	0.0114409292251193
0.335585696468183	0.531838835132006
-0.153925259507508	0.181900620276193
0.00458113432046687	0.00553987491523667
-0.008780802214636	0.00899045617778512
-0.0957382353753209	0.110825364588431
-0.0116084663246132	0.0110647841357092
-0.333386059255057	0.291071503650419
-0.36730901170806	0.416710820909482
-0.618043674487433	0.967120523808493
-0.0995928944559528	0.0880969854660268
-0.581915396912565	0.600957361239034
0.0664627361748783	0.041293720444684
0.753829558838551	0.635379697471175
0.744888380004285	0.932052200076669
-0.362810268187864	0.409819049901553
0.0784422289136553	0.0649132815642029
-0.124353337738801	0.0865438369507341
-0.31524565662927	0.321493890664879
-0.401178299635409	0.401811203866126
-0.622986395173326	0.5968201349944
-0.712181414935152	0.818108791045558
0.185618715019279	0.133231316603191
-0.0969565173592259	0.068526238376985
-0.293584368855264	0.257728529115429
-0.688954997080145	0.738618578192259
-0.322608179906664	0.255614583034152
-0.380958484879441	0.261895857739654
-0.860920629051272	0.85756867314169
-0.113801317433006	0.0787949252808221
-0.904224140860534	1.07654770178137
-0.172901938621128	0.131144764169243
-0.264184883235536	0.165442935951856
1.03794054595386	0.987583793083327
-0.77416782378264	0.78101914069329
-0.13473879493055	0.0761260099615991
0.184693410479174	0.11469832234289
-0.778049960429853	0.666170618677283
-0.386187957504151	0.26627740722207
-0.947012147898518	0.581986463444938
0.151455007263736	0.942331285409299
-0.02890064481183	0.0666123855156028
-0.318829329052285	1.19280046961906
-0.14695268010247	0.292661638142129
-0.388903052442159	1.19637104202944
-0.805447696356824	3.38157381872438
-0.322157462065008	0.572918697437228
-0.35915049049571	0.531237561639322
-0.668230439144339	1.51852166009573
-0.182744843088339	0.266615110837888
0.198096912793043	0.343664899959636
-0.752699962654648	2.36769318640511
-0.442197425669376	0.951533533564295
-0.220616482480631	0.331240854159655
-0.098882476197543	0.118427238239876
-0.0699517597231434	0.0773959494749205
-0.112001151604441	0.106707289291765
-0.840430388091408	1.70672331996805
-0.572834833500874	0.901233670997309
-0.349681127571638	0.458239978415597
0.162872405382778	0.164770383443335
0.385358887572503	0.43549278883577
0.252930593499069	0.321394840422826
0.441192902160787	0.590215120489642
-0.648852984846494	0.837793879036569
-0.354250814678537	0.353046882292681
-0.2301839049298	0.24326866724246
0.215279987679596	0.23062232088384
0.112578895390671	0.114861697822743
0.205696920345255	0.175990744314536
0.208234411591993	0.168230780836554
-0.821914070001403	1.13556041918986
-0.684664093803196	0.878324654669903
0.0421583111866765	0.0317229767501709
-0.17679975942109	0.148921947957382
-0.566946553872898	0.659210050560185
-0.475140501437921	0.469039295488882
0.00585342038117148	0.00302912695771351
-0.0568830734958609	0.024789852083508
-1.09394919649968	0.750570440739237
-0.209979711510101	0.135530517928169
-0.97488319956805	0.481856856064848
-0.215633353967226	0.139528092311178
-0.658263784348951	0.459301741263585
-0.116998673995331	0.0811523096647864
-0.96287133270935	0.945472336686881
-0.225930579763943	0.112774029300813
-0.237066129277995	0.118661760968402
-1.31998670303338	0.827227283170796
-0.129625936375086	0.073138287044946
0.516330153113984	0.330185285358854
-0.265248049295541	0.166157552257601
-0.0975367921172222	0.0386896573988339
0.0482421928173048	0.028331804978902
-0.0219145747797684	0.0103294571354978
-0.232597121971833	0.116359267009922
-0.301005765971263	0.138064788402368
-2.22948207933783	1.86962410708631
-0.767523934479266	0.334015614821553
0.0926452247773993	0.490752427990075
-0.118554307003305	0.624393979996598
-0.238615995896815	1.45407622921204
-0.558899191156952	5.47151733670269
-0.51662916852829	3.41912146594595
-0.533901952404714	3.07642603243783
-0.926264577151846	6.57841867277582
-0.476861426734776	1.24868935743856
-0.870705492068554	3.46725047444811
-1.36715347025127	6.97314277386122
-0.253646241278452	0.372113508979132
-0.0847754606290947	0.0962300258458259
-0.174932883072706	0.235847983010737
0.185114954434102	0.272600130233765
-0.588116064243322	1.75239392036474
-0.664349440804196	2.53948991244379
-0.31601087961556	0.654567804626776
-0.261875746313983	0.346520642589152
-0.133178579205502	0.177367545384557
-0.419716802582548	0.500251239882697
0.0542733891297792	0.0577778279366942
-0.678419597307986	1.21195684680394
-0.262017824926273	0.322817901350964
-0.125237516206363	0.108713112874879
0.34548063421539	0.373579299788228
0.275954246431897	0.266439796714782
-0.132781138267027	0.10386854411817
0.482345095416921	0.640265176648772
-0.0745808099465414	0.0757555543269199
-0.297058033482703	0.328711525754897
-0.108109201087023	0.0962125729247942
0.0806796008816736	0.069832943486198
-0.0416059981594239	0.0346292924636912
-0.583136886033121	0.857419937558282
0.302048093757127	0.2290108912229
0.289658408054414	0.244450927679212
-0.220054094314465	0.215396664935469
-0.344698719542292	0.392197423889141
1.16042691501228	1.32617133352247
-0.435660236924054	0.433189574188852
-0.491130610136555	0.60868712533162
-0.0911918396245154	0.036238848512569
0.697273546754482	0.32704484516564
-1.48061958401468	0.747791402904068
-1.16697236063258	0.654541755787604
-0.661827777277641	0.46281864728528
-0.387263233993901	0.161105009433781
1.25927745301409	0.878869096004331
0.164083222967104	0.0489409806828746
-0.976655597147032	0.48331333967379
-1.83386952453235	1.15560285363575
-0.489956314090516	0.257672231310171
-0.762900274145912	0.331434318020362
0.0664984961169223	0.323089820150412
-0.0373803432810336	0.139574942978516
-0.0835546894866114	0.285716786473143
-0.2442246082834	0.792525922670579
-0.515892313806559	1.87747181773049
-0.595959652555661	1.81954663522918
-0.37223317995661	0.687283914369683
-0.423032006650034	0.754540884562031
-0.987118351206389	2.53142904004485
0.375911581180131	0.440558174224221
0.0351702930779248	0.0299646959438812
-0.370524486722354	0.464786997545368
0.124175745427624	0.135668367762209
-0.633149644083802	2.54376873864707
-0.249927056306917	0.53301154209273
-0.149179946664912	0.220646939707256
-0.279434554733234	0.357930977077082
-0.49644448917976	0.638627428626042
-0.513434873860375	0.569204471976717
-0.147685451249082	0.162030257731036
-0.00499335700593437	0.00474296705130029
0.0771995279054779	0.097586974301277
0.361659318185571	0.357865404869857
0.202167054930232	0.157427800442334
0.888168637864917	1.02686025462993
0.110227259727562	0.0814761764866535
-0.409919691093965	0.606741526273989
0.326971253108163	0.44601589298236
-0.626910006004274	1.11709433751359
0.33841748655005	0.355863553303116
0.926246017759082	1.16315853047281
0.490524699063078	0.702573476773792
0.28901105736994	0.251773916375733
-1.33570245213173	1.10522118876154
-0.0722248046911546	0.0438511317847503
-0.0737148897646153	0.0671057470390963
-0.0983724932600081	0.0788484223500386
-1.03143494949326	0.823868341684787
-0.77838753327496	0.666501299035511
-0.627829060935039	0.153504607197422
-0.0285068849920972	0.113182443289848
-0.109247439384998	0.499260086609413
-0.0888857784255426	0.259672434868662
-0.534959742916362	2.43041876128156
-0.341011616923271	1.04653277134982
-0.043828708594524	0.0632376948685691
0.0818536890678994	0.120218984106997
-0.597938059201268	1.34225130083719
0.860890137823381	2.1012105791293
0.111297219930885	0.116837651892943
-0.649397130875863	1.15652144893396
-0.41314420558904	0.613297448553043
-0.237264971785793	0.393356073105526
-0.86685756664085	2.63287023006412
0.0564400824262544	0.0677565393984808
-0.138447404760271	0.146475222063929
-0.232066562091527	0.224555278444096
0.0378847936935835	0.0323195565576369
-0.092169730844357	0.0824580226543678
0.0488346566343523	0.0443583491551994
-0.221223055474092	0.181978262439221
-0.136466383322947	0.117001109031291
0.588944926704434	0.670580764232459
0.00245809731190819	0.00185835189713651
-0.412325874509233	0.415880991680993
0.410532807082476	0.340784757169993
0.757613345517952	0.954740699762531
0.113397625920021	0.0840163003892586
0.373128125348743	0.33936289080865
-0.242076944042131	0.216943676604537
0.0777961006211256	0.0507692704983571
0.809248864074107	1.0678691531667
-0.621379114774497	0.757215278257154
-0.0944035655803676	0.0666359341767598
-0.5515573269322	0.498044467633693
0.0616164152812286	0.271841076136355
0.00227501587241065	0.00676227261701325
-0.127576479693338	0.426948931111306
-0.405645475907778	1.84995684987174
-0.285248556601301	0.777968669728348
-0.336635871909892	0.978579281530194
-0.661930368419537	2.46423441519582
-0.20513488661415	0.376032383907029
-0.408874729184951	0.811503496192799
-0.651632179088836	1.5804745958638
-0.53145236590227	0.915907574395134
-0.684026566655264	1.4038614120903
-0.758073954914413	1.71975306510114
-0.483570794247707	0.982669251039817
-0.894094908665817	1.18403715310611
-0.326940651679389	0.259676877034404
0.222243271300823	0.281896973996196
-0.668784424215816	0.975347723027622
0.409139570113886	0.54780338297993
0.137689638713889	0.118775022950323
-0.24341460832083	0.237631339636185
0.420860090635006	0.335677936659076
0.0551941904294762	0.0323998081669979
0.771848959533063	1.02969891869977
0.0683917009971884	0.0562525720220015
0.392027343286958	0.434873475783026
-0.621335451342296	0.757205522549166
0.34712098485193	0.35830712866992
-0.78350803946526	0.900095631825207
-0.275609265145714	0.263154625277111
-0.587114856515081	0.720406223560387
0.0279503783088609	0.106899742593747
-0.228969958908766	1.35293354142129
-0.375342106890444	1.99937652553222
-0.307460643491898	1.01452285785399
-0.280476176884335	0.89993298782504
-0.226186322944108	0.522405316625462
-0.069854226614412	0.105189755394206
-0.245038758155703	0.406246637228199
-0.0505527007214794	0.06540051583484
-0.424408022343738	0.771171601027412
-0.0402267415361666	0.0401293309238646
-0.20639666959683	0.306466754582371
-0.463579703065543	0.897679276134672
-1.09030851938765	0.746104583312572
0.282816349975942	0.245460708145783
-0.382410861218376	0.30046707913716
0.214797856496703	0.238013827763617
-0.161613903941791	0.17205646220547
0.425860749043288	0.594619784632599
-0.0271797396525719	0.0254877524189775
0.0312721611172632	0.0227612932132162
-1.92328709455148	1.88643003422986
-0.0521713756516921	0.0227862779286307
0.715771873844107	0.909767463570642
0.00754062276974357	0.00674745577429245
-0.633838151360955	0.811050922614448
0.213397346453287	0.183487265992826
-0.728613121188051	0.971356302014348
-0.23957202066483	0.214241615465592
-1.40732911394548	1.69372091209281
0.0739826254817807	0.336086699988204
-0.139133135109928	0.626275007831612
-0.153852741274015	0.484467123191073
-0.0918705849362167	0.229307737570268
-0.308029262113151	0.928929649664009
0.0195122887522684	0.0319178972901778
0.258480603597243	0.503226529194334
-0.467473402492013	1.03684661890852
-0.179817453736678	0.299071977243262
-0.761678536609818	1.51176509274584
-0.16519692181261	0.224993627400716
-0.126908211242863	0.184072861573907
-0.238553539170815	0.406643617512116
-0.0717110970736252	0.108105785036919
-0.236763595511426	0.435933479198837
0.143038025737886	0.12084488692332
-0.363195842464773	0.419165531068705
0.554668498592112	0.990187622447031
0.368239164645441	0.493637092061365
-0.29683034013536	0.380207411478587
0.0477453171910798	0.0454602579362164
0.322035885759009	0.364631482599249
-0.871749436504053	0.800295027351519
0.550398702682866	0.460616178721963
-0.362040566597127	0.363062175388111
0.361460980401307	0.444091681962796
0.0220385491464101	0.0154923763345299
-0.209101878208202	0.191973039973555
0.208637878337192	0.21428617608291
-0.0244005263522535	0.0228315323485667
-1.28686289446352	2.03208729313292
0.0495950645427511	0.205981196936925
0.048767473739341	0.162598225701781
-0.324604098525255	1.58879478386798
-0.836485034649486	6.45521991214319
0.0409788145889811	0.0807447741036744
0.113369985379829	0.221580282430805
-0.228522774697846	0.510994010775722
-0.506113659488488	1.43251380075419
-0.988782996081776	3.10278169449163
-1.04377137374936	4.98912879676853
-0.522226323911234	1.68642232001435
-0.370073612342601	0.397475546191815
0.279209799687489	0.276793847997989
-0.0280047972066817	0.0282491706533284
-0.248593882055566	0.333352460164508
0.343474503609095	0.514865969299504
0.0320850691500318	0.0309719610568656
0.511620383706151	0.766392836165842
0.750289505326743	0.631369109907059
0.00280137044610671	0.00170415748239616
0.251910924442479	0.266431072680456
1.07020645630552	1.88622464523385
-0.207008638681087	0.17344998550067
0.482039288800173	0.639914494518799
0.204109115116653	0.200997355585647
-0.457945844788853	0.643763578287801
0.0671186638472362	0.285029876350044
-0.140894684040393	0.6259502760987
-0.162248632034827	0.526868771055532
0.256858888545274	0.72772486908392
0.093482979569122	0.180546213502997
-0.148248439885675	0.307458083803133
-0.355348603271502	0.860568846074012
-0.192512481995364	0.261764314869653
-0.70027777002794	2.12534044413896
-0.250332370201403	0.568471980225097
-0.365863138811018	0.802748544571628
-0.240184486905308	0.561449615812514
0.09079661035862	0.156852235942666
-0.0511492094337855	0.0371598203645412
-0.567080567592744	0.412575917274626
-0.0960501788610414	0.0678543406457797
-0.64252387556664	0.661122477765229
0.298937975777094	0.338894460224298
0.348795280225328	0.496651009309292
0.05330919975171	0.0545947111529261
0.017121285927317	0.0153182726826951
0.355823495181055	0.360286404275072
0.586993025884146	0.472150146307033
-0.101462565243239	0.0402263455998725
1.23876331834734	2.08341354478807
-0.0497123502829565	0.041563043082106
0.99016454164129	1.08559924117321
0.149496615573558	0.14153296419193
-0.114479732783999	0.100532807510175
0.267871243295511	0.286952055161145
0.00676508459342208	0.0240485225096854
0.0439960069626688	0.148014234301084
0.164287903685297	0.528652076065211
0.0717863455468439	0.149445112871094
-0.0870368846656068	0.185634067626123
-0.527174985456456	1.88058454298104
-0.416575881553578	0.974440672080646
-0.813153172725818	2.99594394026948
0.0319319692864615	0.0569656538497294
-0.152074247412031	0.325513306911036
0.164159648374996	0.405728166173082
0.0598581611821071	0.114554810967116
-0.156250048209194	0.132901399068976
0.184369277245294	0.114416763877315
-0.199278265290865	0.195829600489949
0.117369443496988	0.0925260698622872
-0.0516483582977631	0.0578196577874511
-0.185432859079775	0.233334619719148
-0.0171216243891679	0.0173084634949546
0.39340991824669	0.587975433866401
-1.16291355804482	1.78723174547577
0.460003588849608	0.334950238139211
-0.285206015728459	0.206945414097227
0.429649503609837	0.519626744828941
0.674214810286855	0.971133202531291
0.362625647361014	0.437657825600352
0.153493449006507	0.142943486796133
0.483183137665159	0.628951964655325
-0.0228865300753876	0.0193824773857715
-0.01538115017124	0.011515768287404
0.0743482501168722	0.326459249402264
0.0110855162101093	0.0317157530540331
-0.263133384572622	0.965719931563197
-0.727324190987269	4.79107529454521
-0.912487451515015	6.89617962164917
-1.23564193369509	8.2720318055449
-1.00168475337194	8.88223806031892
-0.378445361296823	1.3950503314992
-0.221263193227689	0.69995117092131
0.0276979813764539	0.0556524475199073
0.0288220564415845	0.0566726017902419
-0.450371682977989	0.505706800199522
-0.538082179643814	0.560860799551667
-0.00937937295990729	0.00804172751428886
-0.144512721626784	0.134321240425804
-0.353170338948057	0.50122908620054
-0.47690841970321	0.931610974770857
-0.132390807818317	0.172809498361797
-0.354972525641735	0.41945049461789
0.431314890860029	0.533613741428534
-0.0933277076793267	0.0547393174281118
0.0924200460480972	0.0632002285431799
0.315815495034378	0.355543813643712
0.069351335346427	0.0682185887853221
-0.13198350020788	0.115123138882831
0.0869699488344136	0.0771250775999882
0.999264675917825	2.03388085474041
0.05105903308541	0.0472346739504165
0.0381289155616187	0.14638725732346
-0.228819257173738	1.23249280762756
-0.368481656469413	1.92675824311975
-0.357304797215105	1.59025170277141
-0.168544236905843	0.412596096816646
-0.731256717042381	4.45264367060277
-0.0237121945092381	0.0518376619153989
-0.0587038029874589	0.126972557228867
-0.442135110850878	0.493454562438231
0.400786936322454	0.447661276123592
-0.735031341103951	1.5608124298702
-0.19189091355734	0.270628175476108
0.156695290408271	0.192639211370408
-0.615054907175572	0.986304435259985
-0.564685822001916	0.752203712986864
0.721298575854533	0.731983689354206
0.480476831233718	0.329875486461481
-0.223432581567891	0.230588049227647
-0.209603912336193	0.217849181836438
0.138654703240173	0.113830040955976
0.550351938418342	0.64895311988242
0.32092774646572	0.355992064909592
-0.0819525437555245	0.0727727118107313
0.151450986074881	0.808545347884472
-0.0792829036916772	0.292942479246273
-0.308060002595622	1.44198949930886
0.164528348761358	0.451742427293438
-0.259731828820422	0.905428530893209
-0.306741657999021	0.486139214305992
-0.389488241710981	0.439379679695706
-0.560519970061412	0.540774079759496
-0.907955948787472	1.08389760857101
-0.176711422762627	0.148857747998422
0.375267210225722	0.53892498834439
-0.03357407266931	0.0336696933427405
0.122975498109729	0.146514576477209
-0.112651128549697	0.115339263536514
0.343750602934766	0.345193404432206
-0.227722237306992	0.113703230199926
0.185077063849291	0.12728936082975
0.26573733349331	0.284095737635638
0.102782973841854	0.0940333149920722
-1.0398142094844	1.28157076476027
-0.163044615543016	0.150801370041138
-0.116601479905365	0.109674426532207
-0.469733098306738	0.396584583469203
-0.449043919022122	0.470714064607195
0.0636435564478802	0.274816060626177
0.138894999504526	0.656766466146022
0.534259112885822	4.09064791438675
0.000896072734474666	0.00224885382193496
0.200515047907032	0.391104159578986
0.0308733735412263	0.044621219903514
-0.176481414644003	0.254417348221728
-0.186535885237172	0.281103655167146
-0.30609234209696	0.508667293377449
-0.143837520850203	0.170306698999011
-0.33136948554351	0.380795812009715
-1.15158502213062	2.34512171355821
0.492805277592501	0.632077844440543
-0.0199325200339897	0.021437107852671
-0.166961220246027	0.221878275764019
-0.548652471401923	0.959127227539281
-0.449658249179842	0.655507601120067
-0.179525973629956	0.191146468790233
1.04987817164818	1.36836351838327
0.0482924924014734	0.0283286741606226
0.41261244008921	0.513503228166043
-0.0951913359954539	0.0922027665557438
-0.324227227492002	0.30380696897362
0.530140380076937	0.722674090880709
-0.0745890230266657	0.066916147071644
-0.00992548718046098	0.00751510477318634
-0.201008243196825	0.183377792943453
-0.606049079671656	0.730724733166412
-0.309485501671691	0.295039504728891
0.173103612754963	1.05591898198221
0.516246849089659	5.21694615097339
0.0226461548295858	0.0689669940968009
-0.159255784976995	0.267314926760904
-0.148712973262193	0.235857730907776
-0.0226214518270791	0.0279125870409611
-0.678015472066906	1.38442885771741
0.0138642025640229	0.015142305910912
-0.0721708826390158	0.0848069628864001
0.00998358498949434	0.0108869304506753
-0.379851538368438	0.53529520280857
-0.240303046907865	0.323798253695859
-0.395728528701524	0.600196991446049
-0.438456061909066	0.644185218396576
-0.152309579823831	0.171642784887888
-0.194353378470506	0.209617658017435
-0.311981553885307	0.297963294213026
-0.358737007922959	0.44568732291856
0.626834373322229	1.10121433879386
-0.0548608887300183	0.0598337483474817
-0.278825970918713	0.375120118177208
-0.232838990336945	0.287627668096385
0.247032995042205	0.270188385111487
-0.514656049216153	0.692021135910133
0.774297671132165	0.863532127395578
-0.02218824409982	0.0165642642884815
-0.316061959368772	0.32231841089308
0.656027719976552	0.956198678911155
-0.424523419941354	0.479728480316689
0.394439448130405	0.503227558726219
-0.58412170127612	0.60358957134775
-0.0588584499202317	0.0478934207836944
0.381689574328879	0.360430172602301
0.200004911551667	0.144572509622218
-0.770248027623784	0.927630625135485
-0.420953325811677	0.414411053117994
-0.049354909679879	0.226382371099297
-0.0841724344692097	0.406134314818957
0.0996367305646769	0.118810632750307
-0.200210772668233	0.274421272702095
0.0245179199117993	0.0228217618463887
-0.221415045552027	0.242868082268673
-0.160333130503647	0.209270179472492
0.372140901993224	0.525220336715065
-0.640441284362915	0.968270539816359
0.14912382357815	0.141250142630685
-0.578911097648748	0.82292966948128
-0.3896718233503	0.605026967660749
-0.0739619519605618	0.0938994626978605
-0.15078900265278	0.216811114909488
-0.43543647287379	1.22123645822236
-1.19321870878539	4.15981073256133
-0.349425850789967	0.717563949037512
-0.21244603898269	0.426878861572549
-0.552026417275197	0.893263071185268
-0.00442797398121187	0.0034163707982576
-0.657204257991039	0.9511564585599
-0.474839946899096	0.614456747955262
-0.170824309053854	0.264801386621296
0.0637379702230929	0.0907141154940961
-0.552231200064302	1.13793885423512
-0.304103275216263	0.288860198615763
0.672206097021676	0.883068897176143
0.125605850085018	0.142917630037218
0.260787773486226	0.324082042925217
1.32336534400721	1.83932764420709
1.32040332728825	1.69378982276991
0.45597568391777	0.658627804870729
0.321804202910901	0.364402540777648
-1.18098889297886	1.21319318369897
0.305676790542784	2.97365870002542
0.0923432118013336	0.43178608376588
0.355931190689822	2.17998559572173
-0.325943807466795	1.43668348816824
-0.158405537132881	0.404775070099668
-0.457035187091496	1.9372803899154
-0.38787885005859	1.03526076839976
-0.219658894031217	0.395806038772456
-0.628310929529531	1.75590442798423
-0.735060581396576	1.52693192057007
-0.00914044396735253	0.00999630887909654
-0.458579262845946	1.01803264887753
-0.513030746935295	1.14922956744959
-0.273656174363552	0.383431213771854
-0.489146935194212	0.879771628325254
-0.489142912792464	0.926155707625771
-0.328975039284616	0.538934259033266
-0.595720295683045	1.37972222842169
-0.624432431176696	1.77251199950839
-0.856342238219721	2.98438922979557
-0.661057308898525	1.91733287906438
-0.107112343987931	0.16906227985791
-0.0479134006786052	0.0777635208018553
-0.263893846945939	0.377741682513646
-0.219344692398922	0.248038286058931
-0.781789660803171	1.5846233129851
-0.469112931806673	0.635349758117451
0.155616251711133	0.241973753378636
-0.0812788770122198	0.100816744453885
0.61434071257618	1.2562055812863
-0.781431944616343	1.26110341635111
0.406971106422031	0.504587817897799
0.613758691900069	1.12178963366145
0.197655826583304	0.22948269362413
-0.829686421754938	1.04732676336599
0.597222866056864	0.578628884442706
0.0257337029177422	0.0235581963975301
-0.0253438068569003	0.0239882595535937
0.197114274932713	0.136406915732147
-0.966614733079174	1.43278838049438
0.130959974695044	0.783331471325531
0.0240319281866805	0.0840983074143167
-0.0738155134161696	0.243579098094989
0.0738526988982664	0.201342713354334
-0.270681420217666	0.981860097242118
-0.275861261444212	0.741615912854877
-0.103648421753871	0.191807287094685
0.0178404538680267	0.0277766526395275
-0.742346516268157	2.20449597311229
-0.43030935737231	0.889418737087106
-0.0688992151259145	0.0993314605635935
-0.224241076656798	0.402040059900336
-0.219574193305159	0.359559897116223
-0.562667798278024	1.31423643040002
-0.259350896628204	0.410342182848498
-0.469126002685803	1.08134358498409
-0.517920907431075	1.10963739542112
0.0436148146046978	0.058040221631155
-0.0369857900684177	0.0486866164873679
-0.340001700643615	0.483901850726082
-0.613074062610912	1.68787331471069
-0.357090387288904	0.729411018122721
-0.752477295712783	2.22907352607607
-0.816748228907286	1.7042639862667
-0.254777779567993	0.374252699214433
-0.647160792142108	1.33722673693198
-0.0433082679379818	0.0531797843942346
-0.265206330330366	0.37333221120235
-0.170491317709731	0.213867468872449
0.288194890239	0.387266481187686
-0.146709699960553	0.156418181016382
0.204971522945245	0.246640274320756
-0.140429597264263	0.150949287174493
0.107058433761064	0.105354764350281
-0.719263785617041	1.16770460250405
-0.201290729785179	0.259180502119274
0.569667607188568	0.866916014521219
-0.814672557259301	1.21743110733584
-0.54978890625772	0.676189822838655
0.111401878537101	0.564753928219315
0.0721652331480595	0.271666638159173
-0.0195290091825969	0.0465592727073076
-0.0954201967181978	0.250732927372491
-0.0847777239553303	0.16791847396999
-0.111134014320602	0.215565760315465
-0.139742662973519	0.255256124713542
-0.00796472782037937	0.0095603457551173
0.11641482384211	0.163723380010776
-0.135819645646102	0.195071083415136
0.342416265752183	0.649808277055579
0.0427547850339956	0.0559962141298163
0.0224487846460705	0.0234611372785026
0.0638118151616385	0.0794180643382162
-0.310181365027042	0.509804387707843
-0.249133763918984	0.31916119752114
0.545294403751216	1.05885614638006
0.304365959075207	0.359645506821655
-0.307933228910798	0.35395501716217
-0.474519164340446	0.75248573994009
-0.603386205977772	1.09849423434669
-0.509764760877834	1.05364998770824
-0.167626378008686	0.215787864524302
-0.337076586518537	0.525052821541665
-0.362840718040504	0.549413111516475
-0.13915495740314	0.149433921940921
0.447207597405958	0.449252552587291
0.217613441845409	0.182277936093856
-0.0545128215153329	0.0489130683649682
-0.23371966384626	0.274067268650065
1.04900506517589	1.75213218244783
0.201832572503087	0.202345579645817
-1.14371545077923	1.62540012161694
-0.592399524052177	0.757353483748338
0.0556474378097398	0.0420772371096104
0.0904561046069036	0.0617943111878716
-0.774899996793202	0.935662513158393
-0.713334937186854	0.861738160133782
0.127943740648119	0.707935641206924
0.177118609264419	0.886463010442546
0.0959142229059709	0.321389027384419
0.254170196296143	0.877103128223401
-0.0781948643195133	0.181666165923265
-0.291272415049981	0.822413999911016
-0.141508866404379	0.257857163689834
0.387565465545377	0.947505417227471
-0.124274583913991	0.215349815876109
-0.0502792034866293	0.0784650367933461
-0.327746653252929	0.786914921342233
0.177449928489421	0.28957927298411
-0.28673382917308	0.550284632562174
-0.650748585550801	1.62880673144449
0.102386378927219	0.116956604191089
-0.138663569103416	0.15819192578139
-0.592769555371528	0.75859070602803
-0.769792450330561	1.10744468280647
-0.682303750694661	1.39887341262388
-0.763996350985719	1.48114235788551
-0.483052400125681	0.965327865525667
0.277947725605691	0.514175695979714
-0.530888748988477	1.18881378628556
-0.0724021120656942	0.0986509199717544
0.377682244530906	0.510448039200832
-0.0431773077255803	0.0318613098471021
0.583137580501029	0.661377099064654
0.0915613288104592	0.107057715872315
-0.217963949912982	0.290560987262301
0.473042131512865	0.611248714007512
-0.120310423111775	0.122228912185362
0.207342637063212	0.246491269004564
-0.571059992530227	0.764436840046117
-0.0952129735865337	0.0839485772780839
-0.223361628728941	0.202455205188788
0.105318747958976	0.100099552118693
-0.742774556374433	0.998293060321572
-0.0929192193059882	0.0742482561633331
-0.370688599283699	0.421485741093271
-0.549822171719226	0.496114692575566
0.115140964050715	0.605125921042115
0.0679647283456924	0.268868589982339
0.240826812094623	0.995044250736665
0.133926322736719	0.384934236793326
0.100074740128352	0.229440666342402
-0.255110649267886	0.606079570007972
0.046535663158427	0.0719980245001236
0.00418156963471244	0.00618019783549556
-0.22669367235505	0.471483769899316
-0.152881687891073	0.282489065528167
-0.253658933181647	0.456926919815799
-0.384320618076739	0.892894003246427
-0.0375304953573063	0.04880992493547
0.0165768190031598	0.0183268909228322
-0.419752100990073	0.616449977539848
-0.476239413853674	0.530010168726275
0.0806189214507592	0.0683356687860395
-1.16244606286215	3.22811735209527
-0.656741506246134	1.2621779943613
-0.288669414188805	0.557335864798601
0.0715982995195504	0.105254986509323
-0.646064357571266	1.69923577507877
-0.0946412697214356	0.139668357727598
-0.461350759755165	0.650487859414293
-0.171815987064142	0.113953549743463
-0.179306773547289	0.119332424695166
0.256714961256727	0.293232710060936
0.99794024621128	2.32547184495853
-0.117733548547228	0.112658715881239
-0.0580858884000031	0.05678464811568
-0.0407418935353988	0.0381399008697278
-0.0248779432198954	0.023291265138337
-0.353780728321905	0.426077418232617
-0.417790495077927	0.564045143381623
-0.658620401408764	0.75992678407886
-0.795050172360051	0.528492965376334
-0.173252049811858	0.169765215575436
-0.39410194199785	0.420271447872516
-0.708110509944469	0.811314105065203
0.0540803230166071	0.240259751525419
0.0845326451840965	0.342374744752901
-0.234231713832542	0.99521651745133
-0.265535836371121	1.00991769833834
0.028789673114388	0.0555979377390965
-0.161105843361862	0.354783979267434
-0.0334803391804486	0.0590930391340938
-0.0323598724471873	0.0574047681789818
-0.198403055919576	0.445715394290456
-0.434866471064933	1.32537116489337
-0.276018060847276	0.645856697100962
-0.136054751386679	0.232153170570526
-0.718055460468519	1.77998627198385
-0.181544955114917	0.270612390758602
-0.491332980735319	0.873490769540559
-0.308470215435366	0.40851777916685
-1.14377953556972	4.38833721272604
-0.969082357795454	2.51195129357091
-0.153962682159538	0.314265381830569
-0.52481534582158	1.63208848437459
-0.342849815576711	0.82260110035823
-0.573956325023131	1.45213077777317
-0.461685400418486	0.83248553903724
-0.329442962703331	0.331291120142806
-1.18197421217899	1.95190580747675
0.155362696971807	0.204761209629861
0.269753706881862	0.417890184070018
-0.699579698817499	1.08601372247233
-0.0589086006790992	0.065128701992223
-0.0519910851265686	0.0548236913387169
-0.41230256383364	0.384960272570242
-0.300120793319146	0.358306234361886
0.0602096625897642	0.0620255715241911
-0.156151761409612	0.156232524710609
-0.693387670630388	1.00228947181201
-0.813375690699986	1.11728415387045
0.0451662789570483	0.183772662679291
0.0722755705980449	0.268193681733026
-0.0550176398931329	0.146162140396505
0.265534623963911	0.815834432895411
0.0240610648094399	0.0414187673752705
-0.123901980508068	0.250641618479838
-0.229677265055192	0.548454560761422
-0.0523974270366693	0.0986738197241895
-0.1020378722539	0.18958737197128
-0.221855739323583	0.460514501053474
-0.37963280101768	0.901154050374937
0.0222797580227356	0.0256889891348352
-0.294117539444743	0.423136722751771
-0.477834812778254	0.682530031602925
-0.622462597412013	0.790133086204334
-2.07057308648724	9.27758502167135
-0.447701019720529	0.678534025321869
-0.596701168035625	1.70627496939977
-0.356098127485882	0.710880781155854
-0.660224479130671	2.05070588574951
-0.331239512765004	0.624161994882608
-0.412829841320811	0.589188520042835
-0.707449438938134	0.76731671023316
-0.142062963748511	0.152974822117738
0.172485850195776	0.204825918409309
0.30405848753883	0.37200376418607
-0.488071423905523	0.637647479305585
-0.122268321892569	0.132756350465306
-0.199763865050603	0.196346426199582
-0.120915170687283	0.11418606352389
-0.565099501036417	0.655889297689422
-0.15588007096459	0.155878777478562
-0.0628382377745669	0.0512474681541304
0.328564023311351	0.358841784811216
-0.0122788969840929	0.00925704462077299
0.0716014276345094	0.320127970012283
-0.0075363294932513	0.0231677675949192
-0.242411594501449	0.899207629688235
0.197034594828739	0.520557627003792
-0.215285378746454	0.56884520529641
-0.0140431009261377	0.026225844583992
0.166410235543943	0.403919071138465
-0.189901176713857	0.424811381658704
-0.538498272515915	1.923834633277
-0.466126749255257	1.25183335403958
-0.367971324272712	0.668558863855239
-0.782656123816105	1.85640233402295
-0.292968969812552	0.388165916464816
-0.39854709127416	0.515904957960461
-0.719479149074477	1.72953167688845
-1.37793638717834	3.62154342790876
-0.344384731897022	0.807116291043784
-0.228796096691578	0.450314281756193
-0.105451150617588	0.176128704826831
-0.0120121652640836	0.0152399205194974
-0.0645073790088101	0.0673207174736496
0.0590530119838332	0.0683317155329088
0.218154398774116	0.225756775633939
-0.153974667898008	0.162818449988157
-0.228378659914457	0.266757734089787
-0.57137990958701	0.832846466350615
-0.888013355014282	0.738306827126188
0.0821040381180934	0.0739569246799061
-0.536423545806592	0.755709809031686
-1.21380341274943	2.38745346656842
-0.370141800560016	0.373246016598949
0.0942093413290108	0.462877096006394
-0.0764860145158596	0.275012972194303
-0.13138820460936	0.393614779588029
-0.13365571870322	0.385664675948042
-0.612886847077057	3.42701263878061
-0.320077833270646	1.22588014412175
-0.483990585617351	1.95214970300384
-0.261594920460605	0.757573584968597
-0.68893997815046	2.98315907515368
-0.464757302778716	1.24507426477261
-0.526066308936359	1.34882896943948
-0.824385704200709	1.95471374637577
-0.808158795187942	1.88255858188711
-1.94101812638675	13.6431898598192
-1.39011376366356	5.57778072647312
-0.599841362263478	2.13637636666803
-0.385325752046274	1.07473567475864
-0.331007661591039	0.870924788269807
-0.627428647654293	1.58008549058651
-0.021898862524615	0.0163484786879304
-0.242263362695778	0.236278673304517
-0.211747071371137	0.284015521064647
0.455077288872378	0.820670966281339
-0.2713068683136	0.299753154430897
0.236184190307645	0.299603161920555
-0.193693940005145	0.214150035410806
-0.0348805000222139	0.0373088641905519
-0.0421381555874538	0.0385288498717851
-0.399206717646119	0.369585941509644
-0.484404878387012	0.439133401992232
-0.484836660272368	0.598738255032318
0.0194464558470559	0.0696287294933752
-0.111672257465554	0.436111132391036
-0.154264556354372	0.504048097029259
-0.179711587340999	0.562394455696278
-0.342173143928765	1.42187690604526
-0.107592752711873	0.243472664169143
-0.43289627161941	1.6902782532653
-0.348529050444293	0.960625020487226
-0.938501225913819	3.38475592540176
-0.331068517277027	0.617708035420613
-1.00269723181604	2.74545724625595
-0.42171817944444	0.658342729056133
-1.18328348527856	5.04723519537239
-0.415424242176969	0.787904786159019
-0.309382440550627	0.740591922850947
0.0555022710582806	0.0431594291088849
-0.944794595623619	1.23569504651074
0.286003624983832	0.366973847052539
-0.241178095327805	0.310817712423342
0.763227681598421	1.19259269955756
-0.321746730607276	0.391422820683178
-1.17821348767949	1.60030842807498
-0.241929789160018	0.121244758031647
0.0175263610570964	0.0608946116578633
0.0781687395744469	0.286412802277101
-0.124766423184872	0.415461918521525
-0.25404342596631	0.956329288954742
-0.348422907476194	1.14213456098639
-0.465383002068548	1.78282531386524
-0.432705170361858	1.37675536616834
-0.43066850986849	1.11311754278846
-0.49019252701035	1.01389654953333
-0.892027456360737	2.39940426931235
-0.600410309867371	1.31062797583558
-1.05143122092377	4.56129280624848
-0.870177314340103	2.57204176401253
-0.365583268354005	0.91936447058211
-0.311377598837144	0.712148087388209
0.125805429956096	0.0997115566090589
-0.341265168498743	0.323570613395704
-0.452837399782502	0.661975668092588
0.246968661912121	0.298517533605
0.38065821177205	0.438263241314395
-0.447155034169958	0.578536781318037
-0.00635287000273914	0.0225959053942599
-0.0482597647723181	0.173418350176125
-0.234038812990204	1.00231153594094
-0.192912600327904	0.618122204359046
-0.415258697478438	1.82802079701429
-0.563457528941821	2.88334256130697
-0.574459553999191	2.09420026485909
-0.397363438635333	1.26692898922052
-0.49547320253098	1.45230912851857
-0.196151583546927	0.326528614436843
-0.967975252863043	5.14923868247888
-0.398188395438947	1.07376966319684
-0.34574124295397	0.956374249770008
-0.045991180852915	0.0487134759345867
-0.327815229272105	0.393494078819627
0.285882970649879	0.361259818316887
-0.389765747376317	0.605129506731349
0.52918574371262	0.77392948632168
-0.388678224460366	0.530553575177289
-0.0260462286872999	0.0992807619036919
-0.0971951689820128	0.3891792079017
-0.161604958818099	0.571677252848119
-0.238053420588147	0.894769417601424
-0.484159723888503	2.24899683758838
-0.221937106775375	0.580907236225602
-0.461958674025453	1.6401745279562
-0.991995095422054	4.10313386436804
-0.705737212506942	2.18693432350398
-1.29474942080116	9.56149128794846
-0.620160905706569	2.08197301391992
-0.214023859305852	0.528846124629394
-0.221114884933132	0.246547036393907
-0.217098970075354	0.311354319514448
0.161083576146549	0.221928839640296
0.00890173388700623	0.00945526010686985
0.0420187865738689	0.173880281307594
-0.123273146314114	0.523575921188895
-0.0392399704634657	0.111066888211827
-0.24625762367966	0.964841718599783
-0.771784711461421	4.67464368584117
-0.0876038428812318	0.19172167638825
-0.40072477972669	1.11907027897253
-0.518401863709564	1.4863063500604
-0.90533593770866	5.48825376090541
0.0164446182176898	0.0149868068922929
0.0367628732945026	0.144402793740789
-0.149419957560897	0.703824794961466
-0.259320521450009	1.21302593045598
-0.176886858193532	0.562343236896551
-0.334566003717913	1.37333257416894
-0.454333992667965	1.89192532853967
-0.353521892140549	1.0485347801121
-0.732535444229192	4.82562344251865
0.0357478723967833	0.142950002414247
-0.0743230744615294	0.295017610937215
-0.243662560574956	1.08402211855474
-0.0704441648606238	0.207874667687825
-0.43858507756899	2.04343343301923
-0.22232815032011	0.657807444448263
-0.54027587973693	3.35603377467209
-0.0264723216918937	0.103824732464721
-0.0772287071851517	0.315545031055851
-0.07920935369752	0.290110337754859
-0.306262513003383	1.70507726436794
-0.298178067404536	1.3227932391226
-0.421208834777296	2.74906071496512
0.00971034605662322	0.0358026146827269
-0.117455369742255	0.583900263776183
-0.206111827435935	1.1091634611536
-0.271664443187633	1.40409579302112
-0.360377806963363	2.41687355170094
-0.0142479639078438	0.0565438352444095
-0.0218707468435568	0.0829372336838509
-0.0463463389474494	0.163822536608158
-0.134517798906443	0.622043903989841
0.0414723459975616	0.189601392486175
0.0586715129764507	0.255357554929459
-0.0868023284723956	0.388981190490544
-0.156967820962929	1.00976581137698
-0.0466373750778026	0.190484771811927
0.179439085168233	1.2531624261404
