x	y
-0.636426285468972	0.613979323536856
-1.42251750086653	1.50845191998082
-1.93172677882738	1.90196132441432
-0.467428116305951	0.394232451812855
-0.326374838485286	0.231157615480255
-0.535160844219261	0.339144875357893
-0.283509638977915	0.20557932570294
-0.456702190280436	0.304429969435585
-1.20331585098836	1.40201721981151
-0.673143785550001	0.532049379927115
-0.181694116928594	0.121032411657654
-0.0994597483731317	0.0584024814875747
-0.991582284407068	0.889200352580977
-0.776037845812754	0.663121381196466
-0.380568641321086	0.29877631639065
0.028916033139322	0.0159056707028275
-0.214681742584776	0.138818522064547
-0.322340493353616	0.227690171488062
-0.677156490059235	0.535975512425479
-0.479745759404315	0.35784145746102
-1.14445662515778	0.995644110999738
0.0536050548931016	0.031443126038382
0.485793235197761	0.449857235279518
-0.138593440497406	0.0938906705818322
-0.468975718101415	0.395996971611168
-0.780598140940788	0.598882106786494
-0.417745146568127	0.357338795760041
0.00654601088931635	0.00337226548648605
0.169813852108211	0.0985136759629939
-0.0631285882401566	0.0382880607362999
-4.40349154711191	2.23964398720671
-1.08351487692525	1.03992576650558
-1.92555598027771	1.8887349212154
-0.233843705090568	0.116879473569754
-1.32316316518959	0.829608938823984
-0.297508253338832	0.136455589869049
-0.568510331401646	0.414333850728629
-0.295511570554499	0.135566513478075
-1.03520924857659	0.829334099627228
-0.326552965586719	0.231072761652332
0.394300745563332	0.178232456221431
-1.81566955306914	0.739965971694479
-0.568628898323402	0.414401685014794
-0.56203878828724	0.408180262369777
-0.867842525360614	0.795475733723884
-0.327793307001456	0.197164513293802
-0.385700464346051	0.265877421006837
-0.945076208633504	1.0012757031514
-0.685633615110202	0.59909352436428
-1.32885772692477	1.51772932303999
0.188475442780682	0.135482443454787
-0.522420402044095	0.432971354780405
-0.487176620666507	0.364999108491068
-0.892664114086953	0.743205698351333
-0.265381029606645	0.166301055937188
-0.684730600252247	0.544243314589799
0.0487377183726279	0.0286221402336394
-0.539985505441524	0.342648354931652
-1.46564208379341	1.02031337134213
-0.729656205414228	0.250803779141173
-0.571240884567223	0.416414368879994
-0.312798149660525	0.186920217814452
-0.3534069395508	0.101578475904711
-0.249483502442341	0.184855506512899
-0.0730346877916444	0.0443590040433342
-0.264182574388735	0.16548773101989
-0.37124888812665	0.290039370668349
-0.302654775386195	0.139077492237227
-0.402467066035338	0.228725729081359
-0.978193225168376	0.484123370622311
0.365376412312231	0.185084494226465
-0.644770112787589	0.382492837201044
-0.481484116384267	0.252332593515076
-0.516933647184975	0.195517224842632
0.164708155139487	0.0558397927439918
-0.346820783252297	0.0997890928773071
0.528476382778789	0.189975415538032
-1.33456923839562	0.839537032241518
-0.719194825953782	0.246846541949292
-0.277851851903059	0.200844021292233
-0.382588958146984	0.2631111664013
-0.792355284030994	0.52568209323888
-0.526554687965329	0.332478565609612
-0.100031042950008	0.0587568589123497
-0.465165720121105	0.391958572802374
-0.694795231413866	0.704605614193136
0.154108705452745	0.052369640632667
-0.334697810548957	0.096384887869908
-0.397148702506364	0.22526952739539
-0.515466779883267	0.194997679323859
-0.399302789425191	0.226580141883492
-0.340124379015428	0.0979309335927298
-0.516303494683392	0.195262357700911
-0.324048129852608	0.194510178062158
-0.775077353270553	0.835360421751249
-0.472802451210513	0.399861980332756
-0.268236420738936	0.168283309056515
-0.310375686104428	0.142919740788241
-0.325394716110993	0.195440951837047
-0.302344719394741	0.138712457398006
-0.0117330921475289	0.00568195520060896
-0.13820927510853	0.049531032348743
-0.920167385345613	1.03604393108889
-1.40412933533574	1.8778681045326
0.15551941191397	0.0754565893022232
-0.641971526771337	0.379752646396669
-0.963915702495613	0.947012836217973
-0.619430983362121	0.552799633151309
-0.722774497263927	0.248158081194853
-0.0571329139322524	0.0248865685733516
-1.97646784229936	1.37496842191001
-0.600982761439057	0.287834878587552
-0.77723149812702	0.51230412434556
-0.390943736994562	0.162719877466899
-1.01735407284408	0.40279400157508
-0.346820783252297	0.0997890928773071
-0.53156748319844	0.551718272695411
-0.890550097918234	1.11627043168682
-0.647863070533405	0.706131340310205
-0.379151915694829	0.260568358400626
-1.72375058153932	1.88077325977267
-0.569572196470657	0.415118927255473
-0.562941467642154	0.409167053888599
-0.780670536382487	0.599071617345595
-0.30296961198572	0.139207123492571
-0.389477028876739	0.162240726592513
-0.511726002675108	0.193436414632331
-1.08716792622736	0.742455384177287
-0.571058920227774	0.416442149553269
-0.0858918490127482	0.0502841960630941
-0.530854218154592	0.335857618205059
-1.14435009416022	0.996346466738286
-0.640255272835576	0.378659982590973
1.45873555291897	0.911077226473918
-0.25031201274421	0.185586414662978
-0.433025801556179	0.333623887606587
-0.257535815100873	0.210345747526873
-0.327389354778559	0.28476355467108
-0.25443299470038	0.158644494977113
-0.592231682943635	0.283120785843979
-0.0188002276152486	0.00890759244087833
-0.848882464807567	0.90622691703134
0.31080688334126	0.246891908214229
-0.333846636459883	0.29149280024557
-0.174389004774015	0.0933333287981587
1.00905065747429	0.832777941627695
-0.909138639905167	0.664261658023544
-0.528866227225011	0.43977159434693
0.54896881403709	0.559680789888775
-1.33922605676161	1.87936996439272
-0.783682365947342	0.51832924313653
-0.547295416271906	0.601302681603502
-1.0550865115696	1.3116954067205
0.320357034001115	0.222237285058744
0.148680628012621	0.0644892210381013
-0.176873422759186	0.117564270648893
-0.724527840719668	0.248940035798255
-1.14663254311014	0.998335403549227
-1.47354752069942	2.06048794006773
-0.147944269599262	0.100747813174557
-0.422965734780205	0.324081388799665
-0.330331595806874	0.198782062070273
-0.976394600114294	0.48332728903258
-0.887510862737745	0.737409530686621
-0.238377926455722	0.119427333259737
-0.491480543755587	0.369013614403085
0.617714398607857	0.471039995122259
-0.303494231937818	0.139467728398359
0.71737885053734	0.475113268833845
0.149013696278907	0.064624320904109
-0.39682782969556	0.224890571815497
-0.66033754853357	0.461479689067435
-0.537965259938272	0.341379286760092
-0.600982761439057	0.287834878587552
-1.27021994677057	0.571801503327052
-3.45945271347814	1.2319108744944
-0.599108897150684	0.286827148762254
-0.23572968749486	0.117990851864003
-0.088867619302192	0.0353213087974956
-1.32186995262407	0.827584605886025
0.606229638528166	0.318032940772824
-0.452606353020036	0.301198848062416
-0.178293281379662	0.0956090250340753
-0.104425535961372	0.0613999593962768
-0.767523934479266	0.334015614821553
-0.133971430086203	0.0756226787024626
0.153317330149606	0.0588970866053136
-1.13820339469074	0.986455369651186
-0.0686440383976119	0.0416696810134716
-0.889100372145066	0.738775223334501
-1.02154175669654	0.404862567676398
-1.67038089767838	0.943779388108982
-0.383540335979836	0.159493232574354
-0.628347365301396	0.153568930486371
-0.6469473773646	0.383659402745279
-0.600420197116524	0.287891011615717
-0.347480099168433	0.0999933239977275
0.483662917550481	0.3325902220349
0.719095369120583	0.475839354747499
0.152998897216914	0.0587123670012067
-0.485300058475584	0.25476173390108
1.46870679500817	0.921255367982226
-0.0463254363314337	0.0203202960473166
0.796370623725591	0.47969996127825
0.964483640629164	0.659151930429591
0.202991648994802	0.168467488668112
-0.282324757108084	0.204664723654963
0.33025162057628	0.201344730739181
-0.18203677947649	0.09773413884225
0.307542278564617	0.253215837040647
-0.52373430249954	0.330121789263569
-0.56963052245772	0.415371928822227
-1.05454045200973	1.30991796107393
-0.321853441721597	0.192809931327358
-0.512353993368551	0.193709985793353
-0.132456998875795	0.0747448500696683
-0.455525720582746	0.303710394262392
1.10625738090069	0.844874962461298
-1.46388368840779	1.0200807308979
-0.660887926953644	0.461614208984883
-0.179666401920905	0.0963886797668443
0.154514692286149	0.0670936924901878
-0.13154431990849	0.0742580507861185
0.185996738144359	0.122140583337339
-0.79389676169198	0.52718473229848
-0.0983224214796094	0.0390200673389206
-0.302676106534271	0.138795344421975
-1.13674145811565	0.985176943061519
-0.532668835675645	0.337071166286386
0.456610922279706	0.331852553509438
-0.488814247576385	0.366371190527861
1.57415548080227	0.783451546422932
0.448197409382026	0.180176198167248
-0.388806900904837	0.268308507742297
-1.49208870193784	0.755937154802623
0.200704832797366	0.156240247928273
-0.322231969240529	0.193371222809216
-1.26761330153312	0.570312266968185
-1.01515816421663	1.1341359038337
-1.60168633621915	1.2340182747285
-0.394259341388564	0.164337716770981
-0.453860833899438	0.302331361035203
-0.373513625562162	0.255819843181362
0.52321393228934	0.453880864107097
0.369579239311281	0.187317812123101
0.178079180120965	0.110314200062224
0.161796574367373	0.0866010540014533
-0.391182618576751	0.22109440921126
-1.53887753270763	1.48149575895182
-0.0992884295126268	0.0582715078125424
0.576163013227761	0.460818455931428
-0.490224574300474	0.36739261660461
0.179440102455652	0.111236626338308
-0.641050214784188	0.379023349169458
0.550049686398772	0.460249145776351
-1.16200249594718	0.650500570196503
0.0316363934753886	0.0173587991127064
2.76385011375663	3.06244972986217
0.316546463614229	0.206203469541349
-0.885784765043531	0.735313121948733
-1.83679316925543	1.15799068383054
-1.66986425951929	0.942784866962674
0.720404326389417	0.477779694922479
-0.542817829707193	0.344889570294166
-0.604624046603821	0.2901142271608
0.534998516423049	0.192417814864821
-1.50888807540829	0.537491075612833
-0.591183718018621	0.282525954050902
0.450442155521912	0.181256071663712
-1.09168611996561	0.747233304076943
-0.396823138255705	0.224879211759401
-0.314728988516801	0.144963998413547
-0.625029414144643	0.599299192839288
0.149916983649413	0.057584517845971
-0.481879682984543	0.252479163857564
-0.597536901231714	0.286060552279904
0.863371958428637	0.792377737765554
-0.562110200772723	0.408136087773113
-0.0981452014013122	0.0576114752605858
-0.643038679603489	0.381154414829388
-0.580253570166049	0.424899688918444
0.760655837738197	0.74951717692178
-0.142821936206303	0.0970304708192556
0.0721396092297653	0.0448674725290511
-0.788523742480169	0.522193306174183
0.509339893613396	0.324715609439753
0.178634718025619	0.110655833292199
1.00409389397813	0.827708748960961
-0.33895201932069	0.271022275462127
-0.319533571663012	0.191611218884814
-0.601996421906715	0.28872536034731
-0.0933836593555083	0.0547505290929018
-0.0538704804588568	0.023522949439285
0.0453409840341823	0.0266314466309199
1.27976990350456	0.706534883003287
2.12158435823691	0.952317198033751
-0.628347365301396	0.153568930486371
-0.539311305500612	0.342342358773356
-0.017091761774903	0.00813166324118599
-0.790734646009685	0.680652162783168
-0.329409436484217	0.198175713993672
-0.0978185767544746	0.0574364694477891
-0.284266549822707	0.206244435699608
-0.275769531217057	0.173503787727476
-0.182473314266184	0.0979799158725511
-1.12698181680621	1.24400522731141
-0.881919081397026	0.814175471628568
-0.782047875897813	0.670677029151527
0.152844405786542	0.0663436314576924
0.304837007476335	0.221184216541794
-0.142926740033136	0.0970680183695874
0.343690763561958	0.192215164529977
-0.59283024953559	0.482176141606674
-0.0526620095714123	0.0230050670681837
-0.467709261039174	0.459493879820833
-0.571798347730408	0.417359413051358
-1.02713260840854	0.407375194722086
-0.323134261146505	0.193896850855135
-0.390383795253524	0.162477035260582
0.304662907948718	0.209697954276083
-1.82347470611613	1.66549231970299
0.968454509025899	0.662940747333343
-2.47415346567855	1.38041745150946
0.332297163015637	0.202414898967151
0.997178888891156	0.819174521899548
-0.280367692295983	0.202920010074197
1.78232254231413	0.996384013580153
-0.523594297537643	0.198333230904929
0.947560352748164	0.251716891447637
-1.15965534184679	0.64831252031961
-1.83279713825724	1.15492657905155
-0.451164282863097	0.29960131969589
0.590376417133105	0.475506797347652
-0.486565050064821	0.255503398290211
0.411603344549599	0.341873573602847
-0.486776473537787	0.25588967394822
-0.789669320331189	0.52326687838065
-0.788523742480169	0.522193306174183
-0.392967617942484	0.2221022516716
-0.963377174143771	0.946055345433641
-0.765765030793983	0.333085138267758
-1.21206873937924	0.912888935600197
-0.465165720121105	0.391958572802374
-0.871129471414394	0.800256416456922
-0.171202868495679	0.091606301119155
0.801491876356611	0.762240015482507
-0.969070512717694	0.953790864010045
0.625299105379502	0.47806151401987
-0.285349417983572	0.207122765844011
0.000649049937111976	0.000615430357227279
0.305359248268132	0.231980453683706
-0.10050594304442	0.0590443444055616
-0.588463065806564	0.477281331411817
1.01148533760511	0.835813904608047
0.678991713219966	0.703805007704391
-1.06041934145841	1.321707398474
-0.512466002929927	0.499690569387605
0.167678691628437	0.0899293306294505
-0.520062138721969	0.430425602853677
0.179761542231903	0.104545207589715
0.424156292450737	0.338918799418323
1.0895311678656	0.670863206341914
-0.696587877863929	0.661449701500991
-0.150523307618293	0.0538466873307719
0.531842803938449	0.191317098366628
0.527816689171872	0.189769137536265
-0.911099612785342	0.665686439089881
0.159163878709131	0.077200147821585
-0.788534420756677	0.522208780534266
-0.528841883052874	0.439528744175406
-0.38991644604154	0.220198876255202
-0.783600779144361	0.427046324198978
-0.138430693231424	0.078246425494746
-0.618263824085095	0.551440342194051
-0.496727346341366	0.373781681662543
-1.13527133884049	0.984193502520437
-0.213138721799717	0.137705689713636
-0.772706161164134	0.659651740207753
0.71737885053734	0.475113268833845
-0.386260983483904	0.266293110519994
-0.060036011724773	0.0261230401569688
-0.570771206591533	0.416452521483397
-2.23353032471066	1.87517917479015
-0.244407035007796	0.180669968274336
-1.4880683745391	0.753416408870872
-0.663664140786128	0.464489475896973
-1.16047655458555	0.648560682486781
-1.44947621373327	1.30063920098128
0.339448119116318	0.207517397100923
-1.608320551121	1.24256279400851
0.520551663555414	0.33314598337089
-0.769182441744131	0.334695855481558
-0.170388987077124	0.112899147073322
-0.134803426342903	0.0483422297402877
-1.34164754386963	1.34238301795209
-0.761166505760209	0.330744308924593
0.668840989017682	0.212209123194429
-0.141672629875607	0.0507512811282275
-4.84149723951767	3.1204188774386
-0.636289212157169	0.375808683506204
1.1459967388934	1.18015491006038
-0.233843705090568	0.116879473569754
-0.532365204453605	0.336717812125574
-0.788088903818055	0.52179968255197
-0.453880023723129	0.301982843684194
-1.21467862241992	0.915811475172005
-0.330225887798068	0.234316936833304
-0.388333024648134	0.161555417053104
-0.0901691397194949	0.0358284240524657
1.35474701624788	1.44022037600901
1.0746915764096	0.521623564261811
1.07164693809362	0.51966461625766
0.79664989534875	0.479403981571496
-0.258886098880459	0.161808483004871
-0.785776004626309	0.428380424422086
-1.82385263777527	1.66615397778422
0.325047050917889	0.212482560057506
-0.646539104261892	0.383717203275749
-0.332081634036443	0.264489748501194
-0.430661724233906	0.331282497953492
-0.0265570147421906	0.0169196577519732
1.25090168657795	1.23412133286857
2.91175357520422	1.97073264376346
-0.598352974893814	0.286393333262397
0.454432327347969	0.183046639295393
0.79280364544718	0.629343221700246
1.25502114311904	0.873399833716671
-0.209836069462463	0.0678117289314428
-0.394758031780119	0.223331885816731
-0.760073221936386	0.330149047801038
-0.71362969964602	0.24469116005462
0.689980758598187	0.323092638225825
-0.0938650371972529	0.0372807124893222
-1.32460121502653	0.8317473083232
-2.46730809489015	1.37427688758857
0.153194349304629	0.0665308577579986
-0.764325448413719	0.332051662812837
0.153335897031348	0.0664786418419361
0.670977551868057	0.213013404742869
-0.394680162766772	0.164617832671924
-2.62926218607207	1.60907992189728
-0.397026784415205	0.165611173292705
0.184188278061994	0.114390943792563
-0.904692915017303	0.658898240531643
-1.09122680365429	0.746907756812296
-0.597536901231714	0.286060552279904
-1.72716783584227	1.88635079693778
-0.566917761991682	0.412834019091401
-1.08812193440021	0.744130032001405
-0.0920277746341759	0.0539591948036833
-0.567653681857259	0.41353750499877
0.862022340921767	0.790126023245071
-0.266980061267433	0.167440178387752
-0.887765692179595	0.73782347047807
0.157462123376921	0.060446471737033
-0.480137233347981	0.251587647090165
-1.82419092809931	0.744259102619234
-0.209603293307511	0.0677458907222275
0.453017086926378	0.182395940611143
2.35349811566247	1.17875264108291
-2.57747759965585	0.66335545132302
0.536280565569087	0.193004774479639
-0.217190479909736	0.0701061645859235
0.15626975600377	0.0292821097759299
-0.21049146922482	0.0680355104001863
-1.79827400712943	0.382942964938875
0.827078230918429	0.348647296918383
-0.720404519989633	0.247290988830991
2.12377595625849	0.953322582031882
2.41237297284241	2.06762413846968
-0.34051551423834	0.322571312583923
-0.385529255210979	0.217621903804135
2.75446121880292	0.769079402442662
-1.54571363282153	1.4939713994464
0.105732566558996	0.102257020598281
0.276679857542397	0.267101563953808
-0.665628431122761	0.771337766955698
-0.584451644083879	0.604599942737852
-0.776652064372044	0.783735806709183
0.156403408531497	0.0531349651823521
1.45707753244512	0.483282553765983
-1.51429942551804	0.540079204882619
1.04102963664621	0.395089191585647
-2.57775304544287	0.66318910114962
-0.627367542213354	0.153354696036073
0.533566787823661	0.191896078067119
-0.213639314943098	0.0690063709749365
3.6409027894866	1.43427384419709
-0.633793600759192	0.154925137930548
-0.341581022610314	0.0983147602836231
-1.79835097978106	0.382953978270685
-3.08164138813046	0.963767470359232
1.0381830378979	0.393671217544493
-0.351758442844764	0.101154571200253
1.45514143110378	0.482646568994266
0.165594211957363	0.0493598676029419
-0.785959866525711	0.428332762765238
0.375525300852798	0.353210679620665
0.820931629228735	0.345711555488893
-1.51019343351841	0.538270963770231
0.366036057221842	0.18518537436208
-0.116653340010127	0.0808917381929971
-0.467847185033733	0.551164897580737
-0.363459208422047	0.312528275100951
1.01364310734803	0.839230640438322
-0.0564089783019981	0.0245895067534613
-0.974065043990998	0.481194521354178
0.670649872073233	0.212844236167521
0.951331866170054	0.252756684317784
-1.14070599952463	0.345337330024218
-0.345833967465969	0.0994846900020102
1.82890866226964	0.717371086523666
-0.343388592876165	0.0988541310686696
0.169606362252511	0.0425824743634164
-1.51429942551804	0.540079204882619
-3.45538437102149	1.2298802093729
-0.632432130022522	0.154575713959717
-0.142801753920347	0.0511111283728562
-2.5814875372856	0.665060440379843
-0.339133418750055	0.0976611246838527
-0.648259919961188	0.384541741593476
-0.791464975573223	0.52492644487468
-0.345039821196303	0.0992838353249335
1.11265245851903	0.852149148949884
-0.331852376313537	0.289430328150349
0.0773819237389756	0.0654538805565016
-0.831737059702147	1.05035298972118
-0.942040353583298	0.996801651217146
0.0747728812410817	0.0465204736498351
-0.216240213481686	0.0698575300582443
1.46100867633522	0.48464871344047
1.95706969381346	0.441073865263096
-0.627367542213354	0.153354696036073
-1.5126542472202	0.539316353407404
-1.13129699285405	0.342278739405472
-1.79827400712943	0.382942964938875
-0.6282908079904	0.153557595992093
0.673092310209553	0.213658316206257
0.166691919569473	0.0419536988970269
-1.79827400712943	0.382942964938875
0.163386406136861	0.0411852790230607
0.801135746137702	0.483026797016329
0.492200716067726	0.457364758303807
-0.206445198839003	0.0667577375028494
1.45674006944678	0.483086167228603
1.06788285850654	0.516995386570928
-0.303316697139261	0.306568506657508
-0.11504563559459	0.0911617622818953
0.347868794380179	0.350398224407986
-0.495861431983749	0.3730783159414
1.70922349372823	2.31777488167554
1.33432841091739	0.584762055165741
0.152289864541204	0.0287035071443224
2.75349844687128	0.768381126605175
0.169986302676761	0.0426507049603473
-1.13422470394875	0.343215945535417
-3.45478455762682	1.22912473266304
-0.628347365301396	0.153568930486371
0.153526628680235	0.0288819285189665
-0.725462519324565	0.249202983263282
1.82316587137561	0.714400972353312
0.152567656731362	0.0287430408348264
-0.34780711222598	0.100028606261835
0.950862031539505	0.252628333014658
1.82284235164019	0.714002514687227
-1.80197754639448	0.383903353697165
-0.624566751454544	0.152757086863399
-0.0902065122804847	0.0358292867852547
1.33804484816476	1.57874765456723
-0.606258619497196	0.290838531634312
0.665076092013553	0.211028905087732
-0.492828578063676	0.25942656657953
-0.224638136183279	0.185190806853731
0.29313045033947	0.247911734950606
-0.562938239018756	0.65257427708445
0.315333731803367	0.240786752364941
-0.934825748977663	0.985632674546657
3.63988648920879	1.43371818867798
-1.79835097978106	0.382953978270685
-1.79835097978106	0.382953978270685
-1.80197754639448	0.383903353697165
-1.13129699285405	0.342278739405472
0.153526628680235	0.0288819285189665
-1.79835097978106	0.382953978270685
-4.00683273081589	1.74054559036978
0.163413249256128	0.0487677019311828
0.671634827760764	0.213161681695785
0.450442155521912	0.181256071663712
1.04170224709555	0.395339897652291
-0.338476676785739	0.0974822237690529
0.528476382778789	0.189975415538032
-0.72990744568965	0.250762320843378
1.26659596850264	0.885562519291871
1.46342291014202	0.91711123927256
-0.343223291761604	0.0987971723984263
-1.13582369620544	0.343734699942405
-4.00264517130229	1.73724766439162
-0.02015779676495	0.0128695332872815
0.744146656922676	0.624855020282295
0.079641343167351	0.051972587453683
0.346366467641514	0.193964063885894
0.330045574556096	0.21641667646661
0.162479935061762	0.0485106492306684
-1.51395570496283	0.539857861420258
-0.633409029549556	0.154789771896201
0.169606362252511	0.0425824743634164
1.95791760701363	0.441280139896969
0.15626975600377	0.0292821097759299
-1.79835097978106	0.382953978270685
-0.395929290838695	0.224333502379057
1.05715068568438	1.12449685816452
1.3365940426868	0.585870722995411
-0.516012954828724	0.195311472335776
-0.404056150970595	0.375321645661514
-0.551140798463374	0.607020948908065
0.00907820991669258	0.00616602843510851
-0.629159511493121	0.153871316504896
0.94807088907188	0.251931335472786
-0.627829060935039	0.153504607197422
-2.58120409692147	0.664991486920107
0.948535538575274	0.252058145640786
-0.629267545839357	0.153771215183604
0.152567656731362	0.0287430408348264
-2.58524212677275	0.666574749875287
-1.79827400712943	0.382942964938875
0.181658839792926	0.112677069495044
-0.628807341949763	0.15371861128279
1.95706969381346	0.441073865263096
4.17689220310751	2.01310149503472
-0.0632347386473633	0.0506219994015276
0.425065095647891	0.544862761884133
-0.262044906758677	0.253628169243942
0.152567656731362	0.0287430408348264
-1.79827400712943	0.382942964938875
-2.57775304544287	0.66318910114962
0.173530750601275	0.0434258550533535
-0.788846623123172	0.522972798788397
-0.13155702861029	0.0742255550135605
0.833727561003761	0.351798728426686
-2.58120409692147	0.664991486920107
-0.722104754812606	0.247977448104565
0.203644031451237	0.196359302639503
-0.2810034440492	0.269333267246535
-0.259153282903412	0.25015313984775
-0.0364241352726249	0.0227303214948347
-0.633409029549556	0.154789771896201
-0.628807341949763	0.15371861128279
0.335147083531551	0.204664120493136
0.873830560434183	0.651893227617676
0.610835613980815	0.320752277063468
-3.45598446335482	1.23025555319821
0.152844405786542	0.0663436314576924
-0.237628878975254	0.17495672931362
0.341164512356471	0.190817372571523
-1.13678833986081	0.344070782443639
-1.14070599952463	0.345337330024218
0.394021941179025	0.17808674998791
0.173800774649019	0.100910435480243
-1.52411385012543	0.544169156623983
-1.54780886312805	1.49655834191275
0.163880859280481	0.0555773798404558
1.36916071395744	1.27071350479402
-0.940283376530844	0.575466918841782
-1.48003021054625	0.747396111649981
-0.230243768126878	0.114984475231733
-0.970892981528366	0.479476252553341
0.161787544386438	0.0408470066516523
-1.02074928234359	0.404273099261885
-1.81976306465377	0.742011270001749
-1.81842816932896	0.741601322947527
1.33300648117334	0.583999950109349
1.28027811642632	0.707139571353291
0.395822231451668	0.178967242682003
-1.32366209482834	0.830126855072988
2.35790709789433	1.18200234368711
-0.445303079634181	0.295243561976813
-1.46197277033754	1.01718785647967
0.0708587586304255	0.0440474132766048
-0.719465582528739	0.247026553935257
0.450442155521912	0.181256071663712
-0.143629596355123	0.0513929708746564
-2.90749295737447	2.14760092743826
0.157328017678796	0.068270214475041
-0.5961833558064	0.485579029317365
-0.590577283810073	0.47967852221944
-1.81405663489635	0.739163554129331
0.462340840805027	0.336749145107727
-0.205637281289383	0.132391795408306
-1.46442909303143	1.02053125677196
0.487219315954747	0.33538951874299
-0.782505411947811	0.51688139709215
-0.142568570776744	0.051024586720645
-1.02205798388654	0.404922502702426
-1.79827400712943	0.382942964938875
-0.342569521377039	0.0986187132378211
0.514234264471428	0.328369666551481
0.418482386671134	0.333365288324585
0.148799816130941	0.0571605520346205
-0.343223291761604	0.0987971723984263
0.463523544350412	0.338091667670577
0.284396304284854	0.262080863774894
-0.122088154195387	0.105738000501809
-0.176463295836097	0.117286870050996
0.192786782994224	0.133150340976924
1.44266093406918	1.63700355469418
0.160875819484411	0.0480497781693361
0.167679655711552	0.042156489933972
-0.627829060935039	0.153504607197422
0.151905065586114	0.0516577328804664
0.961939379436086	0.655529838660108
0.184581849688928	0.114648955487097
0.157212954461689	0.0603521678958182
-2.58120409692147	0.664991486920107
0.16014111548401	0.0543685528719876
0.0184143857168912	0.0152899533942171
0.106220096953833	0.10273403706123
-0.478068832299959	0.532544025203843
0.188147007292343	0.154516461840479
-0.706365029210957	0.721095202808946
-1.51819793872521	0.541803713077291
-3.45538437102149	1.2298802093729
-3.09052621849641	0.967478563051375
-0.629159511493121	0.153871316504896
1.82316587137561	0.714400972353312
0.160803134128977	0.0406203249121647
0.519404410210691	0.332467205671037
0.161809663243855	0.0483223326687324
-1.79835097978106	0.382953978270685
1.82316587137561	0.714400972353312
-0.276618797833133	0.264252342235206
0.291877455740954	0.2466492398396
0.204490294419351	0.15954006418016
-0.182473314266184	0.0979799158725511
-0.775756735551977	0.725631761180746
-0.124955594606798	0.108483046012995
0.04942371891179	0.0372764984814718
-0.627829060935039	0.153504607197422
-1.79835097978106	0.382953978270685
-1.79827400712943	0.382942964938875
-2.57747759965585	0.66335545132302
-1.79835097978106	0.382953978270685
-3.46066411507937	1.23287376992561
1.95706969381346	0.441073865263096
-1.51019343351841	0.538270963770231
0.197282650808875	0.142406786994697
-1.13190405565215	0.342469779892572
2.7554263517449	0.769222911089782
2.37385313141341	1.19232564387307
-0.118090023300588	0.0937236340916885
-0.569992002782753	0.663261363614303
-0.303455924453292	0.288016117432019
0.104500697977561	0.0770650852457013
-0.908705949033686	0.663782408217143
0.277954493288373	0.275354401485318
-0.485140000385972	0.543095425723268
-0.0506209472862685	0.0221427204275206
-3.08164138813046	0.963767470359232
-1.79827400712943	0.382942964938875
-0.628807341949763	0.15371861128279
-1.79835097978106	0.382953978270685
-1.79827400712943	0.382942964938875
-1.79827400712943	0.382942964938875
0.94807088907188	0.251931335472786
0.152567656731362	0.0287430408348264
0.152289864541204	0.0287035071443224
0.158492163863484	0.0687839197118867
0.429643068470757	0.344203572832965
-1.79827400712943	0.382942964938875
3.26452213570095	1.12136276907474
-1.13461598703551	0.343230613786831
0.0549313979786048	0.0415353561406586
0.440212231256711	0.659532751503853
0.855984316513627	1.36274042033716
0.482774739683052	0.331458417129874
-0.549822171719226	0.496114692575566
-3.08164138813046	0.963767470359232
-1.024931295921	0.406505232933835
-0.0120380410598361	0.0102649298736003
-1.01479373645756	2.00017476049037
-0.293922845621009	0.389775500998076
0.902483609249574	0.925493279029044
0.160489139338675	0.0479185611557889
-0.335356520627326	0.0965946296543176
-2.5814875372856	0.665060440379843
-2.57747759965585	0.66335545132302
-1.13461598703551	0.343230613786831
-0.632432130022522	0.154575713959717
0.171093214653416	0.0918670302977509
0.660122070776148	0.70542301284196
0.15566119641323	0.0528907668896057
0.67196229909328	0.213260403734251
0.541635840205329	0.194931356137401
0.0221698451761185	0.0215847004534377
-0.621568789075469	1.02219886379706
0.161550120242381	0.176733365385919
0.0664627361748783	0.041293720444684
-0.212692311337293	0.06870282462309
-1.67642869717641	0.949529535036556
-0.42130370290849	0.502737928663777
-0.968395283422408	0.952605637363069
-0.16508573347247	0.166226721619783
0.0787297044611359	0.0814782161343951
-0.686652954612196	1.11385509709617
0.0106862654856977	0.00724654780990706
0.152535316970161	0.0518648992874702
-1.79835097978106	0.382953978270685
-0.627829060935039	0.153504607197422
-2.58120409692147	0.664991486920107
0.162772361662218	0.0410490143575106
-0.0504442919763924	0.0220653569575298
0.849468836887034	0.897281797184053
-0.628347365301396	0.153568930486371
0.670319945898335	0.212719010726886
0.53313407482189	0.191800740808182
0.337331420778581	0.393980885250066
-0.196188576268631	0.229018507858092
-0.395353463852755	0.533041180415027
-1.2715791538244	0.57266346760598
0.349479750577743	0.196252528292451
-0.339926581628603	0.344480221844568
-0.149987165679002	0.139764181602218
-0.297007149505279	0.136191587569544
-0.446207359703489	0.296232048080809
-0.0437939385841259	0.0317421727629624
-0.348009267414244	0.37645910565437
-1.24895400699316	1.91460245339313
-0.889908831213384	1.17619096288122
-0.108593164139463	0.0771262739792496
1.25841981256598	0.877784543435855
-0.764439347150145	0.332220800378231
-2.57775304544287	0.66318910114962
0.164083222967104	0.0489409806828746
0.554463560288925	0.323208075976028
-0.0688468808045271	0.0492396099588541
0.6988817457644	0.328023188978198
-0.142207514098902	0.0509041851864348
-1.21762384133569	0.91990202237075
-0.37554622402483	0.404851486902659
-0.470732063753649	0.521792035554964
-0.613446187976358	0.853518587988272
-0.759738441423939	0.330017864589664
-0.320603143938314	0.192242456957788
-0.0675092398001184	0.0482787613400011
-0.019383507508194	0.0123830870784208
-1.07879869666317	1.03319104579459
-0.292416673221153	0.236055024688458
0.082380995276808	0.0538343640478649
-0.177009690124745	0.134636970115887
-0.687569706632574	0.601225505340019
-0.0696656794940133	0.0422952880588814
-1.32855018435608	1.32100551293079
-0.495135094294171	0.37230751019308
0.533014754614689	0.557308682189086
0.480858134230745	0.460967847413628
-0.278222322523675	0.201242124012004
0.339197744663265	0.207290762381731
-0.158170727333294	0.134678406526927
-0.213639314943098	0.0690063709749365
-0.911967160716241	0.666493942402807
-0.604096834414727	0.28983366111868
0.162227090458059	0.0550234095174716
-0.720801185410545	0.247515042606667
-0.294852408511201	0.135165072534677
-1.67780181755507	0.950146881024304
-0.390541341742192	0.16273368506513
-0.779642927752992	0.423859449473136
0.313069262898889	0.228121714621566
-0.914956249689997	0.669144839214544
-1.24563288128995	1.16496786983206
1.78172326612573	0.996327241108851
-0.177948066552349	0.163156400904815
0.29822658483521	0.244297730932575
0.083929213051882	0.0571738845269759
-0.281641404646739	0.203997563371396
-1.01645966379821	0.402385802038174
-0.440696351073417	0.340668394209671
0.275465134185391	0.24521091807601
0.17742254180704	0.103080175697444
0.609313562415822	0.462663212117392
0.200693747241924	0.150880670659951
-0.144515005029176	0.098233478946427
-0.594133146276072	0.483442361980134
-1.81629605103703	2.1049452291191
-0.0546503308644821	0.0238509755552916
-0.482838665424369	0.253085010221614
0.824402828178189	0.347203948993401
-0.220930959687204	0.0712971275167216
0.625701889191469	0.589014311995461
-0.902096632730498	0.754429760206789
-0.038355565608051	0.0239222880079533
-0.197871324839144	0.164754070735773
0.369579239311281	0.187317812123101
0.365553569541729	0.184922254900027
-0.909718278545695	0.664369877559088
-1.97596877561514	1.37447996918267
0.963611370385918	0.658286662109348
1.06848073867691	0.517570142270945
-1.49233227478679	0.756410136678202
-0.485693907119966	0.254996416813219
-0.325824053446426	0.195749699018839
-1.83174908943886	1.15207968132166
-0.134383320218906	0.0758435756505037
-0.914794871838929	0.669826461311405
-1.09038405229404	0.747037312708994
0.398493904718029	0.180392891274723
0.629414566701005	0.482564132341173
-0.0170940783283124	0.00812896200425031
0.313758325584285	0.216975170223868
-0.303155024347095	0.139304960593458
-1.27413039295246	1.55999564841141
0.48365298372845	0.332383010372647
0.163253158978843	0.055373071248357
-0.601223882825853	0.287949924770447
-0.520590008090871	0.430901069281787
-0.141613477265566	0.0506925453352637
-0.586315803619229	0.475075657693192
-0.0756003038114004	0.0459322794921777
-0.047281762813031	0.0207271389294951
-0.786469156136394	0.519856933449477
-1.09749422834037	0.753440297243651
-0.943204301223632	0.998842596314576
0.180435395804744	0.118147018694445
-0.0500590432574151	0.0219026986131626
-1.20854319723429	0.909665512510017
-0.586315803619229	0.475075657693192
1.34019590900986	0.587859803066338
0.156835118177656	0.0532837121933901
0.0121199610827675	0.0061169381547055
0.29700983521804	0.224633564066904
1.69613609637539	1.98168794245337
0.0312848328290948	0.0171906772407198
0.807717194735767	0.645455007022437
0.168784085981076	0.104103346123146
-0.290737719821033	0.234442380530325
0.316891396558274	0.231302912338666
-0.9157736001624	0.671074930587336
0.364896330568515	0.18481467503894
-1.88253156722295	2.28586568331933
-0.778461737409988	0.596523482692122
-0.59882136533025	0.286684243260404
-0.595333200205872	0.484186194814184
-0.0604944281773974	0.0366780014882762
-0.782104677653673	0.426145914283594
-1.46070427877363	1.01640823983265
-0.778887610686476	0.667061279524788
0.303422015780397	0.24012663283257
-0.947588447174162	0.58237522853702
-0.996868225509085	0.896419566730574
0.96852041981755	0.662349773226596
0.196605030316862	0.14190403206974
-1.0870824434955	0.741825089392424
-0.0930720986797624	0.0369360906603901
-0.75665157138364	0.328308710710438
-0.789721520375678	0.607956462123238
0.525728152323047	0.337393124559175
0.302626653418164	0.239226658759437
-0.450373173026961	0.29914388433122
1.78967609310482	1.00335662403471
-1.6677607892413	0.942310995485124
-0.283726244937147	0.205762292322164
-0.384460644096057	0.264899669593602
-0.594369638665054	0.483393990761541
0.317573967511117	0.207004597589517
-0.346820783252297	0.0997890928773071
-0.523358329594961	0.198218331821293
1.82382554957858	0.714761900200066
-2.57747759965585	0.66335545132302
-1.59267881129719	1.2214800034193
-0.493141893972017	0.370531404189725
-0.48795184231967	0.36559673093239
0.0265020286252711	0.018626817425147
-0.424820596351068	0.325906910144474
-0.204072737415032	0.152783099459787
1.50951151319835	2.00193189360954
-0.337173892801733	0.269328672642398
-0.891998745838901	0.742345532513934
-0.658860260545164	0.459997482932099
-0.780167292607071	0.668226487483484
-0.501166089320561	0.378015003480681
-1.07726429821013	1.26063589174163
-1.26848808077158	1.54908343801357
-0.475003445937891	0.40220225583142
-0.698625796622218	0.753461813656841
-0.417883192492741	0.357480426465796
1.25045790455123	1.23425112925306
-0.633854344733356	0.648533208834723
-0.939013889587756	0.992305946876485
-1.12171733381821	1.2356869533288
-0.585743447573554	0.606343937480105
-0.0204939595022339	0.00967425199226906
1.07011816345358	0.518623420836751
1.13044075954635	1.02395029453351
0.323772156568956	0.211627897952565
-0.465036034272517	0.391823426666373
-0.348465736253515	0.100232718134072
-0.718527169744358	0.246584376429975
-3.08652986879455	0.965774290031657
-1.27073685110928	0.571951256018346
1.95706969381346	0.441073865263096
1.95706969381346	0.441073865263096
-1.79827400712943	0.382942964938875
-2.46483772154109	1.37105046569162
0.360783198685	0.356785157442268
-1.21240303705486	0.9143593324677
1.03984272433899	0.394547494768611
0.67473928175237	0.214185038642858
-0.66592811890654	0.466619691273002
0.325097673143866	0.212671511291222
0.824402828178189	0.347203948993401
-0.0930539441493821	0.0369718407357095
-0.71673724571439	0.245817966860718
-0.343223291761604	0.0987971723984263
-1.79827400712943	0.382942964938875
1.45909063223363	0.913284453635552
-1.59893809673103	1.22928805712135
-0.179986734752338	0.0965370691757666
-0.334630085863472	0.266925958309006
0.365553569541729	0.184922254900027
-0.466242791440626	0.392861765954436
-0.372844539319385	0.350396801729052
0.487320456342381	0.335642122469054
1.0247859713577	1.23363919971564
0.00703229795275783	0.00362969599303082
-0.0333661506262448	0.0208278663734041
-0.0451858538719123	0.0281790032393166
-0.331690151195355	0.235489274797972
-0.0348072107067475	0.0217212742824974
-0.242812030365599	0.217678930503682
0.0432268944732322	0.0315513124782919
-0.619026300404071	0.5522194230481
-0.332881495319264	0.290490106431551
0.287901354705582	0.216548098026436
-0.496791169814502	0.453548658166543
-0.313710777290298	0.18754872845853
-0.415575464565045	0.355065996930232
-1.34015382980612	1.53934406659083
-0.583464298166889	0.569916296640017
-0.639414648907107	0.656707544162053
0.0599244631021729	0.0371812018356026
0.960047973232183	0.949524393881346
0.365376412312231	0.185084494226465
0.622594713238804	0.475497725138555
1.24960953045484	1.2331720938348
-0.521891036477974	0.432228896415044
-1.13617544316656	0.343960217515251
-0.347480099168433	0.0999933239977275
-3.45538437102149	1.2298802093729
0.0721318793347977	0.05805828257118
0.659998248834098	0.471750086039188
0.32230317851046	0.22378393120481
0.419131259275488	0.333732978141487
1.00585687286176	1.41832700148356
-0.624566751454544	0.152757086863399
0.521634122901408	0.334136748759988
-0.235725572608602	0.195599362581724
-0.0904432072911696	0.0359620371472857
-1.51984622148121	0.542369599603978
-1.26657639672791	0.56963266079013
1.28717041501252	0.7123430014921
-0.0179784704630819	0.00853601647288715
0.146934855591585	0.0564263959260108
0.00767770035839564	0.00392424928687373
-0.340124379015428	0.0979309335927298
0.5425193026414	0.195233329988175
0.152567656731362	0.0287430408348264
1.95706969381346	0.441073865263096
1.04211818703896	0.395589048045566
0.171568917822528	0.099597242957222
0.627999883943729	0.480906826323504
-0.0687348129960021	0.0417293358697352
0.595497520225282	0.576614127195492
-0.464780451229487	0.39154718068881
-0.87144553240545	0.800760917408045
0.0326792379636067	0.0179554042606337
-0.442137419767121	0.406143564893361
-1.63728080839978	1.68518343486786
0.0331832152128712	0.0182475855425236
0.12460837588296	0.0986778107587028
-0.522186174628361	0.432688615460227
-0.427229046662429	0.328171590150089
-0.641711487101702	0.659762392188363
-0.700884342494341	0.71316616442064
-0.157533460564798	0.107713744161737
-0.407818283044492	0.379652539358897
-0.434963284321487	0.464551037258216
-0.100464799737694	0.0711118202305553
0.718538741652189	0.727595514241485
0.205354520668454	0.165629921316448
-0.11096119933169	0.0876824735540756
-0.100422698820473	0.0710769434262535
0.501563554485828	0.44985858961998
0.559586744522423	0.327283764992091
-0.724527840719668	0.248940035798255
-0.521104446426477	0.431393467367361
-1.02996099216057	0.82327311503492
-0.510087613682307	0.496417097595601
-3.75530690635197	1.48758661786965
1.18788349022703	1.82003240900009
0.0798792014711515	0.0521555479285023
-0.183164302961417	0.139775399627627
-0.551436075831597	0.497805729098515
0.192858702641271	0.144349033265202
0.126094559331722	0.102705572028093
-1.48465000941191	0.750254071982769
0.534087105781708	0.466040075595632
-1.71650388458764	1.44451001955658
-0.773569280224513	0.337018587386581
-0.394259341388564	0.164337716770981
-1.02773213325909	0.81995289308666
-1.71501565321888	1.44420065804584
-1.32048406051767	0.827743182470798
-0.627367542213354	0.153354696036073
-0.721435304125973	0.247731476182057
-0.632432130022522	0.154575713959717
0.947097253557627	0.251590606337117
-0.233974909469624	0.117087376078709
-0.512146849346214	0.193682417019057
0.0218982238549769	0.0121713294502149
0.100990408817565	0.0692754712560934
-0.779804419549096	0.424157606981819
-0.127720220436278	0.0890153028443332
-0.144143593124597	0.0979744920922586
-0.417699294200269	0.357181022305068
0.0327496358180646	0.0179904534600115
-0.222513163313641	0.144387361053778
1.09338400073885	1.38717346968483
0.627728452965267	0.683638169030053
-0.0458631807560263	0.0285970721174114
-0.540458043841294	0.485024787637844
-0.256127321113943	0.20897763209125
-0.329589271530167	0.287018747723715
-1.34107635549135	1.54108119602967
0.199465522853621	0.160296412570582
-0.202425814783277	0.151351923836753
-1.10650014341765	1.43096670403018
-0.529563077894175	0.548965998876263
-0.721088413000654	0.91685294158171
0.19926891948977	0.164979141607512
-0.218553373456236	0.197445685033952
-0.314024614693622	0.187817247208368
0.155372593274282	0.0528040448022981
-0.0149440373705933	0.00715304543740206
-0.593529578142455	0.482687250631209
-1.24967891876082	1.17115183531221
-1.13461598703551	0.343230613786831
0.908927199730801	0.935403239295008
-0.142431389884614	0.0967448420037522
-1.45796880311091	2.21559693095048
0.0852700584483534	0.055778840274163
0.0610678162637053	0.0378881452527997
-0.151064116798132	0.103014690807046
-0.376047712632993	0.258032342917845
-0.650555813114362	0.386700438412786
-0.782104677653673	0.426145914283594
-1.82218489711856	0.743196303934764
-0.875005965299236	0.805543505454896
-0.143315353927409	0.0513295091165195
0.157830822565027	0.0684885666679607
-0.298500899915025	0.137041475132008
0.944906190121193	0.251072355848773
0.152289864541204	0.0287035071443224
-0.970598498304115	0.479363407247762
-0.785904870166551	0.520206355058605
-1.17213815606796	1.19827075442264
0.469815445362193	0.343433985870537
-0.891259181750275	0.741289657881842
-0.970284877178014	0.955796318245336
0.738844468476852	0.618868364450926
-0.321198245199297	0.254244244367807
-0.0173937931457227	0.0111489454150219
-0.0995321186273768	0.0584649803224369
0.0504753810662454	0.0391572831926612
-0.567274104861412	0.549647946082264
-0.435852750612333	0.398748184312483
-0.248581612997316	0.184143905554828
-0.0363014347176822	0.0267503494157087
-0.917594068040071	1.03176424158007
-0.203474829034537	0.152264303823722
-0.199005218204531	0.148557450958258
-0.525327394931776	0.43606669078898
-0.485525960531754	0.505709144462402
-0.487212846013312	0.442499297825566
-0.866122242744504	0.865644774216599
-0.93599998891366	1.28383582317186
-0.941665173480063	0.996460289384636
-1.39411595835038	2.03349177313025
-0.479348001921085	0.25129970765355
-1.02404152856389	0.405928813773254
0.320868483581953	0.222546112875729
0.873747822854258	0.651193932723325
-0.130688595717169	0.102094863563477
-0.172239422424059	0.130635534585545
0.376354537820271	0.343000727380787
-0.00215740388647008	0.00143411036982391
-0.131391239595488	0.102621204872708
0.197728607697369	0.163562794320986
0.490527442175919	0.455371436431936
-1.22102673835626	1.57802424646674
-0.0460045025594738	0.0286685399701276
0.0697771125289587	0.0433783341993206
0.0501257150050057	0.0378137345111278
-0.791925146439582	0.525150669599001
-0.28987422360917	0.132702988944792
0.372734409957043	0.189124455278308
-0.769182441744131	0.334695855481558
2.7554263517449	0.769222911089782
-1.13362027945245	0.342902172857624
0.152567656731362	0.0287430408348264
0.16385153753604	0.087791902467351
0.154991711035925	0.0752703955641006
-0.0438843626256416	0.0273654781183883
-0.00940466784251504	0.00606638169438846
-1.14487716188103	0.996223251852383
-1.47035352296586	2.05326079769571
-0.54186699567971	0.566183660616289
-0.558036788442412	0.617359824852772
0.588791836730097	0.670420500007955
0.0714050640718105	0.0601679408189839
-0.158298670252361	0.122440924832201
0.197448610763863	0.168036255546727
-1.38706227893928	2.18433424426106
-1.09782663588653	1.50549245392257
-0.300350636108445	0.264881216754828
-0.775302108612094	0.983701853992327
-0.290211677895257	0.254095111069327
-0.701852166610352	0.758620875245689
-0.215789246152876	0.225348015756168
-0.0650318023926123	0.0521427118332247
-0.600333719195205	0.659608172287643
-0.281493353134989	0.286299587610103
-0.113774026438253	0.0900259644011142
0.690590699433823	0.603928311539281
0.154349092676848	0.0670136868634537
0.80424780286048	0.76611564232493
-0.0404672744465586	0.0252234567842909
0.0931287956326793	0.0636918914173095
-0.212692311337293	0.06870282462309
0.640210358380799	0.788858562933456
0.0885151315564519	0.0604013918926819
0.203805802788245	0.153433380624437
-0.176062841655754	0.148226301698262
-0.0933127837658167	0.0821665327576244
0.3670597869053	0.364292045187875
0.590765688201058	0.570426784605386
0.30391543848044	0.258637571611452
0.437813353060873	0.352056904642442
-0.177120028113703	0.134652503845162
-0.406732820134635	0.345661745300837
0.575419563612048	0.669875384851627
0.0513959713140763	0.0301516187837487
0.0638454618478814	0.0511398418082614
-0.267398740975521	0.167730988515044
-0.263012930052813	0.164672786863624
-0.684342711974181	0.543641924576999
-0.493641717583534	0.371056939720862
-0.0546503308644821	0.0238509755552916
-3.75875127852753	1.48993252551164
-1.5126542472202	0.539316353407404
1.95706969381346	0.441073865263096
2.75446121880292	0.769079402442662
0.608023768428076	0.319085619873856
-0.53722648049988	0.340549161200883
-0.323840046514806	0.19449152713607
0.0125496471136688	0.00632821759696845
0.371873418914326	0.188601250447803
-0.697532931295576	0.612604223420745
-0.617597786651498	0.550687028967834
-0.103056931373688	0.0605864804574902
-0.164654132945812	0.140833454244157
-0.515744729485329	0.42556670069249
-0.40068228811875	0.371199583387683
0.0223845235557206	0.0157452850327014
0.0405734541612967	0.0305162309493372
-0.133875350888507	0.104720393688364
0.36826501309562	0.344899707953078
0.291432923326112	0.246199734886054
-0.838371859639265	1.06330275773258
-1.00787219701127	1.38083757636116
-0.179788496739761	0.136968483153741
-0.89849728152247	1.06684479066312
-0.183989539844547	0.169443439589794
-0.212254783395815	0.1784104460253
0.663893277700684	0.606202486612924
0.714794862378444	0.472615676557436
0.288073543988992	0.242771554281473
1.90778482074319	1.65281818696757
-0.369443307722418	0.318756163318975
0.160969730994387	0.0546270291122943
0.217921793222432	0.202996800751547
-0.00972617178257889	0.00626322933007992
0.210692511212951	0.170441481871731
-0.137467114450524	0.0931171721059438
0.0366584607362924	0.0267052355872943
0.328156658896308	0.366066844945755
-0.0457378778267034	0.0381443656070803
-1.01763452499037	1.13842561449799
-1.66498920060744	2.07682277716205
-0.7699814221227	0.877755284965522
-0.662393219021805	0.7662158422663
0.0894845130348467	0.0633717200204636
-0.117945130222214	0.0818414739528439
0.0539239645783567	0.0407544694494268
-1.51200399758817	0.538851635748943
-0.298009498331406	0.136708670223186
-1.83036479375665	1.67693875535269
-0.484006884953386	0.254098757888974
-0.719465582528739	0.247026553935257
0.94807088907188	0.251931335472786
1.95706969381346	0.441073865263096
0.166084152255821	0.0418055330790301
-4.2149573643429	1.97917904519139
1.15378876166273	1.19147753188514
-1.59939616561275	1.22984600118044
-0.379116724564676	0.297365694049693
-0.179507092856278	0.119477461792681
-0.21438251992144	0.161433334868639
-0.146229272388388	0.0995053633136054
-0.890996718269371	0.741835583502149
-0.674195534943209	0.53332063064347
-0.893377685375338	0.744155261646027
0.180366379460779	0.123778279180785
-0.711817697169763	0.774106003137163
-0.770228146280627	0.827417043532463
0.400168656160724	0.344127543306357
-1.92689577618249	2.8347934629994
-1.28091710874375	1.72736237684004
-0.300902083553065	0.303598077808277
-0.911321324074093	1.08968704921021
0.294110914268381	0.231565221663977
0.576405776228895	0.575118110946059
0.626775553831516	0.479947500961694
-0.340780759226789	0.0980802617963696
0.0307961451077777	0.0169059243565558
0.797694462874999	0.480825576742876
-0.174580372081194	0.132519994912064
3.26640660082579	1.12286745021344
0.165097545701885	0.0415776969264477
0.162479935061762	0.0485106492306684
0.676535460527605	0.214648710536525
0.527237900842528	0.567452048198874
-1.64012430116343	1.69014346057308
-0.561660560599562	0.542201292266857
0.308866512524814	0.234979045933365
-0.00434994198056949	0.00282993481995063
-1.68584342505418	2.42635922308565
0.114943302351164	0.0879057008556551
0.178365345842706	0.10376576438739
-0.0276247310338308	0.0206367952504087
0.195806768025798	0.146723426330399
-0.893243863260057	1.12165648827474
0.0159101560725553	0.0107044964939117
0.426391365757762	0.3409641102026
0.311936364139888	0.215512492502944
0.604546291252668	0.316700483225636
0.483093628113897	0.331479699012768
-0.306619972868651	0.141044285636109
1.45674006944678	0.483086167228603
-1.13521969998424	0.343544374381215
-1.81367378419037	0.73893109819281
0.690590699433823	0.603928311539281
0.876665265073671	0.654244041900316
-0.385078266662262	0.217328843024501
-0.450057536202154	0.415182501683813
0.181084709203053	0.105371024175674
0.458382580504851	0.448960621048565
-0.226605673334096	0.186982939703347
-0.434527467449042	0.397228324188746
-0.618529000289663	0.551636635950632
0.183588025127328	0.120304409678855
0.208408753360459	0.168376293204149
-0.293486936636503	0.23707298262701
-0.653770179376954	0.715425572268452
-0.213870927564383	0.160922724191291
-0.588969897322995	0.478053514246487
-0.179049866381335	0.136344795045461
-0.00829242560137739	0.00626707746975261
-0.237003706413479	0.196883280192939
-0.0191491912761944	0.0090602111649173
-0.211147146065051	0.0682441817050335
-1.33981783567794	1.71576957042099
-0.0194713325149376	0.00919271602165027
-0.697959064933503	0.752773172154188
0.552070728630294	0.322059010063188
0.164253493044333	0.04896839989512
0.166528409127177	0.0496297620210776
0.29654690757765	0.224232345116822
0.0903845450568098	0.0617408350867274
-0.433521196557442	0.430467846608226
-0.492826957938225	0.370287493618682
0.650531774913297	0.589957345715613
-0.78494183580422	0.795898201247078
-0.147551796663502	0.100444063803472
-0.222278081955212	0.182979936041455
0.749453408763853	0.7339595047949
0.310357804082129	0.225844098742461
0.090656448067686	0.061888602964494
0.0961422297479175	0.0682955086393424
0.186189251279358	0.128108245711622
-0.0217010619223694	0.0138494430381726
-0.0622288107540244	0.0377393096668962
-1.42671779835638	1.51698005573011
-1.10405804033208	1.71385485663788
-0.712628952477234	0.729866063431372
-0.238354190276394	0.198140208431287
0.195573171845431	0.16146184845466
-0.145172454396833	0.111423909291144
-0.494548091645142	0.371905710623546
-1.08482655956245	1.04150629648699
-0.492709554972307	0.44897694435849
-0.776290834105395	0.593854358643082
-0.324048129852608	0.194510178062158
-1.92141001747428	1.88147600930771
-1.01604749957747	0.402012996146716
0.151955561498119	0.0583759744460965
-0.98395085257884	0.487945557727819
-0.515466779883267	0.194997679323859
-0.76031308089941	0.330144921181328
-0.786662990488645	0.429435718304667
-1.15198738684166	0.642752505136455
-0.319284389242796	0.191246081852382
-0.518672811379007	0.507649136161518
-0.467271166920696	0.458915021061628
0.0233539330002722	0.0164181892217009
0.368718123843426	0.186808772994455
-0.211608773143899	0.1366473060344
0.102356803003983	0.0953368095039189
0.405992963292495	0.455002797657612
0.338442349143956	0.364191753899946
0.276333386007512	0.238767678371021
0.0159265650888263	0.0142415999702302
0.193403152711217	0.127378641814839
-0.284516363820571	0.206372065848944
0.369783437649918	0.187634659847193
1.04118814853393	0.395160512018798
1.06907840983834	0.517944608681236
-4.40411394117241	2.24037861561307
-0.174447810850238	0.11584664821972
1.2765661654769	0.704014413564812
-0.088867619302192	0.0353213087974956
0.799810829865385	0.481699656480915
0.401632985718102	0.181813336735641
0.535334953780092	0.192566688642047
0.34611117726803	0.194210022658222
0.15868166261938	0.0538850546392354
-1.8312744278206	1.67754381609059
-0.780947381043887	0.669465044513482
-1.72661087659012	2.55921103398424
0.551138489961403	0.461044733667687
-0.46860740455293	0.395554210745169
-0.578609817457208	0.596348584999099
-0.198041618490953	0.147739682422452
-0.788481907210322	0.606592796713064
-0.0378457565577347	0.023612660790154
-0.764679257511663	0.332374029322147
0.372734409957043	0.189124455278308
0.0144037741564021	0.00722460022817583
0.363322921406486	0.184030094974926
-0.211147146065051	0.0682441817050335
-0.344210615318698	0.0990368506115311
-0.389824029514932	0.1622220446978
-0.137954130882907	0.0779741476463733
-0.963041350847628	1.20018773561237
0.482281633025828	0.33126392108336
-0.143396196869431	0.0513133943799015
-0.486438579018381	0.506852050836186
-0.553053955832999	0.681134676518962
-0.298782422648876	0.263239807724137
-0.388662473945881	0.386002335725651
-1.14130252902359	1.62097874361487
-0.492204173056786	0.514880605315265
0.166335544666179	0.0891720479538131
2.5659495762907	1.42765146975197
0.152512200631439	0.058591261045569
0.398769864448762	0.180340970883948
-0.301315288469323	0.13842844199086
0.00745779925798013	0.00382038480346557
1.45558977271158	0.909098975470034
0.151670827599739	0.0657103898808578
1.45378984515444	0.482188083152346
-0.698559631940985	0.66375446721377
-0.216856766925555	0.140310026148871
-0.650942572343442	0.386418519544515
-0.398693018538374	0.22633391590241
-0.888930223421879	0.739474373987682
-0.389688084768261	0.269026299156799
-0.941877369470491	0.57760199540995
-0.875514256488641	0.806092364027328
-0.514001914291837	0.194387375528581
-0.178469205448229	0.0956349161797301
-0.329798780389141	0.233829560495688
-0.142207514098902	0.0509041851864348
-0.0999451907314453	0.0587122245165407
-0.45830093297601	0.305937917029153
-1.83099645033824	1.15210596250102
0.19834071534184	0.15929340564817
-0.39395556364935	0.1641611423219
-1.21875269756767	0.921010698987226
0.158515890903904	0.0770427760199685
0.418371866888014	0.348738655038335
-0.326240782995646	0.230826322596543
-0.675899025901824	0.535296468525704
-0.449888594043807	0.29910858987204
-0.172199048626593	0.114212544240706
0.0316820249255274	0.0222723381966246
0.188200448690826	0.123727536087597
0.154673387654331	0.0670697432488494
-0.0896410105767752	0.0356287695912577
-0.178793447839267	0.0958987772001113
-0.942205798554524	0.57703124423314
0.33625599716019	0.20548246474598
0.961075082800593	0.654764593866264
0.152374731249426	0.0584695703568115
0.325527242502517	0.212843041534263
-1.1471946323716	0.998279602138283
-0.716346626154106	0.245810055243264
-0.515260306744374	0.194916268075376
-0.39073585314956	0.220782871265205
-0.178357145946017	0.0956452493248029
-0.115708625964085	0.0801989712356867
0.321209097060895	0.209746190861143
-0.236144739550473	0.118181766053048
0.903221986685294	0.487727217314656
0.188750472391635	0.130072608660984
0.163769456057279	0.062834212195708
-0.581698419125253	0.567901383855035
0.57490148518508	0.459482483809131
0.449158242006389	0.180743495988618
-0.394513529856492	0.164426177322579
-0.264734200001149	0.165877993333181
-1.21250125307908	0.913969107823505
0.195827625690782	0.13537819617693
0.793977048401979	0.477049956261738
-0.223735697055648	0.111600160854454
-0.775298434161499	0.421171841403036
0.694923768942287	0.325653810863872
-1.43988774756422	1.28841831787047
0.511853071124825	0.326840473304125
-0.6282908079904	0.153557595992093
0.449846097769576	0.180981984312599
-0.300840945838107	0.138017313471569
-1.02036295160102	1.32795939858599
-0.62503342749082	0.152907838403333
-0.721072169669292	0.247553433626533
-0.517564039318975	0.195752224477386
-1.46407823738982	1.02067710264582
-0.793720517188737	0.526476882387953
-1.60523934754523	1.23865282567649
-0.768944294866461	0.334721769210418
-0.384479214601374	0.159918153754782
-0.769182441744131	0.334695855481558
0.158001888072358	0.0686491879220673
-3.08606373064433	0.965887782759055
-1.92967292923036	1.8962276320356
-0.377137594314086	0.295541307579906
0.39446535534527	0.338090522095256
-0.301154869544191	0.138326633321101
-1.49655427642919	0.759191162000614
0.720267437375381	0.73008492994597
0.215443761223616	0.190536465231489
-0.264338843278032	0.216628420323641
-0.896342478591987	1.1267869190282
-0.916887712922225	1.0297375665245
-0.624940019675928	0.763257921280679
1.63186803229716	1.15038488951178
-0.97488319956805	0.481856856064848
0.825536485614349	0.347954851368991
-0.519121480217459	0.196545928752658
-0.0936023816727726	0.0371398786885616
-1.13422470394875	0.343215945535417
0.537596443695132	0.193449679434614
0.532501690034208	0.191523210703971
-0.722104754812606	0.247977448104565
0.153526628680235	0.0288819285189665
-0.633409029549556	0.154789771896201
2.76098151426891	0.771684650801264
-1.13521969998424	0.343544374381215
0.159311548972865	0.0540967488137483
-3.08118534013847	0.963229045953577
-1.13482941234436	0.34340642829894
0.158995326023102	0.0475101404657943
0.152289864541204	0.0287035071443224
-0.633409029549556	0.154789771896201
0.155986207086685	0.0292416787556187
-2.5814875372856	0.665060440379843
-1.51819793872521	0.541803713077291
1.15639460335162	1.19509508523901
-0.239213211225924	0.198973231428525
-0.391777178548281	0.163167236765959
-0.213871750896534	0.0690577255793313
-1.67286521965355	0.946361120152777
0.494746956947311	0.6066952966261
0.372172299985607	0.370670810872687
-0.765620632566635	1.0114447237931
0.42492637871176	0.339667158081553
0.0025173139897046	0.00170659106482057
-0.6282908079904	0.153557595992093
0.163149905636875	0.0486839149701593
0.167679655711552	0.042156489933972
-3.46066411507937	1.23287376992561
-1.51299996807781	0.539299955595401
-0.341581022610314	0.0983147602836231
0.170554362205741	0.0507210274433775
0.166691919569473	0.0419536988970269
2.11974097879103	0.951220462633918
-0.718527169744358	0.246584376429975
0.158074474787349	0.0472574922808909
0.5425193026414	0.195233329988175
-3.46415436717455	1.23421047369696
-0.216073906032278	0.0697456994821053
-0.516303494683392	0.195262357700911
-0.216468117878063	0.0699098638062388
-1.13582369620544	0.343734699942405
-1.13521969998424	0.343544374381215
-0.628807341949763	0.15371861128279
0.165858197331239	0.049441036827577
0.166311360817904	0.0418484681801843
-1.2724223749879	0.572901819199514
-1.27179409224048	0.572572110528683
-0.627367542213354	0.153354696036073
0.0291352205006541	0.0160569247989353
-0.0673925952475033	0.0610506371633889
-0.638459610996122	0.377432548888694
-1.13422470394875	0.343215945535417
-0.910192271204974	0.664884810467188
0.135753287257031	0.15599156774616
-0.245771542250424	0.328817190725173
-0.315189034380264	0.397706677169549
0.269729579360135	0.283650856348263
-0.110668123125436	0.0968851815327971
2.36830110428704	1.18863512914145
-2.28710352536804	1.15782789389115
0.674079709901257	0.214036050556618
-1.01776700319907	0.402943187092934
0.153068665402742	0.0587995504985548
-0.632939126134277	0.15468454480873
-0.216240213481686	0.0698575300582443
0.166691919569473	0.0419536988970269
1.3303282181572	0.582576001421481
1.3345487412554	0.585101958973942
2.75349844687128	0.768381126605175
-0.62503342749082	0.152907838403333
-0.779851294296943	0.597399881015921
-0.214952210282499	0.0694159656881339
0.451038007299901	0.181503296233176
1.24278641150709	1.22078478230602
1.06766082936195	0.516968085333025
-0.151357735220451	0.0541400230435956
0.160770338301963	0.0545730641617949
-0.182001040207687	0.0977113945189066
0.343855651430078	0.19252587058176
0.904546479526573	0.489413764048801
-1.27417210805003	0.574147134662387
-0.768944294866461	0.334721769210418
-1.32968457548907	0.83624389608455
-0.938543284474922	0.574411012931382
0.661798732192951	0.473492309529761
0.531048298264801	0.462413378280577
-1.51098083972239	1.70344778255098
-0.533972958116501	0.337831427498862
-0.764679257511663	0.332374029322147
-0.183567120442627	0.122400399348373
-0.101659663608496	0.0719862273853603
-0.701191241285409	0.713860904760052
-0.995521703810897	0.893743003160988
0.45563512208506	0.331054147103943
-0.0985340950808345	0.0696399274805903
1.46532496463752	0.917580996768331
-0.0841121517849307	0.033498615798253
-3.46066411507937	1.23287376992561
0.804669667961923	0.485553706138161
0.60870450405821	0.319039225318738
-0.39395556364935	0.1641611423219
-0.979009073350107	0.484786914121384
-1.32827572110998	0.834559918748592
-0.0943918941535666	0.0374848643386508
1.33791767964906	0.586771553336556
-0.223185576323381	0.0720166844303521
0.800654860759513	0.482654968866415
-0.230294180675571	0.115059384993307
-0.781310488676069	0.598670782961999
1.14130491570277	1.17246250332565
-1.21659552723787	0.919685343054026
-0.440299274936564	0.291313125558406
2.57343757142537	1.4341879700074
-0.133971430086203	0.0756226787024626
-0.0480271712957072	0.0210389010229361
-0.0459394772746046	0.0201619182872298
0.724701855916491	0.481073896253701
-0.317033768083772	0.189758085683208
-0.310783718746577	0.143018037937504
0.624399960098796	0.477348875891682
-0.603042873768937	0.289200479461177
0.620955081753975	0.474365497415204
-0.448497991153509	0.298028583630473
0.51528153065384	0.329382499041992
-0.943076619182217	0.577739608285564
0.17038553028253	0.0913461794509912
-0.568062564615738	0.413362112970849
-0.534522436439173	0.338730515246559
0.613512573671803	0.322329169208786
1.07164693809362	0.51966461625766
-0.144781046501292	0.0984119598020371
-0.174597559304545	0.0935014218011455
0.531846588919103	0.463522028008446
-0.322004832380016	0.193204164827929
0.154740770752363	0.0525923721877549
0.718644310616527	0.475481184550143
1.29292437910652	0.716716734748578
1.25673078210242	0.875270753786205
-0.147307575406356	0.0527017957649261
-0.454947692373613	0.303014196663304
-0.215548796092596	0.139478337815694
-0.0527513876451211	0.0230331424896915
-0.306997847881457	0.141105580585831
0.396876619010216	0.179273662190462
0.14718353851438	0.0565368961355523
0.907391706476965	0.491141109923572
-0.0234249661100615	0.0110054221770326
0.166643996295006	0.0810046394434791
0.154514692286149	0.0670936924901878
-0.668704034404342	0.468678542219713
-0.383491741310933	0.263961601013165
-0.942598173753073	0.577326671327305
1.14766191712319	1.18271063499265
0.498413585454266	0.464841078770591
-0.314194020465315	0.187864684246389
-0.260430908596792	0.162779019834198
0.30445294159678	0.231184258861475
-0.0534784789820619	0.0233518548447718
0.866640552798719	0.644176150739716
0.0327639986674396	0.0180214124966776
-0.570464566344118	0.416175442749015
-0.183069860758428	0.098259783092777
0.735653866335274	0.751769296844724
-0.565599327493148	0.411387280100577
0.607191956866594	0.318491822849732
-0.146251321165858	0.0994540050739145
0.69751780931245	0.327125375237672
-0.432994051150951	0.333585119524858
-0.057761678672929	0.0251649991286964
-0.347480099168433	0.0999933239977275
0.532249310589414	0.191451139948052
-0.959426865740883	0.940515607411283
0.284511938175772	0.23932977996815
-0.326374838485286	0.231157615480255
0.324133013915257	0.211714892210389
0.332651875765567	0.203025915393956
0.794834291287647	0.477766178187077
-0.788523742480169	0.522193306174183
-0.27152803610871	0.170510182008929
-1.72713289785227	1.88873456948534
-1.08992789075575	0.746640639900052
-1.04846383813325	1.09492459117847
-0.524260106197883	0.434727358079727
-0.938142019015943	0.573735141168323
-0.39517756003913	0.224096636458046
0.169277135523138	0.098152858186918
0.965932224483964	0.659779289931582
-0.571476478810885	0.41682048618395
-0.391973430729729	0.221917791757451
-1.23761637072107	1.1541485110529
-0.0509240148133251	0.0222680861902599
-0.237538625377861	0.119009175352027
-1.00031705640002	0.900328500345254
-0.567293021468065	0.413000811932281
-1.54250322117348	1.4876719356641
0.387485913590749	0.343389144960699
-0.608835721396799	0.292500112738037
1.13361647059298	1.02834148380189
0.157328017678796	0.068270214475041
0.0688747005623169	0.0427660670075497
0.329574449286205	0.200702259908748
-1.24276820702192	1.15942907565904
0.0311538881755129	0.0170951930943111
-0.151357460891768	0.0858527723832797
-0.305820815834773	0.140560121358743
0.745824749302504	0.626844545788318
0.150447848737376	0.0511729703307111
-0.215633353967226	0.139528092311178
-2.44486709241428	2.40418535085756
-0.701286159862013	0.757287452483586
-1.27670916685818	0.575668468512256
-0.516096514132394	0.19525236723075
-0.298175008854882	0.136780784645522
-0.0736778754405587	0.0447467777974212
-0.480526516048083	0.251790682545327
-0.14078756650129	0.0504046952906822
-0.688127842534876	0.601625190207542
0.173535809584509	0.100815596761168
-1.32801841307406	1.09609353857064
-0.991874367954115	0.889335313599133
-0.101250756895127	0.0594876145647226
0.174361137591886	0.0936811228537822
0.479622505065411	0.32909463268743
-0.425600346400671	0.326545651607369
0.157658428458922	0.0684184485852274
-0.668247020854987	0.468819252840035
-0.0909070563323409	0.0361318589652054
-0.0988790637706398	0.0392006323109598
0.658399085714271	0.471080404702225
0.16529445374499	0.088535772565982
0.452455087578574	0.182067894264148
-0.403941569736982	0.342586829813862
-0.493501224691617	0.449915129575515
-0.777981380078725	0.666036166444289
-0.377834460569591	0.25924035248358
-0.872762824466889	0.801694980259827
0.285229209473943	0.239986359175244
0.675993693891723	0.487022171984667
-0.942289966047668	0.57685359612112
-0.5234988000986	0.43403768459318
-0.780328351707311	0.668578474860605
0.166528409127177	0.0496297620210776
-0.974234145062601	0.961272292301031
0.822386078781447	0.346338733150108
0.493164652360125	0.340218904152068
-0.470528642667266	0.39753358319546
-0.778475304210508	0.513665462937514
-0.677981156954603	0.536794891408637
0.291223574571668	0.237567132064937
0.669294892970478	0.612714131118935
0.758064358780287	0.746030159704744
-0.413880717913047	0.353235245069823
-0.5450674176347	0.49003446094042
-0.208967455243149	0.156864022265708
-0.0414384837074759	0.0305653143356108
0.405588577582569	0.335750377853245
-1.23953121462661	1.15562852696829
-0.261546575745077	0.163634228114615
0.311558413434304	0.215284009806104
-1.34040305523986	1.71709278942545
1.35593853296482	1.44201223630152
-0.169832841709121	0.0908057456870561
0.166986674718159	0.0893826281646387
-0.189531528748007	0.126680738419389
-0.265736394444903	0.166398438922431
0.554663808161047	0.465245359455404
-0.699111139127839	0.710971748304741
0.206814672546821	0.18186094793257
-0.57079864281	0.416334560974977
-0.179386130308432	0.11934871246958
-0.609575943586604	0.541178376164215
-0.215633353967226	0.139528092311178
-2.07347195243914	0.945962551724422
-0.546420274058393	0.347695180849454
-0.758892586095015	0.329498751771327
0.349576331719087	0.196369480440677
0.188693956366014	0.117310872374497
1.14569134159103	1.17911286612861
0.664019625240406	0.60646155421659
0.0295550092288682	0.0162824707694051
0.182013565244314	0.125058874996123
0.80479146931386	0.766305425098122
0.651003929157996	0.69181661412894
0.320174341164997	0.222132199832712
-1.26144011175162	1.37226142031099
-0.600579905491015	0.490107206124372
-0.0187228394842821	0.0119642178563969
0.494649686992606	0.460303996955493
-0.200118907926625	0.149480545357605
-0.179782489323181	0.0964596202923577
-0.0176770821101239	0.0083733699762127
-0.146483613250347	0.0524206738570132
-0.0813277162073273	0.0585096913832203
0.671325176401206	0.48269372031329
0.300456832294712	0.237401110130538
0.327866437724518	0.214728577317525
0.305101147131582	0.231807168675938
-0.907409161101782	1.08289062963287
-0.867140257138244	0.794999600234287
-0.331966124114692	0.264391173436743
0.107634666056504	0.0794972459160854
-0.695819788139494	0.706217811513011
0.858608669020093	0.786593930283495
0.576730359318104	0.575550587407161
-0.428921780233328	0.329531333918789
0.439325990895938	0.439192695357551
-0.366260469465851	0.315382553286072
-1.51429942551804	0.540079204882619
-2.7861783541841	1.88545661968751
-0.609070218903112	0.292648778966887
-0.874272012286685	0.803768352989278
-0.329613593356897	0.233675465235034
-1.2445112140145	1.1632672049344
0.52029978099728	0.333175399764826
0.0930185673424093	0.0659845193019534
-0.0910995893514251	0.064216210509781
-0.589159804991635	0.611204269205659
0.00476622167872281	0.00251847902698981
0.493592004633628	0.459086719840997
-0.0948233950382916	0.0669316701979316
-1.50556724644641	1.69267664042149
0.617790988826582	0.471129718675734
-0.939094730705928	0.991693015234812
0.329574449286205	0.200702259908748
-0.77169195759909	0.777282053063349
0.00190912483727271	0.00144153493074917
0.419894875093476	0.334748838599846
0.431498437389559	0.328803222969086
-1.44066495805401	1.28976193473166
-0.329134926302471	0.261700705645162
-0.689577140503666	0.603830463319441
-0.569733838347874	0.415139195903021
-0.780697835327262	0.731846637921402
-0.497945830199528	0.455001868286667
0.306538626259987	0.233065497801641
0.193975081990311	0.133988012924194
0.437534065323707	0.351804813113231
-0.00910928880374492	0.00586821647343172
0.407398639558519	0.337555003353866
0.115083891933685	0.0852779771993795
-0.337134341001276	0.269281973744541
-1.17058270751813	0.657381305349413
-0.833092456272686	0.940808655905901
0.324155187588325	0.225306487659142
0.154237132593857	0.0747871095811411
-0.178325809849769	0.0956432000648378
-0.573131591810642	0.418467386632997
-0.934387232425579	1.05896894559253
0.517308465682246	0.467867801380398
0.0321199360496047	0.0176214474051391
-0.187013060897351	0.124886570298733
-0.872754714143366	0.802518987140181
-0.589948203563897	0.612224996467311
-0.673143673860306	0.531899656753433
-0.00765009526290778	0.00490109870591292
-1.61780977862262	2.23355662910003
0.845646146689869	0.891354429263521
-0.176834296236975	0.0947471984303428
0.183376441520671	0.120274445316454
-0.136920272272516	0.0927332608994738
-0.429473489322785	0.330294067010056
-1.51166070583613	1.70224479091613
-0.419519404204805	0.359161412354715
-0.173033383655645	0.114818226958553
0.0755812100042709	0.049260723555832
0.723022091847778	0.922601763725615
-0.093800330974335	0.0550025510503935
-0.0902881738638359	0.0529090215275877
-0.0953711053044285	0.0673288326995405
-0.37701143931975	0.295455715714796
-0.606853309168297	0.53801371164386
-0.601470860361426	0.288472142287948
0.694248627871133	0.325481396479708
0.327685026791959	0.214482345804643
0.0512866790848792	0.0398001602723385
0.438017238996729	0.334975074037082
0.472884450177011	0.451170468989261
-1.54933475595511	1.49757965590277
-1.17504427525788	1.59301092577658
1.05378309114566	1.1180387079223
1.10876248874448	0.847454419391335
0.00408054401784364	0.0021624205720592
0.218866600043516	0.177885947449714
-0.116768612040203	0.0809617408313514
-0.706771315232574	0.721306987777181
-0.202114937240585	0.151140737431965
-0.292189703799646	0.235802364154892
0.0836817863897165	0.0547071063699661
0.0070270839192425	0.00360911374685547
-0.132257673075146	0.0923477214365507
-0.0915289678860236	0.053654290613743
0.587330429074309	0.667763241795858
-0.00177049400025689	0.00119908024709355
0.172596013966935	0.0925784634641169
-1.52246168976357	0.543554490442396
-1.27429649790934	1.55975561403896
-0.492370929173038	0.369844699112475
-0.337516938253887	0.269643532477325
-0.68654266940869	0.600173580986901
0.202581940315583	0.186683188207463
0.195614499614699	0.151801249820572
-0.276669825926574	0.199953457884906
-0.404036495697078	0.375158705108325
-0.0644856005056205	0.0391194613517492
0.0986649364397033	0.067607377897964
0.193813981365514	0.133855330640696
0.00716980366844487	0.00491612426789409
0.589912469842709	0.67218753726842
0.0385702540794666	0.0281011573977442
-0.0955198700078735	0.0560422982847799
-0.982582615598912	0.487085279552104
-0.605202274771672	0.290253199757841
0.513399157793004	0.327653033092539
1.7832106821596	1.83806064517763
0.189338126902209	0.136073018058363
0.082117878611712	0.0536681214541288
1.25282918518136	1.52633514575231
-1.17834200627433	1.60089684152455
0.391148295990739	0.347390431470574
0.563592099783382	0.557780615398461
-0.137430326997368	0.0931006087279791
-0.403265502780768	0.374270131168604
0.692917678532498	0.724007488836461
0.438619278421781	0.335232404980778
-0.136148460771406	0.0769155200607086
0.294719709656378	0.240923133779826
-0.69128437051103	0.605803754028698
0.560263230048571	0.471005516049322
0.491415363340677	0.338732709745133
-0.242203253059197	0.178815505446212
-0.216964627764102	0.140449147621111
0.0124465604352572	0.00839941828013399
-0.293707728929454	0.2578087237048
1.24133956096165	1.36977085865495
-0.322665254544135	0.193432405599715
0.030519599719492	0.016805053369092
-0.0558688215682944	0.034862439841966
-0.215633353967226	0.139528092311178
-0.604624046603821	0.2901142271608
-0.389010542508637	0.161884808373538
-1.51330481624892	0.539630991333106
-1.33553184942636	1.3318672446431
-0.210063913161502	0.157822222299942
-0.0705325061148044	0.0428308137090012
-0.408556845857879	0.347582150620971
-1.15443809805521	1.42435688474538
-0.59377076019689	0.483073480086201
-0.604100711357153	0.534665201567071
-0.589768594311217	0.478677957130557
-0.635409563434376	0.612686711753098
-0.200112999392133	0.149401058713603
0.28927285071487	0.259864263330887
-1.08277637655172	0.739216198372015
1.24346725075701	1.05258043090621
-0.00462195526612534	0.00298549056260855
-0.379226125429954	0.26055383407761
-0.111751452959259	0.0773122819851388
-0.0244619213298757	0.0155890979791869
1.318306343837	1.68969228039925
-2.4085027089037	3.24463535192033
0.769461478338305	0.761036274999101
0.586694956965616	0.471547876911442
1.2404261972336	1.36934471087908
-0.327704262010079	0.260439996407262
0.307681032225587	0.223502120403214
0.990727270724505	1.08665456780104
-0.782879687509184	0.671199559395043
0.0448469402248316	0.0263469798674234
-0.0396561118520908	0.0247117340345008
-1.08452022560669	1.04199762209909
-0.326303560027385	0.230903203564592
0.184682582187056	0.121233917511643
0.316762936633462	0.219418413392304
-1.22773141045452	1.5914972691625
-0.175705401975391	0.133538095943059
-0.0687348129960021	0.0417293358697352
0.0671006680233029	0.0416847006616518
-0.140179004371653	0.0792928367991843
-0.424418323096015	0.32552930999825
0.439460543083428	0.33629348513169
-0.705794323127698	0.720275153364098
-1.59532927909612	1.22457120132473
-1.27458834884304	0.574392686547494
-0.949818732088151	0.584274252780094
-0.260849104925811	0.163082827802815
-0.531762031673388	0.336511792852439
0.0328996844191201	0.0239581897920684
-0.690658667516891	0.604827363792607
-0.517244365687059	0.505768499883067
-0.44778097315167	0.412637999877613
-0.447114360718933	0.296902062431227
-0.318555206039723	0.224677699925279
-0.519386782376866	0.429527105990701
-0.424820596351068	0.325906910144474
-0.869545380727843	0.870163440353432
-0.269631277337817	0.169224675372535
-1.27479878011019	0.574686410185082
-0.627367542213354	0.153354696036073
-0.946940091397437	0.581502802161954
-1.27458834884304	0.574392686547494
0.695510690794451	0.72757067530923
-0.00385874624501872	0.00251828690127567
0.964515971506026	0.956756671207905
0.193320423875788	0.133488748381187
0.589607260482396	0.474810848094977
-0.458245688736919	0.384544782429406
0.0888041521008539	0.0581411883966645
0.747578334111431	0.628667694917863
0.635933393603199	0.601508613810196
0.180842143143258	0.118438214733685
0.404684600455845	0.334828624340339
1.59180911054549	1.73374762451973
0.301449959371794	0.228541776611372
-0.865075669266937	0.864030699694319
-0.302848452401005	0.138967568191301
0.584319722410964	0.469436233529491
-0.0202689942078602	0.0129539686296476
0.0688291200196995	0.0427522923240032
0.605828768669767	0.589821065459757
0.407160441172374	0.337355558976864
-0.0417735768133131	0.0260490831388106
-0.779119551943633	0.787734445134421
-1.50691615603651	1.69361194507689
0.577445793771398	0.57624967687844
0.322051455150581	0.210429453100872
-0.0182556196482998	0.008652890089629
-1.20331166051046	1.40114561619165
-1.21675248053115	0.918546362174057
0.167198319746772	0.0498030771043432
-1.02848738242628	0.407882806929183
-0.943379322449637	0.578512387454659
-0.968276429261186	0.477834680684729
-0.3889226342207	0.161993965051073
0.0366534948515393	0.0200888330456543
-0.595956245304819	0.285189963589044
-0.859979422345432	0.856734493390738
-0.124488022256863	0.0968455348783352
-0.216531816513512	0.14018870927783
0.0696203371596157	0.0432755882990363
-1.53915600102156	1.48044547444294
-1.13461598703551	0.343230613786831
-1.02205798388654	0.404922502702426
-0.0966992063341353	0.0383953803091981
0.446389407735018	0.179556225692317
1.24928518747459	1.52017741814572
-0.232088348123153	0.115986101897082
0.199982045136011	0.150287887802437
0.859633331588161	0.912132711769242
0.178104452980226	0.122092925614785
0.197407311363238	0.136635829356621
-0.376358244039346	0.294773835374611
1.2459502031757	1.22644956911945
0.69442117000615	0.608820404814434
-0.22562093559027	0.186054142631657
0.00633028171590935	0.00324363616366956
-0.125711943990709	0.0708243416696869
-1.46578227350271	1.02211111796821
0.93318741757485	0.818805384438288
-0.0515889566139519	0.0366903207914329
1.24189597518521	1.21933042698866
0.290229905763897	0.236578047366426
0.457918277300921	0.333051402040185
-0.17402584666089	0.093227426594519
0.6720193722477	0.615751192075105
-0.047281762813031	0.0207271389294951
1.17292111879991	1.5752617386582
-0.783308530641218	0.517801019854442
-1.12080114045829	1.23377145988002
-0.401148288331056	0.371878614926462
-0.321572084727737	0.192949720919046
0.7009226470392	0.61646198640041
-1.03556409257148	0.829289232967028
-0.217190479909736	0.0701061645859235
-1.02582176479153	0.40676668488424
-1.1389684327534	0.988959728476046
-0.493660649299202	0.370877389135606
-0.320883054081337	0.192509121813893
-0.274981346115514	0.198495729500211
0.397510696978983	0.341330402112015
-0.0969042996262462	0.0684506810383582
0.00965548860983704	0.0048771294659011
-0.492383775328177	0.369824815202286
-0.694622591081684	0.609627252495187
-0.179328344380508	0.119326643653211
-0.0892048217142694	0.0627811134964135
-0.185035792756259	0.0993605696935306
-0.335356520627326	0.0965946296543176
-0.570546725399736	0.416188316301245
-1.17761029843142	1.20842157423338
0.850086365947715	0.898146290561222
-0.151874358868637	0.103607051712494
0.07155383683818	0.0444719345362968
-0.173976308078739	0.132069152340558
-0.780044251952745	0.731156940080015
-0.293878053083711	0.258089590248427
-0.433304803957727	0.333791094706658
-1.05163935058822	1.09950538413467
0.684028176370588	0.71096073672574
0.804387030555604	0.765706900367542
0.0801452636190307	0.0523428190105534
0.506559142859685	0.455670361232168
-1.17709858750163	1.20783726112766
0.678367571645835	0.489167705070649
0.207288134269386	0.150398879103673
0.520092637683262	0.450191461918442
-0.284666140582031	0.228688849865786
-0.144224610998782	0.0515954998895758
-1.08970808681788	1.04886468133205
0.311661138451189	0.23751472070221
-0.434333544349135	0.334866696693097
-0.0933171584852685	0.0547195584263834
0.30584307164713	0.210732833155607
0.561839432753368	0.576992749209792
-0.947157750884078	1.00458901653587
-0.448982447329224	0.298413597824112
0.0968145083058902	0.0663204836897187
-0.267817527449031	0.168012433976051
-0.658500206816415	0.459882618270541
1.25008825289088	1.38560231018676
1.24668138272664	1.37908218013285
-1.33924095131208	1.33905583066005
0.153247222778868	0.0588212060537421
0.187394835526115	0.116444270632327
0.191953407883182	0.126403934755597
-1.55658686270334	2.06502191226032
-0.220014803398102	0.142660311342511
0.552912294969595	0.565086134610217
-0.3007180887436	0.26525550588957
-0.553233312214871	0.500081290408002
-0.973837654107587	0.960690832842864
-1.44559441615536	1.29742614642506
0.399926573898412	0.343760063363164
-0.00154697199197825	0.00104751744191297
-0.239049879231488	0.176194730392995
-0.691285476597983	0.605850591106198
-0.318853675476234	0.224892695049355
-0.515466779883267	0.194997679323859
0.155033518363628	0.0526840217885624
-1.51934592067505	0.542187789098937
-1.22099252026961	0.924002984953792
-0.603533747156033	0.289704932966888
0.816288013946432	0.781534249099472
0.183057748309722	0.113507717157402
0.530691113673913	0.462261575119918
-0.142821936206303	0.0970304708192556
-1.54674748629755	2.04180973983535
-0.110055200742649	0.0760215666695001
-1.58673239259854	1.88176721214701
-0.0756451164444438	0.0459756677253883
-0.105513050757238	0.0727740500657327
-0.450799773171692	0.416243889466946
-0.223579075743467	0.145103559390626
-0.699602243233944	0.665401261616286
0.183648653387635	0.120489039676934
0.0977772934532536	0.069478592243035
1.04020297022609	1.34981088288037
0.798277125534263	0.635622081601441
-0.279158999769089	0.22345081625539
0.0560693924368006	0.0329197437841511
0.599430946208088	0.581594069861163
-0.330670896382798	0.263253380696341
-1.42573264137248	1.51586034075185
-0.326759993469802	0.23143824755107
-0.865467063630566	0.864209355362035
1.33359057414825	1.57092589861587
1.08583162713759	1.2745890568306
0.296569678387355	0.233831139875763
0.0788440050742485	0.0514723179013546
-3.13562119556982	2.73210602425924
-0.782790068947123	0.671254166958584
-0.995093109136371	0.893927127274015
-0.776692654185027	0.663764089958702
-0.628807341949763	0.15371861128279
0.33111510049702	0.201942148874924
-0.374142983836215	0.292724337011663
0.316476469242892	0.219090107010605
-0.395933924804565	0.224287213136603
-0.455794376529673	0.303741096725685
-0.544631681323176	0.346328076590752
-0.244799697351189	0.180986472823931
-0.101314935929686	0.0595196951402003
-0.369156751295079	0.288014138621447
0.478192077170744	0.327627796778465
-0.4113711225093	0.350582408389034
-0.231451247809099	0.169843284029047
-0.596720961513624	0.285633666135419
-0.26381919998245	0.165227291208623
0.0268145465694037	0.0147816278771965
-0.08649889817894	0.034417662606981
-1.01961453275747	0.403780235295886
2.12537189903949	0.954341509365964
0.15981715245412	0.0477202746155183
-1.22054905283587	0.923531490326861
0.701398196534476	0.616717699263479
0.161782158512576	0.0785511543503289
-0.321990850014349	0.227388238442767
0.173800774649019	0.100910435480243
-0.0360294312890236	0.0224861124569447
-0.135074148946844	0.0914007318022844
0.185578915145789	0.127676088309864
-0.0504442919763924	0.0220653569575298
0.303693785389297	0.240385407279207
-0.76776906190796	0.771682902998656
0.598739056386516	0.580708341044582
-0.501428982145661	0.378030304003859
-0.0920061605373311	0.0648791157575872
0.330465961677277	0.216589925222215
1.24173349098916	1.86943063211154
-1.21855680614432	0.919759792195863
-0.0922598492336672	0.0366247500539306
0.00922475627402847	0.00466607821398066
1.36372268529918	1.26398682722703
0.399019012729787	0.342811125780311
-1.59449108651187	1.22489952384019
0.87373569593194	0.651295255211069
0.470569266904624	0.344030362347533
0.579260866065897	0.46415016920409
0.00697445600876722	0.00359936106998941
-0.245710643458552	0.181733686441594
-0.333634353951732	0.291269031425481
-0.26381919998245	0.165227291208623
-1.03598969183384	0.829466915086289
-0.0652935403022286	0.0396179778752476
-1.54504403240342	2.03822303493677
0.176446921360422	0.102429426383044
-0.453923263251349	0.30234493097353
-0.0413788596209105	0.0257907158923395
-1.08010137324252	0.73662559740996
-0.388788161361029	0.219901652080684
-0.273165559281113	0.171693786855182
-0.482597905677788	0.253283595439176
-0.0975107428477955	0.0387100574923889
-0.147076152891941	0.0526308419632966
-1.135833656853	0.984182024934229
0.0307765351643495	0.021627713867365
-0.133356074790226	0.0752571915817122
-0.782104677653673	0.426145914283594
-0.0576835337563076	0.0360121322989041
-0.88030881125339	0.812326331183209
-1.60471349980954	1.23907101981328
0.751177676970402	0.632418145359379
-0.0955388252862682	0.0560680345098568
0.112187144551081	0.0802923390961642
-0.062966131337453	0.0273803279905217
-0.263919094149787	0.165173265413796
-0.318194923938027	0.190653524232217
0.330216499080226	0.201158678519936
0.663281077963869	0.474734810079089
-0.27999806936881	0.202602867983354
0.743310307917071	0.623715111434228
-0.565182300538122	0.411040522897623
-0.489715336419533	0.367178142331159
0.553598659638006	0.322521234922646
-0.222144415617706	0.144151278304099
-0.641172652649429	0.37972815726212
-3.3376540162529	3.36673182198966
-0.330331595806874	0.198782062070273
0.615427247930772	0.468547523797322
-0.792815755124541	0.525981690439205
-1.98180186686388	1.38210214104302
-0.519952717504097	0.196880719935875
-0.643351988322185	0.381033761132435
-0.522436912141901	0.432927032595704
0.347340058943499	0.194880233103884
-1.16779314833313	0.65478683609097
0.163413249256128	0.0487677019311828
-0.491877038132301	0.258823833814795
-1.02140349604103	0.40462053419898
0.397687058200255	0.179960302322032
0.176831689733291	0.109496825840785
0.361634221861769	0.182815124895274
-1.16316092168019	1.7879999967318
-0.346820783252297	0.0997890928773071
-0.312854430581266	0.186959299584514
0.0201552341699744	0.0100781324918864
-0.322059974316886	0.193220888007764
-0.410548280674789	0.349715887231891
-1.33263092796107	0.838587774386082
-0.105797152277966	0.0622275980190883
0.154498430134172	0.066995839288325
0.178156192862774	0.110295801177172
0.624924623751272	0.478214146375203
-0.649177032417704	0.385413047510911
-1.21808426083238	0.92042954221125
-1.04297344276161	1.08635348905618
-0.181424971090032	0.120857485215967
0.609358587176311	0.319987227454737
0.103056750777764	0.0734452179523341
0.528697101266383	0.190116209542368
-0.962066755479093	0.944399018562389
0.969375633145935	0.663122456629383
0.153526628680235	0.0288819285189665
0.949511917528176	0.252227362219882
0.797132566475024	0.479776047931977
0.159474851217086	0.077480846781015
0.098303077504011	0.0698894437660541
-0.33288440420487	0.236510708025519
-1.09448402416991	1.05538977782393
-0.69127953427843	0.605469414210776
-0.280454552039805	0.203062598784929
0.529386016705769	0.460640591856889
0.736596291950767	0.616099702845093
-0.212557448288713	0.137296163554218
0.162244414904995	0.0787823381540107
0.48196890132454	0.331126515717069
0.196644858929845	0.141891783401731
-0.18043310290805	0.120064225676636
0.182632579190372	0.119710724629129
0.903755370731644	0.488140001047742
1.1285764840231	1.02092776911861
1.08422421366869	0.666823215104208
0.92277497976274	0.80548604313367
-1.14350961880344	0.994014347552978
1.54010350641023	1.3297319744396
0.18063701496858	0.123949995027991
0.852219234938148	0.900953452855302
0.609091400702004	0.594085058504528
0.181755330108341	0.112666426123079
-0.238878493129841	0.119696210024269
1.2549222294943	1.24080159097756
-0.391503854848713	0.162948863670941
0.554801799339125	0.323726196383095
-0.449888594043807	0.29910858987204
-0.489079624389651	0.25712748113991
-0.400155214725672	0.167028965480909
0.15866325352339	0.0688602778933149
0.163005467806634	0.0792569615696956
-0.3249630219838	0.195179139169314
-0.539507164046911	0.342213878351778
0.0657241215678697	0.0408029236485892
-0.920145636010998	0.675058130179712
-0.534088016364328	0.338411636146483
-0.963105517145366	0.944039770625863
-0.659246049897683	0.392854217376442
-0.510685030941215	0.193049519773074
-0.0584430386785739	0.0254618077814479
1.57367200827059	0.783647118696297
1.25359005482631	1.23826875581345
-0.146461266216414	0.0524326523465209
0.538706182108427	0.193884008472894
-0.631960666018702	0.15447017218279
-0.596770772695194	0.285521857836075
0.158160912494813	0.0686419741601485
0.335186562327602	0.204521007402263
0.556255412530907	0.324448198963124
1.78570133328265	1.00012342856052
-0.99336613586205	0.891781848969609
0.659533662382951	0.47123463324957
0.589607260482396	0.474810848094977
-1.34404151027515	1.11544188712657
0.760655837738197	0.74951717692178
-0.00411275152429219	0.00176469862641047
-0.453437650259717	0.302015223229063
0.932017782140713	1.04952157113279
-1.09795098686597	0.75380311589313
-0.101313774954831	0.0595219076798734
-1.23554778145698	1.15070102598695
1.71057938699738	2.3239404627977
0.789770249185985	0.474106077873852
-0.301654698061974	0.138588339768243
-0.920817693602479	0.676100095471989
-0.951954017235072	0.585242699288445
-0.205864422740895	0.154284491745475
-0.78124135654515	0.599401723523385
0.0785320217536144	0.0534174628701338
-1.47180714057155	1.02835456500181
-1.33422615705862	1.10443739939896
-0.184095190505407	0.0988593859373185
-0.0778107002443926	0.0473078443972716
-1.05465893681337	1.10389981113893
-0.396376155841306	0.224613737819311
-0.515810187634811	0.195198678425078
-2.0728183820203	0.945262498978983
-1.01503723083846	1.13299869886478
-0.323980857857943	0.194512927936275
-0.215170786517111	0.139151187821925
-0.778064202104129	0.839782426480794
-0.0267001742794181	0.017003256819888
-0.783789088346332	0.900617702734584
-0.231591390950111	0.191690781906745
-0.0689332468862113	0.0418196316083011
-0.202913515473325	0.151814522185309
-1.32768845542159	1.09475159230902
-1.67270502982212	0.946408584672276
0.602650337228951	0.58594113311521
-0.175498166278707	0.0940088041551132
-0.329654507888127	0.233704749545411
1.04211818703896	0.395589048045566
0.162479935061762	0.0485106492306684
1.04480696921869	0.396726217486042
-0.139034402758614	0.0498144544844224
0.346896155619258	0.194558552735824
-0.0618249119988577	0.0374914133918934
1.14469331692678	1.17818862065866
-0.455211304334888	0.303495599281496
0.622383123185531	0.58452704676343
-0.565675115481575	0.411481065002506
0.601135621585401	0.583837407424466
0.40276403346415	0.332573694802336
-0.127275332561661	0.0886547715674066
0.00446423723117171	0.00234703495867332
0.106070800198121	0.0757051190801357
0.172125290898635	0.0999830261030382
-0.209483925724425	0.135143189550646
-0.0344265777295878	0.0214964261744698
-0.182979199892238	0.121915960036377
0.485913692928003	0.449910751495821
0.445393029672158	0.341723260514967
-0.135603614018832	0.0766190906026478
-1.33593855536887	0.841576536089232
-0.385428269838849	0.303281198985987
-0.879771475008643	0.811721522419459
-0.019770608376532	0.0126264572146998
0.00176242238137377	0.00104462803936584
-0.0147707004558815	0.0070641139638882
1.66196342500271	1.57548190029955
0.423459686079217	0.338204196002905
-0.170998449227397	0.1133349210759
0.0168303430059192	0.00844973712336963
-0.91989909929637	0.675282462187894
-0.403887230675408	0.168686275413736
-1.21750473797942	0.920595694558515
0.0527050109290003	0.0309169683231744
0.0486273921428565	0.028512238002776
-0.562851713199493	0.409033881839919
-0.412191645187145	0.351435468558193
-0.320026158700762	0.19193395594294
-1.04140637264503	0.836639797099259
-0.921291507572808	0.676671998531333
0.0102928159702759	0.00523161352692601
-0.320190845187779	0.191959554266992
-0.418418165087892	0.35808413946119
-1.46553075729171	1.0202494812192
-0.577903830754652	0.422743950480644
-0.655425521019326	0.45672316628339
-1.16352038394349	0.652323882842584
-3.75595364234981	1.48774567650192
0.138360048353922	0.0532086860049081
-0.658790228547822	0.39240628126337
0.948535538575274	0.252058145640786
-0.321276860730414	0.192504334053842
0.188610203551493	0.11729490165947
0.180422140410147	0.111850350046852
1.07567827310128	1.25686265337093
-0.270372333556166	0.169685558139809
0.0461121494782553	0.0270724559303265
0.187549653486074	0.129212626103762
-0.101329747167113	0.0595515434007642
0.0633812561704778	0.0393354856823312
0.184431717442362	0.126815693419302
0.181084709203053	0.105371024175674
0.799137739827971	0.759093709621044
0.51340869135093	0.463462920960836
-0.385807404546853	0.265955888510607
-0.0532978098614147	0.0323035469720147
-0.854539225148748	0.914987415453943
-1.08933960603648	1.04882085404265
0.0621709457945471	0.0385808902152489
0.806396765750908	0.644063675972928
0.743170323980765	0.623701522890742
-1.037340630164	0.831464853144607
1.25325535197731	1.38978623312574
-1.2442594382125	1.1640072872637
-0.373911405967142	0.256056289076846
0.554261395155764	0.464791220358173
-2.1895379713244	2.57114205613695
-0.533818749185823	0.338130041526196
-0.788197577574716	0.677461873488619
0.369873848812539	0.187647902113433
0.159667506882163	0.0692718935836371
0.15860122996506	0.0770351109459426
0.198648620243596	0.149181995400867
-0.523856128120817	0.434354375715699
1.24019996189017	1.21799668424361
0.349479750577743	0.196252528292451
0.394021941179025	0.17808674998791
0.0558243652626731	0.0327365814642867
-0.457992084580331	0.305543663913159
-0.790653473906113	0.68057538502371
-1.53712613700225	1.47945956569357
0.0543823602710424	0.0319092301367161
-0.0212034475336743	0.0135385133882458
1.03984272433899	0.394547494768611
-0.231215909823876	0.115544901880927
0.162507987983797	0.0870278806862286
-1.81842816932896	0.741601322947527
0.404581308845447	0.183300863345749
0.161598530636796	0.0548314464506357
0.163469980407109	0.0793878953619957
0.0245934377517448	0.0136055801785281
-0.109484442906795	0.0777900501055918
-0.676738097162594	0.536093724176503
0.0492262705172164	0.0288654855525723
-0.130708911670079	0.07373197046619
1.13450574465281	1.02966773208547
0.346447765604154	0.194304040564832
0.166366865093402	0.0892062534702819
0.928743298373499	0.814013328240298
0.16398311023751	0.0796660171202628
-0.620470483925564	0.59316740313921
0.291581793973853	0.229206115690211
0.30533431344243	0.221619713749283
-0.187221146816981	0.124962635400032
-0.483226370245021	0.253293375891541
-0.668900333892604	0.468816948896524
-0.452121297180232	0.300695278197851
-0.0570440860259364	0.0248617188663237
-0.490242437789731	0.367894010334274
0.175123810258301	0.101621469023198
-0.224732253189724	0.145985231464398
0.145774898369786	0.049640682793739
1.27613148005181	0.704271437338661
-0.778563309455084	0.513556097172034
-0.601223882825853	0.287949924770447
-0.914123820584081	0.66813504313457
-0.60491353971316	0.290239302747195
1.46452666371566	0.916776408680552
-1.16037172075621	0.64975441911937
0.34199200441533	0.209519590678357
-0.0537825465256815	0.0234854498816434
0.330633061289509	0.20156500784608
0.8515975037905	0.777286791359809
-0.223622609359472	0.0721345005453493
-0.86468851834424	0.863400688411119
-0.374639250168561	0.293059942569154
0.79413387718687	0.631311555004722
-0.306158679366283	0.1407209567511
-0.782822949885605	0.671399159014572
0.0211656835900176	0.0118008350533145
-0.388050310295702	0.267612517646952
-0.212017123478606	0.136925529802712
-0.0956081613558521	0.056107764154111
-0.303019148507012	0.139067962484686
-1.08808514186815	0.744095260140617
0.0237521286221064	0.0131541011964602
0.362931168423127	0.183788896423664
0.150251518108603	0.0511196116992592
0.797989705712639	0.480516746468569
-0.395071670435589	0.164675396539339
-0.646067024046375	0.383048034972947
-0.241509988290571	0.121049863226866
0.705735059468703	0.331775801621307
0.728154954768309	0.484078804314674
0.826885083784757	0.348595039349664
-0.616356894317694	0.296755533736063
-0.566488927653817	0.412428700360394
0.00740742909478869	0.00379390374667557
-0.666783404323684	0.467404506335365
-0.254790661034952	0.158907200202343
-0.868492936747896	0.796911826362722
0.661980400391539	0.473673768180194
-0.642473677294523	0.38057446428914
0.17712157806164	0.109599080103169
-0.386424360843611	0.218165358731344
-1.08984955132092	0.745632745668245
-0.786460657491084	0.428738271415608
-0.286106958223608	0.207666713633825
0.617454671118303	0.324988008857733
0.150723018578252	0.0578874948470339
-0.0938844786016753	0.0372437459496391
0.0172334349125865	0.0086244358694976
-1.46678665307672	1.02334082643379
-0.454947692373613	0.303014196663304
-0.391503854848713	0.162948863670941
-1.51494963266618	0.540305848955056
-0.77743092853472	0.339053778409674
0.160327863492522	0.0696181815062985
-0.401563789036635	0.22786949620298
1.00182124014587	0.82472915481593
-0.567405809553708	0.413207903540542
-0.569547187874511	0.415313558543791
0.554927160306566	0.323517610717945
-0.0214656433671253	0.0100909619287467
0.957031961268852	0.651634684643975
1.11999632308352	0.860493310847962
0.346797972794846	0.194435552635548
-1.66846033956982	0.941441489488571
-0.225885823099809	0.112739035681947
-0.610128034861856	0.293287366439231
0.159627373721911	0.0774260010804011
-0.13523260383325	0.0763900461800588
-0.569072704023846	0.414815512667103
0.062639227193739	0.0388923066142956
0.0698942451218872	0.0433913429025369
0.159056040703676	0.0850797868112958
0.165500367847983	0.088630953143206
1.37667976774208	1.28275263687487
-1.6570185188436	2.05707821006734
0.0518940255176746	0.0304069458494831
0.733831530564444	0.488940184016538
-2.91829815192532	2.16462948556483
0.900342912048208	0.485946537295054
1.24863698800743	0.866736133308352
-0.302344719394741	0.138712457398006
-0.238840648338603	0.119629761004673
-0.263918543102616	0.165211456139202
-0.777619934773396	0.595579707408167
0.1536926547802	0.0667318822947097
-1.47309396451122	1.02889358190134
1.83038440849751	0.717634461368427
2.1244504337776	0.953787688048285
0.162774743786831	0.0870864677426924
-0.781107967207802	0.425378726381322
-0.592809980624529	0.283364667823799
-0.0587820859534135	0.0256005112505989
-2.28139454167916	1.15341832500121
-0.953885074097156	0.587148723644247
0.366896851963068	0.185684613305926
-0.793397349436734	0.433998935182967
0.5530182159377	0.322557454932327
-0.0248855121840208	0.0116824336427542
-0.551781244757926	0.498322679508144
-0.663601754995644	0.46438738916332
0.155846546513865	0.059824112236972
0.349417166514183	0.195929454458467
-0.066933894263564	0.0406190855651049
-0.52141433065344	0.197411751800862
1.77503326817837	1.39285287104531
0.176563295716584	0.102619727459009
-0.763253894263622	0.331680843347779
0.749414629319256	0.630193687545991
-0.310122750584667	0.142665117719073
0.148367923686415	0.0570245207685806
-0.892367487654484	0.743454959456726
-0.0502293246781086	0.021979402664218
-0.183381059819766	0.0984772918611787
-0.593319642253394	0.482045942494356
-0.0287221908841208	0.0134346089061268
-0.944033896183673	0.578463552597327
-1.47978310913972	0.747275389667597
-0.429755901934167	0.33040187713597
0.0163436574042325	0.00820749029119634
0.0286439769810766	0.0157902004916781
0.470630998236942	0.344178569226338
-0.332582343652075	0.200388983108842
-0.230294180675571	0.115059384993307
-0.396383992712508	0.224489388056644
-0.530893408346225	0.335791260713455
-0.212182638964169	0.137017817038629
-0.789739385598624	0.431206446836504
-0.0558251048973952	0.0243318275719906
0.902684449275861	0.487909426775457
-0.0239930594834658	0.0112747439370039
1.07142461370908	0.51933741146651
-0.17847260526839	0.0956541354364221
0.930011457620287	0.815436811776929
-0.395811932354965	0.224356251148783
-0.664799027461454	0.465189320669694
-0.386659192979276	0.160832500888345
-0.0537825465256815	0.0234854498816434
1.29019012175382	0.714014899269437
-0.52655683748879	0.199552770516942
-0.535013737718752	0.338749759547413
-0.484072297401279	0.25414931181438
0.0466208554015438	0.0255566866147332
-0.52755907308955	0.333091799523559
1.13544871593192	1.03203384912907
0.320151376792923	0.221995164087856
-0.459015617263663	0.385345647201967
0.548969092290452	0.458893264353092
-0.178245759186861	0.118502026756184
0.313758325584285	0.216975170223868
1.10618953685235	0.843722049458871
-0.457330540624896	0.383585567489586
-0.65006016269983	0.385971341998426
0.334437162682836	0.204152845463661
-1.46762169963259	1.02310953690207
-0.389176867516154	0.162123247090893
-0.719194825953782	0.246846541949292
-0.022286865459784	0.0104935642390782
-0.78039870553778	0.598454796563913
-0.787068111790984	0.429614306053086
-1.66734656694072	0.94028564673658
-0.665138163947368	0.465040347742025
-0.782947185415511	0.426671746270853
-0.523594297537643	0.198333230904929
-0.64742252221286	0.38418014947661
-1.08974474164999	1.04938145201712
0.158974061400232	0.0772790886868511
-1.4822834479089	0.748211130480718
-0.785472914562132	0.51986338106667
0.864216714813962	0.793591937677361
-0.173872198361738	0.0931275113708741
-0.395035912834189	0.223730902801101
0.175814693360401	0.102217756098649
0.803282872166663	0.64138318631254
-0.792631073150347	0.526293062824317
0.149687956850686	0.064934970211133
2.41380989203547	2.07176976182802
-0.0904445508700227	0.0359692648097374
-1.22369918401663	0.926597004206416
-0.910437390724431	0.665463383108429
-0.99117181157532	0.888596183674008
-0.135232542768934	0.076339427422834
1.45927041841218	0.911566993567073
-0.398391340164656	0.166232543938586
0.714452362635753	0.47249071603738
-0.791084221056078	0.43205166057552
0.365761776756049	0.185325043046891
0.444522954364434	0.178652908942434
0.450737378927577	0.181443994317372
-0.643260097231672	0.380555287201501
0.797615102490042	0.480081203313813
-1.15936161938338	0.648078047308944
-1.01515341728597	0.401605375015056
-0.681722540949183	0.540974729419982
-0.0933195400837994	0.0370288533821089
-0.488001860652102	0.256368102780648
-0.604385963324169	0.28993546473718
-1.17274895983223	0.658570869516545
-0.397046986776657	0.225100066695115
-1.13521969998424	0.343544374381215
-1.15701559810226	0.646319720858381
-0.770603938371381	0.335562023177309
-0.489956314090516	0.257672231310171
0.519634913084062	0.332784865495182
0.157212954461689	0.0603521678958182
0.397687058200255	0.179960302322032
0.91210335314375	0.49447955369402
1.26299832914221	0.881895398566355
1.27716680760934	0.705528876302064
0.152844405786542	0.0663436314576924
-0.723858427247846	0.248624788373591
-0.788078256394708	0.521848574355622
-0.3957877001043	0.165113388354904
-0.796628580160629	0.529095844436053
-0.782149689617024	0.600215549407255
-0.271285490806137	0.170419599816702
0.616150741698683	0.324021375121558
1.33835717675948	0.587087104209911
-0.920145636010998	0.675058130179712
-0.0875300582804724	0.0348006778351722
0.656381357714548	0.469023762360358
-0.642798709435189	0.380177505548048
-0.157812202975684	0.0563823684032727
-0.319300756460164	0.191436924839552
-0.693443800261879	0.6571623771273
-0.497515885731112	0.374554563409228
-1.24542654882667	1.16388731717252
-0.603533747156033	0.289704932966888
-0.598580540485135	0.286491607982712
-1.79827400712943	0.382942964938875
0.557120868007855	0.32508137456317
-0.310723039211862	0.143077571158583
-1.2754256868914	0.575104153105112
-2.06971291102341	0.943740604994579
0.154616330348594	0.0593392023307753
0.532063703387852	0.191352275495319
-0.214527945453891	0.0692825908233493
0.962481857255709	0.656221083311241
-0.310231197636049	0.185240500549192
0.90669979800486	0.490244931501104
0.94807088907188	0.251931335472786
-0.210724787268037	0.068070166638378
-0.471900979300916	0.246463396910456
1.89307833949703	2.11003966581754
-0.397835615695759	0.165973732684536
-1.33835346440433	1.53459288195803
-0.70642074136567	0.674095740146702
0.532022890862633	0.191307575847994
0.149356715107181	0.0647703174256238
-0.520784896269523	0.197143591247867
-0.0951400277367857	0.0377488919684873
-0.767761488763089	0.3340892272935
-0.980233190958718	0.485612028550876
-0.0419233465857859	0.0184679465700179
1.57112339446841	0.781717589381663
1.2757636448337	0.703232700878206
0.967719685900901	0.66115411561991
0.159745627636397	0.0542072807284568
0.166236263514851	0.0807723595668675
0.163675748818542	0.0488217197760315
-0.320717412056083	0.192339837763371
-1.27230614673154	0.573209237266735
-0.188928381122631	0.144630493498245
0.185672077113134	0.115298205508053
0.15099938031158	0.0580155990573076
-0.210258805537791	0.0679543406762681
0.16061705718604	0.0616461052533966
1.06803756463833	0.516794609057395
-0.971414747512708	0.479670940118914
-0.449405178409474	0.29875423654778
-0.319129799043496	0.19104009194669
-0.14872602711252	0.0531812505324189
0.00740742909478869	0.00379390374667557
-2.06840706939649	0.94281622690595
-0.936483783478869	0.572988806621529
-0.395233846078871	0.164875237695561
-0.444033589559944	0.29439484395891
-0.395353956297943	0.224136835060552
-0.778968989405239	0.339747997522524
-0.391384631345398	0.221614399384053
-0.944779380674583	1.00063418830924
-0.315228868229893	0.145202427287474
-0.519121480217459	0.196545928752658
-0.661678913030224	0.462793472896865
-0.759833214909374	0.329941726361722
-0.980785793400676	0.486003661562873
-0.183423370817795	0.122297340297155
-0.487043857215014	0.255809581423326
0.397687058200255	0.179960302322032
-0.135656988276323	0.076642284644261
-0.143629596355123	0.0513929708746564
-1.03265164831418	0.826508431045741
-0.486565050064821	0.255503398290211
-0.380699822732319	0.214463248140696
-0.690888408834531	0.605362391134732
-2.19049803412663	2.57303246635862
-0.590389530565522	0.47947707221794
-0.392427347038685	0.222191946736064
0.370650147259234	0.188121065740288
-0.873294935231471	0.803081882591958
-0.792077770936709	0.610468016899141
0.66373272177487	0.475855923487894
-0.571058920227774	0.416442149553269
-0.246191832200418	0.182063099893242
-0.578708692156618	0.466703476362171
-1.34360180616673	1.11572818125285
-0.685090722592021	0.598322877882515
-0.131382966124857	0.0741543839385889
-0.779335161643142	0.59766617200991
-1.66484126089322	2.07643251132137
-0.45561675275747	0.303560719916653
0.505188695795477	0.321575761726571
-1.80622154719515	2.08600719218197
-0.100031042950008	0.0587568589123497
-0.377834460569591	0.25924035248358
-1.4435087855274	1.29304415890941
-1.54757963803886	1.49555040817975
-0.0231630033526847	0.0147682056175254
-0.689184757936929	0.603267217269197
-0.118995701234016	0.0825938716168655
-1.21792295622985	0.921287258397118
-0.322648722290514	0.193555895805599
0.0478326281411942	0.028093277044446
-1.47922650617526	1.03629878572204
-0.150565644340841	0.102620220494361
-0.783449552512294	0.73558981812062
-0.0165543038719458	0.00787463177508302
-1.45512252914368	1.31014269709645
-0.776763505327564	0.664445033181
-1.0330778058556	0.826344811506276
-0.270439260327116	0.169843593776579
0.017814447017059	0.00893196513841088
-0.978156667052671	0.483981865039004
-0.56783180795396	0.41369072383436
-0.0859819122885406	0.0342390811601714
-0.340124379015428	0.0979309335927298
-0.0698060722056602	0.0423600075854434
-0.237960806079302	0.119208959238633
-0.325616806293132	0.195656687488677
-0.212692311337293	0.06870282462309
-0.184436660357184	0.0990151847157661
-0.791464975573223	0.52492644487468
-0.236047244165672	0.17364864644812
-0.216041888289261	0.139829673085866
-0.223080592619868	0.144838086546437
0.178063496648291	0.110294218998024
0.000468870019970531	0.00041661703150362
-0.390052959701263	0.220708992344674
0.380667997263184	0.347853482959676
0.167972742156178	0.0973940482474329
-0.91274570342324	0.667003419114872
0.0265172112653166	0.0146613119933758
0.0819891188944614	0.0535696062606594
-0.13705174647732	0.077447265381808
-1.10587319395406	1.07141021054968
-0.184534944748291	0.123041144632106
-0.304188680461182	0.139563611141713
-0.389915965454962	0.220409037686978
-0.0956678615367183	0.0379637063348422
-0.995176656818077	0.893520820850799
-0.501191772343883	0.377894092162238
-0.395769385544442	0.224280979193393
-0.498109297317313	0.375198622039219
-2.27505545261796	1.14834913431526
-0.214527945453891	0.0692825908233493
0.532022890862633	0.191307575847994
-0.981757219669221	0.486110858714444
-0.669692464479823	0.469748343577312
-0.221326064295134	0.143584810046687
0.792652297022154	0.476943639219043
0.794834291287647	0.477766178187077
-0.94776437496415	0.581954165991732
0.158999942594027	0.0772690088315175
-0.994597799973026	0.8934021867181
-0.980642634603263	0.485510889516647
-0.245546488870035	0.123197261826248
-1.08666589619939	0.741925268475743
-2.10009950770879	2.33087603805858
-0.482359109069084	0.252790140985755
0.315137095528462	0.218092544500918
-0.135540558955351	0.0765896555370704
-0.300367830252353	0.264765007693349
0.609857474714165	0.319839075764602
-0.483947815610344	0.254078360527989
-1.15461876686819	0.644909797753092
-0.180855543616506	0.0970231942839135
-1.8349181331107	1.15692731780444
0.798471835239548	0.480821731581174
0.824791885509457	0.347423104441754
0.453358879526006	0.182597486635333
-0.0739658751439292	0.0449352223162197
-0.379485374546095	0.260712362241114
-0.667486858691841	0.467684575279903
-0.0722966793310584	0.043917401196127
-0.182507775978146	0.0979786092968977
-0.788088903818055	0.52179968255197
-4.71874320643253	2.81008854425829
-0.618257955278019	0.719767219520825
-0.787415164110856	0.429633747223575
1.04051558933761	0.395002404087772
-0.0922598492336672	0.0366247500539306
-0.379072263236269	0.260387022476832
-0.237465211161769	0.174869301501077
0.0335180942030494	0.0183854409333675
-0.101665815668753	0.0597361931904784
0.156405419701574	0.0600373427044117
0.801512933620442	0.483383498577749
0.511279862381951	0.325933116091155
-1.15959934465043	0.649183224396337
-0.175642937390033	0.0941114359517469
-0.922927903384635	0.677899139323607
-1.15543773075821	0.645231108777397
0.308169516776485	0.223839931829409
0.69919774718211	0.328177033610307
-0.763493068016229	0.33177675339701
-1.02050867103886	0.404356899215527
-1.51395570496283	0.539857861420258
0.0764472042297437	0.0498640806043538
-0.426550559845499	0.327479603067913
-0.780725532080806	0.515383014801664
-1.59406246805785	1.22514304385484
0.161787544386438	0.0408470066516523
-0.397835615695759	0.165973732684536
-0.234253342300271	0.117081845636392
-0.234434407616528	0.117312786141982
-1.32500769101133	0.831250425728886
-0.668408131342427	0.468520117111842
1.33124172565051	0.582741467124161
-0.623587454322889	0.597351620902291
0.145557500746089	0.0631580248095338
0.154368451709063	0.0592249169339485
-0.0972722038041205	0.0386002588296463
0.554761294828962	0.323752072228383
1.03282883239092	0.978910135511521
-0.39080970231905	0.220839431327401
-0.0883020860839491	0.0351141606720898
-0.397581929583873	0.165869571894905
-0.483470524065646	0.253809607022495
-1.1572530538747	0.646535312700476
-0.791429354122664	0.432044219232972
-0.78477585296416	0.427679351079229
0.18103154173559	0.118577723002542
-0.489956314090516	0.257672231310171
0.128984658361111	0.107962991225463
0.161310297810742	0.0700331264672106
0.513947025778687	0.327947106487058
1.33347669524784	0.58444008385038
0.348069622518863	0.195127142115536
0.0657241215678697	0.0408029236485892
0.909025853928532	0.492138895608826
0.699441148839261	0.328362729428968
2.12377595625849	0.953322582031882
-0.603858541844289	0.289605298529074
-1.79827400712943	0.382942964938875
-1.48179227816881	0.748326403691756
-1.03647938627332	0.829561897058898
0.295940469980449	0.266852609109354
0.5530182159377	0.322557454932327
0.161546088205671	0.0482379354240544
-0.105736279193628	0.0621910943263482
-0.664436149974363	0.806219530694144
-0.346159845309641	0.352277318669648
-0.00519616334188787	0.0033411157332144
0.201764430931247	0.162363096393138
-0.178636637300406	0.135897035010521
-0.72013323546054	0.247288973526613
1.03891215300373	0.394007867391054
-0.0901691397194949	0.0358284240524657
0.153526628680235	0.0288819285189665
0.161415729852303	0.0407561524608698
-3.09052621849641	0.967478563051375
-0.629267545839357	0.153771215183604
-0.719194825953782	0.246846541949292
-0.520581729618906	0.197148689128052
-2.27757421421721	1.15023191568929
0.66475647791666	0.210855781457285
-0.344210615318698	0.0990368506115311
-0.382041108607288	0.215361120789008
-0.318402223047771	0.305302441920423
0.157779580430113	0.0765643491887089
-0.629267545839357	0.153771215183604
-0.43183646307323	0.332380885440304
-1.53631985462434	2.67179382916414
-0.0244353976459999	0.0182397543036597
0.808315750199446	1.06627650620251
-0.671430824755425	0.471360884678482
0.445062129916695	0.460394008790985
-0.149914019699804	0.0535808517064884
1.07447032515893	0.521314121121206
0.668353267812949	0.212009001891351
-2.58120409692147	0.664991486920107
0.152289864541204	0.0287035071443224
-0.344210615318698	0.0990368506115311
-2.57775304544287	0.66318910114962
-3.08255415585823	0.963691003677911
-1.14108877015918	0.345493493440608
-0.628347365301396	0.153568930486371
-1.09300287049469	0.748903943116155
0.161897561579225	0.0866037148486353
-0.510685030941215	0.193049519773074
-0.48004791038719	0.251496765511263
0.922841380703228	0.805898224387922
-0.0936023816727726	0.0371398786885616
-1.51919018322957	0.542251856895701
0.623500437168371	0.476430715908935
-0.476488273733273	0.24939310881067
-0.398856463799954	0.226292424567622
0.458316027327031	0.333397534111662
-0.593564799527116	0.482581180907424
0.803687345888829	0.641248425174227
0.5561954050332	0.324498779919158
-0.78587348118485	0.42872537802599
1.82480922054022	0.715302875396814
-0.0899186950434909	0.0357593976749891
-0.392890645811615	0.163726265183229
-0.602227332668733	0.288745457812874
-1.14009620739235	0.345227889980206
-0.214527945453891	0.0692825908233493
-0.723858427247846	0.248624788373591
-0.716074907122798	0.245725534591538
-1.2754256868914	0.575104153105112
-0.142801753920347	0.0511111283728562
-0.0558251048973952	0.0243318275719906
0.0362345406475793	0.0198859133444219
-0.723858427247846	0.248624788373591
0.402213984482854	0.346202343861798
0.961540322711081	0.655195360016298
-0.146252414230362	0.0523425133241546
1.42708198150714	1.78980162250835
-2.43796751189208	2.39064118806297
-0.526219543460588	0.331981566572253
0.695292469624545	0.326245317467072
-3.46066411507937	1.23287376992561
0.158074474787349	0.0472574922808909
-0.601411920038621	0.288211084942193
-4.0081607204183	1.74121189147911
-1.02624181092562	0.407113610404842
-1.51364953741781	0.539764698603452
3.92939233650521	1.72468629625562
0.165428735526808	0.04927003367916
-1.02181759550244	0.404915960039854
-0.770016488806791	0.335285011373904
-1.13521969998424	0.343544374381215
-2.06498921937498	0.940669172219577
-0.174161478861459	0.0932579804493286
-1.13582369620544	0.343734699942405
-0.6282908079904	0.153557595992093
-0.517564039318975	0.195752224477386
-0.787404599471054	0.799149989327741
-0.370176141154087	0.319559414943892
-0.642128178993433	0.380591944878162
0.0331832152128712	0.0182475855425236
0.167532645534224	0.0898116654481623
0.168287851014599	0.0422797449011708
-0.629267545839357	0.153771215183604
-0.628807341949763	0.15371861128279
0.152567656731362	0.0287430408348264
0.153247518839476	0.0288421886814327
-1.13543440488342	0.343479590196383
-0.628347365301396	0.153568930486371
0.153526628680235	0.0288819285189665
-2.57747759965585	0.66335545132302
0.149464413960118	0.0283283450696208
-0.628807341949763	0.15371861128279
-1.13129699285405	0.342278739405472
-1.52362800766946	0.543763654385761
-0.631960666018702	0.15447017218279
-3.08209765998152	0.963916510480773
-1.79827400712943	0.382942964938875
-1.15937081626947	0.648686418184352
-1.50582539183392	1.6929689629244
-3.46066411507937	1.23287376992561
-0.944179833606185	0.579442372270993
-0.8907612307789	0.741456261242529
0.152289864541204	0.0287035071443224
0.153247518839476	0.0288421886814327
1.96040941896093	0.441936123238363
3.26640660082579	1.12286745021344
-1.024931295921	0.406505232933835
-2.57747759965585	0.66335545132302
1.45378984515444	0.482188083152346
0.16707117146508	0.0420080923591852
-0.215184417856504	0.0694920488130609
-0.628807341949763	0.15371861128279
-2.06433722891929	0.940153898818823
-1.82752531487058	1.14898169755904
-0.33064169215243	0.263091560255764
-0.627829060935039	0.153504607197422
-2.58120409692147	0.664991486920107
-1.5126542472202	0.539316353407404
-1.79827400712943	0.382942964938875
0.152289864541204	0.0287035071443224
0.948535538575274	0.252058145640786
2.75819631171964	0.770700477263471
0.15626975600377	0.0292821097759299
1.95706969381346	0.441073865263096
-3.08164138813046	0.963767470359232
-1.34097591766648	1.54029628740518
-0.628347365301396	0.153568930486371
-1.79827400712943	0.382942964938875
-1.79827400712943	0.382942964938875
-1.79835097978106	0.382953978270685
0.66999328440441	0.21269616854207
-0.514837284692919	0.194722873359673
0.947097253557627	0.251590606337117
0.944906190121193	0.251072355848773
0.166691919569473	0.0419536988970269
-2.57747759965585	0.66335545132302
-3.08209765998152	0.963916510480773
0.534260425390818	0.192142039277522
-0.343388592876165	0.0988541310686696
-3.08164138813046	0.963767470359232
-1.80197754639448	0.383903353697165
-2.577202278156	0.663064687208724
-2.58120409692147	0.664991486920107
-1.79827400712943	0.382942964938875
-2.577202278156	0.663064687208724
-0.629636196854164	0.153977935518255
0.152567656731362	0.0287430408348264
1.95791760701363	0.441280139896969
0.158323275965016	0.0473326847049123
-0.346820783252297	0.0997890928773071
-0.510891470732261	0.193155670362405
0.152289864541204	0.0287035071443224
-0.627829060935039	0.153504607197422
0.165704597093625	0.0417255219351786
-0.348465736253515	0.100232718134072
-0.343223291761604	0.0987971723984263
-0.628347365301396	0.153568930486371
-0.627829060935039	0.153504607197422
0.952312839774606	0.25302018984475
-1.51395570496283	0.539857861420258
-0.631960666018702	0.15447017218279
0.166311360817904	0.0418484681801843
-4.00683273081589	1.74054559036978
-0.342904767182509	0.0986489157334515
-2.57747759965585	0.66335545132302
-1.15860003683574	0.647540210755094
-2.46672046231715	1.37353861733223
-4.01104939664788	1.74293659574184
