x	y
0.155986207086685	0.0292416787556187
1.95706969381346	0.441073865263096
-0.344864025255158	0.0991853144395914
0.152289864541204	0.0287035071443224
-0.6282908079904	0.153557595992093
-3.08164138813046	0.963767470359232
0.152567656731362	0.0287430408348264
1.96040941896093	0.441936123238363
-1.79827400712943	0.382942964938875
0.152567656731362	0.0287430408348264
1.44987667304504	0.480675917422322
1.95706969381346	0.441073865263096
-1.79827400712943	0.382942964938875
-1.79835097978106	0.382953978270685
-1.80197754639448	0.383903353697165
1.96040941896093	0.441936123238363
-1.79835097978106	0.382953978270685
0.148503149870495	0.0281892610504199
0.954654689620505	0.253537900292226
3.63584691762689	1.43122630608999
0.152289864541204	0.0287035071443224
0.152567656731362	0.0287430408348264
0.166691919569473	0.0419536988970269
0.152567656731362	0.0287430408348264
0.152567656731362	0.0287430408348264
0.952312839774606	0.25302018984475
1.95791760701363	0.441280139896969
1.95706969381346	0.441073865263096
0.152567656731362	0.0287430408348264
0.94904571537762	0.252100131683616
-1.79835097978106	0.382953978270685
0.947097253557627	0.251590606337117
0.153526628680235	0.0288819285189665
1.95791760701363	0.441280139896969
-1.79827400712943	0.382942964938875
0.153247518839476	0.0288421886814327
1.95706969381346	0.441073865263096
0.94807088907188	0.251931335472786
0.152567656731362	0.0287430408348264
-2.577202278156	0.663064687208724
0.532022890862633	0.191307575847994
1.95791760701363	0.441280139896969
0.153247518839476	0.0288421886814327
1.95791760701363	0.441280139896969
-1.79835097978106	0.382953978270685
2.75446121880292	0.769079402442662
0.942957371619669	0.25056334066046
0.152567656731362	0.0287430408348264
1.82284235164019	0.714002514687227
0.949511917528176	0.252227362219882
0.950862031539505	0.252628333014658
-2.5814875372856	0.665060440379843
0.94807088907188	0.251931335472786
1.95706969381346	0.441073865263096
0.948535538575274	0.252058145640786
1.07585244967576	0.522084504606844
2.75349844687128	0.768381126605175
1.96040941896093	0.441936123238363
1.95791760701363	0.441280139896969
0.152567656731362	0.0287430408348264
-1.79827400712943	0.382942964938875
2.75446121880292	0.769079402442662
-0.627367542213354	0.153354696036073
1.45415502686182	0.482281800899209
1.96040941896093	0.441936123238363
2.75349844687128	0.768381126605175
0.948535538575274	0.252058145640786
1.95791760701363	0.441280139896969
0.951841444348566	0.252891357699991
0.948535538575274	0.252058145640786
0.152567656731362	0.0287430408348264
-0.6282908079904	0.153557595992093
-1.13190405565215	0.342469779892572
2.7554263517449	0.769222911089782
0.149464413960118	0.0283283450696208
0.169606362252511	0.0425824743634164
-1.79827400712943	0.382942964938875
0.153247518839476	0.0288421886814327
-0.62503342749082	0.152907838403333
-0.628807341949763	0.15371861128279
2.75446121880292	0.769079402442662
1.95791760701363	0.441280139896969
-0.628807341949763	0.15371861128279
0.949511917528176	0.252227362219882
0.152289864541204	0.0287035071443224
2.75349844687128	0.768381126605175
0.152289864541204	0.0287035071443224
1.33769715960399	0.586940811923239
0.165704597093625	0.0417255219351786
-0.628807341949763	0.15371861128279
0.153247518839476	0.0288421886814327
-2.57775304544287	0.66318910114962
0.153526628680235	0.0288819285189665
-1.79827400712943	0.382942964938875
-1.79835097978106	0.382953978270685
-1.13521969998424	0.343544374381215
0.152567656731362	0.0287430408348264
-1.80197754639448	0.383903353697165
-1.79827400712943	0.382942964938875
-1.79827400712943	0.382942964938875
-1.79827400712943	0.382942964938875
0.148503149870495	0.0281892610504199
0.152567656731362	0.0287430408348264
-0.62503342749082	0.152907838403333
0.16707117146508	0.0420080923591852
0.152289864541204	0.0287035071443224
-1.80197754639448	0.383903353697165
0.152567656731362	0.0287430408348264
1.95706969381346	0.441073865263096
-1.79827400712943	0.382942964938875
1.95791760701363	0.441280139896969
0.152567656731362	0.0287430408348264
-1.79835097978106	0.382953978270685
0.148503149870495	0.0281892610504199
1.95791760701363	0.441280139896969
0.153526628680235	0.0288819285189665
-0.628807341949763	0.15371861128279
1.95791760701363	0.441280139896969
0.166084152255821	0.0418055330790301
1.95791760701363	0.441280139896969
1.95791760701363	0.441280139896969
-1.80197754639448	0.383903353697165
0.153526628680235	0.0288819285189665
1.95791760701363	0.441280139896969
-1.79835097978106	0.382953978270685
-1.79835097978106	0.382953978270685
0.951841444348566	0.252891357699991
0.669665397318181	0.212450186666999
0.153526628680235	0.0288819285189665
-2.58120409692147	0.664991486920107
0.153247518839476	0.0288421886814327
0.672620264139241	0.213408873137932
-3.08255415585823	0.963691003677911
-1.79835097978106	0.382953978270685
-1.79827400712943	0.382942964938875
-1.0198546198872	0.40400953786834
-2.58524212677275	0.666574749875287
-1.79827400712943	0.382942964938875
0.153247518839476	0.0288421886814327
1.95706969381346	0.441073865263096
-0.628807341949763	0.15371861128279
-1.79827400712943	0.382942964938875
0.152567656731362	0.0287430408348264
0.153247518839476	0.0288421886814327
0.152289864541204	0.0287035071443224
-2.57747759965585	0.66335545132302
-1.13971461971555	0.345009438584009
-1.14009620739235	0.345227889980206
0.15626975600377	0.0292821097759299
-2.57747759965585	0.66335545132302
-1.79835097978106	0.382953978270685
2.7554263517449	0.769222911089782
-0.628347365301396	0.153568930486371
-1.79827400712943	0.382942964938875
0.94807088907188	0.251931335472786
0.167299398578488	0.0420768316112512
-0.342569521377039	0.0986187132378211
-0.624566751454544	0.152757086863399
-0.625500335572602	0.152962089117453
0.94807088907188	0.251931335472786
0.152289864541204	0.0287035071443224
-2.58120409692147	0.664991486920107
-1.79827400712943	0.382942964938875
-1.80197754639448	0.383903353697165
-0.629267545839357	0.153771215183604
1.45316902836548	0.481724936898338
-1.79827400712943	0.382942964938875
-0.212197548377479	0.0685757458902574
-0.342569521377039	0.0986187132378211
2.75349844687128	0.768381126605175
-1.79827400712943	0.382942964938875
0.148503149870495	0.0281892610504199
-0.627367542213354	0.153354696036073
-1.80197754639448	0.383903353697165
0.15626975600377	0.0292821097759299
-1.80197754639448	0.383903353697165
-1.13521969998424	0.343544374381215
2.75446121880292	0.769079402442662
-0.336015560170029	0.096773828663037
0.153247518839476	0.0288421886814327
-0.627367542213354	0.153354696036073
0.166084152255821	0.0418055330790301
-0.629267545839357	0.153771215183604
0.948535538575274	0.252058145640786
-1.79835097978106	0.382953978270685
0.152567656731362	0.0287430408348264
-0.627367542213354	0.153354696036073
-3.08164138813046	0.963767470359232
-1.79835097978106	0.382953978270685
0.952312839774606	0.25302018984475
3.26352329858721	1.1213740078214
2.75819631171964	0.770700477263471
1.95706969381346	0.441073865263096
1.95706969381346	0.441073865263096
1.95706969381346	0.441073865263096
2.75446121880292	0.769079402442662
-1.79827400712943	0.382942964938875
1.95706969381346	0.441073865263096
1.96040941896093	0.441936123238363
0.148503149870495	0.0281892610504199
0.172917512903534	0.0432756679491339
-1.79827400712943	0.382942964938875
-1.79835097978106	0.382953978270685
-1.79835097978106	0.382953978270685
-2.577202278156	0.663064687208724
-1.80197754639448	0.383903353697165
0.152289864541204	0.0287035071443224
-1.80197754639448	0.383903353697165
0.153247518839476	0.0288421886814327
-2.57775304544287	0.66318910114962
-1.79827400712943	0.382942964938875
-1.82070618223503	0.742556934543085
0.152567656731362	0.0287430408348264
1.95791760701363	0.441280139896969
2.75722496636877	0.770257049482932
0.152289864541204	0.0287035071443224
1.95706969381346	0.441073865263096
1.95706969381346	0.441073865263096
0.943931183072951	0.250903413595175
0.165704597093625	0.0417255219351786
-0.628807341949763	0.15371861128279
-1.79827400712943	0.382942964938875
1.95706969381346	0.441073865263096
-2.57747759965585	0.66335545132302
-0.628807341949763	0.15371861128279
-0.725462519324565	0.249202983263282
0.158074474787349	0.0472574922808909
0.153247518839476	0.0288421886814327
-2.57747759965585	0.66335545132302
-0.342904767182509	0.0986489157334515
0.153526628680235	0.0288819285189665
1.95706969381346	0.441073865263096
-1.79827400712943	0.382942964938875
0.153526628680235	0.0288819285189665
0.153526628680235	0.0288819285189665
-2.5814875372856	0.665060440379843
0.166084152255821	0.0418055330790301
0.167299398578488	0.0420768316112512
-1.13190405565215	0.342469779892572
0.946727864932674	0.251600896374185
0.952312839774606	0.25302018984475
0.166691919569473	0.0419536988970269
-0.628807341949763	0.15371861128279
-0.628347365301396	0.153568930486371
0.155986207086685	0.0292416787556187
0.152567656731362	0.0287430408348264
1.95791760701363	0.441280139896969
1.95791760701363	0.441280139896969
0.160803134128977	0.0406203249121647
0.152289864541204	0.0287035071443224
0.166084152255821	0.0418055330790301
0.165097545701885	0.0415776969264477
-0.211147146065051	0.0682441817050335
-0.629267545839357	0.153771215183604
-1.79827400712943	0.382942964938875
0.15626975600377	0.0292821097759299
-3.08209765998152	0.963916510480773
0.155986207086685	0.0292416787556187
0.152567656731362	0.0287430408348264
0.152289864541204	0.0287035071443224
-1.80197754639448	0.383903353697165
0.149464413960118	0.0283283450696208
-0.6282908079904	0.153557595992093
-1.80197754639448	0.383903353697165
1.96040941896093	0.441936123238363
-0.627367542213354	0.153354696036073
0.153247518839476	0.0288421886814327
-3.46005827230016	1.23260132520798
0.947560352748164	0.251716891447637
-1.81597855999324	0.740149609155373
-0.628807341949763	0.15371861128279
-1.13521969998424	0.343544374381215
2.75819631171964	0.770700477263471
0.163675748818542	0.0488217197760315
-0.625500335572602	0.152962089117453
2.75722496636877	0.770257049482932
1.95791760701363	0.441280139896969
0.153247518839476	0.0288421886814327
-0.6282908079904	0.153557595992093
-0.628347365301396	0.153568930486371
-1.79827400712943	0.382942964938875
-1.13422470394875	0.343215945535417
-1.79835097978106	0.382953978270685
0.152567656731362	0.0287430408348264
-1.79835097978106	0.382953978270685
-1.80197754639448	0.383903353697165
0.950862031539505	0.252628333014658
-1.79835097978106	0.382953978270685
-2.5814875372856	0.665060440379843
1.95706969381346	0.441073865263096
-1.79835097978106	0.382953978270685
1.95791760701363	0.441280139896969
1.95791760701363	0.441280139896969
1.45514143110378	0.482646568994266
0.943931183072951	0.250903413595175
-2.577202278156	0.663064687208724
-0.632432130022522	0.154575713959717
3.26252567397545	1.12093560535381
1.95791760701363	0.441280139896969
1.95706969381346	0.441073865263096
0.165704597093625	0.0417255219351786
0.153526628680235	0.0288819285189665
-1.79835097978106	0.382953978270685
-1.14009620739235	0.345227889980206
2.75446121880292	0.769079402442662
-0.6282908079904	0.153557595992093
-1.79827400712943	0.382942964938875
0.153247518839476	0.0288421886814327
1.95706969381346	0.441073865263096
1.95706969381346	0.441073865263096
-0.624566751454544	0.152757086863399
1.95706969381346	0.441073865263096
0.153526628680235	0.0288819285189665
-1.79827400712943	0.382942964938875
-1.80197754639448	0.383903353697165
0.951331866170054	0.252756684317784
1.95791760701363	0.441280139896969
1.95706969381346	0.441073865263096
0.948535538575274	0.252058145640786
1.95791760701363	0.441280139896969
0.152567656731362	0.0287430408348264
1.95791760701363	0.441280139896969
-1.79835097978106	0.382953978270685
1.95791760701363	0.441280139896969
0.152289864541204	0.0287035071443224
2.7554263517449	0.769222911089782
-1.79827400712943	0.382942964938875
1.95791760701363	0.441280139896969
0.152567656731362	0.0287430408348264
1.95706969381346	0.441073865263096
1.95706969381346	0.441073865263096
1.95706969381346	0.441073865263096
1.95791760701363	0.441280139896969
1.95706969381346	0.441073865263096
1.95706969381346	0.441073865263096
1.95791760701363	0.441280139896969
1.95791760701363	0.441280139896969
1.95791760701363	0.441280139896969
-1.79827400712943	0.382942964938875
0.148503149870495	0.0281892610504199
1.95706969381346	0.441073865263096
1.95706969381346	0.441073865263096
1.95706969381346	0.441073865263096
1.95706969381346	0.441073865263096
1.95706969381346	0.441073865263096
1.95791760701363	0.441280139896969
1.95706969381346	0.441073865263096
1.95706969381346	0.441073865263096
1.95791760701363	0.441280139896969
1.95706969381346	0.441073865263096
1.96040941896093	0.441936123238363
-1.79835097978106	0.382953978270685
-1.79827400712943	0.382942964938875
0.152567656731362	0.0287430408348264
1.95791760701363	0.441280139896969
-1.79827400712943	0.382942964938875
-1.79827400712943	0.382942964938875
1.95791760701363	0.441280139896969
1.95706969381346	0.441073865263096
1.95706969381346	0.441073865263096
-1.79827400712943	0.382942964938875
1.95791760701363	0.441280139896969
1.95791760701363	0.441280139896969
-1.80197754639448	0.383903353697165
-0.34191607535368	0.0984089732924219
0.174143694992135	0.0435501286964698
0.948535538575274	0.252058145640786
-0.343223291761604	0.0987971723984263
1.95706969381346	0.441073865263096
0.952312839774606	0.25302018984475
0.66999328440441	0.21269616854207
-0.624566751454544	0.152757086863399
0.160803134128977	0.0406203249121647
-0.628807341949763	0.15371861128279
0.152289864541204	0.0287035071443224
1.96040941896093	0.441936123238363
2.75722496636877	0.770257049482932
1.96040941896093	0.441936123238363
1.95706969381346	0.441073865263096
-1.79827400712943	0.382942964938875
-1.79835097978106	0.382953978270685
-0.343557529393447	0.098858556674811
1.95791760701363	0.441280139896969
0.167679655711552	0.042156489933972
0.152289864541204	0.0287035071443224
2.75349844687128	0.768381126605175
1.8261162244369	0.715575956681055
-0.341581022610314	0.0983147602836231
0.152567656731362	0.0287430408348264
1.8261162244369	0.715575956681055
0.152567656731362	0.0287430408348264
0.947097253557627	0.251590606337117
1.95791760701363	0.441280139896969
1.82316587137561	0.714400972353312
-0.629159511493121	0.153871316504896
-0.627829060935039	0.153504607197422
0.165097545701885	0.0415776969264477
0.152567656731362	0.0287430408348264
-2.57747759965585	0.66335545132302
-0.628807341949763	0.15371861128279
0.161787544386438	0.0408470066516523
2.75446121880292	0.769079402442662
0.948535538575274	0.252058145640786
0.94807088907188	0.251931335472786
-2.57775304544287	0.66318910114962
1.95706969381346	0.441073865263096
-0.632432130022522	0.154575713959717
0.152567656731362	0.0287430408348264
0.167299398578488	0.0420768316112512
0.15626975600377	0.0292821097759299
1.95791760701363	0.441280139896969
1.95791760701363	0.441280139896969
1.95706969381346	0.441073865263096
1.95791760701363	0.441280139896969
0.153247518839476	0.0288421886814327
2.75819631171964	0.770700477263471
-1.79827400712943	0.382942964938875
-1.79827400712943	0.382942964938875
1.95706969381346	0.441073865263096
0.153247518839476	0.0288421886814327
0.152567656731362	0.0287430408348264
-0.629267545839357	0.153771215183604
0.951331866170054	0.252756684317784
-1.79827400712943	0.382942964938875
1.95706969381346	0.441073865263096
-0.628347365301396	0.153568930486371
-0.386961690828915	0.16102677941318
1.0454798173394	0.397182748534993
0.451038007299901	0.181503296233176
0.825425367366759	0.347866059057456
0.157328017678796	0.068270214475041
0.160803134128977	0.0406203249121647
0.157034388740604	0.0533466278590803
0.66999328440441	0.21269616854207
1.4596710675352	0.484293847194448
-0.214063950112808	0.069118756813684
0.163413249256128	0.0487677019311828
-0.21049146922482	0.0680355104001863
-0.778963871679313	0.423634176546725
0.153807926197237	0.0590287956660926
0.951331866170054	0.252756684317784
0.669336367317634	0.21240221601861
0.152289864541204	0.0287035071443224
0.161809663243855	0.0483223326687324
2.75446121880292	0.769079402442662
0.152567656731362	0.0287430408348264
1.96040941896093	0.441936123238363
0.158074474787349	0.0472574922808909
0.153247518839476	0.0288421886814327
-1.79827400712943	0.382942964938875
0.153247518839476	0.0288421886814327
-0.628807341949763	0.15371861128279
0.153247518839476	0.0288421886814327
0.949511917528176	0.252227362219882
0.149464413960118	0.0283283450696208
-0.224502239746456	0.0724314379048856
-0.628347365301396	0.153568930486371
0.152567656731362	0.0287430408348264
3.26252567397545	1.12093560535381
0.15626975600377	0.0292821097759299
0.665076092013553	0.211028905087732
0.152567656731362	0.0287430408348264
0.165097545701885	0.0415776969264477
3.6409027894866	1.43427384419709
-0.627829060935039	0.153504607197422
1.33278572894675	0.584055913334951
0.462204122226741	0.186330222467758
0.152289864541204	0.0287035071443224
-0.725462519324565	0.249202983263282
0.152567656731362	0.0287430408348264
2.75446121880292	0.769079402442662
0.162400863971746	0.0409830958055786
-0.343223291761604	0.0987971723984263
-0.629267545839357	0.153771215183604
0.16207239788399	0.0483767472480761
-1.13422470394875	0.343215945535417
0.170597157616308	0.0428000407476464
1.95791760701363	0.441280139896969
0.155442497593271	0.0528071951153374
1.04051558933761	0.395002404087772
0.15626975600377	0.0292821097759299
1.95791760701363	0.441280139896969
-1.79827400712943	0.382942964938875
1.95791760701363	0.441280139896969
0.162742974316792	0.0485792905021731
0.532908190209257	0.191706726261354
-1.13521969998424	0.343544374381215
3.26640660082579	1.12286745021344
1.95706969381346	0.441073865263096
0.948535538575274	0.252058145640786
2.75446121880292	0.769079402442662
0.152289864541204	0.0287035071443224
-0.628807341949763	0.15371861128279
0.152289864541204	0.0287035071443224
-2.57747759965585	0.66335545132302
-0.627367542213354	0.153354696036073
0.169986302676761	0.0426507049603473
1.95791760701363	0.441280139896969
0.671634827760764	0.213161681695785
-1.79827400712943	0.382942964938875
-3.08255415585823	0.963691003677911
-1.14009620739235	0.345227889980206
0.947560352748164	0.251716891447637
0.666721180805514	0.21156384557497
2.75722496636877	0.770257049482932
-1.81500400399229	0.739710597985082
0.166786027725508	0.0496866477008084
1.45806698971783	0.483796340944708
3.26452213570095	1.12136276907474
-0.72013323546054	0.247288973526613
0.153526628680235	0.0288819285189665
-0.632939126134277	0.15468454480873
0.152207512413174	0.0287281007494042
-1.79827400712943	0.382942964938875
0.153526628680235	0.0288819285189665
-1.79835097978106	0.382953978270685
0.153526628680235	0.0288819285189665
2.75349844687128	0.768381126605175
1.95791760701363	0.441280139896969
-1.79827400712943	0.382942964938875
-1.79835097978106	0.382953978270685
-1.79835097978106	0.382953978270685
2.75446121880292	0.769079402442662
-1.79835097978106	0.382953978270685
-3.08209765998152	0.963916510480773
0.152567656731362	0.0287430408348264
0.152567656731362	0.0287430408348264
0.951841444348566	0.252891357699991
-1.79827400712943	0.382942964938875
0.670977551868057	0.213013404742869
1.95706969381346	0.441073865263096
0.153247518839476	0.0288421886814327
-0.974027707007284	0.481188924144763
-1.52345223679324	0.544002420480053
0.153526628680235	0.0288819285189665
0.161410373272502	0.0481834890034794
-0.629267545839357	0.153771215183604
0.166691919569473	0.0419536988970269
1.45377869768284	0.481973964249078
-0.719465582528739	0.247026553935257
0.152289864541204	0.0287035071443224
0.163149905636875	0.0486839149701593
-0.342235478378113	0.0984932623692754
-0.210258805537791	0.0679543406762681
0.168287851014599	0.0422797449011708
-2.06466636020324	0.940256308265765
0.169606362252511	0.0425824743634164
-1.81472218726632	0.739418880999967
1.95791760701363	0.441280139896969
-1.13582369620544	0.343734699942405
-2.228551581361	1.86436922745598
0.166691919569473	0.0419536988970269
0.153247518839476	0.0288421886814327
0.948535538575274	0.252058145640786
-1.80197754639448	0.383903353697165
0.166691919569473	0.0419536988970269
-0.629267545839357	0.153771215183604
0.165704597093625	0.0417255219351786
2.7554263517449	0.769222911089782
-0.62503342749082	0.152907838403333
0.167679655711552	0.042156489933972
0.166084152255821	0.0418055330790301
0.946727864932674	0.251600896374185
-3.08118534013847	0.963229045953577
0.949511917528176	0.252227362219882
1.96040941896093	0.441936123238363
1.95791760701363	0.441280139896969
0.942957371619669	0.25056334066046
0.163386406136861	0.0411852790230607
-2.27757421421721	1.15023191568929
0.163413249256128	0.0487677019311828
0.947560352748164	0.251716891447637
1.45476541507032	0.482531337515686
0.669009496945769	0.212302346826553
1.03943846932991	0.394396680491901
-1.5126542472202	0.539316353407404
0.170597157616308	0.0428000407476464
0.152289864541204	0.0287035071443224
1.45905685415805	0.484042330916112
0.162400863971746	0.0409830958055786
2.7554263517449	0.769222911089782
-1.13362027945245	0.342902172857624
-0.343557529393447	0.098858556674811
0.152567656731362	0.0287430408348264
1.45477753319069	0.482433279925562
-3.08652986879455	0.965774290031657
-1.79827400712943	0.382942964938875
1.28366242340007	0.709810401634398
0.163386406136861	0.0411852790230607
0.949511917528176	0.252227362219882
3.26252567397545	1.12093560535381
-3.76070790407613	1.49051469992087
1.45674006944678	0.483086167228603
-1.79835097978106	0.382953978270685
1.81990502683314	0.712799968178863
0.167299398578488	0.0420768316112512
-0.625500335572602	0.152962089117453
0.152567656731362	0.0287430408348264
-3.75466048479637	1.48723142869904
0.674079709901257	0.214036050556618
-0.627829060935039	0.153504607197422
0.163413249256128	0.0487677019311828
0.152289864541204	0.0287035071443224
-1.79835097978106	0.382953978270685
-1.51429942551804	0.540079204882619
0.665076092013553	0.211028905087732
0.947560352748164	0.251716891447637
-3.08606373064433	0.965887782759055
-0.632432130022522	0.154575713959717
0.152567656731362	0.0287430408348264
-1.79827400712943	0.382942964938875
0.15672984402438	0.0468820705997684
-0.343223291761604	0.0987971723984263
2.75349844687128	0.768381126605175
0.166311360817904	0.0418484681801843
0.669009496945769	0.212302346826553
-3.08652986879455	0.965774290031657
-2.5814875372856	0.665060440379843
-0.627829060935039	0.153504607197422
-0.628807341949763	0.15371861128279
0.165097545701885	0.0415776969264477
-2.57747759965585	0.66335545132302
0.167679655711552	0.042156489933972
2.75349844687128	0.768381126605175
-1.81803758289888	0.741154469207919
1.95791760701363	0.441280139896969
3.9335777281584	1.7278790696178
0.94807088907188	0.251931335472786
0.947560352748164	0.251716891447637
1.95791760701363	0.441280139896969
1.45612824040965	0.482835979244752
0.152567656731362	0.0287430408348264
-2.57775304544287	0.66318910114962
-2.57775304544287	0.66318910114962
-1.79827400712943	0.382942964938875
0.153247518839476	0.0288421886814327
0.153247518839476	0.0288421886814327
-0.520581729618906	0.197148689128052
-1.13642797594247	0.343807560451606
-0.624566751454544	0.152757086863399
-1.13521969998424	0.343544374381215
-1.13582369620544	0.343734699942405
-1.27479878011019	0.574686410185082
0.153526628680235	0.0288819285189665
0.148503149870495	0.0281892610504199
0.671304003309683	0.212965720540022
-0.764679257511663	0.332374029322147
-1.01896064431893	0.403433301964411
0.533792789739045	0.192056407531968
-0.628807341949763	0.15371861128279
-3.08164138813046	0.963767470359232
0.160489139338675	0.0479185611557889
0.672620264139241	0.213408873137932
-0.342569521377039	0.0986187132378211
1.45316902836548	0.481724936898338
-0.628807341949763	0.15371861128279
-1.51560015914977	0.540391239685252
-0.632432130022522	0.154575713959717
0.536938645245252	0.193260647952111
1.57460112976731	0.783658047820779
1.82579336426267	0.71571883696401
-0.386404316735073	0.160785514924726
1.95791760701363	0.441280139896969
0.152567656731362	0.0287430408348264
0.947097253557627	0.251590606337117
1.95791760701363	0.441280139896969
1.95791760701363	0.441280139896969
-0.627829060935039	0.153504607197422
1.45415502686182	0.482281800899209
-0.340124379015428	0.0979309335927298
0.149464413960118	0.0283283450696208
0.666057985126717	0.211344647530167
1.45806698971783	0.483796340944708
-0.720801185410545	0.247515042606667
-0.627829060935039	0.153504607197422
0.152289864541204	0.0287035071443224
0.149464413960118	0.0283283450696208
1.04950057901387	0.398703247375928
0.948535538575274	0.252058145640786
0.153526628680235	0.0288819285189665
-2.57747759965585	0.66335545132302
0.148503149870495	0.0281892610504199
0.168996227736906	0.0424334312831713
-0.343716239253643	0.0989197038205485
-3.4565848348623	1.23040818352441
0.166264119494978	0.049533131724672
0.948535538575274	0.252058145640786
0.947097253557627	0.251590606337117
0.153526628680235	0.0288819285189665
0.947097253557627	0.251590606337117
-2.57747759965585	0.66335545132302
0.948535538575274	0.252058145640786
-0.627367542213354	0.153354696036073
0.94904571537762	0.252100131683616
0.165704597093625	0.0417255219351786
1.95706969381346	0.441073865263096
0.160875819484411	0.0480497781693361
2.75446121880292	0.769079402442662
1.95791760701363	0.441280139896969
0.153526628680235	0.0288819285189665
0.152289864541204	0.0287035071443224
0.153247518839476	0.0288421886814327
2.75819631171964	0.770700477263471
-2.57747759965585	0.66335545132302
-0.628807341949763	0.15371861128279
0.152289864541204	0.0287035071443224
-0.628807341949763	0.15371861128279
-1.13422470394875	0.343215945535417
-1.79827400712943	0.382942964938875
-1.51330481624892	0.539630991333106
1.95706969381346	0.441073865263096
-3.08255415585823	0.963691003677911
1.95706969381346	0.441073865263096
-0.62503342749082	0.152907838403333
-1.14500748998934	0.34676210015847
0.155986207086685	0.0292416787556187
2.75349844687128	0.768381126605175
1.46261822785671	0.485296318127314
2.7554263517449	0.769222911089782
0.153247518839476	0.0288421886814327
0.948535538575274	0.252058145640786
-3.08209765998152	0.963916510480773
-1.13543440488342	0.343479590196383
-2.57775304544287	0.66318910114962
1.95706969381346	0.441073865263096
0.152567656731362	0.0287430408348264
-2.57747759965585	0.66335545132302
1.45806698971783	0.483796340944708
-2.57747759965585	0.66335545132302
-1.79835097978106	0.382953978270685
-1.79827400712943	0.382942964938875
0.949511917528176	0.252227362219882
-2.577202278156	0.663064687208724
-1.79835097978106	0.382953978270685
1.95791760701363	0.441280139896969
2.75819631171964	0.770700477263471
-1.79835097978106	0.382953978270685
0.153247518839476	0.0288421886814327
2.75722496636877	0.770257049482932
0.153247518839476	0.0288421886814327
-0.722774497263927	0.248158081194853
-1.48262891806896	0.749194787387466
0.532908190209257	0.191706726261354
0.948535538575274	0.252058145640786
0.532022890862633	0.191307575847994
0.825425367366759	0.347866059057456
0.531842803938449	0.191317098366628
0.151706424698603	0.0582782084805056
-1.79835097978106	0.382953978270685
-1.13129699285405	0.342278739405472
-0.522044003808066	0.197655299296464
-0.339790488243606	0.0978106518099645
-3.08606373064433	0.965887782759055
1.043976632643	0.396216625660344
-1.51429942551804	0.540079204882619
1.0452306767165	0.396944800699935
0.153247518839476	0.0288421886814327
0.454191867944834	0.182968950364669
-1.80197754639448	0.383903353697165
1.95791760701363	0.441280139896969
1.45905685415805	0.484042330916112
1.95791760701363	0.441280139896969
-0.637572077543607	0.155739174733076
1.95706969381346	0.441073865263096
-1.79835097978106	0.382953978270685
-1.79827400712943	0.382942964938875
0.166691919569473	0.0419536988970269
2.75446121880292	0.769079402442662
0.943931183072951	0.250903413595175
-3.45538437102149	1.2298802093729
0.169986302676761	0.0426507049603473
0.153526628680235	0.0288819285189665
1.82186907363409	0.713432808989279
2.7554263517449	0.769222911089782
1.96040941896093	0.441936123238363
0.152567656731362	0.0287430408348264
-0.524221021940353	0.198635348498468
2.75446121880292	0.769079402442662
0.950862031539505	0.252628333014658
1.45575253921811	0.48289648887464
3.93659412540277	1.72925418882956
0.166311360817904	0.0418484681801843
-0.6282908079904	0.153557595992093
0.165704597093625	0.0417255219351786
1.95706969381346	0.441073865263096
0.153247518839476	0.0288421886814327
-0.628807341949763	0.15371861128279
0.951841444348566	0.252891357699991
-0.339133418750055	0.0976611246838527
0.670319945898335	0.212719010726886
0.94904571537762	0.252100131683616
0.948535538575274	0.252058145640786
0.162742974316792	0.0485792905021731
0.153247518839476	0.0288421886814327
-1.14439212025525	0.346557657739731
-2.577202278156	0.663064687208724
0.165704597093625	0.0417255219351786
0.94807088907188	0.251931335472786
-1.13642797594247	0.343807560451606
1.95791760701363	0.441280139896969
0.152567656731362	0.0287430408348264
0.152567656731362	0.0287430408348264
-1.79827400712943	0.382942964938875
-3.08559782341753	0.965445184573826
-3.08118534013847	0.963229045953577
0.153526628680235	0.0288819285189665
0.167299398578488	0.0420768316112512
-0.627829060935039	0.153504607197422
0.16707117146508	0.0420080923591852
1.96040941896093	0.441936123238363
-1.79827400712943	0.382942964938875
0.949511917528176	0.252227362219882
0.153526628680235	0.0288819285189665
-1.79835097978106	0.382953978270685
0.152289864541204	0.0287035071443224
-1.79827400712943	0.382942964938875
0.166311360817904	0.0418484681801843
0.153526628680235	0.0288819285189665
0.954654689620505	0.253537900292226
0.148503149870495	0.0281892610504199
-0.340124379015428	0.0979309335927298
-0.343388592876165	0.0988541310686696
0.152567656731362	0.0287430408348264
1.95791760701363	0.441280139896969
1.95791760701363	0.441280139896969
2.7554263517449	0.769222911089782
0.153526628680235	0.0288819285189665
-1.27646921538747	0.575215791257776
-1.13422470394875	0.343215945535417
1.04051558933761	0.395002404087772
-1.79827400712943	0.382942964938875
0.152289864541204	0.0287035071443224
0.153247518839476	0.0288421886814327
-1.79827400712943	0.382942964938875
-1.79835097978106	0.382953978270685
0.153526628680235	0.0288819285189665
1.95791760701363	0.441280139896969
0.949511917528176	0.252227362219882
-0.627367542213354	0.153354696036073
0.153526628680235	0.0288819285189665
0.152567656731362	0.0287430408348264
-0.21049146922482	0.0680355104001863
-3.08118534013847	0.963229045953577
0.163413249256128	0.0487677019311828
0.160489139338675	0.0479185611557889
-1.02600721974024	0.406723598932339
0.528917151536211	0.190136023052471
0.695292469624545	0.326245317467072
-0.211380351297293	0.0682941197149795
0.674079709901257	0.214036050556618
-0.720801185410545	0.247515042606667
-0.344051246728784	0.0990141017009014
1.04077275699432	0.394975733217645
-3.08164138813046	0.963767470359232
-0.215184417856504	0.0694920488130609
-1.79835097978106	0.382953978270685
1.95706969381346	0.441073865263096
0.155986207086685	0.0292416787556187
-0.342904767182509	0.0986489157334515
0.537164857593467	0.193341885349058
0.450215205359741	0.181119832882834
0.665864834307101	0.211145387480107
2.11915621681513	0.950718927010271
-1.13422470394875	0.343215945535417
-0.629267545839357	0.153771215183604
-1.79827400712943	0.382942964938875
-2.577202278156	0.663064687208724
-1.79835097978106	0.382953978270685
-1.79827400712943	0.382942964938875
1.45769029797448	0.483533280097753
1.45905685415805	0.484042330916112
-0.62503342749082	0.152907838403333
2.7554263517449	0.769222911089782
0.948535538575274	0.252058145640786
0.153526628680235	0.0288819285189665
0.152289864541204	0.0287035071443224
0.162742974316792	0.0485792905021731
-0.627829060935039	0.153504607197422
0.161787544386438	0.0408470066516523
0.951331866170054	0.252756684317784
0.152567656731362	0.0287430408348264
0.167299398578488	0.0420768316112512
0.671634827760764	0.213161681695785
1.95706969381346	0.441073865263096
0.670319945898335	0.212719010726886
0.165594211957363	0.0493598676029419
1.34085556860038	0.588476795145047
0.153247518839476	0.0288421886814327
0.167679655711552	0.042156489933972
0.166084152255821	0.0418055330790301
-0.627367542213354	0.153354696036073
-0.627829060935039	0.153504607197422
0.153247518839476	0.0288421886814327
0.165097545701885	0.0415776969264477
0.158074474787349	0.0472574922808909
0.94807088907188	0.251931335472786
0.155986207086685	0.0292416787556187
3.93239771555821	1.72663889812751
0.152567656731362	0.0287430408348264
-4.21430830365081	1.97868105980749
-1.79835097978106	0.382953978270685
-3.08209765998152	0.963916510480773
1.95791760701363	0.441280139896969
3.27031605756575	1.12407130242984
-1.81433874778204	0.739366153614294
1.95791760701363	0.441280139896969
0.153247518839476	0.0288421886814327
-0.33946832567862	0.0977521416130555
-1.79827400712943	0.382942964938875
-0.6282908079904	0.153557595992093
0.152567656731362	0.0287430408348264
-0.62503342749082	0.152907838403333
0.950862031539505	0.252628333014658
0.16707117146508	0.0420080923591852
-1.79835097978106	0.382953978270685
-2.577202278156	0.663064687208724
0.153526628680235	0.0288819285189665
-0.343557529393447	0.098858556674811
1.4596710675352	0.484293847194448
1.95706969381346	0.441073865263096
0.947560352748164	0.251716891447637
-0.628807341949763	0.15371861128279
-1.13910410688242	0.344899734416028
-1.79827400712943	0.382942964938875
0.167679655711552	0.042156489933972
0.165097545701885	0.0415776969264477
0.152567656731362	0.0287430408348264
0.166691919569473	0.0419536988970269
-0.627367542213354	0.153354696036073
1.95791760701363	0.441280139896969
2.11940203351053	0.950450976138746
2.75446121880292	0.769079402442662
0.952312839774606	0.25302018984475
-1.79827400712943	0.382942964938875
2.75446121880292	0.769079402442662
-1.79827400712943	0.382942964938875
0.153247518839476	0.0288421886814327
0.152207512413174	0.0287281007494042
-2.57747759965585	0.66335545132302
-1.79827400712943	0.382942964938875
1.95706969381346	0.441073865263096
0.153526628680235	0.0288819285189665
0.152567656731362	0.0287430408348264
0.152567656731362	0.0287430408348264
-1.79827400712943	0.382942964938875
0.153526628680235	0.0288819285189665
0.148503149870495	0.0281892610504199
-1.79827400712943	0.382942964938875
2.75446121880292	0.769079402442662
0.53650666226299	0.193022853279719
0.149464413960118	0.0283283450696208
-3.08118534013847	0.963229045953577
-0.515260306744374	0.194916268075376
0.163002310393759	0.0486040390650962
0.162742974316792	0.0485792905021731
0.166691919569473	0.0419536988970269
0.153247518839476	0.0288421886814327
0.165016003775978	0.0491834127411745
-1.02624181092562	0.407113610404842
-0.628347365301396	0.153568930486371
1.82792138819967	0.716884894355695
0.167679655711552	0.042156489933972
2.75819631171964	0.770700477263471
0.148503149870495	0.0281892610504199
0.149464413960118	0.0283283450696208
1.45514143110378	0.482646568994266
1.82627260695742	0.715797133923797
-1.79835097978106	0.382953978270685
-0.393701773942777	0.164088841030077
-1.13129699285405	0.342278739405472
1.04480696921869	0.396726217486042
-0.20579059880132	0.0665351638026239
-1.27396186256476	0.573975597113704
-1.51429942551804	0.540079204882619
-1.02026869500549	0.40408181312214
-0.628347365301396	0.153568930486371
0.149464413960118	0.0283283450696208
-2.57775304544287	0.66318910114962
-1.13910410688242	0.344899734416028
-2.06905985477759	0.943332987473435
0.528697101266383	0.190116209542368
0.152289864541204	0.0287035071443224
0.948535538575274	0.252058145640786
-0.347480099168433	0.0999933239977275
0.166115371422727	0.0494833604091499
0.66999328440441	0.21269616854207
0.153526628680235	0.0288819285189665
1.95791760701363	0.441280139896969
1.95791760701363	0.441280139896969
0.15626975600377	0.0292821097759299
-0.629267545839357	0.153771215183604
-3.08164138813046	0.963767470359232
0.161139089918031	0.0481199615651925
-0.628347365301396	0.153568930486371
0.153526628680235	0.0288819285189665
0.532908190209257	0.191706726261354
0.532475077834663	0.191482542601689
0.152289864541204	0.0287035071443224
0.951841444348566	0.252891357699991
1.45415502686182	0.482281800899209
-3.08559782341753	0.965445184573826
-1.13642797594247	0.343807560451606
-0.6282908079904	0.153557595992093
1.45514143110378	0.482646568994266
3.26252567397545	1.12093560535381
2.75446121880292	0.769079402442662
0.152289864541204	0.0287035071443224
-1.51494963266618	0.540305848955056
2.3603319375185	1.18386066251181
-2.57747759965585	0.66335545132302
0.152567656731362	0.0287430408348264
0.166691919569473	0.0419536988970269
-1.79835097978106	0.382953978270685
0.947097253557627	0.251590606337117
-1.79827400712943	0.382942964938875
0.155986207086685	0.0292416787556187
-0.343223291761604	0.0987971723984263
0.152289864541204	0.0287035071443224
0.170597157616308	0.0428000407476464
-1.13482941234436	0.34340642829894
-0.628807341949763	0.15371861128279
1.95791760701363	0.441280139896969
-1.79827400712943	0.382942964938875
-0.629267545839357	0.153771215183604
1.95706969381346	0.441073865263096
3.26352329858721	1.1213740078214
-1.13543440488342	0.343479590196383
-1.79835097978106	0.382953978270685
0.67473928175237	0.214185038642858
0.153247518839476	0.0288421886814327
-0.627829060935039	0.153504607197422
1.95706969381346	0.441073865263096
0.15626975600377	0.0292821097759299
-1.13422470394875	0.343215945535417
-0.347480099168433	0.0999933239977275
1.95706969381346	0.441073865263096
-0.343877386805142	0.0989458655028747
-1.79827400712943	0.382942964938875
1.95791760701363	0.441280139896969
2.75722496636877	0.770257049482932
-0.627829060935039	0.153504607197422
-1.79835097978106	0.382953978270685
-1.79827400712943	0.382942964938875
0.153526628680235	0.0288819285189665
1.95791760701363	0.441280139896969
1.95706969381346	0.441073865263096
-1.79835097978106	0.382953978270685
0.948535538575274	0.252058145640786
1.95706969381346	0.441073865263096
-1.79827400712943	0.382942964938875
1.95706969381346	0.441073865263096
0.154673387654331	0.0670697432488494
-0.215184417856504	0.0694920488130609
-0.343223291761604	0.0987971723984263
-0.627829060935039	0.153504607197422
0.534901488100999	0.192397626217448
0.162479935061762	0.0485106492306684
-1.13482941234436	0.34340642829894
1.04144562491045	0.395430985542635
0.947707476517323	0.251863651931386
-1.51885466658535	0.541921809220855
0.668353267812949	0.212009001891351
-1.02181759550244	0.404915960039854
2.75446121880292	0.769079402442662
0.531842803938449	0.191317098366628
-3.45538437102149	1.2298802093729
0.152567656731362	0.0287430408348264
-0.342235478378113	0.0984932623692754
-2.58120409692147	0.664991486920107
0.452681225708702	0.182211150212603
0.67196229909328	0.213260403734251
-0.343877386805142	0.0989458655028747
0.149464413960118	0.0283283450696208
0.166786027725508	0.0496866477008084
-3.76832145708393	1.4947928920331
-1.13190405565215	0.342469779892572
0.150447848737376	0.0511729703307111
-0.220273125496108	0.0711077393958585
0.171207721440545	0.0429238305772998
0.166311360817904	0.0418484681801843
3.64394936195785	1.43543119455299
0.152289864541204	0.0287035071443224
-0.633409029549556	0.154789771896201
-1.79835097978106	0.382953978270685
0.162400863971746	0.0409830958055786
0.947097253557627	0.251590606337117
0.152567656731362	0.0287430408348264
0.950862031539505	0.252628333014658
-1.79835097978106	0.382953978270685
0.952312839774606	0.25302018984475
0.167679655711552	0.042156489933972
1.95706969381346	0.441073865263096
0.951331866170054	0.252756684317784
0.153526628680235	0.0288819285189665
1.95791760701363	0.441280139896969
-1.79835097978106	0.382953978270685
1.82792138819967	0.716884894355695
1.82316587137561	0.714400972353312
1.95706969381346	0.441073865263096
0.152567656731362	0.0287430408348264
3.9367779272391	1.72886284296048
-0.627829060935039	0.153504607197422
-0.215184417856504	0.0694920488130609
1.33388779929172	0.584486704122506
0.149464413960118	0.0283283450696208
1.95706969381346	0.441073865263096
0.152289864541204	0.0287035071443224
-1.79827400712943	0.382942964938875
-3.08606373064433	0.965887782759055
3.26452213570095	1.12136276907474
2.75446121880292	0.769079402442662
0.166691919569473	0.0419536988970269
-1.79827400712943	0.382942964938875
1.33300648117334	0.583999950109349
0.94904571537762	0.252100131683616
1.95706969381346	0.441073865263096
-0.628807341949763	0.15371861128279
0.166691919569473	0.0419536988970269
0.169606362252511	0.0425824743634164
-1.80197754639448	0.383903353697165
-1.79827400712943	0.382942964938875
0.165097545701885	0.0415776969264477
-0.632432130022522	0.154575713959717
0.148503149870495	0.0281892610504199
0.152567656731362	0.0287430408348264
0.671304003309683	0.212965720540022
0.670649872073233	0.212844236167521
-2.577202278156	0.663064687208724
0.94904571537762	0.252100131683616
0.947097253557627	0.251590606337117
2.75446121880292	0.769079402442662
-1.13849388307931	0.344614401149477
2.75446121880292	0.769079402442662
-0.220500707384611	0.0711541768422124
-1.79827400712943	0.382942964938875
0.153247518839476	0.0288421886814327
0.670977551868057	0.213013404742869
0.152567656731362	0.0287430408348264
0.152567656731362	0.0287430408348264
0.152567656731362	0.0287430408348264
0.950862031539505	0.252628333014658
0.948535538575274	0.252058145640786
-3.4565848348623	1.23040818352441
2.75446121880292	0.769079402442662
0.152567656731362	0.0287430408348264
1.95706969381346	0.441073865263096
1.05168927885001	0.399445571424214
0.152567656731362	0.0287430408348264
1.96040941896093	0.441936123238363
-0.627367542213354	0.153354696036073
0.153247518839476	0.0288421886814327
0.152567656731362	0.0287430408348264
-1.51442679709979	0.540163579778039
-3.08255415585823	0.963691003677911
0.166311360817904	0.0418484681801843
0.94807088907188	0.251931335472786
0.152567656731362	0.0287430408348264
0.947097253557627	0.251590606337117
0.165704597093625	0.0417255219351786
2.75349844687128	0.768381126605175
1.8282452886897	0.717007372542503
0.153526628680235	0.0288819285189665
0.153247518839476	0.0288421886814327
0.152289864541204	0.0287035071443224
-1.79827400712943	0.382942964938875
-1.79827400712943	0.382942964938875
1.95706969381346	0.441073865263096
0.152289864541204	0.0287035071443224
1.95706969381346	0.441073865263096
-1.79835097978106	0.382953978270685
2.7554263517449	0.769222911089782
0.153247518839476	0.0288421886814327
0.153247518839476	0.0288421886814327
-1.79835097978106	0.382953978270685
-3.08559782341753	0.965445184573826
0.951331866170054	0.252756684317784
0.153247518839476	0.0288421886814327
0.157402307591701	0.047080036463379
-0.338476676785739	0.0974822237690529
1.07246466651492	0.52025153016617
0.401103036482019	0.181549511392063
-1.81397805176756	0.738866279680876
1.07328158265377	0.520779732646976
0.673092310209553	0.213658316206257
-1.13971461971555	0.345009438584009
1.07409768274411	0.521250162005042
-2.57747759965585	0.66335545132302
0.949511917528176	0.252227362219882
0.15626975600377	0.0292821097759299
-0.210914594903388	0.0681539957692087
1.95706969381346	0.441073865263096
-0.346493976209143	0.099688871662609
0.167299398578488	0.0420768316112512
-0.211147146065051	0.0682441817050335
-0.625500335572602	0.152962089117453
2.75722496636877	0.770257049482932
-0.633409029549556	0.154789771896201
-0.217847425991581	0.0703290667554712
0.529356628640302	0.190322462478678
0.674079709901257	0.214036050556618
-1.81405663489635	0.739163554129331
-0.216498197122892	0.0698782653003517
-1.14070599952463	0.345337330024218
-1.13069021608626	0.34196481134975
-0.342569521377039	0.0986187132378211
-1.02026869500549	0.40408181312214
-2.57747759965585	0.66335545132302
-0.343223291761604	0.0987971723984263
-0.0975367921172222	0.0386896573988339
-0.3534069395508	0.101578475904711
0.16707117146508	0.0420080923591852
0.160803134128977	0.0406203249121647
0.669009496945769	0.212302346826553
-0.344210615318698	0.0990368506115311
-1.79835097978106	0.382953978270685
-0.627829060935039	0.153504607197422
0.952312839774606	0.25302018984475
-1.79827400712943	0.382942964938875
0.94807088907188	0.251931335472786
0.94807088907188	0.251931335472786
-3.45538437102149	1.2298802093729
0.826058603447256	0.34818473678636
1.45806698971783	0.483796340944708
1.45674006944678	0.483086167228603
0.446983181120893	0.179814814572325
0.950862031539505	0.252628333014658
3.26252567397545	1.12093560535381
-1.51429942551804	0.540079204882619
1.04388504434288	0.396330532362075
1.04051558933761	0.395002404087772
-1.79835097978106	0.382953978270685
0.164253493044333	0.04896839989512
0.674406994924976	0.214010177433492
1.96040941896093	0.441936123238363
2.75819631171964	0.770700477263471
-1.79835097978106	0.382953978270685
-3.08209765998152	0.963916510480773
0.15626975600377	0.0292821097759299
0.153247518839476	0.0288421886814327
-1.51429942551804	0.540079204882619
-0.34780711222598	0.100028606261835
-0.627829060935039	0.153504607197422
-1.79835097978106	0.382953978270685
1.95706969381346	0.441073865263096
-0.632432130022522	0.154575713959717
-2.58524212677275	0.666574749875287
0.947560352748164	0.251716891447637
-0.628807341949763	0.15371861128279
0.16707117146508	0.0420080923591852
0.167679655711552	0.042156489933972
0.675067592191977	0.214306398275368
-3.08118534013847	0.963229045953577
0.153247518839476	0.0288421886814327
0.152289864541204	0.0287035071443224
0.149464413960118	0.0283283450696208
0.951841444348566	0.252891357699991
-1.79827400712943	0.382942964938875
2.75349844687128	0.768381126605175
-2.57747759965585	0.66335545132302
-2.577202278156	0.663064687208724
-1.79835097978106	0.382953978270685
-1.79835097978106	0.382953978270685
1.95706969381346	0.441073865263096
1.95791760701363	0.441280139896969
0.149464413960118	0.0283283450696208
-3.08209765998152	0.963916510480773
-0.629636196854164	0.153977935518255
-0.628807341949763	0.15371861128279
-2.577202278156	0.663064687208724
2.7554263517449	0.769222911089782
-1.79835097978106	0.382953978270685
-1.79827400712943	0.382942964938875
1.95706969381346	0.441073865263096
-1.79827400712943	0.382942964938875
-2.577202278156	0.663064687208724
-1.79827400712943	0.382942964938875
0.166084152255821	0.0418055330790301
0.155986207086685	0.0292416787556187
-1.79827400712943	0.382942964938875
-0.628807341949763	0.15371861128279
0.153533608303418	0.0666936236026745
-1.51084659522504	0.538498609405326
0.674079709901257	0.214036050556618
2.75446121880292	0.769079402442662
1.33366758907542	0.584614927374746
-0.628807341949763	0.15371861128279
-0.343223291761604	0.0987971723984263
-1.13190405565215	0.342469779892572
-1.51330481624892	0.539630991333106
0.666721180805514	0.21156384557497
0.162400863971746	0.0409830958055786
-1.81472218726632	0.739418880999967
1.57498008824982	0.784057241786079
0.166691919569473	0.0419536988970269
1.96844235586798	1.23390668075905
-0.62503342749082	0.152907838403333
-1.27146965602455	0.572753769394544
0.166691919569473	0.0419536988970269
-1.13362027945245	0.342902172857624
-0.343388592876165	0.0988541310686696
0.158051535276312	0.0536620083135667
4.38676974724433	2.29025576808066
0.948535538575274	0.252058145640786
-0.215184417856504	0.0694920488130609
0.162400863971746	0.0409830958055786
1.82382554957858	0.714761900200066
-0.143629596355123	0.0513929708746564
-0.628807341949763	0.15371861128279
-1.14009620739235	0.345227889980206
-1.13521969998424	0.343544374381215
0.907503244374982	0.490757032385141
1.0452306767165	0.396944800699935
-1.51330481624892	0.539630991333106
-0.624566751454544	0.152757086863399
-1.52279095320724	0.543599882963436
-0.526539251031829	0.199502459143743
0.696851684035903	0.326735848657766
1.82414885065892	0.714941399976917
0.664094674045115	0.21063730965169
-0.627367542213354	0.153354696036073
-0.33946832567862	0.0977521416130555
0.166691919569473	0.0419536988970269
3.26540429808574	1.12204932755655
-3.45718548577975	1.23020251223423
1.95791760701363	0.441280139896969
-1.13422470394875	0.343215945535417
-0.628807341949763	0.15371861128279
3.26452213570095	1.12136276907474
1.95706969381346	0.441073865263096
0.942957371619669	0.25056334066046
0.165097545701885	0.0415776969264477
1.45377869768284	0.481973964249078
0.152207512413174	0.0287281007494042
-0.627829060935039	0.153504607197422
-0.212751382654507	0.068709601722853
2.75446121880292	0.769079402442662
1.58120860594568	0.788221097175882
1.32857499812398	0.581678467569879
0.669665397318181	0.212450186666999
-1.14439212025525	0.346557657739731
0.161787544386438	0.0408470066516523
-0.627829060935039	0.153504607197422
0.153526628680235	0.0288819285189665
-0.342569521377039	0.0986187132378211
-3.76005537586954	1.49066052927293
-2.577202278156	0.663064687208724
0.94807088907188	0.251931335472786
0.153247518839476	0.0288421886814327
1.95706969381346	0.441073865263096
-1.79835097978106	0.382953978270685
-1.79835097978106	0.382953978270685
-1.79827400712943	0.382942964938875
0.152289864541204	0.0287035071443224
-1.79835097978106	0.382953978270685
0.153247518839476	0.0288421886814327
0.673419805718654	0.213740169092851
-2.57775304544287	0.66318910114962
-1.80197754639448	0.383903353697165
0.94807088907188	0.251931335472786
1.03543214514454	0.39263444657528
0.153247518839476	0.0288421886814327
0.670977551868057	0.213013404742869
0.152567656731362	0.0287430408348264
-2.57775304544287	0.66318910114962
0.153247518839476	0.0288421886814327
2.75446121880292	0.769079402442662
0.152289864541204	0.0287035071443224
0.152567656731362	0.0287430408348264
1.95706969381346	0.441073865263096
1.95791760701363	0.441280139896969
1.45514143110378	0.482646568994266
0.166691919569473	0.0419536988970269
0.148503149870495	0.0281892610504199
0.949511917528176	0.252227362219882
0.161415729852303	0.0407561524608698
-0.340124379015428	0.0979309335927298
0.152289864541204	0.0287035071443224
-3.08652986879455	0.965774290031657
0.951841444348566	0.252891357699991
-1.80197754639448	0.383903353697165
1.95791760701363	0.441280139896969
2.75446121880292	0.769079402442662
0.670649872073233	0.212844236167521
1.33593369265101	0.585724024842606
-1.13521969998424	0.343544374381215
-2.58120409692147	0.664991486920107
0.169606362252511	0.0425824743634164
1.95791760701363	0.441280139896969
-1.79827400712943	0.382942964938875
-2.57747759965585	0.66335545132302
0.152289864541204	0.0287035071443224
1.95791760701363	0.441280139896969
-1.79835097978106	0.382953978270685
-2.57747759965585	0.66335545132302
0.948535538575274	0.252058145640786
0.165704597093625	0.0417255219351786
0.155986207086685	0.0292416787556187
0.153526628680235	0.0288819285189665
3.26352329858721	1.1213740078214
-2.577202278156	0.663064687208724
-2.5814875372856	0.665060440379843
-1.79835097978106	0.382953978270685
-3.4565848348623	1.23040818352441
-1.79827400712943	0.382942964938875
0.155572557197279	0.052867342174464
-0.72013323546054	0.247288973526613
0.152567656731362	0.0287430408348264
0.949511917528176	0.252227362219882
0.162742974316792	0.0485792905021731
0.00456388007409293	0.00241653037040489
-0.21584116833564	0.0696924945480662
-0.627829060935039	0.153504607197422
0.160803134128977	0.0406203249121647
0.153247518839476	0.0288421886814327
1.04102963664621	0.395089191585647
0.161809663243855	0.0483223326687324
0.66999328440441	0.21269616854207
1.45868047865843	0.484047550536175
-0.62503342749082	0.152907838403333
0.16707117146508	0.0420080923591852
2.75446121880292	0.769079402442662
0.148503149870495	0.0281892610504199
-0.341581022610314	0.0983147602836231
-0.390943736994562	0.162719877466899
0.392417170194351	0.177340208213958
-0.0481455437589288	0.0210855198468262
3.63787278219551	1.43230843013536
-3.08164138813046	0.963767470359232
0.533792789739045	0.192056407531968
0.166691919569473	0.0419536988970269
0.166691919569473	0.0419536988970269
0.166691919569473	0.0419536988970269
1.45476541507032	0.482531337515686
-0.215609075040396	0.0696016635663571
-3.46066411507937	1.23287376992561
-0.729656205414228	0.250803779141173
0.162742974316792	0.0485792905021731
-2.57747759965585	0.66335545132302
0.164508000610724	0.0490146039214182
1.0452306767165	0.396944800699935
-1.27479878011019	0.574686410185082
0.358030393367597	0.180885344526142
-0.516303494683392	0.195262357700911
-3.7566006930685	1.48753678969738
0.154813591090059	0.05261311136075
0.809113786493117	0.489277919399091
-0.218731141682158	0.0706258973624141
0.157150948993736	0.0469889516170941
2.36688158642803	1.18854338353322
0.164346026904199	0.0490101668927593
0.16707117146508	0.0420080923591852
-0.215417270113509	0.0695361432210389
0.156405419701574	0.0600373427044117
-0.763493068016229	0.33177675339701
2.76098151426891	0.771684650801264
0.455252730075833	0.183399401788306
0.947560352748164	0.251716891447637
0.53313407482189	0.191800740808182
0.153247518839476	0.0288421886814327
1.95791760701363	0.441280139896969
-0.628807341949763	0.15371861128279
-1.13190405565215	0.342469779892572
-0.211380351297293	0.0682941197149795
-0.759722292109646	0.329804264269752
-0.385847116564711	0.160532229317468
0.166084152255821	0.0418055330790301
-1.51330481624892	0.539630991333106
-0.139860331457911	0.0500851315472196
1.45476541507032	0.482531337515686
2.11636802963177	0.949071130565476
-0.237436870521847	0.118846941321672
-0.783656166073938	0.426263604082622
-0.627829060935039	0.153504607197422
-0.211541605787251	0.0683711766000951
-1.13521969998424	0.343544374381215
3.6409027894866	1.43427384419709
0.153247518839476	0.0288421886814327
0.153526628680235	0.0288819285189665
1.95791760701363	0.441280139896969
1.45575253921811	0.48289648887464
-1.79835097978106	0.382953978270685
-1.79835097978106	0.382953978270685
-0.631960666018702	0.15447017218279
0.152567656731362	0.0287430408348264
-0.627829060935039	0.153504607197422
0.153526628680235	0.0288819285189665
-1.80197754639448	0.383903353697165
0.670977551868057	0.213013404742869
-0.0495797235249327	0.0217002812945495
-1.4840580717848	0.749856548238907
1.45086090685868	0.481039409485759
-0.72013323546054	0.247288973526613
2.75349844687128	0.768381126605175
0.16707117146508	0.0420080923591852
0.153247518839476	0.0288421886814327
3.63584691762689	1.43122630608999
0.152289864541204	0.0287035071443224
-3.08209765998152	0.963916510480773
3.26252567397545	1.12093560535381
1.95791760701363	0.441280139896969
-0.214926988436609	0.0694297469164798
-0.29816052270885	0.13689177324061
0.449920096072737	0.181069859699705
1.95791760701363	0.441280139896969
0.669009496945769	0.212302346826553
-0.629267545839357	0.153771215183604
1.03919468846427	0.394181482456398
-1.79835097978106	0.382953978270685
0.152289864541204	0.0287035071443224
1.96040941896093	0.441936123238363
2.75819631171964	0.770700477263471
-0.138442383117071	0.0496040168810717
-0.342569521377039	0.0986187132378211
-0.62503342749082	0.152907838403333
-1.13461598703551	0.343230613786831
0.531621230373981	0.191134591695011
-0.33946832567862	0.0977521416130555
0.948535538575274	0.252058145640786
0.152207512413174	0.0287281007494042
0.669826712236336	0.212585182521199
-1.79827400712943	0.382942964938875
0.158074474787349	0.0472574922808909
0.536711770787689	0.193058012816576
0.167299398578488	0.0420768316112512
-1.79835097978106	0.382953978270685
-0.628807341949763	0.15371861128279
3.26252567397545	1.12093560535381
2.75349844687128	0.768381126605175
3.63483462600451	1.43007047098243
0.951841444348566	0.252891357699991
0.153526628680235	0.0288819285189665
-1.79835097978106	0.382953978270685
-2.577202278156	0.663064687208724
0.951841444348566	0.252891357699991
0.94904571537762	0.252100131683616
1.3341376436811	0.584809568662815
0.674079709901257	0.214036050556618
0.943931183072951	0.250903413595175
-1.8102563556085	0.737065861487772
-0.717682103574582	0.246297668028488
0.451214918482946	0.181653564300894
-0.633409029549556	0.154789771896201
-0.141974700101701	0.0508226116299135
0.152567656731362	0.0287430408348264
1.45868047865843	0.484047550536175
1.04051558933761	0.395002404087772
1.45377869768284	0.481973964249078
3.93879479758782	1.73076427375476
0.947097253557627	0.251590606337117
-0.628347365301396	0.153568930486371
-0.343877386805142	0.0989458655028747
0.162742974316792	0.0485792905021731
-1.02092313128645	0.404338747251237
-1.02624181092562	0.407113610404842
0.165704597093625	0.0417255219351786
0.165704597093625	0.0417255219351786
3.63483462600451	1.43007047098243
0.835417214246154	0.352562225511225
0.166691919569473	0.0419536988970269
1.03543214514454	0.39263444657528
0.153247518839476	0.0288421886814327
-0.52141433065344	0.197411751800862
-0.6282908079904	0.153557595992093
0.669336367317634	0.21240221601861
0.160803134128977	0.0406203249121647
1.82513230176872	0.715356894962213
0.165097545701885	0.0415776969264477
3.93458270867333	1.7286866438442
3.26152925911013	1.12000457960558
0.673092310209553	0.213658316206257
1.82301833990899	0.714378390982833
0.671304003309683	0.212965720540022
1.03984272433899	0.394547494768611
-3.08652986879455	0.965774290031657
1.03958501510884	0.394462216304235
-1.01645966379821	0.402385802038174
0.155986207086685	0.0292416787556187
0.947097253557627	0.251590606337117
-1.81937129385307	0.742146991690708
3.26352329858721	1.1213740078214
2.75349844687128	0.768381126605175
1.82792138819967	0.716884894355695
0.162479935061762	0.0485106492306684
-0.13723601704956	0.0491948536754931
0.169628986070269	0.0504635339197501
1.45377869768284	0.481973964249078
0.169606362252511	0.0425824743634164
-0.343877386805142	0.0989458655028747
0.153247518839476	0.0288421886814327
-1.79827400712943	0.382942964938875
-1.79835097978106	0.382953978270685
0.152567656731362	0.0287430408348264
0.951331866170054	0.252756684317784
-1.13190405565215	0.342469779892572
0.6737511905791	0.213807078926834
-0.72013323546054	0.247288973526613
0.155986207086685	0.0292416787556187
0.166084152255821	0.0418055330790301
0.168996227736906	0.0424334312831713
-0.341581022610314	0.0983147602836231
1.95706969381346	0.441073865263096
-0.339133418750055	0.0976611246838527
-0.720404519989633	0.247290988830991
-2.57747759965585	0.66335545132302
1.95791760701363	0.441280139896969
0.152289864541204	0.0287035071443224
0.165097545701885	0.0415776969264477
1.0423751179533	0.395795368074734
1.95706969381346	0.441073865263096
0.152567656731362	0.0287430408348264
0.155986207086685	0.0292416787556187
1.95706969381346	0.441073865263096
2.75446121880292	0.769079402442662
0.167299398578488	0.0420768316112512
-1.79835097978106	0.382953978270685
0.15626975600377	0.0292821097759299
-3.45478455762682	1.22912473266304
0.947560352748164	0.251716891447637
0.153247518839476	0.0288421886814327
0.53313407482189	0.191800740808182
0.152567656731362	0.0287430408348264
0.152289864541204	0.0287035071443224
-1.79827400712943	0.382942964938875
-1.79835097978106	0.382953978270685
1.95791760701363	0.441280139896969
1.95706969381346	0.441073865263096
1.96040941896093	0.441936123238363
1.82414885065892	0.714941399976917
0.153526628680235	0.0288819285189665
1.95706969381346	0.441073865263096
0.153526628680235	0.0288819285189665
0.15626975600377	0.0292821097759299
0.66475647791666	0.210855781457285
1.45769029797448	0.483533280097753
0.675067592191977	0.214306398275368
3.63584691762689	1.43122630608999
3.93257323321094	1.72656649429801
-0.627367542213354	0.153354696036073
0.670649872073233	0.212844236167521
-0.340926891852112	0.0981051026466341
0.166691919569473	0.0419536988970269
-3.75466048479637	1.48723142869904
0.149464413960118	0.0283283450696208
1.96040941896093	0.441936123238363
-0.717405811053465	0.246130943587765
-1.13971461971555	0.345009438584009
0.6737511905791	0.213807078926834
3.63584691762689	1.43122630608999
-1.80197754639448	0.383903353697165
0.948535538575274	0.252058145640786
0.948535538575274	0.252058145640786
-3.08606373064433	0.965887782759055
-0.628347365301396	0.153568930486371
0.152289864541204	0.0287035071443224
-0.633409029549556	0.154789771896201
0.152289864541204	0.0287035071443224
-0.628807341949763	0.15371861128279
1.96040941896093	0.441936123238363
0.153526628680235	0.0288819285189665
-1.79835097978106	0.382953978270685
-2.57775304544287	0.66318910114962
0.155986207086685	0.0292416787556187
0.456664413504253	0.183959946353038
-0.628347365301396	0.153568930486371
0.694978557524609	0.325964113871683
2.56791820522833	1.42970730183673
0.944906190121193	0.251072355848773
-4.00683273081589	1.74054559036978
-0.71835028799194	0.246465219463862
0.537822771634915	0.193597818709898
-0.33946832567862	0.0977521416130555
-0.0941328229737851	0.0373407745384658
0.452769680948612	0.182339853830579
-0.344864025255158	0.0991853144395914
-0.210258805537791	0.0679543406762681
3.26252567397545	1.12093560535381
-0.716074907122798	0.245725534591538
0.534676685393129	0.192377474764699
-1.51919018322957	0.542251856895701
1.04170224709555	0.395339897652291
-0.632939126134277	0.15468454480873
-1.13642797594247	0.343807560451606
-1.13521969998424	0.343544374381215
-0.209836069462463	0.0678117289314428
-0.628807341949763	0.15371861128279
1.04253760976891	0.39550470335704
-2.57747759965585	0.66335545132302
-0.627829060935039	0.153504607197422
0.948535538575274	0.252058145640786
0.670977551868057	0.213013404742869
-3.46005827230016	1.23260132520798
0.670977551868057	0.213013404742869
-1.2754256868914	0.575104153105112
1.45377869768284	0.481973964249078
0.825425367366759	0.347866059057456
-0.628807341949763	0.15371861128279
-1.79827400712943	0.382942964938875
0.820741251657713	0.345484369033752
0.153526628680235	0.0288819285189665
0.165704597093625	0.0417255219351786
0.53313407482189	0.191800740808182
2.75446121880292	0.769079402442662
-0.721740116381346	0.247779502726497
-0.632939126134277	0.15468454480873
1.04572814850154	0.397008300619947
0.165097545701885	0.0415776969264477
-1.79835097978106	0.382953978270685
0.947560352748164	0.251716891447637
0.166691919569473	0.0419536988970269
-0.720801185410545	0.247515042606667
-0.628347365301396	0.153568930486371
0.153247518839476	0.0288421886814327
0.948535538575274	0.252058145640786
0.167299398578488	0.0420768316112512
0.161415729852303	0.0407561524608698
0.152289864541204	0.0287035071443224
0.166307199190119	0.0418280240782314
-0.629267545839357	0.153771215183604
-0.62503342749082	0.152907838403333
-2.5814875372856	0.665060440379843
0.947560352748164	0.251716891447637
0.15626975600377	0.0292821097759299
2.11569294390872	0.9486068887636
-1.79835097978106	0.382953978270685
-1.79835097978106	0.382953978270685
0.171207721440545	0.0429238305772998
-1.13910410688242	0.344899734416028
3.26352329858721	1.1213740078214
-2.57747759965585	0.66335545132302
2.75722496636877	0.770257049482932
0.167679655711552	0.042156489933972
3.93558817450596	1.72920225169506
0.94807088907188	0.251931335472786
-1.79835097978106	0.382953978270685
0.148503149870495	0.0281892610504199
-3.08209765998152	0.963916510480773
-1.79827400712943	0.382942964938875
-2.577202278156	0.663064687208724
1.45415502686182	0.482281800899209
1.95706969381346	0.441073865263096
0.153247518839476	0.0288421886814327
0.153526628680235	0.0288819285189665
1.95706969381346	0.441073865263096
1.45868047865843	0.484047550536175
-2.57747759965585	0.66335545132302
-1.79827400712943	0.382942964938875
2.75819631171964	0.770700477263471
-0.624566751454544	0.152757086863399
0.153247518839476	0.0288421886814327
1.95791760701363	0.441280139896969
1.95706969381346	0.441073865263096
-0.627367542213354	0.153354696036073
-0.624566751454544	0.152757086863399
0.167679655711552	0.042156489933972
-3.08209765998152	0.963916510480773
1.82725871051587	0.716521694707993
1.96040941896093	0.441936123238363
0.947560352748164	0.251716891447637
-1.79827400712943	0.382942964938875
1.45575253921811	0.48289648887464
0.948535538575274	0.252058145640786
-0.628807341949763	0.15371861128279
2.75722496636877	0.770257049482932
-1.14009620739235	0.345227889980206
0.152567656731362	0.0287430408348264
-1.51460691365039	0.539943633445175
-2.57747759965585	0.66335545132302
1.45415502686182	0.482281800899209
-1.51574452765323	0.540559426816709
0.169606362252511	0.0425824743634164
0.152289864541204	0.0287035071443224
-1.79827400712943	0.382942964938875
-2.5814875372856	0.665060440379843
0.152289864541204	0.0287035071443224
-2.57775304544287	0.66318910114962
-0.347480099168433	0.0999933239977275
0.153247518839476	0.0288421886814327
1.95706969381346	0.441073865263096
0.152567656731362	0.0287430408348264
-2.57775304544287	0.66318910114962
-0.627829060935039	0.153504607197422
0.455252730075833	0.183399401788306
0.166084152255821	0.0418055330790301
-0.716346626154106	0.245810055243264
-0.141974700101701	0.0508226116299135
0.94807088907188	0.251931335472786
-0.516437065645576	0.195440542054734
4.1806821623663	2.01515385907002
0.669161192101413	0.212364907391867
-1.79827400712943	0.382942964938875
0.666721180805514	0.21156384557497
0.533601873830588	0.191936039776769
2.12377595625849	0.953322582031882
0.536938645245252	0.193260647952111
-0.346820783252297	0.0997890928773071
0.670319945898335	0.212719010726886
0.531363846710871	0.191052145580113
0.152289864541204	0.0287035071443224
0.529356628640302	0.190322462478678
0.673419805718654	0.213740169092851
0.165097545701885	0.0415776969264477
0.153526628680235	0.0288819285189665
-0.343223291761604	0.0987971723984263
1.95791760701363	0.441280139896969
1.46100867633522	0.48464871344047
-0.722539400437325	0.24798987504831
1.45415502686182	0.482281800899209
3.26252567397545	1.12093560535381
-2.57747759965585	0.66335545132302
2.75349844687128	0.768381126605175
-1.51200399758817	0.538851635748943
1.06848073867691	0.517570142270945
-0.347154315531778	0.0998482429459119
-1.79827400712943	0.382942964938875
0.949511917528176	0.252227362219882
0.537596443695132	0.193449679434614
0.164924003228835	0.0491712866480455
1.3345487412554	0.585101958973942
0.168996227736906	0.0424334312831713
0.158995326023102	0.0475101404657943
0.152567656731362	0.0287430408348264
3.26540429808574	1.12204932755655
1.45377869768284	0.481973964249078
-1.79835097978106	0.382953978270685
-0.72013323546054	0.247288973526613
0.168287851014599	0.0422797449011708
1.45316902836548	0.481724936898338
0.148503149870495	0.0281892610504199
0.15626975600377	0.0292821097759299
0.152567656731362	0.0287430408348264
1.95706969381346	0.441073865263096
0.951331866170054	0.252756684317784
-0.628807341949763	0.15371861128279
-0.627367542213354	0.153354696036073
1.82218336418314	0.713642276138783
0.943931183072951	0.250903413595175
1.45316902836548	0.481724936898338
-0.627367542213354	0.153354696036073
0.162772361662218	0.0410490143575106
1.45575253921811	0.48289648887464
-3.75530690635197	1.48758661786965
0.170216206297202	0.0427061060191571
1.83236434117257	0.718638791439644
0.152289864541204	0.0287035071443224
-2.577202278156	0.663064687208724
1.96040941896093	0.441936123238363
1.95706969381346	0.441073865263096
-0.627367542213354	0.153354696036073
0.167456389266164	0.0498754746523784
0.943931183072951	0.250903413595175
-1.27521506962447	0.574747266706149
1.96040941896093	0.441936123238363
0.152289864541204	0.0287035071443224
-3.08209765998152	0.963916510480773
0.152289864541204	0.0287035071443224
0.152567656731362	0.0287430408348264
-1.02116299616938	0.404658802027825
-1.13190405565215	0.342469779892572
-0.627367542213354	0.153354696036073
0.536938645245252	0.193260647952111
0.152567656731362	0.0287430408348264
0.153247518839476	0.0288421886814327
1.03958501510884	0.394462216304235
3.26352329858721	1.1213740078214
0.152289864541204	0.0287035071443224
0.155986207086685	0.0292416787556187
-0.627367542213354	0.153354696036073
0.950862031539505	0.252628333014658
1.95791760701363	0.441280139896969
1.45575253921811	0.48289648887464
0.949511917528176	0.252227362219882
-0.628347365301396	0.153568930486371
1.95791760701363	0.441280139896969
1.95706969381346	0.441073865263096
-0.524221021940353	0.198635348498468
0.948535538575274	0.252058145640786
3.26640660082579	1.12286745021344
-1.79827400712943	0.382942964938875
0.94807088907188	0.251931335472786
1.95706969381346	0.441073865263096
-2.57747759965585	0.66335545132302
0.166084152255821	0.0418055330790301
0.161787544386438	0.0408470066516523
-0.627367542213354	0.153354696036073
0.153247518839476	0.0288421886814327
0.152289864541204	0.0287035071443224
0.152567656731362	0.0287430408348264
-1.80197754639448	0.383903353697165
-1.13422470394875	0.343215945535417
0.166691919569473	0.0419536988970269
0.152289864541204	0.0287035071443224
0.152289864541204	0.0287035071443224
-1.79835097978106	0.382953978270685
0.148503149870495	0.0281892610504199
-1.51364953741781	0.539764698603452
-1.81092155243237	0.73740971841088
0.69473491261727	0.325935633795311
0.451860015328675	0.181866942033698
0.532722704176569	0.191651782960233
-0.721740116381346	0.247779502726497
-0.216073906032278	0.0697456994821053
1.45476541507032	0.482531337515686
-3.46005827230016	1.23260132520798
3.63685963656738	1.43190397098036
0.168288685095222	0.0500710910142238
0.160803134128977	0.0406203249121647
0.39877334397608	0.18055727588805
-1.02116299616938	0.404658802027825
-1.81472218726632	0.739418880999967
0.458646966283334	0.184803420537629
0.67473928175237	0.214185038642858
-1.81092155243237	0.73740971841088
-0.394259341388564	0.164337716770981
1.45514143110378	0.482646568994266
0.164253493044333	0.04896839989512
0.152567656731362	0.0287430408348264
0.670977551868057	0.213013404742869
0.535874624267867	0.192792415459724
0.152567656731362	0.0287430408348264
0.161809663243855	0.0483223326687324
1.33681578405904	0.586406825513233
0.943931183072951	0.250903413595175
-0.214063950112808	0.069118756813684
3.26252567397545	1.12093560535381
0.675067592191977	0.214306398275368
0.160803134128977	0.0406203249121647
-2.5814875372856	0.665060440379843
2.7554263517449	0.769222911089782
0.947097253557627	0.251590606337117
1.95706969381346	0.441073865263096
-0.768352792297376	0.334422629290655
0.947560352748164	0.251716891447637
3.26741012598786	1.1229997006765
0.153526628680235	0.0288819285189665
2.75446121880292	0.769079402442662
-0.627829060935039	0.153504607197422
0.947560352748164	0.251716891447637
-1.79827400712943	0.382942964938875
0.452422853821834	0.182078591715383
0.948535538575274	0.252058145640786
0.951331866170054	0.252756684317784
-1.79827400712943	0.382942964938875
1.95791760701363	0.441280139896969
-0.629267545839357	0.153771215183604
0.534676685393129	0.192377474764699
0.950862031539505	0.252628333014658
-1.14009620739235	0.345227889980206
-1.79827400712943	0.382942964938875
-1.79827400712943	0.382942964938875
0.152289864541204	0.0287035071443224
-1.26698735368759	0.569984385056631
0.539437051905481	0.194107581964573
-0.343223291761604	0.0987971723984263
0.153526628680235	0.0288819285189665
0.166691919569473	0.0419536988970269
0.164924003228835	0.0491712866480455
0.167299398578488	0.0420768316112512
-0.632432130022522	0.154575713959717
-0.627829060935039	0.153504607197422
-0.6282908079904	0.153557595992093
0.152567656731362	0.0287430408348264
-1.13482941234436	0.34340642829894
0.168287851014599	0.0422797449011708
0.94904571537762	0.252100131683616
-1.79827400712943	0.382942964938875
1.95791760701363	0.441280139896969
0.950862031539505	0.252628333014658
-1.51460691365039	0.539943633445175
1.95791760701363	0.441280139896969
0.943931183072951	0.250903413595175
2.75446121880292	0.769079402442662
0.153247518839476	0.0288421886814327
-1.13422470394875	0.343215945535417
1.96040941896093	0.441936123238363
0.153247518839476	0.0288421886814327
-0.624566751454544	0.152757086863399
0.152567656731362	0.0287430408348264
0.152289864541204	0.0287035071443224
-0.627829060935039	0.153504607197422
-2.57775304544287	0.66318910114962
1.95791760701363	0.441280139896969
0.153526628680235	0.0288819285189665
3.26540429808574	1.12204932755655
-0.629267545839357	0.153771215183604
0.152289864541204	0.0287035071443224
0.152567656731362	0.0287430408348264
-1.80197754639448	0.383903353697165
0.536711770787689	0.193058012816576
-3.08209765998152	0.963916510480773
0.170597157616308	0.0428000407476464
0.152289864541204	0.0287035071443224
-0.628807341949763	0.15371861128279
0.15626975600377	0.0292821097759299
0.153247518839476	0.0288421886814327
0.15626975600377	0.0292821097759299
0.152567656731362	0.0287430408348264
-0.632939126134277	0.15468454480873
0.153247518839476	0.0288421886814327
-0.627829060935039	0.153504607197422
2.75722496636877	0.770257049482932
-0.343877386805142	0.0989458655028747
1.04455801006536	0.39678683304154
1.57973281574859	0.787416136775279
1.33923766564693	0.587534294313214
-1.81405663489635	0.739163554129331
0.158995326023102	0.0475101404657943
0.168996227736906	0.0424334312831713
-1.1355628376793	0.343674610704711
0.169628986070269	0.0504635339197501
-1.13482941234436	0.34340642829894
0.148551241333892	0.0570670819556719
0.166691919569473	0.0419536988970269
-0.720531029641176	0.247239977875788
0.669009496945769	0.212302346826553
-0.343877386805142	0.0989458655028747
0.670649872073233	0.212844236167521
-0.212692311337293	0.06870282462309
0.164253493044333	0.04896839989512
-0.724527840719668	0.248940035798255
1.95791760701363	0.441280139896969
-0.784788421211217	0.427679557328381
0.5218274729862	0.187356533386872
0.153247518839476	0.0288421886814327
0.168287851014599	0.0422797449011708
0.167299398578488	0.0420768316112512
-1.51494963266618	0.540305848955056
-1.13582369620544	0.343734699942405
0.166084152255821	0.0418055330790301
2.75446121880292	0.769079402442662
1.45868047865843	0.484047550536175
0.152289864541204	0.0287035071443224
0.952312839774606	0.25302018984475
0.948535538575274	0.252058145640786
0.67473928175237	0.214185038642858
-0.515810187634811	0.195198678425078
0.946727864932674	0.251600896374185
-1.79835097978106	0.382953978270685
0.947560352748164	0.251716891447637
1.45575253921811	0.48289648887464
3.26152925911013	1.12000457960558
-0.627829060935039	0.153504607197422
0.15626975600377	0.0292821097759299
0.155986207086685	0.0292416787556187
0.950862031539505	0.252628333014658
0.948535538575274	0.252058145640786
0.948535538575274	0.252058145640786
0.167299398578488	0.0420768316112512
0.947560352748164	0.251716891447637
0.94807088907188	0.251931335472786
-2.57747759965585	0.66335545132302
0.152289864541204	0.0287035071443224
1.95706969381346	0.441073865263096
1.33212445527916	0.583441346223377
1.45575253921811	0.48289648887464
-1.79827400712943	0.382942964938875
-3.08118534013847	0.963229045953577
3.26352329858721	1.1213740078214
1.95791760701363	0.441280139896969
0.835676635481025	0.352649334733946
0.166311360817904	0.0418484681801843
0.155986207086685	0.0292416787556187
0.153247518839476	0.0288421886814327
0.152567656731362	0.0287430408348264
0.148503149870495	0.0281892610504199
-2.57747759965585	0.66335545132302
-0.633409029549556	0.154789771896201
0.673092310209553	0.213658316206257
-3.08209765998152	0.963916510480773
1.95706969381346	0.441073865263096
0.947097253557627	0.251590606337117
0.165318598359952	0.0416114067368304
0.167679655711552	0.042156489933972
0.94904571537762	0.252100131683616
2.75446121880292	0.769079402442662
0.949511917528176	0.252227362219882
0.152289864541204	0.0287035071443224
1.95706969381346	0.441073865263096
1.04077275699432	0.394975733217645
-2.57747759965585	0.66335545132302
1.95706969381346	0.441073865263096
2.75446121880292	0.769079402442662
-1.51330481624892	0.539630991333106
0.153247518839476	0.0288421886814327
0.153526628680235	0.0288819285189665
0.951841444348566	0.252891357699991
2.7554263517449	0.769222911089782
1.45514143110378	0.482646568994266
1.95791760701363	0.441280139896969
0.152289864541204	0.0287035071443224
0.167299398578488	0.0420768316112512
3.26252567397545	1.12093560535381
-2.577202278156	0.663064687208724
0.948535538575274	0.252058145640786
0.156478904710375	0.0468116239715086
-0.720531029641176	0.247239977875788
-0.6282908079904	0.153557595992093
0.153526628680235	0.0288819285189665
-0.340124379015428	0.0979309335927298
0.166311360817904	0.0418484681801843
0.152289864541204	0.0287035071443224
-1.79835097978106	0.382953978270685
0.153526628680235	0.0288819285189665
0.162400863971746	0.0409830958055786
0.152567656731362	0.0287430408348264
-1.79835097978106	0.382953978270685
0.534901488100999	0.192397626217448
0.152289864541204	0.0287035071443224
3.26152925911013	1.12000457960558
0.153526628680235	0.0288819285189665
-0.215184417856504	0.0694920488130609
1.33300648117334	0.583999950109349
-1.79827400712943	0.382942964938875
3.63685963656738	1.43190397098036
1.58017658535242	0.78782928766197
1.33608967157878	0.585665643088808
1.82414885065892	0.714941399976917
0.670977551868057	0.213013404742869
-0.72013323546054	0.247288973526613
0.167679655711552	0.042156489933972
1.95706969381346	0.441073865263096
3.63787278219551	1.43230843013536
0.153526628680235	0.0288819285189665
1.46346282980804	0.916235740824979
0.951841444348566	0.252891357699991
0.697324278071186	0.327270938000257
2.75446121880292	0.769079402442662
0.532908190209257	0.191706726261354
0.950526344814613	0.252511216129886
-1.79827400712943	0.382942964938875
0.66999328440441	0.21269616854207
0.454659855820964	0.183125643414665
-0.627367542213354	0.153354696036073
3.26352329858721	1.1213740078214
-0.343223291761604	0.0987971723984263
0.15868166261938	0.0538850546392354
0.94807088907188	0.251931335472786
0.169606362252511	0.0425824743634164
-0.628807341949763	0.15371861128279
0.947097253557627	0.251590606337117
-2.577202278156	0.663064687208724
0.152567656731362	0.0287430408348264
-2.577202278156	0.663064687208724
-1.14009620739235	0.345227889980206
-1.79835097978106	0.382953978270685
0.152289864541204	0.0287035071443224
-2.57775304544287	0.66318910114962
-0.343223291761604	0.0987971723984263
-0.509654536128286	0.19257401611806
-3.08164138813046	0.963767470359232
0.94904571537762	0.252100131683616
0.153526628680235	0.0288819285189665
-1.79835097978106	0.382953978270685
1.45868047865843	0.484047550536175
1.95706969381346	0.441073865263096
0.152289864541204	0.0287035071443224
0.155986207086685	0.0292416787556187
1.95706969381346	0.441073865263096
1.95791760701363	0.441280139896969
-2.58120409692147	0.664991486920107
0.166691919569473	0.0419536988970269
-0.632432130022522	0.154575713959717
-0.628347365301396	0.153568930486371
3.26640660082579	1.12286745021344
-1.79827400712943	0.382942964938875
-0.628347365301396	0.153568930486371
0.165704597093625	0.0417255219351786
-0.343223291761604	0.0987971723984263
0.94807088907188	0.251931335472786
-1.50954059367664	0.537955828816566
-2.58120409692147	0.664991486920107
2.75446121880292	0.769079402442662
2.75722496636877	0.770257049482932
1.95706969381346	0.441073865263096
3.26352329858721	1.1213740078214
2.75349844687128	0.768381126605175
0.153526628680235	0.0288819285189665
-3.08255415585823	0.963691003677911
1.96040941896093	0.441936123238363
0.947560352748164	0.251716891447637
1.95706969381346	0.441073865263096
2.75446121880292	0.769079402442662
1.95706969381346	0.441073865263096
1.95791760701363	0.441280139896969
-0.627829060935039	0.153504607197422
-1.79835097978106	0.382953978270685
0.152567656731362	0.0287430408348264
0.166691919569473	0.0419536988970269
0.155986207086685	0.0292416787556187
1.95791760701363	0.441280139896969
0.152567656731362	0.0287430408348264
-0.343557529393447	0.098858556674811
-1.79835097978106	0.382953978270685
-1.13482941234436	0.34340642829894
1.95706969381346	0.441073865263096
0.161546088205671	0.0482379354240544
0.15318020451798	0.0458683668193207
-0.628347365301396	0.153568930486371
-1.79827400712943	0.382942964938875
0.152567656731362	0.0287430408348264
-1.79835097978106	0.382953978270685
-0.628347365301396	0.153568930486371
-0.627829060935039	0.153504607197422
-2.57747759965585	0.66335545132302
0.153247518839476	0.0288421886814327
-1.79827400712943	0.382942964938875
1.44987667304504	0.480675917422322
-0.219615570186308	0.0709016531943509
4.56191649343709	2.57332262063991
0.167198319746772	0.0498030771043432
0.164924003228835	0.0491712866480455
1.45476541507032	0.482531337515686
-1.02181759550244	0.404915960039854
1.0461523665238	0.397340617252217
1.82480922054022	0.715302875396814
1.95791760701363	0.441280139896969
0.948535538575274	0.252058145640786
0.165097545701885	0.0415776969264477
-0.344210615318698	0.0990368506115311
1.34239564263967	0.58911629470159
1.95791760701363	0.441280139896969
-0.726132227916529	0.249449469641422
-0.78126177662512	0.425474990716834
1.47359356595199	0.925318671340374
-0.628807341949763	0.15371861128279
0.166691919569473	0.0419536988970269
1.03891215300373	0.394007867391054
0.169986302676761	0.0426507049603473
1.95706969381346	0.441073865263096
0.153247518839476	0.0288421886814327
1.95706969381346	0.441073865263096
0.153247518839476	0.0288421886814327
-1.14070599952463	0.345337330024218
-0.35077402464112	0.100849762988938
3.26540429808574	1.12204932755655
0.148503149870495	0.0281892610504199
0.160803134128977	0.0406203249121647
-0.627829060935039	0.153504607197422
-1.79827400712943	0.382942964938875
-0.516726487620638	0.195487204534031
-1.13849388307931	0.344614401149477
-2.57775304544287	0.66318910114962
-2.57747759965585	0.66335545132302
0.153247518839476	0.0288421886814327
-0.625500335572602	0.152962089117453
1.95706969381346	0.441073865263096
-2.577202278156	0.663064687208724
3.63584691762689	1.43122630608999
0.152567656731362	0.0287430408348264
0.152567656731362	0.0287430408348264
-2.57747759965585	0.66335545132302
-1.79827400712943	0.382942964938875
0.167679655711552	0.042156489933972
0.148503149870495	0.0281892610504199
0.153247518839476	0.0288421886814327
0.670649872073233	0.212844236167521
1.45806698971783	0.483796340944708
-1.80197754639448	0.383903353697165
-0.633409029549556	0.154789771896201
-0.346820783252297	0.0997890928773071
2.75722496636877	0.770257049482932
0.148503149870495	0.0281892610504199
1.04211818703896	0.395589048045566
1.95706969381346	0.441073865263096
-0.627367542213354	0.153354696036073
1.95791760701363	0.441280139896969
-1.79827400712943	0.382942964938875
-0.343557529393447	0.098858556674811
0.943931183072951	0.250903413595175
3.93778611828984	1.73008995194383
-3.75530690635197	1.48758661786965
2.75446121880292	0.769079402442662
2.75722496636877	0.770257049482932
1.95791760701363	0.441280139896969
0.152289864541204	0.0287035071443224
-0.344864025255158	0.0991853144395914
1.45806698971783	0.483796340944708
2.75349844687128	0.768381126605175
0.951331866170054	0.252756684317784
0.166311360817904	0.0418484681801843
0.952312839774606	0.25302018984475
-3.4565848348623	1.23040818352441
0.153526628680235	0.0288819285189665
2.7554263517449	0.769222911089782
0.153247518839476	0.0288421886814327
2.7554263517449	0.769222911089782
-0.633409029549556	0.154789771896201
-3.45598446335482	1.23025555319821
1.95706969381346	0.441073865263096
-0.629267545839357	0.153771215183604
-1.79835097978106	0.382953978270685
-2.5814875372856	0.665060440379843
0.170597157616308	0.0428000407476464
-1.79827400712943	0.382942964938875
0.94807088907188	0.251931335472786
1.96040941896093	0.441936123238363
1.95706969381346	0.441073865263096
0.153526628680235	0.0288819285189665
0.153247518839476	0.0288421886814327
1.95706969381346	0.441073865263096
0.170597157616308	0.0428000407476464
1.95706969381346	0.441073865263096
1.45514143110378	0.482646568994266
0.669009496945769	0.212302346826553
-0.6282908079904	0.153557595992093
-0.218731141682158	0.0706258973624141
0.449022148085439	0.180598376655974
1.82579336426267	0.71571883696401
0.155287496833704	0.0596050724608401
0.157220176492594	0.0533763241023395
-0.151948739680961	0.0543474280362867
0.445569555469994	0.179194625806487
-0.220273125496108	0.0711077393958585
-0.345039821196303	0.0992838353249335
1.09580483333785	0.676750943668201
1.79026982458503	1.00340660103647
0.153247518839476	0.0288421886814327
-0.219615570186308	0.0709016531943509
-2.58120409692147	0.664991486920107
1.95706969381346	0.441073865263096
0.165690756490165	0.0416910272978735
-0.627829060935039	0.153504607197422
1.95791760701363	0.441280139896969
1.95791760701363	0.441280139896969
1.95706969381346	0.441073865263096
1.95791760701363	0.441280139896969
-2.469326803804	1.37607925477216
0.152289864541204	0.0287035071443224
0.947097253557627	0.251590606337117
-1.02157784182418	0.404511677420364
0.163386406136861	0.0411852790230607
-1.13617544316656	0.343960217515251
-4.00683273081589	1.74054559036978
-1.01711319677622	0.40268673384294
-0.627829060935039	0.153504607197422
-0.344864025255158	0.0991853144395914
0.155986207086685	0.0292416787556187
-0.624566751454544	0.152757086863399
2.75446121880292	0.769079402442662
2.75446121880292	0.769079402442662
-0.628807341949763	0.15371861128279
2.7554263517449	0.769222911089782
-1.79827400712943	0.382942964938875
-2.5814875372856	0.665060440379843
0.162400863971746	0.0409830958055786
0.166084152255821	0.0418055330790301
1.45316902836548	0.481724936898338
0.152207512413174	0.0287281007494042
0.152567656731362	0.0287430408348264
-1.79827400712943	0.382942964938875
-2.57775304544287	0.66318910114962
0.152567656731362	0.0287430408348264
-1.13422470394875	0.343215945535417
-0.627829060935039	0.153504607197422
-1.14009620739235	0.345227889980206
-0.632939126134277	0.15468454480873
0.152289864541204	0.0287035071443224
0.947560352748164	0.251716891447637
0.950862031539505	0.252628333014658
0.152289864541204	0.0287035071443224
0.152289864541204	0.0287035071443224
0.944906190121193	0.251072355848773
0.951331866170054	0.252756684317784
0.155986207086685	0.0292416787556187
1.95706969381346	0.441073865263096
1.95706969381346	0.441073865263096
-1.13482941234436	0.34340642829894
0.671634827760764	0.213161681695785
2.75446121880292	0.769079402442662
-2.57747759965585	0.66335545132302
1.8330307375228	0.719004464042056
0.165318598359952	0.0416114067368304
0.947560352748164	0.251716891447637
-0.211380351297293	0.0682941197149795
-1.79835097978106	0.382953978270685
3.26640660082579	1.12286745021344
-2.5814875372856	0.665060440379843
1.95706969381346	0.441073865263096
-1.79827400712943	0.382942964938875
-1.13617544316656	0.343960217515251
-1.79835097978106	0.382953978270685
0.167299398578488	0.0420768316112512
-0.628807341949763	0.15371861128279
-2.577202278156	0.663064687208724
-1.14070599952463	0.345337330024218
0.152289864541204	0.0287035071443224
-1.79835097978106	0.382953978270685
-1.79835097978106	0.382953978270685
0.152289864541204	0.0287035071443224
-0.632432130022522	0.154575713959717
-2.5814875372856	0.665060440379843
-0.632939126134277	0.15468454480873
2.75446121880292	0.769079402442662
0.152567656731362	0.0287430408348264
0.536280565569087	0.193004774479639
1.96040941896093	0.441936123238363
0.669665397318181	0.212450186666999
1.07011816345358	0.518623420836751
-3.08164138813046	0.963767470359232
1.57498008824982	0.784057241786079
0.826252270975154	0.34827642903147
0.168958982800728	0.0502746287941419
0.799224558468765	0.481516430126376
1.83203983245014	0.718669237324705
1.82480922054022	0.715302875396814
0.153247518839476	0.0288421886814327
-2.28474343689414	1.15590043228697
0.152567656731362	0.0287430408348264
0.155986207086685	0.0292416787556187
1.27931761825253	0.706908080254968
0.16707117146508	0.0420080923591852
1.34085556860038	0.588476795145047
-0.768944294866461	0.334721769210418
2.36283015554921	1.18598075158267
0.152289864541204	0.0287035071443224
-0.33946832567862	0.0977521416130555
-0.345039821196303	0.0992838353249335
2.75446121880292	0.769079402442662
0.152289864541204	0.0287035071443224
-1.79835097978106	0.382953978270685
-1.79827400712943	0.382942964938875
-1.13971461971555	0.345009438584009
1.45905685415805	0.484042330916112
0.161787544386438	0.0408470066516523
-0.21850465037473	0.0705347750739078
0.451264737753217	0.18161985383083
0.167299398578488	0.0420768316112512
-2.57747759965585	0.66335545132302
-1.81092155243237	0.73740971841088
-2.07453907796822	0.946312639645579
-0.629267545839357	0.153771215183604
0.153247518839476	0.0288421886814327
-0.343223291761604	0.0987971723984263
0.152289864541204	0.0287035071443224
0.94807088907188	0.251931335472786
0.169606362252511	0.0425824743634164
0.16262521966381	0.055161447726895
0.153247518839476	0.0288421886814327
-1.79835097978106	0.382953978270685
-1.79835097978106	0.382953978270685
0.152567656731362	0.0287430408348264
-0.219615570186308	0.0709016531943509
-1.13642797594247	0.343807560451606
2.75446121880292	0.769079402442662
1.95791760701363	0.441280139896969
0.15626975600377	0.0292821097759299
-1.13422470394875	0.343215945535417
-0.340926891852112	0.0981051026466341
-0.343223291761604	0.0987971723984263
0.152567656731362	0.0287430408348264
0.166084152255821	0.0418055330790301
1.45316902836548	0.481724936898338
0.166691919569473	0.0419536988970269
1.82513230176872	0.715356894962213
0.441296624410101	0.177351995745552
0.94807088907188	0.251931335472786
0.152289864541204	0.0287035071443224
3.63787278219551	1.43230843013536
0.166691919569473	0.0419536988970269
-0.629267545839357	0.153771215183604
0.948535538575274	0.252058145640786
1.95791760701363	0.441280139896969
-2.577202278156	0.663064687208724
-1.13362027945245	0.342902172857624
0.155986207086685	0.0292416787556187
0.165318598359952	0.0416114067368304
1.95791760701363	0.441280139896969
-0.628807341949763	0.15371861128279
-1.79827400712943	0.382942964938875
-1.79835097978106	0.382953978270685
0.164924003228835	0.0491712866480455
-0.633409029549556	0.154789771896201
-0.6282908079904	0.153557595992093
3.26352329858721	1.1213740078214
1.95706969381346	0.441073865263096
0.152567656731362	0.0287430408348264
2.75446121880292	0.769079402442662
-0.62503342749082	0.152907838403333
1.07562959364699	0.522094861817641
1.33344671637715	0.584203230267866
0.66999328440441	0.21269616854207
1.95791760701363	0.441280139896969
-0.720508771513364	0.247389608463745
0.532908190209257	0.191706726261354
-0.21334870780939	0.0688882936971005
-0.397835615695759	0.165973732684536
0.168287851014599	0.0422797449011708
0.670977551868057	0.213013404742869
0.611164803486625	0.321067786298506
1.58417577354317	0.790311814157871
0.449022148085439	0.180598376655974
3.26352329858721	1.1213740078214
0.157665127156854	0.053551257115328
-0.98424529190162	0.488111445785559
0.15626975600377	0.0292821097759299
1.34239564263967	0.58911629470159
-0.628807341949763	0.15371861128279
2.75349844687128	0.768381126605175
0.153247518839476	0.0288421886814327
0.66999328440441	0.21269616854207
-0.628347365301396	0.153568930486371
0.673937468908284	0.213824422094007
-0.341581022610314	0.0983147602836231
-3.75875127852753	1.48993252551164
0.165704597093625	0.0417255219351786
1.04144562491045	0.395430985542635
-1.01580640404231	0.402039683595048
-0.515260306744374	0.194916268075376
-3.76005537586954	1.49066052927293
-2.28349198332068	1.15520300935061
0.153526628680235	0.0288819285189665
0.948535538575274	0.252058145640786
0.15626975600377	0.0292821097759299
-1.79827400712943	0.382942964938875
-2.57747759965585	0.66335545132302
-1.79827400712943	0.382942964938875
-1.79835097978106	0.382953978270685
-2.57775304544287	0.66318910114962
-0.343716239253643	0.0989197038205485
0.946727864932674	0.251600896374185
0.951331866170054	0.252756684317784
-3.45538437102149	1.2298802093729
0.153526628680235	0.0288819285189665
1.95706969381346	0.441073865263096
-0.343223291761604	0.0987971723984263
0.152289864541204	0.0287035071443224
1.95706969381346	0.441073865263096
-0.343388592876165	0.0988541310686696
-0.631960666018702	0.15447017218279
0.947097253557627	0.251590606337117
0.153247518839476	0.0288421886814327
3.26252567397545	1.12093560535381
-0.214295623660532	0.0692156550779169
-1.80197754639448	0.383903353697165
2.7554263517449	0.769222911089782
1.82414885065892	0.714941399976917
0.94904571537762	0.252100131683616
1.06605313309817	0.516143504559564
0.153247518839476	0.0288421886814327
-3.08164138813046	0.963767470359232
-1.13482941234436	0.34340642829894
1.45769029797448	0.483533280097753
0.161139089918031	0.0481199615651925
2.75446121880292	0.769079402442662
0.153247518839476	0.0288421886814327
-1.79835097978106	0.382953978270685
0.944906190121193	0.251072355848773
-2.57747759965585	0.66335545132302
0.166691919569473	0.0419536988970269
-1.79827400712943	0.382942964938875
0.153526628680235	0.0288819285189665
1.96040941896093	0.441936123238363
0.951331866170054	0.252756684317784
0.153526628680235	0.0288819285189665
-2.58120409692147	0.664991486920107
1.96040941896093	0.441936123238363
1.95791760701363	0.441280139896969
1.95791760701363	0.441280139896969
-1.79827400712943	0.382942964938875
0.153526628680235	0.0288819285189665
0.153247518839476	0.0288421886814327
1.95706969381346	0.441073865263096
-1.79827400712943	0.382942964938875
-0.628807341949763	0.15371861128279
0.148503149870495	0.0281892610504199
-0.210258805537791	0.0679543406762681
-0.62503342749082	0.152907838403333
-1.14070599952463	0.345337330024218
0.167299398578488	0.0420768316112512
1.95706969381346	0.441073865263096
0.153247518839476	0.0288421886814327
0.152567656731362	0.0287430408348264
0.458419058509253	0.184754460876737
1.0423751179533	0.395795368074734
1.06595394629285	0.516037041987392
0.948535538575274	0.252058145640786
0.66999328440441	0.21269616854207
1.0746915764096	0.521623564261811
1.33769715960399	0.586940811923239
0.670977551868057	0.213013404742869
1.82627260695742	0.715797133923797
-1.27010940171459	0.57162221968883
0.665738591316948	0.211247784564273
0.402969101187946	0.182490153188217
1.57130838014172	0.781817381092609
1.57643819685999	0.785371966119765
0.694177179136852	0.32552965673473
1.45707753244512	0.483282553765983
1.82725871051587	0.716521694707993
2.75446121880292	0.769079402442662
0.947097253557627	0.251590606337117
1.8261475497071	0.715492004949433
1.34011743029755	0.587843361577911
0.162330854953818	0.0484266272065399
0.950862031539505	0.252628333014658
0.829988921889609	0.350189547890131
-1.13582369620544	0.343734699942405
-0.729656205414228	0.250803779141173
0.152289864541204	0.0287035071443224
1.45316902836548	0.481724936898338
0.152567656731362	0.0287430408348264
2.76098151426891	0.771684650801264
0.153247518839476	0.0288421886814327
0.153247518839476	0.0288421886814327
0.161787544386438	0.0408470066516523
0.167299398578488	0.0420768316112512
0.152289864541204	0.0287035071443224
0.149464413960118	0.0283283450696208
3.26152925911013	1.12000457960558
-1.13521969998424	0.343544374381215
-2.57747759965585	0.66335545132302
0.16707117146508	0.0420080923591852
1.0423751179533	0.395795368074734
0.671634827760764	0.213161681695785
1.95791760701363	0.441280139896969
0.153526628680235	0.0288819285189665
0.532022890862633	0.191307575847994
0.15626975600377	0.0292821097759299
2.36512013651562	1.18721503964282
0.152567656731362	0.0287430408348264
1.45674006944678	0.483086167228603
-0.631960666018702	0.15447017218279
-0.627367542213354	0.153354696036073
0.170216206297202	0.0427061060191571
-0.344210615318698	0.0990368506115311
0.94807088907188	0.251931335472786
0.153247518839476	0.0288421886814327
-1.79827400712943	0.382942964938875
0.165690756490165	0.0416910272978735
0.166084152255821	0.0418055330790301
-0.6282908079904	0.153557595992093
-1.79835097978106	0.382953978270685
2.75349844687128	0.768381126605175
-2.5814875372856	0.665060440379843
0.531363846710871	0.191052145580113
0.538048433874349	0.193628092206213
-2.5814875372856	0.665060440379843
0.152567656731362	0.0287430408348264
0.94807088907188	0.251931335472786
-1.79835097978106	0.382953978270685
0.152289864541204	0.0287035071443224
0.149423323210191	0.050834864602947
1.04295848162481	0.395810684576853
0.829611197897654	0.349867099900746
-0.210724787268037	0.068070166638378
0.159311548972865	0.0540967488137483
-1.02205798388654	0.404922502702426
0.150882619911791	0.0513268309948059
-0.483947815610344	0.254078360527989
0.82490709530499	0.347736304875159
0.947097253557627	0.251590606337117
0.952312839774606	0.25302018984475
0.53650666226299	0.193022853279719
0.948535538575274	0.252058145640786
1.33388779929172	0.584486704122506
2.7554263517449	0.769222911089782
1.45415502686182	0.482281800899209
0.159111103797053	0.0540154278332666
-1.79827400712943	0.382942964938875
-2.57775304544287	0.66318910114962
-0.344864025255158	0.0991853144395914
0.162772361662218	0.0410490143575106
0.153247518839476	0.0288421886814327
-2.57775304544287	0.66318910114962
-1.79827400712943	0.382942964938875
0.950862031539505	0.252628333014658
-2.57775304544287	0.66318910114962
0.153247518839476	0.0288421886814327
1.4596710675352	0.484293847194448
-0.627829060935039	0.153504607197422
0.810714044759801	0.340422288254373
-1.13482941234436	0.34340642829894
1.95706969381346	0.441073865263096
0.153526628680235	0.0288819285189665
1.04118814853393	0.395160512018798
0.152567656731362	0.0287430408348264
0.950862031539505	0.252628333014658
-3.46005827230016	1.23260132520798
3.26152925911013	1.12000457960558
1.8282452886897	0.717007372542503
0.947097253557627	0.251590606337117
0.949511917528176	0.252227362219882
1.95791760701363	0.441280139896969
0.169606362252511	0.0425824743634164
-1.13910410688242	0.344899734416028
0.153526628680235	0.0288819285189665
-3.08606373064433	0.965887782759055
-3.08118534013847	0.963229045953577
0.153247518839476	0.0288421886814327
-0.628807341949763	0.15371861128279
1.45415502686182	0.482281800899209
0.167679655711552	0.042156489933972
0.94807088907188	0.251931335472786
-1.79827400712943	0.382942964938875
-1.79827400712943	0.382942964938875
2.75446121880292	0.769079402442662
1.95791760701363	0.441280139896969
-0.628807341949763	0.15371861128279
-0.34191607535368	0.0984089732924219
-1.79835097978106	0.382953978270685
0.532908190209257	0.191706726261354
-1.13422470394875	0.343215945535417
1.03984272433899	0.394547494768611
0.673092310209553	0.213658316206257
1.04765717830274	0.397896603571229
0.550459977880268	0.320149932178903
0.69919774718211	0.328177033610307
-2.06401436108767	0.939809125258311
4.17689220310751	2.01310149503472
0.165704597093625	0.0417255219351786
0.152289864541204	0.0287035071443224
-0.214295623660532	0.0692156550779169
-3.75530690635197	1.48758661786965
-3.4565848348623	1.23040818352441
-1.79835097978106	0.382953978270685
1.45316902836548	0.481724936898338
1.04211818703896	0.395589048045566
-1.79835097978106	0.382953978270685
-0.6282908079904	0.153557595992093
-0.6282908079904	0.153557595992093
0.950862031539505	0.252628333014658
-1.79827400712943	0.382942964938875
0.948535538575274	0.252058145640786
-1.13642797594247	0.343807560451606
0.166528409127177	0.0496297620210776
0.949511917528176	0.252227362219882
0.950862031539505	0.252628333014658
2.75446121880292	0.769079402442662
0.942957371619669	0.25056334066046
0.673419805718654	0.213740169092851
1.0461523665238	0.397340617252217
0.947560352748164	0.251716891447637
2.11949336876873	0.950803389207199
1.95706969381346	0.441073865263096
0.156835118177656	0.0532837121933901
-0.342569521377039	0.0986187132378211
-1.27563663242186	0.574921211984683
0.951331866170054	0.252756684317784
0.949511917528176	0.252227362219882
-2.5814875372856	0.665060440379843
0.150882619911791	0.0513268309948059
-3.08255415585823	0.963691003677911
-1.51819793872521	0.541803713077291
3.26352329858721	1.1213740078214
0.94904571537762	0.252100131683616
0.951841444348566	0.252891357699991
0.153247518839476	0.0288421886814327
-0.628807341949763	0.15371861128279
0.155986207086685	0.0292416787556187
0.152289864541204	0.0287035071443224
1.57624958501747	0.784952404407928
1.33366758907542	0.584614927374746
-1.13482941234436	0.34340642829894
-1.13482941234436	0.34340642829894
1.45377869768284	0.481973964249078
0.942957371619669	0.25056334066046
0.943931183072951	0.250903413595175
0.947560352748164	0.251716891447637
-0.341581022610314	0.0983147602836231
-0.628807341949763	0.15371861128279
-2.27780018619271	1.15033627466324
-0.628347365301396	0.153568930486371
-1.79827400712943	0.382942964938875
0.153526628680235	0.0288819285189665
0.149464413960118	0.0283283450696208
-0.726802235324399	0.249630182049429
0.153247518839476	0.0288421886814327
0.166084152255821	0.0418055330790301
-2.577202278156	0.663064687208724
0.94904571537762	0.252100131683616
-1.79827400712943	0.382942964938875
0.948535538575274	0.252058145640786
-1.79827400712943	0.382942964938875
3.26352329858721	1.1213740078214
-2.58120409692147	0.664991486920107
2.75349844687128	0.768381126605175
2.75349844687128	0.768381126605175
3.26352329858721	1.1213740078214
1.95706969381346	0.441073865263096
0.153247518839476	0.0288421886814327
-0.342569521377039	0.0986187132378211
-2.58120409692147	0.664991486920107
0.67473928175237	0.214185038642858
-1.13422470394875	0.343215945535417
0.950862031539505	0.252628333014658
-0.347154315531778	0.0998482429459119
0.167679655711552	0.042156489933972
-2.57775304544287	0.66318910114962
0.94807088907188	0.251931335472786
1.82316587137561	0.714400972353312
-1.26969626205909	0.571521770859234
2.75819631171964	0.770700477263471
0.167679655711552	0.042156489933972
1.45514143110378	0.482646568994266
0.534676685393129	0.192377474764699
1.95791760701363	0.441280139896969
-2.57747759965585	0.66335545132302
0.148503149870495	0.0281892610504199
1.45707753244512	0.483282553765983
-1.13582369620544	0.343734699942405
1.45514143110378	0.482646568994266
2.3634923309759	1.18652880565222
0.161415729852303	0.0407561524608698
0.152567656731362	0.0287430408348264
0.949511917528176	0.252227362219882
2.75349844687128	0.768381126605175
-1.80197754639448	0.383903353697165
0.167299398578488	0.0420768316112512
0.148503149870495	0.0281892610504199
-2.57775304544287	0.66318910114962
0.165097545701885	0.0415776969264477
-0.632432130022522	0.154575713959717
2.11755227768938	0.949827655288359
0.161399320899091	0.0547651772106257
0.156004173205372	0.0530087596813196
-0.627367542213354	0.153354696036073
0.166528409127177	0.0496297620210776
0.373117006142806	0.189349064469272
0.153165327433612	0.0520592080182968
-1.51019343351841	0.538270963770231
0.160803134128977	0.0406203249121647
0.164083222967104	0.0489409806828746
-0.213639314943098	0.0690063709749365
0.152289864541204	0.0287035071443224
-0.759482804847398	0.329839085322315
-0.139392769761081	0.049937572895941
-0.628807341949763	0.15371861128279
-0.346820783252297	0.0997890928773071
-2.06376292263444	0.939652168969582
-0.340124379015428	0.0979309335927298
0.94807088907188	0.251931335472786
-1.79835097978106	0.382953978270685
-1.13482941234436	0.34340642829894
-1.13482941234436	0.34340642829894
1.95791760701363	0.441280139896969
1.96040941896093	0.441936123238363
-0.62503342749082	0.152907838403333
0.948535538575274	0.252058145640786
-1.79835097978106	0.382953978270685
1.95706969381346	0.441073865263096
0.153247518839476	0.0288421886814327
0.153247518839476	0.0288421886814327
1.96040941896093	0.441936123238363
-2.57747759965585	0.66335545132302
0.166311360817904	0.0418484681801843
-0.627367542213354	0.153354696036073
0.947097253557627	0.251590606337117
1.95706969381346	0.441073865263096
0.153526628680235	0.0288819285189665
-1.82352196222375	0.744104973929954
-0.628807341949763	0.15371861128279
0.152567656731362	0.0287430408348264
-1.13251140472747	0.342543902947619
-0.632432130022522	0.154575713959717
0.160803134128977	0.0406203249121647
1.95706969381346	0.441073865263096
0.947560352748164	0.251716891447637
1.45868047865843	0.484047550536175
-0.144458223660973	0.0516627524354598
-1.27605282856675	0.575459260120326
0.951841444348566	0.252891357699991
0.156835118177656	0.0532837121933901
0.951331866170054	0.252756684317784
1.95706969381346	0.441073865263096
1.45612824040965	0.482835979244752
-1.02092313128645	0.404338747251237
0.947097253557627	0.251590606337117
3.26352329858721	1.1213740078214
1.45514143110378	0.482646568994266
0.169606362252511	0.0425824743634164
1.03634985973926	0.393056068426466
0.947097253557627	0.251590606337117
1.95791760701363	0.441280139896969
1.95791760701363	0.441280139896969
0.155986207086685	0.0292416787556187
-1.79835097978106	0.382953978270685
0.162742974316792	0.0485792905021731
1.45612824040965	0.482835979244752
0.166691919569473	0.0419536988970269
2.75349844687128	0.768381126605175
1.45514143110378	0.482646568994266
0.948535538575274	0.252058145640786
-1.79827400712943	0.382942964938875
-0.633409029549556	0.154789771896201
0.15765092966908	0.0471346053937249
0.152289864541204	0.0287035071443224
1.95706969381346	0.441073865263096
-0.627367542213354	0.153354696036073
0.168996227736906	0.0424334312831713
1.96040941896093	0.441936123238363
0.153526628680235	0.0288819285189665
3.26452213570095	1.12136276907474
-3.08118534013847	0.963229045953577
0.670319945898335	0.212719010726886
0.153247518839476	0.0288421886814327
-0.628807341949763	0.15371861128279
0.53313407482189	0.191800740808182
0.457256304380582	0.184159519705008
0.159311548972865	0.0540967488137483
-0.510057880760766	0.192776572817589
0.608353185377145	0.319231191007691
0.7191688896695	0.476620059299273
0.165097545701885	0.0415776969264477
-0.719194825953782	0.246846541949292
1.33238436977426	0.583835036782427
-3.08209765998152	0.963916510480773
0.367573262298779	0.186314670402397
-0.0538704804588568	0.023522949439285
0.669336367317634	0.21240221601861
0.164083222967104	0.0489409806828746
-0.351758442844764	0.101154571200253
0.152289864541204	0.0287035071443224
0.15243762427523	0.0585046911358224
1.83137413625852	0.718303982282656
0.15626975600377	0.0292821097759299
1.95791760701363	0.441280139896969
1.95706969381346	0.441073865263096
0.153247518839476	0.0288421886814327
2.75446121880292	0.769079402442662
0.152289864541204	0.0287035071443224
-1.51330481624892	0.539630991333106
-2.57747759965585	0.66335545132302
1.95791760701363	0.441280139896969
-2.577202278156	0.663064687208724
0.948535538575274	0.252058145640786
0.153247518839476	0.0288421886814327
-1.79835097978106	0.382953978270685
-2.57747759965585	0.66335545132302
-1.13422470394875	0.343215945535417
-2.577202278156	0.663064687208724
-0.150523307618293	0.0538466873307719
0.947097253557627	0.251590606337117
-3.08164138813046	0.963767470359232
-0.144729016317789	0.0518086814678952
-0.343557529393447	0.098858556674811
1.45514143110378	0.482646568994266
1.04211818703896	0.395589048045566
0.159941194521509	0.0543013031904569
1.57561496103913	0.784837909518107
0.156203958783437	0.0530790256711765
0.449846097769576	0.180981984312599
1.82725871051587	0.716521694707993
-0.34780711222598	0.100028606261835
0.830182706808353	0.350258866431055
-0.721178105137157	0.247635434110556
3.26352329858721	1.1213740078214
0.166084152255821	0.0418055330790301
0.949511917528176	0.252227362219882
0.947097253557627	0.251590606337117
-0.216730820199361	0.0699462135090824
2.75349844687128	0.768381126605175
0.161139089918031	0.0481199615651925
0.16014111548401	0.0543685528719876
0.152686341340135	0.0586077786643544
0.162772361662218	0.0410490143575106
3.26252567397545	1.12093560535381
-1.51919018322957	0.542251856895701
-0.346820783252297	0.0997890928773071
0.153526628680235	0.0288819285189665
2.75819631171964	0.770700477263471
1.95706969381346	0.441073865263096
0.167679655711552	0.042156489933972
1.4596710675352	0.484293847194448
-0.627829060935039	0.153504607197422
-1.01800776945425	0.403095119703069
1.04857925580033	0.398386002712382
1.95706969381346	0.441073865263096
1.95706969381346	0.441073865263096
0.152567656731362	0.0287430408348264
-1.80197754639448	0.383903353697165
0.167679655711552	0.042156489933972
0.372254931416501	0.188845141906798
0.790630716118278	0.474857436182574
0.447916426727801	0.180188481748788
1.33542918143198	0.585518840032983
0.450669254708217	0.18134583956387
-0.214295623660532	0.0692156550779169
2.5685528501622	1.4303263628497
2.12422142429265	1.48434541263515
0.153165327433612	0.0520592080182968
2.56378652227409	1.42545832687871
-0.318945645083054	0.1911002397425
-0.385592301862764	0.160437798197036
-1.4823828871594	0.748778318949788
0.156096177497257	0.059919986762722
-1.26761330153312	0.570312266968185
1.45316902836548	0.481724936898338
1.95791760701363	0.441280139896969
-0.139034402758614	0.0498144544844224
-0.342235478378113	0.0984932623692754
-2.58120409692147	0.664991486920107
0.166084152255821	0.0418055330790301
1.96040941896093	0.441936123238363
-0.212036192576877	0.0685029076357838
1.96040941896093	0.441936123238363
-1.13849388307931	0.344614401149477
0.943931183072951	0.250903413595175
3.63787278219551	1.43230843013536
0.161809663243855	0.0483223326687324
-2.5814875372856	0.665060440379843
2.7554263517449	0.769222911089782
-1.79835097978106	0.382953978270685
0.950862031539505	0.252628333014658
0.153247518839476	0.0288421886814327
-0.627829060935039	0.153504607197422
1.95791760701363	0.441280139896969
-0.725867563551232	0.249367253578496
-0.348465736253515	0.100232718134072
-0.217388012846592	0.0701320045495842
1.32945197135773	0.582162101063734
-1.81272640846626	0.738384406689963
0.170597157616308	0.0428000407476464
1.04051558933761	0.395002404087772
-0.29816052270885	0.13689177324061
-1.13482941234436	0.34340642829894
0.153247518839476	0.0288421886814327
-1.02074928234359	0.404273099261885
-2.06441503007623	0.940014395257253
-0.348465736253515	0.100232718134072
0.152263467777791	0.0584865836523203
1.45316902836548	0.481724936898338
-0.6282908079904	0.153557595992093
0.790147831875056	0.474527933890451
0.94904571537762	0.252100131683616
2.11755227768938	0.949827655288359
1.03794125892168	0.3937132286134
1.0454798173394	0.397182748534993
0.673419805718654	0.213740169092851
0.94807088907188	0.251931335472786
-0.340124379015428	0.0979309335927298
-0.628347365301396	0.153568930486371
0.152567656731362	0.0287430408348264
-2.5814875372856	0.665060440379843
0.153247518839476	0.0288421886814327
-2.577202278156	0.663064687208724
-0.716346626154106	0.245810055243264
3.63988648920879	1.43371818867798
0.152289864541204	0.0287035071443224
3.93039364694432	1.72557827049993
0.155986207086685	0.0292416787556187
0.152289864541204	0.0287035071443224
-2.57747759965585	0.66335545132302
0.165704597093625	0.0417255219351786
0.450442155521912	0.181256071663712
0.526935562810046	0.189373151981166
0.537822771634915	0.193597818709898
0.160340691347252	0.0544154009154632
1.57726450609805	0.785698451197064
0.820931629228735	0.345711555488893
1.07105109714973	0.519089293433722
2.75446121880292	0.769079402442662
0.701787712435151	0.329614533565531
-0.147076152891941	0.0526308419632966
3.26540429808574	1.12204932755655
-0.980525258763963	0.486039362431809
-1.26573387301991	0.568720443137659
-0.6282908079904	0.153557595992093
0.160738504231491	0.0479850328827505
-1.79827400712943	0.382942964938875
-2.58120409692147	0.664991486920107
-1.79827400712943	0.382942964938875
-0.633409029549556	0.154789771896201
-1.13251140472747	0.342543902947619
-0.712961923361336	0.244465863933162
1.45674006944678	0.483086167228603
-2.577202278156	0.663064687208724
-1.79827400712943	0.382942964938875
0.153247518839476	0.0288421886814327
-1.79827400712943	0.382942964938875
0.169986302676761	0.0426507049603473
2.75722496636877	0.770257049482932
-3.08164138813046	0.963767470359232
1.8282452886897	0.717007372542503
-1.79835097978106	0.382953978270685
-1.14009620739235	0.345227889980206
-0.627367542213354	0.153354696036073
-3.08209765998152	0.963916510480773
-1.79827400712943	0.382942964938875
-0.342890259454196	0.098642118615141
0.948535538575274	0.252058145640786
2.75349844687128	0.768381126605175
0.666721180805514	0.21156384557497
-1.80197754639448	0.383903353697165
0.166691919569473	0.0419536988970269
0.161787544386438	0.0408470066516523
-0.21584116833564	0.0696924945480662
0.166691919569473	0.0419536988970269
0.152567656731362	0.0287430408348264
0.94904571537762	0.252100131683616
0.170597157616308	0.0428000407476464
1.34085556860038	0.588476795145047
0.149464413960118	0.0283283450696208
0.670977551868057	0.213013404742869
1.45905685415805	0.484042330916112
-1.51429942551804	0.540079204882619
1.0423751179533	0.395795368074734
0.94807088907188	0.251931335472786
0.170597157616308	0.0428000407476464
-0.719465582528739	0.247026553935257
0.536938645245252	0.193260647952111
0.153247518839476	0.0288421886814327
1.95706969381346	0.441073865263096
0.153526628680235	0.0288819285189665
0.152567656731362	0.0287430408348264
1.45316902836548	0.481724936898338
-0.628347365301396	0.153568930486371
2.75349844687128	0.768381126605175
1.95706969381346	0.441073865263096
2.7554263517449	0.769222911089782
0.152289864541204	0.0287035071443224
0.166311360817904	0.0418484681801843
-2.57775304544287	0.66318910114962
-0.628807341949763	0.15371861128279
0.167679655711552	0.042156489933972
-3.09005031168239	0.967298189535081
0.153526628680235	0.0288819285189665
-1.80197754639448	0.383903353697165
-1.79835097978106	0.382953978270685
-1.79835097978106	0.382953978270685
-0.628347365301396	0.153568930486371
0.153247518839476	0.0288421886814327
0.15626975600377	0.0292821097759299
-0.139860331457911	0.0500851315472196
-0.389824029514932	0.1622220446978
0.15860122996506	0.0770351109459426
-0.13820927510853	0.049531032348743
0.148799816130941	0.0571605520346205
-0.784432395145642	0.427344218454854
-0.482746545399335	0.252981957960072
-0.0205837666544286	0.00972270851194434
-0.142568570776744	0.051024586720645
0.155572557197279	0.052867342174464
-0.0922429931852346	0.0366585321112953
1.82382554957858	0.714761900200066
-0.211380351297293	0.0682941197149795
0.703390442617444	0.330559659306264
0.152567656731362	0.0287430408348264
-0.716074907122798	0.245725534591538
1.45415502686182	0.482281800899209
-1.0198546198872	0.40400953786834
-2.46873821594644	1.375580124842
-1.82890080828624	0.746711538670628
0.167679655711552	0.042156489933972
-1.13642797594247	0.343807560451606
0.170597157616308	0.0428000407476464
0.152567656731362	0.0287430408348264
0.66999328440441	0.21269616854207
-0.632939126134277	0.15468454480873
2.75446121880292	0.769079402442662
0.6737511905791	0.213807078926834
0.166084152255821	0.0418055330790301
-0.77930398214642	0.423837186958328
0.153853653569882	0.0460553468924526
0.166691919569473	0.0419536988970269
-0.720404519989633	0.247290988830991
2.36283015554921	1.18598075158267
0.158577402299565	0.0608665916613508
-0.515260306744374	0.194916268075376
3.63685963656738	1.43190397098036
-2.57775304544287	0.66318910114962
-0.389010542508637	0.161884808373538
-0.628807341949763	0.15371861128279
-0.137617828979002	0.0493209249602082
-1.02535171461533	0.406536532978507
-1.48831337120383	0.753191981881496
-0.490934016462937	0.258394920951907
2.12317964469654	0.953017030911702
1.04330406457757	0.396058635347864
0.670977551868057	0.213013404742869
2.36371030582704	1.18649721872197
-3.08209765998152	0.963916510480773
-0.722104754812606	0.247977448104565
-0.633409029549556	0.154789771896201
-3.46066411507937	1.23287376992561
1.04640087890442	0.397464840971431
0.152567656731362	0.0287430408348264
-1.13521969998424	0.343544374381215
0.951841444348566	0.252891357699991
0.165704597093625	0.0417255219351786
-2.0703662383507	0.944040384379806
-0.633409029549556	0.154789771896201
0.148503149870495	0.0281892610504199
0.165704597093625	0.0417255219351786
-0.214295623660532	0.0692156550779169
0.166084152255821	0.0418055330790301
0.153247518839476	0.0288421886814327
2.75349844687128	0.768381126605175
-2.5814875372856	0.665060440379843
-1.024931295921	0.406505232933835
0.700000373875591	0.328648154888862
0.675067592191977	0.214306398275368
1.10715848232252	0.846150000522151
1.95876815064596	1.22371835332363
-0.602329420103625	0.288425678022945
-0.778803684310832	0.423490664258397
0.166084152255821	0.0418055330790301
2.57088390896178	1.43183047331753
-1.14070599952463	0.345337330024218
0.168287851014599	0.0422797449011708
0.948535538575274	0.252058145640786
-1.79835097978106	0.382953978270685
-1.13582369620544	0.343734699942405
0.153526628680235	0.0288819285189665
-0.224502239746456	0.0724314379048856
0.167299398578488	0.0420768316112512
-1.79827400712943	0.382942964938875
0.152567656731362	0.0287430408348264
0.947560352748164	0.251716891447637
1.0452306767165	0.396944800699935
-0.716074907122798	0.245725534591538
0.162479935061762	0.0485106492306684
-1.81566955306914	0.739965971694479
0.152263850250901	0.0456177891614735
0.948535538575274	0.252058145640786
-1.03002865371859	0.408868411482043
-0.516096514132394	0.19525236723075
0.160875819484411	0.0480497781693361
1.58099753958293	0.788310033160843
1.09415558799858	0.675100017474595
-0.719465582528739	0.247026553935257
-0.33946832567862	0.0977521416130555
3.63787278219551	1.43230843013536
0.947560352748164	0.251716891447637
0.156004173205372	0.0530087596813196
-0.215184417856504	0.0694920488130609
0.156203958783437	0.0530790256711765
0.664094674045115	0.21063730965169
0.908223326463872	0.49152217183596
0.537164857593467	0.193341885349058
2.11755227768938	0.949827655288359
-0.0949462352881113	0.0376489677831944
4.1746344671534	2.01122655937702
0.156004173205372	0.0530087596813196
0.150251518108603	0.0511196116992592
-1.31918026647153	0.825056435130905
-0.347480099168433	0.0999933239977275
0.165704597093625	0.0417255219351786
-0.764919010559274	0.332363812937212
1.96040941896093	0.441936123238363
-0.628347365301396	0.153568930486371
0.168126456300357	0.050048821022647
0.669009496945769	0.212302346826553
-1.79827400712943	0.382942964938875
-1.13362027945245	0.342902172857624
-0.627829060935039	0.153504607197422
0.163413249256128	0.0487677019311828
0.15626975600377	0.0292821097759299
-0.6282908079904	0.153557595992093
4.1778407712883	2.0140621779542
-1.79835097978106	0.382953978270685
-0.72013323546054	0.247288973526613
-3.75466048479637	1.48723142869904
-1.51508549869365	0.540440174431714
0.943931183072951	0.250903413595175
0.153247518839476	0.0288421886814327
3.6409027894866	1.43427384419709
0.152567656731362	0.0287430408348264
-1.14439212025525	0.346557657739731
-3.08606373064433	0.965887782759055
-1.79827400712943	0.382942964938875
-2.577202278156	0.663064687208724
0.947707476517323	0.251863651931386
-1.79827400712943	0.382942964938875
3.26452213570095	1.12136276907474
0.153526628680235	0.0288819285189665
1.96040941896093	0.441936123238363
0.148503149870495	0.0281892610504199
-0.343223291761604	0.0987971723984263
-4.40473656384708	2.24093034943976
0.670812914089499	0.212854749205772
-0.628807341949763	0.15371861128279
-0.628347365301396	0.153568930486371
1.04170224709555	0.395339897652291
1.95791760701363	0.441280139896969
-0.632432130022522	0.154575713959717
-0.628347365301396	0.153568930486371
0.166084152255821	0.0418055330790301
1.03726682551177	0.393413878893899
0.94807088907188	0.251931335472786
-0.342235478378113	0.0984932623692754
-0.631960666018702	0.15447017218279
3.63787278219551	1.43230843013536
-0.343557529393447	0.098858556674811
1.33011373386665	0.58253136514184
0.159243500678224	0.0475711313965371
0.165594211957363	0.0493598676029419
3.63584691762689	1.43122630608999
-1.13362027945245	0.342902172857624
-1.51330481624892	0.539630991333106
-2.57747759965585	0.66335545132302
3.93458270867333	1.7286866438442
0.153247518839476	0.0288421886814327
0.153526628680235	0.0288819285189665
-1.02140349604103	0.40462053419898
1.95791760701363	0.441280139896969
-3.46005827230016	1.23260132520798
-1.13543440488342	0.343479590196383
-0.789891353185121	0.431302832766162
0.163817192156216	0.079621577658647
-0.720801185410545	0.247515042606667
-0.725867563551232	0.249367253578496
-0.0859727266486525	0.0342163932929792
2.75722496636877	0.770257049482932
-2.58120409692147	0.664991486920107
-0.349320485019589	0.100468107001599
0.824402828178189	0.347203948993401
-0.213639314943098	0.0690063709749365
-1.02205798388654	0.404922502702426
-1.13582369620544	0.343734699942405
-1.79827400712943	0.382942964938875
0.952312839774606	0.25302018984475
0.153526628680235	0.0288819285189665
-0.515889861149168	0.195150861370295
0.159243500678224	0.0475711313965371
-2.0631110853576	0.939205260748677
0.156835118177656	0.0532837121933901
0.943931183072951	0.250903413595175
-1.82352196222375	0.744104973929954
-3.08209765998152	0.963916510480773
-2.57747759965585	0.66335545132302
0.166691919569473	0.0419536988970269
1.33344671637715	0.584203230267866
0.948535538575274	0.252058145640786
-0.977080349739429	0.482891430276492
0.452681225708702	0.182211150212603
0.534018135349711	0.192121771213656
-0.485693907119966	0.254996416813219
-0.33946832567862	0.0977521416130555
0.695849850272461	0.326454362153707
-0.980525258763963	0.486039362431809
0.524456035698372	0.188409753325844
0.529576794989163	0.190434980333926
0.348508829451334	0.195417543649414
0.148211965369417	0.0643391263936533
-0.515889861149168	0.195150861370295
-0.0959512571519062	0.0380605212628921
0.155033518363628	0.0526840217885624
-0.139860331457911	0.0500851315472196
0.556255412530907	0.324448198963124
-0.629267545839357	0.153771215183604
-0.38670608297446	0.160905952605778
-0.525082284718947	0.198984525789772
-1.51299996807781	0.539299955595401
-0.213639314943098	0.0690063709749365
-0.725197552734606	0.249186509576262
-0.0574333790978502	0.0250288442631081
-0.628807341949763	0.15371861128279
0.167198319746772	0.0498030771043432
-0.342569521377039	0.0986187132378211
1.07131098809193	0.519159940042278
1.45806698971783	0.483796340944708
-0.348465736253515	0.100232718134072
0.153247518839476	0.0288421886814327
0.681325787807541	0.216170862731203
-0.515466779883267	0.194997679323859
-3.08559782341753	0.965445184573826
-1.13461598703551	0.343230613786831
-0.342904767182509	0.0986489157334515
0.365376412312231	0.185084494226465
-0.343557529393447	0.098858556674811
-1.13582369620544	0.343734699942405
1.46113776230573	0.913583950883466
-0.343223291761604	0.0987971723984263
-1.79827400712943	0.382942964938875
1.95791760701363	0.441280139896969
-1.79835097978106	0.382953978270685
-2.577202278156	0.663064687208724
1.45514143110378	0.482646568994266
0.152289864541204	0.0287035071443224
-0.214699527041316	0.0693626399041178
1.0454798173394	0.397182748534993
-0.339133418750055	0.0976611246838527
-3.08209765998152	0.963916510480773
-1.79827400712943	0.382942964938875
0.153526628680235	0.0288819285189665
1.82693458968678	0.716159663486908
0.164924003228835	0.0491712866480455
-1.51364953741781	0.539764698603452
1.95706969381346	0.441073865263096
-2.57775304544287	0.66318910114962
-1.79835097978106	0.382953978270685
0.153247518839476	0.0288421886814327
-3.08164138813046	0.963767470359232
0.168996227736906	0.0424334312831713
0.162772361662218	0.0410490143575106
-3.75530690635197	1.48758661786965
0.161546088205671	0.0482379354240544
-3.45598446335482	1.23025555319821
-0.143673624158547	0.0514580135328712
-0.342235478378113	0.0984932623692754
-0.101462565243239	0.0402263455998725
0.148503149870495	0.0281892610504199
1.95706969381346	0.441073865263096
1.40337705662431	1.09092125297865
0.82490709530499	0.347736304875159
0.66704035312139	0.211590816937753
0.166691919569473	0.0419536988970269
-0.33946832567862	0.0977521416130555
3.63685963656738	1.43190397098036
0.169606362252511	0.0425824743634164
1.04304768303814	0.395953390308167
-0.343223291761604	0.0987971723984263
2.75349844687128	0.768381126605175
-0.628347365301396	0.153568930486371
1.82513230176872	0.715356894962213
-1.13129699285405	0.342278739405472
0.152567656731362	0.0287430408348264
0.947560352748164	0.251716891447637
-0.627829060935039	0.153504607197422
1.45575253921811	0.48289648887464
-0.628807341949763	0.15371861128279
0.152207512413174	0.0287281007494042
0.152289864541204	0.0287035071443224
-1.79835097978106	0.382953978270685
-2.06629401083574	0.941374702661412
-1.81776116330611	0.741198338740062
-3.08164138813046	0.963767470359232
-2.58120409692147	0.664991486920107
-0.633409029549556	0.154789771896201
0.951331866170054	0.252756684317784
0.153526628680235	0.0288819285189665
0.152289864541204	0.0287035071443224
0.152567656731362	0.0287430408348264
-1.02116299616938	0.404658802027825
-0.343223291761604	0.0987971723984263
0.166084152255821	0.0418055330790301
-0.347480099168433	0.0999933239977275
1.95791760701363	0.441280139896969
-1.79835097978106	0.382953978270685
-1.79827400712943	0.382942964938875
-2.57747759965585	0.66335545132302
-1.79835097978106	0.382953978270685
-0.343557529393447	0.098858556674811
0.171207721440545	0.0429238305772998
0.942957371619669	0.25056334066046
0.167679655711552	0.042156489933972
-1.79835097978106	0.382953978270685
-0.628807341949763	0.15371861128279
0.153526628680235	0.0288819285189665
0.153526628680235	0.0288819285189665
1.45575253921811	0.48289648887464
-1.14500748998934	0.34676210015847
-1.51494963266618	0.540305848955056
-2.57747759965585	0.66335545132302
-0.628347365301396	0.153568930486371
-1.13521969998424	0.343544374381215
-1.79827400712943	0.382942964938875
-1.79827400712943	0.382942964938875
3.26741012598786	1.1229997006765
0.160875819484411	0.0480497781693361
3.93139544004406	1.72622670090374
0.668353267812949	0.212009001891351
1.06684012704137	0.516255755168993
-1.79835097978106	0.382953978270685
0.948535538575274	0.252058145640786
-1.13129699285405	0.342278739405472
0.163149905636875	0.0486839149701593
0.943931183072951	0.250903413595175
0.671634827760764	0.213161681695785
0.947560352748164	0.251716891447637
3.63483462600451	1.43007047098243
0.165097545701885	0.0415776969264477
0.152289864541204	0.0287035071443224
-0.628807341949763	0.15371861128279
-0.625500335572602	0.152962089117453
-2.57775304544287	0.66318910114962
3.26540429808574	1.12204932755655
3.93039364694432	1.72557827049993
-2.57747759965585	0.66335545132302
-3.08118534013847	0.963229045953577
-1.79835097978106	0.382953978270685
0.153247518839476	0.0288421886814327
0.152567656731362	0.0287430408348264
-3.08164138813046	0.963767470359232
-2.57775304544287	0.66318910114962
-1.48322009253632	0.749647504548096
-0.220046200254686	0.0710211291721289
-0.344210615318698	0.0990368506115311
0.153526628680235	0.0288819285189665
0.94807088907188	0.251931335472786
0.16707117146508	0.0420080923591852
2.7554263517449	0.769222911089782
0.948535538575274	0.252058145640786
-2.57747759965585	0.66335545132302
-1.79827400712943	0.382942964938875
-3.08164138813046	0.963767470359232
2.75446121880292	0.769079402442662
-3.08255415585823	0.963691003677911
0.161415729852303	0.0407561524608698
2.75349844687128	0.768381126605175
0.152289864541204	0.0287035071443224
-1.79835097978106	0.382953978270685
-3.08209765998152	0.963916510480773
-0.721072169669292	0.247553433626533
0.947560352748164	0.251716891447637
1.95791760701363	0.441280139896969
0.662755146564841	0.210103606853014
0.153526628680235	0.0288819285189665
-0.627829060935039	0.153504607197422
-0.629267545839357	0.153771215183604
-0.211147146065051	0.0682441817050335
-1.79827400712943	0.382942964938875
1.45806698971783	0.483796340944708
0.152567656731362	0.0287430408348264
-2.57747759965585	0.66335545132302
1.04388504434288	0.396330532362075
1.45415502686182	0.482281800899209
0.152567656731362	0.0287430408348264
0.669665397318181	0.212450186666999
0.162400863971746	0.0409830958055786
1.96040941896093	0.441936123238363
0.671634827760764	0.213161681695785
0.948535538575274	0.252058145640786
-3.08209765998152	0.963916510480773
0.152567656731362	0.0287430408348264
-0.636595009299526	0.155524812409654
1.45476541507032	0.482531337515686
-3.08209765998152	0.963916510480773
0.15626975600377	0.0292821097759299
0.537822771634915	0.193597818709898
1.82284235164019	0.714002514687227
-0.627829060935039	0.153504607197422
-3.45598446335482	1.23025555319821
-0.347480099168433	0.0999933239977275
-0.627829060935039	0.153504607197422
0.165704597093625	0.0417255219351786
-0.627367542213354	0.153354696036073
0.160875819484411	0.0480497781693361
0.947097253557627	0.251590606337117
1.95706969381346	0.441073865263096
1.96040941896093	0.441936123238363
-1.80197754639448	0.383903353697165
0.153526628680235	0.0288819285189665
-3.75595364234981	1.48774567650192
-0.629267545839357	0.153771215183604
-1.82003859074053	0.742440609774219
0.152567656731362	0.0287430408348264
0.94807088907188	0.251931335472786
0.153247518839476	0.0288421886814327
-1.14009620739235	0.345227889980206
-1.79835097978106	0.382953978270685
-1.79827400712943	0.382942964938875
-3.08164138813046	0.963767470359232
0.152567656731362	0.0287430408348264
-3.08209765998152	0.963916510480773
0.947097253557627	0.251590606337117
0.153526628680235	0.0288819285189665
-1.79827400712943	0.382942964938875
-0.6282908079904	0.153557595992093
-2.57747759965585	0.66335545132302
0.153247518839476	0.0288421886814327
0.152567656731362	0.0287430408348264
0.166691919569473	0.0419536988970269
0.153247518839476	0.0288421886814327
1.33727365525907	0.586376473931946
2.75446121880292	0.769079402442662
0.161787544386438	0.0408470066516523
-1.79827400712943	0.382942964938875
1.95791760701363	0.441280139896969
0.950862031539505	0.252628333014658
0.152207512413174	0.0287281007494042
-1.13543440488342	0.343479590196383
-0.721740116381346	0.247779502726497
0.910903715031202	0.493342770786988
1.45806698971783	0.483796340944708
0.166311360817904	0.0418484681801843
0.167679655711552	0.042156489933972
0.671634827760764	0.213161681695785
-0.521210980107801	0.197392065778108
2.1244504337776	0.953787688048285
-0.627829060935039	0.153504607197422
0.952312839774606	0.25302018984475
0.152289864541204	0.0287035071443224
-0.627367542213354	0.153354696036073
0.152289864541204	0.0287035071443224
1.04170224709555	0.395339897652291
0.952312839774606	0.25302018984475
0.536280565569087	0.193004774479639
2.12066304185672	0.951843841296293
3.26252567397545	1.12093560535381
1.96040941896093	0.441936123238363
0.166311360817904	0.0418484681801843
0.155986207086685	0.0292416787556187
-0.629267545839357	0.153771215183604
0.161139089918031	0.0481199615651925
-2.57747759965585	0.66335545132302
1.96040941896093	0.441936123238363
1.95791760701363	0.441280139896969
-0.34191607535368	0.0984089732924219
-0.631960666018702	0.15447017218279
-0.633409029549556	0.154789771896201
0.166691919569473	0.0419536988970269
1.45612824040965	0.482835979244752
-1.14070599952463	0.345337330024218
-0.629636196854164	0.153977935518255
0.153247518839476	0.0288421886814327
0.166311360817904	0.0418484681801843
-0.627829060935039	0.153504607197422
-1.79835097978106	0.382953978270685
-1.79827400712943	0.382942964938875
-2.57747759965585	0.66335545132302
1.82923234120697	0.717272154981968
-1.79835097978106	0.382953978270685
3.2693078088647	1.12355954880503
1.45575253921811	0.48289648887464
-3.08164138813046	0.963767470359232
0.152289864541204	0.0287035071443224
2.75722496636877	0.770257049482932
0.67473928175237	0.214185038642858
0.153526628680235	0.0288819285189665
1.45575253921811	0.48289648887464
1.95706969381346	0.441073865263096
-1.51429942551804	0.540079204882619
2.75349844687128	0.768381126605175
0.148503149870495	0.0281892610504199
-0.346820783252297	0.0997890928773071
0.162772361662218	0.0410490143575106
0.153526628680235	0.0288819285189665
-1.79827400712943	0.382942964938875
0.167679655711552	0.042156489933972
-2.57775304544287	0.66318910114962
-1.13482941234436	0.34340642829894
1.04211818703896	0.395589048045566
-0.348465736253515	0.100232718134072
1.95791760701363	0.441280139896969
2.75446121880292	0.769079402442662
-1.51364953741781	0.539764698603452
0.161787544386438	0.0408470066516523
0.951331866170054	0.252756684317784
2.7554263517449	0.769222911089782
0.166528409127177	0.0496297620210776
-0.716074907122798	0.245725534591538
1.95706969381346	0.441073865263096
0.948535538575274	0.252058145640786
-0.633409029549556	0.154789771896201
1.95706969381346	0.441073865263096
-0.217847425991581	0.0703290667554712
0.153526628680235	0.0288819285189665
-2.57747759965585	0.66335545132302
0.153247518839476	0.0288421886814327
0.162400863971746	0.0409830958055786
1.95791760701363	0.441280139896969
0.15626975600377	0.0292821097759299
-2.57747759965585	0.66335545132302
-3.08164138813046	0.963767470359232
-1.14009620739235	0.345227889980206
1.45514143110378	0.482646568994266
2.75446121880292	0.769079402442662
-1.79835097978106	0.382953978270685
1.95791760701363	0.441280139896969
0.944906190121193	0.251072355848773
0.829988921889609	0.350189547890131
3.26252567397545	1.12093560535381
-2.57747759965585	0.66335545132302
0.669826712236336	0.212585182521199
0.152289864541204	0.0287035071443224
-3.08209765998152	0.963916510480773
-2.577202278156	0.663064687208724
-3.08209765998152	0.963916510480773
1.95706969381346	0.441073865263096
-1.13642797594247	0.343807560451606
-2.57747759965585	0.66335545132302
-1.13971461971555	0.345009438584009
-1.14009620739235	0.345227889980206
-0.628807341949763	0.15371861128279
-0.628807341949763	0.15371861128279
2.7554263517449	0.769222911089782
1.95706969381346	0.441073865263096
0.67196229909328	0.213260403734251
0.153526628680235	0.0288819285189665
0.944906190121193	0.251072355848773
1.82480922054022	0.715302875396814
-1.51429942551804	0.540079204882619
0.947097253557627	0.251590606337117
-2.57747759965585	0.66335545132302
-1.13617544316656	0.343960217515251
0.167679655711552	0.042156489933972
0.671634827760764	0.213161681695785
-0.340926891852112	0.0981051026466341
3.26540429808574	1.12204932755655
2.75349844687128	0.768381126605175
0.163413249256128	0.0487677019311828
1.45868047865843	0.484047550536175
0.166691919569473	0.0419536988970269
2.75446121880292	0.769079402442662
-3.08606373064433	0.965887782759055
-2.577202278156	0.663064687208724
0.150523503025892	0.0653077753415023
0.161546088205671	0.0482379354240544
0.167299398578488	0.0420768316112512
0.669009496945769	0.212302346826553
0.944906190121193	0.251072355848773
1.95706969381346	0.441073865263096
0.169606362252511	0.0425824743634164
1.46162455821865	0.484901016923351
-2.57775304544287	0.66318910114962
1.04011254131511	0.394696182042935
0.155986207086685	0.0292416787556187
1.33564829597022	0.58519037733844
1.04144562491045	0.395430985542635
0.94904571537762	0.252100131683616
0.158995326023102	0.0475101404657943
1.07268690218312	0.520204121845623
-1.79827400712943	0.382942964938875
-2.57747759965585	0.66335545132302
1.45316902836548	0.481724936898338
0.148503149870495	0.0281892610504199
0.947097253557627	0.251590606337117
0.947560352748164	0.251716891447637
-1.01580640404231	0.402039683595048
1.46162455821865	0.484901016923351
2.12158435823691	0.952317198033751
0.671634827760764	0.213161681695785
0.947707476517323	0.251863651931386
0.152567656731362	0.0287430408348264
-1.50888807540829	0.537491075612833
-0.344210615318698	0.0990368506115311
1.82890866226964	0.717371086523666
-0.142207514098902	0.0509041851864348
-1.01866173967953	0.403351708479081
0.173530750601275	0.0434258550533535
0.166311360817904	0.0418484681801843
-0.343223291761604	0.0987971723984263
-0.719465582528739	0.247026553935257
0.166307199190119	0.0418280240782314
0.152289864541204	0.0287035071443224
0.455025575438864	0.183293312831413
-1.51395570496283	0.539857861420258
-1.51429942551804	0.540079204882619
0.952312839774606	0.25302018984475
-0.0954460746788619	0.0378802357953701
0.153247518839476	0.0288421886814327
0.166691919569473	0.0419536988970269
0.164346026904199	0.0490101668927593
0.155372593274282	0.0528040448022981
0.146634038667338	0.0499238681090866
-0.938702980044997	0.575020633778158
0.825619212793805	0.347833366414085
1.45707753244512	0.483282553765983
-1.81803758289888	0.741154469207919
0.169606362252511	0.0425824743634164
-1.13582369620544	0.343734699942405
0.148503149870495	0.0281892610504199
0.826058603447256	0.34818473678636
3.26252567397545	1.12093560535381
1.04363128297175	0.39626638096639
1.0452306767165	0.396944800699935
3.63685963656738	1.43190397098036
0.825619212793805	0.347833366414085
-0.725867563551232	0.249367253578496
3.26252567397545	1.12093560535381
-0.219388531614775	0.0708318276022096
-0.517564039318975	0.195752224477386
0.670977551868057	0.213013404742869
-1.81339137537901	0.738819242243621
-0.725197552734606	0.249186509576262
0.692389596495978	0.324452121918897
0.152686341340135	0.0586077786643544
-0.628347365301396	0.153568930486371
0.665738591316948	0.211247784564273
0.157850726922151	0.0535992456199043
0.669336367317634	0.21240221601861
0.152937417640883	0.0458047163258354
0.16207239788399	0.0483767472480761
-1.81633539526092	0.740054103791799
0.161546088205671	0.0482379354240544
0.674079709901257	0.214036050556618
-0.21584116833564	0.0696924945480662
0.1540561970176	0.0591317209177012
0.532475077834663	0.191482542601689
1.95791760701363	0.441280139896969
1.95706969381346	0.441073865263096
-0.628807341949763	0.15371861128279
-1.13482941234436	0.34340642829894
-0.142801753920347	0.0511111283728562
-0.141381032056214	0.0506159875060989
-1.13543440488342	0.343479590196383
1.95706969381346	0.441073865263096
0.94807088907188	0.251931335472786
0.153526628680235	0.0288819285189665
0.94807088907188	0.251931335472786
2.75349844687128	0.768381126605175
3.93458270867333	1.7286866438442
0.166311360817904	0.0418484681801843
1.33212445527916	0.583441346223377
-0.212036192576877	0.0685029076357838
0.164924003228835	0.0491712866480455
-3.75401437740445	1.48667662741171
0.166786027725508	0.0496866477008084
0.826885083784757	0.348595039349664
-1.51819793872521	0.541803713077291
2.57110396112963	1.43217019970667
1.83203983245014	0.718669237324705
1.06989694527242	0.518493824613893
-0.516303494683392	0.195262357700911
-1.13422470394875	0.343215945535417
0.15626975600377	0.0292821097759299
-1.79835097978106	0.382953978270685
0.146634038667338	0.0499238681090866
0.15672984402438	0.0468820705997684
-0.139034402758614	0.0498144544844224
-0.140219045929796	0.0502215736713448
-0.723601171891188	0.248501036925982
1.4589806588556	0.912568805220281
0.153526628680235	0.0288819285189665
0.951841444348566	0.252891357699991
-1.81472218726632	0.739418880999967
0.170216206297202	0.0427061060191571
3.26640660082579	1.12286745021344
0.943931183072951	0.250903413595175
0.152289864541204	0.0287035071443224
1.95706969381346	0.441073865263096
2.75349844687128	0.768381126605175
1.95791760701363	0.441280139896969
0.162400863971746	0.0409830958055786
0.153526628680235	0.0288819285189665
3.63584691762689	1.43122630608999
-1.5126542472202	0.539316353407404
-1.51494963266618	0.540305848955056
-0.627367542213354	0.153354696036073
-0.144729016317789	0.0518086814678952
0.947097253557627	0.251590606337117
-3.46127024205749	1.23274622772667
0.673419805718654	0.213740169092851
-1.13521969998424	0.343544374381215
-1.51853446946828	0.541976089171892
-0.624566751454544	0.152757086863399
-1.13948670365002	0.344942610687521
0.153247518839476	0.0288421886814327
0.169214296031194	0.0503283685514623
1.95706969381346	0.441073865263096
-0.214952210282499	0.0694159656881339
0.158995326023102	0.0475101404657943
0.162400863971746	0.0409830958055786
0.66999328440441	0.21269616854207
-4.2191738397475	1.98346126780949
0.950862031539505	0.252628333014658
-2.58120409692147	0.664991486920107
-1.14009620739235	0.345227889980206
-0.62503342749082	0.152907838403333
0.156203958783437	0.0530790256711765
0.152567656731362	0.0287430408348264
0.165704597093625	0.0417255219351786
-1.02336778291766	0.40535272839675
0.949511917528176	0.252227362219882
0.15626975600377	0.0292821097759299
0.671634827760764	0.213161681695785
0.157402307591701	0.047080036463379
0.167679655711552	0.042156489933972
1.95706969381346	0.441073865263096
0.152567656731362	0.0287430408348264
-1.79827400712943	0.382942964938875
0.943931183072951	0.250903413595175
-1.79827400712943	0.382942964938875
0.949511917528176	0.252227362219882
3.26252567397545	1.12093560535381
-0.346820783252297	0.0997890928773071
-0.724941080754783	0.248928107914991
0.94807088907188	0.251931335472786
1.95706969381346	0.441073865263096
-3.08606373064433	0.965887782759055
0.153526628680235	0.0288819285189665
-0.628347365301396	0.153568930486371
0.152567656731362	0.0287430408348264
0.148503149870495	0.0281892610504199
0.153247518839476	0.0288421886814327
0.826058603447256	0.34818473678636
1.95706969381346	0.441073865263096
0.948535538575274	0.252058145640786
-2.577202278156	0.663064687208724
3.26252567397545	1.12093560535381
-0.629267545839357	0.153771215183604
0.155986207086685	0.0292416787556187
-1.13948670365002	0.344942610687521
1.95706969381346	0.441073865263096
0.152289864541204	0.0287035071443224
0.94807088907188	0.251931335472786
-1.80197754639448	0.383903353697165
-1.13971461971555	0.345009438584009
1.95706969381346	0.441073865263096
0.152567656731362	0.0287430408348264
0.153526628680235	0.0288819285189665
1.95791760701363	0.441280139896969
0.169606362252511	0.0425824743634164
-1.79827400712943	0.382942964938875
-1.79835097978106	0.382953978270685
2.7554263517449	0.769222911089782
0.152567656731362	0.0287430408348264
0.528476382778789	0.189975415538032
0.152289864541204	0.0287035071443224
3.26152925911013	1.12000457960558
1.95791760701363	0.441280139896969
0.153247518839476	0.0288421886814327
0.675067592191977	0.214306398275368
0.152289864541204	0.0287035071443224
0.153526628680235	0.0288819285189665
1.95791760701363	0.441280139896969
1.96040941896093	0.441936123238363
0.94807088907188	0.251931335472786
0.162479935061762	0.0485106492306684
0.669336367317634	0.21240221601861
0.167299398578488	0.0420768316112512
0.669009496945769	0.212302346826553
0.153247518839476	0.0288421886814327
1.28187715105877	0.708598307729972
-0.515043907854395	0.194673044658519
-0.756303831266702	0.32810791318383
0.153247518839476	0.0288421886814327
0.670649872073233	0.212844236167521
0.532249310589414	0.191451139948052
1.45575253921811	0.48289648887464
-0.218074030224809	0.0704026851228337
-0.103616939636523	0.0410410169331478
-0.395325910484107	0.164719249144553
-0.481644520264027	0.252693594467713
1.8282452886897	0.717007372542503
0.365607780556882	0.185333919400336
-0.344864025255158	0.0991853144395914
1.95706969381346	0.441073865263096
-0.514425029487373	0.194514818086122
-0.769535996603665	0.334986965517515
-0.972821664688511	0.480646448464988
-1.66529763717425	0.939418054250224
0.165594211957363	0.0493598676029419
-0.390383795253524	0.162477035260582
-0.72013323546054	0.247288973526613
-0.219388531614775	0.0708318276022096
1.24998793106059	1.23352478026917
-3.08164138813046	0.963767470359232
0.532022890862633	0.191307575847994
0.161809663243855	0.0483223326687324
-0.725197552734606	0.249186509576262
-1.79827400712943	0.382942964938875
0.947560352748164	0.251716891447637
0.527816689171872	0.189769137536265
-0.628347365301396	0.153568930486371
0.155986207086685	0.0292416787556187
0.161415729852303	0.0407561524608698
1.46162455821865	0.484901016923351
-0.628347365301396	0.153568930486371
-1.13582369620544	0.343734699942405
0.673419805718654	0.213740169092851
0.668353267812949	0.212009001891351
-1.79835097978106	0.382953978270685
2.75349844687128	0.768381126605175
3.2693078088647	1.12355954880503
0.15626975600377	0.0292821097759299
0.153526628680235	0.0288819285189665
0.947560352748164	0.251716891447637
1.95791760701363	0.441280139896969
-0.627829060935039	0.153504607197422
0.153526628680235	0.0288819285189665
-0.629267545839357	0.153771215183604
1.95706969381346	0.441073865263096
0.94807088907188	0.251931335472786
1.95791760701363	0.441280139896969
