x	y
0.305318662108348	0.210156853569646
0.192487654370602	0.138648934673483
0.57918697866364	0.463935997723505
-0.17762972704029	0.135132646961323
0.701467076552177	0.616603945882731
0.188767643187318	0.117358681394131
-0.0467953231467925	0.0291601226971597
-0.012338301755674	0.00790501208637489
-0.0131587707358957	0.00634228164126639
0.113716767199717	0.0842627565219715
-1.40840094375572	1.69453815286508
0.624936604800149	0.477786223867396
0.0478371770705189	0.0280169722242681
-0.789392012617233	0.607385766530243
0.809113786493117	0.489277919399091
0.303370382355172	0.21981096240821
0.202055921863419	0.157425866953624
-0.460736578610684	0.38716978869576
0.156495498716282	0.0678921116124394
0.459319562317741	0.33403363420162
0.579291566715395	0.463988957268949
0.160913438369286	0.078100152139079
0.209444727393723	0.169306407390418
0.206181584786762	0.181289633914495
0.633766662901584	0.692655661402688
0.572237931873021	0.569613460185119
-0.429719540153604	0.330218530889502
0.287043266600892	0.257457444484195
-0.0711251972280656	0.0509467395716773
0.00923134626339274	0.00469159446897744
0.744617636996246	0.62466822537782
0.319381603959047	0.221472079923177
1.09498003183026	0.675960537054316
1.14388254461435	1.17575378734244
-0.0774881438830346	0.055642662238752
-0.11230322843289	0.0776901554481285
0.424741679193243	0.339442540722948
0.581861740118136	0.466830502090346
0.661230254535263	0.473760316229034
0.167947450814005	0.0973350732343135
-0.235269497347068	0.11775521841196
0.580194573588796	0.464791439968513
-0.178793447839267	0.0958987772001113
1.12456265131238	1.01715703045935
0.696197661064216	0.610876568684886
1.66088864285921	1.57118899272033
0.443753191107448	0.340119030472935
0.849581699653227	0.897446574573023
-0.679508638752495	0.591546138503162
-0.173419288647161	0.115069880720346
0.62041845500856	0.473738302234467
0.811522323710902	0.775591706005343
-0.0536160207267586	0.0233999342599115
0.623078473483899	0.476031498267528
1.11355263418387	0.853131081942933
-0.483864871791417	0.254008244158298
0.15551941191397	0.0754565893022232
-0.598293366468416	0.286373431144928
0.155969015097024	0.0598621270482863
0.165858197331239	0.049441036827577
0.966331397440587	0.660259205267899
-0.21584116833564	0.0696924945480662
0.306498241365661	0.222555234128765
0.157233320296583	0.0533909154169995
0.330491869117379	0.201115826612973
-0.397317181782693	0.225450016892912
-0.0880182111254714	0.0349970127281976
1.62783739792432	1.14398000149973
-0.30299365621034	0.139228025529717
-0.394513529856492	0.164426177322579
-0.597247639391902	0.285880056810297
0.678851289250749	0.215426557227367
0.00923134626339274	0.00469159446897744
1.09267262015175	0.673981135771002
0.175595693453209	0.101910285200057
1.06561374213039	0.515920962739469
1.96844235586798	1.23390668075905
1.25635904617729	0.87494486167539
0.166065501087507	0.0888700490660943
-0.216073906032278	0.0697456994821053
1.57954391882248	0.787716824587837
0.625300357647978	0.478237432744707
0.962347679912256	0.656016074807109
1.57662646206485	0.785044285353213
0.610039369720388	0.319885176953563
0.0110376247304299	0.00556031942224768
0.0440011164818291	0.0258597444031824
0.611164803486625	0.321067786298506
0.61532213315413	0.323435516525007
0.690541517510646	0.323402966453841
0.326024742820785	0.213386688909969
0.157462123376921	0.060446471737033
0.669665397318181	0.212450186666999
1.11995140032653	0.859585809616102
0.33025162057628	0.201344730739181
1.24915676198409	1.2312155080778
-0.2674863409299	0.167714103263059
0.152503171275613	0.0661004748463406
0.665150694252116	0.476821240640975
1.98979159367591	2.36770502275782
1.33476840557985	0.584903436651052
-0.0912643731843028	0.0362376289222659
0.796926914620559	0.634602150524861
0.717759004081675	0.474696933906852
0.399047399068427	0.180463512898126
0.509797934669613	0.325095757359918
0.1906401270271	0.142509543928518
0.867081460879438	0.64488904100406
0.483643606486018	0.332045004961927
0.172704095388185	0.0840589219322257
1.09317750392111	0.674338995742177
0.362596733901538	0.183432478704119
-0.600982761439057	0.287834878587552
1.95706969381346	0.441073865263096
0.669161192101413	0.212364907391867
0.493686003468803	0.340551840724594
0.167044817618026	0.0967740760816047
0.0125873705628059	0.0063249967429557
1.10906519892579	0.846490718190047
0.610687739555343	0.320362855420129
0.406129454718683	0.184080312361909
0.954031604473168	0.648301341398665
0.913750843919903	0.495464342559316
0.665076092013553	0.211028905087732
-0.567493860674412	0.413306468644144
-0.368666678030726	0.28745246402433
0.189516863572878	0.130578637297292
0.0647551489504724	0.0402164575794698
0.445343832301428	0.179072239658324
-0.0856886396044478	0.0341086706483756
0.154616330348594	0.0593392023307753
-0.0883020860839491	0.0351141606720898
-0.260360818411665	0.162762486233087
0.762712858237925	0.844983365316831
1.07283799847005	0.520200234598361
0.142792522840961	0.0619733701907862
0.540321571114426	0.194486652256984
-0.523616288332576	0.434239942000659
0.863914150180682	0.792998804072614
0.191597631192294	0.132248617102052
0.999361125648668	1.10068007846486
0.16566548588638	0.0888085713287278
0.791717045276906	0.47629243644258
-0.342890259454196	0.098642118615141
-0.565675115481575	0.411481065002506
-0.784223645010867	0.602265989325193
0.807212164657861	0.876516219058987
0.0896123782441612	0.0586808632768165
0.437610265047333	0.33463025134186
0.548728880181905	0.318798635163544
1.33366758907542	0.584614927374746
0.548263576079168	0.318750963090841
0.0636212589615478	0.0394791434439704
0.326067561909576	0.213454473497482
-0.520976882435369	0.43140247724847
0.532085667018602	0.463604045728387
1.92035194849836	1.67272120582826
0.96897537143157	0.662589721745933
1.3734916382634	1.27901205073737
0.610687739555343	0.320362855420129
0.156004173205372	0.0530087596813196
0.899279546618742	0.485381485140419
0.663099499477599	0.474553295011723
0.298792093442885	0.226194263229678
0.0924178602936801	0.0655169319206843
-0.0417552298819106	0.026038479550742
0.718269465020413	0.475920405352794
1.0772632678316	0.523157005301771
1.45415502686182	0.482281800899209
-1.33773149419935	1.33629864622811
-0.904975421562799	0.659430689402175
1.12813859306317	1.02158764848193
1.06580507381645	1.13860496017367
-0.688662280798551	0.602708399432226
0.0308626880571492	0.0169718579627759
0.317635006988091	0.220084493572594
0.629674125493576	0.593642116066274
0.326398858496796	0.198550718946775
0.966794282959935	0.660689747386811
0.451491615165562	0.181690320657802
0.869907456075884	0.647258035903103
2.27066175798423	1.75556604109408
1.57662646206485	0.785044285353213
0.162772361662218	0.0410490143575106
-1.81697109148673	1.65561531632343
-0.438451687535479	0.338511183078955
-0.369495791369869	0.318912536197539
-0.6446110547418	0.66320334429327
-0.526507295267006	0.437240111139233
0.518750076261739	0.448739131420135
0.309737863459439	0.225047627869224
0.398769864448762	0.180340970883948
1.09482864911653	0.675683093309474
0.489513092048936	0.337117857412761
0.509505145481617	0.324484442509221
0.928177728183706	0.812657486338227
0.519147087111601	0.332143314107957
-0.089924131140392	0.0357342992772802
-0.186347112194924	0.100123050887197
-0.15158757314499	0.0542017166239209
-0.342569521377039	0.0986187132378211
-0.979269080017141	0.4848926069164
-0.663664140786128	0.464489475896973
0.617771550614246	0.471065448585638
-0.0487217064954095	0.0303831061400573
0.446218243711246	0.342513434833206
0.0784345859749953	0.0511806366735788
0.195011124945208	0.156251517631497
0.167052339134318	0.103013362749883
0.19105303096639	0.125755388446603
0.172047425954612	0.0999054452525198
0.672620264139241	0.213408873137932
2.36754294612825	1.18909136225664
0.79664989534875	0.479403981571496
0.947097253557627	0.251590606337117
0.161546088205671	0.0482379354240544
0.688243726321264	0.322243448356797
0.162643206840373	0.0706202418764962
0.150882619911791	0.0513268309948059
-0.648287653734172	0.384508155252767
-0.098073182335332	0.0575525980675909
-0.317971288211626	0.190473756875449
0.318828987504668	0.207862106682933
0.848504404695097	0.773420812240156
0.333083189582603	0.203315923627818
-0.219433965905945	0.14222709790617
0.446572887076252	0.343016855000401
-0.699588788249848	0.665384146524449
0.718269465020413	0.475920405352794
0.955131306752333	0.25366825133602
0.537164857593467	0.193341885349058
-0.0491005347578184	0.0214966651238078
0.866528511840016	0.643099722272407
0.00312447466156064	0.00169254946630982
0.165858197331239	0.049441036827577
-0.301005765971263	0.138064788402368
0.149184364319295	0.0647151944482509
-1.13582369620544	0.343734699942405
-0.062966131337453	0.0273803279905217
0.193309069660847	0.133474458250422
-0.248628527138819	0.201793886660632
-0.0325455620952761	0.023967486307595
0.0747896296752675	0.0465361103538266
0.175175790917764	0.101787957489731
0.0674775770860487	0.0418805781502591
0.297899223971911	0.25257598199093
0.614581291917607	0.467758881664235
0.332297163015637	0.202414898967151
1.04388504434288	0.396330532362075
0.449846097769576	0.180981984312599
0.157990001773502	0.0685545353145526
0.869458739003855	0.646657002006371
0.994104016143312	1.09224937775981
0.154849822244799	0.06723980574998
1.07011816345358	0.518623420836751
0.401659332721684	0.181792173908564
0.727716291560602	0.48367117034139
0.166503953377541	0.0891125994887313
0.910101127272843	0.492915983422332
0.156478904710375	0.0468116239715086
0.15866325352339	0.0688602778933149
-0.220912614204747	0.143207572495705
0.628099726330099	0.591390549244517
-0.683365161717031	0.542805871040986
0.0312825329411966	0.017198311249093
1.78791003563013	2.22409366546626
1.03794054595386	0.987583793083327
0.583707002153498	0.584655334682533
0.152207512413174	0.0287281007494042
0.551741649328301	0.32128046296796
-0.0205837666544286	0.00972270851194434
0.147736237622785	0.0641137792988918
-0.585850638730445	0.474284613840544
0.173775381800285	0.0932707115671526
-0.0898876596941544	0.0632914854402233
-0.322920893964813	0.193883423142641
0.67473928175237	0.214185038642858
0.15551941191397	0.0754565893022232
0.14781315874971	0.0568141643153941
0.340471604511556	0.208434859236726
-0.570133749838191	0.553281361677391
-0.173830611347907	0.115386725289567
-0.443931203993756	0.408288530652448
-0.425998530022556	0.326920929801962
0.42492637871176	0.339667158081553
-0.178400653395726	0.118688131770654
-0.5693147264475	0.414583678364782
0.904585858052297	0.929194236449528
0.0780892402786351	0.0509047522022135
0.164749462016287	0.0881084895197947
0.305124860574715	0.241697065447498
0.153335897031348	0.0664786418419361
0.301843748913951	0.228901879781997
-0.101260407645757	0.0595061087656024
0.456139191500675	0.331398801314527
0.0326792379636067	0.0179554042606337
1.10825410264787	0.845629471717815
0.443300759398033	0.339933913809962
0.04917816884841	0.0288673440778544
-0.174742370860469	0.0936201898453121
0.162041627872065	0.0867531454067814
0.422287266780687	0.337029424146384
0.940414910800632	1.0631261227658
0.0763381986061108	0.0498033303994554
-1.1274776271952	1.2453530479846
-0.325582055313986	0.195682484550379
1.00918795205284	0.832724626350094
-1.08666589619939	0.741925268475743
-4.84202041120829	3.12144570885446
0.666919993655043	0.478485105751902
-0.396690270461046	0.224996660714881
0.0126603785208509	0.00638431923011383
0.453501634693107	0.182519201656878
-0.97488319956805	0.481856856064848
-1.09572140304532	0.750999076567865
1.07131098809193	0.519159940042278
0.479147589297196	0.328740144672127
0.400866557925979	0.436940504361828
0.455905823114421	0.460382354134896
0.125052750695771	0.101791585793504
0.0717478943805	0.0445977110928713
-0.171777792342266	0.113876128298787
-0.911138426197641	0.665306009877031
0.155451533705738	0.0754990828105858
-0.0514038689589946	0.0224695629468854
0.189238631635847	0.117675856437393
0.21495084036167	0.230191822790883
-0.454720276773473	0.303084905024327
0.762543633847575	0.75156939805802
1.24435381632426	1.05379268641016
0.35366709045491	0.347697343167139
0.376517180499908	0.516789685781042
-0.145150414928618	0.111431021528797
-0.319533571663012	0.191611218884814
0.556491821126937	0.325080926905358
0.441296624410101	0.177351995745552
0.540094493074534	0.194363499924517
-1.02243193496015	0.405269729651974
1.28323584244082	0.709344702714371
0.165314841901431	0.0803277788406554
-0.139329358689603	0.0787936390881523
0.153908053642944	0.0523049350424465
-0.719194825953782	0.246846541949292
0.723973188466386	0.48087499544126
0.556951659136863	0.325403976888488
-0.34191607535368	0.0984089732924219
0.400108980255719	0.181011258193719
0.0260972492411391	0.0144360263651064
0.191112500644846	0.125813695582869
-0.37387146322076	0.292418610358411
0.316575435522691	0.219010054427912
0.533038870003948	0.464843131847827
0.189362887855859	0.130585699752743
0.434594658706314	0.331798650401591
-0.0676928939736082	0.0410664309098267
0.583167505411242	0.468156263363808
0.669009496945769	0.212302346826553
1.57479077921744	0.784231980002317
-0.482993361037167	0.253523060136524
0.312327102079372	0.227392147537836
0.914738068338701	0.49606376889517
0.80189651530578	0.762879148262862
0.373596077455595	0.189628384238544
0.0456671336568896	0.0268245901985454
0.182082349146304	0.106092906297322
-1.04264488277592	0.837254915716009
-0.13820927510853	0.049531032348743
-1.03421794805104	0.827618973190119
0.183052138524953	0.125795174928044
0.458866559398347	0.33383844878431
-0.259634263822507	0.162310942314143
0.183798749307898	0.114096840330658
-0.783117963553923	0.600320531007059
0.515720284519667	0.329848928505822
-0.215988658883892	0.139727970272083
0.504801821280389	0.453703914422582
-0.596482976054808	0.285499705181231
0.0648531595703335	0.0402791810701524
-0.139695189172863	0.0947401350877776
0.159547475962886	0.0853375338474347
-1.59854109545081	1.22958548704031
-0.600353634830445	0.489984748752106
0.352879614195027	0.198252215254408
-0.3287598496394	0.261412067124623
-0.877620903821975	0.808155085488501
0.158991738999818	0.0772567699519462
-0.130118455874439	0.0734211542058919
-0.786692033999715	0.67598484605141
0.165626935135117	0.0886222571915064
0.559202371854017	0.326627171321884
0.173338268705216	0.0930215291854222
0.808210212845898	0.877603151328236
-0.0220569473191233	0.0103732634849548
0.348584388028432	0.195686737484711
1.06144710109662	1.13030335361118
0.564044689115222	0.47518984736981
-1.83287466900711	1.15310172544601
0.156403408531497	0.0531349651823521
0.166691919569473	0.0419536988970269
-1.03051946002534	0.822726606678387
0.334065736306627	0.203647258214955
-0.020495988324213	0.00967683786201957
-0.534006837248953	0.337834841026101
0.346893255264877	0.194607405182042
1.06360637166417	0.514645906857066
-1.4685000569247	1.02444473004659
0.514687937357873	0.328766955813172
-0.379958755431324	0.261198732247853
2.11729797170485	0.949744172786966
-0.117274096791111	0.0813313451168802
-0.780812106410605	0.732087235839555
0.204147033717384	0.153759639235989
-1.22370940169244	0.927751661646206
-0.787031748615934	0.521494592291349
-0.0382406962727356	0.0238576575613511
0.189362887855859	0.130585699752743
0.398477094909549	0.342280802784399
-0.619307886760594	0.552495393837603
-0.395035912834189	0.223730902801101
0.0153134575077781	0.00767504230433839
1.45252958746595	1.65637978488182
0.9600786097979	0.655264625788122
0.659158784831866	0.600602615975084
1.28974943823335	0.714514371142997
0.926434715896356	0.810500400683847
0.0394371034633733	0.021632368311582
0.192107994568354	0.132614738697125
-0.456693040175107	0.382686140058144
-0.0425641573624535	0.0265405978261687
0.414473818451967	0.344784952192787
0.727373585512032	0.483276714107323
0.188758439507564	0.117362475072693
0.825536485614349	0.347954851368991
0.159163878709131	0.077200147821585
0.173775381800285	0.0932707115671526
0.297765027250426	0.225315215025744
0.160890829097599	0.0860950050767931
0.455258320042364	0.330497242891061
0.322897399539067	0.22429965593914
0.799421382325612	0.482154345508109
1.06960656766378	0.518585201262824
-2.06816075697255	0.942730672003646
2.75446121880292	0.769079402442662
-0.131026729053814	0.0470272540871884
0.461041825360315	0.335614434950813
0.345999255614076	0.19402986967412
0.315768311034745	0.230258357913022
0.551752412076071	0.462112150734251
0.903743422293457	0.488797786759354
-0.97226561579075	0.480382498577828
-1.03507172440247	0.82860790554649
-0.673211999450639	0.532418983242312
-0.18569085761714	0.0997865565428197
0.397966118148372	0.180143231410491
0.166691919569473	0.0419536988970269
-0.231215909823876	0.115544901880927
0.144105442033642	0.0553820496758211
-0.00738079033224159	0.00475747625642985
0.358418569013496	0.18114331273201
1.90957355427159	1.65474545417726
-0.571894142909535	0.417177560669764
0.328238487727125	0.214897306731628
0.180270907117671	0.111789630527422
-0.133785109066166	0.0755734219354407
-0.780199426508809	0.668461735236705
0.343819492182684	0.210765282998783
0.69580507221124	0.325991096513076
0.184319370469097	0.107395352049689
-0.0682393488234281	0.04142324522187
1.07506500676905	1.2551809287731
0.80147526070421	0.639548375288163
0.811938156813682	0.883435135284097
-0.565675115481575	0.411481065002506
-0.0981484612192525	0.0576049185538013
-0.423880943726812	0.324949696785522
-0.323134261146505	0.193896850855135
-0.700777933571481	0.666749775125914
-0.185909888565746	0.0998761266231709
-0.0455816417599143	0.0284266284261842
0.194378446484061	0.140139352429835
0.488623653207933	0.453051865177148
0.667401622563654	0.61032039083944
-0.0985496914078371	0.0578388140591554
1.34819161365071	1.42914319639187
0.61629283061056	0.469023918908692
1.76346892865323	1.37835491701867
0.577057186431845	0.461780646600612
-0.329613593356897	0.233675465235034
0.374172054292036	0.189835362633691
-0.514001914291837	0.194387375528581
0.537164857593467	0.193341885349058
-0.0428613781129698	0.0267260938936302
0.0686801092856773	0.0426840048624681
0.510611109650221	0.460237555829429
0.804387030555604	0.765706900367542
0.0488151040891898	0.0286524740406231
-0.295622333830326	0.238990854270119
-0.888027008910652	0.737952502304349
-0.238405292792375	0.119353345484446
-0.77586993177144	0.593388584863171
-0.78680755328655	0.520891366647568
0.0330244348535046	0.0181102499490435
-0.142568570776744	0.051024586720645
-0.1283081612231	0.0723323647378426
0.706530168422547	0.622739977724093
-0.372553106915458	0.291262959991359
-0.680741758132087	0.540315216827027
-1.08620582068974	0.741437225844925
-1.23728809181323	1.15327327333458
-0.0149408650193332	0.00715104907095772
-0.172568376362158	0.0923521151364543
0.175216982518738	0.101631685474619
0.159888868383505	0.0776881649777581
0.328856535233947	0.200347561634577
0.313558351000371	0.228432848650711
-0.612771141978256	0.544597885520423
0.405281498518223	0.335116038434915
1.48837020483522	1.50732292696718
0.872852036635334	0.651031948401347
0.03179918054609	0.017491921401853
0.859939604005674	0.787921494866144
0.87520769082576	0.65299348130372
0.197306830543043	0.153319399547803
0.528379188489708	0.45960449968584
0.316370858056206	0.219039257664134
1.402051470329	1.08986402117371
0.192036482741913	0.143636351640996
-0.780252777392286	0.731601893818709
-0.0990496709053227	0.0581772020836695
0.00628420290098064	0.00323921813946334
1.14599579144303	1.1796144792884
-0.0170060599243732	0.00808191997686464
0.0357738300366182	0.0260627435846159
-1.14342254561353	0.994855243823288
-0.770233733249062	0.828083528612432
-0.404311397945182	0.37564980470268
-0.110009541060128	0.0868795366814048
-0.855664806272351	0.916518040530998
0.109493118489161	0.0809424271334796
-0.519798775754404	0.430204140306434
-0.447203001895066	0.411856655533899
1.16052164578483	1.44191708727888
-0.7736742058678	0.833272811727313
0.416323218370702	0.346536609412918
0.288322536192245	0.234805383894305
-0.776719200192465	0.664078763123964
0.113539245842517	0.0813099200588823
-0.630304593152563	0.643365837051656
0.295863667920749	0.241996663183284
-1.17173848567156	1.19764523108207
0.511979259297029	0.462037001893246
0.965311894162283	0.659650502544985
0.0281411971840998	0.0154968299805263
0.176146013464505	0.102292289707403
0.355106251200708	0.199588201549644
-0.646112027208125	0.383468519334123
0.327336282198013	0.214195750066645
-0.215184417856504	0.0694920488130609
-0.248103290519493	0.183724237702892
0.161782158512576	0.0785511543503289
0.338930338809064	0.207147498932135
0.396910072923877	0.179555106529297
0.5530182159377	0.322557454932327
0.0110376247304299	0.00556031942224768
-0.219034613018978	0.141907092560488
-0.975851564394447	1.22422878108086
0.348586634111645	0.195646076055496
0.589715706479984	0.568983145763
0.303514853357658	0.230409772543309
0.45269868994291	0.328198792241807
0.0172334349125865	0.0086244358694976
0.342507468618744	0.191706802412498
0.404757599204723	0.348866039111901
1.11564812309364	0.853896532447837
0.622754948294213	0.47591546647752
-0.200682347338889	0.167431394810707
0.0311538881755129	0.0170951930943111
0.512751582769215	0.327557936150751
-0.0964362877161675	0.0566036280672997
0.715684910049758	0.473403332848225
0.158160912494813	0.0686419741601485
1.11304432973083	0.851594812651364
-1.64449375420422	1.69768864284448
-0.32815845032895	0.232509491367279
-0.297173019281657	0.136301929101247
-1.160183225584	0.648634231760691
-0.958636364112516	0.939460754989002
0.0570526596690173	0.033461402492246
-0.995442438798838	0.893761766297957
-0.0147605199212175	0.00948035040441879
-0.0188565417125587	0.0120534670060858
-0.592725025491859	0.481968533413783
0.97569955051835	1.20280401232414
0.806256892524101	0.768648913361751
-0.266980061267433	0.167440178387752
-0.888188779888861	0.737683020506148
-0.326956931056336	0.23138317030974
0.695721866142927	0.609712750829484
0.612357407134646	0.465467472564365
-0.619303774258118	0.552600974886417
-0.520712428854611	0.431141376724346
0.103279832987177	0.0736071208201255
0.96846105841317	0.662127204513763
-0.391907778202739	0.16328129720424
-0.395923164251638	0.224299399109504
-1.5433415475804	1.48829511331852
-0.18203677947649	0.09773413884225
-0.783101940438567	0.426781885595185
0.721677785420358	0.478381950011841
0.699620320468723	0.61498568042181
0.151030398319956	0.0732498219685915
0.554050711885373	0.32271006861146
0.550815456149506	0.320939080940585
0.321141605010754	0.209760409362766
0.398769864448762	0.180340970883948
0.157201219616233	0.0840539067700235
0.0645088031662793	0.0400218802268946
0.442589971539026	0.339248596931953
-0.777886439316008	0.665831397872893
0.375415355507778	0.190619580914339
0.395149565720085	0.338781338268803
0.369623026008838	0.187612945525269
-0.180132918948067	0.0966398775060907
-0.020495988324213	0.00967683786201957
0.172802115450528	0.112836844361138
-0.130232180533053	0.073455873679778
-1.23701725333926	1.15245416344136
0.461458831204387	0.335965271707342
-0.763493068016229	0.33177675339701
0.153664477679935	0.0666278528198068
0.581756907827834	0.466815835145868
-0.79032695102886	0.523585878202457
0.424529041900674	0.339296852577878
0.956200780843569	0.944537103198977
0.199411877857017	0.149747069104081
-0.0610600813507289	0.0370120081812355
0.447399714939685	0.547849360167459
0.116641986541407	0.0918921091656704
0.12100827266874	0.0928871790287953
0.191525274212277	0.137828298242953
-0.549344688687662	0.495497814277421
-0.18002435679589	0.151930870037983
-0.229023583476555	0.221172391141551
-0.448497991153509	0.298028583630473
-0.615092903155986	0.547722521190378
-1.00888404505283	1.38269401676732
0.845828087021902	0.999633906205253
-0.282440343298405	0.204739193912744
-0.789240343840023	0.430811139584905
0.091018725637907	0.0809837871174682
0.137528340549667	0.133846739440004
0.198847498870939	0.143668102919396
0.554749768965766	0.323804067465108
0.0321844923247564	0.0176551971416764
0.673419805718654	0.213740169092851
-0.600453579581287	0.287542894724283
-0.307500477547464	0.141346777818478
-0.984079435161784	0.488263061601518
0.694923768942287	0.325653810863872
-0.395035912834189	0.223730902801101
-1.32366209482834	0.830126855072988
0.166264119494978	0.049533131724672
0.721677785420358	0.478381950011841
0.959691574533835	0.654406688388625
0.462663140910035	0.337197087028742
0.716874577638262	0.473884648258251
0.343523032373974	0.192557225285859
1.0423751179533	0.395795368074734
0.699664995033928	0.328433933875278
0.697834101611107	0.327384517324711
0.163378048861691	0.0794394586637593
0.699441148839261	0.328362729428968
0.535622204428391	0.192685925418963
0.698637946443475	0.327891418746038
1.62764665902075	1.14442160572456
0.830619967524104	0.350375616463859
-1.80197754639448	0.383903353697165
0.16014111548401	0.0543685528719876
1.23702295737468	1.36287652824699
-0.0235432553411023	0.0110673895310194
0.335186562327602	0.204521007402263
0.0294698118995584	0.0162142144540834
-0.0613282263768692	0.0371884586140017
0.482708651396445	0.331621218556738
0.180865151699381	0.112060520889747
-0.10001725363448	0.0587497196584025
0.551740256803454	0.321546029772152
0.193455926372826	0.127438423396006
-1.08988495806943	0.745844392822889
0.933092201481966	0.819243497075567
0.313731875269844	0.217011247734886
-0.210792372646916	0.136074159979998
-0.410372549740511	0.38272481702333
3.34568664658438	5.33390502150329
-0.374241872443652	0.256273472844614
1.37115538284447	1.27341701515512
0.734466408617648	0.613606190488421
1.34402404035882	0.589796682989503
0.165612183318889	0.0805644974494916
0.323851293481999	0.224956413620142
-1.03787599211042	1.07758703326023
-0.413503166840543	0.352872225044864
0.442643015711127	0.339070084549295
0.660620639436235	0.473006335357091
-0.657132908621038	0.458366872477856
-0.343223291761604	0.0987971723984263
-0.101334075373316	0.0595430891407786
0.301414332704132	0.238300340252694
0.481811014661392	0.330840094056159
0.199642018585429	0.155275292093906
0.854243640170629	0.904599613558883
-0.36587582564281	0.315096485703964
0.011918906903938	0.0060135880099441
0.149050405593914	0.064717124903211
-1.42624365851358	1.51714404214712
-0.377783475537841	0.296111363197233
-0.680741758132087	0.540315216827027
0.326616699275916	0.19880429789652
0.526548334384581	0.457237225498438
0.028562832178041	0.020061097118283
0.0394314340232374	0.0216021383096751
1.02096321860564	1.22609081719883
-0.017010121302581	0.00808395991084176
0.85778129379749	0.785599119868641
-0.102496246160374	0.060224591144022
-0.563931850707362	0.409884631465976
-0.0153052822224922	0.00731683266438104
-0.537407406243782	0.448489761731382
0.54170523992567	0.450912284013257
0.0505884602988581	0.0296431795301207
0.0709639174538537	0.0441091036801035
0.340722257709221	0.190535047468833
0.755440498930648	0.637498048785495
0.924723713516492	0.808874668804165
0.343401420956675	0.192275775798707
-1.14949286089757	1.00238066099786
0.0413656401862364	0.0243136779424193
0.747179443374469	0.628102011742173
-0.0518838544838815	0.0226694375690119
0.459131260318966	0.33408773088882
0.960095129950621	0.654918923647584
-0.133433418107604	0.075288321912691
0.152998897216914	0.0587123670012067
0.399183554382644	0.32914795126427
-0.391758974664462	0.16301409793579
0.162697955072588	0.0789492786534865
0.169702416182916	0.0825386385861757
-0.0917148543413453	0.0364496434670556
3.93558817450596	1.72920225169506
0.611192775309695	0.320679250706523
0.40109499396315	0.181687171493391
0.521923128291324	0.334439347454946
0.316020468576742	0.218806785887113
0.80686290562764	0.644726862107485
-1.97000690460457	2.51801981247373
-0.788828431118122	0.678343841383613
-0.0583016224956927	0.0253969252343214
1.06442277135304	0.515192248147167
1.63470484007469	1.15248336476919
1.0454798173394	0.397182748534993
0.455252730075833	0.183399401788306
-0.308940006286089	0.14213529727552
-0.777619934773396	0.595579707408167
0.90162344745172	0.48725429756404
0.179466698945755	0.111215143926859
-0.498880244729169	0.37576743736521
0.925589243118752	0.810213530613594
0.0152144303037985	0.0076211653295014
0.518965978462445	0.332154167760057
0.71122647702871	0.46923944843519
0.160349171679355	0.0779211825985361
0.665738591316948	0.211247784564273
-1.51442679709979	0.540163579778039
0.532943040574951	0.191636496474747
0.153526628680235	0.0288819285189665
-0.344210615318698	0.0990368506115311
0.489086871026926	0.336771162747167
-0.0248884626540009	0.0116849837626195
0.808652495286166	0.646710035139119
-0.232554903064497	0.11627506251452
-0.515260306744374	0.194916268075376
0.537822771634915	0.193597818709898
0.152289864541204	0.0287035071443224
-0.491707542003376	0.258660418321266
1.76801013095317	1.38302573214142
0.795208980442819	0.478079785204481
-0.786619531848294	0.42895206104501
-0.181600361403459	0.0974817861940373
-0.30682463991561	0.140992224332145
0.790147831875056	0.474527933890451
-0.143990843085601	0.051506666380708
-0.670120796655248	0.470097613515848
-1.82828922884098	1.15051804198605
-0.943076619182217	0.577739608285564
0.165318598359952	0.0416114067368304
0.958558297104898	0.652043021950537
0.328234077745185	0.199742991349436
1.82725871051587	0.716521694707993
-0.394894642757648	0.22386821960101
-0.0489657270440488	0.0214381056095259
-0.537262090567083	0.340570205516183
-0.305882755427999	0.140725525149801
-0.175224645200556	0.116376351823663
0.517193879458159	0.330711639673859
-0.128847861129965	0.0726823893530293
-0.696820081387088	0.611846611511387
0.343970835851859	0.192838810656528
-0.306158679366283	0.1407209567511
0.577585277829882	0.462182634700243
0.615004325686727	0.468174028941435
0.156670622079932	0.0679325125900482
0.172905307251725	0.100243858829478
-0.424984324472805	0.325923467952536
0.333805503182954	0.203747740837562
-0.0437688541353689	0.0272939926498151
-0.756303831266702	0.32810791318383
0.350296010873151	0.196575155026489
0.355899179984912	0.200138758089408
1.25581609323845	1.06932608105942
1.37379535039772	1.27800230745427
0.793610170440086	0.47752625040723
-0.646067024046375	0.383048034972947
-0.38850173160245	0.161616854088429
0.669826712236336	0.212585182521199
-0.214295623660532	0.0692156550779169
0.0272350609300243	0.0150079994576846
-1.5498456211363	1.49951527823227
0.176719556422197	0.0949307053688483
0.332259126951857	0.20236975546518
0.7586248693346	0.640711839455029
0.303536213527441	0.220087927051664
0.0491895243178388	0.0288569291371949
0.479047362426746	0.328367792104079
-1.47221347166846	1.02865423768968
0.723084068999964	0.480106896757765
-0.784571022414297	0.519179378951857
0.533792789739045	0.192056407531968
0.335618493230234	0.20482775465449
0.310720805509592	0.236740723784667
-0.232597121971833	0.116359267009922
-0.595481559745337	0.48496763649978
-0.332408277454916	0.200212336768412
0.285505779825952	0.240311889918877
-0.628992388126757	0.604379290970403
-1.48063516634568	1.87141834708962
0.518527427033813	0.331813163788633
0.333135179796818	0.203375313320446
1.78886371497716	1.00252148854257
1.58269330126959	0.789658053885401
2.75349844687128	0.768381126605175
-0.525933447293012	0.19933040967673
-0.230754985774465	0.115305364972777
-0.174825414219805	0.116082152856042
0.553586672713704	0.322436423540446
-0.759243170950049	0.329658545107515
-0.394004806853958	0.164207604994645
-0.343716239253643	0.0989197038205485
-0.718798226358807	0.246701955031967
0.155056915799237	0.0752237673253613
-0.23702181945096	0.118645904673959
0.454432327347969	0.183046639295393
1.46213063109488	0.914451641587335
0.872855327482112	0.650244172272366
0.0321944418703069	0.0176661076958497
-1.33846536937625	1.33679102475679
0.151876172846442	0.0582912127370879
-1.33514230911917	1.10551687047941
-0.781136798351403	0.424865941033009
-0.449405178409474	0.29875423654778
2.75349844687128	0.768381126605175
1.33289801087829	1.56847479014226
0.200257184447292	0.144835075026074
-2.02653061824001	2.13471890677118
-0.786118923525928	0.428616616401926
-0.287878532868781	0.251740300656707
0.492190720718428	0.457167987882312
-0.291970649391329	0.235603666873635
0.172802115450528	0.112836844361138
0.529032945487415	0.460161504176369
0.339288923618891	0.207248773965798
0.99512732739253	0.816669883521285
2.13340918472906	1.49422165234491
0.0499976736517816	0.029348648434309
0.21194722765434	0.196515928435762
0.53188347409556	0.463554908166254
1.25164018284119	1.52432440974402
0.47501068728073	0.325079671019591
1.14688605494422	1.18148023957748
0.819422163201814	1.17634352782191
0.157161317344217	0.0682610307841026
0.180752830078895	0.112117344068489
-0.0893957968567151	0.0355291798553639
-0.180132918948067	0.0966398775060907
-0.776005662278664	0.783407515148354
0.0110047809577382	0.00556310699735405
-0.143861215676031	0.0977645165960466
2.15432990403367	2.23641628508884
-0.893912496199455	0.744795483234082
0.529280566150715	0.460656949200058
0.203515444040447	0.163972143554281
0.0730683570313297	0.0454477756439419
0.459226060939282	0.334209360431355
-0.094328932045883	0.0374336509923515
-0.0199285451684048	0.009402948394281
0.160367359817511	0.0615473476540119
-0.0144970038570515	0.0069507076906102
-0.972003771366595	0.480044881155724
1.14558197547733	1.17957740315116
-0.130535989103134	0.0736701728678856
0.964815627579985	0.957079866969507
-0.695248577570881	0.659467237157523
-0.380797901978079	0.261658912983192
0.617348862502886	0.470556592384807
0.177647121795724	0.0954429664229474
-1.08681252309033	0.743247172375506
-0.385088455943526	0.217233483340016
0.826252270975154	0.34827642903147
0.155372593274282	0.0528040448022981
-0.601561614220813	0.491163635372493
0.180768386560569	0.129325672207366
-0.394313729223411	0.223029823520216
0.0592186860848352	0.0347437898169483
0.804137843130798	0.642310460275262
0.747743957405745	0.628511993419103
0.659091285314397	0.600366116274083
0.847615725511494	0.772181081854102
-0.30833971535407	0.141698538785299
1.00771549112437	0.831212092251799
-0.175644315331952	0.116708892195931
1.57561496103913	0.784837909518107
1.06501836014668	0.515705414017663
0.669336367317634	0.21240221601861
-0.139626623650296	0.0500203007886289
0.482708651396445	0.331621218556738
-0.137820022461595	0.0933836661497295
-0.0919427729939418	0.0538984869490481
0.0775270858562632	0.050574527313583
1.28107795691223	0.707905162126171
-1.51395570496283	0.539857861420258
-1.13422470394875	0.343215945535417
-0.0580482813352692	0.0252965984062799
-0.323840046514806	0.19449152713607
-0.307333670097824	0.141205050567766
0.462298842065256	0.336895484449459
-0.066933894263564	0.0406190855651049
0.44119189051094	0.337825825900812
0.398493071197486	0.180184081984467
0.157233320296583	0.0533909154169995
0.186937946564944	0.122748475464715
0.698637946443475	0.327891418746038
2.15097670383453	2.2312291418788
-0.521210980107801	0.197392065778108
0.613334712581245	0.322191868966246
0.297315429519196	0.224774835445321
-0.0535269697216504	0.03890620789301
-0.256174612104897	0.209038800073977
0.87934656558488	0.65703779864202
-0.12131794079104	0.0843202681933497
0.290911484872264	0.245706026892822
0.19166031592959	0.1379815711422
-0.60155105895834	0.661366451315021
0.580765737863465	0.580550679305384
-0.182967422810521	0.154778223536505
-0.115567082948631	0.0800985197740671
-0.137820022461595	0.0933836661497295
-0.326925772773968	0.259664282963735
0.211220546685712	0.176222825472031
1.15925715489204	1.43774717667898
0.298388039211107	0.225859918154881
0.185042159204568	0.121506079416545
-0.123531833792664	0.0859133050813326
0.757668440418502	0.745429650484295
0.461143304411629	0.452282853041299
1.0625793368561	1.13274454673317
0.444531795465981	0.341106637188414
0.329720454672266	0.20090605981968
0.196636340748984	0.162580458950513
-1.03360681909976	0.827801180770787
-0.136148460771406	0.0769155200607086
0.383118120930664	0.338583616503144
-0.12184085535128	0.0846987215386765
-0.402138264410329	0.402982987044184
-0.393772105815865	0.223023513064878
0.0843819378361246	0.0575202105249438
1.06330435510525	1.13464202343763
0.161329162445473	0.0863355739481311
0.151004764574749	0.065507375317003
0.174797566227855	0.0939275231763335
-0.633409029549556	0.154789771896201
0.949511917528176	0.252227362219882
0.53313407482189	0.191800740808182
0.157501891594397	0.0683228455660476
0.362115544439934	0.183142697853855
-0.392076502002038	0.221678407746484
0.000952207467086103	0.000653202094412526
-0.0942117565181441	0.055257487777862
1.145804828082	1.17948937596349
-0.323095211446364	0.193706159919692
-0.642846913998337	0.380358365292816
0.155572557197279	0.052867342174464
-2.0631110853576	0.939205260748677
0.700802354490962	0.329084154463177
-0.632432130022522	0.154575713959717
1.06818357434003	0.517834894778062
0.395889568519179	0.178965392192784
0.150251518108603	0.0511196116992592
0.179882531219855	0.111485650515735
0.300628166327532	0.227833612544449
0.499621853989382	0.46615841776312
0.581967390702355	0.466462141308722
0.18573178452958	0.12768114937053
0.196341982169738	0.141710883059329
-0.017010121302581	0.00808395991084176
-0.384188364659561	0.216750426392775
0.0299554626806986	0.016450128095782
0.00947989032351547	0.00479010378256468
1.00393930735354	0.82628916606967
0.712172622461886	0.471003492530977
0.1629755709943	0.0872877823404622
0.550459977880268	0.320149932178903
1.410263581614	1.10088944562354
0.691587291218233	0.324028662662226
2.7554263517449	0.769222911089782
-2.57747759965585	0.66335545132302
0.665076092013553	0.211028905087732
-1.51442679709979	0.540163579778039
-2.11145119192877	1.62104630259469
0.586993025884146	0.472150146307033
-0.938702980044997	0.575020633778158
0.158236523811813	0.0767328344983526
-1.67286521965355	0.946361120152777
-1.51429942551804	0.540079204882619
-2.58120409692147	0.664991486920107
0.451860015328675	0.181866942033698
-1.21115743199898	0.912602976258536
0.16014111548401	0.0543685528719876
-1.66308114250492	0.937668708022356
-0.385444951249396	0.217688034638233
0.454894001131754	0.330223268687906
-0.780725532080806	0.515383014801664
-0.0925419739006504	0.0367298119405397
0.717777628163911	0.474543319977322
0.0321218982267018	0.0176485986847902
0.94807088907188	0.251931335472786
0.6223308723631	0.584732817761402
0.483093628113897	0.331479699012768
-0.100749904143476	0.0591569971614653
0.0318539518731753	0.0231981121655448
0.555212366485705	0.568162973550941
0.441316301702434	0.455457457546405
0.0505760276436238	0.0296708103485104
0.111217749985205	0.0822760644114571
-0.369191519853679	0.318256160938533
0.319017971746801	0.221212645900438
0.071244068324325	0.044271664798355
0.350744664274075	0.196843850056051
0.0312153578491275	0.0171563406600986
-0.777964055139437	0.422968109734543
1.49384633532893	1.51678208682566
0.185841335388994	0.127915553777624
-0.007596225673108	0.00504343861712137
-0.382669797463601	0.263438015736992
0.7260952094187	0.482516941792402
0.168899461317469	0.090586888047103
0.531594719866229	0.463247758126607
1.66452568311974	1.57832451238081
0.924631920990156	0.808244456322572
0.0588912629173051	0.0345459924224567
0.307805961796296	0.223596179062018
-0.0482386103462467	0.0211291406474978
1.1016986608161	1.40400484716965
0.152998897216914	0.0587123670012067
0.829988921889609	0.350189547890131
0.824791885509457	0.347423104441754
0.699886850884317	0.615312804820812
-0.328287246019135	0.197480643103248
0.316813064284217	0.219438695133375
-0.0157491960503382	0.00752171434193213
-0.182990231438964	0.09826283093504
1.86513763251306	2.79676721956931
0.156654653991889	0.0601389991500927
0.62100184145069	0.474322530861758
1.27793156796812	0.705158655511195
0.149358487897967	0.0573759536116166
-1.51853446946828	0.541976089171892
0.162400863971746	0.0409830958055786
-0.324907558031969	0.195077510497479
-0.596986385731823	0.286006259360821
-0.10064968729674	0.0399126998409697
-0.0985512306824982	0.0578440891514432
1.15231024266666	1.31246973774642
-0.259035294941861	0.161837882587291
0.810378660170242	0.773855861752636
0.197106629718457	0.158184289843975
0.444173301531145	0.340600080815718
-0.490671957687305	0.367843209237577
1.4901314737705	1.51101293493396
-0.0140518477902962	0.00674805953962364
0.57342559321312	0.458045428930429
-1.04006538596871	1.08169069231564
-0.222584047006859	0.144484369548099
0.456085245984954	0.331503651563568
0.399300603945175	0.180806812694749
0.159941194521509	0.0543013031904569
-0.790985411426471	0.524435149816143
-0.207755228062747	0.0671646434701178
0.534018135349711	0.192121771213656
0.163386406136861	0.0411852790230607
-1.0198546198872	0.40400953786834
0.138360048353922	0.0532086860049081
-0.0944152775936752	0.0374478151240738
-0.208667796819469	0.134587638134474
-2.46306860145217	1.36969938171346
0.145145394870332	0.0494264952499732
-0.215184417856504	0.0694920488130609
0.168996227736906	0.0424334312831713
1.24728967374082	1.05816745531555
0.923736217331751	0.807095038769266
-0.597009861333974	0.285789886368716
-0.178325809849769	0.0956432000648378
0.369480010597728	0.187235220462639
1.01117706497029	0.835200482657109
0.400572928094162	0.181265513895317
-0.342569521377039	0.0986187132378211
0.58573525820355	0.470866644348287
0.323290088478053	0.211044171235679
0.807990054415582	0.770621920492089
-0.485698958340536	0.363377409444353
0.0795200436402336	0.0519078943307098
-0.0162257371332518	0.0104096825138414
-0.553167194102993	0.581640123904529
-0.249537639108936	0.184946034759345
-0.263431295010519	0.164966336541921
-0.369694120552013	0.319004497691787
0.0941656969320726	0.0644414243337698
0.0186514483260799	0.0131511559966405
0.0977574516724573	0.0694978840469194
0.00494444558464818	0.00373799428190634
0.503901607216186	0.452642079490502
0.84412615477463	0.76759375118073
-0.278899392773594	0.201810043466393
0.4725163559855	0.450715494136222
0.318921160481768	0.221163400026329
0.906371293799265	0.931453420396886
-0.859725011514796	0.856617117960974
-0.0436236693985355	0.0271925948840555
0.082387390057936	0.0538056969547782
0.348059550493791	0.195101037776792
0.10066007233878	0.074080431446133
1.55158161857706	1.34484480685451
-0.311588907030922	0.276618011379871
-0.13042469555266	0.10187755554602
0.0791234564517174	0.0492485892512145
-0.024602059327307	0.0156754054692676
-0.17790555946232	0.11830016958082
0.409045211640014	0.339073233456853
0.486840288785182	0.45103715034568
0.312934953172475	0.216304915182777
1.04326241329137	0.99419865438622
0.802295586745612	0.639197961482164
-0.348465736253515	0.100232718134072
0.821753992690835	0.346118851347505
0.149517108687971	0.0648620346525549
-0.321376058493921	0.192552765387273
0.863500949226709	0.792358236447024
1.45755788817706	1.66420676275678
0.0300226735462542	0.0165165185222296
-0.307119098015261	0.141289424880118
0.805475649413266	0.643181040729051
-1.46618507791004	1.022080025453
-1.47600532386391	0.744444103610333
1.07164693809362	0.51966461625766
-0.761830652619391	0.330839895803259
0.163149905636875	0.0486839149701593
0.0132359421679217	0.00664208740493973
0.53313407482189	0.191800740808182
0.928177728183706	0.812657486338227
-0.0950544694399445	0.0557719982809037
1.44970139011967	1.6495037523233
0.312302352457845	0.227469703014709
-0.91946542602282	0.674882896976471
0.31376620481335	0.239359146325946
-0.680741758132087	0.540315216827027
-1.24002922284119	1.15647270055577
0.599945660801737	0.314132969693009
-0.232189466932204	0.116099119437757
0.171852591313684	0.0922644634047073
0.325533642951537	0.197955177216125
-0.785028265493722	0.519455692316502
1.37095118083199	1.27336191741562
0.694680467931084	0.325509804917401
-1.02181759550244	0.404915960039854
0.155572557197279	0.052867342174464
1.44987667304504	0.480675917422322
1.95706969381346	0.441073865263096
0.160770338301963	0.0545730641617949
1.78570133328265	1.00012342856052
0.736243154648308	0.615656577878728
1.66768981411588	1.58331651124335
0.971050280960556	0.664358319759932
1.78499721310508	1.84136488059932
-0.484666628292446	0.254132958298524
0.163464555284079	0.079476704261023
0.157150948993736	0.0469889516170941
0.366241448531529	0.185594854023855
0.825425367366759	0.347866059057456
1.11306473090488	0.851419113177398
-0.0239930594834658	0.0112747439370039
0.925587429922087	0.80918564943518
0.177458422719425	0.103180209653509
0.0125496471136688	0.00632821759696845
-0.0626817939022515	0.0272629152303502
-0.662617803884328	0.463093263248895
0.416008285684522	0.188842778156294
0.903755370731644	0.488140001047742
1.07503638280696	0.521519260914522
0.622062812396434	0.474597419524319
0.855638317054015	0.782135791571494
0.377244920874072	0.355283068821557
0.581273680485498	0.466242907629733
0.030519599719492	0.016805053369092
-0.210883474267331	0.136163523008224
-0.394449589678144	0.223565796782749
0.521631078525432	0.452111742502634
-0.241537821877413	0.178208232625908
-0.701885932642015	0.714336760676487
0.180775410489862	0.112086020898792
1.03316181761055	0.980595208606233
0.293536137982416	0.239803100108285
0.510883506043998	0.460592839310264
1.10267959503482	1.40540356098984
0.855522730586947	0.782806649271978
0.096673533654044	0.0662179325566937
0.308439028828915	0.224170948743164
-0.230294180675571	0.115059384993307
-0.177453415626106	0.0951426151730937
0.530296703481044	0.461802933669984
-0.208395577705275	0.1747019518953
-0.0790889862743108	0.0568209321718448
-0.100770587146661	0.0591948527383514
0.0103410715667396	0.00521142272241174
0.323010977807311	0.211131092630742
0.178127814721405	0.110342890661026
0.553693857103661	0.46404067699291
0.340266386814607	0.208080902655731
1.00126994246497	1.10393981112023
-0.301315288469323	0.13842844199086
1.25211122353435	1.38818161686057
-0.0682730440141612	0.0414322919622975
0.670319945898335	0.212719010726886
1.538213401188	1.32597870440773
2.76001936377537	1.69790130510886
-0.325085849824432	0.195354746911645
-0.877450049251733	0.80821644676794
-0.277705698246018	0.200835315545668
0.614974232172001	0.467667940310629
-0.556582872540533	0.503917354559699
0.966794282959935	0.660689747386811
-0.909325674732412	0.663936147268422
-0.524601483691042	0.330774520536908
-0.0257829651330718	0.0120940622120306
-0.721869461814818	0.247692755164189
-0.981199840888374	0.485833522403223
0.15566119641323	0.0528907668896057
-1.31918478564928	0.825198036255821
0.373213756568532	0.189387369020431
0.187763442698631	0.129363181610734
-0.279687299118882	0.202441078130093
1.25084496861336	1.06365034155421
0.59016779782074	0.475330873341404
-0.286935003738756	0.230888993093608
-0.943703640481509	0.579083515429013
0.00542252412699486	0.00281888136307994
0.0500873765392169	0.0293846261744733
0.963452955175324	0.95488520900526
0.33405091407982	0.20401851788488
0.0797628402900186	0.0520687471052023
-0.397938683519827	0.225657639289758
0.294766246781085	0.222665029369188
-0.389264439668591	0.161953056740971
1.04455801006536	0.39678683304154
0.907231293613751	0.490416804684964
0.153247518839476	0.0288421886814327
0.675067592191977	0.214306398275368
-0.781177271117147	0.515608975494748
-0.719465582528739	0.247026553935257
-0.013605078230749	0.00654598089259042
0.347789619627017	0.19513610231613
0.289268494836707	0.235703286935187
0.177894648408625	0.103384495660286
-0.788534420756677	0.522208780534266
-0.525910318101456	0.19924571432488
-0.725197552734606	0.249186509576262
-0.14101964328108	0.0504716961736828
0.33448200564025	0.204326935418484
0.608023768428076	0.319085619873856
0.19106319995837	0.131850588296514
0.340355603217856	0.208141906412979
0.051805790743779	0.0303899729412304
-0.0153043310457951	0.00731883662214468
-1.22128710048539	0.925150840325433
-0.615008645900028	0.547395526405461
0.030519599719492	0.016805053369092
0.468907282510898	0.342582149238242
0.451264737753217	0.18161985383083
-0.0772686250923056	0.0623914984325517
0.0776674917610095	0.0506778913677639
0.446455564020377	0.34261208232951
0.559167251303512	0.573426804587455
-0.502539609917884	0.460291609779179
1.16514044033904	1.45085562517182
0.941674334608767	1.0656112884508
0.19922160724608	0.14965594440788
-0.69279426480564	0.656548247701775
0.733811832084602	0.83362145588571
0.743257913769928	0.62379521137492
1.01069976884929	1.42865530360778
-0.00139892766630803	0.000952798688601571
0.0793922038950793	0.0540097965040589
0.686947508877456	0.599769934376995
0.693877731355971	0.725198518991827
-0.175245385882278	0.116426099645746
0.944339350879376	1.07014097365915
0.284732503699498	0.231314997324139
0.584126023567773	0.468850070319084
0.15860122996506	0.0770351109459426
0.0116367284370391	0.00587677565231847
0.629405304766643	0.593555136031229
0.319250867124376	0.208198556425253
0.530438344203526	0.461696208904417
0.331360526718453	0.217381631511302
-0.150022630205456	0.102242466336624
1.08475848571964	1.27338207038222
0.331370679011199	0.217250755821154
0.545433235433647	0.455075986402444
1.54084749584586	1.33022788546518
0.162479935061762	0.0485106492306684
0.536938645245252	0.193260647952111
0.533792789739045	0.192056407531968
2.13003038091923	1.49014223839175
0.39715447448971	0.179769386053715
1.63259951850119	1.14951033480966
-1.16252831702977	0.650995830708606
-0.0999464546410787	0.05871416011342
-0.297508253338832	0.136455589869049
0.165626935135117	0.0886222571915064
-0.129861236531692	0.0732244112013494
0.182520210783902	0.10624938140073
-0.781638200249342	0.425213529951623
0.402987900292784	0.182610353892231
0.147009120270064	0.0565030149291443
0.94904571537762	0.252100131683616
-0.716074907122798	0.245725534591538
2.57173593243858	1.43278716377426
-0.0835869648801744	0.0332872506297713
0.0107769135214632	0.00545423012004575
0.791871653537492	0.475934696478668
-0.0722054500100995	0.0438612684867641
0.316608974297079	0.206282882537937
-0.375446268834999	0.293946225227833
0.329574449286205	0.200702259908748
-0.0504442919763924	0.0220653569575298
-1.67435835476835	0.947860706735797
-0.648752946817736	0.385447281923027
-0.905744620835938	0.660603046372602
0.689495334060082	0.322521864254105
0.157402307591701	0.047080036463379
-0.0508281817419171	0.0222238557932999
0.718628543334423	0.47536423600788
-0.342569521377039	0.0986187132378211
-0.0983497166595668	0.0389984690848497
1.82513230176872	0.715356894962213
0.166311360817904	0.0418484681801843
-0.346820783252297	0.0997890928773071
-0.342569521377039	0.0986187132378211
1.24596127489831	1.0557698000941
0.348968105722783	0.195679330216055
0.0259232616360773	0.0143195444114661
-0.382992388801051	0.263603427403501
0.152176593352271	0.0659288285925568
1.07503638280696	0.521519260914522
1.34490368883035	0.590413292484863
0.144719335466592	0.0627800565010028
0.0646070949357312	0.0400868022770541
0.697273546754482	0.32704484516564
1.1143793262978	0.853059995456295
0.372637803106779	0.189051168880142
0.183538144971036	0.113861410190361
-1.66763690551666	0.941299324199867
-1.16404268392444	0.652680355623344
-0.779093347775463	0.424006995361538
0.401103036482019	0.181549511392063
1.07528526453957	0.52178387770806
0.696047588021093	0.326279767661231
0.662433752169924	0.474738461736935
0.187975042917164	0.135046637382147
0.48594031115019	0.334406348210333
-0.591914641517391	0.480685734122491
-0.995008553997452	0.893846069612346
0.0448933733194572	0.0263345311536222
0.0499065953034062	0.0293038126138916
-0.0252594062774032	0.016096212540246
-0.0870033483221894	0.0611913047303372
0.0110351687891959	0.00745911486595917
-0.136769359243208	0.0926227950657764
0.156661725264315	0.0680348623060046
0.436697717870519	0.333715771399905
0.620899376516185	0.474241466663661
0.290115873333145	0.236558362533594
-0.687027610925867	0.600381111350987
-0.275593092006535	0.199015683174075
0.0776795832116089	0.0506752708978314
-0.233421938900356	0.116634513061264
-0.0718006032502968	0.0436128812879315
1.62573651346838	2.08965131374487
1.11517745291194	0.854091254858432
-0.0349318163037946	0.0218000093405864
0.336175351871603	0.220711405251453
0.695232712312918	0.609603659453071
0.357239785836174	0.201040576701537
0.174361137591886	0.0936811228537822
0.532711416764621	0.46415225600459
0.338499040992001	0.206853745294809
0.603759738703364	0.587156813640522
0.868875100998277	0.646701059817204
0.585212624941331	0.664769736212907
0.313653927437519	0.228501261967613
0.179559511832309	0.111161492163833
0.584805466423589	0.469961022320842
0.519535586659327	0.332883819717104
0.340929544178624	0.190777246558666
-1.44258344349576	1.29248630219979
0.157501891594397	0.0683228455660476
0.701787712435151	0.329614533565531
-0.599108897150684	0.286827148762254
-0.761752909440597	0.331039690409572
-2.10614924905207	1.61207120992288
0.5530182159377	0.322557454932327
-0.22074732976732	0.14314844502324
-0.453149481298289	0.301489285219133
0.803018884750755	0.764454871264276
2.03489866261403	1.93764803857085
0.51703582822923	0.330921986220082
-1.0278388446383	0.820853967845399
0.173314567581906	0.0929999597795096
0.556951659136863	0.325403976888488
0.143608697063923	0.0551953723802767
-0.628807341949763	0.15371861128279
0.149916983649413	0.057584517845971
-0.0539324709701418	0.0235411895591245
0.154169004929053	0.0668513325863638
0.462678546869614	0.453968053171013
-0.387558658262201	0.267419499854769
-0.0144111725378792	0.00691170873906509
1.0876872289177	0.670268278706768
0.160781018809002	0.0781813720193217
-0.0932947652301866	0.0370623552031172
0.333241792594933	0.203011601360941
-0.0608519711806377	0.0264842376581589
-0.135124688674233	0.0763355145886027
-1.15543773075821	0.645231108777397
0.536938645245252	0.193260647952111
0.69919774718211	0.328177033610307
0.792252813462243	0.476180955501884
-0.485425543764956	0.254453260517848
2.11729797170485	0.949744172786966
-0.719465582528739	0.247026553935257
0.537822771634915	0.193597818709898
-2.57775304544287	0.66318910114962
-0.389816144499364	0.220511387038752
-0.571970200496342	0.417238624985085
0.186067525505773	0.122195416412156
0.870797997208904	0.648222116004186
-1.81158704205843	0.737664856226095
-0.345833967465969	0.0994846900020102
0.535559873099342	0.192653298005135
0.658000152032653	0.470791410200489
-0.0683301844187519	0.04147937962863
0.533792789739045	0.192056407531968
1.33769715960399	0.586940811923239
1.09612703732012	0.676988779519648
0.445569555469994	0.179194625806487
0.160875819484411	0.0480497781693361
0.619898404029844	0.472803671700487
-0.179919201902072	0.0964736327949112
-0.0649257275725452	0.039377606296842
-1.04477125506298	1.08925126143556
-1.03826300833981	0.832331249385216
0.17853671918561	0.116890819240396
-0.428892963023146	0.32963096097753
0.183745772518997	0.1263427795654
0.312113327144213	0.227277451469195
0.1813393282134	0.112380726513334
0.0717930633224316	0.0446146215065396
0.394354822968929	0.337913655306629
-0.248950903947727	0.202221340246417
0.46181764289544	0.336517372717794
0.191721957066823	0.153322554482845
-0.592322892529024	0.481573529862622
-0.0459640249383908	0.0339659501998753
-0.408775935849114	0.347833929461139
-0.781478915655034	0.66978978413264
-0.284530136337456	0.206432713943816
0.698868325384188	0.613649922534763
0.460938672627969	0.335747938228491
0.505575019093936	0.454657776466493
0.387952026187447	0.356020170579184
0.663774729848029	0.475985757115722
0.0496772157167485	0.029143767069988
-0.282834449452219	0.205065001051703
0.074680984564113	0.0464694614274968
0.61690935683064	0.470309495117956
-0.173900874778713	0.115423055894163
0.454522948148961	0.329529634247613
0.0785858591805944	0.051282975254928
0.39828069409562	0.328228240354744
0.331392761482875	0.201961810615482
-0.102975517921455	0.0605204169107499
1.40532776104477	1.09559861343214
0.486430874635818	0.450448953730714
1.28637465317924	0.711760214983462
1.04144562491045	0.395430985542635
0.74283965149648	0.623261153138081
0.482666418304695	0.331134280348484
0.347245838133817	0.19450447081206
0.556113632116249	0.466784438340753
0.586147239675438	0.471239817939116
1.04200513265842	0.992765300024413
0.868112806638211	0.646227452429356
1.23818792904807	1.4987751968184
-0.563683549650235	0.409882020739876
0.303536213527441	0.220087927051664
1.37532267526877	1.28055246003948
0.536053807050566	0.19286894180571
1.043976632643	0.396216625660344
1.11047089742212	0.848166478560186
0.177742241460438	0.110050355870103
0.162507987983797	0.0870278806862286
0.330683417990316	0.201652377165248
0.00585342038117148	0.00302912695771351
0.15866325352339	0.0688602778933149
0.697978281106725	0.612593259645089
0.797410579915041	0.480244887095095
-0.976101141403147	0.482953123075632
-0.29884559640504	0.137096023510432
-0.10566638295786	0.0418525691984871
0.161399320899091	0.0547651772106257
-0.0893957968567151	0.0355291798553639
0.524158604126211	0.454932631663219
-2.22993848357785	1.87024190771929
1.24524135461116	1.05494726017426
-0.595379150571657	0.284849199337187
-0.0248714526115617	0.0158497809024932
-0.54046231378463	0.343102904543558
-0.911936652325623	0.667208783846862
1.40940325546432	1.09991330804307
-0.0135296380788268	0.00649807184099733
0.397158745568435	0.179710547162979
-0.100123197425541	0.0397054516780148
0.397687058200255	0.179960302322032
1.06100908453257	0.513194860363795
-0.389569741096937	0.162139446571965
-0.628347365301396	0.153568930486371
1.0423751179533	0.395795368074734
0.83246828527252	0.351295484441392
-0.629267545839357	0.153771215183604
-0.137041630618448	0.0491058156287616
-0.0893957968567151	0.0355291798553639
0.963807516987972	0.657282330935646
-1.47919430383771	0.746880588483709
-1.2715791538244	0.57266346760598
0.674079709901257	0.214036050556618
0.15626975600377	0.0292821097759299
0.159311548972865	0.0540967488137483
1.13221889015505	1.02645336660912
-0.701162804571029	0.667242271054775
-0.782848210266674	0.601027920460886
1.54088895404837	1.33182432636079
0.31495470016893	0.229604750305333
0.319115513702105	0.221142484048135
-0.37887475673352	0.297105552968322
0.43958836933053	0.336057070181574
-0.987967814951158	0.884662658443205
-0.538915251840725	0.341861212433064
0.269196354953226	0.245383328804524
0.846548856837401	0.892767016477097
0.204290407590584	0.159315572924144
1.37130719586949	2.12334710435563
-0.376453371237116	0.258271344397394
-0.128258777462987	0.0723323558949766
-0.24636744000493	0.182303633250694
0.0772495365674317	0.0504100449369427
0.317925802198706	0.2071718358629
-0.78730246118661	0.429083727873182
0.566695518008079	0.562076895231253
1.00409389397813	0.827708748960961
-0.484811746349744	0.43969340952329
0.383886935521569	0.351429946591687
0.547442358245519	0.457089801447428
0.800448039321	0.865781869796284
0.166376243194383	0.0891146412099686
0.743257913769928	0.62379521137492
-0.177694490323264	0.0952928440639941
0.066194903641279	0.0411166422680037
-0.941894493378951	0.996781204911112
1.37005546443986	1.27207162483736
1.03805112363962	0.987613548303277
0.175595693453209	0.101910285200057
0.00831888932546103	0.00424238814661733
1.14386318597789	1.17657542679098
0.31644473937746	0.219129399772248
1.96743511367995	1.23355237532396
0.826252270975154	0.34827642903147
0.0163745685667156	0.00819959981213327
0.299797750580127	0.236704550338345
0.524270139302341	0.455086093077314
0.963844859574746	0.956436115033603
0.315492656766175	0.21837294907504
0.530296703481044	0.461802933669984
0.429797095745859	0.344297715804031
0.570210578602513	0.481476787132794
-0.385978942728113	0.217869472896929
-0.408189919489585	0.347245280107557
-0.783961849673004	0.601767101224897
0.719966918237042	0.476553512971567
0.802831501530275	0.640122706543995
0.576621992044415	0.461296031716428
0.693934129618868	0.608074205989435
0.168024389644932	0.0900895685471594
0.347905174551454	0.195369779413381
-1.6681934873708	0.941769673728646
-0.314391292658505	0.188077525015696
0.169488076259706	0.0908379887016671
0.1877816002394	0.116775737812767
0.720341624724678	0.477169472464025
0.320174341164997	0.222132199832712
1.05283179170089	1.00731402747605
-2.91068417938425	2.15113872104886
-0.397835615695759	0.165973732684536
0.161787544386438	0.0408470066516523
-0.213639314943098	0.0690063709749365
0.619001380044458	0.471847958256032
0.62397812928493	0.47694948365416
-0.00553083704577322	0.00356581095413749
0.379687902763835	0.346669917028723
0.072107371529797	0.0448012080924332
-0.282324943792384	0.204599971043252
-0.484573292944512	0.254058607852369
1.35331103171543	1.43860392220499
-0.542594601679102	0.487359454328135
-0.395476446017133	0.224034237860577
0.794644434154283	0.631978132302356
-0.0523663428983808	0.0228674457799947
-1.32237114141815	0.827910065900117
-0.720801185410545	0.247515042606667
0.159254621850194	0.0611156291439345
0.158826104912647	0.0609548710779461
0.166786027725508	0.0496866477008084
0.161809663243855	0.0483223326687324
0.168287851014599	0.0422797449011708
-0.260710382698212	0.163073720830304
-0.56468877047926	0.410813779526345
0.318453884272814	0.220684958754322
-0.446143900487465	0.296186032603549
2.57926306145624	1.43788973399176
-3.75466048479637	1.48723142869904
-0.720801185410545	0.247515042606667
0.460117505724027	0.334990621704144
-0.17402584666089	0.093227426594519
0.405044368808461	0.183531990620571
0.833727561003761	0.351798728426686
-0.177296413796903	0.0949974911402698
-0.214191216073961	0.138500297727432
0.170801085300371	0.091566893406975
-0.216248822050739	0.162921509095025
-0.784363615034298	0.602808728633491
0.300963518566981	0.246893759351392
-0.449405178409474	0.29875423654778
0.458159736452197	0.448511085709748
0.375535412110873	0.342022693146168
0.116073435400821	0.0888495148321819
1.07048495434583	1.14516014500894
0.191181996857703	0.125789442738501
-0.153568824739016	0.118512004696451
-1.33241297853855	1.32700296009343
-0.0655757574679702	0.0468593122475649
-0.892508238693006	0.742480687476533
-0.258468427172895	0.161516789930033
0.311000010599223	0.226372422014578
0.295357002348467	0.223172401742494
0.463229715610724	0.337584027613755
0.312113327144213	0.227277451469195
-0.173940372481319	0.115482269710865
-0.372570875319272	0.291218929603456
0.527742415109739	0.458793301741132
0.196315624122999	0.129502879782596
0.496119045420399	0.462099231984351
1.12777493463279	1.02161548481618
0.577836854288122	0.462604853074273
-0.0880174219666724	0.0515538922074258
1.45476863360985	0.908986555296518
0.489086871026926	0.336771162747167
0.297237949748956	0.251922331643872
-0.524547086084696	0.434937389582846
0.636152115166977	0.601979292527046
1.58247698417505	2.20769207748745
0.367857687851164	0.186282726793483
0.192164810181977	0.143775099298565
0.183470480249559	0.106861436974659
0.930994778706434	0.816595656076988
0.790850814530554	0.475584035875398
0.174098649518646	0.107604752410598
1.04388504434288	0.396330532362075
0.6737511905791	0.213807078926834
0.458335434091426	0.333410985027756
0.360966688110532	0.182409610675254
0.548101354473444	0.458074252335856
0.385490778801255	0.328542049070253
0.415185981077608	0.33014308491113
1.82923234120697	0.717272154981968
0.172596013966935	0.0925784634641169
-1.21943207596614	0.921730085392528
-0.662046711462946	0.462871385512073
1.24336217602028	1.63598857525548
0.633723215181151	0.598770289811161
0.195018204411497	0.134788522185075
0.627157484938295	0.48030762069691
0.342057833016578	0.191397155646091
-0.678121111526724	0.537521331589093
-0.174931447771067	0.0937335226650603
-0.178469205448229	0.0956349161797301
-0.0955388252862682	0.0560680345098568
0.403524695239033	0.182794477072064
1.24647427920456	1.22697050362961
0.921547307670038	0.804979765416406
0.172789961752669	0.106745824986015
1.07562959364699	0.522094861817641
1.40119304373575	1.08873704968477
0.661054077799459	0.473430184636827
-0.175961374896128	0.0942639461101265
-0.100334612556172	0.058909820367042
-0.390616323923458	0.220956414715908
0.00476622167872281	0.00251847902698981
0.721738245728048	0.47896094175654
-0.223735697055648	0.111600160854454
0.450669254708217	0.18134583956387
0.155992086806561	0.0676685766555785
0.445938560849693	0.179281307043023
0.477773519436969	0.3275269206965
-0.267067311209289	0.167427420412913
-0.180132918948067	0.0966398775060907
0.908223326463872	0.49152217183596
1.14653579547797	1.17998253594442
-0.0214814246712451	0.0101306429508395
0.163384050918122	0.0875166951814685
0.554463560288925	0.323208075976028
0.0280757639766885	0.0154586431179843
0.558392024997134	0.326071966892043
0.401632985718102	0.181813336735641
-1.15777996472637	0.646985468514697
0.154405609260092	0.0524648874942541
-0.719465582528739	0.247026553935257
1.33769715960399	0.586940811923239
0.153526628680235	0.0288819285189665
0.168287851014599	0.0422797449011708
0.167679655711552	0.042156489933972
-1.82647775823285	1.14794943116393
0.165195645034882	0.0885440088455276
2.12950567024572	1.4892963473493
-0.0214742007885746	0.0101291569044534
1.78510447544976	0.999170872706422
0.601748662397598	0.315101390151721
1.95791760701363	0.441280139896969
0.166573978608795	0.0893075600675927
-0.0213042120606195	0.0100424808854549
0.153853653569882	0.0460553468924526
-0.976260403903207	0.482632667431988
-0.782067268395108	0.516478596112347
-0.261266021162924	0.163426416679046
-0.30515477418509	0.140206020457341
-0.0688570412969225	0.041798767209812
-0.478224671895098	0.250375834711054
0.175237131265749	0.101880218113123
0.327631712829892	0.214352448233643
0.316538063528019	0.218989280378669
0.188966317770135	0.130282767440197
0.517632714033861	0.331080109321124
0.798173868268265	0.48123512518269
0.0812050901902148	0.0530337255484101
0.00428051855214553	0.00227953998800251
-0.0719218146130714	0.0436634811041692
0.0788440050742485	0.0514723179013546
0.314771349400786	0.229416472933027
-0.664580811764525	0.465223480286499
0.415265282255935	0.34554800590807
0.805475649413266	0.643181040729051
-0.0153019114120741	0.00731775449019482
-0.259908179973121	0.212555434172374
1.05910106746242	1.12770265048132
0.342956983513116	0.191997470351519
0.454790865977891	0.350507599545506
0.48450659511613	0.333126046623536
0.665921163692241	0.478216635353623
-1.24268609200594	1.15983475661452
-0.141639320211541	0.0506853741123513
-0.784101046813443	0.673288906781732
0.466156923241707	0.34031071350993
-0.542094368443046	0.344515323051169
0.790253407479259	0.474301100203452
0.514777543557309	0.328996739164373
0.66916553013023	0.718401051215443
0.875507416710319	0.652979032000498
-0.0975107428477955	0.0387100574923889
0.151004764574749	0.065507375317003
1.4064336959157	1.09555307903416
0.503407744703167	0.32011759615642
0.697392649836472	0.327138150751891
0.828531603525907	0.349434554924782
0.345916558505986	0.193680799734023
0.871357517323449	0.649452876811371
0.302919076355735	0.229813536908403
0.201997630407884	0.151886864888726
0.45798321618959	0.332915350304987
-0.570074560740508	0.415620259395675
0.182970168480875	0.119982588782716
0.621090534844586	0.58291641759153
0.455217928961299	0.330711330437645
0.409501514138875	0.18574093968286
0.153291518794286	0.0743529203749816
0.31967535862481	0.2335599039678
0.338576643750019	0.222723214090685
0.17287741001599	0.0927564433665884
-1.09107883776814	1.0514914756524
0.555710987703824	0.466346652132089
-0.272285736715378	0.196257956579242
-0.0985678737634131	0.0578830914246087
0.300860694447894	0.227784158856366
0.330576786338604	0.216817805958887
-0.017091761774903	0.00813166324118599
-1.59808359109758	1.22917821964067
1.08705385640877	0.668531049104951
0.581344559896288	0.466388467361479
-0.0969157406541867	0.0568711381046803
-0.0248899303496114	0.0116827476421829
-0.187013060897351	0.124886570298733
1.39620425261897	1.08374904977088
0.833933564544303	0.352033660782181
0.534451222825175	0.192245698269146
-0.48625644407589	0.255318665215192
-0.54046231378463	0.343102904543558
-0.0549614474231717	0.0239689190779343
0.509507386479705	0.325124112736713
0.79145877183878	0.748423833525884
1.07365456854649	0.520786553220713
2.61496760763817	3.69115332736181
0.86573289427438	0.643445672761408
0.620373906939592	0.473329467302195
0.159811078024297	0.0613344723703749
1.69875295426426	1.98652290753493
0.194225531822434	0.134174624770198
-0.949882477861759	0.584487357469079
0.176439895940699	0.109166545167204
-0.326664483209116	0.231359935305199
0.697834101611107	0.327384517324711
0.794646443867503	0.478323464677085
-0.217186775788433	0.140528956598799
0.333599288535465	0.218979230839953
0.0519381982102062	0.0304430709896241
-1.16334851856352	0.651241924987179
-0.608544502129198	0.292385991772667
3.6429298839629	1.43447613792276
0.163413249256128	0.0487677019311828
1.07246466651492	0.52025153016617
-0.511312418026602	0.193302575730068
0.162479935061762	0.0485106492306684
-1.51494963266618	0.540305848955056
0.788948109316971	0.473822864869208
1.78707733543639	1.8467914815878
-0.784448456184919	0.602319839446662
0.395360119557451	0.17875669532558
1.57954391882248	0.787716824587837
1.46479365517818	0.91753003965277
-0.000424033984474236	0.0000023455060628937
0.794834291287647	0.477766178187077
0.403246530166326	0.182661858543197
1.04698469032468	0.397439991047119
-1.48440303491383	0.750386682136879
-0.388461597217789	0.268134075038037
-1.4280350960152	1.51954173062732
-0.33078783031414	0.26322699830163
0.586215961511808	0.471050290954982
-0.0295203196634212	0.0220530798965256
0.38526363234841	0.340976682627445
1.61755222064732	1.13384014137829
0.106967189107814	0.0763790707821292
0.421258414149363	0.336078742678577
0.0360474323178561	0.0270880289714509
-0.374515405274963	0.352423787517355
0.192623995420044	0.132943921356082
-0.570485857892661	0.415799851325432
0.0298898134479196	0.0164394865031326
0.644328634301876	0.707560827485471
0.527300673290148	0.458444360189662
0.556424308742726	0.467075797039949
-0.104292116673524	0.0613110610829533
0.186876448131882	0.128644979403005
0.46057131841858	0.3351492090972
0.526249134408673	0.457304872545846
0.339448119116318	0.207517397100923
0.587888321610114	0.473102861270706
0.432334821239967	0.329738906249305
1.67037042807534	1.58868779067208
-0.612358406271079	0.544475017544769
-0.132409770852179	0.0747507376934774
1.17103355767067	1.46128353073897
-0.172638109990317	0.13093496129229
0.189307914056458	0.136081095379495
0.854832500106717	0.905283246814631
0.625830075516639	0.479091567241029
0.934454424768056	0.820389213964088
0.685121295583481	0.712828792294947
1.77766238048599	0.993291563501666
1.07164693809362	0.51966461625766
-1.24011381881615	1.15651731616545
0.453908352479678	0.329525271917612
-0.975701969459145	0.482325107667453
0.552280484348731	0.462309519770764
0.189508248101555	0.136309852837565
0.548898807115494	0.458823893381239
-0.170075167808246	0.112681895511012
-0.913235348491248	0.668472880495576
-0.133780562030105	0.0754993492822284
1.25466576155538	1.06781864866894
0.449618779962129	0.180872500408506
0.905896206154677	0.489688063229025
-0.566019301568724	0.411965346053057
0.619166890158593	0.472620100963789
0.160349171679355	0.0779211825985361
1.91299478314608	1.66138737201246
0.173288540761648	0.100446794427564
0.0574485324190062	0.0337213327231514
0.67038171378441	0.482142964695784
0.183494253899335	0.120372840985197
1.46346282980804	0.916235740824979
0.178964171889973	0.11093516169676
-1.3394215288038	1.11035346144563
-0.23702181945096	0.118645904673959
0.157658428458922	0.0684184485852274
0.333852376535614	0.203765092976738
0.0136626639231329	0.00689838135130182
0.193716926031513	0.13379824386636
0.612828219799848	0.322206086404093
0.537164857593467	0.193341885349058
-0.638054578878118	0.377351762508827
-0.0175357631446226	0.00833471318944223
0.922395161612614	0.806029915937453
0.158160912494813	0.0686419741601485
0.00746240044678235	0.00384016287561944
-0.319799330862708	0.191740744229336
0.0691917361747215	0.0429622693061327
-0.378176411684971	0.259591592123355
-1.59764553754057	1.22916226360131
0.908754057121672	0.491693289203694
0.158029138162654	0.0536416329600349
0.366794834904217	0.185629252761878
0.859465168441766	0.787337826723091
-0.600239397638448	0.489705784269296
0.550925191116118	0.320525211401109
-1.08977671457509	1.04861812771704
0.799545194887426	0.636198657766039
1.37455042688753	1.2803886617818
0.154184444663498	0.052405972124707
-0.188696150192428	0.101443138829493
-1.32931281451966	1.0978301585685
0.332464469942719	0.202803910363117
0.16014111548401	0.0543685528719876
0.398769864448762	0.180340970883948
-0.519952717504097	0.196880719935875
1.0423751179533	0.395795368074734
3.63888635387512	1.43228475390014
0.450971274207082	0.181590642900547
-0.719194825953782	0.246846541949292
-0.0891130379539154	0.0354263445785917
1.53996859799088	1.32890049003263
1.05821152334623	1.12624602286182
1.09297568645706	0.67494580177063
0.617288320129672	0.325027950424961
0.946727864932674	0.251600896374185
0.320653932955999	0.20939528482865
0.609029825422012	0.319714020559403
0.552101709326561	0.322037921301091
1.82890866226964	0.717371086523666
-1.21422352324758	0.915313902516956
-0.381696384978997	0.262610842581146
-0.100360894467265	0.0589604049524955
0.0857950766616131	0.0561359413610326
0.320094296135225	0.208828478079374
-0.103088713097305	0.0408372321391838
-0.270198191363152	0.169603937989513
0.178615502410339	0.110507528239751
0.0562338981259369	0.0329795035358869
-0.0633756205256355	0.0384299981753416
0.414991849192816	0.345320692282441
0.665891775443713	0.608602220225881
-0.608018938642171	0.292093772723965
-0.258340992247852	0.161326861732422
1.04335672471794	0.994462542759698
0.185423492147746	0.127621009951471
-0.0438886933533572	0.0273591121785844
0.870900838978089	0.648944064504342
0.155015608432854	0.0673068309340581
1.0459682356862	0.997883608409988
0.347005095731082	0.194795300541068
-0.127405426542308	0.071805264537865
0.17703878839752	0.102943973193105
-0.416233963900011	0.35570801422704
1.07009583906771	1.14531446982934
0.927331159610641	0.81168534624909
-0.675487901404108	0.53484707869597
0.328598408040095	0.215146072009447
1.25071616635086	1.65169101420557
0.586431483875813	0.588138450248444
0.33730959683452	0.206093986067961
-0.258758335643099	0.161604950364471
0.29122599604524	0.228772300549556
0.587174932011195	0.471982531247477
0.656120897964946	0.596765664172283
-0.128415872196524	0.0723827684246855
0.743257913769928	0.62379521137492
0.764988362577553	0.75511291586325
0.797132566475024	0.479776047931977
0.964483640629164	0.659151930429591
-0.769760813998375	0.335248842053895
0.176447521016489	0.0947598795756584
0.517012578639767	0.33070971964836
1.59266420840323	1.73658846827061
0.472969535881558	0.451001495919586
0.62425017376091	0.58642752206456
0.319428613375976	0.22152929985624
-0.127412200698284	0.0718447873209848
-0.869802887672131	0.798653368009966
-0.0532320673717442	0.0232365980319676
1.25163945863838	1.06499514208409
0.795729602973068	0.479514100253353
1.82414885065892	0.714941399976917
1.07365456854649	0.520786553220713
0.184759130031266	0.114758251147795
0.748997123249011	0.629864912177995
0.422796897066929	0.337562443908719
0.308082441306695	0.234303571542617
0.304064751860642	0.209292520032763
-0.212966531651739	0.137657400213615
0.431498437389559	0.328803222969086
-0.690491171954283	0.604885848800899
0.566655185639301	0.331941361937461
0.726037609102108	0.482223826869004
1.79484131356367	1.86008304646921
0.631836414729795	0.596573014682027
0.532908190209257	0.191706726261354
-1.08624797880064	0.741690924050984
-0.323134261146505	0.193896850855135
-1.03677284626311	0.830627454152775
0.613512573671803	0.322329169208786
0.617714398607857	0.471039995122259
1.09067625129896	0.672795145520929
0.355108663893244	0.199658417993588
0.335618493230234	0.20482775465449
1.35508005586053	1.44179651641859
0.692225236142996	0.606252658925604
-0.3070983339392	0.141170405185236
0.674079709901257	0.214036050556618
0.867962911480668	0.645871331370985
0.156096177497257	0.059919986762722
-0.266980061267433	0.167440178387752
1.13544871593192	1.03203384912907
-0.317996863113238	0.190399137133263
0.06011804279942	0.0352770774462128
-0.274172554699732	0.197861017779327
0.747690621682013	0.62868797582579
-1.09391840452696	0.749863339220509
0.1629755709943	0.0872877823404622
0.446983181120893	0.179814814572325
0.161809663243855	0.0483223326687324
-0.14326766437207	0.0512430663698733
0.518965978462445	0.332154167760057
0.717777628163911	0.474543319977322
0.194212829050433	0.127967018226162
0.485899919883129	0.334016357081387
0.998039283008071	1.09783715643304
-0.791743450873924	0.52558128846727
1.28760244051737	0.712756520489456
-0.171945354080569	0.0920464873060915
0.159888868383505	0.0776881649777581
0.183478525423823	0.113742160918043
-0.576730870963173	0.421731446422884
-0.0996601098243574	0.0395241797534509
0.799899957919323	0.482563813972634
-1.024931295921	0.406505232933835
0.458191284190108	0.184635026747111
-0.146252414230362	0.0523425133241546
1.04950057901387	0.398703247375928
0.904026907102766	0.488357757904387
0.71737885053734	0.475113268833845
0.825425367366759	0.347866059057456
1.90458501025067	1.64966826776462
0.805048053464591	0.642654974134863
0.442939461398948	0.339390168574008
-0.273696697010194	0.171926155912947
-0.362948307543785	0.338900960453009
0.0466112349977771	0.0273399384403232
-0.135657320371012	0.0765820972081678
0.0966684402322762	0.068686529182826
0.00512909007202692	0.00319773900275648
0.283016630341239	0.245645467396046
0.807249411623026	0.769940420026382
-0.585513935740214	0.47435790898006
0.0606095346808697	0.0355665174179196
0.576517275082644	0.671722911608497
0.456587644934172	0.331920251046565
-0.133484467490344	0.0753209848308568
0.172990365798584	0.0928887392375729
0.301097081565685	0.255619698042262
0.0709927588974544	0.0441076175641823
-0.129030591489074	0.0899174473867151
0.369212771963964	0.346022902068871
0.184188278061994	0.114390943792563
0.327692174948148	0.214470923889223
0.869995449626306	1.10400785437469
1.0539348567091	1.11908212863114
-0.423511149776557	0.324656452674124
-1.14605712159106	1.63110584542779
-0.0718975146120314	0.0515020020892015
0.740720113009672	0.620554323036453
0.0456232701847654	0.0267839843938621
0.671285868287637	0.482557615605808
1.07910322676252	1.60487220872488
0.738745430303725	0.618751527128416
0.926472133576571	0.811214575563555
0.34984723722259	0.196291430186441
1.66711180111776	1.58314230886966
0.0604449699494794	0.0354608952860663
0.106649788723689	0.0761211801088175
0.846428263193937	1.00019886922926
0.337132279749841	0.188440952413222
0.588823384489046	0.473767590182894
0.159569841409827	0.077408877593196
1.25513566195839	0.873338777099733
-1.09305821367239	0.749052576889469
0.665995787434676	0.608733308563887
1.33857781519291	0.587388164181981
0.608526869071233	0.31942415641718
0.697834101611107	0.327384517324711
-1.02116299616938	0.404658802027825
1.54217989017119	1.33192661059251
0.804430958899854	0.641373603860095
-1.02308669477862	0.405545669724936
-0.685967890419743	0.54546769473969
1.11047089742212	0.848166478560186
0.667269017079255	0.479265935446854
-0.456057690391462	0.304123259524515
-0.240589762297908	0.120540244120875
-0.384780920926598	0.160046262443722
0.53313407482189	0.191800740808182
1.95882232921197	1.22517182069551
-1.27095128753598	0.572333958218654
-0.299012412106593	0.137188243727459
-0.448075392670558	0.297688337152561
0.343212630174566	0.192408815080488
0.394030581204425	0.178231209368539
1.67186641495099	1.58995623127191
-0.0557441410919575	0.024307856892217
-0.93901998842722	0.57482176284546
0.667824109161543	0.479271913435562
-0.093812963946648	0.0550339080539562
2.13446586772999	1.49633765680906
0.69751780931245	0.327125375237672
0.826252270975154	0.34827642903147
0.335777456880706	0.205126495628706
0.147991992981596	0.0568516227579697
0.155372593274282	0.0528040448022981
0.451038007299901	0.181503296233176
0.162479935061762	0.0485106492306684
-0.215184417856504	0.0694920488130609
1.32835939985729	0.581492410233576
1.06929985127949	0.518119516931828
-0.216240213481686	0.0698575300582443
-0.515810187634811	0.195198678425078
1.58099753958293	0.788310033160843
-2.10872977809446	1.61761840212171
-0.0248884626540009	0.0116849837626195
1.57872157530349	0.787144638169878
0.144414295235527	0.0555080559417452
1.57396565580579	0.783542650039436
0.150447848737376	0.0511729703307111
0.167679655711552	0.042156489933972
0.67818871429907	0.215276668097008
1.04051558933761	0.395002404087772
-0.0941067654169633	0.0373762932959253
0.168958982800728	0.0502746287941419
0.153317330149606	0.0588970866053136
-0.725197552734606	0.249186509576262
1.40111730805053	1.08876743206887
0.537390404526941	0.193309000831856
-1.50954059367664	0.537955828816566
1.04144562491045	0.395430985542635
-0.520366956282692	0.197043400416501
0.606539541605622	0.318004677714323
1.33520939733629	0.585248915573488
0.145774898369786	0.049640682793739
0.336091312107467	0.205163500987699
-0.23531255377134	0.117771569885384
1.62682458289664	1.14346665738451
-0.453762100102771	0.302286536640664
0.0118253205503318	0.00598872249171021
-1.54166531333314	1.48667506305739
0.927374499592217	0.81225148835129
1.37621839994213	1.28201105806221
0.389562507275672	0.175922462529926
-0.321146440255546	0.192638638613176
-0.100746711937171	0.0713034466081927
-0.0995304636608573	0.0584642371772915
-0.0964225340174397	0.0565460296803967
1.2787322462896	0.705818476766105
-0.448137311827408	0.297680665766764
0.321059626740462	0.209550113484741
0.0495063174346217	0.0290561481980846
0.422423749342653	0.337237890509212
0.35199819866569	0.197614073211336
0.194225531822434	0.134174624770198
0.795508190293046	0.479029916231137
0.690853892413598	0.323792891325995
-0.0632517830806772	0.0383624734439485
-0.594681305952338	0.484124712025264
0.16385153753604	0.087791902467351
0.179943920398945	0.111538533601974
0.696047588021093	0.326279767661231
-0.787939646827883	0.52228330560811
1.96040941896093	0.441936123238363
1.32769730255579	0.581123287624221
0.723463966574874	0.479812252780766
0.821121662101995	0.345714418995035
-0.484594280563496	0.362546475990349
0.161434216225076	0.0783111548146521
0.175702668148371	0.0944337806134514
0.17926721599144	0.10422777088185
0.721305524636379	0.47764385531439
1.65825148949025	1.5657659572954
0.744247384831799	0.624152970500458
-0.175912085747445	0.0942775779154222
-0.0959113364427587	0.0380605903701522
0.156203958783437	0.0530790256711765
0.453245219907166	0.182455376205941
0.693131365092675	0.324961773585518
-1.46537808106182	1.02127323784728
0.176138813194271	0.0946736399353741
0.153247518839476	0.0288421886814327
1.95706969381346	0.441073865263096
0.168996227736906	0.0424334312831713
0.155986207086685	0.0292416787556187
-0.627829060935039	0.153504607197422
-1.13543440488342	0.343479590196383
2.75446121880292	0.769079402442662
0.820298870879993	0.345307177563048
1.45806698971783	0.483796340944708
0.950862031539505	0.252628333014658
-1.79827400712943	0.382942964938875
0.153526628680235	0.0288819285189665
-3.75466048479637	1.48723142869904
1.45316902836548	0.481724936898338
0.94807088907188	0.251931335472786
-1.81433874778204	0.739366153614294
-1.79835097978106	0.382953978270685
0.165318598359952	0.0416114067368304
0.950862031539505	0.252628333014658
0.152289864541204	0.0287035071443224
-0.627829060935039	0.153504607197422
1.45316902836548	0.481724936898338
0.670649872073233	0.212844236167521
2.75446121880292	0.769079402442662
2.75722496636877	0.770257049482932
0.152567656731362	0.0287430408348264
0.162400863971746	0.0409830958055786
1.46261822785671	0.485296318127314
-0.628807341949763	0.15371861128279
-1.79827400712943	0.382942964938875
-0.627367542213354	0.153354696036073
-3.46066411507937	1.23287376992561
0.153526628680235	0.0288819285189665
1.96040941896093	0.441936123238363
-1.79835097978106	0.382953978270685
0.94807088907188	0.251931335472786
0.671634827760764	0.213161681695785
1.95791760701363	0.441280139896969
-2.57747759965585	0.66335545132302
0.94904571537762	0.252100131683616
0.148503149870495	0.0281892610504199
0.153247518839476	0.0288421886814327
1.95706969381346	0.441073865263096
0.152567656731362	0.0287430408348264
1.45868047865843	0.484047550536175
-0.625500335572602	0.152962089117453
1.95706969381346	0.441073865263096
0.153247518839476	0.0288421886814327
0.669336367317634	0.21240221601861
2.75446121880292	0.769079402442662
2.7554263517449	0.769222911089782
3.26252567397545	1.12093560535381
0.152289864541204	0.0287035071443224
0.153526628680235	0.0288819285189665
0.170216206297202	0.0427061060191571
0.165704597093625	0.0417255219351786
1.95791760701363	0.441280139896969
-3.08164138813046	0.963767470359232
-3.08164138813046	0.963767470359232
0.156467044940017	0.0600919073105214
0.16207239788399	0.0483767472480761
1.04051558933761	0.395002404087772
-0.628347365301396	0.153568930486371
-0.628807341949763	0.15371861128279
0.160803134128977	0.0406203249121647
-2.57747759965585	0.66335545132302
1.45377869768284	0.481973964249078
-0.346493976209143	0.099688871662609
2.75446121880292	0.769079402442662
0.947560352748164	0.251716891447637
0.153526628680235	0.0288819285189665
-0.628807341949763	0.15371861128279
1.95791760701363	0.441280139896969
0.160803134128977	0.0406203249121647
1.95706969381346	0.441073865263096
0.674079709901257	0.214036050556618
0.152289864541204	0.0287035071443224
1.04295848162481	0.395810684576853
-0.627829060935039	0.153504607197422
0.153526628680235	0.0288819285189665
-3.45538437102149	1.2298802093729
2.75819631171964	0.770700477263471
1.95706969381346	0.441073865263096
1.95706969381346	0.441073865263096
-2.5814875372856	0.665060440379843
-1.79827400712943	0.382942964938875
-1.79827400712943	0.382942964938875
1.95791760701363	0.441280139896969
1.95791760701363	0.441280139896969
-2.57775304544287	0.66318910114962
1.95706969381346	0.441073865263096
0.153247518839476	0.0288421886814327
1.95791760701363	0.441280139896969
1.95706969381346	0.441073865263096
2.7554263517449	0.769222911089782
1.95791760701363	0.441280139896969
3.26352329858721	1.1213740078214
1.95791760701363	0.441280139896969
-1.79835097978106	0.382953978270685
2.75446121880292	0.769079402442662
-1.79827400712943	0.382942964938875
1.96040941896093	0.441936123238363
3.26352329858721	1.1213740078214
-1.80197754639448	0.383903353697165
1.96040941896093	0.441936123238363
1.95706969381346	0.441073865263096
1.95706969381346	0.441073865263096
0.155986207086685	0.0292416787556187
1.96040941896093	0.441936123238363
1.95791760701363	0.441280139896969
0.153526628680235	0.0288819285189665
0.152567656731362	0.0287430408348264
-1.80197754639448	0.383903353697165
3.26152925911013	1.12000457960558
1.95791760701363	0.441280139896969
-1.80197754639448	0.383903353697165
1.45477753319069	0.482433279925562
-0.627829060935039	0.153504607197422
0.152289864541204	0.0287035071443224
1.95706969381346	0.441073865263096
2.75819631171964	0.770700477263471
-1.79827400712943	0.382942964938875
0.942957371619669	0.25056334066046
1.95706969381346	0.441073865263096
1.95706969381346	0.441073865263096
1.95791760701363	0.441280139896969
1.95706969381346	0.441073865263096
0.68584174829924	0.320890925565174
-1.08896770294836	0.744948549113189
-0.946537280343087	0.581563002156833
-1.983298473472	1.3830937010008
-0.763253894263622	0.331680843347779
-0.724270980279016	0.248747351366331
-1.02050867103886	0.404356899215527
1.7859186055665	0.999932358757413
0.144662434916295	0.0556045154733575
1.57415548080227	0.783451546422932
1.04504510719588	0.396604821983994
0.535395561912051	0.192613210987845
0.157665127156854	0.053551257115328
-0.0218384777723763	0.010287316009444
1.09102199326843	0.672414438546189
-0.140219045929796	0.0502215736713448
0.875535755568005	0.652951118926966
0.530455766222447	0.19070899696403
0.94904571537762	0.252100131683616
1.2787322462896	0.705818476766105
1.10236432668312	0.682183858340164
-0.143673624158547	0.0514580135328712
1.45415502686182	0.482281800899209
0.681325787807541	0.216170862731203
1.07305972081062	0.520625344193545
0.528037291229889	0.189817364251845
1.78510447544976	0.999170872706422
0.373596077455595	0.189628384238544
-0.764086062426498	0.332088631279259
0.669161192101413	0.212364907391867
0.153908053642944	0.0523049350424465
-0.345039821196303	0.0992838353249335
0.152567656731362	0.0287430408348264
0.536280565569087	0.193004774479639
-0.1479006917775	0.0529122719445307
1.57561496103913	0.784837909518107
0.605051321494766	0.316990791080772
0.364693054944712	0.184410464865036
-1.13582369620544	0.343734699942405
-2.62704008837023	1.60671199327763
0.454798560689305	0.183116985232732
1.33542918143198	0.585518840032983
1.04102963664621	0.395089191585647
1.06420254374998	0.515159027898816
1.03543214514454	0.39263444657528
0.828535207680524	0.349263222423679
-1.27626395926511	0.575339142684756
-0.346820783252297	0.0997890928773071
0.53650666226299	0.193022853279719
0.827899644715454	0.348991104972789
0.533792789739045	0.192056407531968
0.557526676679652	0.325389846655531
-0.394513529856492	0.164426177322579
-1.03419012967646	0.828073813517554
-0.597009861333974	0.285789886368716
0.697337595813504	0.326897682917397
0.454204940217567	0.182916641096981
-0.234253342300271	0.117081845636392
0.807652818548305	0.645271911738395
-0.592809980624529	0.283364667823799
0.154169004929053	0.0668513325863638
-0.0549614474231717	0.0239689190779343
-0.479180693997877	0.251015482517765
-0.924278775570606	0.679124813013817
1.40424716784046	1.0930749419041
0.374075017116884	0.189891251649593
-0.23656089963273	0.118393744272054
0.160902927353773	0.0780751652854195
-0.216240213481686	0.0698575300582443
-0.608544502129198	0.292385991772667
-0.343557529393447	0.098858556674811
0.94904571537762	0.252100131683616
0.714343930839048	0.472234097511248
0.391180742025606	0.176746030888983
0.959632011935537	0.654431726396163
1.06848073867691	0.517570142270945
0.146897750192554	0.0637455022450174
0.153177830051709	0.0665020105437734
0.346816255761804	0.194232543019674
0.703390442617444	0.330559659306264
0.155772186343628	0.0529121216223452
0.909025853928532	0.492138895608826
0.896150716645443	0.483452940275499
2.12066304185672	0.951843841296293
1.95706969381346	0.441073865263096
3.26252567397545	1.12093560535381
-0.34191607535368	0.0984089732924219
0.829163317967424	0.349753041955828
0.165704597093625	0.0417255219351786
-0.724527840719668	0.248940035798255
2.13571834807307	1.49641568737385
-0.599349519704877	0.286975417875332
0.66475647791666	0.210855781457285
2.75349844687128	0.768381126605175
-0.6282908079904	0.153557595992093
0.155442497593271	0.0528071951153374
-2.5814875372856	0.665060440379843
0.152289864541204	0.0287035071443224
0.165097545701885	0.0415776969264477
0.165318598359952	0.0416114067368304
-0.719465582528739	0.247026553935257
-1.81339137537901	0.738819242243621
0.668840989017682	0.212209123194429
3.26452213570095	1.12136276907474
-2.57747759965585	0.66335545132302
1.45806698971783	0.483796340944708
0.949511917528176	0.252227362219882
1.04455801006536	0.39678683304154
1.82284235164019	0.714002514687227
0.67196229909328	0.213260403734251
-1.79827400712943	0.382942964938875
0.152289864541204	0.0287035071443224
0.152289864541204	0.0287035071443224
-1.13190405565215	0.342469779892572
0.677859553614299	0.215095503371154
-1.13521969998424	0.343544374381215
1.06743895078098	0.51663034960998
-0.603569776832878	0.289530217732636
0.454204940217567	0.182916641096981
3.26152925911013	1.12000457960558
-1.79835097978106	0.382953978270685
2.75446121880292	0.769079402442662
0.166311360817904	0.0418484681801843
-0.628807341949763	0.15371861128279
0.670649872073233	0.212844236167521
0.952312839774606	0.25302018984475
0.165594211957363	0.0493598676029419
0.94807088907188	0.251931335472786
-0.214952210282499	0.0694159656881339
1.81794285182483	0.711505120581209
1.45476541507032	0.482531337515686
0.168958982800728	0.0502746287941419
0.948535538575274	0.252058145640786
1.95791760701363	0.441280139896969
0.158995326023102	0.0475101404657943
0.535334953780092	0.192566688642047
1.0492513271336	0.398543512155698
3.26252567397545	1.12093560535381
0.169606362252511	0.0425824743634164
1.83104940548172	0.717999079596031
-0.214527945453891	0.0692825908233493
0.537822771634915	0.193597818709898
0.66999328440441	0.21269616854207
0.947097253557627	0.251590606337117
0.669336367317634	0.21240221601861
-0.21584116833564	0.0696924945480662
1.45316902836548	0.481724936898338
0.153247518839476	0.0288421886814327
1.82627260695742	0.715797133923797
0.165016003775978	0.0491834127411745
1.58503712424133	0.790318782548242
1.96040941896093	0.441936123238363
1.04211818703896	0.395589048045566
0.942957371619669	0.25056334066046
1.04412853882788	0.396290010695586
0.6607942888533	0.209543500616197
0.15951165226116	0.0541568637053404
1.03984272433899	0.394547494768611
0.94904571537762	0.252100131683616
1.45514143110378	0.482646568994266
1.95706969381346	0.441073865263096
0.148503149870495	0.0281892610504199
-2.5814875372856	0.665060440379843
1.95706969381346	0.441073865263096
0.166691919569473	0.0419536988970269
2.75722496636877	0.770257049482932
-1.79827400712943	0.382942964938875
0.152289864541204	0.0287035071443224
1.95791760701363	0.441280139896969
1.95706969381346	0.441073865263096
1.96040941896093	0.441936123238363
1.96040941896093	0.441936123238363
3.26252567397545	1.12093560535381
1.95706969381346	0.441073865263096
1.95706969381346	0.441073865263096
-3.08209765998152	0.963916510480773
0.166528409127177	0.0496297620210776
0.94904571537762	0.252100131683616
0.153247518839476	0.0288421886814327
2.75349844687128	0.768381126605175
2.75349844687128	0.768381126605175
1.95706969381346	0.441073865263096
0.155986207086685	0.0292416787556187
1.95706969381346	0.441073865263096
0.946727864932674	0.251600896374185
1.95791760701363	0.441280139896969
0.155986207086685	0.0292416787556187
1.96040941896093	0.441936123238363
-1.79835097978106	0.382953978270685
-1.80197754639448	0.383903353697165
0.153526628680235	0.0288819285189665
-1.79827400712943	0.382942964938875
1.95791760701363	0.441280139896969
1.82316587137561	0.714400972353312
0.152567656731362	0.0287430408348264
1.96040941896093	0.441936123238363
1.95706969381346	0.441073865263096
1.95791760701363	0.441280139896969
2.75349844687128	0.768381126605175
0.153526628680235	0.0288819285189665
1.45415502686182	0.482281800899209
1.96040941896093	0.441936123238363
1.82890866226964	0.717371086523666
2.7554263517449	0.769222911089782
1.45378984515444	0.482188083152346
1.07644507770465	0.522660261561073
0.152567656731362	0.0287430408348264
-0.339133418750055	0.0976611246838527
1.95791760701363	0.441280139896969
0.951331866170054	0.252756684317784
-1.80197754639448	0.383903353697165
1.95706969381346	0.441073865263096
-1.79835097978106	0.382953978270685
-2.577202278156	0.663064687208724
0.152289864541204	0.0287035071443224
1.45316902836548	0.481724936898338
0.152567656731362	0.0287430408348264
2.75446121880292	0.769079402442662
0.947097253557627	0.251590606337117
0.169986302676761	0.0426507049603473
0.669336367317634	0.21240221601861
0.152289864541204	0.0287035071443224
0.171207721440545	0.0429238305772998
-0.627829060935039	0.153504607197422
0.15626975600377	0.0292821097759299
1.45415502686182	0.482281800899209
1.95791760701363	0.441280139896969
3.93039364694432	1.72557827049993
0.152289864541204	0.0287035071443224
2.75446121880292	0.769079402442662
1.95706969381346	0.441073865263096
-3.7566006930685	1.48753678969738
1.45377869768284	0.481973964249078
2.75819631171964	0.770700477263471
1.95791760701363	0.441280139896969
0.153247518839476	0.0288421886814327
0.159311548972865	0.0540967488137483
0.161415729852303	0.0407561524608698
1.95706969381346	0.441073865263096
-0.348465736253515	0.100232718134072
0.16707117146508	0.0420080923591852
0.94807088907188	0.251931335472786
0.94807088907188	0.251931335472786
-1.79835097978106	0.382953978270685
0.537822771634915	0.193597818709898
1.96040941896093	0.441936123238363
2.7554263517449	0.769222911089782
0.673092310209553	0.213658316206257
0.536280565569087	0.193004774479639
0.948535538575274	0.252058145640786
1.95791760701363	0.441280139896969
1.95706969381346	0.441073865263096
1.45415502686182	0.482281800899209
1.95706969381346	0.441073865263096
3.63685963656738	1.43190397098036
1.45769029797448	0.483533280097753
1.95706969381346	0.441073865263096
1.95791760701363	0.441280139896969
-0.627367542213354	0.153354696036073
-0.627829060935039	0.153504607197422
0.152289864541204	0.0287035071443224
0.152567656731362	0.0287430408348264
0.153526628680235	0.0288819285189665
3.93458270867333	1.7286866438442
-1.13849388307931	0.344614401149477
-3.08164138813046	0.963767470359232
-1.79835097978106	0.382953978270685
1.95706969381346	0.441073865263096
1.96040941896093	0.441936123238363
1.82382554957858	0.714761900200066
2.12133800034702	0.952308998445296
1.96040941896093	0.441936123238363
0.94807088907188	0.251931335472786
0.955131306752333	0.25366825133602
1.95791760701363	0.441280139896969
1.96040941896093	0.441936123238363
1.95706969381346	0.441073865263096
1.95791760701363	0.441280139896969
0.949511917528176	0.252227362219882
1.95791760701363	0.441280139896969
-1.79827400712943	0.382942964938875
0.94807088907188	0.251931335472786
1.95706969381346	0.441073865263096
3.63685963656738	1.43190397098036
-2.57747759965585	0.66335545132302
-2.57747759965585	0.66335545132302
0.951331866170054	0.252756684317784
0.167299398578488	0.0420768316112512
1.95706969381346	0.441073865263096
1.95791760701363	0.441280139896969
-1.79827400712943	0.382942964938875
0.152567656731362	0.0287430408348264
0.949511917528176	0.252227362219882
0.153526628680235	0.0288819285189665
0.153247518839476	0.0288421886814327
0.947097253557627	0.251590606337117
0.16707117146508	0.0420080923591852
3.26352329858721	1.1213740078214
2.7554263517449	0.769222911089782
1.83028402320837	0.71717327259583
0.153247518839476	0.0288421886814327
2.75349844687128	0.768381126605175
-1.79827400712943	0.382942964938875
-0.627829060935039	0.153504607197422
-1.13521969998424	0.343544374381215
0.153526628680235	0.0288819285189665
-0.636595009299526	0.155524812409654
0.152289864541204	0.0287035071443224
0.153247518839476	0.0288421886814327
-1.51787907990257	0.541534829420545
1.95706969381346	0.441073865263096
3.26540429808574	1.12204932755655
1.95791760701363	0.441280139896969
2.75446121880292	0.769079402442662
2.75349844687128	0.768381126605175
1.45415502686182	0.482281800899209
2.75446121880292	0.769079402442662
0.951331866170054	0.252756684317784
2.75349844687128	0.768381126605175
1.45868047865843	0.484047550536175
2.75722496636877	0.770257049482932
2.75722496636877	0.770257049482932
1.95791760701363	0.441280139896969
2.75446121880292	0.769079402442662
1.95791760701363	0.441280139896969
0.153247518839476	0.0288421886814327
0.152567656731362	0.0287430408348264
2.75819631171964	0.770700477263471
-1.79835097978106	0.382953978270685
-1.79835097978106	0.382953978270685
1.95791760701363	0.441280139896969
-1.79827400712943	0.382942964938875
1.96040941896093	0.441936123238363
1.95706969381346	0.441073865263096
0.153526628680235	0.0288819285189665
0.94807088907188	0.251931335472786
1.95706969381346	0.441073865263096
1.95706969381346	0.441073865263096
0.148503149870495	0.0281892610504199
0.152289864541204	0.0287035071443224
1.96040941896093	0.441936123238363
0.148503149870495	0.0281892610504199
1.95791760701363	0.441280139896969
0.947560352748164	0.251716891447637
1.95791760701363	0.441280139896969
-1.79827400712943	0.382942964938875
0.153526628680235	0.0288819285189665
1.96040941896093	0.441936123238363
1.95791760701363	0.441280139896969
0.152289864541204	0.0287035071443224
-1.79827400712943	0.382942964938875
1.95791760701363	0.441280139896969
1.95706969381346	0.441073865263096
0.153247518839476	0.0288421886814327
0.152289864541204	0.0287035071443224
1.95706969381346	0.441073865263096
1.95706969381346	0.441073865263096
1.95706969381346	0.441073865263096
1.95791760701363	0.441280139896969
1.96040941896093	0.441936123238363
1.95706969381346	0.441073865263096
0.153526628680235	0.0288819285189665
1.95791760701363	0.441280139896969
1.95706969381346	0.441073865263096
2.75446121880292	0.769079402442662
-2.57775304544287	0.66318910114962
0.152289864541204	0.0287035071443224
0.152567656731362	0.0287430408348264
1.95791760701363	0.441280139896969
1.95791760701363	0.441280139896969
1.95706969381346	0.441073865263096
1.95706969381346	0.441073865263096
0.942957371619669	0.25056334066046
-1.79835097978106	0.382953978270685
-1.79827400712943	0.382942964938875
1.95706969381346	0.441073865263096
1.95706969381346	0.441073865263096
1.96040941896093	0.441936123238363
1.95706969381346	0.441073865263096
1.95706969381346	0.441073865263096
0.152567656731362	0.0287430408348264
1.95706969381346	0.441073865263096
-1.79835097978106	0.382953978270685
-1.79827400712943	0.382942964938875
2.76098151426891	0.771684650801264
1.95706969381346	0.441073865263096
1.95791760701363	0.441280139896969
0.152567656731362	0.0287430408348264
1.95791760701363	0.441280139896969
1.95706969381346	0.441073865263096
2.75446121880292	0.769079402442662
1.95706969381346	0.441073865263096
1.95706969381346	0.441073865263096
2.75446121880292	0.769079402442662
1.95791760701363	0.441280139896969
-1.79835097978106	0.382953978270685
-2.57747759965585	0.66335545132302
-1.79835097978106	0.382953978270685
-1.79827400712943	0.382942964938875
1.95706969381346	0.441073865263096
-1.79835097978106	0.382953978270685
0.153247518839476	0.0288421886814327
1.96040941896093	0.441936123238363
3.26640660082579	1.12286745021344
1.95706969381346	0.441073865263096
-1.79835097978106	0.382953978270685
1.95791760701363	0.441280139896969
1.96040941896093	0.441936123238363
1.95706969381346	0.441073865263096
1.95706969381346	0.441073865263096
1.95706969381346	0.441073865263096
0.94807088907188	0.251931335472786
1.95791760701363	0.441280139896969
0.94807088907188	0.251931335472786
2.75446121880292	0.769079402442662
1.95706969381346	0.441073865263096
1.95706969381346	0.441073865263096
1.96040941896093	0.441936123238363
1.95791760701363	0.441280139896969
1.95791760701363	0.441280139896969
2.75722496636877	0.770257049482932
1.95706969381346	0.441073865263096
1.95706969381346	0.441073865263096
1.95791760701363	0.441280139896969
1.96040941896093	0.441936123238363
1.95706969381346	0.441073865263096
1.95706969381346	0.441073865263096
1.09580483333785	0.676750943668201
0.159941194521509	0.0543013031904569
0.450971274207082	0.181590642900547
0.670977551868057	0.213013404742869
0.536938645245252	0.193260647952111
0.164924003228835	0.0491712866480455
0.457600074208012	0.184388896678325
-0.184969095234493	0.0993453922343173
0.150191405688354	0.0651484108905712
0.923312198478196	0.806488075367092
0.717819570242125	0.475474823737702
-0.566917761991682	0.412834019091401
1.01658542292559	0.841733829952187
0.318781088618882	0.207855291387537
-0.0975367921172222	0.0386896573988339
0.374458422327721	0.190113143068058
1.82480922054022	0.715302875396814
0.0179415304791477	0.00897376795369227
1.09559423909287	0.677177053658636
4.56771095853957	2.58060803061562
-0.777964055139437	0.422968109734543
0.611996325722518	0.321654199359483
-0.485053777777799	0.254339176991225
-0.177856956083198	0.095373213365146
-1.27032365700558	0.571955904152126
0.536744366771097	0.193088449881595
0.163413249256128	0.0487677019311828
-0.389548015686503	0.22030377173973
-0.400653125751387	0.227413556043812
0.449211703711478	0.180671733088496
-0.0547397772584367	0.023891573249213
-0.516096514132394	0.19525236723075
-0.0218391027858842	0.0102897683093741
0.152686341340135	0.0586077786643544
0.145134406017993	0.0557930299663092
0.617983271024711	0.325163377946729
1.45806698971783	0.483796340944708
1.7862979815107	1.00017679976002
-0.39344763955652	0.163974754883059
0.165474367952618	0.0886144201576228
0.536938645245252	0.193260647952111
0.149358487897967	0.0573759536116166
0.370433366109212	0.187688895557191
0.795409972954186	0.478961777233584
0.609533551515893	0.31960893045163
-0.0579134364741226	0.0252321356710428
0.517616619974163	0.330969463226136
0.622708190453122	0.47599235881704
-0.132881354705726	0.0749867857838498
0.805509082084319	0.486525342178184
0.163384050918122	0.0875166951814685
-1.21149776319105	0.913773068389017
0.0308672717886736	0.0169869226702164
0.931821210498329	0.817279247142605
-0.485022438765654	0.254765349481524
-0.395205930352532	0.223606675443581
0.152998897216914	0.0587123670012067
-0.06922929827449	0.0420310004121869
0.904026907102766	0.488357757904387
-0.481005251357737	0.252069660849594
-1.2217583976938	0.925060657218467
-0.23794401597109	0.119126644100198
0.174212376895154	0.0935143581482308
-0.568212090106218	0.414013009712655
0.539664015667353	0.194167127032979
1.2773680546776	0.704728869477795
0.530429328676339	0.461877664631116
0.165704597093625	0.0417255219351786
1.77766238048599	0.993291563501666
0.615824919794838	0.323751695971074
-0.214952210282499	0.0694159656881339
0.830376140869556	0.350125137298332
0.152844405786542	0.0663436314576924
2.13446586772999	1.49633765680906
-0.232189466932204	0.116099119437757
0.360866391483584	0.182418767959731
0.960558125181611	0.655286057517716
0.555215962308545	0.46582772122969
0.357162650999398	0.180356122135923
0.171079506816411	0.0992146037130292
0.451264737753217	0.18161985383083
0.405044368808461	0.183531990620571
0.163413249256128	0.0487677019311828
0.159326275700263	0.0691370159631156
-0.17848459589001	0.0956560457455481
5.1390452104245	4.037555181795
1.96923727351515	1.23469072789957
-1.13582369620544	0.343734699942405
0.160440111672439	0.0778440988259596
-0.144224610998782	0.0515954998895758
-0.0978205268571473	0.0387928962094175
2.27915101996378	1.76992682953412
1.07268690218312	0.520204121845623
0.510385651691703	0.325190350896888
0.555670968730657	0.324410218816318
-1.2188559193717	0.921682359176584
0.176997144445642	0.102823118537134
0.180868057829949	0.118479374928475
-0.914361119170683	0.669423344036119
0.479944170413743	0.329134244647642
0.451561747851891	0.181798049341144
0.661798732192951	0.473492309529761
-0.676804740594159	0.536236844861076
0.335824676185046	0.205166583860177
0.971236536125922	0.966514560411135
0.00865051687024113	0.00589017437133954
1.49338901057469	1.51584452044189
-0.559467373645381	0.507302921792178
-0.446292885204587	0.411024765261486
0.205001813025278	0.165286745025771
0.743728536498409	0.624320612202193
0.549074707523348	0.319565516316007
0.313861298580147	0.216862398753638
0.167840366841945	0.0898590703648685
0.32662076167809	0.213834182160611
0.741651885947635	0.621248115261238
-0.609323704261661	0.540811007093109
-0.371528165893368	0.320987757167985
-0.33303307738643	0.200505972343086
0.335270548044185	0.220042378464694
0.561988655686839	0.472814097432836
-0.980938988438565	0.485854045140289
1.57853179581211	0.786593108338459
0.869458739003855	0.646657002006371
1.12088641357792	0.861494411816557
-0.326240782995646	0.230826322596543
0.938530226884349	1.0606234078503
-0.241509988290571	0.121049863226866
0.717976547097969	0.727424688247922
-0.431650576425372	0.332195644035363
0.299939187226102	0.24594451132787
0.514777543557309	0.328996739164373
0.325055462104054	0.226029598902058
0.863803676579891	0.793021491521098
0.0522730360566098	0.0306413834383228
-1.21295654382808	0.913977802276443
1.0098219038225	0.834656349146764
-0.0686440383976119	0.0416696810134716
0.554469699827993	0.464752638527668
0.825425367366759	0.347866059057456
0.909329407277862	0.936137819294313
-0.255977343919563	0.208852788632926
0.18994658230981	0.124878694718004
0.00450770163723108	0.0023868586069585
-0.365093698224627	0.314218744312033
-0.325764248837366	0.25861401360483
0.0741671838626208	0.0483117281993834
-0.237364394674879	0.174749705678775
-0.293615320983862	0.237178707666974
-0.493199261297064	0.37054026840661
1.25026334269355	1.38506232502849
0.328238487727125	0.214897306731628
0.805106693156477	0.872438881158578
0.48583793039244	0.44977757142994
0.415680807378262	0.345826331523799
0.16279676370566	0.0871172363327525
-0.124683848442292	0.0867820533045066
0.327645771848414	0.199492261304668
0.184849631968848	0.121298236749548
0.671563731142901	0.482719248331875
1.25066435396834	1.06275307471386
0.999584163397171	0.822424802187567
-0.783682365947342	0.51832924313653
0.0407572914059649	0.0223284286071026
0.551277917229155	0.321262397038854
0.921072293423362	0.804399090901219
-0.02015779676495	0.0128695332872815
1.08339637283119	0.665998262878947
-1.98606015592961	1.38784760249215
-0.857753199002713	0.853628216607401
-0.179507092856278	0.119477461792681
-1.01822788890171	1.13908423019402
1.45560685039961	1.66206983912247
0.508604151662593	0.324404674118684
0.484497589535536	0.332710897270852
0.540512139413877	0.472989127597827
0.713339106350633	0.720792282010697
0.310773221190048	0.214526925408883
0.0810615043201813	0.0529338967336564
-0.00101981449617909	0.000712359467477106
0.70941353992038	0.626386225021062
0.579966496166963	0.46486684409322
-0.493165617606653	0.370402726081219
0.18002854840085	0.117849815985728
0.589195896988538	0.474437512835048
0.172930755459823	0.100333149147731
0.314554054999968	0.217668270181954
1.24375598354166	1.2241064415885
0.351983460600365	0.197635851598341
0.870005178953175	0.647940402375521
0.321690033365584	0.223231248179999
1.63604689288081	2.11122164311678
0.607368941002673	0.318124286034727
1.62650981743784	1.14298180080666
0.871815398117397	0.649821464026955
0.00788840104126552	0.00403146891517049
0.506529836585957	0.322597738252422
-0.0210325358974773	0.00992689918456403
-0.24331188275263	0.121965072004244
-0.173554647633862	0.0929568316026597
-0.788477291852998	0.430527410754278
1.25949650184932	0.878311690863888
0.692146891506566	0.324338706437818
0.397961322623372	0.179920072195054
-0.697368814029087	0.662575929243673
-0.114183313469268	0.0790787259638036
0.549152623577664	0.459287079696512
-0.525148957038772	0.435511423492681
0.763832413304073	0.753179693535952
0.845252897720233	0.890538569306702
-0.0210252898696655	0.0099243024878134
0.351831190228253	0.197864851055515
1.24263396402192	1.3721387159275
0.708346356873046	0.624590577368663
1.24456723670939	1.0559043015132
0.929074772947342	0.813791756410251
1.04677034437233	0.999194842852484
-0.182001040207687	0.0977113945189066
1.59402964148643	1.7391239115663
0.480414550350844	0.329527383934131
0.721755788324808	0.478001876913625
0.348518924411956	0.19541069761871
-0.018352101111607	0.00870364287419795
-1.46149689902295	1.0167437083315
-0.643004667074443	0.380935063815486
-0.48669981245009	0.255759570424597
-0.665192885023127	0.465185065566328
-0.698451922088333	0.663654515190804
0.92334819627752	0.807151694175457
-1.1567211323842	1.42878263623473
0.176613591660025	0.102684445624443
0.312250197662509	0.227246845911318
0.364693054944712	0.184410464865036
-1.08766408990208	0.74375360094834
-1.03485422032621	0.829083048662007
-0.100360021894254	0.0589575064685027
0.958952735830933	0.652645371681319
0.420326094402954	0.3351742849079
0.517632714033861	0.331080109321124
-0.096412953448684	0.0565736465607571
0.029893287086614	0.0164175303503731
0.187833410552263	0.12338925432125
0.184401278083525	0.120899468480522
-0.131235298101326	0.0739918662007898
0.188663059577913	0.123968246165213
0.180842143143258	0.118438214733685
0.525455017579511	0.456321493491097
0.360484542112555	0.182160055043975
-0.686419054382939	0.600101738917883
-0.78592898660934	0.519969917333637
-0.215626826601754	0.139544603832486
-0.775797504279405	0.663447061637657
0.487948189173706	0.452350653379859
-0.380863922389473	0.261766358952282
-0.234253342300271	0.117081845636392
0.873915528231302	0.651272111684184
-0.693016973829435	0.607899924812786
0.660898002682121	0.472634322839216
-0.259311857301375	0.161979639056483
0.805552049471222	0.643665559215898
0.166956368061528	0.0812494007457357
0.149184364319295	0.0647151944482509
1.33501317444827	0.585116303014743
1.24400218511424	1.05484900172004
-0.105747555777134	0.0622088300891401
1.77960338899074	1.39794944389816
-0.321615507993386	0.227120269233163
0.345478668579187	0.19338594637561
0.616477720422799	0.324215940666477
0.359806203415754	0.202662380364615
0.341622232045561	0.191099244871005
-0.0770262508356604	0.0468213385084305
0.330491869117379	0.201115826612973
-0.0196924427267858	0.00931549049571706
0.156835118177656	0.0532837121933901
-0.87460525275917	0.804953404876695
-0.0880174219666724	0.0515538922074258
-0.216942649148664	0.140466495857086
0.172259802341365	0.0924399683036531
0.739316644529477	0.619361048763755
-0.0638713888512985	0.0387378114332771
0.304077709837708	0.240731978956884
0.51051601709375	0.325745631147186
0.724759215311977	0.481592880475606
0.303900839514001	0.249684624289333
0.16960942913205	0.0909938799350326
0.724701855916491	0.481073896253701
0.70236765188508	0.617669474608446
-0.0494236180971876	0.030815730435418
-0.0517883011865386	0.022631140102838
0.164159885868611	0.0878799744244634
0.326067899525315	0.21340097249776
-0.529664068019646	0.440503058975305
0.868312165803226	0.644861857577049
0.160450659574779	0.0778637654749581
0.484568972515257	0.333187988943143
-0.890261861710744	0.741013600540595
0.663995778892236	0.60620627292809
0.451264737753217	0.18161985383083
0.418325427645008	0.33307434071761
0.177107745944815	0.103026930862379
1.41157750874184	1.10256353781765
1.0186697283184	0.844816581164772
0.153664477679935	0.0666278528198068
0.291137677123496	0.237511391793972
0.61766338864401	0.470458560577536
0.96904734008942	0.963875718619292
-0.20771946939192	0.133904441317882
-0.496826907586851	0.261645178252255
-2.63142342852311	1.6130631563436
0.344657254359699	0.193147966705937
1.53705384013056	1.32651033788898
0.0807696317342922	0.0527358596127917
-0.306158679366283	0.1407209567511
-0.387679053844941	0.218973142221021
0.874747441919863	0.652832454657838
0.740659329939535	0.620811060739163
0.919266490833582	0.801827068568294
-0.0981452014013122	0.0576114752605858
0.489557607512144	0.337153398857433
0.484640436729517	0.448326106756678
-0.922010414930617	0.677008824970177
0.3382915164845	0.206673386156156
1.25927745301409	0.878869096004331
0.162946078675378	0.0872757843694174
0.440667516259338	0.337264018579762
0.628993429474566	0.482145574832519
0.345101875459451	0.193428326015883
0.726381429519539	0.482393952908889
-0.480526516048083	0.251790682545327
-1.03769775696933	0.831788324750487
0.0951772980336765	0.0651247500624527
0.169843987890985	0.098575139621132
-0.0580482813352692	0.0252965984062799
-0.451931654486204	0.300679812100573
-0.394817082850977	0.164570915301435
0.517498608142695	0.331283180009302
-4.3992496203278	2.23449578365901
0.308772887670317	0.234943397458207
-0.103044875842616	0.0605738294962656
0.181697116077705	0.112614690809009
0.177331948802595	0.109760356828775
-0.384038141988338	0.2645654169827
0.304334163665802	0.231111823477325
0.161683968820609	0.078582094176274
0.793303888272611	0.477251382046965
0.0123757867220014	0.00621991283687316
0.772697529109057	0.765218008855516
-1.61675176729172	2.23096628662836
1.62035479788393	1.13630240197061
-0.642511009645934	0.380710730102905
0.448962214217549	0.18067148242492
0.176188283078677	0.102418694687675
0.598950444182678	0.580906290679277
1.12900652626877	1.02144062930311
-0.9066558880881	0.661279863407868
1.6765481941129	1.597239869419
0.836930207416219	0.353149753743095
-0.018352101111607	0.00870364287419795
-1.15907552995224	0.648798876745899
0.910265050230516	0.937181080294318
-0.448075392670558	0.297688337152561
0.551740256803454	0.321546029772152
1.33278572894675	0.584055913334951
-0.599605296842962	0.287463874533008
-0.0583016224956927	0.0253969252343214
0.329861494190459	0.201097381037013
0.325081743822316	0.22593127502557
1.11092311563333	0.848522236786354
1.373383767081	1.27743851811773
-0.787632886000729	0.521471865990535
-1.25749236797718	1.36566912383938
0.179321505843614	0.104371387082925
0.923718521521024	0.807509376906704
0.170512032806342	0.0915094018976625
-0.643260097231672	0.380555287201501
-1.08942627262229	0.745419860439091
1.01145148319351	0.835808471831399
0.550525193482708	0.320203682865317
0.795508190293046	0.479029916231137
0.870797997208904	0.648222116004186
0.336687203472322	0.205782534616526
0.722281666742977	0.479430070934197
0.051885546821285	0.0304385696072057
0.45480062897202	0.330340972728606
0.301026712894888	0.217924593846787
-0.784158938605187	0.42661238490387
0.905349383321622	0.489987361729791
-0.211147146065051	0.0682441817050335
-0.181600361403459	0.0974817861940373
1.34107694323885	0.588353487621993
-0.789820987186584	0.43158586761374
-0.676326382307665	0.535659336196087
0.0349061282894516	0.0191650176650831
1.00814989784364	0.83177327105371
-0.916903656469913	0.67162446751797
0.364693054944712	0.184410464865036
-0.126021104779644	0.0710299244036854
0.0075992334490029	0.00390710217420893
0.0488002999744565	0.0285933266473494
-0.174935462558827	0.116164744115976
0.16960942913205	0.0909938799350326
-1.71120053855263	1.43813337708888
1.09184712460802	0.673224096983399
0.398238474377026	0.180057025231607
1.46843890531212	0.920538043674455
0.178224824194923	0.110349895195756
0.176434157633495	0.109148260735951
1.53737754665432	1.32438246519914
-0.229833494467532	0.114806507179195
0.00147789411825786	0.000926815997715888
0.48450659511613	0.333126046623536
1.28390162694492	0.709828025729615
-0.642052777308833	0.380368805482779
-0.531930269945713	0.336361097727262
1.03497255367502	0.983248069365371
-0.787570884155068	0.605714373692318
1.00905065747429	0.832777941627695
-0.178606783938101	0.0956976530967261
-0.597298018480201	0.285831906464435
0.944850282390716	1.07093446968865
0.17247912964249	0.0999766489990302
0.653080008358533	0.593156937930337
0.533181985742035	0.465038709127317
0.463229715610724	0.337584027613755
0.463646355770898	0.337956657035045
0.152786759409674	0.0741381544640491
0.167069790796532	0.0895275706926647
0.321998313340117	0.223586600162153
0.798847519201868	0.48122081514434
0.800173841480649	0.48221677802039
0.655929397770158	0.468305553849846
0.489120481398572	0.337093982238922
1.00257894166181	0.824650100754399
0.164853488695066	0.0800985905088009
0.369579239311281	0.187317812123101
-0.537965259938272	0.341379286760092
-0.0210603750318048	0.0134496988944041
1.66294013502912	1.57466535601483
0.867852355136938	0.644879808833814
1.12320566515642	1.01430180940403
0.513212048956573	0.327898971811125
2.12871057199799	1.48808587241967
0.695729012477645	0.326110198390156
1.57789425446045	0.78593872910422
0.144946860473195	0.0629287276063691
-0.176078749311726	0.0943638938177474
-0.535346279960861	0.338856590213455
-0.0387817743139596	0.0171442721316523
-1.42473535236164	1.51410004748007
-0.673211999450639	0.532418983242312
0.52953780715782	0.460703750504868
-0.684167959505332	0.543622017207505
0.183383637032779	0.113832860640524
-0.995442438798838	0.893761766297957
0.869466650277401	0.646775360208177
0.164392439225201	0.079867440550369
-0.0175357631446226	0.00833471318944223
0.170949152006722	0.0917552618955242
0.30514472000872	0.231670797706338
0.170363534028405	0.0913296269572
1.45873555291897	0.911077226473918
0.613803325271254	0.46718238085763
-0.0382343476962015	0.0238458927626252
0.06286220926334	0.0390004689390351
0.177995353453142	0.103580971290713
1.37113373564618	1.27408996437549
-0.609361809483649	0.292792715710909
0.661054077799459	0.473430184636827
-0.0462067089421994	0.0202747047103019
-0.479268524893574	0.251065664790282
-0.943555193303621	0.578118575678873
0.788828693116478	0.474129333289498
0.183022296081949	0.119905904558703
0.762391158886915	0.751595962669501
0.183713736053197	0.126327965857355
0.197652313027337	0.130428967840811
0.329562388378373	0.215807148130694
0.30753732830748	0.223439165778758
1.7005142492476	1.98990902103267
0.301923979699744	0.218684594359168
0.363849490706209	0.184104036352125
0.665319892915715	0.476854281163016
0.332464469942719	0.202803910363117
-0.393418618455356	0.222526819551972
-0.0574333790978502	0.0250288442631081
0.37139353361549	0.188321978664362
0.161782158512576	0.0785511543503289
-0.386789171365311	0.218478977474426
0.0425020654507977	0.0232814679620335
0.148551241333892	0.0570670819556719
0.797132566475024	0.479776047931977
1.01582658870659	0.841748571418586
-0.277880499225408	0.200825094569406
-0.142207514098902	0.0509041851864348
-0.677710366801735	0.476829033156542
0.0675406368831922	0.0419471325252434
0.935355961035868	0.822086641147065
0.177230772968905	0.115956824928053
-0.266648388497087	0.16713252643939
-0.449405178409474	0.29875423654778
-0.265810863895779	0.166515824162199
-0.487522794054787	0.256097817510669
0.179888717713749	0.111414306445775
-0.233515529185709	0.116852404668532
-1.33411032299443	1.10335335500564
-1.54586276705492	1.4910965924221
0.357820925460358	0.18093760883776
0.293957812998076	0.231373434329007
-0.393772105815865	0.223023513064878
0.344591753748511	0.192795839972261
-0.922705126368856	0.67797170237481
-0.0125779540082929	0.00812994525584385
-0.302654775386195	0.139077492237227
-0.167863923543856	0.111094308385692
1.04372805554739	0.995065784242982
0.462626920672629	0.337305462692147
1.25647221500764	0.874440285488665
0.153873216038463	0.0591052634937605
-0.322004832380016	0.193204164827929
0.609363673448415	0.320032432349515
1.911286414409	1.65827466650065
1.07114997990121	1.14630537367987
-0.921926474589072	0.676633538631885
-0.460239478853797	0.307283942027072
-0.772347993441284	0.831161974622819
0.326488646163072	0.213739713638358
0.00922475627402847	0.00466607821398066
0.925087197918054	0.808715767682232
0.164295179049769	0.0799126183150567
0.154646329671499	0.0750111615706136
0.53650666226299	0.193022853279719
-0.788098056785891	0.521515478919353
1.3847729826362	1.29413011316724
0.397917600474514	0.341540860868458
-0.325085849824432	0.195354746911645
0.552706552172332	0.463084446520658
0.868293391798552	0.645288642626075
-1.08490976301384	0.740399431365109
0.026963635250686	0.0148834790361213
-0.540221222893806	0.342892795433956
0.453001841961448	0.328758177791222
-0.0196924427267858	0.00931549049571706
0.612504602681919	0.321656275202434
0.715234246576339	0.473021699575277
-0.785127174008015	0.51881783549582
0.152686341340135	0.0586077786643544
0.311540071319971	0.22670747874459
-0.566684494537322	0.412359272658771
-0.0532320673717442	0.0232365980319676
1.14044501543894	1.0378856847766
-0.0139638544136955	0.00670576690435239
0.442725810204733	0.339378731020784
0.176768251180875	0.109448927832678
-0.322508306419715	0.227922319581367
-0.127412200698284	0.0718447873209848
0.531621230373981	0.191134591695011
0.715792274449264	0.473933123521735
0.333373768985917	0.203448159594024
0.787311422287463	0.472340305599376
-0.0243252787571555	0.0114173415304626
0.617240456325448	0.470024943163372
0.171852591313684	0.0922644634047073
0.0831855309592125	0.0543674889523654
0.379466497211583	0.346416896887469
0.452194808076912	0.327903066514515
0.188264830957017	0.117097847614166
-2.01621020544777	2.11261720165309
0.741965495033234	0.622319037839602
0.342064196119403	0.191417393195855
1.14343888937222	1.1760028817263
0.160349171679355	0.0779211825985361
0.490881631893875	0.338253623525423
1.67943824364575	1.60045836489687
0.71900568918155	0.475866437168253
-0.175961374896128	0.0942639461101265
0.34984723722259	0.196291430186441
0.619106059881269	0.471901198538137
1.57707239517513	0.785486052282392
1.27816930942743	0.705388905336782
0.351634269944494	0.197405808336866
0.179943920398945	0.111538533601974
0.350652915229249	0.196762906738781
0.118375210407433	0.0879408724606675
0.436030217541841	0.332966215876686
0.447198572075245	0.343407740905052
-0.491480543755587	0.369013614403085
0.0127434890503315	0.00644335019632374
0.325183922727664	0.212808553659976
0.329015498341886	0.215427753562366
0.0361633248847408	0.0198400219326595
0.321419384182782	0.209802819781761
0.457880983364175	0.333084917309575
0.165858197331239	0.049441036827577
0.315233200495192	0.217954585546507
-0.150963082120376	0.102938666960077
0.40613226182637	0.336149807974719
0.409482157890865	0.339719788950601
0.0536519670244952	0.0332817338876606
0.068428891900367	0.0425033569105217
0.17599950247543	0.108914685618382
1.25806920494281	0.876689661752914
0.485040837660988	0.333629994953676
-1.59265001748691	1.22092851687485
0.29589627397951	0.242030939228434
0.636822976419553	0.602622333398365
-0.947012147898518	0.581986463444938
0.159569841409827	0.077408877593196
0.367107176850785	0.186090647093912
-0.306997847881457	0.141105580585831
0.403246530166326	0.182661858543197
0.157497731145753	0.0684042404015696
0.584805466423589	0.469961022320842
-0.498530706818016	0.455700603254632
0.183835486166276	0.120466989219236
0.671339359367407	0.483041896019834
0.309960959496253	0.235992644024243
0.346805506307348	0.194247709879511
1.37049200616018	1.2727025750777
0.031711663211671	0.0174024021762256
0.509797934669613	0.325095757359918
0.038464768676983	0.0210772097883792
-0.921926474589072	0.676633538631885
-0.668592073288338	0.469030779380141
-0.479658898983094	0.251309020470923
-1.1761575938292	1.205726095505
0.52531958589539	0.456032741768977
0.825231183436736	0.347733965292547
-1.49772628356434	0.759988116679485
-0.225134442840302	0.112399890539991
0.664640260735497	0.476678953381056
0.806008158131309	0.643735759902889
-0.275199179465709	0.198681478291936
-0.0200487288047491	0.00947233562651225
-0.648287653734172	0.384508155252767
-1.17871134512851	1.20920834668663
-0.837681638349743	0.948818637342059
1.06994050937966	1.14480943648852
0.604894347544696	0.317248132692478
1.24375598354166	1.2241064415885
1.39428628771104	1.88447301450449
0.0776502674909707	0.0506676691366575
-0.257635695227172	0.160833950514491
0.175111176930623	0.0940221356373072
-0.263346244598487	0.164918127470397
-0.647866525280547	0.384488850420727
0.108796981098719	0.0777475160979347
0.550761198304391	0.32079941891619
-0.0504485973175476	0.031458324167402
-0.0947109786071979	0.0555728067730253
1.45558977271158	0.909098975470034
-1.22033482345202	0.92214399134435
0.443927441900321	0.178394121781305
-0.264831764872295	0.165897355295788
0.553122510718668	0.322126918205852
0.192011737612078	0.132503787218214
0.188569652815183	0.129973111401063
0.700214625762383	0.328808933533718
0.694177179136852	0.32552965673473
0.94807088907188	0.251931335472786
1.83236434117257	0.718638791439644
2.56543489631082	1.42706904020547
1.67142248421271	1.58890107293564
-0.278001916203114	0.2010535455144
0.349926408401748	0.196566438777307
1.54642276666982	1.33797871630568
-0.390129115227146	0.162381960557114
-0.179371217244351	0.0961407571770547
0.308499658815164	0.234592930114784
-0.454419742607621	0.302516904713508
-0.0226473901787217	0.0106555594682057
1.08884117715962	0.67107293452965
-0.216533977539409	0.140164482058252
-0.78614450184963	0.520669163182573
-1.24350743098887	1.16198560137415
-1.58519337426794	1.87752861101226
-0.397594525549024	0.225540187279971
-1.48465000941191	0.750254071982769
0.337860140808653	0.206394382429058
0.513522989431129	0.327698989885476
-0.330268654515625	0.19877186619467
0.582283543738736	0.466845129135449
1.6856152059613	1.96045588445581
0.0335182886259771	0.0184081295371013
-0.544800910786728	0.346577238497776
1.10697322963703	0.845325890987919
0.555124036790479	0.465575244609156
0.451038007299901	0.181503296233176
-0.260133602726682	0.162667922224281
0.0276554667150472	0.0152336830065268
-0.0804944546569832	0.0489490635469347
0.458016938692509	0.332790453828482
0.148332564918352	0.0719422659403464
0.170291370481539	0.0988129390758638
0.174811968536217	0.101625322698539
0.365450196505278	0.184845289465166
1.65912417899246	1.56802853013933
-1.13995076110221	0.988750537894716
0.698394477481123	0.327670289397726
-0.259871486309216	0.162421264457594
-0.325871435210452	0.230738391750742
0.460858260437142	0.335534296886822
0.152342409404011	0.0661238765723518
-0.0457650890541088	0.0285312334449604
0.722127967368375	0.478740321691527
0.184837211843268	0.107799683330079
0.86730369244259	0.797432814937177
0.69400537921873	0.607805236941321
-0.603569776832878	0.289530217732636
0.795027518952135	0.47870101455303
0.516574256796003	0.330498835787483
0.174275010237518	0.101225814743126
0.721677785420358	0.478381950011841
-1.64140146903662	1.6899156600946
1.24820710783289	1.22979606365556
-0.783942030193989	0.60236554739898
0.153495886133074	0.0589183681974845
0.662785786633328	0.475336156290007
0.795988728040646	0.479222288339381
0.611697665145474	0.320955146651057
0.478246349534754	0.327958323013793
0.922447314248092	0.806087810032385
0.179050761230992	0.110938519571576
0.370650147259234	0.188121065740288
0.909556061657841	0.492309542177848
0.149687956850686	0.064934970211133
0.182230464353142	0.112980554188554
-0.13820927510853	0.049531032348743
0.808518045317698	0.771610090953669
-0.316604914470201	0.189476249825791
-1.01837696193392	0.403207674008432
2.1621340467484	2.25262405094043
1.4210011519169	1.77677109958186
-0.566663438418295	0.412170246967265
-0.238455727900157	0.119476147753374
-0.486776473537787	0.25588967394822
-0.599637409626921	0.287138428430173
0.44449881680561	0.340876593649021
0.0665823264868324	0.0413364870106903
-0.141381032056214	0.0506159875060989
-0.316909556323514	0.189793410857863
1.15247322354554	1.31167389808581
0.45563512208506	0.331054147103943
0.19000161513601	0.124991484009834
-0.94345819178011	0.577905170207753
0.185676907755922	0.115275937170533
0.177312104699742	0.109804648790613
0.393213234553533	0.177650237664418
5.12766831981519	4.01218884313808
0.800354306013345	0.482715582598663
0.154574268319046	0.0750462753292494
0.167863067477896	0.0898843441620265
0.324763348853294	0.212492604386036
0.550544396117731	0.460771510750624
0.159428445783134	0.0774483118322091
0.180753399608377	0.105264844167203
-1.72098822747885	1.45186232310388
-0.217388012846592	0.0701320045495842
0.610362975245427	0.32015557536002
0.727373585512032	0.483276714107323
-0.392970158943277	0.222219534932444
0.864731935538369	0.642447300435707
0.340927066744789	0.190801705353435
1.00214352013188	0.824090766698373
0.869635030710339	0.646644037983314
0.339197744663265	0.207290762381731
0.528697101266383	0.190116209542368
0.510372890650384	0.325010493808036
0.743257913769928	0.62379521137492
1.10839875698713	0.846599893934471
0.572274001979514	0.45665754048316
0.16659301543248	0.0809914870855777
-0.381769511784688	0.262689449349466
-0.913885566270329	0.669020283309583
-0.0246159985661888	0.0115335925233905
-0.778040782522458	0.596068689167566
-0.787620770820651	0.521375309860165
0.162132460766723	0.0788047545771799
2.12133800034702	0.952308998445296
0.163113419283259	0.0792269512446663
-0.230854730784965	0.115435866862747
-1.3186851520431	0.824874168038535
-0.149794976314546	0.102038286774127
-0.178060256536227	0.0953906712086977
-0.786679476300485	0.520862544138313
0.610687739555343	0.320362855420129
0.966731937093491	0.660586578784649
1.41243845912228	1.10367321459455
1.06583336465523	0.516206530168938
0.461930290435822	0.33641240224198
-0.395929290838695	0.224333502379057
-0.214771337939578	0.13892806718515
1.77404435583896	1.82329293689233
0.392227411103871	0.348545550128733
-0.0570934668192374	0.0248878651621918
0.149916983649413	0.057584517845971
-0.784112457798566	0.51877199826867
0.463539012167414	0.338033863841206
1.25167368155557	0.870871661677768
1.53863700793064	1.32670783124296
0.31198419668685	0.215610045356726
1.33366758907542	0.584614927374746
2.36261162403163	1.18586946415106
-0.228605042190028	0.114201506670372
0.156403408531497	0.0531349651823521
-0.0544799652702283	0.0237648388470658
0.0678392507642085	0.0421391327622793
0.517012578639767	0.33070971964836
0.825425367366759	0.347866059057456
-0.769182441744131	0.334695855481558
-0.387437592183627	0.21900678659113
0.53650666226299	0.193022853279719
1.46399482821035	0.916724683643812
0.166525795986803	0.0891316578972452
1.04064863072484	0.991427925565188
-0.209482536056304	0.135177343333829
0.401910402644116	0.181983255731924
1.13231274648171	1.02771664878175
-1.2766802053091	0.575752407916329
0.95569799397405	0.650275114835915
1.09630811418667	0.677107962933045
-0.788495600679416	0.606755811610531
-0.0593913011639312	0.0258570156938291
-0.716346626154106	0.245810055243264
-0.913018497392407	0.668176194063784
0.519999587916065	0.333226186174914
-1.1389684327534	0.988959728476046
0.0144037741564021	0.00722460022817583
-0.390363481819215	0.220657768245096
1.09975194232925	0.680131851946078
0.330006873076455	0.201001065715639
-0.262431215414666	0.164288907438038
-0.230435875919009	0.115228934580703
-0.769173953164105	0.334972135741439
2.13056296009187	1.49152638143334
0.794350653954584	0.477394161494226
0.164905654328373	0.080110798704401
0.156096177497257	0.059919986762722
-1.59896932770637	1.23011930570839
0.00875991774889404	0.00447820874708843
-0.662532595732746	0.463636312649288
0.911054195040618	0.493922285925933
-1.81433874778204	0.739366153614294
0.396451998810067	0.179399000256178
0.00321785547161314	0.00174188209781049
-0.981769641588066	0.486421651446565
0.448794614800884	0.180450286753226
-1.32466036674019	0.830987640513035
0.372734409957043	0.189124455278308
-0.328468737878228	0.232818434324133
0.161672921644009	0.0786269981223633
0.789024314857773	0.473962663915763
0.153159805824705	0.0663986798480013
0.528697101266383	0.190116209542368
-0.787415164110856	0.429633747223575
0.616150741698683	0.324021375121558
2.12505674265033	1.48371929395896
0.616150741698683	0.324021375121558
0.609210785683183	0.319315617623929
0.90766607456332	0.491595600835988
0.45700866228641	0.184115366980677
0.611170193695544	0.320662457383123
0.165262535612015	0.0803111663849366
0.505652336121125	0.454684141297378
0.430973420143945	0.345561058976737
-0.333840278954756	0.266257537491968
0.655322205355877	0.595952161462397
1.09530140683065	0.676259242178794
0.457838372281973	0.332942826431477
1.71242328165837	2.32730094285292
0.183863361786357	0.114163018033526
1.09713280243652	0.677837176484856
-0.175751920667521	0.116787945274063
0.0708338759393204	0.0461254929036293
-0.0466817939766436	0.0204741596816694
0.181253560992183	0.112410485981825
1.32718538742586	1.70745458390454
0.0276554667150472	0.0152336830065268
1.27580953801535	0.704202255813985
0.581929506259424	0.466816983227527
0.481856689497015	0.330969310603802
0.354295590515401	0.199341866712146
0.162953352690771	0.0870747626455266
-0.636249547276189	0.375820828265596
0.314868132539944	0.229486066365854
-0.261097544784505	0.163346968361852
0.516299986450152	0.329947846578826
1.11560991661382	0.85451957566437
-1.03507172440247	0.82860790554649
0.690775414919876	0.604467288971434
0.699212323107686	0.614475705370737
-0.0185756206186323	0.0118836751474284
0.613692089324441	0.32223914576006
0.152512200631439	0.058591261045569
0.864839696953784	0.64237129352807
0.322487373154586	0.223982524152331
-1.46564208379341	1.02031337134213
-1.24123325760711	1.15959409096432
0.589304202745434	0.474275276804883
0.157155801334797	0.0681890567676786
0.0348422614433126	0.0191043366540883
0.518984617220754	0.33215222044077
1.00226844972348	0.825301924394657
0.699616129145285	0.61452377039314
0.176624825608487	0.102743825070724
0.404684600455845	0.334828624340339
0.811564013615064	0.77524482664911
0.964204999882237	0.658020926539172
1.62168672497543	1.13808762201667
1.37248730288498	1.27611061785047
0.196914489500571	0.129867833870495
-0.173903304372995	0.0930712017092626
0.479047362426746	0.328367792104079
0.718719238141312	0.476302437203256
0.32545646081308	0.212690670359357
1.08353838820772	1.27048793637604
0.397961322623372	0.179920072195054
-0.137617828979002	0.0493209249602082
1.13589213855423	1.03129930544495
0.612683767341109	0.321766847158027
0.147743362880974	0.0567523885010285
0.537822771634915	0.193597818709898
-0.216942649148664	0.140466495857086
-0.782060268716935	0.516549858027264
0.90348856533046	0.488525390458796
2.13056296009187	1.49152638143334
-0.39036248239495	0.220682267394759
1.37352222366782	1.27913785203951
-0.995110531607587	0.89318253894729
0.161767377144026	0.0865681543420342
0.361731215019452	0.182931802719534
1.40804140476584	1.09866611892099
-0.219520484647655	0.142312867062203
-0.17036224372694	0.0910731882744212
0.0673951780953793	0.0418699347350573
-0.781387138213731	0.669625321352527
0.183863361786357	0.114163018033526
0.0570925438264533	0.0334794129999092
0.0688747005623169	0.0427660670075497
-0.117881736552328	0.0817843659563663
0.712306644049263	0.470696720029635
-0.0974228973236382	0.0571646416082973
-1.33692212688601	1.10723308640663
0.161683968820609	0.078582094176274
0.424192698077795	0.338736095192436
0.299355185954163	0.226636282278899
0.181755330108341	0.112666426123079
1.2588119668866	1.07396464445955
0.412531605958216	0.342616801817851
0.143856894582748	0.0552974127488249
-0.518194671266439	0.195949686702702
1.62757049013786	2.09336312744823
0.461513317089638	0.336040090466523
0.326909283410601	0.214063372291893
0.172097500396112	0.0998629328496921
0.311901013258058	0.22712296540559
-1.08946000100677	0.745367000061962
-0.694994176340329	0.65915876690968
-0.264898368774285	0.165825807924816
0.328112827715971	0.214760548561422
0.350373760859273	0.196840793870611
-0.133795961272307	0.0755670667686616
-1.81937129385307	0.742146991690708
0.453275723676749	0.182411845425636
1.0746915764096	0.521623564261811
-0.983136671168637	0.4874784090201
4.87267823990113	3.2266700660528
0.173127313274369	0.100591507217013
0.69285555176475	0.606101380907884
0.337166901235666	0.206123925485152
-0.860500009458793	0.857625919984175
-0.917885000589166	0.672710464415037
0.794602956367749	0.631983150752022
-0.0551292885383177	0.0240551235757528
0.157462123376921	0.060446471737033
0.825425367366759	0.347866059057456
-0.396376155841306	0.224613737819311
0.0864306266180369	0.0565274257166413
1.35855108768632	1.44752481856416
1.82627260695742	0.715797133923797
0.963149775507481	0.657920224981583
-0.669874947986894	0.47021866285906
-0.0157515899784759	0.00752184429220787
-0.23213809492448	0.116099355138135
-0.669769910658523	0.528707391115953
1.27971605386383	0.706710203845169
-0.993075401116762	0.888747679933911
0.48262745620595	0.331034590925952
0.053133598881502	0.0311418807947376
1.1308839482387	1.02546373096373
-0.77838753327496	0.666501299035511
-0.481879682984543	0.252479163857564
0.330691688100678	0.201498490208173
0.152503171275613	0.0661004748463406
0.516736024694035	0.330785296520096
1.24333071782956	1.22346400529956
1.57643819685999	0.785371966119765
0.188605836249345	0.12402065561353
-0.0127122654606803	0.00614048226903087
-0.48185209658731	0.252878033775557
1.10958849940618	0.847169150151085
-0.245972630383422	0.123412610377378
0.374553825198413	0.190135030095579
-2.06441503007623	0.940014395257253
0.184780120763545	0.114690436647018
-0.23702181945096	0.118645904673959
-0.391096888732438	0.1629812476362
0.0448022562080861	0.0263046248021376
1.07011816345358	0.518623420836751
0.792353717347433	0.47626391499233
0.181317088735445	0.112439952074977
0.389562507275672	0.175922462529926
0.481811014661392	0.330840094056159
0.660898002682121	0.472634322839216
1.01353838601862	0.838833903040033
0.797774824954894	0.635298703547133
1.24290533773044	1.22261792768444
-0.301678461212311	0.138432195605279
0.515581986134085	0.329481962825548
0.875067700238961	0.652655265863695
0.00767770035839564	0.00392424928687373
0.313156858753126	0.22809170390183
0.364210030141716	0.184131419662779
0.61149516875226	0.321236175856035
0.514234264471428	0.328369666551481
-2.11097619299396	1.62042517081968
-0.943555193303621	0.578118575678873
1.3692962342178	1.27270767387583
0.614103783927712	0.467268411460984
-1.33293450467774	1.10110664266365
0.794646443867503	0.478323464677085
0.491796157424052	0.338977992793815
0.20133977220364	0.139573470882908
0.552147719546151	0.321921783968442
1.04713915817157	0.999581212784749
0.364424111785453	0.184439747653783
0.791436067875822	0.628204183296997
0.621321405784029	0.474658134288235
0.331988225762362	0.20244610678154
1.53783145637401	1.32516230169533
0.0353280662191771	0.0193679422108843
0.514264902450674	0.328850241170729
-1.82805979380714	1.67196838875542
0.17742254180704	0.103080175697444
0.302446939463689	0.207934601640921
-0.23572968749486	0.117990851864003
0.486753333614342	0.334732514522162
0.556113632116249	0.466784438340753
-0.525082284718947	0.198984525789772
0.160496152810008	0.0778657816352406
0.619784162616887	0.326266940080228
0.603921017817583	0.316396527546602
0.154990846394639	0.067267247391589
-1.89036553153806	2.30309529195099
0.605706348096794	0.317479936081538
-0.316789260382046	0.189670857201291
0.97196115939883	0.665350084498084
0.613008660747081	0.322012749294605
0.317709737331521	0.220166649688829
0.841092816537318	0.884186500388797
0.0308626880571492	0.0169718579627759
0.904026907102766	0.488357757904387
0.179692328424198	0.104490916676153
-0.00796214231752913	0.00511924975337185
0.937933159676802	0.82488359777643
-0.512982221754869	0.19396359228403
0.695729012477645	0.326110198390156
0.00384980250323131	0.00206941585617588
1.01145148319351	0.835808471831399
1.25748962317285	0.8767565613516
0.343183585341042	0.210160267154318
0.58447406072458	0.469198369970879
-0.532157524103569	0.33678288390191
1.09975194232925	0.680131851946078
0.15243762427523	0.0585046911358224
-0.0920120072414227	0.0365206831931245
0.399578269544267	0.180747415802392
0.0144037741564021	0.00722460022817583
1.28187715105877	0.708598307729972
-0.635749758673443	0.375246358779943
-1.51919018322957	0.542251856895701
-1.13521969998424	0.343544374381215
0.793977048401979	0.477049956261738
0.807379932501604	0.645717991975656
-0.528498287191591	0.333788856792112
-0.301654698061974	0.138588339768243
-1.31634439938499	0.823249189136409
-0.136202543187412	0.0769460307774198
1.78428953089973	0.998304742420709
0.174237394214571	0.0935290558094892
0.796276100555575	0.478990034247531
-0.316909556323514	0.189793410857863
0.399301094356218	0.180604909315299
-0.535631932499435	0.339451950158123
-0.788980053490547	0.52258590883816
-0.45617112199403	0.303768745412125
0.322487373154586	0.223982524152331
1.4005224663845	1.08946554585023
-0.488873510710508	0.256842103753225
-0.302848452401005	0.138967568191301
-2.227210003965	1.86404205011302
0.518527427033813	0.331813163788633
0.867977785700912	0.645815497335998
-0.0166403129336401	0.00792719055279911
0.165188255463637	0.0883689075901263
0.369098387830601	0.187038528267993
-0.486375486579875	0.2556360160526
0.916864200191277	0.497583429726031
-0.391527822013094	0.22162535872072
1.45556822570243	0.909862059557999
1.00678591394419	0.830073365646004
0.341378096086844	0.191079659734683
-0.270439260327116	0.169843593776579
-0.643351988322185	0.381033761132435
1.0746915764096	0.521623564261811
0.402969101187946	0.182490153188217
1.24245358659809	1.37271799142778
0.373692971322895	0.189631254672726
0.152342409404011	0.0661238765723518
-0.642385803086616	0.380005364837952
-0.0165598324449429	0.00787916236006958
-0.214952210282499	0.0694159656881339
0.367494747826509	0.186299991904384
0.547799569082805	0.318542882138934
0.154013634311518	0.06687398354569
0.58149147483313	0.465969563028734
1.24905656065312	1.23073793950533
0.157660768713607	0.068480623096022
0.322876008262447	0.211036818704072
-1.15537471916335	0.645245605165763
0.160969730994387	0.0546270291122943
1.33542918143198	0.585518840032983
0.167463572729859	0.0814277441275022
-1.81500400399229	0.739710597985082
0.341648369497403	0.209066303420174
-0.532740338616364	0.337355704071382
0.395638945353767	0.178912374877141
1.97630865694165	1.24162857360385
0.406377452037962	0.184222958311821
0.18344817996622	0.113885506968349
1.08969079029386	0.671048082565123
-0.0196968381115881	0.00931442637068886
0.174700607281526	0.0937734571035499
0.720341624724678	0.477169472464025
-0.89059304357917	0.741193394367323
0.799224558468765	0.481516430126376
0.552070728630294	0.322059010063188
0.613008660747081	0.322012749294605
1.45415502686182	0.482281800899209
0.369783437649918	0.187634659847193
-0.232597121971833	0.116359267009922
0.456780268923437	0.183977943497489
1.45738039341353	0.910724397946231
0.802254244918347	0.639559257265805
0.162128973577301	0.0704388949800104
2.03189368694841	1.93124150565151
0.822953945908134	0.346466986298602
0.150388972858266	0.065311350186532
0.317690022813293	0.220152205718622
0.153068665402742	0.0587995504985548
0.397429413485127	0.179636113008884
-0.60491353971316	0.290239302747195
0.159050937525595	0.0771090087476382
-0.175912085747445	0.0942775779154222
-2.0703662383507	0.944040384379806
0.660023007197617	0.472133431875594
0.177567779478254	0.103276475714143
-0.391397096005124	0.163067100955571
1.07328158265377	0.520779732646976
0.554749768965766	0.323804067465108
0.0152368511327457	0.00765403970270565
0.968051436720504	0.66163017863777
1.3417364351751	0.588970767000696
1.53742922267625	1.32670648954194
0.552966819111342	0.322483622747953
0.345106152124818	0.193438997157796
-0.174425813680871	0.0934320270917944
0.859933096309343	0.788421052591719
1.28661288973764	0.712229706276795
0.858608669020093	0.786593930283495
0.957755399215654	0.947596458079855
0.306453027549578	0.232874404863872
0.179526076232954	0.117572559809939
0.721677785420358	0.478381950011841
-0.137885281180338	0.0779725374326292
-1.08988495806943	0.745844392822889
-0.599108897150684	0.286827148762254
0.1803496976103	0.111778253505765
1.00978437657522	0.83435461320514
-0.174322368926087	0.115726305265692
0.403201932386425	0.347215975364675
0.332509955475894	0.202798697875363
0.535248120076958	0.467267043284802
0.513651089406802	0.328254612497362
0.182546510285431	0.125421085077404
0.801902557094194	0.639144091976502
2.4140644116129	2.07074782529649
0.547799569082805	0.318542882138934
0.194911506975159	0.128481216675528
0.463702797948121	0.338002490904729
-0.0901691397194949	0.0358284240524657
-0.597304341181378	0.486801565386831
-1.34345797034382	1.34618766353374
0.92250637881543	0.806394224676986
-0.0978117952071094	0.0573722504384291
1.0651591747371	1.13674672192146
0.860164804373484	0.78860194632169
0.699620320468723	0.61498568042181
-0.332512585993632	0.264908021597177
-1.83070645381077	1.15264312022397
-0.394129490852421	0.223150611048967
0.166366865093402	0.0892062534702819
0.162774743786831	0.0870864677426924
-0.31959603375674	0.191508916629267
-0.681088720015472	0.540280563622666
1.08969079029386	0.671048082565123
0.90227466378432	0.925132262449408
0.861180562893681	0.789634614765194
0.960211468456607	0.653954419949103
-0.175332914919032	0.0939492575757498
0.180287125897165	0.11175528285528
0.463782027301374	0.439964767068222
1.24593336439125	1.64109748396175
0.909978123642341	0.492909487839354
1.04319142893898	0.995086688708192
1.11355263418387	0.853131081942933
0.664793897903185	0.476830581204841
0.512174954696316	0.32665512171915
0.20526050515027	0.148740207914722
0.585364034970588	0.470136471243633
0.156403408531497	0.0531349651823521
0.798637677836261	0.636183330092255
-0.377545683270379	0.295954795295321
1.04938145959091	1.00301934315541
0.370823472482315	0.188010332471104
1.26120630566103	0.880118255779847
0.164351960615259	0.0951557208277678
0.464959107638387	0.338928743269886
0.593999188373188	0.478912183194289
-0.101260407645757	0.0595061087656024
1.10972710572437	0.84922313374143
-0.675814731953594	0.53509219278403
-0.646487262469838	0.383339995235504
0.169029562033449	0.090572735183079
-1.47309396451122	1.02889358190134
0.00633432820050065	0.00326596172891858
-0.376040827635031	0.257935995471081
-0.485899813522557	0.255359924466185
-0.318374058082163	0.190647158840851
0.419927912407866	0.334738460131967
0.191362757789776	0.137764816445479
0.513021734429938	0.327638268165933
-0.662623805162551	0.462677737422829
-0.78680755328655	0.520891366647568
0.327697477464683	0.214425713220268
-0.854071221660826	0.848273964469165
-0.636707796858016	0.376127091106297
0.0105612687141988	0.00532410498159347
0.316570373847426	0.230976275640144
0.297087672696185	0.224727059083463
0.69473491261727	0.325935633795311
0.344591753748511	0.192795839972261
0.0170315087099026	0.00852267841854408
0.333633566860986	0.203354324072456
-0.38592903892969	0.303780042385969
0.186055576910807	0.115624760748177
-0.540856686390871	0.343108114716332
-0.0545783153502484	0.0238061517322269
-0.0970081236743832	0.0384843792732294
0.591895261855365	0.47669067966812
0.399580421539515	0.180952893176916
0.169905105899281	0.0910528849787546
1.25158656352507	0.870230618119273
0.31045822951428	0.236502985447523
0.394030581204425	0.178231209368539
0.316431290732484	0.219158713136971
0.014944836951625	0.00751084945372412
-1.09076760348021	0.746529606440363
-1.09523411633	0.751270637161699
-0.140555342964598	0.0503172089801336
1.11651118610794	0.855647156237919
0.550990561314383	0.32051338119579
0.160349171679355	0.0779211825985361
0.704503501544227	0.331035488051628
-0.492185832856746	0.258938866105532
0.161897561579225	0.0866037148486353
0.525234567403416	0.45596749324583
-1.27751931897973	0.575987802889346
0.008097629524415	0.00410927486059078
0.862914114247705	0.64071315427682
-0.570146737642997	0.415606543540108
0.372929250907166	0.189410065825558
0.615482846358088	0.468641285942122
-0.542756905721917	0.344793408954309
0.396447239948702	0.179301764234139
0.664094674045115	0.21063730965169
1.69341295560604	1.97740839653337
1.33608967157878	0.585665643088808
-0.650094610875522	0.386105912371598
1.78226238537219	0.997557727804947
0.155572557197279	0.052867342174464
0.723901257643015	0.480250108673203
0.0519662738596477	0.0304802693115447
0.175175790917764	0.101787957489731
-1.02308669477862	0.405545669724936
0.795309810235994	0.478180320596621
-0.969467045338551	0.954366404984517
0.0562338981259369	0.0329795035358869
0.0119455389351173	0.00600838631927141
-0.234768381371838	0.117353834195191
0.793684142895203	0.477584949671026
-1.22076600876121	0.922884770330733
-0.0975367921172222	0.0386896573988339
0.455025575438864	0.183293312831413
-0.60491353971316	0.290239302747195
-0.0563071204000754	0.0245348136274364
-0.175245385882278	0.116426099645746
1.78154811755746	1.83641258489902
-0.783319085056695	0.426267703686368
-2.63225110459543	1.61378363271414
-1.98152260914082	1.3834502062931
0.0317743386393838	0.0174372947650387
0.580982535780255	0.465937074634039
0.395109703983226	0.178638181600002
0.156654653991889	0.0601389991500927
-0.780598140940788	0.598882106786494
0.433211593007676	0.330505097610999
0.189996476734372	0.131021614184751
-1.48381146477455	0.750044721804023
0.870797997208904	0.648222116004186
-0.0862144448816731	0.0343069933660626
-0.213639314943098	0.0690063709749365
0.794165360357128	0.477994418179591
0.16846198460025	0.0903413656605555
0.144105442033642	0.0553820496758211
0.327395915399373	0.2144157221014
0.160923467340063	0.0617540921566825
-0.302012171776503	0.138585388468235
-0.596720961513624	0.285633666135419
-0.938936701928911	0.574603881630557
1.10868315818407	0.846044715753065
0.450073566049819	0.181028684301801
0.369098387830601	0.187038528267993
-0.314383572573485	0.144813143928329
0.17780858688259	0.110067481096119
0.414492904654337	0.444385010349244
0.201302865358361	0.151384322478767
0.649747909989881	0.942618581319471
0.668891309807139	0.480420988009326
1.25007944310658	0.869735656085103
0.531842803938449	0.191317098366628
-0.78477585296416	0.427679351079229
0.821663008116904	0.345926859470484
0.477773519436969	0.3275269206965
1.80625542052031	3.19760221302528
0.964072843524815	0.658448574364302
1.18641545023543	1.71161263521387
3.05268027910091	2.27464510508766
1.35414616939711	1.44003668243371
0.36206207829841	0.183277513702632
-0.230276868170015	0.190485584293469
0.422159701484111	0.336957349732218
0.792822258834528	0.476841969619881
0.178835220870898	0.122661448939303
0.457918277300921	0.333051402040185
-1.98059976065053	1.3809525587901
0.553122510718668	0.322126918205852
-0.646027265078088	0.382996070869013
0.327102415912791	0.199189707775613
-0.0205837666544286	0.00972270851194434
-0.0153052822224922	0.00731683266438104
1.09662999253566	0.6774804179812
0.666919993655043	0.478485105751902
0.791974211217452	0.475770148899978
0.451231312541029	0.326986114821898
0.720902567063178	0.731602659146366
-0.943499157593838	0.999070558918015
1.09003764784702	0.671221713453794
-1.12326159774528	1.23810172182485
0.349032129016902	0.195978226301976
-0.0487144694234299	0.021333046821574
0.84976139015192	0.775192902358282
0.156288643580883	0.0530843864160785
0.158189710937977	0.0768101097617266
0.335195345828829	0.20469988991778
0.370823472482315	0.188010332471104
0.769110064517193	0.855056320719514
0.0198328009053181	0.0133402767303
-0.70376436480898	0.717615839882205
0.0385489839644737	0.021137661671391
0.0479185311878615	0.0281033258587783
1.39965951612228	1.08815166142096
-0.637123887921026	0.376363613927888
-0.147436941924418	0.0527406562830086
0.397687058200255	0.179960302322032
2.95065206216614	3.71767469767789
-0.0150463787908186	0.0113493741180365
0.902688439686268	0.487171978260139
1.00257894166181	0.824650100754399
-0.383069834900252	0.263750445278896
0.304789794605788	0.221170638873664
0.419714823401156	0.334511951333463
-1.17550048109276	1.20493275014624
0.290176558638898	0.252983637807696
-0.321327050755787	0.192556412843814
0.177940395167654	0.103512849641712
0.440337816252379	0.336933793610467
0.157233320296583	0.0533909154169995
-1.1580132727258	0.646915947450794
-0.0686440383976119	0.0416696810134716
0.463107747035693	0.337748007795863
0.156825069451733	0.0680466718392824
-0.177453415626106	0.0951426151730937
0.212290372281239	0.171916543526142
-0.312011440634282	0.297818746808968
0.176352279802679	0.109176459528279
1.78510447544976	0.999170872706422
2.27206014329415	1.76164645343651
1.82513230176872	0.715356894962213
-1.6681934873708	0.941769673728646
-0.387385431772182	0.161121365928577
-0.647454153095614	0.384348941164897
0.798365662083572	0.480848835825377
-0.143629596355123	0.0513929708746564
0.452907507274522	0.182272492428884
-2.34866567147855	2.14548064632161
1.46449146347541	0.917764228830909
-0.324477787798485	0.194799258569579
-0.762900274145912	0.331434318020362
0.157267683683056	0.0763340906246022
1.08901924365508	0.671447166005713
0.402181718562018	0.182243654220829
-0.142440177804696	0.0509737826404277
1.78498146418075	0.99901055791848
0.159474851217086	0.077480846781015
1.46087099173333	0.913300850062218
-0.975441068760145	0.482163989366263
-0.638918815876267	0.377739900443226
0.6988817457644	0.328023188978198
0.453017086926378	0.182395940611143
0.451491615165562	0.181690320657802
0.661959975069724	0.474310854926447
-0.515889861149168	0.195150861370295
-0.0184093593479604	0.0170108638015381
0.586510454782507	0.666786798738196
-0.516210996696939	0.573054238055633
-0.543943686122275	0.489085048416326
0.822440294942587	0.899476698496894
1.04938145959091	1.00301934315541
-0.638459610996122	0.377432548888694
0.442131131223509	0.177719561783902
-0.777464355658457	0.422594045993416
-0.773944580465794	0.337367477043196
-0.0552185882507658	0.0240920164973833
-0.512774894780034	0.193916140778872
-0.607727320752718	0.291928373067885
-0.901726083213259	0.634836764505933
0.532063703387852	0.191352275495319
1.78629951935402	1.00080490360647
0.365450196505278	0.184845289465166
0.534676685393129	0.192377474764699
1.3352730569914	0.58510861571836
0.156346142225533	0.0599975863029109
0.911893693765554	0.494187152964631
-0.223735697055648	0.111600160854454
0.533792789739045	0.192056407531968
1.57580375014471	0.78459119238209
1.07011816345358	0.518623420836751
0.791871653537492	0.475934696478668
-1.67148917278405	0.944891177161515
-0.0135171223786199	0.00650344950882125
2.12133800034702	0.952308998445296
0.551791365423109	0.321165773438845
-0.297321391465352	0.136459085089297
-1.83249506082919	1.15464348735586
-0.482838665424369	0.253085010221614
2.3603319375185	1.18386066251181
-0.482121148882205	0.252997469436711
1.07762972070185	0.523192318967485
1.33542918143198	0.585518840032983
0.0353280662191771	0.0193679422108843
-3.08255415585823	0.963691003677911
-0.488394040215405	0.256571494716773
-0.642511009645934	0.380710730102905
0.165704597093625	0.0417255219351786
0.965868389134848	0.65972973374874
2.12133800034702	0.952308998445296
-0.226848217727309	0.113242297212721
0.166084152255821	0.0418055330790301
0.160738504231491	0.0479850328827505
-1.49434187995139	0.757328134602473
1.45707753244512	0.483282553765983
1.06907840983834	0.517944608681236
0.702833649363981	0.330220606485908
-0.276188987694841	0.173784537688254
-1.66903918107483	0.941755332620204
0.1614381698361	0.0863283273246036
1.07049383091777	0.518656679919071
1.57872157530349	0.787144638169878
0.152374731249426	0.0584695703568115
0.457237192707656	0.184163535719593
0.900889315160942	0.486604124791445
0.328707218700482	0.215391763152455
0.342623883334244	0.191977863041559
0.194801608037228	0.140423797861174
0.195398372303785	0.151587919778092
-0.153067297086184	0.104446201587634
0.717815426906328	0.72657492699779
0.0465526022569628	0.0340123106646956
-0.0000356587454983342	0.000208715437321447
1.24043203391096	1.50240761147106
1.06929985127949	0.518119516931828
0.870020444552605	0.647960252009964
0.867962911480668	0.645871331370985
1.83203983245014	0.718669237324705
0.864588837320385	0.641744723624442
1.12253627388267	0.863139523316347
0.590503901175174	0.475704157145312
-0.484186411622677	0.253868885014479
0.367221261740544	0.18628910403488
0.616883675619496	0.470281137877263
-0.567989348886164	0.413405686083379
0.659158784831866	0.600602615975084
0.553535992793716	0.322491648318607
0.399047399068427	0.180463512898126
0.171143180845344	0.0993428860484538
0.286244645943727	0.232782096898122
1.11484193177126	0.85472005108731
0.0425549814998614	0.0233065012530349
0.323777138609571	0.211679824835744
0.549074707523348	0.319565516316007
0.904017602064035	0.48904943535585
-0.0904526222459324	0.035937013241364
0.723353223287826	0.479614361477642
1.4111245776384	1.10175331984532
0.965467517168176	0.659303324527636
0.584428918827948	0.469523488589112
0.726924939539449	0.482977354540656
-0.768597316744922	0.716185354720948
0.669835276847866	0.481211640399189
0.335398574473911	0.204955996519194
0.466664096874352	0.340598906185076
0.824050985418665	0.34728411056886
0.398238474377026	0.180057025231607
0.61878497437338	0.471878255158203
0.309248957433919	0.224915267440845
0.321075108401735	0.209694012972839
-0.1798600446586	0.0963763552397703
-1.3281288766947	0.834300296965657
0.785482576710608	0.47100189958033
0.366627915517588	0.185820869768428
0.560992140073715	0.327934393152637
0.694923768942287	0.325653810863872
1.83137413625852	0.718303982282656
1.04127213532569	0.395069586950447
0.341725643319897	0.191385337486557
1.95972290511675	2.72717586713171
0.0152633510901868	0.00764887720931368
0.793039405407355	0.477213430442476
-0.017091761774903	0.00813166324118599
0.327760102929288	0.199399700002872
0.319417900832035	0.221369619935486
0.192977519517768	0.138898676867499
0.161269420599483	0.0783680437507676
0.800598362111101	0.761078386725842
-0.180654778897957	0.0969564867719543
0.854950359807051	0.905592276583548
-0.920623189552308	0.675358875511881
-0.980233190958718	0.485612028550876
0.486796180367909	0.334757246380206
0.157831372779687	0.0765247051495202
0.334065736306627	0.203647258214955
0.157658428458922	0.0684184485852274
0.623974767024283	0.476755878722984
0.158974061400232	0.0772790886868511
-0.15067261998859	0.102727118556073
1.14040971943202	1.03739568267552
1.12631009564416	1.01878127130065
0.365932548948023	0.185142450367777
-0.0635599383165853	0.038550897277516
0.366414767409381	0.185421536875217
2.56874050903819	1.43039075188776
0.609857474714165	0.319839075764602
-0.53312820755682	0.337504557187411
0.830813570732659	0.350577218304927
1.09164610379078	0.673794994334163
-0.0513081757086555	0.022428119842436
1.90949461952211	1.6557687602825
0.355193070434761	0.199864081951617
0.509358206306889	0.324741080570254
0.6988817457644	0.328023188978198
0.612504602681919	0.321656275202434
-1.02308669477862	0.405545669724936
1.25416732671343	0.872368724279956
0.907692434891209	0.491198743123056
0.721744083834232	0.478994621755707
0.365553569541729	0.184922254900027
1.28107795691223	0.707905162126171
0.553999837806063	0.322867441457051
1.25502114311904	0.873399833716671
0.458419058509253	0.184754460876737
0.0821510246908531	0.0536612287339017
0.433098990498094	0.330420639304864
0.466614653756461	0.340772363708409
0.0375608201322937	0.0205772850441762
0.309908707710325	0.225361809090488
-0.786362558402305	0.520583205969259
0.155372593274282	0.0528040448022981
-0.147048543031535	0.0526380694043214
1.26262420231388	0.881489553115247
1.26745071396285	0.886509857785942
0.157665127156854	0.053551257115328
-0.76149525509435	0.330739131941591
0.152686341340135	0.0586077786643544
1.62449525065363	1.14160791515845
0.722631177652061	0.479717984361726
-0.213639314943098	0.0690063709749365
-0.231635872710585	0.115700904003422
0.155931105407061	0.0756647395333248
-1.482973693437	0.749174838653755
0.603558345571869	0.316342445016051
-1.27605282856675	0.575459260120326
0.351990097651696	0.197666079588049
0.566232389575711	0.33165247794835
-0.398844418423495	0.226267029787654
0.558716884452023	0.326538481788124
0.366627915517588	0.185820869768428
-0.39344763955652	0.163974754883059
-0.645107622573137	0.382221902592872
0.552094808273761	0.321871607214484
-0.389469565716189	0.220123777759824
-1.32862698437618	0.834797432688082
-0.0882994216015153	0.0351323446893428
1.0945071628854	0.675172458585694
0.165314418287227	0.0803242921722673
1.10958849940618	0.847169150151085
0.166084152255821	0.0418055330790301
-0.515466779883267	0.194997679323859
0.507456204887629	0.32335454172067
0.163453365813615	0.0554239857172599
-0.786297468402055	0.520127240435078
1.07140162579618	0.519712724983571
-0.0152094925544842	0.00726232574496428
1.07246466651492	0.52025153016617
-1.27367964961835	0.57333834782702
0.904546479526573	0.489413764048801
1.57048924736166	0.7812871407472
2.36261162403163	1.18586946415106
-0.780635536769961	0.424490242011543
0.401910402644116	0.181983255731924
1.07186940551221	0.519676007812055
0.151706424698603	0.0582782084805056
-0.796530866475289	0.435530694870185
-0.791165360868249	0.432451564499257
0.0027300099642089	0.00151947192160673
0.323777138609571	0.211679824835744
0.373795794511335	0.189905918184315
0.155372593274282	0.0528040448022981
0.452525251927235	0.182181178982924
0.484219185786302	0.464719551797633
0.746020301815695	0.626312605562461
0.435898714066476	0.333049409984451
0.183863361786357	0.114163018033526
0.338890375800876	0.207193951635994
0.326616699275916	0.19880429789652
0.702500016879874	0.61835834636384
0.205912635545372	0.160736630906214
0.330294402505475	0.230093768381319
1.03716415804801	0.986470803825936
1.25130010487377	1.23553026816063
-0.212549478730139	0.137346421319445
0.726543553082455	0.483190104930214
0.845535363948936	0.891228318299381
0.422458379702984	0.337226133739806
0.446572887076252	0.343016855000401
0.662792976829457	0.604649772088621
0.513797478151694	0.328501629437774
-0.879563498455747	0.810774203304261
1.35229880706838	1.43586748564103
1.25566453812263	1.06976772027904
-1.88903081052781	2.29916799355075
0.433277374948382	0.330378297355922
0.309248957433919	0.224915267440845
1.08505243241231	0.667600763949939
0.321893531589283	0.223498134504092
0.150388972858266	0.065311350186532
0.878109897698679	0.656301900619342
-1.92378563335702	1.8871377060704
0.799937091378914	0.865023187712642
0.609857474714165	0.319839075764602
0.51129542267071	0.32594858937936
0.493164652360125	0.340218904152068
0.957848711514216	0.653040948279414
1.46612310542165	0.918312812623729
0.743728536498409	0.624320612202193
2.0401001776308	1.94570912087908
1.07644507770465	0.522660261561073
0.93667581662389	0.822967824835283
1.12811882670624	1.02019704561255
0.289479058159585	0.244253764541224
0.169488076259706	0.0908379887016671
0.454432327347969	0.183046639295393
0.0453335571966317	0.026609271747931
-1.33080665237697	1.09884490667772
0.548594330453375	0.319636758546832
-0.308781065136298	0.141992279612396
-0.0533922081460383	0.023320968973608
0.046686640701965	0.0273825646809089
0.747641781463964	0.628112949758946
0.372254931416501	0.188845141906798
0.747652830581113	0.628704913785104
-0.857114521941384	0.852721350701394
2.27490934899842	1.76423640568076
0.491261731207862	0.338479355887848
1.00783015124298	0.832144779133872
0.156776520539823	0.0532161102867671
0.622905602933064	0.328099474305186
0.477346004363194	0.327155272486888
-0.4863132227177	0.364116750632898
-0.0854467101516197	0.0340128276954404
-0.642568638942288	0.380881676543735
-0.0466006797563929	0.0204398847557733
-0.530420012239581	0.33550878720385
-0.612495739442832	0.544712725003646
-0.0582078238775852	0.0253494944552862
-0.788163474499994	0.677844117082546
0.616869087899444	0.470166522407404
0.0549562635846446	0.0322466974743445
0.511853071124825	0.326840473304125
0.577011554220877	0.46185375418648
0.556912816362141	0.325317075762812
0.446389407735018	0.179556225692317
0.0128059211141376	0.00643117036486478
0.398526486214574	0.180364844839969
0.857849690249933	0.784975447242089
0.369395698726736	0.187399034104052
0.082380995276808	0.0538343640478649
1.62251268257152	1.13882432094639
-0.483074790717705	0.25355196854113
0.909298383653948	0.492390033550039
0.328238487727125	0.214897306731628
0.00794003384816798	0.00405776758268694
0.720853475414356	0.478161829028055
-0.0445974496490306	0.0195935330801251
0.314191429644088	0.217341204992914
2.0861053968237	2.64192724163803
1.58036530094534	0.788197961251042
0.346558195925964	0.194513479439158
0.338541618838768	0.206878298465496
0.488617173546064	0.336342686169737
0.157891881948442	0.076531510257976
0.17342364064495	0.100701590379723
-0.181915444193362	0.121156105288465
-0.109694817714126	0.0758092678533572
0.019534394528942	0.00977015911176588
0.869017892050848	0.646247942846233
-0.132032753677784	0.07449942489404
-0.134758074690086	0.0760586635661142
-0.0967239982170199	0.0383769640539295
-1.26845479307781	0.570769833026671
-0.0499647003777494	0.021861406209612
-0.32221938941615	0.193267524044396
-0.0201409503348567	0.00951940121627284
0.60291653382756	0.315862592250557
0.347341497349241	0.194881617555347
-0.510685030941215	0.193049519773074
0.307969693766168	0.234190179531199
0.913546072965395	0.79431663141398
-0.529985920931089	0.335137832606628
2.74825331846363	1.68485200343231
0.613838303678959	0.322548332275997
-0.452950965251679	0.301631079904029
-0.516640021567978	0.195578035113981
0.796885493243993	0.634254957102384
-0.785015523202022	0.519554857401945
0.00719265486886799	0.00366458309058795
0.156855166650073	0.0761245355399912
0.557583416754159	0.325278956051603
0.370261306551885	0.187904375545421
0.143299319006601	0.055074938076066
-0.305820815834773	0.140560121358743
0.162502422977515	0.0790018504810944
-0.225590007144962	0.112638982061241
-1.32182754991782	0.828540531572284
-0.065378121321133	0.0284103674528138
-1.33953988104123	1.33805686708815
-0.222227609046301	0.144202564987612
0.791389455046146	0.475525558469102
0.0304427349428873	0.0167446152588991
0.373596077455595	0.189628384238544
0.330050733978919	0.201022853787282
0.964022737191745	0.65878595734656
-0.980382180295135	0.485577017392583
-0.0491005347578184	0.0214966651238078
0.608015216996955	0.318505660410095
-1.83596734364611	1.15789643592512
-0.0555411393900055	0.0242037631539135
0.534676685393129	0.192377474764699
-0.392873220777312	0.222484756450171
-0.649177032417704	0.385413047510911
0.405545158838971	0.183876203223114
-0.0530600364398725	0.0231728433881565
0.185676907755922	0.115275937170533
-0.0669711920251216	0.0406382893103912
-0.231313020905493	0.115677598906128
0.437183325864616	0.334198902502288
0.904274381230676	0.92831461760887
0.0970202694771357	0.0664707947505745
1.11914839641313	1.00886910151698
0.618616593053177	0.471939415199108
0.79932924177074	0.481525608924784
1.0101498423056	0.834109192945303
0.683228108822389	0.710117213870437
1.01903706027018	1.22291644439905
-0.524906839428734	0.435512019110266
1.48652923580982	1.50565647581416
0.610208074807173	0.46362819892203
0.873724718158844	0.651028520693413
0.925093462022276	0.809468297356102
1.44688033193703	1.64570965735711
1.00814989784364	0.83177327105371
-1.48322009253632	0.749647504548096
-1.20898601101197	0.910083543246895
-0.303978064264384	0.139651385817984
0.716135451313448	0.473721098249925
0.624020053745436	0.477303344496047
0.337597941579872	0.20642414629881
0.71524567153763	0.472933523471169
1.55165509316621	1.89082581282935
1.59618165953497	1.74135504684482
0.820298870879993	0.345307177563048
-0.0637468487380579	0.027555968397254
0.368718123843426	0.186808772994455
-0.535435119210329	0.339390052395503
-1.71046634105214	1.43502955610338
-0.684190362622611	0.543564157191504
-1.33860090694319	1.53622246104342
1.33260025719858	0.583995919548712
0.170801085300371	0.091566893406975
0.797615102490042	0.480081203313813
0.360046802267907	0.182214762749545
-0.0877747885053944	0.0349096890477682
0.608353185377145	0.319231191007691
0.552320090181102	0.321449300086733
0.331394025894206	0.201771251124925
-0.956194372521196	0.588761516819496
0.173331372387751	0.100505677728636
1.03315295310075	0.980858777005413
-0.596720961513624	0.285633666135419
0.030795596853356	0.016931821543599
0.186402498202191	0.122439505635046
0.346558195925964	0.194513479439158
1.535728479162	1.32279377269615
1.40807963734059	1.09817499665185
1.45377869768284	0.481973964249078
0.5499453879473	0.320188473912161
0.919266490833582	0.801827068568294
-0.75865332496854	0.32934909721446
1.2533912104178	0.872749903464085
-0.094328932045883	0.0374336509923515
1.04095857369793	0.992002325723338
0.333373768985917	0.203448159594024
0.454191867944834	0.182968950364669
0.173306336871398	0.100581634399706
0.148062190872475	0.056895788489256
1.32499721795594	0.579490224574961
0.617983271024711	0.325163377946729
0.696851684035903	0.326735848657766
0.157212954461689	0.0603521678958182
0.158236523811813	0.0767328344983526
0.461473404420317	0.336200656513034
-1.48370603820891	0.750232392960657
-0.232597121971833	0.116359267009922
0.15626718880573	0.0467163154553699
-0.389985967030364	0.162470470682988
-0.180272337196033	0.0966392457128763
1.48616880813059	1.50494179256034
0.167424930479852	0.0896363017385735
0.15894967707584	0.077244318265498
-0.0442093183492583	0.0194281543952
0.875521008730761	0.653149644977619
0.0483281937145387	0.0283818647177754
0.695849850272461	0.326454362153707
1.36082366179247	1.44991441031341
-0.32452258913906	0.229589299829944
-0.946889989913596	0.581362335769429
0.862427651374707	0.791788847638499
0.553448386119384	0.322916845310109
0.167559068101547	0.0898370627536597
0.185644432212471	0.108214250212976
0.445569555469994	0.179194625806487
0.172417747420133	0.0924779010553365
-0.101665815668753	0.0597361931904784
0.916750860735011	0.798978316985968
0.522798985074108	0.335150491223698
1.12637126126397	1.01774636867562
1.62181943152293	1.13931685923376
-0.0573757677428575	0.0417729597928146
0.829357632482683	0.349871102086347
0.874288399283514	0.65243761883566
0.155172296687638	0.0527212354131156
1.66230239662848	1.57566535706706
-0.481307322113068	0.252475594275326
0.346444893311696	0.194316146735746
-0.516096514132394	0.19525236723075
-0.216898423653784	0.140390604432392
0.00775616252701188	0.00394514157709931
0.797883670340588	0.48041081201985
0.176068619757457	0.102188029239243
-0.302515588736306	0.138831168276516
1.3345487412554	0.585101958973942
-1.16200249594718	0.650500570196503
0.151706424698603	0.0582782084805056
0.795890365031766	0.479371230365952
-0.595274676684282	0.484411351519053
1.0895311678656	0.670863206341914
0.666836693402997	0.478784100977547
-0.131929597065914	0.0744767820620023
0.555732490677334	0.324158116223017
-0.5337801024197	0.33804010297705
0.308948094657258	0.224543964518304
0.902940213125793	0.488132918705787
-0.536249291854373	0.339478552090136
0.167513062115111	0.081448318848558
1.10571925600101	0.843664929117947
-0.0533041266458526	0.0232798428876188
0.343850668967186	0.192566534841794
0.720938644817183	0.478347591274989
-0.0891130379539154	0.0354263445785917
0.168958982800728	0.0502746287941419
-0.482449598323127	0.252828185341853
-1.33489174776986	1.10532908882119
0.691587291218233	0.324028662662226
2.91076140554192	1.96974836156503
-1.7125260627071	1.44008506922487
0.695729012477645	0.326110198390156
-0.134333428145837	0.0758162486194008
1.24736757772628	1.22846137632272
-0.299655063536457	0.137557255331222
1.2773680546776	0.704728869477795
-0.0964796120501683	0.0382757369954287
-1.89088267338824	2.30399003692786
-0.220832676734053	0.143240476823942
0.375401917895377	0.19060834750594
-0.0491933855873982	0.0215351318763433
0.393504318001377	0.177971168037712
-0.535782185748817	0.339196371175004
1.00858418634264	0.832234310012698
-0.229468212646659	0.114567341911137
-0.903334736741247	0.755985964509233
0.311559540281575	0.215148132038341
0.476457261894247	0.326535557264783
-0.646487262469838	0.383339995235504
-1.81870429132264	0.741743820146927
-0.975143708565975	0.481983361314072
0.151078767063253	0.0513922453176723
0.331392761482875	0.201961810615482
0.15868166261938	0.0538850546392354
1.59713548333363	1.74491746393823
0.496338576361833	0.342850324234012
0.658402390449756	0.599261008197149
0.584848266052074	0.586277336273324
0.189505880169477	0.124656210807414
0.742489616783186	0.622199843889601
-0.842648063507665	0.896440463050402
0.182226102957417	0.119419081778371
0.719890932848523	0.476703936513974
1.16072834060638	1.32603335698926
1.24823710026078	1.23095177188636
-0.104361312282948	0.0613675692233956
-0.390734127827824	0.220794343815038
0.50844323817268	0.323993771897358
0.321588147200204	0.223269599216362
0.808300750057327	0.771270960151518
1.24528718737636	1.37669483703526
0.955296446707601	0.649868532969745
-0.0489809937618286	0.0305505323362902
0.403775279342115	0.182904842307936
0.172905307251725	0.100243858829478
0.305970127607059	0.22203425606223
-0.22997799233284	0.114987560003649
0.180744093515703	0.118447239165495
0.461794933698288	0.336590179809109
-0.181824461076552	0.121156524630315
-0.0195996180028357	0.00926719741613789
-0.0643176209887492	0.0279461918109543
0.466324816009914	0.340086794283418
0.606210584936848	0.317818336959666
0.874187903375842	0.651761768531327
-0.0679539822007595	0.0412438850338528
0.617826523379571	0.470782871343162
-0.170279684083471	0.112790697962401
0.34762019998063	0.194828817780315
0.0362345406475793	0.0198859133444219
0.610362975245427	0.32015557536002
1.49789420677987	1.52348624258735
-0.133003543383951	0.0750965950421367
0.163413613470215	0.0875438211005554
0.181168038030182	0.112390595372604
0.162479766417671	0.0869939025802382
0.0576063857665903	0.0357320958899472
1.40098707620496	1.09046148923654
0.17342364064495	0.100701590379723
0.166964099755602	0.0893795551116704
-0.931671828833606	0.980659379147746
0.718210326860138	0.475055100103015
-0.0689327905309664	0.0418200617085594
0.345466528291997	0.193382903631222
0.720404326389417	0.477779694922479
0.0115151776970409	0.005796622763076
0.397015064840912	0.340538828180641
-0.668132813216204	0.468492838084376
0.0089457455717672	0.0045690965185863
0.365376412312231	0.185084494226465
0.164758006067862	0.0883028533704744
-0.146483613250347	0.0524206738570132
0.376741513615139	0.191405706304957
0.485899919883129	0.334016357081387
0.661708722144599	0.474271376143813
0.444153760622201	0.178507318483654
0.533792789739045	0.192056407531968
0.515830616403517	0.330054630928595
1.33260025719858	0.583995919548712
1.06724176816673	0.516871315864743
0.698637946443475	0.327891418746038
0.399762226149711	0.180947867991952
0.618194127445761	0.471523326040098
0.710967837030013	0.469429014378269
0.661765622955306	0.473390942206267
-0.64568353027202	0.3831228120184
-0.235124444694221	0.117519309893651
-1.15854013244903	0.647236651202098
0.80233015594017	0.640383561337581
0.362212679704311	0.183201550375656
-0.534910484702332	0.338498444859128
-0.302654775386195	0.139077492237227
0.394300745563332	0.178232456221431
0.612683767341109	0.321766847158027
1.06395142085631	1.1347953176723
0.864271783378579	0.642201165805445
0.454422881944119	0.329804598424112
0.925093462022276	0.809468297356102
0.902224166816884	0.487525217347414
0.560070570080532	0.327217437836658
1.04330910322304	0.994579771626544
-0.112601921378394	0.0778920923954277
1.24344564697138	1.37328105695482
0.33491459799261	0.204510958847494
-0.319803040179799	0.191736672289105
0.552147719546151	0.321921783968442
0.325939154953713	0.2132746100884
-0.399325953138903	0.166719659044715
0.1540561970176	0.0591317209177012
0.189249006938199	0.130487610293915
0.152686341340135	0.0586077786643544
-0.0896410105767752	0.0356287695912577
-0.303494231937818	0.139467728398359
1.37534730555819	1.28051558450775
0.452086522919451	0.181964226074587
0.874809829193309	0.65204568768311
0.348968105722783	0.195679330216055
-1.08804682426906	0.743135839881158
0.554761294828962	0.323752072228383
0.350288742784374	0.196554642333994
-0.17951488113211	0.0962540782169938
0.609358587176311	0.319987227454737
0.61748156436755	0.324888512642261
0.959814584536175	0.653535293009034
-0.0131576397811401	0.00633804941648064
0.338335204103745	0.206718010253978
0.905364027127316	0.489364222113151
-1.48440303491383	0.750386682136879
0.168796621706786	0.0906026014730497
-0.0187963374028179	0.00889507243666766
-0.0518860650772552	0.0226643289873338
-0.136627089444932	0.0771985969775721
-0.674992461221514	0.534280461917643
1.77930547511364	1.82963006735243
1.04760693656406	1.00048069232671
0.69473491261727	0.325935633795311
-0.657171043454076	0.391323917918963
0.397966118148372	0.180143231410491
0.402717622734649	0.182398172349761
0.805987760680476	0.486896763873198
0.407709174307832	0.184869701831808
0.963740855492133	0.657690038069609
0.177894648408625	0.103384495660286
-0.540849269088773	0.343083345198251
-0.0954685117976864	0.0560125316577673
-1.8357429311111	1.15702091778256
0.516915924691863	0.330516698615381
-1.46502181079196	1.02161816136624
0.37005995787247	0.187580880470364
1.77528383693727	1.82271387854488
-0.396376155841306	0.224613737819311
-0.300183622120556	0.13769466567918
0.553930408131345	0.322581842465959
-0.141672629875607	0.0507512811282275
-0.143441247662737	0.0513552516582319
0.714343930839048	0.472234097511248
0.799146258649702	0.636576654777474
0.464510438074759	0.33887972181885
0.654468761675099	0.59473688736613
-0.263504405261468	0.164990954534751
-0.210707966427727	0.136010007234338
0.187043446513078	0.116213408002774
0.703591137847431	0.619265418804183
0.284223461467361	0.230857408969499
0.294048427181993	0.240286656000334
0.198982407780496	0.149433975477927
-0.0967645506767938	0.0567655286108871
0.0509860502962668	0.0299118658281881
-0.240605694700011	0.177387950495361
0.333172227971116	0.21863305659889
0.300456832294712	0.237401110130538
0.330960551147076	0.201647237485564
0.621988347819064	0.584069801889843
-0.774851987423783	0.661883372438466
0.190803589154644	0.137336081592265
-0.0657908650279836	0.0399212107599571
1.14532988834668	1.17843591024248
1.91299478314608	1.66138737201246
0.616025096792138	0.46941421450025
0.808210212845898	0.877603151328236
0.193297072849974	0.133535656911701
0.725945051974597	0.481828669895635
1.34780731793617	1.42764391068957
0.334144490804923	0.219274057799234
0.451860015328675	0.181866942033698
0.345916558505986	0.193680799734023
-0.530524646171881	0.335339315583138
-0.888107488512428	0.737529044195964
-0.889516179837517	0.739315352883786
0.52585439339466	0.456861346949044
0.941647591336736	1.06545059227968
0.797135629825863	0.756305710163059
0.353775288950234	0.198804962080769
0.551334181317256	0.321064329635935
1.04154037122452	0.992074207633603
0.452086522919451	0.181964226074587
-1.03143494949326	0.823868341684787
0.166065501087507	0.0888700490660943
0.37005995787247	0.187580880470364
-0.498448080497638	0.375352103426847
-0.889873092717881	0.824194033990369
-0.0999451907314453	0.0587122245165407
1.28243787640181	0.708714963810476
0.53650666226299	0.193022853279719
0.608023768428076	0.319085619873856
0.695292469624545	0.326245317467072
0.510974209131545	0.326094248452296
0.0397213256049767	0.0217564761021933
0.159144336681769	0.0690418338923003
-0.141381032056214	0.0506159875060989
-0.798117674984254	0.530847718672735
-0.0205764985223205	0.00971904378175793
0.053655099261685	0.0314560669373643
0.168270257543943	0.090219073504598
0.0294117520781558	0.0161556461458492
0.703112445985929	0.61859655746168
0.441491816118652	0.338003963861166
0.664292033779437	0.606677276845407
-0.140555342964598	0.0503172089801336
0.514777543557309	0.328996739164373
1.01072756821437	0.835781675112123
0.349926408401748	0.196566438777307
0.686643055418411	0.321370073089044
-0.147048543031535	0.0526380694043214
0.151529323931979	0.0657220688323045
-0.487914699749065	0.256282904667548
0.1815094366835	0.105622182597335
3.93039364694432	1.72557827049993
-0.535705991467639	0.33961221195615
2.07963553152807	2.62341952434159
0.657796184741572	0.46929877969272
0.58971602086594	0.474673184498693
0.33159836194462	0.202286687406959
0.398215213193658	0.18016843692036
1.54215541276904	1.33185358676186
0.398493904718029	0.180392891274723
1.07644507770465	0.522660261561073
0.657701010894317	0.470019019111976
0.690784344235506	0.323574303862237
0.162479935061762	0.0485106492306684
1.06398246615224	0.514776497084277
-0.511519041389722	0.193429014825003
0.0700918485897096	0.0435356240945953
0.550352873501096	0.320576639103209
0.450442155521912	0.181256071663712
0.149358487897967	0.0573759536116166
0.865912276794768	0.643436183635881
1.2535801236831	1.06596636235636
-0.136255637172843	0.0769519337505516
0.147009120270064	0.0565030149291443
0.166819558457553	0.0892892220040248
2.35753532918699	1.18206211534397
0.619097336583945	0.472396894430991
0.174386694049747	0.101363142815918
0.877558052301797	0.655230462258063
0.660149165246074	0.472517209283243
-0.53856862219318	0.341564685286051
-0.13703155924713	0.07742256063907
-0.130285018902519	0.073480146255621
-0.238866688733829	0.11955883031203
1.463195843148	0.915846282072091
0.160478046648857	0.0696560768566236
-0.182712991640709	0.0980567374185175
-0.0153043310457951	0.00731883662214468
-0.593570507356915	0.283875371571293
-0.644763209753211	0.381908158884245
0.0632630899921698	0.0392164808227634
0.562338505293031	0.473257136759257
0.874288399283514	0.65243761883566
0.316538063528019	0.218989280378669
-0.566419656333063	0.41228273869622
0.534676685393129	0.192377474764699
1.04242433572318	0.993355421883169
0.720502605414572	0.477819442588491
0.966794282959935	0.660689747386811
-0.450183248690365	0.299456767390718
-0.939973778842872	0.575541822512595
0.798751930449982	0.480533345232397
0.558796513103589	0.326381340543797
0.514057652632819	0.464381936061021
-0.454788274790327	0.303150514518971
-1.24463983123178	1.16412793306622
0.183038955548614	0.119996503497542
0.859968485132415	0.637441475121046
0.329500217122012	0.21584829270522
0.455252730075833	0.183399401788306
0.800654860759513	0.482654968866415
1.58183951396361	0.789002208885304
0.855223719149385	0.781567787228043
-0.18514265398382	0.123528502938071
-0.0605172859431125	0.0263271375818561
-0.958759032871211	0.939409500023012
-4.0033072927183	1.73759879224949
0.907941184459732	0.49182850802905
0.150882619911791	0.0513268309948059
-0.025334178973817	0.0118885453741844
-0.0201351168809393	0.00951814173750302
0.160424592988702	0.085825269232212
0.159014140561815	0.0772478358344828
0.174674344524061	0.093778380063911
-0.479180693997877	0.251015482517765
0.349926408401748	0.196566438777307
0.340901999495591	0.208719334204805
-0.0214814246712451	0.0101306429508395
1.96553419521106	1.22962633494854
-0.22997799233284	0.114987560003649
1.46084034233734	0.914315902517606
-0.779851294296943	0.597399881015921
0.335659428654808	0.204842240031513
0.65357283659903	0.593629909360805
0.667745081387145	0.47968197463994
0.900743278312595	0.923222503775999
0.0979642263333856	0.0671364657646216
-0.381356469304701	0.262344764759586
0.332032455626577	0.202488920806602
0.300240768932315	0.237177197122855
0.717012339289183	0.725712506153054
0.342513856750161	0.191691243363953
0.919721574916248	0.499370133857086
0.186348882408402	0.128308880427192
0.872009492159779	0.803439657727441
-1.60922830993623	1.24349318393034
0.352874392555818	0.198205820246169
-0.174425813680871	0.0934320270917944
0.96114263324364	0.654716970707245
0.0362345406475793	0.0198859133444219
-0.130232180533053	0.073455873679778
-0.180792677445577	0.0969384049941502
0.0950745153146901	0.0650861563374834
-0.29851088456123	0.136952888904944
-0.494113729858545	0.260201963670322
0.803710414976863	0.641882306010388
1.10919783494144	0.848132926068094
0.0390185229363422	0.0214043989012654
0.316519581093782	0.219154298407158
-0.179808428193668	0.0963808617192844
0.552565942901245	0.322415463251574
0.925902901587859	0.809559991522689
-0.393701773942777	0.164088841030077
-0.146844577524397	0.052546453265397
0.350737371962542	0.196853339655601
0.15866325352339	0.0688602778933149
0.958302794277531	0.652711804141589
0.963149775507481	0.657920224981583
3.06094373866601	2.28829114128759
-0.453860833899438	0.302331361035203
-0.783143248606346	0.426085569648189
0.34868391799543	0.195827778154804
0.402439831243901	0.182247027329972
1.7705700593754	1.38724061620544
1.27322605608521	0.702097708758575
0.00557198602750804	0.00290919214982357
1.06960656766378	0.518585201262824
0.628993429474566	0.482145574832519
-0.593860017447692	0.28396114438842
0.326423697220375	0.213683652622597
-0.0927896157019774	0.0368282351882246
0.613188000988	0.322042634973678
0.618782085843706	0.58021101144905
1.36659159975977	1.2688385435332
0.720946667001424	0.478134693243641
-0.389915965454962	0.220409037686978
-0.537965259938272	0.341379286760092
1.79741116844084	2.24399593066892
0.558853847634821	0.326381168083033
0.451038007299901	0.181503296233176
-0.763493068016229	0.33177675339701
0.453383499244716	0.182498952413016
0.788803526157972	0.473367432463218
2.12976766113486	1.49053351187509
1.24861855427997	1.05980406226233
0.740722115548357	0.620151415699467
0.697029617405276	0.326808374368632
0.720747308874699	0.478283755435531
1.07246466651492	0.52025153016617
1.66902789103627	1.5866271612555
0.16014111548401	0.0543685528719876
0.514248587283438	0.328399183464186
1.09415558799858	0.675100017474595
0.718210326860138	0.475055100103015
0.528697101266383	0.190116209542368
3.93458270867333	1.7286866438442
-1.15907552995224	0.648798876745899
0.162479935061762	0.0485106492306684
0.907692434891209	0.491198743123056
-0.782980838946284	0.426103293230707
-0.395468852084961	0.22394084309976
-1.59490667128781	1.22409174158572
0.169986302676761	0.0426507049603473
0.526713568192488	0.189285255390198
0.160349171679355	0.0779211825985361
-0.23918669816979	0.119702569199331
-0.479180693997877	0.251015482517765
0.611697665145474	0.320955146651057
0.362540818764883	0.183491976771413
0.860866524359469	0.638421935724234
-0.141492820470273	0.0960421158905863
0.349855943325855	0.196268345604065
1.06442277135304	0.515192248147167
0.790147831875056	0.474527933890451
0.529576794989163	0.190434980333926
0.153335897031348	0.0664786418419361
0.00563521811271973	0.00292493723847922
-0.391703816587728	0.221476808023015
0.581904647155805	0.46636634025857
1.07703750133184	0.52303316952189
-0.650978551680051	0.386665067164542
1.25738855901112	0.877023712514631
-0.30716315117274	0.141190653203614
0.162975908159002	0.0707577904974333
-0.0935802772284631	0.0371756898766286
-0.144729016317789	0.0518086814678952
-0.390286637919128	0.162633263694202
0.503848103713106	0.320494113877395
0.154991711035925	0.0752703955641006
0.584016589053713	0.469077426976791
1.49156838361989	1.51266504995502
-0.768944294866461	0.334721769210418
1.90849188696344	1.65609194262912
0.331784085435923	0.217565723361878
1.282115369111	0.708799855729737
0.464600576512955	0.338696807632008
-0.0937414027153934	0.0549850562072068
0.169145273771059	0.0907164392085612
0.344141319360294	0.192512764134569
1.27632830926729	0.703662783830066
-0.52889803638316	0.334097182660683
1.00426877182542	0.828246372062568
-0.490983897605741	0.368535225109603
0.401380815292749	0.181699250042115
2.04130370590202	1.94936342238802
-0.910915412956311	0.665970948760953
1.77814152009284	1.82860603159813
-0.345039821196303	0.0992838353249335
-0.100123197425541	0.0397054516780148
-0.605103385127037	0.290576136036558
1.0690142910559	0.518371700421409
-0.0877747885053944	0.0349096890477682
0.0104132509699492	0.00529487852516761
0.464062889324167	0.33830783157304
0.870357354796994	0.647739196733461
0.152847216653563	0.0740881925935539
-0.0978205268571473	0.0387928962094175
0.485467421017888	0.333987870643433
0.609027586717394	0.319292353990383
0.801654508958898	0.762627590246972
0.15135943864824	0.0656759744042186
-0.542288328773176	0.487221375653489
0.65875949300434	0.600152289512638
0.331336222380821	0.202140773646982
0.587781481530987	0.590023258542518
0.441912700810474	0.338678984019701
0.731576087637641	0.830105564392796
-0.426574232015213	0.327284625382482
0.305388693410318	0.2215903308612
0.130728399413452	0.100853963837772
1.24720161530549	1.51641844692199
0.861204206565402	1.02564597062926
0.305689921084354	0.242230838087633
0.318120620952366	0.220496312695457
0.58056998841839	0.465509878011628
0.183843439907239	0.114171294376414
-0.788078256394708	0.521848574355622
0.964473783018548	0.956422914948161
0.594803685802454	0.48015176465681
-0.376224169567964	0.29473155192291
0.498484646316125	0.44630846053974
0.195823155598793	0.141279148568716
0.399129521403162	0.343010141470356
-0.323543081722691	0.194319436146563
1.0813985485721	1.26740003802684
0.3030627932262	0.229852155024663
0.448794614800884	0.180450286753226
0.605728619120871	0.317811422208524
0.177728004056376	0.110091403292152
0.517616619974163	0.330969463226136
0.174275010237518	0.101225814743126
0.464535905160754	0.338769561686741
-0.323603488797928	0.228758031446695
-0.514630991185235	0.194661861681357
-1.70912184056923	1.43408581869263
1.97415875021918	1.23883949170921
-0.425723425731264	0.326754575388156
1.11906717356527	0.858551459308475
0.514798070113213	0.329151649245882
1.08819129743359	0.670688757181204
0.671757152081342	0.483095356558351
1.25550497056949	0.873978954934362
0.0802963299281588	0.0524233687923751
-0.429165573528956	0.330008592664245
0.344141319360294	0.192512764134569
-0.532282274101342	0.443329182789837
0.671325176401206	0.48269372031329
0.175132008205649	0.108286556773745
0.0829010279626465	0.0541521532343588
0.80247375296116	0.484059422157042
0.964994205559555	0.958107199084404
4.73309940877368	2.89297921165704
0.0795938035637428	0.0519539451325298
0.332941919769686	0.203132949855097
0.396910072923877	0.179555106529297
0.668902737801217	0.480694025301891
3.63888635387512	1.43228475390014
0.829988921889609	0.350189547890131
-0.639751708031495	0.378309038098824
0.614341749974739	0.32286465758395
0.324676768035424	0.212348323705874
1.78335397897293	0.997834388393201
0.1540561970176	0.0591317209177012
1.2507270630454	0.869409833591492
0.548668448396694	0.319206783900256
0.537164857593467	0.193341885349058
0.865613301331803	0.643630142722572
-0.153362335182972	0.0548250673275956
-0.0187023464074396	0.00885675255643754
1.10963448513347	0.848589085553308
0.331790858190977	0.217568296086619
0.865030105931766	0.642455570003984
0.170823156563517	0.0915948479445419
0.0103524191241251	0.00526388984725058
0.45932189517879	0.333947346320412
-0.570564165389908	0.415984480138814
0.340092551081636	0.208116814489698
0.725139419242813	0.481456168442762
0.753905018996769	0.635207547796886
0.155850856746819	0.0676724980666549
0.870357354796994	0.647739196733461
1.78570133328265	1.00012342856052
0.449988404832979	0.180899296766675
0.349261983555191	0.196162747217414
-0.0603480813327855	0.0262673122023595
0.859444905305858	0.636944735848074
0.484537082650665	0.332846248290709
0.0344276374284237	0.0189000358177925
2.03059410577354	1.93210013749662
0.716239463880196	0.474370579260806
0.484497589535536	0.332710897270852
0.033937849796196	0.0186128538008366
1.40729094287554	1.09689546587688
0.333573742851315	0.203502991187668
0.0644087819687424	0.0378186697624165
0.411835027742636	0.34202417410919
-0.135271050287387	0.048491888660399
-0.318677232018201	0.19101211403474
1.25170055369548	1.65327832307085
0.335676274074036	0.204986537349851
0.879033786017468	0.656780247433181
0.959946271419534	0.950702625927873
0.362212679704311	0.183201550375656
0.347005095731082	0.194795300541068
0.161838633058015	0.0785571392099489
0.166657152966513	0.0893274046005728
-0.558821874375168	0.405166038077425
-0.533818749185823	0.338130041526196
0.332297163015637	0.202414898967151
1.49242942780509	1.5143584554924
-0.30716315117274	0.141190653203614
0.340310405397353	0.208147314012622
0.177619172041702	0.0954442574689242
0.34762019998063	0.194828817780315
-0.180855543616506	0.0970231942839135
0.721923101532216	0.732960950746522
0.663928431006514	0.4761373841315
0.183894981068496	0.107131298618687
0.304434866445883	0.220858838677895
0.800066717758377	0.637839453340118
-0.26218103632604	0.163952675790904
-1.2478298002726	1.16832279907115
-0.602718936066173	0.289187489624902
-0.457125829801575	0.30476545495404
0.298888022877563	0.235743280329321
0.833933564544303	0.352033660782181
0.156444042038894	0.0759037384885854
0.372166671910702	0.188731591452379
0.624293913702783	0.586881723829385
0.737663103730828	0.83947645615134
0.287514604231626	0.272748191730308
0.199295767400727	0.165050776454882
0.323777138609571	0.211679824835744
0.0875033140671242	0.0572606853153395
0.661767791149997	0.707928798858097
-0.244413003571554	0.180668072956182
0.0156324696083417	0.0105279395055369
0.389088700106717	0.332378694178835
1.03416635559391	0.981119206099574
1.59935258740697	1.74877077601934
-0.134754779150896	0.076126751850661
-0.100935548040968	0.0400187598474219
-0.323349815922808	0.194178131890326
0.153873216038463	0.0591052634937605
0.579673658775904	0.464617935477478
0.661708722144599	0.474271376143813
1.24817656710664	1.05942602328188
1.46426218323308	0.917041318765298
0.690370958411065	0.603899101901365
0.00991053778579969	0.00500089352781319
0.175292806933619	0.101925957382135
-0.319764280518457	0.191550998355328
-0.295352217067436	0.135407945754335
0.433832158416148	0.348068545197737
0.170665709008169	0.0990291340760258
0.460624712620802	0.335242317318932
1.76534500643765	1.37987271586659
0.605227456975828	0.317499661008836
-0.121454204752419	0.0683458359835955
-0.0493598399831181	0.0216107223069477
0.156825069451733	0.0680466718392824
0.315917207048193	0.218697480259136
0.534676685393129	0.192377474764699
0.346745367152083	0.194161407466115
-0.13705174647732	0.077447265381808
1.88956818808642	2.10022024221222
0.909025853928532	0.492138895608826
0.854801315029041	0.90502468416878
0.160923467340063	0.0617540921566825
1.0423751179533	0.395795368074734
0.70002821576996	0.615447523167037
0.162400863971746	0.0409830958055786
0.589914123095601	0.475085506173829
0.159254621850194	0.0611156291439345
0.189874134472514	0.130960983765062
0.793684142895203	0.477584949671026
0.153908053642944	0.0523049350424465
0.156203958783437	0.0530790256711765
1.45868047865843	0.484047550536175
0.153853653569882	0.0460553468924526
-1.02088743619142	0.404531942763255
-0.141974700101701	0.0508226116299135
-0.490433786948425	0.257949958752948
0.691344524123389	0.323884505320307
0.608364759296115	0.319500481239949
1.09152781363413	0.672772755340209
1.37126315263511	1.27604667299885
0.966622719116294	0.96026207177362
-0.646487262469838	0.383339995235504
-1.08624494863578	1.04362401062137
-0.0192440544249096	0.00911122542012818
0.800673568494211	0.76060217095947
-0.327659997635037	0.196969949604088
1.01521181570953	0.840303571784572
0.701662669495995	0.61738353256253
0.549881431068211	0.320449580415063
0.545512511056041	0.317027625599335
1.62337724219967	1.13880344870328
0.517354709293456	0.330829548815529
-0.179482639545637	0.0962314980578082
-1.82525320588538	1.66712350329239
0.0308672717886736	0.0169869226702164
-0.313473170815259	0.187453705867845
-0.0650846805802295	0.0394756924655711
0.0300998974393172	0.0165773767298945
0.157193714610601	0.0763457791095262
-0.178325809849769	0.0956432000648378
-0.386458944412149	0.266219391978078
0.517354709293456	0.330829548815529
0.188039029653849	0.123574242620248
0.799961804951439	0.637497230815793
1.91470579360279	1.66402318630158
-1.43981523963878	1.28863055002489
-0.021391458779562	0.0100854542894237
1.2765661654769	0.704014413564812
0.345554929684193	0.193713104428021
0.149358487897967	0.0573759536116166
-0.0544084137389184	0.0237453419781159
0.481383861782102	0.330483006950064
0.510825076393692	0.561199489373191
0.749019885084009	0.630032717182842
0.305391142731591	0.210284806299275
-0.461507335679117	0.387973483400123
-0.030463239105769	0.0194021412345523
0.195455423621518	0.151716038151084
0.401757625447441	0.345585201360444
0.178745066962182	0.103892541429375
0.171260664492367	0.0918380904558425
0.164441617601731	0.0880275456015884
0.748161787345498	0.629014272539036
0.161838633058015	0.0785571392099489
-0.326253502810314	0.196045407859237
-0.262102167413174	0.164039157546639
-1.16719977445998	0.654757378478893
-0.75865332496854	0.32934909721446
-0.454947692373613	0.303014196663304
0.310188368606759	0.225655495418688
1.11218320882931	0.850338420393445
0.335659428654808	0.204842240031513
0.180659870061737	0.105113379622014
-0.273427053463915	0.17182232393983
-0.0915973791921743	0.0536949363314347
0.614103783927712	0.467268411460984
-0.0964276274613317	0.056599561941112
-0.536502368996777	0.340093585119116
0.03526524762517	0.0193232889582812
2.12607693257877	1.48705556519366
0.511735285753553	0.326315459078682
0.605227456975828	0.317499661008836
0.449554137900589	0.180977843806072
0.527847733205011	0.458669969354627
0.715234246576339	0.473021699575277
1.08819129743359	0.670688757181204
-0.34437786413669	0.0991240395491601
-0.140555342964598	0.0503172089801336
0.668609277435571	0.480589773102695
-0.533358524296927	0.444230540418556
0.162651564751599	0.078995757807609
-0.379898588421809	0.261026055211817
-0.177258815427091	0.0950486237875764
0.461890014299274	0.336610258108654
1.04144562491045	0.395430985542635
0.949511917528176	0.252227362219882
1.81892370521347	0.712261250406347
0.6737511905791	0.213807078926834
0.828726099112738	0.349427492378278
0.00590348165231957	0.00305546036332322
0.15551941191397	0.0754565893022232
0.0695124896807768	0.0432090747010598
0.153068665402742	0.0587995504985548
0.158074474787349	0.0472574922808909
1.45707753244512	0.483282553765983
-0.217847425991581	0.0703290667554712
-0.719465582528739	0.247026553935257
-0.781638200249342	0.425213529951623
0.551970641776996	0.461946607532015
0.00542252412699486	0.00281888136307994
0.629370342354151	0.482185969573418
1.14934869806797	1.30724459791882
0.718210326860138	0.475055100103015
0.156329509949468	0.0759457915483815
0.313449227210271	0.216527901800245
1.90817211397945	1.65273280448081
-1.22459264219313	0.928958749353687
0.506674707563819	0.455884229918931
1.00074930742889	0.823271419930152
0.153666013641476	0.0745758247928872
0.00745779925798013	0.00382038480346557
-0.600945452127417	0.288192951462126
0.0343574971949527	0.0188394908554645
-0.704638968050151	0.620926846730987
-0.561127344177686	0.407353539518333
0.359037300977736	0.181273829620881
0.00138345377509424	0.000862719725304701
0.794646443867503	0.478323464677085
-1.47180714057155	1.02835456500181
0.559719468034439	0.32703113908244
0.791580961692893	0.476236901855136
0.0277208149711397	0.015270247981267
0.398493071197486	0.180184081984467
0.1904581462812	0.12525673218562
0.0101306976851712	0.00511287892370721
0.159646164815597	0.0692652655762784
0.446773291358093	0.179740153870941
0.552556572621737	0.322234195690902
1.10658111754536	1.41268584488793
0.193276228662558	0.139294434627884
0.372929250907166	0.189410065825558
0.339361521876454	0.207426587794538
0.334105462862911	0.203946589898959
0.153317330149606	0.0588970866053136
-0.0732314931577441	0.0444831337051993
0.799065868153322	0.63652980804035
-0.0437343380115645	0.0272693102602011
0.927840948114405	0.812896773100829
0.890531457536293	1.03085549612505
0.464412700130157	0.440746383140684
-0.346999204080228	0.305320375029261
0.107936149675558	0.0796860754594534
0.278316299605988	0.248215535166934
0.385295158920956	0.340973059753658
0.589260870078216	0.474179033902139
0.509507386479705	0.325124112736713
0.558277958702046	0.326269451610799
-0.259871787372133	0.162336264869932
0.322450213040841	0.210662956380941
-0.051324264583418	0.0372766597781637
-1.24026121970563	1.15780929404493
0.338930338809064	0.207147498932135
0.0274326722009246	0.0151538867998865
0.906067935204345	0.930944722828258
-0.487522794054787	0.256097817510669
0.149687956850686	0.064934970211133
-0.214295623660532	0.0692156550779169
0.30623455572083	0.2223712465435
-0.217799946128348	0.164279859669034
0.94441985818788	1.06981485969129
0.30227835296979	0.219053576209939
0.60213399862786	0.585312090882433
1.16029662009254	1.44107236056501
0.175965214656019	0.108844130530803
0.315003425924522	0.2179751257725
0.324683636754405	0.212347779531304
-0.0212019232306267	0.0135417534239622
2.53868886710399	2.38609806403411
0.373882061908954	0.189928067890077
0.0162871229262146	0.00817531809428636
0.0800145310666933	0.0521956912079348
0.162189589756564	0.078759260115974
0.418008285209852	0.348261466286108
0.155332765358234	0.0673583599134051
1.5503408223541	1.88874296104617
1.04025757139702	0.39462037836431
-0.215184417856504	0.0694920488130609
-0.0902065122804847	0.0358292867852547
0.372540277092376	0.189160227257201
0.37005995787247	0.187580880470364
0.858434946010457	0.785925737192328
-0.379489460113233	0.260805930035591
0.741128401084286	0.621309840776131
0.187887634449737	0.129392969252188
1.14077879360649	1.17176888419528
1.3352730569914	0.58510861571836
0.582687038092462	0.467614007670494
1.45799163867775	0.911410256959024
1.06825907710535	0.517342664077662
0.619001380044458	0.471847958256032
0.336107626697701	0.205302247520652
-0.181729202795887	0.0975142354891616
0.344578203482479	0.192805005883277
0.608353185377145	0.319231191007691
0.693311393297908	0.324654322059992
0.909025853928532	0.492138895608826
-0.341581022610314	0.0983147602836231
-0.187746100048508	0.100912970209822
0.33020132625344	0.201295934905283
-0.535160844219261	0.339144875357893
-0.0153043310457951	0.00731883662214468
-0.599877829682558	0.287247000491255
0.351193197487939	0.19709390460915
-1.53936611122782	1.48175662136399
1.25721379065725	0.875849939196482
-0.606957146799006	0.538068206291233
1.11517745291194	0.854091254858432
-0.265989437142712	0.166748326381642
0.0939619147660131	0.0642842474116312
0.335823170906154	0.22057425321491
0.559663624202669	0.327003539895335
0.201052627922876	0.145462730031708
0.17524913423693	0.101725710671417
0.17703878839752	0.102943973193105
-2.10101917006276	2.32971511407457
0.0330900590190279	0.0181750049781233
-0.956104950167046	0.935505380083867
-0.237960806079302	0.119208959238633
-0.219520484647655	0.142312867062203
0.659510241053208	0.471766165488176
0.319489443435452	0.221450979260009
-0.571058920227774	0.416442149553269
0.689216205658593	0.60245302046994
1.12538746163177	1.01732488897999
0.183122653638477	0.12004878679815
0.767046864380675	0.758157315093904
-0.0502293246781086	0.021979402664218
1.98979159367591	2.36770502275782
0.88926880450777	1.02866984464231
0.732273215233368	0.610915761540936
0.387555280476911	0.343389891404149
0.0835762091214844	0.0546358027397154
-0.0214552837998451	0.0136858490090925
-0.00132547930767101	0.000896480066832819
0.301596966299272	0.247572528588619
0.191143887941351	0.125835537970964
-0.141420044766841	0.0800362404301789
0.362452711609041	0.183533036983738
0.488119275046405	0.336144402116182
0.170606522721928	0.0989122569504668
0.996599523020107	1.09560461690348
-0.116704562791292	0.092577706782544
1.00713043819714	1.20073986874345
-0.540768856315643	0.485470569271223
0.0454393385018178	0.0331916621739272
0.307393052575133	0.24377142269204
0.196085141846643	0.157208978509153
-0.431473984201456	0.427982554001945
0.704475558506371	0.817216942798004
0.519718924271889	0.556685420596679
0.947314254070777	1.07489790616073
-0.890613843833746	0.741205411351443
1.24553732020095	1.76071951206746
0.6798952762489	0.591076385199053
0.435474630034693	0.332503548977709
0.739715247128822	0.619721884705661
0.198577957012745	0.143445380374459
0.0717930633224316	0.0446146215065396
1.54252246834279	1.33256478728698
0.502011285195918	0.450472304020065
-1.71174868043584	1.43679506884877
0.0330343232697765	0.0181212787622449
0.18347260820938	0.106960975335819
-0.912705999537618	0.66689861583697
1.41778363580042	1.77161293180524
0.182139348864552	0.106149496653952
-1.82782505103096	1.14914032425744
-0.915086186212222	0.669758187266408
0.623898003434043	0.586447010918548
-0.784396030446243	0.518935392961084
0.799036570821872	0.481923708702922
0.147564469649252	0.0567134394993185
1.25359005482631	1.23826875581345
-0.534139195127225	0.337921732259067
0.160349171679355	0.0779211825985361
1.24422999972229	1.22480425435703
-0.904855497708512	1.0777380020737
-0.425923087752982	0.326907182480125
0.196100317445524	0.135612263531676
-1.67313196297406	0.946059111870797
0.422423749342653	0.337237890509212
0.554865823132755	0.323524693631031
-1.02519183051832	0.817264820883946
0.602171219264226	0.58517075865355
-0.490832286289494	0.258183573266545
-0.638967957477541	0.378117238195135
0.999878710313225	0.822129548700164
0.15768159620228	0.0765320711214618
0.859104389197064	0.911604121261714
1.40370807659334	1.09206615919162
0.692706313758896	0.324548886185787
0.95645568959249	0.945594667130077
0.0331587116004562	0.0182154545179808
-0.784681263018172	0.518398362374127
0.173428155997759	0.100733654754148
-1.18054857780293	1.21318049391011
-1.08455784586191	0.741066017343211
-0.149920601362645	0.102152103962431
0.515697254427933	0.329887095778659
0.717828892924222	0.475495232286577
0.399024659305033	0.180427734345829
0.508003301905088	0.323670563515738
2.3666627562819	1.18851493231385
0.511157150054966	0.326090399523523
0.408654612007449	0.338665345876153
-0.45921760949335	0.306655761939705
-0.145320295788574	0.0520121167150978
1.24640500034526	1.05686156308142
0.157328017678796	0.068270214475041
-0.0970081236743832	0.0384843792732294
0.367586306491114	0.186339725365629
0.53313407482189	0.191800740808182
0.912677184667621	0.494493498067259
-1.14009620739235	0.345227889980206
0.144414295235527	0.0555080559417452
1.07328158265377	0.520779732646976
-1.17721059150245	1.20772960665456
0.965004062452701	0.658872737924352
-0.511940042194786	0.193536003564032
-0.769182441744131	0.334695855481558
1.12823598162637	1.02054998953827
0.695972592036741	0.326109593409599
1.13364727493829	1.02850996951445
-1.46578227350271	1.02211111796821
0.595187916370281	0.575984674335695
0.0657241215678697	0.0408029236485892
0.801955463763271	0.639840585738664
0.593905911327425	0.47922284282976
0.323431906269748	0.211483346322006
0.333373768985917	0.203448159594024
-1.33185530257738	1.1012287619312
0.051885546821285	0.0304385696072057
0.375880017496732	0.190887607159873
-0.319961908391444	0.191892513427846
0.581382186155705	0.466302558973564
-0.0143182272136525	0.00685773377023399
0.193051605343198	0.133340632787586
-0.323326268451261	0.228626855685711
2.65318000629746	2.71441443489385
1.13178929735976	1.02580997303477
-0.784026546653611	0.601894588844028
0.579664674425888	0.464484003076481
0.196643111415678	0.157736154591286
0.156329509949468	0.0759457915483815
0.173292032719832	0.0929450520123057
0.321648683258082	0.223140600112466
0.307709104285158	0.244022110401006
0.331850707142273	0.217759269142131
-0.253488040716697	0.206511902914931
-0.0570218338556956	0.0415124433880354
0.192802995522505	0.13882492396805
0.556424308742726	0.467075797039949
-0.316604914470201	0.189476249825791
1.06989694527242	0.518493824613893
0.189100629296909	0.124362893209984
-0.0968288586736648	0.0568069729645216
0.301789422563485	0.228858625015297
1.01760579737106	1.2201536299504
0.300438557743714	0.246391911618386
0.170606522721928	0.0989122569504668
0.129345259953051	0.105480804166608
0.413988620313808	0.328876785176705
0.200866090554407	0.156405039479464
-0.437181235099742	0.400302676050363
-1.03705431863274	1.07656933310421
0.603824021483935	0.587448541863536
0.30864089710804	0.234924314588252
0.299355185954163	0.226636282278899
0.183951395224774	0.120663556191432
0.722127967368375	0.478740321691527
0.331394025894206	0.201771251124925
0.182171226470756	0.112946461037152
-1.16334851856352	0.651241924987179
-0.0533922081460383	0.023320968973608
0.0379777801546449	0.0208104882405094
1.07057731639019	1.14511431419482
-0.923893847613887	0.678456752693689
-0.231627024370906	0.115746234814009
0.0773329139940458	0.0481317599335628
-0.0533041266458526	0.0232798428876188
1.09184712460802	0.673224096983399
0.163680486424242	0.0554863922082261
0.537402151539188	0.193294223067484
0.155109109614118	0.0752381399806905
-0.174131990435633	0.0932233350103229
-0.293822487560743	0.237317831597222
0.158051535276312	0.0536620083135667
0.157402307591701	0.047080036463379
1.96824649081559	1.23439919198788
0.553602846549006	0.464026240163025
0.521802559229508	0.452181467054777
3.26252567397545	1.12093560535381
0.48196890132454	0.331126515717069
-0.216940090926414	0.140480723926899
0.030313595967242	0.0166441253371796
0.0618745961568588	0.0363155234321992
0.0322704987922364	0.0177526867520535
0.0105216385565579	0.005323264743765
0.72086809846505	0.477319885007363
1.77355716985578	1.38952982885811
0.664157080149167	0.606747067304861
-0.482597905677788	0.253283595439176
2.14724968259708	2.22597461078128
-0.480918396889369	0.252218539955184
-0.387764372768738	0.21893671584587
0.535395561912051	0.192613210987845
0.555682581048294	0.32424040392174
0.150856780794037	0.0654562657304261
0.403246530166326	0.182661858543197
0.952312839774606	0.25302018984475
2.36371030582704	1.18649721872197
0.161410373272502	0.0481834890034794
-1.08769656384367	0.74401064519209
1.24420727985887	1.22372405561611
0.747743957405745	0.628511993419103
-0.174700481087403	0.0935700227050073
-0.169832841709121	0.0908057456870561
1.24960953045484	1.2331720938348
0.183863361786357	0.114163018033526
0.158142875171474	0.0767648905417134
1.40503364106426	1.09424962483408
2.75446121880292	0.769079402442662
1.82480922054022	0.715302875396814
0.530302841945449	0.190629386189377
-0.519750069619239	0.196813590651588
0.450380599229042	0.181332700598542
0.159474851217086	0.077480846781015
-0.0131587707358957	0.00634228164126639
0.952312839774606	0.25302018984475
-1.02026869500549	0.40408181312214
0.674079709901257	0.214036050556618
-0.514837284692919	0.194722873359673
1.46422079841762	0.917876412481478
0.177894648408625	0.103384495660286
0.1540561970176	0.0591317209177012
0.156805998547501	0.0761012500499961
0.39743817424851	0.179869013965184
1.01521181570953	0.840303571784572
0.661980400391539	0.473673768180194
-0.426526992647208	0.327456611482193
1.06706237209748	0.516393561047557
-0.0987013216027167	0.0579605371985798
0.661920604312802	0.474123177234848
0.431208929597126	0.345648012565222
0.181134270326691	0.105411503757966
0.316187006603716	0.205952787159928
-1.33666341215964	1.10642151131752
-0.529220996039162	0.334326442793072
0.0482171231361953	0.0282760903200921
-2.46221523326324	1.36866041154449
0.176927853860473	0.102841589250008
0.337860140808653	0.206394382429058
0.156495498716282	0.0678921116124394
0.746817765787072	0.627810630452899
-0.69345871823641	0.657035522679182
0.174361137591886	0.0936811228537822
0.970008828371602	0.964562502092872
0.344299796500824	0.192840470409629
0.403968146796563	0.334056375938487
0.667086792194127	0.478647875507383
0.31729875087185	0.219823914263014
0.461359246853863	0.452618778066842
0.0521746092072371	0.0306083254606429
0.0364406826819823	0.027375803035547
0.305800030370509	0.251573399376568
0.450159280042114	0.452873155434577
-1.51800014888207	1.71520924757109
-1.44099581557261	1.28812929047517
-0.32108296944237	0.192602394824178
0.758112984175749	0.745658655547388
0.466642904400546	0.443509659271635
-0.536067093120051	0.339782793953475
0.712427580968933	0.719327652011008
-0.425100089109025	0.326173048876466
-0.174481304130236	0.132491565569511
-0.399838481289327	0.370407899680972
-0.288965845849742	0.232762900851324
0.531631666850813	0.463022082117266
0.102877175469485	0.0732713238957154
-0.20457799334586	0.153221158531111
-0.559656527285425	0.507573695650715
0.1941222530811	0.150484523550959
0.450554050250305	0.45369931566087
0.0629043584312041	0.0390188903609774
0.312881836779519	0.216327834648027
0.718719238141312	0.476302437203256
-0.0442511177353054	0.0275886627709606
0.0321218982267018	0.0176485986847902
-0.780480920671527	0.668491382211935
0.661355491804908	0.707250741678707
1.78829852646257	1.84755961472687
0.353327511396497	0.198536192185063
-1.13259171642138	1.25261957626903
0.347788152485456	0.195171567348486
1.00788517946048	0.831357312373711
0.621405892177615	0.474703593342942
-0.913018497392407	0.668176194063784
-2.47331330805584	1.37972157404312
0.741232857465112	0.620695087911924
0.192233817380339	0.126470392051939
-0.0668409604901989	0.0405537574176934
-1.2813758501201	0.578248412710879
0.444748898940011	0.178813466023454
1.34780731793617	1.42764391068957
1.78886371497716	1.00252148854257
0.555732490677334	0.324158116223017
0.337860140808653	0.206394382429058
-1.88526245351167	2.29168622937972
-0.387383277288574	0.161283999419387
0.304864389318474	0.259540053408679
-1.32424802476005	0.831231911296231
0.192416845469046	0.138607795172225
0.665094788656467	0.607614998849752
-0.258753607590404	0.161619673544392
-0.0151397712106756	0.00972617345772655
0.163235251192709	0.0873618050227552
0.80415332727309	0.641709834195427
2.56205039554968	1.42391550874323
-0.791084221056078	0.43205166057552
-0.593524614467228	0.482353119134741
-0.0534784789820619	0.0233518548447718
-0.00371242453195404	0.00242397771522404
0.161811052555999	0.0702512648495853
0.155056915799237	0.0752237673253613
0.87596068200634	0.653559339947504
0.790147831875056	0.474527933890451
0.528476382778789	0.189975415538032
-0.646906107072376	0.38355058328655
0.559258051057688	0.32672200352999
-0.0394417312847562	0.0245962713202193
-0.676331666442009	0.535330312019115
1.0683915415577	1.14249080590228
-0.484666628292446	0.254132958298524
-0.483226370245021	0.253293375891541
0.960500074943267	0.655266402301277
0.96241386655105	0.656383158424768
0.321126207651857	0.209701551725125
0.347255152323172	0.194531037525634
0.159811078024297	0.0613344723703749
0.903755370731644	0.488140001047742
-0.321146440255546	0.192638638613176
0.370441035188404	0.187812140253204
0.66329984842651	0.475537784952895
-0.342235478378113	0.0984932623692754
1.28446067249065	0.710554767003106
0.695729012477645	0.326110198390156
0.153840741270984	0.0666970904168289
-0.793475044276361	0.526451195595476
-0.486650843198932	0.255590005594999
0.185661660582524	0.121902886105036
0.554927160306566	0.323517610717945
0.337647809941609	0.206434634835738
0.798721517833862	0.635566855585907
0.90846769056849	0.492192108055639
-0.379398020436034	0.15766096304379
0.699203813860061	0.613916609212255
0.445624823092731	0.342027123378059
0.0731969109661178	0.0455027209309887
-0.889245530556804	0.739958320779263
-0.533235403423345	0.337377244113182
-0.89208291020679	0.742687432678767
0.804807310898481	0.76686708183358
-1.13758143226284	0.986260372028289
-0.720404519989633	0.247290988830991
0.0443143014675182	0.0260165912196579
-0.59882136533025	0.286684243260404
-0.306120987012933	0.140785586182796
0.305689921084354	0.242230838087633
0.463139205072462	0.337689327706565
-0.325926665008558	0.230705519380242
0.518196609003486	0.331798690515537
-0.230342780543764	0.1150904985085
0.480914266237555	0.330037512203569
2.11974097879103	0.951220462633918
0.193313883389253	0.127318086484554
0.0581636027367336	0.0452911094790722
-0.239952621321685	0.176955151713032
0.624918379360488	0.587911657040121
0.30539274987989	0.276953445827554
-0.237851171044979	0.175181437097287
-0.948312336297529	0.9236374733573
0.425058986339995	0.339810858946798
-0.144797550331966	0.111130396473691
-0.380691006550788	0.298912559869458
0.394830511937435	0.178506716414537
-0.178469205448229	0.0956349161797301
0.874893800388582	0.652137817844377
-1.4214432374815	1.72104719354462
0.292655455380356	0.238870693700562
0.60123573531348	0.584157085043033
-0.171668393019715	0.0918608133988986
-0.136261781509582	0.0922287012039232
-0.497631633182566	0.374616753413949
0.370921604233238	0.336853724386787
-0.263431295010519	0.164966336541921
1.04229351623509	0.993225942752388
0.437320479970398	0.334004475410224
1.33883432889971	1.58107325436921
0.740250728741797	0.620079180597467
0.189759363113968	0.13088215113191
0.547740879150656	0.318599476422946
0.0501659033094031	0.029428426764664
-0.0975367921172222	0.0386896573988339
0.418084304556206	0.332987101875339
0.871678916657384	0.648955499107942
-0.176239008829706	0.0944561855410988
0.33155616177499	0.202146873344059
-1.66875024025427	0.942179257148591
0.543713464997456	0.315846247853198
-0.975701969459145	0.482325107667453
1.33347669524784	0.58444008385038
0.169387755310194	0.0982454374529057
0.699441148839261	0.328362729428968
0.193447112702125	0.144829996722349
-0.262102167413174	0.164039157546639
-0.606677396854007	0.291315303734728
0.79932924177074	0.481525608924784
0.534676685393129	0.192377474764699
0.153247222778868	0.0588212060537421
-0.447959342963573	0.297566008292896
1.04541710886951	0.997013989235769
-0.646112027208125	0.383468519334123
0.428990547471631	0.343502741920385
0.40109499396315	0.181687171493391
-1.14747462530871	0.999064164788567
1.25652894084773	0.876152628234122
0.189418365356565	0.130532406945704
0.157830822565027	0.0684885666679607
0.546871187011926	0.31793546216301
-0.213639314943098	0.0690063709749365
-0.516519654579737	0.195348018988819
-0.764086062426498	0.332088631279259
-0.951150852862146	0.584979431911074
0.173800325941545	0.0932738249746244
-0.564348562193808	0.410289133413025
0.15566119641323	0.0528907668896057
0.348957987867346	0.195716019181584
-0.308597291321994	0.141960849150251
1.25199443688285	1.06455364718334
0.80027875252569	0.482249292251104
1.04412853882788	0.396290010695586
-0.213407527517472	0.0689186426519193
2.37004236865129	1.19028640196915
0.149184364319295	0.0647151944482509
-0.139392769761081	0.049937572895941
-0.132453275356491	0.0747916343769243
0.186149706868918	0.115618447795367
-0.0959343163120595	0.0562902629116864
-0.325394716110993	0.195440951837047
1.40814885556659	1.09812616683881
0.825619212793805	0.347833366414085
0.793382971485428	0.476396539925275
-0.174897109201771	0.0937142410763251
0.909025853928532	0.492138895608826
1.10749552820814	0.84561907522775
0.947560352748164	0.251716891447637
-0.386575097447334	0.160973661156631
0.167299398578488	0.0420768316112512
-0.590659964034263	0.282194990266744
-0.602753716787686	0.289074692858458
0.400815354828702	0.181471076914259
-0.220912614204747	0.143207572495705
-0.636707796858016	0.376127091106297
-0.144137937066465	0.0515994218101899
0.323713827583945	0.211632291958008
0.16262521966381	0.055161447726895
-0.136627089444932	0.0771985969775721
0.156393196257714	0.075897579689069
0.616328535249536	0.469430207210813
0.35377001406012	0.19882246209475
0.907964956842255	0.491402984013685
0.463646355770898	0.337956657035045
0.631639063321063	0.596106433261696
-0.575026923559722	0.420115525180387
-0.395205930352532	0.223606675443581
-0.994209032408051	0.892212062695713
-0.21301020876979	0.137643049014771
-1.23678656532584	1.15240308565539
-1.0867815608715	0.743310861203735
0.01232851285818	0.00619366062609426
0.155663355571024	0.0675013152692679
-0.549859249694983	0.496072913890395
0.192416845469046	0.138607795172225
0.348957987867346	0.195716019181584
0.330886273416269	0.216907318350907
-1.26761330153312	0.570312266968185
1.02878295526092	0.974300206742218
0.154540296660048	0.0525165420882453
1.91602626757492	1.66485679286106
0.630150260273856	0.594510102467448
-0.534215005677151	0.338327607009452
-0.62743938853432	0.561757911733098
-0.032372265099992	0.0238367468097099
0.589840669123233	0.569120537282857
-0.419561559478172	0.320831077235218
-0.77797551667473	0.595421924755208
0.306637973200123	0.243016033701439
-1.73174580132447	1.89784618031286
0.203347865180093	0.153098141024804
-0.482359109069084	0.252790140985755
0.345905851475142	0.193633833128418
-0.12969481418282	0.073178589419291
1.09267262015175	0.673981135771002
1.48386103946472	1.50108714318892
0.456618907785457	0.331750544556017
0.816846510127498	0.89072533575632
1.13087050399069	1.02446355303838
0.295752852931521	0.241931472420255
0.315460453157604	0.240922339659544
0.621850853249989	0.474970006222233
0.308485224220657	0.224232714982445
1.06121077275586	1.13037976137088
0.157266782943187	0.0763501893222841
0.634973907713436	0.600611667610826
-0.641555877544457	0.379423590132862
-0.449405178409474	0.29875423654778
0.592398252141727	0.572528964802383
-0.215715567371999	0.13958228506985
0.506163135881256	0.455305410583829
-0.525333986444344	0.435875427267898
0.806595561450693	0.768498076188841
0.550762021176976	0.46100137391444
1.00951831491583	0.833161444818493
0.352879614195027	0.198252215254408
-0.137941846603205	0.0779837680763317
-0.487043857215014	0.255809581423326
-0.0519662137270396	0.0227065229034338
0.0429733258156171	0.0235356438539703
-0.392208499974965	0.163415679725316
-0.133371755045673	0.0753233695482638
0.662055766219292	0.604112652696939
-1.32515970915888	0.831330513702016
0.703947059973105	0.330844162578972
0.298530612311921	0.225913349537803
0.171127389468146	0.0992352031493654
-0.450734430146256	0.299774800156296
-0.777964055139437	0.422968109734543
0.911578852027571	0.494285221764344
1.40377034801264	1.09192586020545
-0.215184417856504	0.0694920488130609
0.71990748140443	0.476740154059108
0.54733543941527	0.318258768550139
1.12903516330528	1.02147728777819
1.24604049156245	1.05724780215832
0.153679357488054	0.066721754390136
-0.1283081612231	0.0723323647378426
0.518965978462445	0.332154167760057
0.550755262102455	0.321046209598621
0.183863361786357	0.114163018033526
-1.59939616561275	1.22984600118044
-1.08988495806943	0.745844392822889
0.152325773898966	0.0660260124394434
0.609861072107732	0.320276967492308
0.345658752274912	0.193923510781225
-0.317408358069514	0.189899074919814
-0.530420012239581	0.33550878720385
0.48551374962211	0.334020350954654
0.369171648973443	0.187247962960031
-0.642432359911243	0.38008348097778
0.69919774718211	0.328177033610307
0.694197226532603	0.608481671145473
-0.0210325358974773	0.00992689918456403
0.362596733901538	0.183432478704119
0.161410373272502	0.0481834890034794
0.947560352748164	0.251716891447637
1.53699804747977	1.32598205582444
-1.51885466658535	0.541921809220855
-0.0519581715008812	0.0227032548982984
-0.23439286476638	0.117310538108433
0.806256892524101	0.768648913361751
0.326067899525315	0.21340097249776
-0.0398372813115824	0.024846833930115
1.08654582876459	0.668039521372346
0.398242990128567	0.180337954802147
0.168287851014599	0.0422797449011708
1.44987667304504	0.480675917422322
-0.013605078230749	0.00654598089259042
-0.211380351297293	0.0682941197149795
0.400386536427979	0.18113742719532
0.31644473937746	0.219129399772248
-1.15965534184679	0.64831252031961
-0.491976180854826	0.369441264277478
0.400108980255719	0.181011258193719
0.548961063277165	0.319807814501835
-2.57747759965585	0.66335545132302
-0.149087530573443	0.0533114671179991
1.03984272433899	0.394547494768611
1.07246466651492	0.52025153016617
0.154349092676848	0.0670136868634537
-0.489478969776171	0.257373657895991
0.165858197331239	0.049441036827577
0.145817396899887	0.0632606989945594
0.323777138609571	0.211679824835744
1.2462377690374	1.05777291916067
-0.485213656199027	0.254711003861648
0.663166143771261	0.605335162277113
0.558392024997134	0.326071966892043
0.324198209936237	0.212002842639639
0.341801843996255	0.20913220162167
-0.126558465098852	0.0713212429500621
-1.4184650309709	1.50348041404629
0.624457060189353	0.477611164629185
-1.71944057400708	1.44924286629651
-0.0200467295846553	0.00947095800798871
-0.13396011386563	0.0755955873130989
-0.530993641294401	0.335743115410033
-0.225604873113441	0.0727632769218931
0.0389446781679575	0.0213624347771263
0.830813570732659	0.350577218304927
-0.89166693906746	0.742198457597599
-0.0678347574606347	0.041175223477854
0.0372180464163926	0.0204195284034512
-0.783386913423749	0.672210317038502
0.672229626538356	0.483549915422733
-4.71583321344516	2.80453300098894
0.156940156206885	0.0469034675170628
0.148852800035751	0.0645568319280302
0.337860140808653	0.206394382429058
0.527555039324235	0.458248511827092
0.0623718315495815	0.0387098686389859
-0.91305637850912	1.29656481437502
0.0120145580383906	0.0091307349219876
-0.0899501217879902	0.0633599299001324
0.338065581199562	0.34682136733572
-0.0231630033526847	0.0147682056175254
-0.545706865699704	0.598609931668954
0.72133604718383	0.732083913344259
-0.271679882263405	0.241770815959457
0.20067531090193	0.1562262497935
-0.0950402690471525	0.0557549294873357
-0.601512099677528	0.28810721110832
0.48594031115019	0.334406348210333
0.988768329520019	1.08333876981127
0.136441508768318	0.114778025385057
0.394705851510446	0.351124244672288
1.4313531850883	2.45636542692615
0.541810085329455	0.569213993972562
0.838252188820196	1.08575820831305
-0.0882444691291823	0.0774246967170948
-0.177063832004757	0.134679976720772
1.24720161530549	1.51641844692199
0.199934825184884	0.150256535884919
0.630361610593935	0.594833461239768
0.205995912387495	0.155271741159225
-0.169290169744531	0.128153238817743
0.756082983740545	0.743206331535236
0.963276587411233	0.65725919516687
0.926425934414823	0.81041069111068
0.844580043064842	0.997527773676003
0.485563757240661	0.334166062793989
0.184322115330832	0.132195867443896
0.698391474790929	0.613363309243986
0.973279098958112	0.969372300091114
1.05100806914114	1.00560136922643
0.00943368373460809	0.00481098779139004
-0.0699160264007203	0.0424344445542246
0.350744664274075	0.196843850056051
-0.324048129852608	0.194510178062158
0.0318511472669207	0.017526673199629
-0.95031319090173	1.00921145102868
-1.22252725359789	0.925549358878122
-0.211147146065051	0.0682441817050335
1.07387605693016	0.521153365879796
0.344578203482479	0.192805005883277
0.695485768570234	0.325993590968415
0.317937972218717	0.207278710515072
-0.232205132899331	0.116187130791891
0.555792338221642	0.324174841437349
0.204226079606231	0.159336155691808
-0.544385364303113	0.489786647083964
1.15465163606943	1.31518814508682
0.853432554660021	0.779776429671836
-0.270494402122494	0.169822395360664
-0.00986964505178381	0.00635670041092008
-0.786692033999715	0.67598484605141
1.24239818220345	1.05223187337779
0.087774903586836	0.057471213555914
-0.174161478861459	0.0932579804493286
-1.159302934071	0.648764680407758
-0.649209947534541	0.385490220047648
0.365607780556882	0.185333919400336
-0.676331666442009	0.535330312019115
-0.538097524400534	0.34114868413109
-0.425923087752982	0.326907182480125
-0.420985244918017	0.322231639858123
1.79018772065226	1.85189328369509
0.003601906313103	0.00192721852389105
1.04419467491888	0.995746957243262
0.715457871357546	0.723687488379223
-0.0967626188058182	0.0383683398330942
0.159582223370839	0.0773988071483669
2.74581834632854	1.68328567703456
0.675067592191977	0.214306398275368
0.794065775192752	0.477751467029686
-0.0618737493791651	0.0375057267857244
-0.0600389768853878	0.0363961511421026
0.353322263110354	0.198523325747693
0.16818254317401	0.0902331542982154
0.48776435132286	0.335625733856641
0.801789528022027	0.638996510779442
1.06952143923203	0.518048488509222
1.57415548080227	0.783451546422932
0.15857127176921	0.0473730062040783
0.825762411823769	0.348140128156457
0.377696503068816	0.191911725598613
0.623917117546163	0.476702686862661
0.164346026904199	0.0490101668927593
-0.514630991185235	0.194661861681357
-1.24542654882667	1.16388731717252
-0.662746463144571	0.463687236726135
1.83038440849751	0.717634461368427
1.06982378528442	0.518397676827846
0.433069273409785	0.33038174480875
0.7191688896695	0.476620059299273
-0.208213315639506	0.134238723882101
0.443927441900321	0.178394121781305
-0.34191607535368	0.0984089732924219
0.151905065586114	0.0516577328804664
0.370921348483834	0.188075152008407
-0.391397096005124	0.163067100955571
-0.177654349809923	0.0952388244141786
-0.947487141402454	0.582364702973126
0.164270962961233	0.08783527117283
-0.147137742839772	0.100162657460347
-0.623695413727333	0.597622714211862
-0.267473779190007	0.167747799705677
0.866969915223268	0.643833211002434
-0.87286689825869	0.801600724607683
1.24367215209332	1.37502572576084
0.166183628880847	0.0807789551600692
0.638200497346863	0.604420640940697
0.756982156371953	0.744390372509972
0.997436847883451	1.09722305653335
1.49194877942038	1.51429009806324
0.40429393341651	0.334439480830956
-0.559318160764463	0.405593029395633
0.899887768854384	0.922354663084086
-0.446381143511436	0.295923839683738
-0.24197027871765	0.121290105448905
-1.03300467690485	0.827063865914532
-0.257972607411822	0.161151995374375
0.348957987867346	0.195716019181584
0.191987487328565	0.132542698314183
-0.182948003664926	0.0980737442898644
0.0070270839192425	0.00360911374685547
-0.020014578596868	0.012789657611609
-0.031666755513835	0.0201618461158724
0.460997201190944	0.335817054990601
1.09760118717245	0.678036238872481
0.705979781373675	0.331910925245011
-1.08360434882942	0.739563480433474
0.352438260314452	0.197949970848422
0.729611287230257	0.743341713830773
0.0176407953200611	0.0118808410126979
0.462528975952228	0.453996258646302
0.199035302926089	0.159788825636669
0.941785452899957	1.37937675686403
-0.981643960165396	1.15804666371202
0.299700848349027	0.245709757457721
0.421919617995993	0.442448781667307
0.130169799286746	0.109020052633184
-0.084552107611054	0.0594146916872162
-0.202919987117579	0.169564297213472
0.0514525913311138	0.0301587352799945
0.00716916336633029	0.00369663396682458
0.314314071647813	0.217394003043864
0.123218110856157	0.100170350692144
0.436671507726277	0.449324128274122
0.449925250565894	0.452840657634431
0.86070457319102	0.914005621054297
0.45980199169738	0.450504111284519
0.200988655299209	0.156453613943351
-0.145296233277689	0.0987967415032248
-0.338211791712951	0.29612192697509
0.811454532326028	0.883051585520012
-0.0255132898694441	0.0162543204599417
0.201063100800174	0.161720959148029
0.680581232078195	0.706295222176424
0.489086871026926	0.336771162747167
0.841935697663476	0.885316681236404
-0.398672697725635	0.226331664430828
-0.256507365407709	0.160085078205133
0.488119824620193	0.335846522416904
1.11739495039958	0.856646142135669
0.089369119239216	0.0610215734245377
0.929601253087771	0.814386718374704
-0.209076111946087	0.13484270917454
0.0509860502962668	0.0299118658281881
0.66613245346584	0.477936862294346
0.582241126642597	0.467320517991835
0.106236244202448	0.0758274135039071
-0.147424947084064	0.100342749913854
-0.07262969707038	0.0441061880953728
-0.140634704264485	0.0795577612389898
-0.934971866750492	0.571454183721932
0.404434650516958	0.348590626024948
-0.311220814219311	0.143314516690517
-1.09346057996569	0.749411854532649
-0.135179141270383	0.076374860695274
-1.33884129082871	1.5364991700254
0.174575403319922	0.107947432882217
0.451860015328675	0.181866942033698
0.367431012801973	0.186309377105649
0.971535150213254	0.665821374428483
0.696851684035903	0.326735848657766
0.15002037757653	0.0650880238358636
0.548204725007755	0.318922780825048
0.914211186016764	0.495651831455076
0.332259126951857	0.20236975546518
0.574357528866303	0.45885153126656
-0.377685367982466	0.259294074672596
0.413326842497179	0.343489855792155
-0.597122339069251	0.486451591811225
0.315501459931941	0.218323931345296
1.01101772077606	0.835347177974436
-0.520981336074923	0.431402884708577
-0.279526206127467	0.202294861251252
0.121729531452926	0.0905777502297462
-0.013605078230749	0.00654598089259042
0.167513062115111	0.081448318848558
0.325646535173777	0.226366364276036
0.512920350480315	0.327782949394761
0.511550134686077	0.326712416380915
-1.44243786619971	1.29181408635278
-0.0928388997867	0.0544348150344482
-0.428534551041093	0.329397866367269
0.585842386644646	0.470653647813863
-0.0983040503816982	0.0577229877242947
-0.679831456857965	0.591994368795942
0.186531840672371	0.122453107841144
-0.947286546143686	0.581555084864628
0.479944170413743	0.329134244647642
0.159004449247276	0.0610086823595686
-1.15566949942324	0.645677647074688
-0.385290090209636	0.160265093676538
0.907964956842255	0.491402984013685
-0.137104662437005	0.0774722907429689
0.661275922398579	0.473810269724092
-0.213700666108253	0.138105847978122
-0.575754019159485	0.420908979922123
0.165704597093625	0.0417255219351786
0.152567656731362	0.0287430408348264
-0.392890645811615	0.163726265183229
-1.33324561829997	1.10225619948385
0.722631177652061	0.479717984361726
-1.71918907534311	1.44816337251207
0.488119824620193	0.335846522416904
0.160013806209219	0.0855923144879436
0.16398311023751	0.0796660171202628
0.867522247084918	0.645426638419306
0.0245934377517448	0.0136055801785281
-0.0504442919763924	0.0220653569575298
0.162772361662218	0.0410490143575106
1.45806698971783	0.483796340944708
-0.0972234862086664	0.0385969734272251
0.160770338301963	0.0545730641617949
-0.0896410105767752	0.0356287695912577
0.178164385836863	0.110306752091953
-1.21546112521838	0.918092145647849
-0.318828476553984	0.191058443715062
-1.3315019344302	1.3266217384446
0.350296010873151	0.196575155026489
-0.644767434382321	0.382153199125686
2.45269177353143	3.12261478153422
0.442859581967075	0.339301277195545
0.311185326786773	0.214855008142946
0.0907933982468684	0.0595064646914068
0.488694470530749	0.336735385428142
0.28433622935527	0.276126663052965
0.758304388087625	0.746305606385176
0.46606148545398	0.458525051340393
0.666919993655043	0.478485105751902
0.329769476269655	0.201006291198812
0.453603260724069	0.182711427958133
0.905016085984644	1.23569532175024
-0.540991627578499	0.485721676072032
0.908994039358912	0.492387961097253
0.335146865089654	0.204465293525385
0.924160123300145	0.807621280251146
0.19302075175339	0.133253277302101
0.0877513214546958	0.059898060931098
-0.781136798351403	0.424865941033009
0.516525189600694	0.467150158753107
0.663313310264972	0.475027949187418
0.0313586803827358	0.0172576355557721
-0.408665931350817	0.347621536193108
0.305420657331603	0.210227256883034
0.174361137591886	0.0936811228537822
0.176831689733291	0.109496825840785
-1.41283158438631	1.70432944095484
-1.72739836173022	2.24629469487609
1.24950625524981	1.06099579237264
0.369098387830601	0.187038528267993
0.689124452499572	0.718561409307056
-0.777364134128324	0.838757458139287
1.0197566800198	1.22407572376602
0.560830314766571	0.471704193436059
0.100981552924598	0.0743177759794946
0.327287328377676	0.199024853429148
0.0893629414308318	0.0610276057704265
0.0928482016176812	0.0634945250857079
0.862846017368475	0.916981807026851
0.17342364064495	0.100701590379723
0.180292199691761	0.118035479930214
-0.208213315639506	0.134238723882101
-0.217675290359863	0.140888139038675
0.46230651766665	0.336994424532847
-0.313282548228126	0.187258769982565
0.547740879150656	0.318599476422946
0.162507987983797	0.0870278806862286
0.304572624871125	0.250348503755745
1.01937083509493	1.22340697578174
-0.327725335360732	0.260445510188213
0.329141573453214	0.215584994901008
-0.455481086108496	0.381482913389996
0.934931674992985	0.821093456620662
0.285602575291732	0.255830788070863
0.290310714954798	0.244999289377964
0.504993434767031	0.552785629693716
0.279139782782825	0.241558532658225
-0.0412568764375267	0.0257124340520921
-1.33591879294331	1.3339017167188
0.196947556946298	0.147770966949296
-0.139626623650296	0.0500203007886289
0.178947132145612	0.104118306468169
1.25448322195815	1.39242713708864
0.147488542787684	0.0714965241416802
-0.0968275377319865	0.0568219210419005
0.589304202745434	0.474275276804883
-0.236572037820463	0.174083746875447
-0.017091761774903	0.00813166324118599
-0.449888594043807	0.29910858987204
0.619543178951769	0.472897334191549
-1.44031249918287	1.28916827808633
-0.789425802076381	0.522931012531964
0.658171284408221	0.470531329914597
0.0573646770014403	0.0336646333284983
-0.20997637207971	0.135478387154008
-0.717682103574582	0.246297668028488
0.160919883742022	0.0860980132904214
-1.14163321553881	0.990525127710921
-1.17350486783852	1.2009057802129
2.36272645363297	2.8358038461891
0.00879391020410615	0.00445485628110263
1.09349847993855	0.674685686895385
0.157328017678796	0.068270214475041
0.153495886133074	0.0589183681974845
1.77766238048599	0.993291563501666
0.31802058100399	0.220437030852075
1.03832126240248	1.34590750997877
-1.05675460387417	1.1068315076561
0.047135830969337	0.0276553928685246
0.157328017678796	0.068270214475041
0.744513598110277	0.625326797289411
0.346447765604154	0.194304040564832
-0.497293977158504	0.374401491853594
0.625114439941506	0.588167186104622
1.00074930742889	0.823271419930152
0.941521803117869	1.06511310934151
-0.1035320056966	0.0608739366622394
1.28155486221714	0.70807345119534
1.12953102062755	1.02399348671416
-0.130600702458369	0.0737092450211889
1.04464687827751	0.99612835127238
0.367657806497981	0.186100594862968
1.59441821758472	1.73719884034599
-2.06840706939649	0.94281622690595
0.34502849665301	0.193102765936248
0.998435028017333	1.09893572766132
-1.02555242329438	0.817488268048686
1.00570840165139	0.828342173100683
0.479944170413743	0.329134244647642
-2.46568441976191	1.37175127453949
-0.51684332092659	0.195590817716156
0.451264737753217	0.18161985383083
1.44821240878198	1.64811667641979
-1.54520553189313	1.4925472729612
0.193094461791035	0.144539878864214
0.347905174551454	0.195369779413381
-0.122537507242532	0.0852001297439477
0.350737371962542	0.196853339655601
-0.784921021105965	0.602815134722784
0.150723018578252	0.0578874948470339
0.145557500746089	0.0631580248095338
-0.944033896183673	0.578463552597327
1.24344379829195	1.50871423151212
-0.0967626188058182	0.0383683398330942
0.826058603447256	0.34818473678636
0.826885083784757	0.348595039349664
0.157771079018536	0.0605593318935867
-0.595956245304819	0.285189963589044
-1.83174908943886	1.15207968132166
0.174212376895154	0.0935143581482308
0.512614508512923	0.326967397808683
0.335659428654808	0.204842240031513
0.622225237059849	0.47554854466813
-0.490665727091829	0.368229911564873
0.798471835239548	0.480821731581174
1.25066519952555	1.38594788923198
0.512222207175959	0.462225863221976
0.517632714033861	0.331080109321124
0.615554701928491	0.469014743016997
0.4817728859842	0.330369360741847
0.48365298372845	0.332383010372647
-0.915085651806971	0.670220052589564
-0.624271942837661	0.598301282000421
0.00585342038117148	0.00302912695771351
0.190482238035607	0.118521205868932
-0.176675095384292	0.0946839607649915
-0.919592196102049	0.673781519574296
0.832273337017386	0.351107922109031
-0.320227099474977	0.192042034015685
-0.143083504265613	0.0512551019499494
0.176188283078677	0.102418694687675
-0.94776437496415	0.581954165991732
-0.778303525966642	0.423116112567187
-0.0761888037955817	0.0546838440841999
0.190863608243277	0.125559220459
0.664681512408647	0.47641618048079
0.331847518469073	0.217617830952118
0.141951300815439	0.0616006319562843
0.555679198931082	0.465934433764828
0.0370053913086204	0.020273751106282
-0.0170004986468824	0.00807623680019526
-0.67895242741652	0.538248530923308
0.161782158512576	0.0785511543503289
-0.229833494467532	0.114806507179195
0.365376412312231	0.185084494226465
0.205714104988652	0.226114430581209
0.501050077090184	0.546975223616979
-0.344440763657292	0.392018791147409
0.20773658640174	0.205069208339957
-0.220627344100829	0.199598935175908
1.03237249611706	1.9052018112547
-0.0326817504577581	0.0270882575873486
0.335146217660361	0.359948075730253
-0.113504766109789	0.0996251168359743
-0.0735719073272639	0.0592663213414143
0.145037475541079	0.139531028933447
-0.0628382377745669	0.0512474681541304
0.589140551941274	0.743216534218503
-0.445086073549002	0.497936055338328
0.20067531090193	0.1562262497935
-0.0228755838183902	0.017079208355934
0.692343527054475	0.723064481067448
0.301246556751097	0.373886676622299
0.297872313981567	0.337379411462721
0.594906655526719	0.679788692038382
0.382836102545361	0.361756330912374
0.657403740308571	0.793904875228155
0.396127706831312	0.440904138196055
0.147812108995798	0.134294617790784
0.849838672914865	1.00619914343396
0.695825705832557	0.900667033923184
0.651359520800573	0.945035935404775
-0.109336292612027	0.095661904862025
0.508031851842502	0.557127599327358
0.0434765380374714	0.0327157703766127
0.10760786089563	0.0819655395155988
0.0549579997570137	0.0340920827827587
-0.224558528292703	0.185088804407452
0.466109505392703	0.458621727283422
-0.197278804805841	0.16425190387117
0.51022541144229	0.543320501906531
0.286173511973329	0.264015294039596
-0.0357452688581934	0.0223026198284636
0.684339408991458	0.812715680940087
0.921686703242709	1.33517895057397
0.891856339930022	1.03280103359906
0.0323043715097804	0.0226965995507011
-0.297028945327679	0.261400214049996
0.122312206118768	0.0939635862705869
-0.772714659755932	0.93165733613356
-0.657560030400167	0.458717764751459
-0.923569257921842	1.04160385111758
1.24580550817858	1.64101921029459
0.274072838574173	0.276993731342816
0.11795614457543	0.0875989629499847
-0.497631633182566	0.374616753413949
0.0250139294541248	0.0138302503829818
0.300387349445466	0.246400157339741
-0.0226261734807478	0.0144410837137242
0.628734868457974	0.59281416620407
0.1614381698361	0.0863283273246036
0.908495485689651	0.491815674425042
0.925055693921369	0.808770913036813
0.204536143572776	0.184263049381076
-0.176495065638355	0.148634019165599
-0.0694248939960632	0.0421293326844854
0.712676243490828	0.830751879063771
-0.377271257108951	0.295664110740976
0.448892969581748	0.451383008740519
-0.517023391464094	0.505491430860968
0.284589795052988	0.269479658039098
0.771179186965689	0.858581118638076
-0.448625063342371	0.297757994029039
0.307553793407387	0.223284743392542
-0.327068005429443	0.231674038046809
0.550352873501096	0.320576639103209
0.188758439507564	0.117362475072693
0.808830108244201	0.878527783455358
0.0866525742568076	0.0591100531822234
-0.0674560062863576	0.0482343138856226
0.904372123021763	0.928415023025218
-1.27920037726154	1.56880800275293
0.355643012001685	0.350523384564411
-0.312439864583625	0.277550382896778
0.294724570086076	0.257658954866572
-0.77138326219447	0.776747039333634
-0.852062069345688	0.911120639189033
-0.997719570708067	0.896944419844326
-0.388197675575098	0.161522746371051
-0.209929848249128	0.13542602407168
-0.963895725944936	0.946452176637047
0.706002641619421	0.819741866198962
-0.598262804877841	0.768278276343784
0.0380784310447529	0.0277512101332739
-0.0773027995726621	0.05551584269161
0.208158093798644	0.201410610549513
0.289813101584357	0.244543006261495
0.563097339983572	0.578562597952002
0.0171605273331191	0.0121099099849929
0.187381258143854	0.129023998015975
-0.0729508633218899	0.0522978822623286
0.19527771908827	0.151555938529026
1.13132938894435	1.02523072914717
1.3786074047424	1.28505883375137
-0.32891833155395	0.233245133132993
0.175939566920146	0.108914004998141
0.519984551182787	0.450157133932427
0.199982045136011	0.150287887802437
-0.687617597976556	0.601449324353195
0.986689989880339	1.08010218286645
-0.172214309881288	0.11423480865845
0.0129001489423534	0.00917673856325391
0.36739645668192	0.35448561994985
0.19308387375672	0.133356077833328
0.303750759308178	0.258477650787244
0.302840363775166	0.229742855921522
0.201492591207429	0.151546987941906
0.419126470700097	0.334013377746458
0.798743226444492	0.636263904220042
0.396498391689909	0.340191940948522
0.437120351872525	0.334157920832454
0.208638197635315	0.163164321127602
0.218637374012933	0.188643934463423
0.992950881194962	1.31458440297165
-0.425611117499284	0.32667641610505
-0.402932952638932	0.403658204488901
0.627952206942175	0.591743967855743
-0.207604217341769	0.173983293734851
-0.965741592243667	1.20542929727837
-0.671008912160206	0.529860417031184
-0.235645573463968	0.17335719474323
0.705308428068937	0.621277691546913
-0.561660560599562	0.542201292266857
1.24453308859038	1.75949946062363
2.24904423956562	3.74127289303479
-0.504568352633034	0.555957011121089
0.16963624195886	0.0908627560146864
0.630693160148191	0.483521967893615
0.175975077282112	0.102128564286777
0.408578797689594	0.338817648004454
-0.240735455867058	0.177606627160055
-0.24908790832712	0.202378906601111
-1.72161947112018	1.87683827683507
0.720665776949146	0.730967348365257
-0.341606447212636	0.27350442118345
0.922818919436567	0.806401050161372
0.691956303474469	0.722428211177038
1.76609370528669	1.37989963656975
0.489086871026926	0.336771162747167
0.33897298292935	0.207200297111959
0.422060270824373	0.33680535457299
0.374306836593597	0.362747259373916
-0.659545157722335	0.956090359277454
0.10597582084279	0.0933025588259731
0.508553698167463	0.557633968684615
-0.029846607446518	0.0223007958748291
-0.863541491219959	1.1805478900652
0.325450234467078	0.354449290194004
-0.772621214240398	1.02555468039904
-0.680534328281412	0.9068804133156
-0.0501133380432939	0.0460801826021221
0.329848647025077	0.344712183889261
0.192082118125255	0.153655478651778
-0.0145258114433967	0.0108930939431903
-0.255338050831349	0.208279459895222
-1.14694542679338	1.40992533341525
0.192572571868736	0.126782596948238
0.0296730126967408	0.0208536474230004
0.269888706454106	0.295225941261619
0.27723652570839	0.267916648874409
0.339117465141114	0.34827304560818
0.69961325829337	0.809117836678842
0.602810754124935	0.767321565347054
0.494991343039379	0.635978032039475
-0.18756024212551	0.169458150210338
0.54038193646387	0.567380640430813
0.574148356712113	0.572030132955689
-0.392804927599938	0.418550220311356
0.0790758302099863	0.0516153512358561
-0.87886033794461	0.810576204256158
0.609637357910846	0.680349860112947
-0.0329436176907377	0.0242462855019788
0.965279897235041	1.18349773063511
0.213142357735029	0.193195371412207
0.431718641705762	0.455741339285551
-0.698053951578183	0.613477912165331
-0.54679721759327	0.492590166434182
-0.208706382169774	0.134560607785745
0.958575558743773	0.948546052919789
0.296469008715942	0.259473981431132
0.182646327449471	0.113266500576871
0.0307960534891031	0.0169267252101359
0.383011691865997	0.361916798479425
0.193026666317923	0.144444391389574
-0.260779097811728	0.16305092537848
0.486284893637638	0.334292396655693
-0.281124911275482	0.203669013023362
0.49785142151325	0.558357194884488
0.348069622518863	0.195127142115536
1.03543214514454	0.39263444657528
0.377552406755052	0.3442104430491
0.132152618087178	0.108053345614217
0.272383215189865	0.255612596686491
0.970194121244524	0.965552159551154
0.302768736794856	0.248592802202855
-0.412191645187145	0.351435468558193
0.167998346218525	0.0973475532493228
-0.57489192620195	0.420000649653379
-0.60894198346714	0.672505841657369
0.750776273262864	0.942687658759403
0.865334796129967	0.643389133683863
-0.261512340356522	0.214056960936906
0.345430154872648	0.211702802923301
0.698077967192142	0.32755178837222
-0.135162858211705	0.0763762949308977
0.662426721716602	0.604492811086951
0.428593184753066	0.343126982443874
-0.430784332436326	0.331494970601215
0.184319370469097	0.107395352049689
0.345279804679297	0.211662611393773
0.174332193143459	0.101310852369673
-0.692222866484128	0.655730020575142
-0.280989635000644	0.203438529069693
0.367107176850785	0.186090647093912
-1.09834362735225	1.29832098981616
-0.573211248736232	0.418413649054864
0.171207721440545	0.0429238305772998
1.79294959213937	1.00551110207029
-0.0355147690151558	0.0221652178616357
0.303789387068872	0.240351384879326
-0.171800320932469	0.113924404384075
0.300044383835015	0.263158067915983
-1.24149194292534	1.15954091169582
-0.518139897805531	0.506911961195567
1.16798091105514	1.45614032785082
0.437941175429714	0.335005972241368
1.16769230451028	1.45487281628975
1.398278186021	1.08737419261582
0.445343832301428	0.179072239658324
-0.258962981786848	0.161778902481772
-0.33326629357319	0.236733216374915
0.380202026700685	0.347267504881425
1.09692131516474	0.678282503809857
0.591278114320562	0.571169085315795
-0.459522294574502	0.385922336264531
1.3367432823918	1.57727066785017
0.457052425832563	0.447097954838757
0.46230651766665	0.336994424532847
0.801883373402681	0.762374409819978
0.508745929710567	0.45828079767822
0.196312255205816	0.166929229390163
0.30843436889629	0.24472686658209
0.279514614881365	0.249509304410561
0.386925758696402	0.342697909788206
0.588823384489046	0.473767590182894
1.24734667495176	1.22970654606806
0.184547855527235	0.126886062698175
0.412941668363419	0.327916275641106
0.197503471207127	0.163387431762402
0.215133535104806	0.200067591286314
-0.221694623651897	0.143805919996737
-0.293615320983862	0.237178707666974
0.315320030235806	0.229995879558981
-0.235898359273193	0.173555213330013
0.457004660740488	0.33229097195972
0.0292076524393367	0.0160950664470886
-0.184431258545642	0.12301396219148
0.0645216528038816	0.0400469667525894
0.613842594393325	0.467295079910526
-0.41160126054131	0.384143816065201
1.26908214019522	0.699047624511114
-0.716610789718914	0.825182485699711
0.611121687428206	0.596411819286612
0.472400701858022	0.450570621098042
2.16719215067391	2.89894334421302
-0.258886098880459	0.161808483004871
0.394251328362988	0.362966756733183
-0.426518981961167	0.327505981062017
0.308940066315345	0.22456398841483
-0.465294754637143	0.391808624851622
0.0877682449883204	0.0574320673906676
0.32909936898265	0.200355576107856
0.0929880891048048	0.0635996946228688
0.126960813509302	0.100692434717092
0.0649225720635767	0.0403005923057532
1.03097109447467	0.390484572641791
0.322100654084148	0.223555975772477
0.510867664102034	0.544214863038759
-0.0721336719989397	0.0437983222705631
-0.400872235722079	0.339409185489626
-0.631298955759326	0.607446413975567
0.185575598880073	0.121846352883155
0.904674761290429	0.928984324904592
0.312668529532943	0.227781279644074
0.958385551513875	0.947936382926595
0.680273138600836	0.805970082463277
0.582295897549503	0.582966104573955
0.306842445676532	0.243258851288963
-0.781451407524668	0.733180377428763
-0.383494586724036	0.26404894005346
-0.181758708676987	0.0975311410509048
-0.0149408650193332	0.00715104907095772
0.156405419701574	0.0600373427044117
-0.935096774171509	0.986222157410894
0.199136023717649	0.154727074171127
0.535386579626282	0.467450228877665
0.310003784034396	0.225519027691116
0.173800774649019	0.100910435480243
0.0112721634126611	0.0057172511288662
-0.0176718509227388	0.0112964553516962
-0.0386357294990953	0.0241020078503044
-0.663601754995644	0.46438738916332
1.08869521992603	0.67086012732493
-0.534761956798686	0.338727873214474
1.95706969381346	0.441073865263096
2.25637388616414	2.52103628066692
1.6281526696866	1.14497158883779
0.622165131715518	0.475354362196581
0.15866325352339	0.0688602778933149
0.160196112379163	0.0857613182997931
0.692504267231023	0.324072159438417
-0.342904767182509	0.0986489157334515
0.316855854776538	0.219445657609636
0.790850814530554	0.475584035875398
0.345101875459451	0.193428326015883
0.515581986134085	0.329481962825548
0.528697101266383	0.190116209542368
0.858975309053369	0.787346290767204
0.455011965556224	0.444698987186275
0.156004173205372	0.0530087596813196
-0.392864998022919	0.222460919192848
-0.482838665424369	0.253085010221614
0.967339897887227	0.960841546553191
0.0529789178125705	0.0310959707691123
-0.211147146065051	0.0682441817050335
0.344127789004198	0.192489512640286
0.140275756942034	0.0539373248044199
1.46273848933844	0.914913016636626
-0.483318352119068	0.253364865978665
-0.0501516102722327	0.0219353420826482
-0.52846360297528	0.333796014054537
-0.232675999779869	0.116344935022369
-1.02713260840854	0.407375194722086
0.164924250766412	0.0882870243304074
0.514551592624706	0.328928828157509
0.512188943592397	0.32664935794224
-1.31634439938499	0.823249189136409
-1.0782957929263	0.734488283504547
-1.32918960374678	0.835940025461387
1.46140464556753	0.91335550485972
-1.13582369620544	0.343734699942405
-2.63663057812579	1.6189464316161
-0.487914699749065	0.256282904667548
-0.595956245304819	0.285189963589044
1.11784513214192	0.857000525685603
0.432002845617124	0.346453814350221
0.614341749974739	0.32286465758395
0.855473844547831	0.782855197092714
-0.918364880553987	0.673188134148223
0.724789225030457	0.480943480505416
0.720777055347757	0.477507388752208
1.07562959364699	0.522094861817641
0.618630493949127	0.471498623886138
0.445795430410352	0.179250021220085
0.958361915962937	0.652796870246037
2.35753532918699	1.18206211534397
-0.214295623660532	0.0692156550779169
0.61748156436755	0.324888512642261
-0.390383795253524	0.162477035260582
-0.0583016224956927	0.0253969252343214
1.33615531493037	0.585790780085288
-1.48262891806896	0.749194787387466
0.335346084817006	0.204826602562051
0.156321977802616	0.067817298544639
-0.124695407578398	0.0702352089551461
-0.308097499076156	0.141715220191164
-0.67948758960424	0.539035690827543
0.152998897216914	0.0587123670012067
0.349478936685642	0.196274834585532
0.724701855916491	0.481073896253701
0.555160079977818	0.324093546654349
0.905005996684681	0.489299372005553
0.461355245332699	0.336082342707525
-1.02470080666839	0.816725418347913
0.559487440112039	0.470156232283431
0.17524913423693	0.101725710671417
1.08902453978773	0.670371691805155
0.620840507910575	0.474112482507819
-0.782505411947811	0.51688139709215
-0.231351993746999	0.11568701327033
-1.31968026665866	0.825485591960712
-0.0200487288047491	0.00947233562651225
0.346447765604154	0.194304040564832
1.49694415388117	1.52179239505259
0.532475077834663	0.191482542601689
-0.386659192979276	0.160832500888345
-0.32157558034535	0.19292676248174
-0.762900274145912	0.331434318020362
-0.227262957080485	0.113472143656242
0.01232851285818	0.00619366062609426
0.329531841309012	0.200638760745151
4.1778407712883	2.0140621779542
-0.178169136478913	0.0955589902107266
-1.1583070292035	0.647391608800646
0.150856780794037	0.0654562657304261
-1.46429175756629	1.01860340656727
-0.640678695251514	0.378664547128071
-0.597009861333974	0.285789886368716
-0.240589762297908	0.120540244120875
0.617809050653654	0.325089032131953
1.06825907710535	0.517342664077662
0.305430523792779	0.221680014297811
0.00451171734788784	0.00237261137383049
0.165704597093625	0.0417255219351786
0.947560352748164	0.251716891447637
2.75722496636877	0.770257049482932
1.07667166465625	0.522581522386257
-0.146483613250347	0.0524206738570132
2.75349844687128	0.768381126605175
0.697273546754482	0.32704484516564
0.369199247203358	0.187071874175325
0.713203135991137	1.21620745458779
-0.620332181473599	0.999629063987536
-0.478371154167079	0.620702200038176
0.257460259770653	0.309317744824984
0.330590171871393	0.369391531476006
0.924260966636005	1.96942010184367
0.149901278583015	0.144725457023215
0.596997661738938	0.909741777818149
0.171529549740784	0.197976634489368
-0.851734165894873	1.51028386408326
0.119829287054368	0.119214855881871
-0.947586058941932	1.24113728664625
0.145610248328029	0.13755803547365
-0.407153815776093	0.409369541501859
-0.463577565971625	0.390022743909002
-0.962190892233224	0.944474026531322
-0.373421482212711	0.523264121504283
0.317091035261932	0.441432794051478
1.04977582012512	1.67633005728703
0.159116343926511	0.148824752266828
0.482487485234772	0.53561857896653
0.268702451086764	0.282202931501727
-0.310573937988081	0.315676590487671
0.40356632845663	0.451648148936279
1.01442041610281	1.21474787818449
-0.124029304316262	0.107598325625567
-0.28677236081388	0.257768944520904
0.60756150184478	0.676917918039079
0.301716720803817	0.247607370909486
-0.127535242085701	0.0994435150218771
0.293209882016192	0.230726136289984
1.16878102504329	1.56659495746513
0.473399129902326	0.451834990300004
0.16177345594271	0.151613985566849
0.397116526093691	0.353854369607283
1.51417601581755	2.0117392420476
-0.124884584324211	0.106169099772406
0.333902858961827	0.332953944951026
0.273364160452514	0.276127742331944
0.608290266044477	0.677851973131094
0.478758924819012	0.621064200860218
0.436134204461238	0.434985637797781
-0.0727128519627176	0.0585636815041505
0.56631117032546	0.655590699618136
-0.456522051068279	0.480871176388189
-0.398001458394125	0.451847781639798
-0.585226616142594	0.605670082911597
0.0221868653039131	0.0175041437205116
0.392567729438669	0.33599743404385
-0.373611568110776	0.292153709698087
-0.0525934920129555	0.0426405060223621
0.295783972273893	0.233097616700673
0.545535909867905	0.658682791914326
-0.42711704728829	0.327971065950394
-0.447124137656537	0.411889559451919
0.810152512494946	0.978095555668314
0.588579854529125	0.761671783361359
-0.184790660387351	0.156474784198562
0.0307961451077777	0.0169059243565558
0.724003301472929	0.924369847086541
-0.552092688423447	0.498607393993775
0.171415637357531	0.09201847812725
-0.131132914888097	0.0739804003299631
1.15877334717374	1.32374605253397
0.0406842401882897	0.0296690030865213
0.205430523150813	0.175766997269196
1.51349038305868	2.40594563035746
-0.243894161035185	0.218827486420312
-0.563632731060956	0.653845401179774
-0.0949064822205207	0.083645688179295
0.0504023589076465	0.038031350456603
-0.0199004449538408	0.0150234191013383
-0.408627267353337	0.347691656098335
0.0357174740742781	0.0260158331094896
1.17945529001236	1.90009680154641
0.153446755900646	0.145839931118215
0.27404371795533	0.257465168596705
0.467975975344158	0.528659212830593
0.578953827707677	0.5783413733743
0.806665427353944	1.06290527589843
0.500764267652562	0.467468677561736
0.443543600013158	0.444595498361081
0.623531307771856	0.677384802816553
0.479524439130318	0.545981308201482
0.801981568516508	0.76264240797404
1.13542897942015	1.03096433591685
0.519072795566237	0.332479836172108
0.182935649723611	0.106512955529377
0.551277917229155	0.321262397038854
0.314679575994221	0.21773250343404
0.0795360779832307	0.0519009081904055
-0.23863273850393	0.175845686742978
1.3790477845786	2.14264379285073
0.125247411228111	0.0992100635281086
0.933088788046694	0.818595548678549
0.86930287202075	1.20521861330659
0.290615152359276	0.236919935915793
1.34254840098925	1.58757664777604
0.791791317859992	1.06859691797313
0.105554554576177	0.0752881069452633
-0.325668629817598	0.258426807840338
0.0438380048484064	0.0330003875302984
0.289479058159585	0.244253764541224
0.756769327732155	0.74406403154724
0.441348591011457	0.455539381368636
0.0555607105550948	0.0344671876132678
0.198154524047486	0.154042296423741
0.656832968644238	0.7006542209363
0.598485487552239	0.580130833612309
1.32342956542838	1.70021338913776
0.687215817916929	0.817294681731959
0.711481768578229	0.901808398762831
-0.0130351023876829	0.00983821595939797
-0.851354738198117	0.91007552696534
-0.587457160388791	0.720937570282959
0.57358803706007	0.571406468183459
0.0004896385293869	0.000379104254911095
0.204407486800553	0.169851897681958
-0.594666520202588	0.48359970898446
1.45164390984456	1.65453762330015
0.314554054999968	0.217668270181954
0.427810618999609	0.43754479504905
-0.556263331233368	0.614884386399158
0.41590926677204	0.346105431158454
-0.336427246077547	0.317775943089687
-0.277699375136025	0.200759604792068
0.200397228833771	0.150623609894541
0.560564809532908	0.471262079830003
-0.517960222243967	0.428103656341528
-0.0117429585334779	0.00886496669570745
-0.0442215850190483	0.0320549356096706
0.648822894028797	0.714986152614403
-0.180733925658458	0.137725355647415
0.208054040229288	0.162664920080278
1.10598459884503	1.84308104079018
-0.0172925235099696	0.0110674757414017
-0.0957157693338195	0.0766039862540926
0.0236063521685775	0.0165696304051095
0.199838038669073	0.160550045342239
-0.0362373751265933	0.0266790803206692
0.698878316728022	0.906773704352136
0.188177125158053	0.117013266010685
0.449022148085439	0.180598376655974
0.050101592022713	0.038869440501589
0.175674887914747	0.101993654287945
0.15155160673046	0.0582254506515454
-0.139392769761081	0.049937572895941
1.82513230176872	0.715356894962213
0.166311360817904	0.0418484681801843
-0.213639314943098	0.0690063709749365
0.180827598495961	0.112103652290339
-0.0436690341900857	0.0272132388007194
0.839592575295595	1.18285065865177
0.0396825805174957	0.0298322254125376
-0.371907040529135	0.400128748533362
-1.21805566688	1.94562744930133
-0.041162643214651	0.025664197322011
0.428701534877567	0.343183159559331
0.451502699772479	0.440227679678288
0.198303255923285	0.186289212482224
1.35111278488163	2.33412782738654
-0.0250877044801678	0.0187263604801076
-0.39930830257798	0.369739904790566
0.44251307960158	0.443314895419638
-0.275074962892028	0.198603180658884
0.485893891019693	0.334317692785895
-1.46754805589797	1.02342962111146
0.628615218312802	0.592590991201474
0.297989125138113	0.244012617218979
0.319500852151231	0.346670801781138
0.279541181072458	0.234224333610903
1.24762527477215	1.76557594379814
1.24012301337338	1.74971113169018
-0.00011289612396447	0.000136877915444905
0.211323418971112	0.165440967934779
0.579362662821604	0.463647787796566
0.000415780173502097	0.000198663327362644
0.740609909700552	0.62063601473784
-0.175751920667521	0.116787945274063
-0.063963774017314	0.0387937511522818
-0.637802026993039	0.615694506089736
1.57992045334802	2.20008791463901
-0.280624732227328	0.203219198134414
0.0248207049028837	0.0174464610914577
1.11261312766171	0.851063682568109
0.452621335973417	0.348614657666963
0.329013634095293	0.229136420087062
0.429126148190482	0.45224798003339
0.303037838255101	0.239780054665869
1.10897502534031	1.51507134789292
0.904342322258014	1.23416535289907
0.329194018250364	0.215768812325076
0.731851110032373	0.83030766218692
0.37748707521548	0.33225819914109
1.01581574920416	1.21747628409183
0.819682661836274	0.895019195943163
0.347011802906995	0.194784316716091
-0.0928388997867	0.0544348150344482
-0.591518913124159	0.480718847259959
0.625780066422761	0.478696562590928
-0.414414034948066	0.353839369458926
0.654562534872098	0.467271308106437
-0.855910340379656	0.850613981447378
0.797025042092142	0.479706750441005
-1.46468601789433	1.01947975659584
-0.213374375152339	0.137894493093535
-0.44843515239711	0.29790095157456
0.85212875110362	0.778041755711712
-0.0670036229007828	0.0406631759983152
0.0105748478019719	0.00535241823504959
0.166964099755602	0.0893795551116704
0.461069560615845	0.335751854711941
0.0237140294700526	0.0166694491261647
0.0123281457646259	0.00832007507251227
0.0526638107966527	0.0308997756191739
-0.180105091386297	0.119911338686195
0.00446423723117171	0.00234703495867332
-1.81472218726632	0.739418880999967
-0.384987521470396	0.21741472090556
1.90606232057413	1.64942201451025
-0.137517465152228	0.0777213533155993
-0.585513175875826	0.474167369466445
-1.28496090341798	1.73500946331394
0.183449691654925	0.126096500011102
-0.372037762040676	0.254692901148687
0.847175914901394	1.00157293799415
-1.54391282162948	1.48715786458106
-0.12511853955157	0.0704782514852801
0.187670792991272	0.129211550365251
0.550755262102455	0.321046209598621
1.33212445527916	0.583441346223377
0.562436700500839	0.473526209852435
0.305359248268132	0.231980453683706
0.331306475928934	0.217211824356551
0.180337517129156	0.111837213292487
0.998121123609577	1.09881940548067
2.12971164735364	1.49152693402379
0.366241448531529	0.185594854023855
0.536744366771097	0.193088449881595
0.699234122207819	0.328434970140095
-0.143034785337113	0.0511857384265564
0.326369359524703	0.213488549761908
-0.257083050167932	0.160544381551082
0.165257970383228	0.0957172007048046
0.905349383321622	0.489987361729791
-0.280725057320747	0.203337553041223
0.701605110174858	0.329666382886673
0.48504468853948	0.333717207006674
0.663313310264972	0.475027949187418
1.41679834202579	1.76923453532892
0.154304804183893	0.0592230318132772
0.869907456075884	0.647258035903103
0.92427795087103	0.808536801434639
1.96764678321232	1.23302371406642
0.437072360247245	0.334169954210013
0.970494784872868	1.19308980747879
0.293328073033085	0.230769536572035
0.604725571899562	0.316601099959402
-0.302654775386195	0.139077492237227
0.90846769056849	0.492192108055639
-0.380545976377198	0.298747229839227
0.318632603059139	0.220759094273384
-0.329751403110194	0.233788105787176
0.171283975960762	0.0918489000631284
0.587999366784219	0.472940202446193
0.485431441224275	0.333625895000472
0.32909936898265	0.200355576107856
1.11310260765433	0.852724416448577
0.00471112111822791	0.00248957858683946
0.337386271975734	0.206042870404952
-0.0825820213811485	0.0594497686708837
0.0815971505453251	0.053302787259614
0.00633028171590935	0.00324363616366956
-0.604580021003204	0.290315004313803
0.193082592956874	0.139117611937638
-1.46505245995751	1.01974495453804
-0.526690872533921	0.332436660802704
0.33466862675289	0.204295850783852
0.961155938207088	0.654902874597705
0.328174346930502	0.214833984520558
-1.33574946360845	1.10547577225222
2.12377595625849	0.953322582031882
0.512628644760708	0.327016438216582
0.204885745395392	0.142242456994315
0.79963859924263	0.637341352887717
0.157402307591701	0.047080036463379
1.04640087890442	0.397464840971431
0.460117505724027	0.334990621704144
0.00494277679160172	0.00258272010339697
0.612327537343376	0.321787914933952
2.1244504337776	0.953787688048285
0.157150948993736	0.0469889516170941
0.456664413504253	0.183959946353038
0.952312839774606	0.25302018984475
0.170597157616308	0.0428000407476464
0.155986207086685	0.0292416787556187
0.537164857593467	0.193341885349058
-1.15860003683574	0.647540210755094
0.184810835337983	0.114748389118561
0.778298386550993	0.958592234660107
0.637912999905589	0.698770384652025
-0.147379947896521	0.113306200715451
-0.265381029606645	0.166301055937188
0.189072532489473	0.135899842059461
0.372828293348259	0.338922249972715
0.434407613798208	0.331607350321219
-0.134317616148727	0.105137425004946
-0.372803614221977	0.322405691754064
0.192504448800447	0.132928018567688
0.0374921453130374	0.0205401448489876
0.353327511396497	0.198536192185063
-0.281413127210126	0.203887862597176
0.15601019233082	0.0676500489723904
0.0544395099796394	0.0319171388483121
0.0371446731022961	0.0203802254635597
-0.500523700514709	0.458002538471851
0.631448914876129	0.689141844111086
1.33715899200746	1.57694368556696
0.625300357647978	0.478237432744707
0.919266490833582	0.801827068568294
1.2463480102808	1.37933615821247
0.155870099041693	0.0757170984598047
0.294559870028765	0.240714671471645
0.0992551459905228	0.0680503765595802
-0.653209963301526	0.388456276920015
0.0797533949395332	0.0520821249637343
0.337163254399566	0.205874507585689
-0.8536395734419	0.847595382074872
-0.26284919286294	0.164577975176157
1.13539589052267	1.03092730463424
0.364329861659431	0.184393826458319
0.407182757584879	0.184627393775162
1.25985627287326	1.24639682040926
0.465359850159314	0.441876162166708
-0.0929141160996513	0.0544912116920882
-0.372553106915458	0.291262959991359
0.314416839683118	0.229248661349801
-1.08138771237628	0.737353433429825
0.485431441224275	0.333625895000472
-0.0574333790978502	0.0250288442631081
0.794602956367749	0.631983150752022
0.314652981901463	0.217703734112573
-0.759833214909374	0.329941726361722
0.335336616010571	0.220215228558746
0.16758667639068	0.0898301461876026
-0.764086062426498	0.332088631279259
-0.443913192532202	0.294224970587781
-0.483798169221866	0.253628595909863
0.398769864448762	0.180340970883948
0.0263435112021499	0.0145435509006703
0.524271232601456	0.336521568611023
0.173732016820422	0.100833844785781
-1.24392239747102	1.16243100285535
-0.0983497166595668	0.0389984690848497
-0.390286637919128	0.162633263694202
0.1629755709943	0.0872877823404622
-0.888858728486649	0.738706363613377
-0.0930720986797624	0.0369360906603901
-0.765515759329518	0.332754315995392
-0.348465736253515	0.100232718134072
-0.369131594478029	0.288006179493125
0.18994658230981	0.124878694718004
0.163882373324719	0.087798365463366
0.477684148357696	0.327108876722408
0.66810092501896	0.611173335022864
1.10064872867582	1.40133645381305
2.15010154050928	2.22835226201961
0.868858904030069	0.64679822532314
1.04363128297175	0.39626638096639
0.398245927079875	0.180283113216
0.167507405081546	0.0897417403650781
0.83246828527252	0.351295484441392
0.319900442878862	0.221787001587084
0.139720241067073	0.0537368770013357
2.35878846447229	1.18271409533286
1.04144562491045	0.395430985542635
1.04211818703896	0.395589048045566
1.57707239517513	0.785486052282392
1.08718097152857	0.670201720836694
1.03726682551177	0.393413878893899
1.0730596360584	0.520789978284565
-0.306158679366283	0.1407209567511
1.463195843148	0.915846282072091
1.78570812118171	1.00032620303332
-0.142207514098902	0.0509041851864348
1.10528550265061	1.50716280053939
0.609027586717394	0.319292353990383
0.723527971504351	0.480546834652957
0.661487399404827	0.473804998695905
1.46342291014202	0.91711123927256
0.171143180845344	0.0993428860484538
1.00515498081703	0.828901436761196
-0.478702618324483	0.250705946401265
-0.171620071319402	0.113739933867435
0.713650043845684	0.471773023202138
0.53014538954522	0.461115305494746
0.31943667952232	0.208490188464925
-0.020495988324213	0.00967683786201957
-0.176387814064915	0.0945395916064732
-1.46707224427105	1.02281649202082
-0.0601849172190051	0.0364874758390988
-0.089924131140392	0.0357342992772802
-0.45397601060082	0.302282566913033
0.728613003699104	0.484328665122949
0.615427247930772	0.468547523797322
0.161782158512576	0.0785511543503289
-0.0612214772544309	0.0266406247154452
-0.177595641205418	0.0951408144016969
-0.783932851986091	0.426978776918509
0.699467168332708	0.614663585637016
0.66597117114657	0.478217269819258
1.77440681259188	1.39081644872631
0.0349061282894516	0.0191650176650831
1.26072509840112	0.879538930859097
0.551791365423109	0.321165773438845
2.11569294390872	0.9486068887636
0.028561470894949	0.0157226988333327
-0.264962920326605	0.166027766187338
0.698394477481123	0.327670289397726
-0.670675956597411	0.470463859987346
0.162591956272546	0.0790245418919673
-0.535631932499435	0.339451950158123
-1.08988495806943	0.745844392822889
0.172831316736063	0.100281679294159
0.460681915001273	0.335098346059151
-0.136627089444932	0.0771985969775721
0.798209372342626	0.635755890430771
0.347341497349241	0.194881617555347
0.32914191002534	0.20038808039218
1.0452306767165	0.396944800699935
0.173530750601275	0.0434258550533535
0.166691919569473	0.0419536988970269
0.703146601876222	0.330393428520152
1.45707753244512	0.483282553765983
0.670977551868057	0.213013404742869
0.947097253557627	0.251590606337117
0.153526628680235	0.0288819285189665
0.948535538575274	0.252058145640786
0.94807088907188	0.251931335472786
0.397966118148372	0.180143231410491
1.07212733993591	0.519611828204316
0.94807088907188	0.251931335472786
0.156964116509175	0.0602446032592551
1.08787925637582	0.669354883170469
0.515258573778224	0.329531007895081
1.13868984088654	1.16819761580365
0.540046929020725	0.567188056019573
0.656662432193778	0.597327900309165
0.753000574444316	0.738837322191462
0.185874633095538	0.127909201498076
-1.3360639849645	1.70814623748417
-0.104632388018804	0.0741857815809194
0.742070805702395	0.621748613333961
1.00322445712642	0.826199504217644
-0.779008386434244	0.596553521079898
-0.318060459898152	0.190504303443252
-0.0140518477902962	0.00674805953962364
0.553941139725556	0.323046817377003
-0.0916944454021053	0.0646185275346713
0.572260405685109	0.569609280036374
0.364512067221296	0.184557292478092
0.401103036482019	0.181549511392063
-0.127835434117593	0.072090392689945
1.06484160446129	1.13609402395324
0.329562126968814	0.215914969991484
0.438972109217478	0.335880557049761
-0.131992032605841	0.10319336882705
0.307090598474481	0.22306468172068
-0.234715898438359	0.117329453309105
0.173260544075576	0.107144573372846
-0.383002670224057	0.263437844916248
3.64344866576085	4.13511741118009
1.08851564938253	0.671026830322587
0.713905706992623	0.471800109914215
0.726027284462309	0.482209661838924
0.699562061063962	0.614881152986416
1.15897761594913	1.32395301320499
0.662433752169924	0.474738461736935
0.489163191207053	0.337131627839517
0.279198929266735	0.249132828472039
0.161545423180964	0.0865259451085375
0.891963160850223	1.03299646101702
0.960558125181611	0.655286057517716
0.334715629415846	0.204380219903338
-0.453091711803697	0.301505838263103
-0.564348562193808	0.410289133413025
0.152830907934869	0.0662551558130761
0.664834926845448	0.477044452580265
-2.53000566454697	2.64293275786515
1.00635129666445	0.82961245120439
-1.08800349777807	0.742758909202584
0.538048433874349	0.193628092206213
-0.391503854848713	0.162948863670941
0.802227285236517	0.639788673578372
1.08588102915315	0.668334254833898
-0.683425615713866	0.543139078873317
-0.0896410105767752	0.0356287695912577
0.158494195683153	0.0538070339427527
-1.32855213576509	1.09578103302925
-1.08089007368256	1.03609418572493
-1.02378297362838	0.815429939481801
-0.321276860730414	0.192504334053842
-1.02966625694627	0.821787830728498
1.24732750903823	1.2296049079198
0.674079709901257	0.214036050556618
-0.302848452401005	0.138967568191301
-0.40020641571142	0.227141910359665
-0.571894142909535	0.417177560669764
0.307988489845321	0.223826382430564
0.300133984814365	0.246126725153955
-0.131684075264352	0.0742614637712257
-0.405984517489073	0.344913142888892
0.657124457414768	0.598019722828983
-0.0253385445847535	0.0118844600898689
0.547276910761217	0.318237424337754
0.0353280662191771	0.0193679422108843
0.544587499110611	0.316511905229806
1.06795776597357	0.517462167643025
0.34127692861774	0.19105772316262
-1.31963812965131	0.826804953445778
1.46113776230573	0.913583950883466
0.793977048401979	0.477049956261738
0.795585025292915	0.478295042224606
1.33769715960399	0.586940811923239
0.537822771634915	0.193597818709898
0.69449160272101	0.325776198168538
2.11755227768938	0.949827655288359
0.345106152124818	0.193438997157796
0.15243762427523	0.0585046911358224
1.97415875021918	1.23883949170921
1.13189852552593	1.0253014721319
0.461830384024737	0.336561175827784
0.745092412067447	0.625427387257888
0.909728036298057	0.49276592555916
0.451633653248067	0.181704491616
0.721692966985961	0.478236614583384
0.0114680342432415	0.00577170279768789
0.348957987867346	0.195716019181584
-1.81015999868586	2.09290438199748
1.08438165276517	0.667642799061219
1.1175247104858	0.857655794567681
-0.146252414230362	0.0523425133241546
0.48776435132286	0.335625733856641
0.618155953738653	0.471015661811022
1.00292573768257	0.826513468542655
0.153346259668653	0.0665568980336983
-0.538602829217946	0.341589162399904
1.6228475030729	1.13961510218736
-1.32416116198758	0.830585068969409
0.00585737463543363	0.00301042595896797
0.155663439658243	0.0597820370134089
0.397961322623372	0.179920072195054
-0.534088016364328	0.338411636146483
0.716135451313448	0.473721098249925
-2.01845863087638	2.11777472585039
0.156520329548036	0.0531599520761793
-0.764679257511663	0.332374029322147
-1.6662582285092	0.939737745705479
0.89849210844448	0.919612595758002
1.53910122407962	1.32862284330812
0.66440218545744	0.476619692240927
-0.491409274260372	0.258682378962792
1.34107694323885	0.588353487621993
-0.395482543189199	0.224039549024308
-0.211803100213447	0.0684440141233586
-0.486776473537787	0.25588967394822
-0.213374375152339	0.137894493093535
-0.395785097412667	0.224424535854744
-0.49587198025338	0.372893188513336
2.42467047683517	2.08650591455559
0.448509312781123	0.18044688496929
0.155846546513865	0.059824112236972
-0.01780417212854	0.00844551474063123
0.327211037953483	0.214081902048979
0.459609302503155	0.334648306438678
-0.0704438848128939	0.0427771354839474
0.925528492932686	0.809349748241815
1.34085556860038	0.588476795145047
-1.79827400712943	0.382942964938875
-0.0499647003777494	0.021861406209612
1.45868047865843	0.484047550536175
0.153526628680235	0.0288819285189665
-2.63635294558353	1.61845470868518
-1.51508549869365	0.540440174431714
0.152289864541204	0.0287035071443224
-1.51084659522504	0.538498609405326
0.83246828527252	0.351295484441392
0.616653060362893	0.324337514555528
1.78428953089973	0.998304742420709
0.151876172846442	0.0582912127370879
0.670812914089499	0.212854749205772
0.454659855820964	0.183125643414665
0.451561747851891	0.181798049341144
0.53105878825566	0.462663071159034
0.297141146268647	0.243223811808577
-0.14664243878552	0.0997880399898313
0.314383525440704	0.229169535369259
0.0123281457646259	0.00832007507251227
-0.859621772317873	0.855849705218713
0.101616714608234	0.0723786133909115
1.0253199046863	1.23455671463418
-0.445362940051492	0.295349990300855
-0.234839854870507	0.172686643035753
1.40583768710872	1.09611922044124
-1.3298661013844	1.32382130102729
0.296184218926711	0.233462895741306
-0.449576707753519	0.414843776613398
0.813909341700042	0.886786910827999
0.701787712435151	0.329614533565531
-0.0248884626540009	0.0116849837626195
2.080661951174	2.63042607903778
-0.101665815668753	0.0597361931904784
0.437728375576164	0.334396402356025
0.181736962595815	0.119076557212934
-0.851513314342632	0.909930241154487
1.12725835770928	1.01904276773206
0.307846248221594	0.22374418992046
0.0330988173101854	0.0181822049317457
0.0831623173285016	0.0543703045146601
0.651678658341342	0.591420149073608
0.184912694930062	0.121412720054491
0.162946078675378	0.0872757843694174
0.163420372366361	0.079474988959915
1.09267262015175	0.673981135771002
-0.868782568409931	0.797181215251248
0.123909688824225	0.100778818743939
1.25224236067432	0.869691185209585
-0.0734751224882702	0.0446359909417668
0.174564785084125	0.114081900566757
0.0547916075366937	0.0321462316667971
0.624458891881527	0.58736377396771
0.699207753735262	0.61399464653019
0.405138535948164	0.349259340605185
0.304446220513659	0.241023624920055
0.666449764222692	0.478022914887991
0.295052817509217	0.258041158424906
0.602383554967805	0.585454274620822
-0.170237587372661	0.142773911001111
0.168134247980765	0.0900521305383625
0.164289343252686	0.0880329446407165
0.661487399404827	0.473804998695905
-0.328519667601776	0.197550487837339
0.668421111860035	0.479909644266528
1.11230373020903	0.85130950300673
0.0470123087686938	0.027599513766608
0.549074707523348	0.319565516316007
0.319916140666709	0.221917018071573
1.27716680760934	0.705528876302064
0.620440388758422	0.326701283064102
0.634856132914934	0.600104305426446
0.330633061289509	0.20156500784608
2.53652160617279	2.38126909173271
1.46346282980804	0.916235740824979
-0.545545277985312	0.346961948517073
0.46230651766665	0.336994424532847
-0.670574953006734	0.470533725380602
-0.241781868647172	0.178482875886197
0.547852797499827	0.457885330356464
-2.06840706939649	0.94281622690595
1.33791767964906	0.586771553336556
1.57367200827059	0.783647118696297
-0.264341292292149	0.165587176132094
-0.666545583057571	0.467224272786586
-0.281930394746765	0.204334386095845
-0.644380477970751	0.701134520790762
-0.0486073764907511	0.0303141825554026
-0.778444834247278	0.729434555159651
0.874727837632569	0.652883339394154
0.444722589626311	0.34112316451365
1.37113373564618	1.27408996437549
0.0115151776970409	0.005796622763076
0.397966118148372	0.180143231410491
0.172028623630138	0.0997867303923177
-0.783972813797033	0.73630257704777
0.860767015766671	0.78913037672509
0.443119549038232	0.33945645046809
0.698637946443475	0.327891418746038
1.61971822512139	1.13544425380277
1.78895059387771	1.00248239746248
1.06420254374998	0.515159027898816
0.531842803938449	0.191317098366628
0.156835118177656	0.0532837121933901
1.03228337222835	0.979268903387515
1.28342354469657	0.709338048521518
0.188693956366014	0.117310872374497
0.801135746137702	0.483026797016329
0.872141702037749	0.649543860408433
-0.231627024370906	0.115746234814009
-0.293180325233037	0.1343404425284
-0.128847861129965	0.0726823893530293
0.16814853243979	0.0902131414074841
0.158140112403217	0.0768021272435503
0.700847468046424	0.616411202044469
0.507262258314102	0.323285310814825
-0.1479006917775	0.0529122719445307
0.72380288903066	0.480198151051334
0.656374404415837	0.469193965808235
0.966451815331608	0.959498955649978
0.146059659832369	0.0633727485300248
-0.977639522991112	0.483157433230723
0.458809044815707	0.333849616480657
-0.0149408650193332	0.00715104907095772
-1.33531688663754	1.1048948093809
0.486796180367909	0.334757246380206
-1.0902714381389	0.745499129225557
0.697273546754482	0.32704484516564
0.348683948685632	0.195719039311976
-0.662035470186684	0.463166395428774
0.188155666103809	0.123601082765304
0.668181122184088	0.480238636778681
-0.0181351704545948	0.00858312900193618
-0.34437786413669	0.0991240395491601
0.918380532265704	0.800611701100799
2.13703804346567	1.49856596468519
-0.479658898983094	0.251309020470923
-0.0969860863616227	0.0385039973994116
-0.299849433371449	0.137576243113834
0.144414295235527	0.0555080559417452
-0.392427347038685	0.222191946736064
-0.318135559733058	0.190553836773358
-1.66279602887419	2.07101541918018
0.1874584550239	0.116494598224294
0.0362341637843918	0.0198608799345463
1.27487073390842	0.703758085425054
-1.81500400399229	0.739710597985082
0.350374381231346	0.196847218318934
1.04170224709555	0.395339897652291
0.15951165226116	0.0541568637053404
0.154169004929053	0.0668513325863638
-2.577202278156	0.663064687208724
1.04388504434288	0.396330532362075
0.153247518839476	0.0288421886814327
-1.79835097978106	0.382953978270685
0.175948081455726	0.108865911166101
-0.787051865382154	0.521456820806999
0.0341733473626402	0.0187823537289896
-0.216897243043965	0.0700465211869778
0.833305179544	0.351716155875279
0.163453365813615	0.0554239857172599
0.595118166430048	0.680258183853091
1.72376101411502	2.3528375903413
-0.86007489007309	0.856972345589408
0.314416839683118	0.229248661349801
0.301414332704132	0.238300340252694
0.0157880100232418	0.0106301732680126
1.16671096077829	1.4534144830416
-0.266066735117853	0.166815431514322
0.586581173902738	0.471703526536737
0.0635742310944447	0.0394665668737781
0.514687937357873	0.328766955813172
0.666185995396412	0.477698265635105
-0.431566735626576	0.33214176526049
0.570966358424462	0.567656400495539
0.585806187712663	0.470915124331385
0.425037782722285	0.33979258561638
0.462347156964056	0.336763374095599
0.660756774233974	0.602613737559501
0.620743120960464	0.473474236073283
0.299223184690361	0.236260582159555
0.321588147200204	0.223269599216362
0.404516591469879	0.183248116649241
0.159014140561815	0.0772478358344828
0.0874834269897798	0.0596982029902126
0.198966460770319	0.143751245566946
1.33811799725607	1.57874043737562
0.42243075521572	0.337149568320824
0.903743422293457	0.488797786759354
1.25030451024762	1.0630206228521
0.289870815929801	0.236274570853214
-0.318194923938027	0.190653524232217
0.744564669243141	0.625331168373448
1.34767773764631	1.4289869731643
0.178343445789311	0.116655191567132
1.46897541151286	0.92143746231155
-1.03369015987998	0.826127491434373
0.507729794719219	0.322845921078516
0.185444283648818	0.127626697997054
0.155804053912806	0.0529139807056564
0.0296275228566565	0.016322546025962
0.44638594347275	0.34250121987538
-0.514764367071889	0.42466686165344
0.622687596909941	0.699747670958482
0.461473404420317	0.336200656513034
0.621863397497401	0.698615323312468
0.422054771770385	0.336823169777195
-0.0428448395240628	0.0267121007319677
0.163119050029721	0.0707950980516197
0.663169627018254	0.474688838601934
0.446155942307178	0.342596954238274
0.0933989612572389	0.0638897036540983
-0.483131419439849	0.253668373297234
-0.176043339458515	0.116986910960647
-0.420468970431519	0.321709608232782
0.579302219464274	0.463634099175586
-0.914558436815343	0.668631431216596
-0.671104394941408	0.470872874507577
0.324619171648713	0.212311861178163
0.900615738663385	0.486375910944395
-1.14403619458521	0.99500295641013
-0.793720517188737	0.526476882387953
-0.99822110083682	0.8980426722002
0.155109109614118	0.0752381399806905
-0.176397777125699	0.0945079690873259
1.54473395010864	1.33602266212579
-0.569732324773222	0.414951608531549
-1.03145893669202	0.824049968741665
0.152197255229832	0.0517209244129291
-1.33551146348775	1.33313170232185
-1.42543614183807	1.51598574843818
0.441423393563539	0.338194673722277
-1.3286947662323	0.835549117917812
0.480956595128448	0.330098392578211
2.3552515119248	1.18005513072976
-0.508194441200418	0.192016198412818
2.74958115752655	1.68817273084805
0.702557693919899	0.618453440113776
0.694830311615015	0.609213558208894
0.19879317773156	0.143675160883587
0.697014587616972	0.611747719409431
-0.39162981054844	0.22135585896964
-0.636019897756074	0.651948974873222
-0.77319248294859	0.509039072932658
0.171852591313684	0.0922644634047073
0.329819708196626	0.201016809621577
0.0349061282894516	0.0191650176650831
0.799036570821872	0.481923708702922
-0.235124444694221	0.117519309893651
-0.0218391027858842	0.0102897683093741
0.974502873213437	0.970874102234079
0.304647906944131	0.241271775575208
0.454005002004878	0.32942249590203
1.08969079029386	0.671048082565123
0.48636943631035	0.334361728802328
0.325979009619693	0.198404354216606
0.302607800503971	0.229614290443093
-0.230754985774465	0.115305364972777
0.171386153288988	0.0919946768473447
0.443685493520762	0.340147521615333
0.608198956003037	0.31912028546692
0.159163878709131	0.077200147821585
0.66999328440441	0.21269616854207
0.669826712236336	0.212585182521199
0.964540484520082	0.658343519682204
0.519404410210691	0.332467205671037
0.609861072107732	0.320276967492308
0.541906122649761	0.314708355829902
1.13210438263086	1.02521176110842
-0.781475261045454	0.425057103037386
-0.943227574247749	0.578686523924447
0.0465367902611648	0.0272914738365035
-0.484820138167528	0.254564251873345
-0.757474226410719	0.328606219985698
-0.396244716056634	0.224726284435398
-0.487522794054787	0.256097817510669
0.353334226258353	0.198468655103376
0.724265582434164	0.480602785061658
0.401910402644116	0.181983255731924
0.831444191290182	0.350763035812767
1.0086347733289	0.833079328429897
-0.0496724325136474	0.0217360100478768
0.0102947900046691	0.00521488283915872
-2.57775304544287	0.66318910114962
-0.322489277355043	0.193509299426762
0.156855166650073	0.0761245355399912
-0.178002989088953	0.0953613689265961
-0.479268524893574	0.251065664790282
0.399300603945175	0.180806812694749
-0.0591691663769915	0.0257625639736457
0.158759283748485	0.0769816372810777
-1.83626797470664	1.15754503658598
-0.215184417856504	0.0694920488130609
1.41203994902243	1.10298229686764
-0.267975597638943	0.168044469833532
0.92917812220302	0.8136779748579
-0.320231905313584	0.19203511477302
0.87271436142784	0.650679334541278
0.152289864541204	0.0287035071443224
1.01762955494187	0.843210368221591
0.153807926197237	0.0590287956660926
2.11636802963177	0.949071130565476
0.327760102929288	0.199399700002872
-0.0938208834110883	0.0372563802345169
-0.32574532629223	0.230423283900918
-0.535595957763464	0.339455411436825
-0.395929290838695	0.224333502379057
-0.784026546653611	0.601894588844028
0.589269920748643	0.474471758467911
0.364210030141716	0.184131419662779
0.947097253557627	0.251590606337117
0.165016003775978	0.0491834127411745
-0.214699527041316	0.0693626399041178
-0.211147146065051	0.0682441817050335
1.45612824040965	0.482835979244752
1.45769029797448	0.483533280097753
0.94807088907188	0.251931335472786
-0.513373075884444	0.194073691559119
-1.26720229454899	0.570065067114721
0.168899461317469	0.090586888047103
0.157427588300456	0.0763056463228225
0.162651564751599	0.078995757807609
3.6409027894866	1.43427384419709
1.82792138819967	0.716884894355695
0.153247222778868	0.0588212060537421
-0.0225237412104831	0.0105923533739111
0.154031576819463	0.0669079070540185
0.796307515941249	0.633181768633135
-0.666421584089292	0.466918405755635
-0.677568772787735	0.536397207494602
-0.662746463144571	0.463687236726135
-0.317502013353957	0.190190654009349
0.665357623947465	0.608138089525057
0.550459977880268	0.320149932178903
-0.174307226709304	0.0933769790706998
-0.536654329124528	0.339822241154059
0.0340674581546529	0.0187098334975356
0.194905863201427	0.134693167914657
0.870900838978089	0.648944064504342
0.797976919345696	0.479997651940264
1.40900743490775	1.09927004250098
1.71017470258065	2.3234200836721
-1.1389684327534	0.988959728476046
0.58573525820355	0.470866644348287
0.973353477864292	0.969103334414777
1.40417396290117	1.09314995954766
0.960280508692636	0.653867218850144
-0.889932091456539	0.739819217108622
-0.781371153968073	0.598630672020213
0.327728096821085	0.228058259290337
0.154586690928027	0.0750255374139504
-0.234852650206904	0.117545854217739
0.514248587283438	0.328399183464186
1.78886371497716	1.00252148854257
1.24959972533955	1.06176371230343
-3.42431595377948	3.66117491091733
-0.537296506170949	0.340458410505087
0.163149905636875	0.0486839149701593
0.168516733234456	0.0977424406540704
0.174361137591886	0.0936811228537822
0.616385281300382	0.469500550848539
-0.39354430467015	0.222967093966189
0.161134384170625	0.0700070388526745
-0.496885264553785	0.453794716664649
-0.0552156768103731	0.0240822064623439
0.184272669830968	0.120919732909979
0.33987931959358	0.207839623120266
-0.307597846640866	0.141455970968937
-0.257995522870282	0.161156796902036
-0.390019451285838	0.307570134668969
-0.49851710574168	0.37556523858206
0.805185605377004	0.873265371062046
0.745036212498762	0.625877110625874
0.325445572043255	0.198055310031765
0.189278319329186	0.130482112116346
-0.914401762176252	0.66907146116454
0.661137711132804	0.473554022763311
0.61947587868336	0.472405083409643
-1.47268876039435	1.02916668145969
0.731274821019685	0.486640585574928
0.173494966391561	0.0930744047015669
0.344745253901612	0.193123666127707
0.798416646348055	0.758006164049053
1.07562959364699	0.522094861817641
-1.67698182620154	0.950011789174946
0.51575373603275	0.329334429695506
0.147743362880974	0.0567523885010285
0.333997585493476	0.203973696962179
0.801993410063086	0.483755283869909
-0.0156622671463913	0.0074700568178024
-0.789739385598624	0.431206446836504
-0.648718417967707	0.385016276964136
0.610362975245427	0.32015557536002
-0.0607426106469735	0.0264362665344292
0.901420024742759	0.486968780814711
0.801512933620442	0.483383498577749
0.450971274207082	0.181590642900547
-0.725462519324565	0.249202983263282
-0.304817557367601	0.140068535580747
-0.231215909823876	0.115544901880927
-0.918081151332374	0.672987799772682
-0.9157736001624	0.671074930587336
-1.08549278808426	0.742458158203046
-0.385847116564711	0.160532229317468
-0.59882136533025	0.286684243260404
0.143634150479531	0.0623417797154167
2.57581430638615	1.43578805087418
0.312973312924866	0.216282396453719
-0.783450918039454	0.601896080824989
0.178666232255424	0.116928950346992
0.0602264753713345	0.0373720687234534
-0.0213014316258119	0.0100389591936076
0.155911237575542	0.0757202352631316
-1.31936609402332	0.825149034892596
-1.53803645180732	1.47992857549161
-0.102642069221888	0.0603393326649659
1.09530140683065	0.676259242178794
-1.08896770294836	0.744948549113189
0.166503953377541	0.0891125994887313
1.11696163632891	0.856001747131583
-0.322000729293021	0.193256916513608
0.169056541404668	0.0907237001262515
-0.017904093689823	0.00849935904106299
0.184837211843268	0.107799683330079
0.168855609864722	0.0978243392669481
0.512628644760708	0.327016438216582
1.09166241189073	0.672781747443608
1.40557086843569	1.09423683034786
0.162424476058477	0.0550903274876667
0.829794788231049	0.349939358922599
0.459600118576349	0.185199398776746
0.403775279342115	0.182904842307936
0.160489139338675	0.0479185611557889
2.11662288333808	0.949279701700066
-0.644269945093837	0.381745307527498
0.919749915821828	0.802628608324653
0.366896851963068	0.185684613305926
0.829163317967424	0.349753041955828
0.397961322623372	0.179920072195054
0.72397618745346	0.480863982457126
1.09216758950391	0.673489342914159
0.741973261706262	0.622047957734887
1.07305972081062	0.520625344193545
0.162400863971746	0.0409830958055786
-0.0975367921172222	0.0386896573988339
-0.10456607173004	0.0414419930205326
0.823420767914512	0.346879978044335
0.00831888932546103	0.00424238814661733
-0.484342440585466	0.254295160997527
0.151918171109466	0.0737653653826544
-0.0991627703647061	0.0392993176164485
0.909025853928532	0.492138895608826
0.47543852693482	0.325419325396959
-1.26782842660809	0.570441623693441
1.33997397403037	0.587819293274827
-0.299836093432332	0.137518309383042
-1.3289770426792	0.834537252011224
-1.15777996472637	0.646985468514697
1.58120860594568	0.788221097175882
-0.641657641010998	0.380132437727614
-0.208948057982482	0.0675224059794646
-0.214527945453891	0.0692825908233493
1.3417364351751	0.588970767000696
-0.513796133056416	0.194260787339886
0.692983197660139	0.325000538053033
0.965311894162283	0.659650502544985
0.449846097769576	0.180981984312599
1.0593479171215	0.512129874933131
0.376741513615139	0.191405706304957
0.447916426727801	0.180188481748788
0.161546088205671	0.0482379354240544
0.822575397223658	0.346486897413489
1.83551234736921	0.71983485470846
-0.981630149030384	0.486522098362356
0.161787544386438	0.0408470066516523
0.160803134128977	0.0406203249121647
3.27324005671214	1.12461219872356
1.45575253921811	0.48289648887464
-0.785228526241348	0.428340726996774
-0.322648722290514	0.193555895805599
0.795472043605654	0.631518248729808
0.690223985718919	0.323168732464495
0.156203958783437	0.0530790256711765
1.82480922054022	0.715302875396814
0.697080049907367	0.327185030261549
1.45575253921811	0.48289648887464
1.25537506406174	1.24093507088495
0.956964131479002	0.652191815470473
1.463195843148	0.915846282072091
0.613838303678959	0.322548332275997
-0.237436870521847	0.118846941321672
-0.98728635411547	1.16817458336928
-0.895631649259061	0.746986439017264
-0.954688758958732	0.933435256821138
0.648521972768718	0.617199553018759
-0.840141430600773	0.952709309141427
0.289052015510309	0.243831406608913
-0.0518860650772552	0.0226643289873338
0.181246250895047	0.124440793772356
0.166964099755602	0.0893795551116704
0.485893891019693	0.334317692785895
0.357755623565122	0.20154946184075
2.13030060500489	1.49039360271291
1.07071467969068	0.518997529832834
-0.482842465725613	0.253498933583462
-0.538721139062122	0.341672238378043
0.799515429188397	0.482251955575227
1.61987167180937	1.1356609998641
1.07540687291938	0.521782076117305
0.513212048956573	0.327898971811125
0.559735860242626	0.470536680729515
1.02583140674534	1.23560310224862
-0.0196865865158905	0.00931319393397332
-0.942598173753073	0.577326671327305
1.46422079841762	0.917876412481478
0.406349121852248	0.184292333038823
-0.666143750017521	0.466435753242182
-0.509894731712641	0.468833449757843
-1.13922657901898	0.989527603103585
1.77455142528508	1.3928117529246
0.559161183152576	0.326955978407801
0.795027518952135	0.47870101455303
0.177894648408625	0.103384495660286
0.800384621116606	0.760799965030928
-0.0544799652702283	0.0237648388470658
0.365553569541729	0.184922254900027
1.35421817604874	1.44001026878647
2.41380989203547	2.07176976182802
-0.0902881738638359	0.0529090215275877
0.156403408531497	0.0531349651823521
1.08769068808756	0.668934044919612
0.335824676185046	0.205166583860177
0.664681512408647	0.47641618048079
-1.08947184319002	0.746191517266727
-0.17819689330318	0.0954684169561931
-0.103911822437203	0.061066035977433
0.559889759344141	0.470581086647882
0.190789959806075	0.131627963797266
-0.571399337265388	0.416675004691761
1.06322370049809	1.13412874255295
-0.426518981961167	0.327505981062017
0.18016752733903	0.104770111553997
-0.022199545390665	0.0104517157191169
0.355514582161881	0.200009854012953
0.455187878510213	0.330710431346757
-0.598032683841448	0.286535092952157
0.555682581048294	0.32424040392174
1.10057670220366	0.680816560767483
-0.0611357357480462	0.0266001338163123
-0.142261970379491	0.0509595784549565
0.827899644715454	0.348991104972789
1.09214807450527	0.67421483956483
0.092349847871737	0.0631461663508175
0.00542252412699486	0.00281888136307994
0.558624043276308	0.469488813327878
-0.48043556215025	0.251599107605159
0.923689345535065	0.80686899643172
0.794475157760573	0.478307038545801
0.397678733207803	0.17998334411252
0.904821035607461	0.489623205949878
1.28131624516201	0.70816927456368
-0.76149525509435	0.330739131941591
0.373692971322895	0.189631254672726
-0.130600702458369	0.0737092450211889
-1.74424305083492	2.28221726058206
-0.526113903911883	0.436869184244592
-0.179782489323181	0.0964596202923577
-0.988370603932843	0.490744000253195
0.825231183436736	0.347733965292547
0.154013634311518	0.06687398354569
0.00970001301630288	0.00490146010671288
-0.0524360537364163	0.0229122092230065
0.165723142006837	0.0805477705864705
0.660432279917854	0.472149531100408
0.170240410003313	0.0913236356390131
-0.147668894003962	0.0528350865223225
-1.16352038394349	0.652323882842584
0.397687058200255	0.179960302322032
-0.488081516633121	0.365822136468178
0.803147907601738	0.640485798812994
1.08174706068614	0.665125707435234
1.11517745291194	0.854091254858432
0.906062354920098	0.490187040267746
-0.778445653652735	0.423637788831289
1.7692318511677	1.38481848005701
0.454659855820964	0.183125643414665
0.623068693747802	0.476244840269817
0.605378246035281	0.317270854717483
0.69919774718211	0.328177033610307
0.929126653238629	0.813904443282531
0.829794788231049	0.349939358922599
1.04051558933761	0.395002404087772
0.458419058509253	0.184754460876737
1.97158087887346	1.23709625500591
0.400633730768397	0.181409700667099
1.08999102356629	0.672141535752961
1.01310557426734	0.838453386724742
0.794646443867503	0.478323464677085
1.33747596774169	0.586553301943319
1.79026982458503	1.00340660103647
0.532908190209257	0.191706726261354
-0.479426911299153	0.251383955632356
-0.655364514388883	0.456764066513157
-0.973210630146806	0.480722158230202
0.697879958145419	0.327676983136305
-1.51364953741781	0.539764698603452
4.38586606203004	2.28952452682917
0.609358587176311	0.319987227454737
0.15566119641323	0.0528907668896057
-0.975143708565975	0.481983361314072
-0.138675347926494	0.0496546660168956
-0.789585693889911	0.430819660512385
0.360484542112555	0.182160055043975
-3.08209765998152	0.963916510480773
-0.0938557923535071	0.03728954480435
1.33098981300592	0.58294525750487
0.15485917632278	0.0594583673157358
1.04144562491045	0.395430985542635
1.09465980918927	0.675457460775333
1.62568892725585	1.14186047068348
-0.213407527517472	0.0689186426519193
1.4851430274768	1.50255853595453
0.0101306976851712	0.00511287892370721
0.557524738939963	0.325417645749035
-0.635791414040505	0.375493116322394
-0.604333794260515	0.289911902876348
-0.213639314943098	0.0690063709749365
0.148799816130941	0.0571605520346205
-0.605103385127037	0.290576136036558
-0.599349519704877	0.286975417875332
0.604546291252668	0.316700483225636
-1.0299249000338	0.822155853078567
0.370739044761954	0.188153153470951
0.406377452037962	0.184222958311821
0.157161317344217	0.0682610307841026
0.164573494040401	0.0881094809511527
1.08552152538655	0.668332703040949
0.904272669380904	0.488996000711757
1.90808532466206	1.65440614503101
1.46790942357864	0.920489792523472
-0.486565050064821	0.255503398290211
-0.0200467295846553	0.00947095800798871
-0.497935529266098	0.454678810391787
0.619846360959438	0.472518420220113
0.748604478451385	0.732891921698626
0.801742473986879	0.762804202570064
0.0969271071392869	0.0688516070844229
-0.367153716453655	0.34389996579479
0.909298383653948	0.492390033550039
0.961987684441846	0.95359986711992
-0.063219321962776	0.0383357056287578
1.08736372285734	0.669877906927709
0.796736026523064	0.633360990806889
-0.984948931345	0.88016464999448
0.181075145943646	0.105432334879462
1.08239210182266	0.665784412435302
1.0149719935409	0.840789581916549
0.794834291287647	0.477766178187077
1.12958149045453	1.02357287471437
0.510498606615704	0.325655430111179
0.830619967524104	0.350375616463859
0.791491871842761	0.475575940755142
1.27852207160046	0.706351485148668
0.619988499873703	0.47315462591889
0.353334226258353	0.198468655103376
1.24815267074476	0.866604431445234
0.511757792951866	0.562619299599377
0.606766849730184	0.675896134815876
0.32558226413782	0.213050883947269
0.612853504689085	0.321608885974161
0.362596733901538	0.183432478704119
-0.270992257536689	0.170162085102905
0.198198070351138	0.137219930638945
-0.019029765803609	0.0121477855279891
0.295724608625766	0.250479219264538
-0.395468852084961	0.22394084309976
0.669323694324583	0.480778676613506
0.511413700223652	0.326485193152141
4.38912958067695	2.2918344760509
0.743741265842723	0.623726695478004
2.90605302294391	1.96532573720851
1.09447613454972	0.675468834876315
-0.0902881738638359	0.0529090215275877
0.180865151699381	0.112060520889747
-0.643845272341575	0.38129853041488
0.964022737191745	0.65878595734656
1.39344195132669	1.0807094386679
0.299174113701539	0.226302152249003
0.396639417097598	0.353278999367218
0.498176628811876	0.464384251305736
-0.453144613099485	0.50974741823965
0.29784965465431	0.225378977508679
0.907941184459732	0.49182850802905
0.918792694440313	0.801181506497948
0.720164188069334	0.477841169968528
-0.0537825465256815	0.0234854498816434
0.185574248048846	0.115294107019377
-1.16275930294306	0.651260975396066
0.453838875551382	0.182772785031551
2.12289257784939	1.48240038505544
1.58443678070339	0.789858782495723
0.453485970641888	0.349302194477718
0.164758006067862	0.0883028533704744
0.787213937140623	0.472475256586805
0.661920604312802	0.474123177234848
0.451038007299901	0.181503296233176
0.87934656558488	0.65703779864202
-0.770347870030135	0.33545753227034
-0.652752418410189	0.388107380356158
-1.48440303491383	0.750386682136879
-1.32400877434371	0.830273138031267
-0.53472584583608	0.338814323781875
1.90910653488432	1.65503079599581
0.171086047704402	0.111606715524795
-0.710242086344952	0.771455398575897
-0.569162190135364	0.414859286644704
2.04000370270766	1.94681764995187
0.340901999495591	0.208719334204805
0.722635582065816	0.479789639564725
-0.595940693402353	0.285380619141274
-0.597009861333974	0.285789886368716
0.61532213315413	0.323435516525007
0.158481035961899	0.0538108848974011
0.404766369449656	0.183328709818888
-0.214527945453891	0.0692825908233493
0.347788152485456	0.195171567348486
1.06338591920983	0.51456019585082
0.0474776096325946	0.0357848403942189
-0.11863099396172	0.0823102934939616
0.180759788280365	0.105136980701237
0.0167725378855367	0.00841881346268372
0.828984487885033	0.349649892574788
-0.635791414040505	0.375493116322394
2.11755227768938	0.949827655288359
-1.48949407634716	0.753988442377999
-2.22500784982855	1.86269495111955
-0.385001220355898	0.21738404817357
-0.511312418026602	0.193302575730068
0.361117174042139	0.182605271895531
0.477256409339678	0.326780283254392
0.721692966985961	0.478236614583384
1.77610808189371	1.39311430723832
0.698192053372054	0.327702461398804
0.332729609713885	0.202720941359647
0.804970250504902	0.642440848047174
1.46346282980804	0.916235740824979
0.870348139960992	0.647667226581935
2.35878846447229	1.18271409533286
-1.28116835113494	0.57833483780398
1.04455801006536	0.39678683304154
-1.03091489329319	0.409127661825582
1.10906519892579	0.846490718190047
-0.221816427469634	0.0715497660587192
1.06420254374998	0.515159027898816
-4.01104939664788	1.74293659574184
1.25465156290192	0.872947721641676
-4.21787444086407	1.98205533408971
-0.489579189561454	0.257589001860702
-2.57747759965585	0.66335545132302
0.165318598359952	0.0416114067368304
3.93039364694432	1.72557827049993
-0.599370146411956	0.287180389957063
-0.794363768024142	0.527511767423274
0.455025575438864	0.183293312831413
-0.34780711222598	0.100028606261835
0.158323275965016	0.0473326847049123
2.35437517729417	1.17946016121425
-0.719194825953782	0.246846541949292
0.166084152255821	0.0418055330790301
0.53650666226299	0.193022853279719
1.58506560553465	0.790639231403957
1.13313523127452	1.02884558728323
0.358898841645648	0.18139932451669
-0.0647952318317822	0.0393103040531072
-0.23439286476638	0.117310538108433
0.20088636832624	0.151036934753012
-0.139603071448538	0.078981247302029
-0.602463803062781	0.288842128014756
-0.781145617065963	0.424819708439707
-0.180919753354537	0.120506222139289
0.314055382915914	0.228853641469378
-0.0952128771307697	0.0558399518124884
1.09219550464134	0.672660431925089
0.807468312024448	0.769986420805572
0.369199247203358	0.187071874175325
0.361672846058163	0.182964121855738
0.694177179136852	0.32552965673473
0.710649283875139	0.469496781135059
2.27435131679592	1.76479405853687
0.508883053915477	0.324281057721118
1.09267262015175	0.673981135771002
-0.519750069619239	0.196813590651588
-0.646996570837413	0.38404757055699
0.208635717334488	0.178883571346002
-0.898991654209101	0.750628344906504
-0.701693707152641	0.667915955267863
-0.225839245220566	0.11264300742787
-0.0929271754401696	0.0544954977828606
-0.495823518536295	0.45201439162414
-0.263992390462614	0.16524839471514
0.801385894094688	0.639230424688263
1.2653679665023	0.88363221881467
0.663928431006514	0.4761373841315
0.867508615797307	0.645254166477561
0.793604793259295	0.476606569677838
0.368339215543365	0.186545833386303
0.507432029473735	0.323303434309985
-0.592022200822732	0.481213537592463
-1.15937081626947	0.648686418184352
2.74735937018741	1.68549792992692
1.49384216194888	1.51781742048177
0.453358879526006	0.182597486635333
2.12585361706926	1.48485638726421
0.15800487272571	0.0685225550067366
-0.786961588278445	0.429105349763274
2.28249528587426	1.77671316632892
1.12867740405114	1.02214395746913
1.25376605205045	1.066111641036
0.401886455512576	0.181789379221341
1.35561156807627	1.44105858606166
0.904017602064035	0.48904943535585
0.053460169497257	0.0403926345859154
-0.539038501242957	0.341920996277963
-0.780252777392286	0.731601893818709
1.09297568645706	0.67494580177063
-0.143034785337113	0.0511857384265564
0.395360119557451	0.17875669532558
-0.942428173920352	0.577930776580369
1.77847462868568	0.994002148331385
0.171468041735988	0.105913402133745
-0.0341890841444825	0.0251810622930561
-0.596753861987674	0.285734787923474
1.1263875551137	1.01925552055746
0.603086204638765	0.315871649898517
0.397429413485127	0.179636113008884
0.315022164412652	0.217938443325556
1.24073986539761	1.05074783159036
1.10919783494144	0.848132926068094
-1.14117202114568	0.992096330105533
-0.643390830329317	0.381285349849095
0.546494501778126	0.456366774239735
0.829988921889609	0.350189547890131
0.156393196257714	0.075897579689069
1.25635904617729	0.87494486167539
0.349855943325855	0.196268345604065
-0.790238565760817	0.431560255443424
-0.57155261674959	0.416838694604771
0.556540827770155	0.325062318165904
-0.302515588736306	0.138831168276516
0.396975797830647	0.17955145504925
-0.31845160407143	0.224571898903343
-0.487084224337862	0.364917878537092
0.517452804730645	0.447254272290805
0.545807674117511	0.57509978356741
0.421736963410474	0.336501735261901
0.725600337098367	0.481731912986945
0.183293529569703	0.120188566593627
-0.388197675575098	0.161522746371051
1.82382554957858	0.714761900200066
0.154428928145662	0.0593013907624846
-0.603569776832878	0.289530217732636
0.0698075997972839	0.0454395531882022
-0.646906107072376	0.38355058328655
-0.0533041266458526	0.0232798428876188
0.0139250865817223	0.00698669519950752
-0.145660451905249	0.0521326844593336
0.155663439658243	0.0597820370134089
1.79395236191938	1.0061280392833
-0.302344719394741	0.138712457398006
-0.088867619302192	0.0353213087974956
-0.0907353641242552	0.036034670584998
0.15551941191397	0.0754565893022232
0.304085763287999	0.220455145608656
0.180422140410147	0.111850350046852
-0.0974839010558463	0.0572108984166956
0.177182738153675	0.0951944603546831
0.1610199034277	0.0860956596948817
1.26083255471078	0.879640552221012
0.515236796875892	0.329475784455993
0.607876415456029	0.3188396909465
0.902410277792343	0.487768363786968
0.349407025804602	0.19599967132145
0.168153543985118	0.090070366396639
0.453383499244716	0.182498952413016
0.820108311315059	0.345264097051974
0.697324278071186	0.327270938000257
0.606869679839535	0.318084647797836
-0.783033091255094	0.949520494926581
0.201440452404336	0.145777706033571
0.459342191681965	0.33415983138636
1.09134162506125	0.672732273753272
0.324134813089182	0.211926081443457
-0.13556014258751	0.0766056162434793
0.172396523924424	0.0924057828220838
0.687201378853304	0.321605099602997
0.174779028528585	0.101419389381908
0.157728306959213	0.0765831220608979
0.156826083489432	0.0681034884371725
-0.767170384130397	0.333689367521823
0.159986093880662	0.0855848216029483
1.00257894166181	0.824650100754399
0.396620217869713	0.179198519533086
1.25758660654665	0.876110535762706
0.696851684035903	0.326735848657766
0.869455283008148	0.647638729887311
0.867508615797307	0.645254166477561
0.158447417710641	0.0607898522858864
0.158492163863484	0.0687839197118867
1.57196511854866	0.782094960367849
0.834561716172521	0.352218048492093
1.96764678321232	1.23302371406642
0.450380599229042	0.181332700598542
0.911075531998693	0.493083521389606
-0.145320295788574	0.0520121167150978
1.78143542363294	0.996784860557137
0.365376412312231	0.185084494226465
1.78395209523312	0.99788972557256
1.78651488034344	1.00088515423696
0.15868166261938	0.0538850546392354
0.16707117146508	0.0420080923591852
1.77716764021431	1.39361397684453
-0.517470812145273	0.195857600194182
-2.06245951802953	0.938660446621569
0.964204999882237	0.658020926539172
0.152844405786542	0.0663436314576924
0.505650146362146	0.321961631483102
-0.213639314943098	0.0690063709749365
0.69919774718211	0.328177033610307
0.147844537722775	0.0641111188095023
0.158333484191624	0.0687008601425699
-0.0509240148133251	0.0222680861902599
-1.79827400712943	0.382942964938875
2.11729797170485	0.949744172786966
-1.48890362539534	0.753622251788968
-0.139267738887124	0.0498744236123017
0.832273337017386	0.351107922109031
0.612179388299582	0.321450364353162
-1.66708049458944	0.94076366023866
0.153664477679935	0.0666278528198068
0.662393130904898	0.474685790954528
-1.33682602064113	1.3348898280251
0.513083450393856	0.327331727026483
0.910357912289	0.492883201476603
0.550990561314383	0.32051338119579
0.823768746887898	0.346885310834488
0.167198319746772	0.0498030771043432
0.159561305935134	0.0612215819808982
0.396168028372981	0.179162221909774
0.831012722343114	0.350346367245896
-0.143547057897976	0.051380290000609
0.400825995099776	0.181342787816858
0.168834294967118	0.0820720339843261
0.351715630339451	0.197667645091764
1.0868591806205	0.669457325722977
0.559172724797868	0.469846550108878
-0.791925146439582	0.525150669599001
0.287367455217573	0.250114339689791
0.309371664689992	0.213315330136104
0.130132160965024	0.119066597371433
0.190991817243098	0.137411790489611
0.367276649497884	0.185908324298257
2.3552515119248	1.18005513072976
0.401886455512576	0.181789379221341
0.804542730476797	0.642114975865302
0.148551241333892	0.0570670819556719
1.07199241992555	0.51992522288774
0.795127393500973	0.47851624816082
0.457600074208012	0.184388896678325
0.801135746137702	0.483026797016329
-0.232205132899331	0.116187130791891
0.903214015624668	0.488433323064396
0.829163317967424	0.349753041955828
-0.0541715037671415	0.0236450313122112
0.73983189824433	0.619604086923382
0.449846097769576	0.180981984312599
0.791717045276906	0.47629243644258
-0.595429668994702	0.284856098989897
-1.04129002126903	0.836029661568753
-0.209568521657341	0.13517014926332
0.0269370651863507	0.014885666654682
1.35245019436526	1.43709871921704
-0.783682365947342	0.51832924313653
0.150882619911791	0.0513268309948059
1.27816930942743	0.705388905336782
0.691000206377791	0.604435676942387
0.186122097963926	0.108507242631755
0.407675800900558	0.337900845358851
-0.453515109701407	0.30183193930729
0.352879614195027	0.198252215254408
0.158577402299565	0.0608665916613508
0.533792789739045	0.192056407531968
0.155846546513865	0.059824112236972
-0.673441216674003	0.473360418673544
-0.0956678615367183	0.0379637063348422
0.202588765608095	0.15246480237182
1.24477257149798	1.05597853984156
-2.06401436108767	0.939809125258311
-0.920579901393296	0.675482735838991
0.452180282176445	0.18203374412038
0.196681933126556	0.152777610290038
1.24600708868902	1.22629564252493
0.902146152237602	0.486688140488097
0.907964956842255	0.491402984013685
0.159888868383505	0.0776881649777581
-0.0260703400740087	0.0165976810889774
0.5530182159377	0.322557454932327
0.912421876773352	0.494599465007198
-0.385290090209636	0.160265093676538
2.9125459220953	1.97204044523817
0.821753992690835	0.346118851347505
0.369228711579246	0.187347789066584
0.551685667120415	0.32159848174389
-0.52141433065344	0.197411751800862
-0.640001793173701	0.657615954619567
-0.597247639391902	0.285880056810297
-0.322458643935473	0.227775359877795
-0.00571504883485044	0.00369320317958834
0.29582351712445	0.250569977391595
1.78732760863277	1.0015560766495
1.46426218323308	0.917041318765298
0.801135746137702	0.483026797016329
1.401413706647	1.09123626852891
1.96743511367995	1.23355237532396
-0.774043334476366	0.337208362400062
2.13049509121377	1.49020441140221
0.452086522919451	0.181964226074587
0.17709015862582	0.102987179134622
-0.450349175651263	0.299528187474002
0.586188853186043	0.470813194107679
0.956542309557577	0.651499289652571
-0.231165819827325	0.115499900122284
1.24375598354166	1.2241064415885
0.609029825422012	0.319714020559403
-0.225382597508313	0.072706732232085
0.532681652834723	0.191496961173815
-0.772626639313122	0.336616262280627
-0.303331355809436	0.139333346704099
1.45485488271019	1.65967962868315
0.658788382090404	0.471390881769391
0.609351827841559	0.319482887797197
0.546341844605106	0.456078076382637
-0.782780091536154	0.517547931084641
-0.300655181019532	0.138040030265908
0.15243762427523	0.0585046911358224
0.558290343826266	0.326284824716041
0.53848040462536	0.193786780960442
-0.302154666650255	0.138838114292047
0.153247518839476	0.0288421886814327
1.62419916117502	1.13979500645862
0.470630998236942	0.344178569226338
0.377387130502713	0.343920332589231
0.197621915668043	0.136736399575565
-0.675899025901824	0.535296468525704
0.158329027774158	0.0607547033120073
0.406656184419747	0.184364125534212
1.46711188297243	0.919639888728219
-0.386575097447334	0.160973661156631
-0.0217225628988668	0.0102204850435043
-1.08589832225544	0.742548321084379
0.157771079018536	0.0605593318935867
0.149110313200244	0.0572757439358563
-0.0949189066169269	0.0376857428396181
0.617379837328765	0.470800908742356
1.25949650184932	0.878311690863888
1.96040941896093	0.441936123238363
1.06877644249	0.518048785757099
1.82382554957858	0.714761900200066
3.92839150896924	1.72331240790325
1.08921197351357	0.67048990728837
-0.390638133543831	0.162515731812202
0.16398311023751	0.0796660171202628
-1.66857990850755	0.942864211232869
-0.09469698751767	0.0375438253599801
0.534676685393129	0.192377474764699
0.553854270271354	0.323145582048009
-0.0473701470280979	0.0207591040955332
-3.46066411507937	1.23287376992561
-0.514837284692919	0.194722873359673
2.12352821318104	0.952950347407427
1.81892370521347	0.712261250406347
1.33747596774169	0.586553301943319
0.162742974316792	0.0485792905021731
-0.21984326569233	0.0709305957045652
-0.145874186213036	0.0522161490320284
1.32769730255579	0.581123287624221
1.34424459838977	0.589795472856884
3.26352329858721	1.1213740078214
0.948535538575274	0.252058145640786
0.445343832301428	0.179072239658324
1.32725234273325	0.580781112386346
-0.348139745002389	0.10015256573937
1.27542622330595	0.704159533434964
0.0101076270572544	0.00514398434392334
0.188323836441673	0.123729258574767
0.725588574800656	0.481865434619114
-0.0976570186133757	0.057311516070488
-0.135037306660327	0.0484283181059566
0.153317330149606	0.0588970866053136
0.662232438318682	0.47389211385704
-0.0157515899784759	0.00752184429220787
0.515127167233177	0.329107322709919
1.78805078474254	1.0014606067266
0.821564142670722	0.345931638957748
1.33703685718049	0.586324404119723
-0.307333670097824	0.141205050567766
-0.0573410903990978	0.0249844882546785
0.947097253557627	0.251590606337117
0.67196229909328	0.213260403734251
0.147991992981596	0.0568516227579697
-0.212036192576877	0.0685029076357838
0.156412678098643	0.0600596564609687
0.891037542180877	1.03121028110131
0.15002037757653	0.0650880238358636
-0.987985309926307	0.884257682371991
-0.589266814867022	0.478151553395657
0.194268152947051	0.140062593462046
-1.6725981237888	0.945698627689931
-0.178523572277491	0.0956252161455749
0.152263467777791	0.0584865836523203
0.694356190844902	0.325735721016374
1.78253902415145	0.997120275096832
0.830182706808353	0.350258866431055
0.5445937716183	0.316733335828521
0.692146891506566	0.324338706437818
0.701360825803613	0.329276770481946
0.404766369449656	0.183328709818888
0.695049564700216	0.325985570559049
3.92839150896924	1.72331240790325
1.06561374213039	0.515920962739469
1.25081593802899	0.869837122066701
1.29155796520892	0.715607342170248
-0.214926988436609	0.0694297469164798
0.666057985126717	0.211344647530167
1.77574142814602	1.39186054699414
0.799256716781487	0.482263143350023
2.1289721977314	1.48943512002891
-0.34780711222598	0.100028606261835
-1.31818068103492	0.82404409790583
0.155372593274282	0.0528040448022981
1.45558977271158	0.909098975470034
-0.382667916873094	0.263396660407344
-0.394290315001724	0.223485550926072
-0.0248855121840208	0.0116824336427542
-0.514837284692919	0.194722873359673
0.365376412312231	0.185084494226465
0.551223493394257	0.321235948023686
-1.2754256868914	0.575104153105112
0.157660768713607	0.068480623096022
1.78162918890896	1.40207261770335
0.39715447448971	0.179769386053715
-0.972950955045895	0.480478973053023
0.450442155521912	0.181256071663712
-1.02177744930251	0.404938885053013
0.154345440736331	0.0669096570821695
-0.224723959062827	0.0725118722465567
-0.0891130379539154	0.0354263445785917
-0.0175357631446226	0.00833471318944223
-0.387233294173764	0.218676700039583
-0.397274958385609	0.225171132579575
1.62733106490279	1.14401686368256
0.553999837806063	0.322867441457051
-1.21852841573219	0.920927939029979
0.331306475928934	0.217211824356551
0.399021534051938	0.1806008034047
0.153360234679046	0.0521189454802206
0.912421876773352	0.494599465007198
0.449920096072737	0.181069859699705
0.673419805718654	0.213740169092851
-0.104211695958131	0.0413136431105497
0.71524567153763	0.472933523471169
-0.647827020382285	0.384214728901211
-1.68165123377222	0.953879071207902
0.853847052541916	0.780311226593413
0.60819807550165	0.318722599685588
1.00739626286004	0.83176367869406
0.558853847634821	0.326381168083033
0.611855330944299	0.321173543084509
-0.144137937066465	0.0515994218101899
-1.15491208040457	0.644782539822404
0.527580835359583	0.189613867713059
0.147743362880974	0.0567523885010285
0.532475077834663	0.191482542601689
0.453611115677461	0.182669846803673
-0.306830860868352	0.14094086511239
0.153840741270984	0.0666970904168289
-0.730578580192813	0.251061657936625
0.830619967524104	0.350375616463859
0.456780268923437	0.183977943497489
1.82513230176872	0.715356894962213
-0.516012954828724	0.195311472335776
-0.516933647184975	0.195517224842632
1.04363128297175	0.39626638096639
1.07667166465625	0.522581522386257
1.76971607780119	1.38594940858931
-0.134803426342903	0.0483422297402877
-0.512982221754869	0.19396359228403
0.833727561003761	0.351798728426686
0.166528409127177	0.0496297620210776
-0.157812202975684	0.0563823684032727
0.161809663243855	0.0483223326687324
1.04304768303814	0.395953390308167
0.825425367366759	0.347866059057456
0.908238214207588	0.491420643895265
0.662621038068659	0.475146190283137
-1.02858452916502	0.821062740504341
-0.72013323546054	0.247288973526613
-0.220273125496108	0.0711077393958585
0.153008476524145	0.0663189403278178
-0.0415337249177394	0.018301709495972
0.822386078781447	0.346338733150108
1.0690142910559	0.518371700421409
0.156096177497257	0.059919986762722
3.93458270867333	1.7286866438442
1.0454798173394	0.397182748534993
0.696836152711196	0.326929664817286
1.0461523665238	0.397340617252217
0.453611115677461	0.182669846803673
0.151078767063253	0.0513922453176723
0.698435463426554	0.327986112060114
0.151513479989601	0.0515213325333355
1.95900085432404	1.22419456248738
-0.141613477265566	0.0506925453352637
0.907692434891209	0.491198743123056
2.35945145057363	1.18326179292922
0.697590567836269	0.32709424138934
0.168287851014599	0.0422797449011708
0.168287851014599	0.0422797449011708
-1.13521969998424	0.343544374381215
2.3552515119248	1.18005513072976
-1.26720229454899	0.570065067114721
0.530962177273462	0.190928486232177
2.11662288333808	0.949279701700066
0.617983271024711	0.325163377946729
0.666057985126717	0.211344647530167
-0.226263678479487	0.0729581836748718
0.159811078024297	0.0613344723703749
0.449554137900589	0.180977843806072
0.544801332644448	0.196014257571394
0.670977551868057	0.213013404742869
0.158492163863484	0.0687839197118867
0.902684449275861	0.487909426775457
-0.148134807785691	0.0530248179205307
0.364693054944712	0.184410464865036
-1.32907722764083	1.09678086150413
0.909556061657841	0.492309542177848
0.659698756973007	0.472274372757656
1.57837424874198	0.786663799918352
-1.66720873542521	0.941712993117168
-0.777619934773396	0.595579707408167
-2.2879467401577	1.15847288852325
0.15910873917412	0.085082514960076
1.54042176321553	1.32935344592121
-0.184287792784981	0.0989536240035747
0.0269192097709408	0.0189184238924252
-0.447169600192113	0.296760677793045
-0.184891496676067	0.141232883693972
0.348957987867346	0.195716019181584
0.97458050526586	1.20082131546836
0.301213933407721	0.237996825068648
0.481313272769244	0.330259623698653
0.6737511905791	0.213807078926834
0.357549708005472	0.180629289789317
0.746183044349108	0.626844289518068
0.715991029902106	0.473040845866001
0.607368941002673	0.318124286034727
0.880349340395774	0.658489168658296
0.476407480769523	0.326433352544174
0.360484542112555	0.182160055043975
1.96685055858993	1.23204145967813
1.12995579689431	1.02212099497836
-0.088057561898079	0.0350140000868525
-0.447167428687964	0.296929206676007
1.40231508240332	1.09210720220587
0.00783796786186705	0.00400449343345339
-0.230754985774465	0.115305364972777
2.08649613476432	2.64123279504756
-0.299347444066015	0.137340577512434
-0.0459394772746046	0.0201619182872298
0.796028205901238	0.633525470424336
0.0636762825232711	0.0395293902101895
-0.688641811227048	0.602691582001431
0.691741633686152	0.605650215363827
1.16536897232669	1.33457562282895
-1.46149689902295	1.0167437083315
0.327898235994624	0.199516285600653
0.156855166650073	0.0761245355399912
-0.217760293232053	0.141050958148429
0.553418837943321	0.323040150820071
-0.0722883129509408	0.0517936717378716
0.349478936685642	0.196274834585532
1.14541284739473	1.17829294445275
0.61416519351577	0.32269692517114
0.158577402299565	0.0608665916613508
0.157328017678796	0.068270214475041
-2.4735664015526	1.37997989190897
-1.14037121521282	0.989269527938708
0.62542951908265	0.588327347343137
-1.03871843860919	0.833759958367383
0.488704866341248	0.336327861938326
-1.82622704316974	1.67042800473038
0.155870099041693	0.0757170984598047
-0.396998743108287	0.366988258831548
0.52380496588978	0.336167145935012
0.724701855916491	0.481073896253701
0.155981787306606	0.0756835648427222
0.516005266638984	0.329698493807179
0.489588740199356	0.337436209010015
-0.238821195316963	0.119580937271296
1.24871062241215	1.23178189662742
0.0578572693301106	0.0339605876217205
0.150523503025892	0.0653077753415023
1.62306455951378	1.13770926017524
-0.395353956297943	0.224136835060552
-0.0239915386149835	0.0112739059532307
0.3251145264584	0.212709311258817
0.156393196257714	0.075897579689069
-0.789435045521893	0.522862976034573
0.187174101120142	0.128902932659165
0.858084308779631	0.786168767103659
0.33048310888433	0.20133724102419
1.45772282074838	0.910867860563464
1.0730596360584	0.520789978284565
-0.516933647184975	0.195517224842632
0.794165360357128	0.477994418179591
-0.143315353927409	0.0513295091165195
-0.267067311209289	0.167427420412913
0.0408435417527291	0.0223923538666848
0.00379603988807189	0.00204104587782995
0.903195433614813	0.488657755620612
-0.143547057897976	0.051380290000609
-0.143905854186937	0.0515385054799117
0.833933564544303	0.352033660782181
1.139921976164	1.03711739069863
0.153335897031348	0.0664786418419361
0.723426830429067	0.480061354780664
-0.0570934668192374	0.0248878651621918
-0.0227347468617909	0.0106966518230494
0.155468894036782	0.0754252654966343
0.607546929667008	0.318632923772476
1.56966915388926	0.780685397574885
0.527156712725929	0.189470465882784
0.151026485117313	0.0655211512678123
0.796658269205081	0.478932651110075
1.39962294333444	1.08928728066316
1.65892862746946	1.56950590465105
0.49087291699785	0.33848876715873
1.00452843494484	0.828217966749786
1.46711188297243	0.919639888728219
0.907951900188194	0.491027898285969
2.3603319375185	1.18386066251181
0.820298870879993	0.345307177563048
1.08505243241231	0.667600763949939
0.827078230918429	0.348647296918383
1.82693458968678	0.716159663486908
0.154864543949474	0.05943628677518
0.149627808286399	0.0508800645705803
-0.337820262048895	0.0972724494375125
0.69763613921886	0.327494281553077
-0.39331988658492	0.163981075525171
-0.507775655499114	0.191817028036704
-0.0612214772544309	0.0266406247154452
0.703390442617444	0.330559659306264
-0.479569434306969	0.251186820885711
-0.00923697383565406	0.00456543328862066
0.00923134626339274	0.00469159446897744
0.662826170141403	0.475003957734357
1.40503364106426	1.09424962483408
0.92427795087103	0.808536801434639
-4.00749658051746	1.74098643138457
-0.389569741096937	0.162139446571965
0.330924638868622	0.201421452401559
-0.625500335572602	0.152962089117453
-0.783446212436154	0.427005671548173
2.35945145057363	1.18326179292922
2.5685528501622	1.4303263628497
0.6737511905791	0.213807078926834
0.152686341340135	0.0586077786643544
1.06848073867691	0.517570142270945
0.906889232765235	0.490532698820163
0.155772186343628	0.0529121216223452
1.46346282980804	0.916235740824979
-0.786619531848294	0.42895206104501
0.155002495029819	0.0672192935567482
2.12812353401401	1.48930803309098
1.40861297754653	1.09811344801933
0.370540543586951	0.187825133279857
0.180699185174255	0.105222650195384
-1.03350374717593	0.827665927551209
0.178419964219851	0.103827078377038
1.09317750392111	0.674338995742177
0.703453511114253	0.61948718698201
0.19120280155057	0.137613183570123
0.0327639986674396	0.0180214124966776
-0.528636548995419	0.439237451553981
0.475018477093061	0.348044849345282
-0.0170879786297045	0.00813110272349013
0.957908919438775	0.947349463237875
0.324134813089182	0.211926081443457
1.67477600261984	1.59339988847995
0.34127692861774	0.19105772316262
0.367857687851164	0.186282726793483
0.616813083343517	0.470113836349351
0.330905155673899	0.201865447107369
0.323713827583945	0.211632291958008
-0.302515588736306	0.138831168276516
0.463063278587483	0.337504909959146
0.613744236866438	0.46718659691717
0.333805503182954	0.203747740837562
0.493195335012283	0.340475245548819
-1.344449440807	1.34687941645705
-0.0938844786016753	0.0372437459496391
-0.665860951700176	0.466596057660786
-0.53268768462061	0.443626908119302
0.164573494040401	0.0881094809511527
0.483244559259219	0.332000523385971
-0.324816964628746	0.257695018391107
0.332461276815824	0.202845724856064
-0.0959512571519062	0.0380605212628921
-0.399582852380997	0.226908237882733
-0.470645931253427	0.397364475397371
-0.650978551680051	0.386665067164542
0.453114840680989	0.182388167120822
0.788426767279246	0.472982509215967
0.543785894126126	0.453305168681354
-0.145320295788574	0.0520121167150978
-0.0205837666544286	0.00972270851194434
0.548204725007755	0.318922780825048
-0.181729202795887	0.0975142354891616
0.31385728058004	0.21707542378199
0.15517762593803	0.0672822354318258
-0.0982325754575218	0.0576849857345858
-0.458968264213497	0.306242067331294
-1.4271575813941	1.5185146206879
0.196623034804183	0.147478809524478
0.731160590133497	0.486632048708366
-0.941727750200608	0.576618870945328
1.06929985127949	0.518119516931828
-0.391078907325912	0.270167579463405
1.58417577354317	0.790311814157871
1.40033529070873	1.08754431395669
0.536711770787689	0.193058012816576
0.16014111548401	0.0543685528719876
-0.0500590432574151	0.0219026986131626
0.342424545997349	0.209748604655752
1.90817211397945	1.65273280448081
0.77217217557109	0.860048057655043
-0.560215000437081	0.406472041431483
0.292790209606093	0.255738663984245
0.00379603988807189	0.00204104587782995
-0.024318736857061	0.0114144634308863
0.790518761180405	0.627188947941374
0.79244310172588	0.476463261534771
0.714102311185904	0.472012154812052
-0.0196924427267858	0.00931549049571706
-0.390271548861742	0.220796845581097
-0.980642634603263	0.485510889516647
0.15243762427523	0.0585046911358224
-0.942751634840062	0.578248629149307
-0.296326662991445	0.135952296611345
0.703947059973105	0.330844162578972
0.704077201828528	0.619756570731527
0.375032501771814	0.190338904117187
0.16659301543248	0.0809914870855777
-0.232189466932204	0.116099119437757
0.159811078024297	0.0613344723703749
1.463195843148	0.915846282072091
0.751121264010591	0.632736727115235
1.07049383091777	0.518656679919071
0.961075082800593	0.654764593866264
0.155846546513865	0.059824112236972
-0.265250393500162	0.166191556385146
-0.951627479832358	0.585258078169258
4.5642882985105	2.57625674698637
0.366241448531529	0.185594854023855
1.06877644249	0.518048785757099
-0.913531319475556	0.668440210904431
0.668353267812949	0.212009001891351
0.94904571537762	0.252100131683616
0.618310431820567	0.325404970391747
1.28581654640313	0.711646332636786
0.154740770752363	0.0525923721877549
0.169884476269569	0.050532053807675
0.69449160272101	0.325776198168538
-0.136216740085742	0.0488326324415549
0.912949901012826	0.494921655762484
0.157212954461689	0.0603521678958182
0.829357632482683	0.349871102086347
1.27793156796812	0.705158655511195
0.450669254708217	0.18134583956387
0.155572557197279	0.052867342174464
1.2474919492386	0.86681584471928
1.0452306767165	0.396944800699935
-0.30299365621034	0.139228025529717
2.11755227768938	0.949827655288359
-0.755475722687092	0.32771915876485
-0.142207514098902	0.0509041851864348
0.39877334397608	0.18055727588805
0.515697254427933	0.329887095778659
-1.26782842660809	0.570441623693441
0.94807088907188	0.251931335472786
-1.01735407284408	0.40279400157508
0.532501690034208	0.191523210703971
1.53996859799088	1.32890049003263
-0.229100554433338	0.114523492393731
0.151078767063253	0.0513922453176723
1.32835939985729	0.581492410233576
0.832273337017386	0.351107922109031
0.174361137591886	0.0936811228537822
0.154169004929053	0.0668513325863638
0.800173841480649	0.48221677802039
-0.0493598399831181	0.0216107223069477
1.03634985973926	0.393056068426466
3.26352329858721	1.1213740078214
0.404053080970234	0.183058046780863
1.04077275699432	0.394975733217645
0.166786027725508	0.0496866477008084
0.733531965382884	0.612225244155327
0.849581699653227	0.897446574573023
-1.46468601789433	1.01947975659584
1.13181150106381	1.02706917769065
-0.793753672537346	0.434075149328207
0.684058748104993	0.711131428232855
-0.782699462092169	0.671093944199406
0.699620320468723	0.61498568042181
-0.787120279817968	0.429256340098202
-0.60380694749457	0.289657827684546
-0.485215633140338	0.254668631669916
0.155931105407061	0.0756647395333248
1.0928266645529	0.673601574054683
0.170365715986331	0.0988934618752564
1.04017981955106	0.990907171056996
0.490881631893875	0.338253623525423
-0.783821542249307	0.426589962739569
-0.896344422111188	0.748213604880123
-1.09211675498928	0.748215315747384
-0.691070065992682	0.605360089681796
-0.21001201146812	0.135436321018057
-0.215550271820506	0.139374316094274
0.371303512409631	0.188289572953723
0.163420372366361	0.079474988959915
-0.0529140659284117	0.0231174571435278
0.586630183241158	0.471772889213187
0.9064274379726	0.490575819453794
-0.0217518193714732	0.0102473439446519
-1.21511245464714	0.916204589720263
0.439379294276115	0.336263473876805
1.5456147911858	1.33722168674954
0.454370555321581	0.329679520632847
-0.0595548696863076	0.0259172128400389
0.972890354446345	0.666362434909118
-1.0390811276664	0.833586719409012
-0.334597040135377	0.237876513879516
0.907420647136771	0.490856302415969
1.01297596612127	0.837663563514061
0.962688058824999	0.657432978811245
0.00542252412699486	0.00281888136307994
0.0425500290589334	0.0250067322168112
1.27716680760934	0.705528876302064
-0.134275898949539	0.0758519434852255
1.03663714231773	0.985835194350556
-0.640291820625311	0.37898202347871
-0.419813294261347	0.320960646844261
-0.386575097447334	0.160973661156631
-1.03100813494334	0.823418958329114
-0.787068111790984	0.429614306053086
-0.887114062222976	0.736907299094178
0.04917816884841	0.0288673440778544
0.167463572729859	0.0814277441275022
0.715539056417153	0.472633124194655
0.398769864448762	0.180340970883948
0.514673536453621	0.328682274853606
0.165429971111826	0.0634466805473795
0.960211468456607	0.653954419949103
-0.229421851429271	0.114605726016399
-0.262104334072242	0.163949071429292
0.18519544193692	0.114965446797823
1.00725011140571	0.830717287109631
1.00081412297585	1.10272961302662
-0.072327380045752	0.0439275251403506
0.349933060189343	0.196143430577022
0.458434522290717	0.333161908506485
0.148367923686415	0.0570245207685806
0.165594211957363	0.0493598676029419
0.408697336256679	0.185280205797719
0.346444893311696	0.194316146735746
-1.0198546198872	0.40400953786834
0.668424466277628	0.480253589987289
0.828130476180842	0.349220445770164
0.165704597093625	0.0417255219351786
-0.398391340164656	0.166232543938586
0.167470806922502	0.0642184069219108
0.528037291229889	0.189817364251845
1.06561374213039	0.515920962739469
-1.83122316580626	1.15174429275213
-0.052186896535489	0.0228016188546584
0.162479935061762	0.0485106492306684
1.282115369111	0.708799855729737
0.157665127156854	0.053551257115328
0.724311235580588	0.481210564392118
0.872255321909083	0.650360712433938
-0.669019588092912	0.469461301551684
0.320653932955999	0.20939528482865
0.624456851211916	0.477402215033575
0.862305854780046	0.791220209965634
0.515697254427933	0.329887095778659
0.158994183199138	0.0690074039019436
-0.139034402758614	0.0498144544844224
-1.71743894630856	1.44751371954405
0.909298383653948	0.492390033550039
1.09134162506125	0.672732273753272
0.15005068539492	0.0651538971382411
0.961551822216826	0.655458753806127
0.158074474787349	0.0472574922808909
0.529356628640302	0.190322462478678
0.610039369720388	0.319885176953563
0.449022148085439	0.180598376655974
3.93039364694432	1.72557827049993
1.11906717356527	0.858551459308475
-0.140811669734687	0.0504140485207937
0.702157919562638	0.329872727537288
-1.48003021054625	0.747396111649981
0.158700262093321	0.0769690660157659
0.160979267099022	0.0698742509810596
0.826058603447256	0.34818473678636
-0.0508281817419171	0.0222238557932999
0.394300745563332	0.178232456221431
1.06848073867691	0.517570142270945
0.368339215543365	0.186545833386303
-0.135392665283736	0.048541857918373
-0.300840945838107	0.138017313471569
1.07246466651492	0.52025153016617
0.551740256803454	0.321546029772152
0.906336726390325	0.490580533620935
0.399301094356218	0.180604909315299
-0.717014216380814	0.24607192548599
0.158323275965016	0.0473326847049123
-0.387385431772182	0.161121365928577
0.543766796008563	0.31566964414273
1.0454798173394	0.397182748534993
0.537164857593467	0.193341885349058
0.167299398578488	0.0420768316112512
-0.791003466659963	0.524579442160165
0.369098387830601	0.187038528267993
0.551685667120415	0.32159848174389
0.15218924644261	0.058384243256668
0.167299398578488	0.0420768316112512
0.601958603763324	0.315455517131348
0.182074302611455	0.112954182021428
0.61234940002	0.321292836495859
0.161139089918031	0.0481199615651925
0.160340691347252	0.0544154009154632
0.166691919569473	0.0419536988970269
0.443003235122794	0.339673169730426
0.898202031084857	0.484297437552107
0.422423749342653	0.337237890509212
1.40193066763025	1.90180142772423
1.02566015383014	1.23481569688875
0.316401938584627	0.21909622270546
0.558621140778572	0.469039661327797
0.313868527254216	0.216982438513619
0.37988926071085	0.346993067643358
0.18669949663528	0.122459511839039
0.613512573671803	0.322329169208786
1.10485192137693	0.842494979396134
0.481341439688148	0.330366710796238
0.801390705891926	0.639298607370086
0.704127030241368	0.619836034890169
0.669050149762638	0.480205922972726
0.531913856600665	0.46340532110866
0.501053515533093	0.449280586325993
0.30533431344243	0.221619713749283
0.741965495033234	0.622319037839602
-0.586819458793215	0.475556492992146
0.310344094799059	0.236303761699219
-0.490433786948425	0.257949958752948
0.321059626740462	0.209550113484741
0.861534818025104	0.790626351669582
-0.402835603774136	0.373853627236311
-1.83227516479386	1.15231172758103
-1.08796315282621	1.04631687890449
0.611164803486625	0.321067786298506
0.504098201765933	0.452758901203455
0.533792789739045	0.192056407531968
0.0429203588897824	0.0235084647585281
-0.441515347240116	0.341349495062605
-0.787939646827883	0.52228330560811
0.749884901395829	0.630849885879379
0.619283444907992	0.32595117959353
-0.448438179068057	0.297712408627373
0.18737178456338	0.123112303455289
-1.27730781729237	0.575928354026756
0.160890829097599	0.0860950050767931
0.345916558505986	0.193680799734023
0.304815620646304	0.231538591175043
0.0417764077747393	0.0245524026171565
-0.449828018444984	0.299079142945136
0.178405431244979	0.116798674764016
1.14785026095683	1.18218267372114
1.12088641357792	0.861494411816557
0.551811044422282	0.462121771232927
-1.0303870450495	0.823837567753203
-0.0959113364427587	0.0380605903701522
-0.132032753677784	0.07449942489404
-0.0596500354485578	0.0259664256287631
0.0665950910002076	0.04136963629796
-0.448086932503009	0.297257719905705
-0.042051045423023	0.0262191617809153
-0.699368347995051	0.61499497567046
1.15469586005941	1.31628278107792
-0.433843283110673	0.3341462536398
-0.588168164149559	0.477118781548433
-0.177296413796903	0.0949974911402698
0.333711526707773	0.219150108449708
0.0584006581521054	0.0342582364361175
0.354288916321152	0.199229182889134
-0.0893957968567151	0.0355291798553639
2.12158435823691	0.952317198033751
0.805146250348001	0.767287248631368
0.171283975960762	0.0918489000631284
-0.101802709418458	0.0597977687691496
-0.780779407286156	0.425041943145253
0.714794862378444	0.472615676557436
0.31463766281931	0.229243375403816
-2.07192382747806	0.944662982400141
0.189972185626748	0.118240859663409
1.13132751163509	1.02625749147961
0.556658197455442	0.324808183980346
-1.33410409210693	1.3311030030035
-0.780157140331739	0.598401901879213
-0.216930343835422	0.140435034427148
-0.644183228582257	0.381240409174265
1.24914540892032	1.23217425822209
0.402717622734649	0.182398172349761
0.150882619911791	0.0513268309948059
1.04455801006536	0.39678683304154
-0.23794401597109	0.119126644100198
-0.175961374896128	0.0942639461101265
-0.100360894467265	0.0589604049524955
0.158548908165679	0.084799873122684
-0.0947109786071979	0.0555728067730253
-0.289502291497191	0.233281599523232
1.0666985892321	1.14002542097511
0.560045297859794	0.327606684558022
-0.946337825434789	0.579751984571807
0.791479653058036	0.628596052562245
0.799460423316236	0.759665935272076
0.711448489460939	0.718210874054227
0.186531840672371	0.122453107841144
-0.232509057244501	0.116172307186019
0.557062350990195	0.325108346020431
0.904017602064035	0.48904943535585
-1.27751931897973	0.575987802889346
1.95791760701363	0.441280139896969
0.830813570732659	0.350577218304927
1.46817768125088	0.920767699324232
0.524241201719559	0.188342978589088
0.351634269944494	0.197405808336866
0.153664477679935	0.0666278528198068
-0.178357145946017	0.0956452493248029
0.403524695239033	0.182794477072064
0.721744083834232	0.478994621755707
0.160478046648857	0.0696560768566236
0.398245927079875	0.180283113216
1.108391860274	0.847503723401849
-0.393865082659322	0.222805016321422
0.391888237491085	0.177072405478446
0.177463873346646	0.103196753326244
-0.601701102587569	0.288361561329402
-1.33458830869995	0.840067402862632
0.17875623893718	0.0960351559974501
1.53267133105635	1.31816136254399
2.03492415282439	1.93916414984659
-1.48440303491383	0.750386682136879
-0.782448296806308	0.426306761539971
0.869564875828828	0.647495426756966
0.0522116666550884	0.0306469046580532
-0.212036192576877	0.0685029076357838
0.163575153413255	0.0794527605161307
0.0134635631463901	0.0067801549189885
1.7859186055665	0.999932358757413
0.796167089035464	0.478966141974048
0.165594211957363	0.0493598676029419
0.162742974316792	0.0485792905021731
0.697273546754482	0.32704484516564
1.07246466651492	0.52025153016617
0.801512933620442	0.483383498577749
0.461096236873774	0.335646560457416
0.0535435435342641	0.0313841087373953
0.564043698223417	0.330120074142052
0.925093462022276	0.809468297356102
0.610371038713868	0.320624914450504
1.36552986943854	1.26642148241344
0.798566612356549	0.758345980603519
0.008097629524415	0.00410927486059078
0.00364644071741171	0.0019675952910347
-1.6742431854809	0.946868725008398
0.897087862600529	0.917339086669396
0.768085033457706	0.853421065650215
-0.433423971648975	0.334012656398875
-0.445234815156854	0.295438881239145
-0.0252594062774032	0.016096212540246
0.554319081143427	0.464847654884154
0.361453619243838	0.182987483643622
-1.6677607892413	0.942310995485124
0.186721818405402	0.122645150417669
0.814927647893018	0.779991737209327
1.48428535255275	1.49961046353507
-1.4651639889303	1.01992646909636
0.410775886018317	0.340997431318071
-0.230754985774465	0.115305364972777
0.720792194329623	0.477578119607943
-0.276006925622488	0.199410517858054
-0.454419742607621	0.302516904713508
0.32909936898265	0.200355576107856
-0.12927128261911	0.0729323218947036
-0.133433418107604	0.075288321912691
-0.778122937053367	0.422966955202533
0.390104410391434	0.176270108806956
3.63685963656738	1.43190397098036
1.58036530094534	0.788197961251042
-1.09469530865149	0.751398434520549
-0.466611377684437	0.393363716656094
-0.0994085796279676	0.0703277356841803
0.0340029042477432	0.0186483245115479
-0.451085827536377	0.300116696757188
-0.21049146922482	0.0680355104001863
0.342319356942521	0.191848010296751
-0.788547346024478	0.606531453334092
-4.00616917107184	1.73988655786059
0.152564464599497	0.0662713189425095
0.445569555469994	0.179194625806487
0.440507738465068	0.337345910990754
0.0671401322542221	0.0416887156370356
-0.130708911670079	0.07373197046619
0.290416751403628	0.260990993479749
-0.992493173065444	1.17808401949324
0.420357834627865	0.335185596295529
-0.216368322663722	0.139962975538962
-0.551760209272797	0.498421619203752
1.349891605906	1.600060748491
0.513522989431129	0.327698989885476
0.828531603525907	0.349434554924782
0.832273337017386	0.351107922109031
1.24635257810942	1.37974290380562
-0.177297801917213	0.0950492450175304
0.556658197455442	0.324808183980346
0.553418837943321	0.323040150820071
0.185447604405433	0.121788299728981
0.82490709530499	0.347736304875159
0.149251911967196	0.0723963957812527
0.151078767063253	0.0513922453176723
0.339990842859868	0.208066002583257
0.534375076851087	0.466275034145938
-1.02308669477862	0.405545669724936
0.395109703983226	0.178638181600002
0.694177179136852	0.32552965673473
0.348957987867346	0.195716019181584
-1.59307288985388	1.22187323760604
-0.561622391312549	0.407796427124685
0.176768251180875	0.109448927832678
-0.229054285873634	0.114364030440318
1.48837938244918	1.50906590539827
0.557064327322885	0.325049257515546
-0.46386398065584	0.390610696827709
1.11017668062046	0.849710046164825
0.344748803620335	0.193094935143432
0.148922515950328	0.0572221416590044
1.04938145959091	1.00301934315541
0.61596750464303	0.469240922414343
0.0273137840840658	0.0150728260467152
0.804316802066356	0.766192107640838
0.521485020910534	0.334035668249354
-1.09084032785897	0.747377648215011
0.182131717368675	0.135427063313245
-0.664153006819393	0.464833519302037
0.1877816002394	0.116775737812767
0.444153760622201	0.178507318483654
0.156467044940017	0.0600919073105214
-0.184532084353359	0.0991057355760032
-0.328519667601776	0.197550487837339
0.79244310172588	0.476463261534771
0.154990846394639	0.067267247391589
-0.395071670435589	0.164675396539339
-0.299347444066015	0.137340577512434
0.907941184459732	0.49182850802905
0.168901078977529	0.0978404767723407
0.612998211287819	0.322281873363052
-0.392587160668086	0.163528890065913
-0.186166593353523	0.100044940363616
0.156096177497257	0.059919986762722
0.458191284190108	0.184635026747111
-0.647407609820046	0.383952471228298
-0.0920120072414227	0.0365206831931245
0.333805503182954	0.203747740837562
0.456188277785192	0.183704421165502
0.154540296660048	0.0525165420882453
0.698637946443475	0.327891418746038
0.820298870879993	0.345307177563048
0.175511101597241	0.114708018966913
1.36417331276906	1.26380973300737
0.333997585493476	0.203973696962179
-0.225885823099809	0.112739035681947
-0.24216939467895	0.17868916370884
-1.17738539289269	1.207944397167
0.0650080241250464	0.0403369561089429
-0.673704277800699	0.532921940434108
-0.392419156046927	0.222196656091508
0.381368435403456	0.359943054977403
0.324144722494453	0.196928908677461
-0.135485673894193	0.0917002416567206
0.183383637032779	0.113832860640524
-0.573614165615307	0.418840261511297
-0.474124339299229	0.401341594065869
0.793008827376959	0.476240585807235
-0.493165617606653	0.370402726081219
-0.666571907564034	0.466826465296219
-0.140089554336558	0.0792731974241585
1.2510187453128	0.86865470178735
0.300487369061179	0.227726229774743
0.66947301014693	0.481283327464574
-0.144804660742265	0.0984172282642185
0.331394025894206	0.201771251124925
-0.296672235896868	0.136049250063878
-0.0136053940295669	0.00654383882262122
0.033169298259879	0.0182192111453758
-0.024765799361815	0.0116178111016724
-0.871111759393934	0.799778740396679
0.0646479438371315	0.0401477708419111
-0.208021120080294	0.156066681952593
0.154184444663498	0.052405972124707
1.54818165370963	1.34078730465993
0.165036325909748	0.0883757588855042
-0.360798395185145	0.30960332346904
-0.491229380241135	0.25836104671874
-0.645106834666806	0.381835824206237
0.532249310589414	0.191451139948052
0.723309899610135	0.480631396643116
0.164159885868611	0.0878799744244634
0.154594298900301	0.0749843544752899
-0.893830672312877	0.744652946020434
-1.01533634407646	1.13426054839547
0.384003015672265	0.351472996475039
-0.862453177291947	0.860429397306681
0.309131826789235	0.245306674288122
0.318895380037466	0.22104203091016
1.76837812633111	1.38342547673037
0.863390532842606	0.792380878877126
-0.137344499055264	0.0776371264006996
-0.232597121971833	0.116359267009922
-0.940125861930013	0.576207153764946
1.77659198219951	1.39296245657344
0.33491298275424	0.204617202168685
-0.0574333790978502	0.0250288442631081
-0.391627724997876	0.221353412295674
0.153310643258545	0.0743274212955126
0.866962486773953	0.643943082399266
0.872511379215624	0.650191271301063
0.551685667120415	0.32159848174389
0.184430783922983	0.114451065782524
0.401632985718102	0.181813336735641
-0.141613477265566	0.0506925453352637
1.40814824377069	1.09730703620956
-0.893727554218296	0.745108648816012
0.488660536726865	0.336400506406116
1.49562417811316	1.51975614379535
0.00514736422788876	0.00319930124250541
0.147743362880974	0.0567523885010285
0.295783972273893	0.233097616700673
-0.319078102369203	0.191032052540082
1.2368592985539	1.36311843857543
-0.911348605514218	0.6663324045614
-0.389020895129077	0.219846878214498
1.58183951396361	0.789002208885304
0.333177540896468	0.203417244078332
0.973308830664922	0.666657093707274
0.576619973714265	0.461159382095669
1.01235264927185	0.836837404695748
0.720792194329623	0.477578119607943
0.333201282004376	0.203048105425313
0.201168397712579	0.145550560309462
-0.128415872196524	0.0723827684246855
-1.08272527176299	0.738806782137066
0.6169307821915	0.470367736783723
0.400108980255719	0.181011258193719
0.370968465945622	0.188365310183132
0.672620264139241	0.213408873137932
1.8267779804798	0.715938237415135
-0.0893943364090288	0.0355536449557324
-0.232637489648392	0.116381248696168
-0.139392153469071	0.0945036045164128
0.613188000988	0.322042634973678
0.356854486069778	0.200906248475381
1.49605406581034	1.52046122566694
0.351193197487939	0.19709390460915
-0.0587820859534135	0.0256005112505989
0.035893311799745	0.0197193034900932
1.40025806907407	1.08764021118963
-2.06750813492524	0.942214241335458
-1.27073685110928	0.571951256018346
-0.320874455028213	0.192320379253475
-0.0538704804588568	0.023522949439285
-0.393865082659322	0.222805016321422
0.394300745563332	0.178232456221431
-0.516640021567978	0.195578035113981
0.607695528751581	0.318830326989282
0.158295623965939	0.0537437342857409
1.66567124114315	1.58130683216362
0.963740855492133	0.657690038069609
0.825425367366759	0.347866059057456
1.17011375011193	1.34244327298887
0.305196403366129	0.231843831874208
0.888168637864917	1.02686025462993
0.608846034542406	0.319052195385046
0.629839414153618	0.593725985071628
0.794460954706925	0.477355636868186
0.375401917895377	0.19060834750594
0.00852848472901563	0.004319611306854
-1.482973693437	0.749174838653755
0.183341568735432	0.126004326484166
-0.0211645641424466	0.00996737283868335
-0.291414611069078	0.235107753318006
-0.0959343163120595	0.0562902629116864
0.717255980525025	0.726327036812854
0.337597941579872	0.20642414629881
-0.340753792683735	0.242895616645907
-0.52439557287478	0.434740870702715
0.181037690363324	0.124226046480317
0.0272350609300243	0.0150079994576846
0.307959868650883	0.234277772033094
0.480903823864493	0.330216183492691
-0.0533272938232964	0.0232694558239084
0.0774206205069118	0.0481826215653864
1.15129572870376	1.18753402130033
-0.783117963553923	0.600320531007059
0.326446101304996	0.198602050938983
0.604001989096255	0.587667534698895
-0.449888594043807	0.29910858987204
-0.213374375152339	0.137894493093535
1.78277373748227	1.83754613194129
-0.0646999781330527	0.0392412656124057
1.24189215665394	1.37175281134391
0.513525338625791	0.328309607801783
0.0960604458720425	0.0657418327767991
-0.321089971024266	0.192600032285874
-0.685168062243476	0.544520740078732
-0.679270026527182	0.591416224733718
0.162189589756564	0.078759260115974
0.345999255614076	0.19402986967412
-1.04123518006203	1.08365894132751
-1.24152363567585	1.15748590016057
1.4637305487	0.916135030707412
0.962544783870667	0.954534041984755
0.344325927464874	0.21077765553693
-0.784448456184919	0.602319839446662
1.1439353023441	1.17604710604625
0.580982535780255	0.465937074634039
0.190286919201315	0.125229804238577
-0.297505789648927	0.240706932546409
-0.216856766925555	0.140310026148871
1.07578674616884	1.25710579670694
0.698636991345891	0.807441682213179
1.35998441747136	1.44891464514342
0.852067154395311	0.777994952884822
0.787086251628366	0.472744937562054
0.965932224483964	0.659779289931582
1.91601742082256	1.6660054167359
0.623164951062106	0.476440909177003
0.65875949300434	0.600152289512638
0.868743202594458	0.645780722664771
0.863670705003526	0.64096387808419
-0.265964767958315	0.166729917902964
0.161811052555999	0.0702512648495853
0.691077911718731	0.72122890699485
0.33221092821874	0.21787290686331
0.400639531299599	0.181254630717297
0.548997691058071	0.319805710801645
0.929646525326973	0.815074038950899
0.179134253996993	0.117207505437668
0.803710414976863	0.641882306010388
0.0482767930908078	0.0283369906613877
0.521196137642907	0.333858405450811
1.45476863360985	0.908986555296518
0.330454295317577	0.216697454334445
0.482347751699241	0.331101397169831
0.339362815637965	0.207675543253225
0.556517799779671	0.467103656742053
-1.39670934252065	1.86145778827856
-0.594068686307277	0.483430967525437
-0.0196993614257532	0.0147172803983905
-0.695772744812834	0.610410538151226
-0.882307061006652	0.731210806144502
0.345916558505986	0.193680799734023
-0.786465604193911	0.519903273246584
0.346526408046716	0.212482859436807
0.368339215543365	0.186545833386303
0.155287496833704	0.0596050724608401
0.166986674718159	0.0893826281646387
0.453921983167766	0.329401195470494
0.593905911327425	0.47922284282976
0.18506257703866	0.114956780763632
0.665742408249029	0.47791652694191
-0.0994597483731317	0.0584024814875747
0.452749799832646	0.348602871648822
1.54516320059635	1.33643915395259
0.160875819484411	0.0480497781693361
1.62546345976575	1.14307775771344
0.548536940455049	0.319508459808309
1.25550497056949	0.873978954934362
0.610190683132521	0.32052365969058
-0.385847116564711	0.160532229317468
-2.28772796842715	1.15828724592239
-0.0573410903990978	0.0249844882546785
-0.139034402758614	0.0498144544844224
-0.94195130522413	0.577261654160471
-0.478312788084848	0.250494332240814
1.09216758950391	0.673489342914159
-1.14217852703287	0.99239985384596
-0.214295623660532	0.0692156550779169
0.160856266375287	0.0781331226032355
-1.24267780576249	1.16091280761459
-0.214295623660532	0.0692156550779169
0.54813523135292	0.319317414029866
1.58417577354317	0.790311814157871
0.510144645384914	0.325297118200608
0.967719685900901	0.66115411561991
0.328594977359496	0.215138058189692
1.25090168657795	1.23412133286857
-0.974472820600168	0.482046396659233
-0.1479006917775	0.0529122719445307
0.923736217331751	0.807095038769266
0.956040574331386	0.65112961331626
0.173338268705216	0.0930215291854222
-0.784235468136097	0.517945177455611
0.663006424165754	0.475219409553034
0.625756377000509	0.588830679683655
0.489522994965938	0.454261022331344
0.0762279524559949	0.0497126201154177
0.570821467835691	0.567551874941629
1.3612889571906	1.45080156975429
1.01910202529679	0.845458035917033
1.06216826140361	1.13229524903974
2.4421841429349	3.0954259519431
0.86924122570596	0.647157524746732
0.455025575438864	0.183293312831413
0.165262535612015	0.0803111663849366
1.00830120361554	0.832853378902646
0.159627373721911	0.0774260010804011
0.721242641728398	0.477936475703256
0.50844323817268	0.323993771897358
0.347340058943499	0.194880233103884
-0.565169434533112	0.411154726624821
0.182549886476552	0.11964160872784
-0.019328090606477	0.00914433321346162
0.0758198341652279	0.0494583061591498
0.694006346122311	0.608224471818358
-0.255083351973972	0.208034417243957
0.0110376247304299	0.00556031942224768
-0.0478485287397612	0.0209619712271911
0.306795990785647	0.211387092396343
-0.486990834044816	0.364724843323368
0.720358193920772	0.477098465721884
0.0920906773063094	0.0653034188382215
-0.787939646827883	0.52228330560811
-0.628457709123256	0.603695825337617
0.179267714545771	0.104328380654605
2.5404043419694	2.39089273469558
0.511433605073432	0.326346813457962
1.2455514208551	1.22694255144709
-0.387493419127934	0.26725623493023
-0.55512740139955	0.40170692980691
0.00966155696621228	0.00490245921667146
0.861162815856296	0.914506960868129
-0.0214552837998451	0.0136858490090925
0.693449787791075	0.607630930301668
0.420964799430008	0.335692477126313
-1.24875482299866	1.16984735975608
-0.489302492676825	0.366967903130241
0.0097146418498683	0.00493022145331516
0.578261679985844	0.577615507077892
-0.860642050456113	0.857862540344819
0.319115513702105	0.221142484048135
0.340029540906086	0.190218194026819
0.346444893311696	0.194316146735746
0.0300226735462542	0.0165165185222296
-0.170075167808246	0.112681895511012
0.332852008330072	0.202993908002637
0.195364455086178	0.14093624201749
-1.28187993290093	1.72851676213787
0.434514093458811	0.331762551294375
0.697498430826589	0.61236574227141
0.365668997485487	0.185202157530525
0.928686771693316	0.813949448124134
0.751645744252933	0.737194304034744
0.334237122419184	0.204031556746847
0.588422471521541	0.473498607561292
-0.325000772686552	0.229879685033314
-0.222820457304223	0.111107928129466
0.651878327327025	0.59147731669217
0.618119743385411	0.325491263737338
0.718818448818907	0.476661633770634
1.59892705643945	1.74821085423557
0.72297173843444	0.734485876333031
2.74898391577091	1.68749655285803
0.575792475376218	0.460235159794415
-0.791003466659963	0.524579442160165
-0.0653158403146038	0.0396195736928236
0.189786149344632	0.130873364735846
0.602852759652941	0.58589556477013
1.13728021253311	1.03356672678114
0.514798070113213	0.329151649245882
-1.44812599112557	1.2996984324609
-0.784582307954337	0.736785193790573
1.54418928749035	1.33382647305749
0.795692212223545	0.478451728426895
0.513190668527744	0.327881856299241
0.856366359602637	0.783797165507932
0.186728249439733	0.12860190630635
-0.0210252898696655	0.0099243024878134
0.514798070113213	0.329151649245882
0.632029999627752	0.596494408729743
0.156998766951725	0.0681104889691229
0.614016341540011	0.322604800013126
0.152263467777791	0.0584865836523203
-0.389477028876739	0.162240726592513
-1.71725215611996	1.44618446295119
-1.48913909696078	0.754147046402584
-0.483947815610344	0.254078360527989
-1.93206086709024	1.90103518386472
0.157462123376921	0.060446471737033
0.156203958783437	0.0530790256711765
-0.593849553543701	0.284137225098701
-0.0549614474231717	0.0239689190779343
1.25635904617729	0.87494486167539
1.83137413625852	0.718303982282656
0.552556572621737	0.322234195690902
1.25721379065725	0.875849939196482
0.39743817424851	0.179869013965184
0.659982816523066	0.472227046488625
0.664681512408647	0.47641618048079
1.57891100532146	0.786935009694621
0.297087672696185	0.224727059083463
-0.324423084328922	0.194729339905595
0.53313407482189	0.191800740808182
0.150882619911791	0.0513268309948059
0.150475303496717	0.0577813686431488
0.149464413960118	0.0283283450696208
-0.1479006917775	0.0529122719445307
0.617983271024711	0.325163377946729
0.154540296660048	0.0525165420882453
0.826058603447256	0.34818473678636
0.606270550901662	0.589997047541692
-2.11669375335493	1.62814775013585
1.09930218667006	1.39929327181396
0.638321215804177	0.699588534428358
0.693311393297908	0.324654322059992
0.403246530166326	0.182661858543197
0.669009496945769	0.212302346826553
0.378746773339742	0.192645594315163
1.07283799847005	0.520200234598361
0.161683968820609	0.078582094176274
0.35990224564242	0.181801907416511
0.674079709901257	0.214036050556618
0.967194537020287	0.661116132026926
0.155015608432854	0.0673068309340581
-0.779804419549096	0.424157606981819
1.27793156796812	0.705158655511195
2.12041605569515	0.95168550356035
0.48998380818101	0.337524257026733
0.0987600863606967	0.0677041282443083
0.153177830051709	0.0665020105437734
0.669009496945769	0.212302346826553
1.33769715960399	0.586940811923239
-0.322858353232162	0.193833549930532
-0.432906166478862	0.333411486087029
0.483607177771322	0.332383240281695
1.06664755352156	0.516656534388672
-1.98852497501721	1.39052300418681
2.56627072603857	1.42791865752388
-0.395071670435589	0.164675396539339
0.717759004081675	0.474696933906852
-0.479348001921085	0.25129970765355
1.39965951612228	1.08815166142096
0.914765796789709	0.943593590549266
-0.0157491960503382	0.00752171434193213
-0.663174053929147	0.464050756794583
0.154169004929053	0.0668513325863638
-0.332382250917696	0.236091335449992
-0.52980172539254	0.334746768892503
-1.21808426083238	0.92042954221125
1.33172308463725	0.583465642802096
0.632388331289626	0.5972641088231
-0.241924749339074	0.178532858645156
0.534772241612161	0.559636750742706
-0.787747229944983	0.522204910296308
-1.54613246994867	1.49468188654911
-1.0293751399659	0.821860996866985
-0.0570440860259364	0.0248617188663237
0.829163317967424	0.349753041955828
0.351185880995087	0.197137113373118
0.515142798716355	0.329113963936362
1.04051558933761	0.395002404087772
0.171084432983073	0.0916957491045184
-0.319430998254591	0.191339528419473
1.39839639526398	1.08662022677046
0.694680467931084	0.325509804917401
0.162742974316792	0.0485792905021731
0.157667078473126	0.0766082814504913
-0.0179029935498827	0.00849038924048632
0.0143549809482658	0.00719852873348554
0.15119124154614	0.0655932214442673
-2.11251705416886	1.62321359018192
-1.17609281654956	1.20530487583056
-0.135626923799718	0.048632694630945
-0.708962357281546	0.724590333867276
-0.00628833760440383	0.00404906617033973
0.35650532121923	0.20079655038146
1.76971607780119	1.38594940858931
0.613838303678959	0.322548332275997
0.617983271024711	0.325163377946729
0.534676685393129	0.192377474764699
1.57430333891467	0.784076299234419
-0.21584116833564	0.0696924945480662
-0.721072169669292	0.247553433626533
-0.508726136412734	0.192183826362266
0.152289864541204	0.0287035071443224
0.533381423092331	0.191857858909081
0.362212679704311	0.183201550375656
-0.347480099168433	0.0999933239977275
-0.14872602711252	0.0531812505324189
-0.516519654579737	0.195348018988819
2.36194928073803	1.18532146060741
2.11822736872309	0.950292276417873
1.06870254878983	0.517544629808042
1.07528526453957	0.52178387770806
0.803710752528003	0.485078391178881
-0.211803100213447	0.0684440141233586
1.07387605693016	0.521153365879796
-0.511940042194786	0.193536003564032
0.796175308452276	0.478757033039757
-0.0249539282790865	0.0116923758957108
0.0552826581209737	0.0324392353325597
1.10107742719146	0.681172114279366
-0.514630991185235	0.194661861681357
0.00408054401784364	0.0021624205720592
0.799797458684364	0.481877467073719
0.167818628840251	0.0897917089523135
0.149358487897967	0.0573759536116166
0.333805503182954	0.203747740837562
-0.198951888820998	0.181303756440284
-0.856152379656611	0.851321995822597
0.189811082178393	0.141820475299502
0.528211999446963	0.33924648724549
0.0027300099642089	0.00151947192160673
-0.979160981456488	0.485097389866449
-0.601512099677528	0.28810721110832
1.4024439600694	1.09050592283142
0.825425367366759	0.347866059057456
-0.0565644351992689	0.0246587382962158
0.836532807674869	0.353150335187375
-0.181564554500669	0.0974724823430632
0.370921348483834	0.188075152008407
1.27716680760934	0.705528876302064
-0.0509240148133251	0.0222680861902599
-0.0157515899784759	0.00752184429220787
0.174324689088382	0.101263365175392
0.293344128208913	0.248081650790751
0.917599951820982	0.800021470021879
0.168270257543943	0.090219073504598
-0.715679332638187	0.245486387372389
-1.32052478346702	0.826541658231979
-0.41793616036954	0.357467197144255
-0.13161889384887	0.0742911658982643
0.321905794904268	0.210238195824789
0.161782158512576	0.0785511543503289
-0.485425543764956	0.254453260517848
0.161167508035657	0.0546555918885486
-0.57329839964385	0.418365247972487
-1.72518028815757	1.45784456904554
-0.240735455867058	0.177606627160055
0.0845966113766256	0.0553258861868938
-0.779429786596413	0.596991093892238
-0.680338519120549	0.539474333970405
0.586321716682508	0.471115393315341
0.278146687854793	0.24803839435635
-0.69831369334076	0.753386839062149
0.451633653248067	0.181704491616
-0.176023392023103	0.116951690418934
-0.362322409680773	0.311251493724971
0.807698153270044	0.770064351974681
-1.48656274069225	1.88192259571734
-0.669874947986894	0.47021866285906
0.330537795384235	0.201385834604209
0.32433828932024	0.225319285846458
-0.788402408011213	0.522578332512192
-1.09030851938765	0.746104583312572
0.1603959140629	0.0779278130968304
0.483671412511252	0.332357900462384
0.690784344235506	0.323574303862237
0.716939438112398	0.474654038236637
-1.08674765981784	1.04424860620388
0.404766369449656	0.183328709818888
1.27538386509779	0.703555151520653
0.156344193156578	0.075861733805784
-0.100273745853359	0.0588700113605895
-0.302493220962155	0.138977897549018
-0.541847905464708	0.344163927320091
-0.0556083768586548	0.0242576879413001
0.175287302826679	0.101842269343525
1.10956608822841	0.84704179943192
0.159935442363796	0.077707833429025
0.514703237667785	0.329189612211067
1.27995480672453	0.706749878543998
0.875626103765662	0.653818517406407
0.301876139342165	0.218708549946276
0.371401529209412	0.18831929002101
1.67028205515464	1.58717448540921
0.178999857487102	0.117176530008865
1.45514143110378	0.482646568994266
1.57561496103913	0.784837909518107
2.11822736872309	0.950292276417873
0.166084152255821	0.0418055330790301
-1.15672629656126	0.646028538730183
0.534676685393129	0.192377474764699
-0.525082284718947	0.198984525789772
-0.0983497166595668	0.0389984690848497
-0.216073906032278	0.0697456994821053
1.46261822785671	0.485296318127314
3.26352329858721	1.1213740078214
-0.343223291761604	0.0987971723984263
-0.211570661634719	0.0683393251116937
0.964139985732868	0.658090187861103
0.948535538575274	0.252058145640786
0.151280762208981	0.0580841616258523
0.401620952078567	0.18193636866805
-0.325394716110993	0.195440951837047
0.532249310589414	0.191451139948052
-2.23758188051541	1.8825406505533
-0.398844418423495	0.226267029787654
-1.11832918447077	1.22885158468542
-0.486475895983971	0.255748746023298
-1.3281288766947	0.834300296965657
0.427164793215573	0.341863454055033
0.947097253557627	0.251590606337117
3.93257323321094	1.72656649429801
-0.0145104865779493	0.00933338543712953
1.10913589103176	0.84667495019509
0.449789722778308	0.181026577666743
4.17878862353177	2.01475890584611
0.161167508035657	0.0546555918885486
0.407709174307832	0.184869701831808
0.152289864541204	0.0287035071443224
1.45868047865843	0.484047550536175
0.671634827760764	0.213161681695785
0.145219253349431	0.0558150779232109
1.45674006944678	0.483086167228603
1.82480922054022	0.715302875396814
1.33432841091739	0.584762055165741
0.798847519201868	0.48122081514434
0.162244414904995	0.0787823381540107
0.160489139338675	0.0479185611557889
0.153247518839476	0.0288421886814327
0.67196229909328	0.213260403734251
1.33011373386665	0.58253136514184
0.460976342262101	0.466918760972177
0.536053807050566	0.19286894180571
-0.600166078004423	0.287430036059165
0.15318020451798	0.0458683668193207
-0.5337801024197	0.33804010297705
0.704129612218066	0.620173820727387
-0.574474490040625	0.419594436173485
0.449618779962129	0.180872500408506
-1.79835097978106	0.382953978270685
-1.81339137537901	0.738819242243621
-0.213639314943098	0.0690063709749365
-0.976655597147032	0.48331333967379
0.718193129466176	0.475073034923567
-0.705228993374098	0.672405800478715
0.159865598376685	0.0777316754427577
0.395109703983226	0.178638181600002
-0.643849581689924	0.381603329072364
1.79312647457593	1.005463111482
-0.153003608094695	0.142986149848881
-0.937978714267339	0.990649032306998
-0.397964163215559	0.2256642363574
-1.16146845260062	0.650117432461025
0.19914298093954	0.143931817928789
0.0583665461199423	0.0454512317663415
0.103629916174237	0.0738428918290754
0.366781647147569	0.343208178963484
0.551223493394257	0.321235948023686
-1.28074902977108	0.57785362350458
-0.342235478378113	0.0984932623692754
-0.781606253425508	0.425781410351007
1.82989641162675	0.717636239108384
-0.0938844786016753	0.0372437459496391
1.33366758907542	0.584614927374746
1.79371759466905	1.00641588065286
1.40757965642934	1.09860281717966
0.522340727727349	0.334737519286005
0.959745699008191	0.653425935622876
1.28155486221714	0.70807345119534
1.34063351627006	0.587965212612392
0.16014111548401	0.0543685528719876
-0.761477215978493	0.330621637053274
0.540321571114426	0.194486652256984
-0.766354701989017	0.33334897510596
0.6737511905791	0.213807078926834
1.0454798173394	0.397182748534993
0.528037291229889	0.189817364251845
0.149184364319295	0.0647151944482509
0.162479935061762	0.0485106492306684
1.39753333502334	1.08548822825127
2.36194928073803	1.18532146060741
0.94807088907188	0.251931335472786
2.75722496636877	0.770257049482932
0.949511917528176	0.252227362219882
0.167686240865101	0.0567815263738087
-1.81206173391041	0.737772890219594
0.166691919569473	0.0419536988970269
1.06877644249	0.518048785757099
0.161415729852303	0.0407561524608698
-0.340926891852112	0.0981051026466341
-0.340926891852112	0.0981051026466341
-0.721072169669292	0.247553433626533
-0.344210615318698	0.0990368506115311
0.152567656731362	0.0287430408348264
0.665076092013553	0.211028905087732
-0.343223291761604	0.0987971723984263
0.952312839774606	0.25302018984475
1.2577691486136	0.876986393537468
-3.08209765998152	0.963916510480773
0.669665397318181	0.212450186666999
0.398215213193658	0.18016843692036
-1.51429942551804	0.540079204882619
0.827078230918429	0.348647296918383
0.16262521966381	0.055161447726895
-1.27396186256476	0.573975597113704
-0.18569085761714	0.0997865565428197
-0.218954863646905	0.179829313870846
0.165448561621303	0.0718378245088849
0.167947450814005	0.0973350732343135
0.316971259602365	0.231318138292082
0.165704597093625	0.0417255219351786
0.164924003228835	0.0491712866480455
0.66999328440441	0.21269616854207
1.45815211165477	1.66669562380247
1.95791760701363	0.441280139896969
1.56966915388926	0.780685397574885
1.03984272433899	0.394547494768611
-0.516096514132394	0.19525236723075
0.149464413960118	0.0283283450696208
0.166264119494978	0.049533131724672
0.167299398578488	0.0420768316112512
0.668176168576197	0.211989237575833
1.06907840983834	0.517944608681236
0.952312839774606	0.25302018984475
0.944906190121193	0.251072355848773
2.75722496636877	0.770257049482932
1.45184554016218	0.48122826717761
0.951331866170054	0.252756684317784
1.45316902836548	0.481724936898338
0.149464413960118	0.0283283450696208
-0.390280372005779	0.220718316131092
-0.916254862153271	0.671600212362123
-0.975840546953884	0.483006975700918
-1.27605282856675	0.575459260120326
2.75446121880292	0.769079402442662
0.152289864541204	0.0287035071443224
0.151513479989601	0.0515213325333355
0.146634038667338	0.0499238681090866
0.179882531219855	0.111485650515735
-0.330698431673957	0.199048032329067
1.04051558933761	0.395002404087772
-0.627367542213354	0.153354696036073
1.03891215300373	0.394007867391054
-0.185971861737898	0.142137664139196
0.765602100570423	0.756144678643796
0.536938645245252	0.193260647952111
0.149358487897967	0.0573759536116166
-1.33646942330054	1.33534177198853
0.0599163085279234	0.0478891455819999
0.000385207940762327	0.000178151819074681
-0.379971334126003	0.260972845275156
1.96820918919717	1.23299346818242
-0.211147146065051	0.0682441817050335
-0.761238994964951	0.330498548940373
0.532022890862633	0.191307575847994
0.67473928175237	0.214185038642858
0.162400863971746	0.0409830958055786
1.82725871051587	0.716521694707993
-1.02247246926207	0.405088924708776
0.830182706808353	0.350258866431055
0.163413249256128	0.0487677019311828
1.45280255866496	0.481676211868722
1.33857781519291	0.587388164181981
0.797200783476576	0.756286979496106
0.441985525141205	0.177657229556724
2.3610676854754	1.18451651913819
3.63584691762689	1.43122630608999
1.45086090685868	0.481039409485759
1.04102963664621	0.395089191585647
0.155986207086685	0.0292416787556187
0.675067592191977	0.214306398275368
0.166691919569473	0.0419536988970269
1.45806698971783	0.483796340944708
1.45514143110378	0.482646568994266
0.152567656731362	0.0287430408348264
0.951841444348566	0.252891357699991
1.45575253921811	0.48289648887464
-2.5814875372856	0.665060440379843
0.15626975600377	0.0292821097759299
-3.75401437740445	1.48667662741171
3.26252567397545	1.12093560535381
0.666057985126717	0.211344647530167
0.173530750601275	0.0434258550533535
-1.79835097978106	0.382953978270685
1.95791760701363	0.441280139896969
1.06766082936195	0.516968085333025
-0.387216962448202	0.161086074632708
0.948535538575274	0.252058145640786
-3.08652986879455	0.965774290031657
-3.08209765998152	0.963916510480773
-1.79827400712943	0.382942964938875
-0.632432130022522	0.154575713959717
1.44987667304504	0.480675917422322
0.165704597093625	0.0417255219351786
0.150523503025892	0.0653077753415023
-0.703547168850222	0.716827824165634
0.312395610093276	0.21591550799767
-0.609355042492423	0.54079212996622
1.0110798971722	1.4293907190768
0.162081946537912	0.0483609353278891
0.700000373875591	0.328648154888862
-0.213871750896534	0.0690577255793313
0.152512200631439	0.058591261045569
1.25235789307171	0.870218831253174
-0.450904791640614	0.299426612055393
0.145055199072322	0.0629358846687276
0.485893891019693	0.334317692785895
-0.728985188347722	0.250504530952487
-0.758063676832772	0.329009339394468
0.533792789739045	0.192056407531968
1.06561374213039	0.515920962739469
0.407182757584879	0.184627393775162
1.13596528651138	1.03230817370013
-0.209836069462463	0.0678117289314428
0.956565566219345	0.651128756936231
0.797791535935832	0.480832725943371
1.08736372285734	0.669877906927709
0.406107704388176	0.184144846980394
0.162216055669742	0.0484111379512858
0.144719335466592	0.0627800565010028
0.0657946203518279	0.0408617441652763
-0.874897434997667	0.80536376117348
0.611133585895375	0.464521576939573
-1.09874958174872	0.754879116725123
0.165704597093625	0.0417255219351786
-1.67204356374882	0.945330805086588
0.608198956003037	0.31912028546692
-0.13820927510853	0.049531032348743
1.96347367074551	1.22722452962153
-0.400645226258838	0.339044137733361
-0.264237371972465	0.165526234292913
0.697834101611107	0.327384517324711
1.34450239072224	1.42261230221454
-0.183426411431694	0.0985126092271539
-0.133128167748954	0.11384932357117
-0.00632741988947909	0.0040760957512831
0.313346691014774	0.216646458754881
-0.450311457580551	0.299449580941284
0.212859189201604	0.177803307580272
0.0461272905275508	0.0347496344507309
0.420326094402954	0.3351742849079
0.194621915541408	0.134484400951321
-0.137684886201718	0.0932846131589356
-0.139665017526168	0.0790235549173161
-1.16997745150977	1.19565202472743
0.756029091093396	0.637807988253073
-0.211803100213447	0.0684440141233586
0.000468870019970531	0.00041661703150362
1.3994782103001	1.08627555171751
0.333161940905735	0.203013747052727
0.610651806823267	0.681937041014494
0.344196036532957	0.210967853717397
-0.0927896157019774	0.0368282351882246
0.921971291042975	0.805551369062798
0.285325403210266	0.263072155163191
0.464069431104714	0.338166140822894
0.315067031237916	0.240522786565555
0.166528409127177	0.0496297620210776
0.948535538575274	0.252058145640786
0.166084152255821	0.0418055330790301
0.66999328440441	0.21269616854207
-0.0896410105767752	0.0356287695912577
1.04118814853393	0.395160512018798
1.57561496103913	0.784837909518107
0.16707117146508	0.0420080923591852
-1.13521969998424	0.343544374381215
0.16707117146508	0.0420080923591852
-0.146252414230362	0.0523425133241546
0.53650666226299	0.193022853279719
0.165690756490165	0.0416910272978735
-0.216730820199361	0.0699462135090824
2.7554263517449	0.769222911089782
-0.138702990505409	0.0497112442887257
0.158974061400232	0.0772790886868511
3.6409027894866	1.43427384419709
-2.58120409692147	0.664991486920107
1.0454798173394	0.397182748534993
2.5685528501622	1.4303263628497
-0.213639314943098	0.0690063709749365
0.947097253557627	0.251590606337117
0.61597724998667	0.469405692201007
0.155846546513865	0.059824112236972
-0.306158679366283	0.1407209567511
-1.81272640846626	0.738384406689963
0.154013634311518	0.06687398354569
0.449249833898474	0.180664858913565
0.367276649497884	0.185908324298257
1.40713029045733	1.09813444357559
0.194646275964723	0.140224384088741
0.329497338867904	0.215847938860055
-0.0718267920704309	0.0436158560663263
0.958825712369151	0.653479081630605
-0.28350839904023	0.205601255752525
0.433285710913707	0.330487692992384
0.582342277183596	0.467299919205675
0.968892321668163	0.963584308692492
-0.02228603077511	0.0104919103966703
-0.768352792297376	0.334422629290655
0.0281411971840998	0.0154968299805263
0.192416845469046	0.138607795172225
0.798471835239548	0.480821731581174
-0.0192440544249096	0.00911122542012818
0.362596733901538	0.183432478704119
0.353396354772355	0.198762766166764
-1.16223369315473	0.650874879741783
-0.597298018480201	0.285831906464435
0.340266386814607	0.208080902655731
-1.59413117041669	1.22549330877067
1.06508013343456	1.13682524371072
-0.785618454774894	0.428249977273991
-1.02874601909291	0.821949841069233
0.311161060533352	0.214954049865628
0.612504602681919	0.321656275202434
0.468878137900513	0.320033080977364
0.174141673857488	0.10773024455621
0.855936785480314	0.783265540112902
-0.0410717701296268	0.0180996133177147
-1.21897268478934	0.921372151248341
0.112535569274171	0.0805387863295943
0.513651089406802	0.328254612497362
0.0129792202042269	0.00653914648002199
0.901693984968936	0.487160745741421
-0.894731823888409	0.745845212445761
-0.49885645307136	0.375689477164595
-0.260848107730637	0.163102172121112
1.66700530878399	1.58336322658197
-0.261754674086549	0.163682672997594
0.348138743785756	0.195371856423941
0.16659301543248	0.0809914870855777
0.870357354796994	0.647739196733461
1.13317046224943	1.02886707693614
-0.173520723458691	0.115164288977431
-0.132532511294676	0.0747554515714037
-1.33574946360845	1.10547577225222
0.182171226470756	0.112946461037152
0.66089006435815	0.473036017141162
0.322875549525278	0.224294559677907
-1.59812080498624	1.230586400023
-0.0848785329137627	0.0337923409282591
-0.143396196869431	0.0513133943799015
-0.944417565843446	0.578699284704124
-0.893331447375621	0.743921181614367
-1.08135774254576	1.03726258968532
-1.03257862851548	0.826568175039699
0.425944672388646	0.340662443953166
0.34611117726803	0.194210022658222
0.693985698056631	0.725345528218873
1.26337381087199	0.881909296966643
0.657061540480432	0.598051774395764
1.10805198242822	0.847130014425823
1.33278572894675	0.584055913334951
0.370540543586951	0.187825133279857
0.613188000988	0.322042634973678
0.541476089266398	0.314372563314806
-0.486172310450212	0.255302166290046
0.454191867944834	0.182968950364669
-0.913493954520385	0.668499868430143
-1.02050867103886	0.404356899215527
0.161809663243855	0.0483223326687324
-0.78477585296416	0.427679351079229
0.163052600857019	0.0552946395308048
1.45184554016218	0.48122826717761
2.75722496636877	0.770257049482932
-0.211147146065051	0.0682441817050335
0.459009689189827	0.185000451776751
0.673092310209553	0.213658316206257
0.154514692286149	0.0670936924901878
0.165858197331239	0.049441036827577
-1.01961453275747	0.403780235295886
0.161546088205671	0.0482379354240544
1.2773680546776	0.704728869477795
1.79050346561438	1.00408955319475
0.825619212793805	0.347833366414085
-0.143034785337113	0.0511857384265564
-0.137617828979002	0.0493209249602082
-0.0532320673717442	0.0232365980319676
-0.512146849346214	0.193682417019057
-2.62759535936316	1.6074605178585
1.2510187453128	0.86865470178735
0.158323275965016	0.0473326847049123
0.866891179089577	0.796927852421398
1.06885711547797	0.517506437470487
-0.219388531614775	0.0708318276022096
0.159941194521509	0.0543013031904569
0.157771079018536	0.0605593318935867
1.04025757139702	0.39462037836431
0.530302841945449	0.190629386189377
-0.215463258898337	0.139392264733439
0.320784895288969	0.209523709285482
0.802693098984032	0.763514730515622
0.0430472617915102	0.0252764834808668
0.851816899803906	0.900650001587939
0.04472033306043	0.032661411631596
0.0610182222754639	0.0358089595204976
0.510611109650221	0.460237555829429
-0.1413282232745	0.0799677870364654
0.041175931989255	0.0225572881752426
-0.0395615668128457	0.024672041847113
-0.103453789141813	0.0608086990501858
0.859338222835555	0.787607116904312
-0.137941846603205	0.0779837680763317
-0.860282941711482	0.856556378671384
0.589195896988538	0.474437512835048
-0.557006083157514	0.403582125583084
0.124528963616397	0.0957244441979825
0.329720454672266	0.20090605981968
0.165775228062931	0.0805432044167574
0.00773041552233615	0.00395139106221931
0.430179944325624	0.344773954780803
0.960154857630018	0.654571118424885
0.555732490677334	0.324158116223017
0.182148837938731	0.125120009423622
0.153008476524145	0.0663189403278178
0.491868211080022	0.339366713700195
-0.0700389242933193	0.0425300469675065
0.192390493871874	0.132855789182592
-1.33417269112769	1.10402937088612
0.310719644473001	0.214500821920412
1.49605762599515	1.52133598673858
-0.946969329031327	0.581326941842926
0.809080785930876	0.772097004663125
1.34538071636697	1.42456346305768
-1.08625361058796	1.04433573437832
0.179943920398945	0.111538533601974
-0.320655188633275	0.226354265139503
0.458490894888584	0.449003926594705
-1.91679583097694	1.874924962054
-0.134275898949539	0.0758519434852255
0.297600481315005	0.225151358595548
0.445684301858684	0.447376868420698
0.793316597864182	0.630256764190542
-0.247024775176837	0.182771191310498
0.603418847631001	0.316174358572471
0.830619967524104	0.350375616463859
0.369181882804708	0.345996394328237
0.458335434091426	0.333410985027756
0.526404884371845	0.457151331423443
0.40727124347035	0.445907205767569
0.630692704583129	0.59485969027162
0.302377625040232	0.229204168680195
0.346447765604154	0.194304040564832
0.182231310035661	0.112936927881938
2.53768290739651	3.4114061702576
0.615500252221583	0.323373192191204
-1.32002432781483	0.826111742106854
-0.977897456948131	0.484018053401845
0.361348263964172	0.182688512900458
-1.0943763442334	0.750262172497341
0.604041115166046	0.316362059955923
0.328286882805907	0.215067763425863
0.453838875551382	0.182772785031551
-0.232088348123153	0.115986101897082
-0.975962525466467	0.482241534323902
0.158019850561132	0.0606595504222323
0.166045103498533	0.0888350753725163
1.04707331050621	0.397622620290395
-0.783117963553923	0.600320531007059
-0.787068111790984	0.429614306053086
1.07175237160471	0.519424540717357
0.695485768570234	0.325993590968415
0.609831548617914	0.319996534343021
1.09349847993855	0.674685686895385
1.33278572894675	0.584055913334951
0.442965014018458	0.178068235488366
-0.179488877542728	0.119437560897294
-0.0191491912761944	0.0090602111649173
0.160770338301963	0.0545730641617949
0.336091312107467	0.205163500987699
-0.0551292885383177	0.0240551235757528
0.323431906269748	0.211483346322006
0.516192709895669	0.32964691744709
1.25806920494281	0.876689661752914
0.15868166261938	0.0538850546392354
-0.725893626398728	0.24929421456428
1.45514143110378	0.482646568994266
0.94807088907188	0.251931335472786
0.308544490067486	0.244867821976997
-0.290797199528038	0.2343498034578
1.35040686845332	1.4316666362374
0.510033108232587	0.459782244820226
0.101974626756723	0.072595514266313
0.169091900380172	0.0907360502551867
0.620960846407594	0.47389971369142
0.315316670418737	0.205333353801706
-0.240867607342594	0.177724144328727
0.195806083908002	0.13543507242823
-0.77761873293366	0.595281482825617
0.0764730988863233	0.0498808406097145
-0.326572860001587	0.231145103193391
0.547388186762076	0.457249186446943
0.0109018002350749	0.00737491791799211
1.14516710488962	1.17885348251071
0.860767015766671	0.78913037672509
0.798896447427091	0.862957066216361
0.339990842859868	0.208066002583257
0.183032893097361	0.113601754625574
0.623078473483899	0.476031498267528
-0.128104403576925	0.0892977752619533
0.326829974365464	0.227335347989605
-0.386260983483904	0.266293110519994
-0.387979230282861	0.267639403953395
0.0575416163256059	0.0337511455720775
0.00676152530215307	0.00345417562560734
-0.680741758132087	0.540315216827027
-0.775570113192851	0.782552018209296
-0.0658176631207207	0.0399293571235805
-0.791718606418354	0.525597874296852
0.588372858536294	0.473578793539666
0.337216706789185	0.206098966330803
0.183863361786357	0.114163018033526
-0.281399020815734	0.203817832529596
0.106982885574244	0.0789111078205406
-0.461756438826087	0.388316729635415
0.182100211141424	0.119404302739015
0.734935109022828	0.614140071514148
-0.312443822949772	0.219535861818018
1.15259906913865	1.18960391713493
0.178417970394335	0.103815489440027
0.957811733286974	0.652779338326592
0.515392480567582	0.32971511327091
0.861594004253911	0.790068352676852
0.623332196970753	0.5854143822492
0.739348239471341	0.842586281431933
1.12906370171028	1.02311113440496
-0.335050144753621	0.26738239233516
0.486326683528229	0.334386313987649
-0.509654536128286	0.19257401611806
1.07562959364699	0.522094861817641
0.746325743764884	0.62723837814737
0.854994201867065	0.782255533172941
0.400107154369094	0.181202279701517
-0.30515477418509	0.140206020457341
0.699441148839261	0.328362729428968
0.695849850272461	0.326454362153707
4.72735475481981	2.88599279124111
-0.17402584666089	0.093227426594519
0.788426767279246	0.472982509215967
1.38607413636077	1.29602656126965
4.39239026647454	2.2934581696573
0.450885594396518	0.326705704936442
-0.656257947965697	0.390703095384589
-0.386659192979276	0.160832500888345
0.723816014527586	0.480244425401553
-0.770016488806791	0.335285011373904
-0.234305983262521	0.117120175160852
-2.3376826692213	2.12668141265006
0.459237217998714	0.185076722444385
-0.135244272398356	0.076378709868256
0.744564669243141	0.625331168373448
-0.265046349486194	0.166096804618789
-0.779421949491397	0.597497484331565
0.15868166261938	0.0538850546392354
-1.59487038425169	1.22405032642848
0.820828652705282	0.896999133307133
-0.719194825953782	0.246846541949292
1.46300357532398	0.914832726807906
-0.719194825953782	0.246846541949292
3.93558817450596	1.72920225169506
0.667123116694004	0.478706910132416
0.733532843312109	0.833149414392065
0.584016589053713	0.469077426976791
-0.00367058210129844	0.00238927514902999
0.53230821769693	0.463825995439642
-0.138613687790476	0.0939496034246164
-0.00566811507602506	0.00367337747121266
0.565054292827298	0.581521307398484
-0.467938222614567	0.459844404216841
0.50281422417424	0.451301039178904
-0.458371010826535	0.305959571437131
0.398303787861969	0.342141363352779
-0.0144970038570515	0.0069507076906102
0.0172334349125865	0.0086244358694976
-0.910192271204974	0.664884810467188
0.325525402586535	0.212980142641587
0.772031833069304	0.859979392632769
0.205531891099516	0.165734668090148
0.164253379636984	0.087778182578851
-0.429425567019799	0.330000865347752
0.182968419731187	0.113561799699303
0.154991711035925	0.0752703955641006
0.663564836318204	0.605870111399489
0.319428613375976	0.22152929985624
1.70005464160405	1.98951277493837
0.196325942438406	0.129446124856994
0.584061356889387	0.468801147954179
0.0678392507642085	0.0421391327622793
0.105966404331839	0.0756155341062324
0.0768655805907125	0.0501452013569121
0.748632157468558	0.629496633303071
0.745036212498762	0.625877110625874
0.350662401656455	0.196701605392984
0.424661309294689	0.339428078409897
0.0750503522307171	0.0489335157458648
-0.652667403080719	0.388342986369212
0.312058980646914	0.215671438196199
0.179801170458263	0.104652543344231
0.175226633963054	0.10182001700823
-0.0208567233975974	0.00983702082235571
-1.24400985759483	1.16276869354312
0.0962005940098896	0.0706300755260424
0.0831855309592125	0.0543674889523654
-0.537262090567083	0.340570205516183
0.973756963413108	0.667265680542179
0.661164854623313	0.602553164145517
-0.622774695838448	0.596504507807161
1.00524423477596	0.827655107021278
0.665114699245347	0.476816708873849
0.903331679981078	0.927451164711534
0.849581063752871	0.897281792410079
0.5499453879473	0.320188473912161
-0.264413243007717	0.165594683928713
1.40549899332403	1.09492450311814
0.661920604312802	0.474123177234848
1.28815925932283	0.713183717580844
0.480122415013298	0.329627037492985
0.563176602991003	0.329517372962209
0.365376412312231	0.185084494226465
0.807798287134971	0.645717952769609
0.535395561912051	0.192613210987845
0.695729012477645	0.326110198390156
0.695049564700216	0.325985570559049
0.331347512632625	0.201919590226396
0.162706550633882	0.0790081716895915
2.26626351284959	1.75366608627417
0.560472022607451	0.327898753348257
0.455845401130376	0.183645920619101
-0.942683975336003	0.577409695647383
-0.943162280611229	0.577754204341613
0.44188876344031	0.177572446319717
0.902498509836452	0.487672871570971
-0.380863922389473	0.261766358952282
1.66230239662848	1.57566535706706
0.0300226735462542	0.0165165185222296
0.443684953017544	0.178363217091806
0.145221966428211	0.0629948110028192
-1.21919567324564	0.921611604929215
0.341378096086844	0.191079659734683
1.44987667304504	0.480675917422322
-0.628347365301396	0.153568930486371
-1.02582176479153	0.40676668488424
1.0454798173394	0.397182748534993
0.161371661207361	0.0407090395448197
0.947707476517323	0.251863651931386
1.45476541507032	0.482531337515686
0.302891227296467	0.248754239079749
0.187282798105276	0.128986655027169
0.199407992700834	0.149818464398075
-0.14425190527298	0.0980546182742365
0.298701262614703	0.226143079501965
-0.223087218749342	0.162838120079959
-0.38319369369664	0.263806120371872
-0.711598916789968	0.773575064708181
0.00186796272569468	0.0011001049622964
-0.227794291827877	0.14812725749093
0.00312447466156064	0.00169254946630982
0.17524913423693	0.101725710671417
0.417261533143986	0.331992764683038
0.796358338786906	0.633559463524998
0.404053080970234	0.183058046780863
0.109171410138546	0.0780318969720085
0.843068970708749	0.887517979034781
-0.131465196082352	0.102753009236613
-0.325675321518654	0.195619627306373
0.193990557656256	0.134056009141526
-0.285864008520429	0.207596728932052
0.569862938551374	0.566393700255889
0.110669111037024	0.0844614613245212
2.17098632716963	2.90835510258778
0.762822472023576	0.752251200513283
0.100206985995415	0.071322012249924
-0.782603239966478	0.426479396469204
-0.775008809514622	0.724792220334277
-1.04734744484415	1.0926384708183
0.340741376585739	0.208441346196059
-0.0440108475050333	0.0274189924079108
1.12953102062755	1.02399348671416
-0.897714090807639	0.748861256707956
-0.699863721774602	0.615361444042169
-0.268185814701711	0.168285793469461
-1.46714603649295	1.0226354021876
-0.881411021839375	0.813470375575157
-0.0077042708977402	0.00496690679641758
1.46559232254736	0.918262583983254
-0.303638804021022	0.139454596211068
0.563636230849736	0.329826078965516
0.907161382304352	0.490786001725486
0.0688444400636108	0.0427733531238911
0.801993410063086	0.483755283869909
0.533792789739045	0.192056407531968
0.312712161578409	0.227755146977656
0.694923768942287	0.325653810863872
1.24328985495983	1.05339214168236
-0.782104677653673	0.426145914283594
-0.669692464479823	0.469748343577312
-0.946889989913596	0.581362335769429
0.790757747047537	0.475415303777915
0.939425149990862	1.06206367500057
0.33332815328403	0.203387041536027
1.13001089815963	1.02330751390367
0.354291501547667	0.199345911661585
-2.1156493609459	1.62615475826674
0.155818742649963	0.0675760454100358
-0.00423846720278306	0.00276003486210975
0.961417025446082	0.656026390277412
0.0255637019111994	0.0141284565725502
0.718369920604834	0.476282687391436
0.513651089406802	0.328254612497362
-0.180103054227085	0.09662498120469
0.316930763513503	0.219496796169383
0.695714707687147	0.610280854995133
0.947560352748164	0.251716891447637
1.0423751179533	0.395795368074734
0.675727856461394	0.214455585681223
1.0492513271336	0.398543512155698
-1.02116299616938	0.404658802027825
1.95791760701363	0.441280139896969
2.75446121880292	0.769079402442662
0.943931183072951	0.250903413595175
2.75349844687128	0.768381126605175
0.0922648989508669	0.0630751742356198
0.0160226717540951	0.0113355787972517
-0.150140683279303	0.129898064400969
-0.391382950587013	0.441950819824808
0.29340776533839	0.239723224877164
0.571469125962364	0.730974821019968
-0.523891772544462	0.434447628013709
0.320167312862691	0.209002491514036
0.331416762831594	0.217469453185426
1.79026982458503	1.00340660103647
0.624399960098796	0.477348875891682
1.266925638631	0.697160719136249
-0.169691096035434	0.112412506291659
-0.0631186465221609	0.0460533562648557
0.528782991509141	0.551238807995821
0.340874046426451	0.35030410205725
0.673532280674448	0.724884699514881
1.04084128431073	1.35090419425037
0.0237762468943165	0.0131845898753985
-0.380796119600573	0.330762294381814
-0.424190459235753	0.325287545442182
0.408065921578658	0.338290777243914
-0.0678347574606347	0.041175223477854
-0.104503211638949	0.0614502782934163
-0.468040789136175	0.39501784989447
0.326719013763064	0.227324083573013
-0.212983283899145	0.0687817460409594
0.484568972515257	0.333187988943143
-0.787570884155068	0.605714373692318
-0.240348743348852	0.177289039389905
0.18996580048776	0.124917607531172
-0.387315546811222	0.218721459314379
0.153624955922203	0.0589958564344621
1.91167451799863	1.65921209263112
0.58184283668262	0.466100714016134
0.189226598326513	0.130443134868279
0.806013494202814	0.768397586956589
0.464493468506343	0.338929230181249
0.483093628113897	0.331479699012768
0.448143183675976	0.180297073220438
0.794725613033958	0.477642337511119
1.1442746422393	1.17731876887273
0.826885083784757	0.348595039349664
1.02032526437439	1.22567066191134
1.07723977638462	1.25947246299352
0.610709179416434	0.596028898676046
-0.646487262469838	0.383339995235504
0.174947291885011	0.0939034004345613
0.170483879562124	0.0914789011827932
0.00278472545156729	0.00154792575673855
0.742118235845022	0.621674185499183
0.600852955123276	0.583655340858504
1.15835126438197	1.43755875565572
-0.493301792279971	0.370740716644806
-1.08267344448382	1.03919612877372
-0.068666682078062	0.0416692564468728
0.181583141033254	0.112656396909121
1.06556463023931	1.13755958343069
-0.133908892430583	0.0755702917813085
0.586993025884146	0.472150146307033
0.969355881343708	1.19073585414961
0.824597524529586	0.347415264205767
0.168287851014599	0.0422797449011708
-1.51364953741781	0.539764698603452
0.949511917528176	0.252227362219882
-0.176134469996108	0.133868537364026
0.994660332826809	1.09260691987694
-0.015806431456878	0.0118275417371449
-0.0758424619425132	0.0544421049298237
-0.120166043055167	0.0834341605553501
0.405198028021959	0.335360997287453
0.720549223112895	0.730969570414918
0.0675406368831922	0.0419471325252434
0.0167725378855367	0.00841881346268372
1.45791196264065	0.911504506477291
0.150523503025892	0.0653077753415023
0.365607780556882	0.185333919400336
-0.00139892766630803	0.000952798688601571
1.51290734613961	2.00984259042938
0.65334677821496	0.695554484536869
0.48652736099528	0.467703609928176
0.801001631733832	0.639013317007467
1.0671032509224	1.14056181765035
0.280816577084732	0.250830480632013
0.367633253324337	0.333097029833795
0.856430908472948	0.783342500217535
-0.400610430348008	0.227583980351228
0.517793374018654	0.331107971263403
0.561444437766687	0.328203674823156
-0.568093905831971	0.413930720561664
0.788803526157972	0.473367432463218
0.559428078673278	0.470267503594375
0.31594152431707	0.218790803450445
0.162774743786831	0.0870864677426924
0.36394359679766	0.184190494902548
0.053655099261685	0.0314560669373643
-0.233933197390773	0.117067450298648
1.06870254878983	0.517544629808042
0.372832792964564	0.189108148125419
-0.514630991185235	0.194661861681357
-0.442041220681916	0.292911850355074
1.96035967699557	1.22564675523578
2.11729797170485	0.949744172786966
1.78908230506661	1.00240397696512
0.793866880712655	0.476956762419495
0.589553983344522	0.474722007847648
0.558392024997134	0.326071966892043
-1.32466036674019	0.830987640513035
-1.21340061720653	0.914447029575543
0.32909936898265	0.200355576107856
0.166143083876454	0.0962082951105789
0.169884476269569	0.050532053807675
0.16593836478793	0.0888759058285117
1.79595724710885	1.00756136420781
1.24961109595051	1.0624167737301
0.664681512408647	0.47641618048079
-0.0157515899784759	0.00752184429220787
1.25268910212768	1.23774551896951
0.0361669447573718	0.0198226862237345
1.15657813377073	1.31962586554365
0.325877517432777	0.212994198031626
1.48386103946472	1.50108714318892
0.60819807550165	0.318722599685588
1.57048924736166	0.7812871407472
-0.29767394357499	0.136545774717007
0.315477972932985	0.218314922537011
-0.216533977539409	0.140164482058252
1.46133043826506	0.913483643407044
1.96788034881442	1.23275792165952
0.166691919569473	0.0419536988970269
3.26252567397545	1.12093560535381
-2.5814875372856	0.665060440379843
0.155986207086685	0.0292416787556187
0.152289864541204	0.0287035071443224
1.04170224709555	0.395339897652291
0.743728536498409	0.624320612202193
-0.0954698368416444	0.0674131572337745
0.288132946306298	0.225967019887792
-0.237718609669741	0.175079586885417
-0.785778184181732	0.603586101405077
0.210499612177395	0.170263529199022
0.719955056155191	0.477333697425569
0.931349386399687	1.04817024966795
0.455864193153799	0.460282570609104
0.56335398253378	0.579096829967437
0.196386385724271	0.157528057375914
0.205970213249884	0.185761738751191
0.520332947383154	0.450645725291699
0.489086871026926	0.336771162747167
0.156654653991889	0.0601389991500927
0.695271174370886	0.727162359232548
0.907072758412707	0.932313145392395
0.197387839303895	0.136601156363578
-0.0219086940084097	0.0141104449011581
0.800573988608252	0.638550608281062
1.11961474607208	0.858777659340295
1.49967553801546	1.5269329525115
1.03929274456528	0.989681191279902
0.658918631927033	0.471588343048701
1.46711188297243	0.919639888728219
-0.264829389554664	0.16586339478948
0.143050714769343	0.0549846716821189
0.175292806933619	0.101925957382135
0.799224558468765	0.481516430126376
0.400108980255719	0.181011258193719
0.904546479526573	0.489413764048801
0.168126456300357	0.050048821022647
0.366414767409381	0.185421536875217
-0.142440177804696	0.0509737826404277
1.07941224555667	0.524136513260906
0.825425367366759	0.347866059057456
-0.324329047453464	0.19476975069477
0.829794788231049	0.349939358922599
0.827078230918429	0.348647296918383
4.38767273118689	2.29073450282999
0.957496311291987	0.652121616050861
0.485467421017888	0.333987870643433
2.03402334756852	1.93607746750288
1.24817656710664	1.05942602328188
0.74630196191478	0.627302547586602
0.552809806723952	0.463073541044303
-1.71897191809444	1.44864977623923
1.90365192251335	1.64691004357579
0.445938560849693	0.179281307043023
0.160770338301963	0.0545730641617949
0.399024659305033	0.180427734345829
1.78705360349719	1.40640582119241
0.85641269485512	0.783955647285562
0.402467449828183	0.182188516454334
1.78732760863277	1.0015560766495
0.0540297024788922	0.0316746608339101
0.510955552888282	0.326100684932549
0.934000572519132	0.820283771120184
-0.0386357294990953	0.0241020078503044
0.151709443880736	0.051599453197034
1.31042263785973	1.81067790638871
0.908495485689651	0.491815674425042
-0.321760806521752	0.193107886721559
-0.13556014258751	0.0766056162434793
0.619283444907992	0.32595117959353
2.75359620800447	1.6923009558931
0.535334953780092	0.192566688642047
0.155372593274282	0.0528040448022981
-0.342569521377039	0.0986187132378211
-1.79835097978106	0.382953978270685
-0.34191607535368	0.0984089732924219
0.152289864541204	0.0287035071443224
-1.81633539526092	0.740054103791799
1.95791760701363	0.441280139896969
0.113421746154402	0.086664926730786
-0.084127145254056	0.0590841615726482
-0.333577019257541	0.236959262395707
-1.12239195940041	1.23565810074891
-0.00665538751333056	0.00429599862799967
0.704679899950412	0.620940762357629
-0.33112918549935	0.235040713851505
0.183296617231751	0.126013478565892
0.403298586524085	0.347203130403533
0.0163122836931612	0.0109744926822649
0.41824275238791	0.437475331941288
0.20384537829685	0.164230288059669
0.0699446575274108	0.0547891211847119
0.273961268641524	0.25743476472215
0.297858004217115	0.235028788571352
0.667988563165722	0.479552024776129
-0.413503166840543	0.352872225044864
-0.377047343238627	0.295243599586683
-0.129300520673677	0.100867747082894
0.462402735995363	0.336820645101141
0.49624235408006	0.462212153404668
0.932193708724385	0.81722777603751
1.09317750392111	0.674338995742177
0.156203958783437	0.0530790256711765
1.49381918871847	1.5162594672905
0.957022521455381	0.946030612868758
-0.0421872102450203	0.0263008738930712
0.0282240539120594	0.0155648206455746
0.714897047148484	0.473123084319151
0.478720232876838	0.328332035352029
1.25226957018299	1.23623505616564
0.584841144305842	0.469934443868791
-0.176707962788105	0.0947169898514451
-0.178169136478913	0.0955589902107266
0.0504198104459087	0.0295708266319223
0.399578269544267	0.180747415802392
0.164080879782733	0.0556355639673763
0.160809401243685	0.0698096506946365
0.90766607456332	0.491595600835988
-0.390541341742192	0.16273368506513
0.16667193528676	0.0564616688993294
0.165704597093625	0.0417255219351786
0.397687058200255	0.179960302322032
0.436430229386246	0.333154381498289
1.25332503925372	1.06609563521944
0.969383306150186	0.963552124373025
-1.27072875490388	1.55318469673706
0.596303404134916	0.481282861286082
-1.80583725485883	2.08401988502593
0.311088506328934	0.226387755066762
0.360966688110532	0.182409610675254
0.716855990015049	0.473824436895376
-0.667117776828022	0.467057893109444
0.908223326463872	0.49152217183596
1.00405964676639	0.827489806923995
0.863542451235453	0.792976860147443
0.808611280373613	0.64647017932616
0.342244262333325	0.209620024564461
0.898345367999049	0.919643272763896
1.26707465721031	0.885950025474696
0.443753191107448	0.340119030472935
0.194268152947051	0.140062593462046
0.378100311308092	0.344926093290203
-0.077612839003031	0.0543528685723673
-0.794808302215107	0.527932886890243
-1.48322009253632	0.749647504548096
0.802705492114003	0.763963441701148
1.09630811418667	0.677107962933045
0.163524029686156	0.0793940513118986
1.1551339151483	1.31740421815043
-0.0191526246965738	0.00906300702903771
0.177748220144738	0.110036575958244
0.596585430058312	0.481723882790818
0.366241448531529	0.185594854023855
0.666057985126717	0.211344647530167
0.169606362252511	0.0425824743634164
0.527816689171872	0.189769137536265
-1.79835097978106	0.382953978270685
0.947097253557627	0.251590606337117
-0.717014216380814	0.24607192548599
0.169606362252511	0.0425824743634164
-0.0157023350536632	0.0100791905279126
0.192098043556912	0.143737446740545
-0.860182487786513	0.856902215913135
0.206952265822479	0.161694284907957
-0.207990655195063	0.155998776156021
0.474191238849464	0.452788504541988
-0.0674777876792788	0.0482164391055262
0.312438000166724	0.227450431260154
0.296079148909387	0.242263560055173
0.385637954623408	0.353405010201094
0.368746898484585	0.334335768256374
0.294626679255256	0.232027857551294
-0.0463966268311026	0.0289282552459067
0.638250880960017	0.78473955424823
1.01159405136868	0.836672735246259
0.385184030774491	0.340700081652605
0.398504025212047	0.342339628387805
-0.42742603243319	0.32830073516423
0.11833079405733	0.0906397431583875
-0.0195017378805219	0.0124520792083774
0.627364131610108	0.683011441464164
0.710987911853173	0.827712543489236
0.152830907934869	0.0662551558130761
0.061057647095921	0.037876460527316
0.48449835608157	0.332559115914199
-0.0425641573624535	0.0265405978261687
0.924742212877068	0.809044552330181
0.65826006868549	0.599526693509852
0.350744664274075	0.196843850056051
-0.601045541659549	0.490497879387046
-1.09498965521618	1.05649048472103
0.761888043331751	0.750829446619323
-0.449343514815864	0.298661244395495
0.343847171947163	0.192522905336769
-0.66129024349304	0.462344674604706
0.0670254080773377	0.04161925685557
1.09695302603204	0.677648806325416
1.40158445245189	1.08944164355584
0.336954733709499	0.205763934299474
1.77313604827054	1.39055317176732
-0.320468018545248	0.191961103623794
0.151078767063253	0.0513922453176723
0.696290438108489	0.326449871502926
0.612179388299582	0.321450364353162
0.478151442512435	0.327584065272527
0.548611268665838	0.319242240451355
-0.375331022812279	0.293621527061045
0.484568972515257	0.333187988943143
0.550990561314383	0.32051338119579
-0.912063905484728	0.666921256140107
0.482281633025828	0.33126392108336
1.07703750133184	0.52303316952189
0.452455087578574	0.182067894264148
0.875749314303034	0.653964003174514
0.749938717164913	0.630945597478186
0.696532942868822	0.611235460500367
0.599682915310243	0.582081945778031
0.661054077799459	0.473430184636827
0.655732945921853	0.468670468192897
0.659201874839106	0.600402849671977
0.450215205359741	0.181119832882834
0.0289816361558517	0.0159478190417787
0.173481483780553	0.100794122889968
0.691904525498531	0.324095013251426
0.173801213419654	0.100803784482198
0.844894522277537	0.768758656915382
-1.037340630164	0.831464853144607
1.28557822675257	0.711097457256157
1.54184427849986	1.33331416834126
0.056186737590145	0.0329843054266114
0.155015608432854	0.0673068309340581
0.401632985718102	0.181813336735641
-0.234661611485381	0.117264309318437
0.517373040977409	0.330847538352543
0.988647431700784	1.08303404628823
0.518965978462445	0.332154167760057
0.159311548972865	0.0540967488137483
0.170597157616308	0.0428000407476464
-1.81937129385307	0.742146991690708
1.95706969381346	0.441073865263096
0.949511917528176	0.252227362219882
0.616150741698683	0.324021375121558
1.95791760701363	0.441280139896969
3.63685963656738	1.43190397098036
-0.0234684339770029	0.0175115551477735
0.384459877808852	0.339953530534721
-0.200851151955362	0.167576318430326
1.15012492286506	1.30859083651913
0.108024761753364	0.0822945553129909
0.431087369870617	0.345658125413603
1.10617147208659	0.844238461860491
0.898392764074445	0.919276849606136
0.163696964389853	0.0876261967808764
0.188480026296011	0.123955863895246
0.523652859666965	0.454282081369299
0.403722139873366	0.347738377032577
0.106004928693836	0.075649392087977
0.0588497799617328	0.0345206217606814
-0.210103540517815	0.157835766939049
-0.227559062634272	0.187919875345742
0.409033184047523	0.339135593577954
0.795990918153005	0.633213830883149
-0.33551455910253	0.267791592646531
-0.370909265805805	0.320315054450941
0.188938208898952	0.124238768854887
-0.0943960052531054	0.0665679359580901
-1.16354914428202	1.18491103243018
0.11760487500456	0.0926816114911028
1.16117342301397	1.32801765483949
0.188722177805024	0.129978694330683
0.0712310376498764	0.0442919443206219
-1.15855186622984	0.648366010503737
0.17287741001599	0.0927564433665884
0.457918277300921	0.333051402040185
-0.680329780636572	0.539892270825072
0.079235992182494	0.0517328050801046
0.153177830051709	0.0665020105437734
-0.131057834853276	0.0739708746394689
0.173961307750991	0.101093756416825
0.803575706302165	0.640888016584174
0.928223431025933	0.812379080647855
-0.494186226246511	0.260237076207651
-0.952431203186	0.585623239861267
0.612504602681919	0.321656275202434
0.609861072107732	0.320276967492308
0.321966802473768	0.210310279171045
0.457509258807784	0.332521054819153
0.540978845881334	0.194742692172549
-0.510264137195654	0.192843398325321
1.00878376291577	0.83256012149843
0.613512573671803	0.322329169208786
-1.15912761229326	0.647946866901507
0.674079709901257	0.214036050556618
0.524398140985805	0.455039188411252
0.308798549494013	0.224480510548708
-0.527855603734134	0.333460947387524
0.958486282835724	0.65221434265149
0.15324756821627	0.0743667571482573
0.692146891506566	0.324338706437818
1.53909056689242	1.32748846712439
0.187040948654655	0.128812652439328
1.25021842056191	1.06199676965168
1.24995327088772	1.06174574079999
-0.501115774586166	0.377798523728983
0.581685960882809	0.466578343991064
0.400107154369094	0.181202279701517
0.175601173816487	0.102040516373727
-1.1583070292035	0.647391608800646
0.159935442363796	0.077707833429025
0.334714887081468	0.2041721119045
0.189541045115801	0.124600066407141
1.09264990077358	0.674383789513089
0.796172546291179	0.75517692148197
-0.232597121971833	0.116359267009922
0.610362975245427	0.32015557536002
0.0294698118995584	0.0162142144540834
-2.22768306836095	1.86581769603766
-1.32221262515851	0.827440860715092
-0.230294180675571	0.115059384993307
-0.479823661780605	0.251602414382985
0.187343952737429	0.123038361437746
-0.00248409389627834	0.00161289869160128
1.45377869768284	0.481973964249078
-0.343223291761604	0.0987971723984263
-0.627829060935039	0.153504607197422
2.12317964469654	0.953017030911702
0.948535538575274	0.252058145640786
3.63787278219551	1.43230843013536
0.099981962725669	0.0685524540753342
0.126306448422545	0.108085939053151
0.1989585477437	0.143804745575386
0.87835795052744	1.00990529796627
0.209886120029082	0.164223280797681
0.772239795697056	0.947454675595409
0.509325426043601	0.458760669443176
0.617636903436475	0.772307750953805
0.1284495362686	0.101961746982451
0.19792388845442	0.158920241800364
1.33685294018945	1.72736366998831
0.298779720605882	0.225959054772109
0.282182303182868	0.252323606777447
0.313861298580147	0.216862398753638
0.661869012015762	0.70798409809059
0.206191532126389	0.155464199657715
0.602789455507406	0.586109938485008
0.615608099767622	0.576020689665154
0.303240802073464	0.249111839836011
0.704440849333517	0.817160455404779
-0.0529923075802846	0.0385149136618853
0.6374459456442	0.603645694246167
0.11989644809583	0.0891293250851427
0.416948664498128	0.347282081271009
0.773118524978601	0.861448053641755
1.17479007393363	1.5786835298347
0.0409805172210237	0.0298849087338579
1.03623250168733	0.985204314774633
0.141791679134455	0.0615261826355884
0.505650146362146	0.321961631483102
1.24588141470403	1.51342141088535
-1.96264885337599	2.50353682989043
1.24635257810942	1.37974290380562
1.34231665412034	1.58679443038335
0.2941828003544	0.231544588964132
0.215992679392582	0.18602600649129
0.488194255796811	0.452738541748848
-0.689978350159817	0.604335129555609
-0.444036006581347	0.294251293151345
1.24554091128384	1.22531060999137
0.339560281251	0.207781633379134
-0.211983005420172	0.136890547028867
0.666218469247913	0.478330791407986
0.455252730075833	0.183399401788306
0.159311548972865	0.0540967488137483
0.159569841409827	0.077408877593196
0.151974727584296	0.0736243925679631
0.399787237818345	0.343712652211545
0.357549708005472	0.180629289789317
0.727716291560602	0.48367117034139
0.308221482271039	0.234532579836224
-0.0407465853598926	0.0254082989960818
0.297087672696185	0.224727059083463
2.53954118636566	2.38901483418169
0.303743564587829	0.240427798357873
0.556255412530907	0.324448198963124
0.454659855820964	0.183125643414665
-0.774506187604518	0.661622511842103
1.34342298933986	1.58888244178619
0.69114583787459	0.721512790000862
0.859633331588161	0.912132711769242
-0.965519394512498	0.948835993168298
0.691816346904951	0.605713344226989
1.10606764581072	0.842640654575361
0.00407160753001053	0.00219644407594416
-2.63335892079539	1.61486405658824
-0.181610298656796	0.0973691843681726
-0.0374509103139038	0.0233670004727446
-0.941282001572405	0.995817733824159
-0.0182314303969845	0.0086190214563223
0.973458805555818	1.19863240889824
1.06605313309817	0.516143504559564
0.823963619440764	0.346972500738107
0.670977551868057	0.213013404742869
1.45514143110378	0.482646568994266
0.866962486773953	0.643943082399266
0.183713736053197	0.126327965857355
0.451351891263891	0.32703553752357
0.110296110202116	0.0815930667711655
0.758718500763595	0.746408852123314
-0.0728549154857695	0.0522199344668316
0.503044207890053	0.469830266196718
1.24937650162758	1.38344743462323
0.310621202309868	0.236653120076219
0.856433528391365	0.907822500461968
0.743272080242793	0.623736330391463
0.77535459370295	0.768760997019634
0.29263626090313	0.220795392842354
0.603727969949026	0.587290389585933
1.00968331610036	0.833700507107947
0.108865977678075	0.0804760201482257
-0.966426180932302	0.950502325235721
0.700847468046424	0.616411202044469
0.551899938597439	0.462179674388211
-0.573982730641294	0.55825064871437
-0.778381205962376	0.728952738637685
-0.214185188285599	0.161248300664168
-0.102278442275101	0.0724212714745545
0.300169140607779	0.217208209487524
-0.063441094631698	0.0384752556481792
0.528420859587255	0.459670435988715
-1.8358869023396	1.15848086264158
0.452525251927235	0.182181178982924
-0.229626090547364	0.149450068754219
-0.0647690596638894	0.0462380878973061
0.579639857330205	0.464174864107383
1.37063212096046	1.2746019237103
-1.58090105182015	1.86987123165986
-1.14014621669717	0.990648863057903
0.801361461918177	0.638594389691955
0.163673619852812	0.087600271402785
0.310871155888293	0.236796674670563
-0.331699052233914	0.23541256932114
0.155415195285659	0.0830438347833266
0.685724799704372	0.598286131763156
1.40729094287554	1.09689546587688
0.695860033081007	0.610082317062594
0.373117006142806	0.189349064469272
0.365070947677446	0.184643177108263
0.69294861660912	0.324761973310423
0.518071428767635	0.331420941887193
0.48776435132286	0.335625733856641
0.554927160306566	0.323517610717945
0.447576750710124	0.180023448633605
1.11773374316962	0.856810146154534
-0.0963499139052147	0.0565173249080911
0.369960589250576	0.18753286256595
0.621377180023413	0.474757640267389
0.869299280697308	0.647148757107656
0.185101632096192	0.132810212063295
0.558334854109126	0.326005033738683
0.800687105918929	0.761244595481281
0.163985443128349	0.0796304852403344
1.06795776597357	0.517462167643025
0.156203958783437	0.0530790256711765
0.453017086926378	0.182395940611143
0.509339893613396	0.324715609439753
0.516397606699793	0.33020435871061
1.45665934931056	0.909924395102508
0.708511259998177	0.467471486342912
0.549128347622451	0.319042127492248
0.622708190453122	0.47599235881704
0.555390637923207	0.323791116457351
0.727706565140142	0.483611297357167
1.58055366075644	0.787727392820246
-0.0893943364090288	0.0355536449557324
1.28390162694492	0.709828025729615
-0.399759822802772	0.226853846111367
-0.39184649969236	0.221916181789385
-0.0175305426317261	0.00833180622747974
0.170363534028405	0.0913296269572
0.734598150398904	0.489482971540771
1.27793156796812	0.705158655511195
0.152567656731362	0.0287430408348264
2.75349844687128	0.768381126605175
-0.627829060935039	0.153504607197422
0.722311053995714	0.733056048273351
-0.255171755601796	0.208112416758681
0.304220636623458	0.250055789395845
0.280962201816157	0.258298240749444
1.03307168044915	1.33464078328038
0.31099151058854	0.226284462857939
0.348518924411956	0.19541069761871
0.0915825429592129	0.0625955061745877
0.388298156061214	0.344240365706688
1.08779881312616	1.27815267713715
0.073996489109195	0.0460070483076883
0.43416825779879	0.331243992412059
0.845718940455386	1.09959394827706
0.301666587802519	0.238492466874322
0.0220092190307827	0.0154725733169268
0.167840366841945	0.0898590703648685
0.190366233377295	0.136946362377125
-0.48004791038719	0.251496765511263
-0.176693258379209	0.0946285860600437
0.507376617420627	0.456723801220613
0.642399937876898	0.609601188453874
0.530463657235652	0.46175613911863
1.25311316977565	1.23818110841731
0.527412291374762	0.458492502506165
0.189587685356467	0.117919789984296
-0.0487172296812737	0.021328057397539
0.0161224758242678	0.00807174565830875
0.306313206192202	0.232817942124203
1.03315295310075	0.980858777005413
-0.0441644994360382	0.0275400242806475
0.0581954217133434	0.0341667223338289
-0.690770851682544	0.604965656565403
0.660357795114779	0.602163217247382
0.609533551515893	0.31960893045163
0.00740742909478869	0.00379390374667557
0.305791144848979	0.221947657365968
0.515146057011879	0.465516499390897
1.37953108465764	1.28699373401797
-0.682423041683271	0.54141732384487
0.325966308456119	0.19826170501204
1.00496285768868	0.828599278729058
0.313369059696774	0.216714335878632
0.961425365286665	0.656120504965046
-0.389913522862475	0.220379199812211
0.407160441172374	0.337355558976864
-1.8358869023396	1.15848086264158
0.690784344235506	0.323574303862237
0.658171284408221	0.470531329914597
0.156004173205372	0.0530087596813196
0.160013806209219	0.0855923144879436
0.154498430134172	0.066995839288325
0.453611115677461	0.182669846803673
0.52238267123364	0.334731890702091
0.624821680068081	0.47770933827678
0.742904139493594	0.622877129820561
0.794646443867503	0.478323464677085
0.510399882421382	0.325226900628975
0.460624712620802	0.335242317318932
-0.388756306452368	0.161776987195103
-0.234809425524838	0.117511784034287
0.0341418942896448	0.0187677376162662
-0.0665992722781923	0.0404173856333119
0.48323636672693	0.332248803710369
-1.33271958908227	1.10219976911481
0.295670629191271	0.223477455662926
0.177469271170894	0.103121664046068
0.94807088907188	0.251931335472786
0.763801077365047	1.0455596071488
0.633739681977141	0.777856230740099
0.379264801684805	0.346195436937933
0.702713854685789	0.737737814668984
-0.175245385882278	0.116426099645746
1.58346757584876	2.20999694827299
1.48927041973849	1.51055284850956
0.765642185442786	1.094403660403
0.504714004591801	0.453593451382761
-0.220968473370958	0.181759180370027
0.517814953017894	0.468683168767192
0.427036876318918	0.436486562181827
0.197407311363238	0.136635829356621
0.291737172774845	0.229237157291357
-0.0996719983755242	0.0705256608945491
-0.191515127775416	0.162854711086585
0.0683987697896243	0.0549390950596728
0.0146796634138996	0.0115536637722057
0.542806129936374	0.570941568754455
0.961153385037718	1.30224490360444
-0.889761426071366	0.74041263570997
-0.490587821697283	0.367849947114604
-0.485923356598004	0.440961762963093
0.115631035274597	0.0857520711254293
-1.34515621698819	1.54756733536166
-0.221575064352943	0.182309400489789
0.374724374335077	0.341166504162927
0.195455423621518	0.151716038151084
-0.00404960881303724	0.00263065361191875
-0.0116756525752573	0.00751921793515197
0.462204715875259	0.468553496530103
-0.496730615947038	0.453687565558204
-0.370661162810929	0.320064275611756
-0.17576489183304	0.147981273256789
-0.507002364123655	0.492574273531057
-0.0731065474690068	0.0444167148427175
-1.08536769075073	1.04315885793521
-0.376866017082285	0.258595550756197
0.272458969271498	0.255800271843684
0.112742264409291	0.0861120941406713
0.492770012248753	0.340144385637953
0.319574137290539	0.233476342700291
0.604681377041848	0.58826691637224
1.24814592506758	1.38180163823839
0.394185277476986	0.35067488745285
0.584841144305842	0.469934443868791
-0.535346279960861	0.338856590213455
0.69954250615921	0.614810228573566
0.749467427982095	0.630451519087598
1.25284979534063	1.39030804305366
0.507563245049228	0.32331627342001
0.00947989032351547	0.00479010378256468
-0.0116406603178863	0.00755424495435662
0.326488646163072	0.213739713638358
0.352886303162597	0.198218709244989
0.5530182159377	0.322557454932327
0.802301053875861	0.763452225538847
0.550990561314383	0.32051338119579
0.175574299760144	0.0942782784807929
0.759166192831625	0.747321818857896
0.861180562893681	0.789634614765194
0.180795207864271	0.118470149162333
0.0583151347295333	0.036183464956575
-0.49456263348615	0.371707936443078
0.863239810969096	0.640611240510286
0.288752190869758	0.251485644447594
0.722635582065816	0.479789639564725
1.96867584919867	1.23354184371987
0.158323275965016	0.0473326847049123
0.678851289250749	0.215426557227367
0.945781552046513	1.27130347944645
0.0525706888526975	0.0397074120434964
0.367185183741723	0.364570869300461
0.135679344805373	0.111189369183501
-0.00526881438855699	0.00339843753164457
0.559310121434591	0.469897290543369
0.544789424471327	0.454555839186071
0.600643752149806	0.583369713257898
0.0896866873987503	0.0612463166045281
-1.24559951479258	1.16607379344778
0.170717331750223	0.0990814257130303
0.325097673143866	0.212671511291222
0.194774725143971	0.145837980159665
0.763290499914197	0.752802365924123
0.416922113578153	0.331700787448098
0.179897132137394	0.117826202140938
0.00159419705524102	0.0009469490336126
0.177683126635178	0.109995393098375
0.00806366815946426	0.00550745872968642
-0.0943501634539914	0.0665860883995743
1.17829214600003	1.79672960892827
0.559889759344141	0.470581086647882
0.15910873917412	0.085082514960076
0.653979466473291	0.696483698900045
-0.187746100048508	0.100912970209822
1.37590748372677	1.28271517137973
-1.58480000600667	1.87663154825614
0.377282642365482	0.343960400429415
-0.249766539013297	0.185110211306924
0.462210980243933	0.336961894960477
0.0150041074982774	0.0101103378474676
-0.102632095396071	0.0603158293940323
-1.70913847455071	1.43322005935517
-0.319597878033418	0.191627635729492
0.326067899525315	0.21340097249776
-0.241556980578441	0.17815997562746
0.0694900209291535	0.0431990141138379
-0.132453275356491	0.0747916343769243
0.596692607356219	0.578139165390921
-0.053998615601141	0.0235594321710418
-0.773806387783781	0.337215513784167
0.56228283540262	0.328824370646162
0.442373748877223	0.338798874036669
0.468145753048283	0.461038159821953
0.366036057221842	0.18518537436208
0.536938645245252	0.193260647952111
0.519404410210691	0.332467205671037
0.517616619974163	0.330969463226136
0.655471448719593	0.4681605164127
0.570283158077164	0.588095419925666
0.175292806933619	0.101925957382135
-0.414722923316776	0.354123046437059
-2.23221208349394	1.87566705974177
-0.259453337342196	0.162133173084743
1.46737978081346	0.92000187144081
1.54518568637417	1.33647446675193
0.184693410479174	0.11469832234289
0.177688811445813	0.109975831057052
0.465426270092569	0.339562650538407
0.319274877113088	0.233217494295284
0.466010042140094	0.187817723138354
0.174823268305068	0.101451659699987
-0.0899186950434909	0.0357593976749891
0.368530779096893	0.186874598785282
1.1103981619651	0.848345720776358
0.0552826581209737	0.0324392353325597
-0.447112069612286	0.296719197312186
-0.452598292639627	0.300789941587008
0.612961997719991	0.598698024636485
-0.382936325882401	0.263472649855281
0.0478325622711442	0.0280770123432306
0.185159402764752	0.11501633313146
-0.725197552734606	0.249186509576262
0.83163726000592	0.350886881523798
-1.81870429132264	0.741743820146927
0.670977551868057	0.213013404742869
0.0185294287106134	0.012473476030499
0.197491546829268	0.153470586512275
0.104174497557648	0.07428476690449
0.409391175974551	0.339491841274667
-0.211537538069373	0.159015160739513
0.788944827985577	1.0630873135453
0.391068455504846	0.347111722866271
-1.0867649474142	1.04503655172424
0.183914628821327	0.120549622305049
0.095123073997986	0.0675307878725048
0.108642743621349	0.0776197644077455
0.304839395021205	0.221130468841767
0.593272766521026	0.573594751344488
0.193860708128924	0.139725708818734
1.04709556392144	1.36289364516892
0.537502068582463	0.56349884735516
0.399574737963829	0.329523807424738
0.0875033140671242	0.0572606853153395
0.129300929342574	0.108254376542654
-0.219520484647655	0.142312867062203
-0.784870473487712	0.602712865656793
-0.0268329676197282	0.017090155595973
-0.275219870121877	0.198701524691996
-0.00522394724901946	0.00338027467504885
0.213854929477362	0.173330275081091
0.563840057740445	0.474955465452715
-1.41354819472354	1.706061956859
-0.219878090778502	0.142421937665656
1.24325220456085	1.22179782094286
1.71615693113459	2.33566893257651
1.12768115980849	1.02129552871162
-0.615902590824838	0.548686667738887
0.19302075175339	0.133253277302101
0.920654581440962	0.803860688859872
0.00288196200272878	0.00159333833205277
-0.391082329839111	0.221318392821888
1.13186905884983	1.02578162647615
0.999757283451095	1.10118794680438
0.745435795651634	0.626142888897952
-0.484080672838941	0.254239083275563
0.298366176881575	0.225806756629504
2.65138827682123	2.71403327319997
0.165195645034882	0.0885440088455276
-1.0314955991086	0.823926971096948
0.868321491001182	0.646144892332599
0.0518023460044458	0.0304081210259079
0.929166130176979	0.814587012111235
0.453851955706956	0.329401584387621
0.323851293481999	0.224956413620142
1.48471201850299	1.50250870106935
-0.870192643598175	0.799042217780936
-0.175120850744574	0.116300824041595
-0.778408185262494	0.665871940461309
0.934680794397709	1.05380582008681
-0.645567385131731	0.382625863122392
0.158019850561132	0.0606595504222323
-1.13422470394875	0.343215945535417
-3.08209765998152	0.963916510480773
0.446983181120893	0.179814814572325
0.542631868619609	0.57050204953358
0.473592110108613	0.551174983053038
0.391474737580619	0.347647893510469
0.287081639039506	0.264835247580638
0.305643480339271	0.221849286861662
0.182632579190372	0.119710724629129
0.786196156741367	1.05755447909638
-0.461803223667273	0.451896614981834
0.2718234308122	0.261688733709607
-1.34420277087106	1.89080660539622
-0.0322121926384272	0.024082461939315
0.382292313341628	0.337594882300751
0.62323263773729	0.585857448788276
0.626809176812121	0.589837433735642
0.215261597021545	0.16894484472131
0.396952417770797	0.353537942816731
0.689922264805767	0.719331869592616
1.0161181634541	1.44067878952792
0.318368281898625	0.207229547216223
0.277830358620367	0.247709884737451
-0.275605663340937	0.26313999243628
0.197496470468014	0.142633398597154
0.0617335000223945	0.0383231795231567
-0.518459373299354	0.428662592510517
0.0784441180787143	0.0512055832374815
-0.599665666640589	0.489123076933857
-0.290303693878243	0.234069373956065
-0.200402792232317	0.149673660168535
-0.382667916873094	0.263396660407344
-0.418587601457785	0.442207037242673
-0.045365658089338	0.0282540635932281
-1.04217670182437	1.08480133476134
0.303787239130492	0.230602460688876
0.703399605206538	0.815567401839687
-0.430553168546379	0.331099886341948
0.361371825993638	0.336801843569186
-0.0131587707358957	0.00634228164126639
0.0473747555877795	0.0357023866523988
0.332945656578768	0.203198159339341
1.25449837396894	1.23994952317531
0.657362054333648	0.59842437140293
-0.619584595242042	0.552878688255719
0.555329141776921	0.323865358979826
0.966383413841192	0.958919328232042
0.555732490677334	0.324158116223017
0.158643583539599	0.0848230858465828
0.0340029042477432	0.0186483245115479
1.41840105629851	1.77250199675648
-0.923572613672817	0.678881120607022
0.152844405786542	0.0663436314576924
0.175074942405707	0.108240456952904
0.743322756910855	0.62332856352083
-0.947487141402454	0.582364702973126
0.480781193211469	0.443687972237116
-1.46578227350271	1.02211111796821
0.0839381491917231	0.0571985049815631
-0.967236797386025	0.95186450902066
0.00272953887899388	0.00166763625311458
-0.447664045203929	0.296940285630094
0.160809401243685	0.0698096506946365
0.153555058129936	0.0521865112674645
0.443798269580801	0.17838168708274
2.13340918472906	1.49422165234491
0.00958302698052647	0.0065152723693487
0.294367762552611	0.23175980216628
-0.276005447960006	0.263438453578107
-0.0851965291681799	0.0677555448077093
0.0360385349997975	0.0253470905607764
-0.468076914016838	0.394969034579786
0.407829885575412	0.33800400903515
0.94008845498931	1.0631525087322
0.281458056886074	0.272826927550984
1.24772252639254	1.38193875279501
0.0331832152128712	0.0182475855425236
0.0979581953972374	0.0695776500126805
0.612697691975049	0.684993798098333
1.51446916483012	2.0127216827891
1.24440200796821	1.37524128377939
-0.150465532862442	0.115909624933032
0.917885474985325	0.798957998427877
0.199623658311022	0.144302974268965
0.294328064129027	0.240554864004043
0.813129156958802	1.07562982552456
0.523935573070706	0.335812643571254
1.69246166503434	1.97443180770799
0.294985966654553	0.257953121876847
1.49797359456846	1.97644127012596
0.160753261440247	0.0781049206102677
-0.026767821113766	0.0125270184295999
-0.331361067768502	0.288940254301034
-0.706350405078076	0.765481109650513
0.790821098196616	0.747875578226668
0.661526702575494	0.473886767756574
-0.126614149815856	0.0713501913224534
0.591791308886533	0.571847823895134
-0.09871808660668	0.0579746916776308
-0.302654775386195	0.139077492237227
2.2586746805374	2.52524866901595
0.629851386439263	0.482684793414723
0.765778377163899	0.756211078301577
0.0500738972128185	0.0293422750974443
0.487649327920333	0.335473723121641
0.185942979700979	0.122146764516472
0.519097600598519	0.332527004977823
0.454383222065505	0.329943244445758
0.63367674559932	0.598722661997988
0.662141405647781	0.474670074672198
1.06481528050672	0.515731385467467
0.96067711317943	0.654385306355082
0.866367719794565	0.643859290008529
0.907420647136771	0.490856302415969
0.171260664492367	0.0918380904558425
-0.319374286787753	0.191426330342688
1.03546717912108	0.983017875350789
-1.27053823500771	0.571759547562486
0.324134813089182	0.211926081443457
0.170665709008169	0.0990291340760258
1.90583770853242	1.651289905168
0.869550853272816	0.647223306393057
0.332729609713885	0.202720941359647
0.625819709435573	0.588875598094915
0.451271553734565	0.32715475405156
-0.787120279817968	0.429256340098202
0.617235705685046	0.470487618992822
-0.324479322523914	0.19453383703754
-0.85739958851762	0.852423486298375
-0.141381032056214	0.0506159875060989
0.690541517510646	0.323402966453841
-4.0033072927183	1.73759879224949
3.26452213570095	1.12136276907474
0.100637329838493	0.0690166999479368
0.200318903897637	0.175434954820663
0.616177461347674	0.690195920361018
0.512304612842974	0.46236774071179
0.839022369231044	0.880861907850628
0.477386512586698	0.456595692802675
0.288336671594197	0.251131713804652
-0.940395354559359	0.993849710782474
1.07186637996666	1.1475537360844
-0.525606146652827	0.436161336878656
0.880250834370415	1.01289532183421
0.37156152260866	0.348771680350721
-1.44400835307947	1.29341807352507
-0.103135592805812	0.0829128036415362
0.161631451010142	0.0865000586420297
0.126005935727193	0.105252860871009
0.0102551895619228	0.00835050441334608
1.06023352587178	1.12972029849055
1.13089966178163	1.02458761746599
0.460938672627969	0.335747938228491
0.196873577904977	0.142059652534109
1.2387653488386	1.3645386236504
0.133805619584128	0.106529709162833
0.468009487358158	0.445137967443812
0.446648962570588	0.343080308305029
-0.234454099774339	0.172371942164195
0.0662747733129243	0.0411206262073837
0.320997967405785	0.209509443340067
0.926951361771112	0.811678369871959
1.33520946888975	1.57338829685147
-0.296905095701251	0.240195767748833
1.25107501136456	1.38666261471372
0.442809546740043	0.33950761299619
-0.526256944184094	0.33208248045992
-0.183321633816727	0.155107422294715
0.455693726044376	0.331139071551008
0.592305272994481	0.572464732465628
-0.37347950858071	0.292150858628126
0.313915446035275	0.228836012788014
-0.0234027199595665	0.0149317920222178
0.719456646513073	0.476331671788189
0.609708190843082	0.46297925120964
0.633781333794502	0.48661783333125
0.18941631364829	0.124588261292695
2.15439799897583	2.23895418003306
0.861024775453493	0.638828669930039
0.490967301259662	0.338553971811563
1.58183951396361	0.789002208885304
0.614341749974739	0.32286465758395
-0.232509057244501	0.116172307186019
0.707643514163917	0.33272326864468
0.159254621850194	0.0611156291439345
0.879204021076308	0.65668743847456
-0.0217490103826544	0.0102425042673122
-0.484342440585466	0.254295160997527
0.483662917550481	0.3325902220349
0.320997967405785	0.209509443340067
0.186937946564944	0.122748475464715
0.721677785420358	0.478381950011841
0.464126252326528	0.338306827076991
1.10571925600101	0.843664929117947
-0.490123010470498	0.367536397185527
0.163060085587698	0.0791983142790565
0.159474851217086	0.077480846781015
-0.612884523680383	0.545141250539692
-0.224807675513709	0.146013039351698
-1.03143494949326	0.823868341684787
0.163673619852812	0.087600271402785
-0.141672629875607	0.0507512811282275
-1.02404152856389	0.405928813773254
0.669009496945769	0.212302346826553
2.11974097879103	0.951220462633918
1.04832936767532	0.398054220315362
2.75819631171964	0.770700477263471
1.08834420009058	1.27931914826248
0.305616946324824	0.232256372557194
1.02222651318379	1.22884600661853
0.323893226871205	0.224950518215397
0.444986554299739	0.341368583320591
0.918024328973794	0.800231682120132
0.340310405397353	0.208147314012622
0.720341624724678	0.477169472464025
-0.104750131471006	0.0722188863515745
0.580471652614643	0.465448929085382
0.33733832678342	0.188446329023995
0.280059796111077	0.271122241860852
1.08061528344605	1.26565662153989
0.0325414187323017	0.017871922233534
0.175717945162966	0.102188312531042
-0.302012171776503	0.138585388468235
0.802254244918347	0.639559257265805
1.58778180317238	2.22046696473452
0.152263467777791	0.0584865836523203
0.448822624267485	0.344947316735813
0.701002529258611	0.616468442281967
0.528063921352364	0.459102862933417
0.00403312873447182	0.00213717760661551
-0.380450763328392	0.261648359648234
0.967890917888429	0.961453001492763
-0.0669711920251216	0.0406382893103912
0.0829217521554454	0.0541570956034836
1.00321896736812	0.826781445157565
-0.0166441211712553	0.00792862683540434
-0.273165559281113	0.171693786855182
-0.950747158633114	0.584538038251591
1.34045143840071	1.58371632530292
-0.914956249689997	0.669144839214544
0.326011827248903	0.213326246096758
1.49424924899141	1.51611192174253
-0.660090461522364	0.460955949953012
-0.78580182494892	0.738612508815046
0.700847468046424	0.616411202044469
0.705030060600012	0.621248140310564
1.41723870803285	1.10891511123757
-0.022200746464065	0.0104503237968956
0.795692212223545	0.478451728426895
-0.152178960154318	0.0544209424602452
1.57954391882248	0.787716824587837
-0.34191607535368	0.0984089732924219
1.33681578405904	0.586406825513233
0.695242860337328	0.325796155950588
0.534998516423049	0.192417814864821
0.825231183436736	0.347733965292547
-0.791084221056078	0.43205166057552
-0.218958293525578	0.0706782121263062
0.799316030660759	0.481439435042132
0.153807926197237	0.0590287956660926
0.537164857593467	0.193341885349058
0.453017086926378	0.182395940611143
0.449920096072737	0.181069859699705
0.402439831243901	0.182247027329972
-0.0225237412104831	0.0105923533739111
1.09214807450527	0.67421483956483
0.39796048328996	0.180194705184019
1.78053642592271	1.39849996697625
1.3345487412554	0.585101958973942
1.08473022125145	0.666997043916226
0.156096177497257	0.059919986762722
-0.0618488459978433	0.0375083148019584
0.176239474792168	0.102433467816591
-0.0574333790978502	0.0250288442631081
0.584410259901512	0.468911783111568
0.177742241460438	0.110050355870103
0.182451149406591	0.106289562016383
0.453977695074629	0.182699504912084
2.75722496636877	0.770257049482932
1.8282452886897	0.717007372542503
0.165858197331239	0.049441036827577
-1.81339137537901	0.738819242243621
2.36688158642803	1.18854338353322
3.63887061794827	1.43264022652771
1.33542918143198	0.585518840032983
1.4596710675352	0.484293847194448
0.948535538575274	0.252058145640786
0.522862559995985	0.453490457570805
0.565748775035699	0.476872598978206
0.787280752495733	1.05993107303339
0.138267039477685	0.11640796299947
0.560502730414936	0.575187043847062
0.302747587803569	0.229698855081791
1.45039736080007	1.65251868641418
0.551602840413729	0.461897454958846
0.169467393208637	0.090815719775417
0.16411844975187	0.0712363405606781
0.62169506935754	0.474625903964128
0.328357331640691	0.215179028970142
0.700528179600302	0.734652303750323
0.295533190010315	0.250301359318197
0.12397938031481	0.0953182222584711
0.101356239515503	0.0721705099892431
0.299415721535976	0.236386257102237
-0.0929061368795079	0.0544755384768464
0.0957278438835225	0.0655464974105671
0.799158944258835	0.863885456986249
0.071654413336019	0.046659584323469
-0.322298673862139	0.227680572688291
-0.458368305688716	0.384721529992921
-0.857188015439188	0.918952941664317
0.666218469247913	0.478330791407986
-0.293486276733951	0.237012142946011
-1.63767732106512	1.68535025387484
0.311118588412396	0.23704947442558
-0.372701097122044	0.291387315683027
-0.489172556924825	0.444814667793878
1.48659884895709	1.50420406448235
1.46087099173333	0.913300850062218
-0.534408455475276	0.338152797057182
0.398769864448762	0.180340970883948
-0.663236497931032	0.464099880686508
-0.237538625377861	0.119009175352027
-0.0542610967066082	0.0236892904427868
2.02839845755338	1.92455331343776
-0.64474119597277	0.382385310135513
1.28033168579307	0.706963895333261
0.164907909937006	0.0800872324829536
1.78144450921517	1.83470344374318
0.457918277300921	0.333051402040185
-1.6691326992463	0.943374337661137
-0.537965259938272	0.341379286760092
1.40007118049267	1.08979458550363
0.159165451625565	0.0690724866371811
0.399301094356218	0.180604909315299
0.964204999882237	0.658020926539172
1.07328158265377	0.520779732646976
0.510677030289664	0.325706498540355
0.958764639303738	0.653552200765887
1.25598866117297	0.874369794494184
0.353845313575789	0.199071437484991
3.31446491822188	2.97243771835875
-0.445579163172139	0.295754649289807
1.24509971844072	1.22516017128614
0.46125226780163	0.335973580973612
-0.779303731569975	0.730172989210688
0.30418079258406	0.2307750855533
-0.68293149262263	0.542629932934167
-1.59764553754057	1.22916226360131
2.56314948119479	1.42483848754318
1.09447613454972	0.675468834876315
-0.23439286476638	0.117310538108433
0.165858197331239	0.049441036827577
0.827899644715454	0.348991104972789
0.951331866170054	0.252756684317784
-0.00799276416684015	0.00514244791840675
-0.0935802772284631	0.0371756898766286
0.318769716887161	0.207829574187779
1.66514576771605	1.57901003859137
0.326423697220375	0.213683652622597
0.374075017116884	0.189891251649593
-0.776711843712637	0.59429069411283
0.826691593943687	0.348371951413041
0.176142971712713	0.102443338769951
1.06904902418366	1.14284747582336
0.722697897662735	0.734063978217074
0.818880630554713	0.344524980019716
-0.0687348129960021	0.0417293358697352
0.189962700395858	0.136575994038049
0.102759548162381	0.0732288050783979
0.988056482727332	1.08185945123726
0.187301072073378	0.123086370988
0.184272669830968	0.120919732909979
-0.78093171624178	0.516160874356296
0.171260664492367	0.0918380904558425
2.03404387389573	1.93751859072891
0.419524774018365	0.334404052406201
-0.183381059819766	0.0984772918611787
-0.873256686833876	0.80325356294067
0.852370468160381	0.778591146016956
0.304714544805046	0.23131628233048
0.800565172675417	0.482510779455217
-0.6282908079904	0.153557595992093
0.15135943864824	0.0656759744042186
0.163413249256128	0.0487677019311828
-2.06881364971599	0.9431380459589
-0.0959113364427587	0.0380605903701522
0.830619967524104	0.350375616463859
-1.02140349604103	0.40462053419898
0.903997627391243	0.489253083345916
-0.476965249910126	0.249670331440178
0.529576794989163	0.190434980333926
0.150882619911791	0.0513268309948059
-0.599349519704877	0.286975417875332
0.155372593274282	0.0528040448022981
-0.766933204753768	0.333682664077871
-0.912369438077992	0.667673687010245
1.57345088575428	0.783390142728482
-0.147076152891941	0.0526308419632966
0.146897750192554	0.0637455022450174
1.04455801006536	0.39678683304154
0.160875819484411	0.0480497781693361
0.362931168423127	0.183788896423664
0.455845401130376	0.183645920619101
0.322810075435076	0.210716724762428
1.46737978081346	0.92000187144081
0.513068225472289	0.327356305727576
1.08819129743359	0.670688757181204
1.01008604106319	0.833927798050923
0.340786639868729	0.208464329537432
0.315576301765869	0.218215213931042
0.161782158512576	0.0785511543503289
-0.785122232482123	0.518839114811724
0.908768379081494	0.491977442900966
-2.46450368454554	1.37094225690051
0.0250824371586726	0.0138691254122973
-0.101580800842126	0.0596431404398332
0.546406811808388	0.317573515487669
0.15626975600377	0.0292821097759299
-1.79827400712943	0.382942964938875
0.152207512413174	0.0287281007494042
0.0666249117167624	0.0413705952641608
0.47688460378567	0.326891195638045
0.742421280986288	0.62265615261388
0.447854228092154	0.343931041954122
-0.130285018902519	0.073480146255621
-0.768114862745367	0.334314347835866
-0.78614450184963	0.520669163182573
0.559719468034439	0.32703113908244
0.328659173602673	0.215227038816805
1.15034849513987	1.18617780856006
0.370823472482315	0.188010332471104
-0.0527513876451211	0.0230331424896915
0.462709207881486	0.336808865389715
0.589304202745434	0.474275276804883
-0.78614450184963	0.520669163182573
-0.330697854568092	0.234543842484643
0.197282650808875	0.142406786994697
-0.04636712523301	0.0203297427360363
0.336351343493926	0.205182444638256
-1.11964320501173	1.2318178206906
0.203781892867541	0.14761720334018
0.326003035384985	0.213374320352839
0.528342241953627	0.459592160010768
0.309518754162272	0.224886090223275
0.331826634223914	0.202077096730203
-0.664091893963217	0.464853357112605
-1.32931281451966	1.0978301585685
-0.441680822949216	0.292449440373177
0.182646327449471	0.113266500576871
-1.12258879450834	1.23721026739932
-0.00923697383565406	0.00456543328862066
0.293052741499227	0.230555647332344
0.621112049857353	0.327115651410371
-0.231215909823876	0.115544901880927
-1.14070599952463	0.345337330024218
-0.015391189231675	0.00735509478706577
1.45575253921811	0.48289648887464
0.393504318001377	0.177971168037712
0.556255412530907	0.324448198963124
0.165704597093625	0.0417255219351786
0.163149905636875	0.0486839149701593
0.160770338301963	0.0545730641617949
0.535622204428391	0.192685925418963
-1.67698182620154	0.950011789174946
-1.32500769101133	0.831250425728886
0.609857474714165	0.319839075764602
0.448197409382026	0.180176198167248
-2.91004550630088	2.15001104102789
0.693933463905425	0.325466370164017
0.358898841645648	0.18139932451669
1.06848073867691	0.517570142270945
1.95791760701363	0.441280139896969
1.82284235164019	0.714002514687227
1.45514143110378	0.482646568994266
0.39743817424851	0.179869013965184
0.620743120960464	0.473474236073283
-0.343557529393447	0.098858556674811
2.1244504337776	0.953787688048285
1.56613777020672	0.77814203710144
-0.603858541844289	0.289605298529074
1.03958501510884	0.394462216304235
0.532908190209257	0.191706726261354
1.6312745126096	1.1486491234906
-0.386404316735073	0.160785514924726
-0.792958662721253	0.526086941316834
1.99420433254653	2.3741723592446
-0.0165598324449429	0.00787916236006958
-0.267384196583346	0.167640588946347
0.401910402644116	0.181983255731924
0.708961083952198	0.467707526010415
0.954031604473168	0.648301341398665
0.0638822183706956	0.0498872705702201
-0.547226773073478	0.492826914566757
0.626308622499585	0.589302904213052
-0.16877707816918	0.144751741622826
-0.411194703720473	0.350460255942061
1.41581336486283	1.76683225861832
1.77555785525434	1.82540320829869
0.521175959149077	0.333656421888151
1.02180697026846	0.848008428946108
-0.0211363672960685	0.00993470606450218
0.800604171353608	0.760764789061799
0.872695124464213	0.650806151697431
0.663495522993474	0.475712887419402
0.609358587176311	0.319987227454737
0.0521605707517425	0.0306167222941986
-1.32350952269996	0.829677882336937
0.154368451709063	0.0592249169339485
0.805365461936653	0.767108510153125
0.337356930502527	0.206334448924713
0.179385111922261	0.104451728230186
0.313415024520689	0.22839844193716
0.00519677115689591	0.00272878893110178
0.486326683528229	0.334386313987649
-0.530420012239581	0.33550878720385
-0.216531816513512	0.14018870927783
0.115986954112848	0.0913499722061873
-0.414414034948066	0.353839369458926
0.169755420992301	0.0984443421350899
-0.0123825378579087	0.00796424057342328
-1.72775810940064	1.88879905850508
0.45343447903086	0.329059063987734
-0.781398076263812	0.516365387641725
0.491415363340677	0.338732709745133
-0.670186770715352	0.528950701747159
-0.139626623650296	0.0500203007886289
0.445993481535791	0.342306600236793
0.295406890311201	0.213203374133736
0.774717769935604	0.864030939573794
0.449554137900589	0.180977843806072
0.399300603945175	0.180806812694749
-0.148723268853956	0.0532309139509692
0.455618619966136	0.183493419950743
1.28107795691223	0.707905162126171
0.161659103872863	0.0482281043856867
-0.345039821196303	0.0992838353249335
-0.21209551529309	0.0684852999379751
0.159038996764361	0.0773342133184598
0.450380599229042	0.181332700598542
-0.763521365008921	0.33199257640622
-0.0904445508700227	0.0359692648097374
0.166528409127177	0.0496297620210776
0.154169004929053	0.0668513325863638
0.829357632482683	0.349871102086347
0.161598530636796	0.0548314464506357
1.2787322462896	0.705818476766105
1.58017658535242	0.78782928766197
0.673092310209553	0.213658316206257
1.33172308463725	0.583465642802096
0.670977551868057	0.213013404742869
0.165858197331239	0.049441036827577
1.62764665902075	1.14442160572456
0.402181718562018	0.182243654220829
0.607876415456029	0.3188396909465
-0.382174889294509	0.158890278821017
0.32909936898265	0.200355576107856
0.330050733978919	0.201022853787282
-0.147424947084064	0.100342749913854
0.798365662083572	0.480848835825377
1.27995480672453	0.706749878543998
0.351715630339451	0.197667645091764
0.00132269692164098	0.00087056665956933
-0.725197552734606	0.249186509576262
1.04035568333308	0.394789631977935
0.192304401744046	0.143908272825025
-0.562451012432688	0.543336515220597
0.279546374878167	0.28372035888272
-0.11103078103262	0.0877479879621822
1.5304925561728	1.31607495321389
-0.444990719607753	0.444868818629535
-0.605678935161459	0.290569319540106
-0.786118923525928	0.428616616401926
0.402162775898637	0.18205657906434
0.336316147961499	0.205567098139609
0.548263576079168	0.318750963090841
0.907391706476965	0.491141109923572
-1.32736783329398	1.09492241508277
0.149620174394261	0.0509003948786302
0.370540543586951	0.187825133279857
-0.490433786948425	0.257949958752948
0.490021505591446	0.337863250532831
1.00049137777198	0.823588779566454
0.364316515210503	0.18414623788955
-0.948365918586245	0.582784469981299
0.661765622955306	0.473390942206267
0.344591753748511	0.192795839972261
-0.0644856005056205	0.0391194613517492
-0.592926515508287	0.482124051788744
-0.705296406361107	0.76415429091632
-0.272932813174107	0.243262333821801
1.33794379179632	1.57937906302998
-0.0506122905411247	0.0416682704556215
-1.03100813494334	0.823418958329114
-0.378701151945139	0.260078010428277
-0.264831248032683	0.165785198535489
-0.429075549420055	0.329900635305021
0.192408474612048	0.132796083843996
0.175720279733425	0.102017962328814
-0.962079640987768	0.944413342900561
-0.151745804866587	0.103505094793063
0.663360134069742	0.605803087886153
-0.940973047147847	0.995319299197564
0.176100529394253	0.102256099239286
0.00885398266834653	0.00450709976483362
-1.82285328531092	0.743753150051307
-0.721178105137157	0.247635434110556
0.526935562810046	0.189373151981166
0.455025575438864	0.183293312831413
-0.0985605169342963	0.0391069066955699
0.694923768942287	0.325653810863872
1.07681540072733	0.522627536228389
0.610362975245427	0.32015557536002
0.15099938031158	0.0580155990573076
-1.13482941234436	0.34340642829894
-0.0907353641242552	0.036034670584998
1.45612824040965	0.482835979244752
-0.344864025255158	0.0991853144395914
-1.83099645033824	1.15210596250102
4.17973575538165	2.01519730946891
1.27632830926729	0.703662783830066
1.06989694527242	0.518493824613893
0.5273733470897	0.189534918861524
0.398769864448762	0.180340970883948
0.169606362252511	0.0425824743634164
-0.719194825953782	0.246846541949292
0.398215213193658	0.18016843692036
0.165097545701885	0.0415776969264477
0.354665157393479	0.199375274538509
0.622179691173414	0.47508036702897
0.552147719546151	0.321921783968442
0.051862864610636	0.0304006558503561
0.0889322674919635	0.0582215098022104
0.754738947690308	0.740768587866827
0.427275311772088	0.34192732316439
0.924208035250135	0.80763713402926
0.395109703983226	0.178638181600002
-0.0470760487937403	0.0206409783096006
4.17558323985425	2.01181644873853
0.148018032493378	0.0641670694269445
0.385355155962836	0.445351690504889
0.703655105622717	0.815786162400257
0.49411543522701	0.838153524491461
-0.254464561010541	0.264027794073559
-0.687050220191379	0.600727757818285
-0.395557829391683	0.224017221090307
0.16398311023751	0.0796660171202628
-3.7533685838982	1.48573241891736
-0.725462519324565	0.249202983263282
0.82468096808472	0.347502936330883
-0.1479006917775	0.0529122719445307
3.63483462600451	1.43007047098243
1.27796359977796	0.70615697956996
1.58206298588034	0.788876750852252
0.609358587176311	0.319987227454737
-0.946607647106069	0.5817124576035
0.167679655711552	0.042156489933972
0.376357986161696	0.191150293127588
1.33593369265101	0.585724024842606
-0.339133418750055	0.0976611246838527
0.719160971653547	0.476695923876758
-0.179808428193668	0.0963808617192844
-1.48605588053009	0.751613811233786
-0.237495244847461	0.118987077769923
-1.09107883776814	1.0514914756524
4.72570150035255	2.88317608177801
-0.399684692199347	0.427569770422204
0.289567264999189	0.267700739612502
0.0825720366582539	0.0685072790770154
0.863355119819156	0.641098862014991
-0.887611304864023	0.737518718776289
-0.146844577524397	0.052546453265397
1.09559423909287	0.677177053658636
-0.488832093912061	0.366513541755817
-0.703053106089446	0.760748543269795
-0.0387512807614982	0.0241734789527951
0.311479492386927	0.215228845628052
0.51441832134158	0.328360670874618
-0.0930539441493821	0.0369718407357095
0.397718353162374	0.1799691492073
0.155372593274282	0.0528040448022981
1.0452306767165	0.396944800699935
0.397152645545605	0.17948245842187
-2.05993952365165	0.937148574407078
1.33212445527916	0.583441346223377
1.04051558933761	0.395002404087772
1.0452306767165	0.396944800699935
-0.33946832567862	0.0977521416130555
0.146865607481706	0.0440754919217445
0.156412678098643	0.0600596564609687
-1.51395570496283	0.539857861420258
-1.51984622148121	0.542369599603978
0.94807088907188	0.251931335472786
0.169628986070269	0.0504635339197501
0.947560352748164	0.251716891447637
1.82316587137561	0.714400972353312
0.155981787306606	0.0756835648427222
0.146864077936184	0.0499860506842873
0.608526869071233	0.31942415641718
0.664094674045115	0.21063730965169
1.95706969381346	0.441073865263096
0.164924003228835	0.0491712866480455
2.75819631171964	0.770700477263471
-0.722104754812606	0.247977448104565
0.171207721440545	0.0429238305772998
-0.342235478378113	0.0984932623692754
2.36283015554921	1.18598075158267
0.304315253813094	0.231083055798574
4.72652852321814	2.88469625830035
-0.305481767081862	0.140370361298482
0.156478904710375	0.0468116239715086
-0.302314710826378	0.138894604193084
1.06818357434003	0.517834894778062
1.480684347124	1.49492493488332
0.440274740578177	0.337080941494616
0.201653018666517	0.167264121530577
0.33159836194462	0.202286687406959
-0.275067211662168	0.198616180223243
0.0470989241712152	0.0344171944117561
-0.0978185767544746	0.0574364694477891
0.746806100042258	0.627385748482817
0.301300318120021	0.238138488471794
-0.0232585177934815	0.0222019923053163
0.206187515062113	0.19488919678912
-0.723858427247846	0.248624788373591
-1.13948670365002	0.344942610687521
-0.628347365301396	0.153568930486371
1.44987667304504	0.480675917422322
1.8267779804798	0.715938237415135
0.166307199190119	0.0418280240782314
3.26640660082579	1.12286745021344
0.669665397318181	0.212450186666999
3.64394936195785	1.43543119455299
1.95706969381346	0.441073865263096
0.668353267812949	0.212009001891351
1.33791767964906	0.586771553336556
2.75446121880292	0.769079402442662
0.951331866170054	0.252756684317784
-0.342569521377039	0.0986187132378211
0.944906190121193	0.251072355848773
1.45905685415805	0.484042330916112
0.163149905636875	0.0486839149701593
-1.79835097978106	0.382953978270685
0.942957371619669	0.25056334066046
-0.33946832567862	0.0977521416130555
0.340449891623646	0.349944188986825
-0.27429974487691	0.261620727062399
-1.40537379926859	1.88021607115559
-2.57747759965585	0.66335545132302
-2.57747759965585	0.66335545132302
1.33769715960399	0.586940811923239
0.53650666226299	0.193022853279719
-0.0917173391396808	0.036451814828121
0.038883728696346	0.0213046597593262
0.176199823781386	0.102481243719505
2.11974097879103	0.951220462633918
0.15626975600377	0.0292821097759299
1.04815484603062	0.397755728725491
0.148791554554617	0.0506157660399734
0.947560352748164	0.251716891447637
0.531842803938449	0.191317098366628
1.95706969381346	0.441073865263096
0.166691919569473	0.0419536988970269
2.75819631171964	0.770700477263471
1.95791760701363	0.441280139896969
1.45514143110378	0.482646568994266
-0.628807341949763	0.15371861128279
-1.79835097978106	0.382953978270685
0.169986302676761	0.0426507049603473
-2.577202278156	0.663064687208724
0.161787544386438	0.0408470066516523
-2.577202278156	0.663064687208724
0.943931183072951	0.250903413595175
-0.347480099168433	0.0999933239977275
1.45575253921811	0.48289648887464
-2.57747759965585	0.66335545132302
0.153247518839476	0.0288421886814327
1.45415502686182	0.482281800899209
0.167299398578488	0.0420768316112512
0.162772361662218	0.0410490143575106
0.67473928175237	0.214185038642858
1.96040941896093	0.441936123238363
2.75446121880292	0.769079402442662
3.63988648920879	1.43371818867798
-1.80197754639448	0.383903353697165
-1.79827400712943	0.382942964938875
0.153526628680235	0.0288819285189665
1.95706969381346	0.441073865263096
3.63685963656738	1.43190397098036
0.36884071368144	0.18701367282431
1.04144562491045	0.395430985542635
0.157402307591701	0.047080036463379
0.152289864541204	0.0287035071443224
-0.214527945453891	0.0692825908233493
0.152567656731362	0.0287430408348264
1.45905685415805	0.484042330916112
-0.0278257998638852	0.013020834287658
1.11562829444058	0.854586004944796
0.854082569677573	1.1156116351314
0.411549626091862	0.451919766436709
-0.0156553012976422	0.00746414901675381
0.144719335466592	0.0627800565010028
1.82725871051587	0.716521694707993
0.148503149870495	0.0281892610504199
0.153526628680235	0.0288819285189665
2.75722496636877	0.770257049482932
2.75349844687128	0.768381126605175
0.947097253557627	0.251590606337117
1.45280255866496	0.481676211868722
0.158074474787349	0.0472574922808909
0.670649872073233	0.212844236167521
1.0454798173394	0.397182748534993
0.669826712236336	0.212585182521199
-0.33946832567862	0.0977521416130555
-1.1434022229194	0.346229899812888
-0.628347365301396	0.153568930486371
0.159311548972865	0.0540967488137483
3.63584691762689	1.43122630608999
-0.201864705953783	0.184373545817167
-0.160172391392835	0.109625045882142
0.852857645555864	0.779098423870301
0.670319945898335	0.212719010726886
0.160803134128977	0.0406203249121647
-0.721072169669292	0.247553433626533
1.45476541507032	0.482531337515686
1.28347358811314	0.709787704594984
0.0997808081848428	0.0684284666711682
-0.305778446944133	0.140652271890162
-1.67325597190324	0.946983844917827
0.153559991785702	0.0589086429778871
1.57770796941947	0.785748154921624
0.94904571537762	0.252100131683616
1.95791760701363	0.441280139896969
-0.627367542213354	0.153354696036073
0.950862031539505	0.252628333014658
0.155986207086685	0.0292416787556187
1.45086090685868	0.481039409485759
0.947560352748164	0.251716891447637
-0.624566751454544	0.152757086863399
0.153526628680235	0.0288819285189665
-1.79827400712943	0.382942964938875
-0.629267545839357	0.153771215183604
-3.08118534013847	0.963229045953577
0.171207721440545	0.0429238305772998
1.95791760701363	0.441280139896969
0.163386406136861	0.0411852790230607
0.947097253557627	0.251590606337117
0.153247518839476	0.0288421886814327
1.95706969381346	0.441073865263096
1.46200161799251	0.485043607977997
0.152567656731362	0.0287430408348264
1.95791760701363	0.441280139896969
0.394837869658448	0.178644118902735
0.951331866170054	0.252756684317784
0.661774482266482	0.20985803406587
0.348411546425648	0.368979964654218
0.671808541185397	0.906225231810488
-0.0972914942702335	0.038583931588471
-1.51330481624892	0.539630991333106
0.161399320899091	0.0547651772106257
1.95706969381346	0.441073865263096
-3.75875127852753	1.48993252551164
1.82414885065892	0.714941399976917
2.75349844687128	0.768381126605175
1.82792138819967	0.716884894355695
0.669336367317634	0.21240221601861
2.75446121880292	0.769079402442662
-2.57747759965585	0.66335545132302
0.167299398578488	0.0420768316112512
0.16707117146508	0.0420080923591852
2.75446121880292	0.769079402442662
0.160738504231491	0.0479850328827505
1.04211818703896	0.395589048045566
0.665076092013553	0.211028905087732
-0.344210615318698	0.0990368506115311
0.455252730075833	0.183399401788306
1.57561496103913	0.784837909518107
0.163386406136861	0.0411852790230607
0.947097253557627	0.251590606337117
0.151709443880736	0.051599453197034
0.674560683219935	0.796233928432291
0.596438907812197	0.682182332527681
-1.63809071037039	1.6862284988278
0.162400863971746	0.0409830958055786
-0.342569521377039	0.0986187132378211
2.7576309800554	1.69600122392293
1.27875973187924	0.706714075336753
-1.27223644436523	1.5558768535267
-2.19662173299232	2.58643175643222
-1.81842816932896	0.741601322947527
0.152289864541204	0.0287035071443224
0.153526628680235	0.0288819285189665
-0.347480099168433	0.0999933239977275
-0.628807341949763	0.15371861128279
0.153526628680235	0.0288819285189665
-3.08606373064433	0.965887782759055
2.75446121880292	0.769079402442662
0.943931183072951	0.250903413595175
0.949511917528176	0.252227362219882
-0.344864025255158	0.0991853144395914
-3.08164138813046	0.963767470359232
0.152289864541204	0.0287035071443224
-0.627829060935039	0.153504607197422
1.45707753244512	0.483282553765983
0.952312839774606	0.25302018984475
0.951841444348566	0.252891357699991
0.950862031539505	0.252628333014658
-2.5814875372856	0.665060440379843
1.83137413625852	0.718303982282656
0.152567656731362	0.0287430408348264
0.951331866170054	0.252756684317784
1.96040941896093	0.441936123238363
0.948535538575274	0.252058145640786
2.76098151426891	0.771684650801264
0.152567656731362	0.0287430408348264
0.947560352748164	0.251716891447637
-1.13521969998424	0.343544374381215
1.95706969381346	0.441073865263096
3.63685963656738	1.43190397098036
2.75819631171964	0.770700477263471
0.678851289250749	0.215426557227367
0.155572557197279	0.052867342174464
0.157831372779687	0.0765247051495202
0.00815527653238121	0.00667854484573826
0.592838877029096	0.477803001573389
-0.140219045929796	0.0502215736713448
1.33366758907542	0.584614927374746
1.82792138819967	0.716884894355695
0.674406994924976	0.214010177433492
-1.02177744930251	0.404938885053013
3.26640660082579	1.12286745021344
1.57853179581211	0.786593108338459
-1.51330481624892	0.539630991333106
1.45575253921811	0.48289648887464
-2.57775304544287	0.66318910114962
0.170554362205741	0.0507210274433775
-1.03068484294637	0.409174747267586
0.53313407482189	0.191800740808182
1.04363128297175	0.39626638096639
0.949511917528176	0.252227362219882
1.57498008824982	0.784057241786079
-0.627829060935039	0.153504607197422
0.160770338301963	0.0545730641617949
-1.27272029784914	0.573398795849966
-0.346820783252297	0.0997890928773071
1.0423751179533	0.395795368074734
0.94807088907188	0.251931335472786
0.370823472482315	0.188010332471104
-0.445785164547303	0.295876326213012
0.799950662434228	0.760393403133263
0.367276649497884	0.185908324298257
0.820931629228735	0.345711555488893
-1.0198546198872	0.40400953786834
0.534018135349711	0.192121771213656
0.719474622573102	0.476216270049901
0.160764296833873	0.0781221901252004
0.331081071511838	0.201772158730078
0.867522247084918	0.645426638419306
0.451038007299901	0.181503296233176
1.8271356192571	0.716159299630045
1.82579336426267	0.71571883696401
0.943931183072951	0.250903413595175
1.95706969381346	0.441073865263096
0.167679655711552	0.042156489933972
0.947097253557627	0.251590606337117
0.169986302676761	0.0426507049603473
-0.344210615318698	0.0990368506115311
0.168287851014599	0.0422797449011708
2.7554263517449	0.769222911089782
1.82890866226964	0.717371086523666
0.675727856461394	0.214455585681223
1.45086090685868	0.481039409485759
3.92939233650521	1.72468629625562
1.95706969381346	0.441073865263096
-1.13069021608626	0.34196481134975
-1.79827400712943	0.382942964938875
0.152567656731362	0.0287430408348264
1.8267779804798	0.715938237415135
-1.79835097978106	0.382953978270685
-1.13678833986081	0.344070782443639
-0.341581022610314	0.0983147602836231
2.12225919819563	0.952782376293716
-1.13482941234436	0.34340642829894
-0.628807341949763	0.15371861128279
-1.13948670365002	0.344942610687521
-1.79827400712943	0.382942964938875
0.152567656731362	0.0287430408348264
2.1244504337776	0.953787688048285
0.162400863971746	0.0409830958055786
-0.627829060935039	0.153504607197422
3.26352329858721	1.1213740078214
-0.51567358163342	0.194987355076319
0.166084152255821	0.0418055330790301
0.442965014018458	0.178068235488366
0.852543494982508	0.778651885756211
0.402706774011727	0.18251753813575
1.82414885065892	0.714941399976917
1.03610681462668	0.392933684162
-3.08559782341753	0.965445184573826
0.675067592191977	0.214306398275368
2.11729797170485	0.949744172786966
3.63787278219551	1.43230843013536
1.81990502683314	0.712799968178863
-0.217190479909736	0.0701061645859235
0.162479935061762	0.0485106492306684
0.152567656731362	0.0287430408348264
1.04304768303814	0.395953390308167
0.944906190121193	0.251072355848773
1.0452306767165	0.396944800699935
0.670649872073233	0.212844236167521
1.34085556860038	0.588476795145047
1.4596710675352	0.484293847194448
1.82088681640191	0.71321423435862
1.4596710675352	0.484293847194448
-1.51868161543598	0.541784910489629
1.82382554957858	0.714761900200066
-1.13129699285405	0.342278739405472
-0.629636196854164	0.153977935518255
-0.764679257511663	0.332374029322147
0.156203958783437	0.0530790256711765
-1.13362027945245	0.342902172857624
-0.447152143013462	0.296963922431548
0.807350517593599	0.645792282066346
-0.0468952549363241	0.0205656073245646
0.827517651414872	0.348782006378552
-0.0917302405851672	0.036418796385065
1.33476840557985	0.584903436651052
0.947707476517323	0.251863651931386
2.3585702509138	1.18254995764164
2.7554263517449	0.769222911089782
0.153526628680235	0.0288819285189665
1.95706969381346	0.441073865263096
2.75446121880292	0.769079402442662
0.951331866170054	0.252756684317784
3.27031605756575	1.12407130242984
-0.627829060935039	0.153504607197422
0.170216206297202	0.0427061060191571
0.153526628680235	0.0288819285189665
0.949511917528176	0.252227362219882
-0.628807341949763	0.15371861128279
-3.08559782341753	0.965445184573826
0.153247518839476	0.0288421886814327
-0.628807341949763	0.15371861128279
0.166115371422727	0.0494833604091499
-1.80197754639448	0.383903353697165
0.15626975600377	0.0292821097759299
1.95706969381346	0.441073865263096
2.75446121880292	0.769079402442662
0.170216206297202	0.0427061060191571
0.153247518839476	0.0288421886814327
0.949511917528176	0.252227362219882
1.82480922054022	0.715302875396814
-0.62503342749082	0.152907838403333
0.612864583124247	0.321646307222917
0.830813570732659	0.350577218304927
0.312204142267629	0.227375441671377
1.37575820875777	1.28095038573592
2.5685528501622	1.4303263628497
0.535559873099342	0.192653298005135
-1.14009620739235	0.345227889980206
-0.629267545839357	0.153771215183604
0.666721180805514	0.21156384557497
0.669826712236336	0.212585182521199
-1.51494963266618	0.540305848955056
-0.342904767182509	0.0986489157334515
-0.349124689538762	0.10039174648187
0.157402307591701	0.047080036463379
0.825231183436736	0.347733965292547
1.07305972081062	0.520625344193545
-0.153000993169576	0.0546890297465864
0.15236944020891	0.0739247444074246
3.26252567397545	1.12093560535381
1.57194209705912	0.782247674039277
0.948535538575274	0.252058145640786
-1.5126542472202	0.539316353407404
1.33769715960399	0.586940811923239
0.604873539313791	0.316932426539224
1.45575253921811	0.48289648887464
0.151709443880736	0.051599453197034
0.455025575438864	0.183293312831413
2.54795422136247	3.43853476595734
-1.09367236276352	1.05465477032444
-0.327163456675933	0.231773055764485
2.12066304185672	0.951843841296293
1.34327560942288	0.589455423059324
2.12007723433588	0.95091567676529
1.58099753958293	0.788310033160843
0.952312839774606	0.25302018984475
0.53313407482189	0.191800740808182
1.04118814853393	0.395160512018798
0.943931183072951	0.250903413595175
0.951841444348566	0.252891357699991
0.94904571537762	0.252100131683616
1.45377869768284	0.481973964249078
0.162742974316792	0.0485792905021731
3.26252567397545	1.12093560535381
1.95706969381346	0.441073865263096
0.171207721440545	0.0429238305772998
-0.218074030224809	0.0704026851228337
0.952312839774606	0.25302018984475
-0.724941080754783	0.248928107914991
0.145774898369786	0.049640682793739
1.0461523665238	0.397340617252217
1.95791760701363	0.441280139896969
-1.02116299616938	0.404658802027825
0.160770338301963	0.0545730641617949
1.95791760701363	0.441280139896969
-2.577202278156	0.663064687208724
1.45868047865843	0.484047550536175
2.75446121880292	0.769079402442662
2.11934863243045	0.950438929486259
-0.625500335572602	0.152962089117453
3.26741012598786	1.1229997006765
0.152567656731362	0.0287430408348264
0.675067592191977	0.214306398275368
1.82480922054022	0.715302875396814
1.40424716784046	1.0930749419041
0.61512717491879	0.323581641837992
1.34085556860038	0.588476795145047
0.162311665559335	0.0704631747842743
0.166311360817904	0.0418484681801843
0.533792789739045	0.192056407531968
1.82414885065892	0.714941399976917
-4.72677314261392	2.82060052033212
-0.717014216380814	0.24607192548599
-0.214527945453891	0.0692825908233493
0.451860015328675	0.181866942033698
1.95706969381346	0.441073865263096
3.93039364694432	1.72557827049993
3.27324005671214	1.12461219872356
4.17368149905101	2.01042687254495
2.7554263517449	0.769222911089782
2.36194928073803	1.18532146060741
0.90429918284966	0.488395906446231
0.677197674373577	0.214945829616813
2.12041605569515	0.95168550356035
-4.2191738397475	1.98346126780949
0.669692688326239	0.613150360393136
0.175840551888001	0.114941811629803
0.434458773320156	0.331716765261335
1.32923692811707	0.582047687656521
0.948535538575274	0.252058145640786
0.161415729852303	0.0407561524608698
4.1778407712883	2.0140621779542
0.670649872073233	0.212844236167521
2.75722496636877	0.770257049482932
-1.79835097978106	0.382953978270685
1.82414885065892	0.714941399976917
0.947097253557627	0.251590606337117
0.669336367317634	0.21240221601861
0.955131306752333	0.25366825133602
0.153247518839476	0.0288421886814327
-0.628347365301396	0.153568930486371
-1.13461598703551	0.343230613786831
0.169606362252511	0.0425824743634164
1.95791760701363	0.441280139896969
-0.624566751454544	0.152757086863399
0.164702884100979	0.0414746335821988
0.668840989017682	0.212209123194429
0.152937417640883	0.0458047163258354
0.153526628680235	0.0288819285189665
-1.79835097978106	0.382953978270685
0.167299398578488	0.0420768316112512
0.666057985126717	0.211344647530167
0.670977551868057	0.213013404742869
2.12941619418478	0.956021479529718
1.95791760701363	0.441280139896969
2.75446121880292	0.769079402442662
1.95706969381346	0.441073865263096
-1.2754256868914	0.575104153105112
0.149889237586527	0.0650891518152261
0.897852351991658	0.918838824289976
0.825231183436736	0.347733965292547
0.91290292251889	0.495044239464363
1.04455801006536	0.39678683304154
0.67473928175237	0.214185038642858
1.26852212977955	0.698644305014247
2.12041605569515	0.95168550356035
0.148503149870495	0.0281892610504199
0.532501690034208	0.191523210703971
1.07224257181781	0.520038559856794
-0.0917302405851672	0.036418796385065
0.729051371969916	0.484846712815997
0.320653932955999	0.20939528482865
0.612504602681919	0.321656275202434
0.546406811808388	0.317573515487669
0.827078230918429	0.348647296918383
0.152567656731362	0.0287430408348264
1.82513230176872	0.715356894962213
1.45674006944678	0.483086167228603
1.03794125892168	0.3937132286134
1.95706969381346	0.441073865263096
0.952312839774606	0.25302018984475
-0.343388592876165	0.0988541310686696
0.670649872073233	0.212844236167521
-2.577202278156	0.663064687208724
0.152289864541204	0.0287035071443224
-0.629267545839357	0.153771215183604
2.11221706882365	0.946417915832182
0.674079709901257	0.214036050556618
0.674079709901257	0.214036050556618
1.95791760701363	0.441280139896969
0.167299398578488	0.0420768316112512
0.955131306752333	0.25366825133602
-1.13482941234436	0.34340642829894
-1.13422470394875	0.343215945535417
-0.348465736253515	0.100232718134072
0.94807088907188	0.251931335472786
-3.08164138813046	0.963767470359232
0.666721180805514	0.21156384557497
1.96040941896093	0.441936123238363
0.692146891506566	0.324338706437818
0.369579239311281	0.187317812123101
0.448794614800884	0.180450286753226
1.33278572894675	0.584055913334951
1.33520939733629	0.585248915573488
3.26152925911013	1.12000457960558
0.672620264139241	0.213408873137932
1.78908230506661	1.00240397696512
-0.23623221913882	0.1183105676462
0.0105748478019719	0.00535241823504959
0.742070805702395	0.621748613333961
0.346366467641514	0.193964063885894
0.943931183072951	0.250903413595175
0.15746741605397	0.0398665556302216
0.664094674045115	0.21063730965169
0.947560352748164	0.251716891447637
2.11129917726432	0.945754517598935
0.163675748818542	0.0488217197760315
1.45433778917652	1.65833245075348
0.714897047148484	0.473123084319151
1.13681789159231	1.03290678098615
-0.0200467295846553	0.00947095800798871
0.532722704176569	0.191651782960233
0.155986207086685	0.0292416787556187
1.95706969381346	0.441073865263096
0.677525804070498	0.21497907874542
1.95791760701363	0.441280139896969
3.26352329858721	1.1213740078214
0.166311360817904	0.0418484681801843
0.949511917528176	0.252227362219882
-3.75466048479637	1.48723142869904
-1.79835097978106	0.382953978270685
-1.13617544316656	0.343960217515251
2.7554263517449	0.769222911089782
0.669009496945769	0.212302346826553
-3.45598446335482	1.23025555319821
0.15626975600377	0.0292821097759299
0.161809663243855	0.0483223326687324
0.152567656731362	0.0287430408348264
-0.719862779167192	0.247072455212921
-0.720404519989633	0.247290988830991
0.153526628680235	0.0288819285189665
-1.51330481624892	0.539630991333106
0.161787544386438	0.0408470066516523
1.06676974720699	0.516734225390013
-2.58120409692147	0.664991486920107
0.153526628680235	0.0288819285189665
1.95706969381346	0.441073865263096
0.152567656731362	0.0287430408348264
1.95791760701363	0.441280139896969
2.11405059793482	0.947374632359898
1.95791760701363	0.441280139896969
2.75446121880292	0.769079402442662
1.83104940548172	0.717999079596031
4.1778407712883	2.0140621779542
0.152567656731362	0.0287430408348264
-1.01711319677622	0.40268673384294
1.27322605608521	0.702097708758575
-0.341581022610314	0.0983147602836231
0.670319945898335	0.212719010726886
0.152289864541204	0.0287035071443224
-2.5814875372856	0.665060440379843
1.82316587137561	0.714400972353312
1.81990502683314	0.712799968178863
-0.6282908079904	0.153557595992093
0.691587291218233	0.324028662662226
0.445990146201761	0.447782896325454
-0.175644315331952	0.116708892195931
-0.0187155081040055	0.0119726186202386
0.189774179239026	0.130856437027346
0.588299929302545	0.473514325333014
0.656398617705716	0.46874434530717
1.24995327088772	1.06174574079999
0.564698364296386	0.67214853930198
3.26252567397545	1.12093560535381
1.45514143110378	0.482646568994266
3.26152925911013	1.12000457960558
1.98755911845702	2.3619830498639
1.25561962396126	0.87341005721292
-0.633409029549556	0.154789771896201
0.948535538575274	0.252058145640786
1.95791760701363	0.441280139896969
0.156485222075046	0.0396411457671424
-0.342904767182509	0.0986489157334515
2.12066304185672	0.951843841296293
-0.629267545839357	0.153771215183604
3.63685963656738	1.43190397098036
3.6409027894866	1.43427384419709
1.95706969381346	0.441073865263096
-2.57747759965585	0.66335545132302
1.95706969381346	0.441073865263096
0.947560352748164	0.251716891447637
2.7554263517449	0.769222911089782
1.95706969381346	0.441073865263096
0.949511917528176	0.252227362219882
-0.629159511493121	0.153871316504896
1.96040941896093	0.441936123238363
-1.79827400712943	0.382942964938875
-0.627829060935039	0.153504607197422
2.75349844687128	0.768381126605175
0.153526628680235	0.0288819285189665
-2.57747759965585	0.66335545132302
0.943931183072951	0.250903413595175
0.6737511905791	0.213807078926834
0.157150948993736	0.0469889516170941
1.09083597820568	0.672024993063116
0.149464413960118	0.0283283450696208
3.26152925911013	1.12000457960558
-0.343716239253643	0.0989197038205485
0.167299398578488	0.0420768316112512
1.33366758907542	0.584614927374746
-1.48262891806896	0.749194787387466
-0.602914764168361	0.663315061425438
0.59918902072176	0.581374629800665
-0.717186346048582	0.781799418935594
0.103847992205158	0.0765420499522183
0.0248220165337952	0.0167104831583158
0.880438077871451	1.47637414225666
0.356432740495525	0.436294312445073
0.69449160272101	0.325776198168538
1.7734369510952	1.3888531357616
0.611996325722518	0.321654199359483
2.12738078357894	1.48686608866373
0.795317792788267	0.478071679786455
0.790147831875056	0.474527933890451
1.82725871051587	0.716521694707993
0.671634827760764	0.213161681695785
0.672433098173043	0.213363007143314
2.12133800034702	0.952308998445296
0.170216206297202	0.0427061060191571
0.453838875551382	0.182772785031551
3.26640660082579	1.12286745021344
-2.57747759965585	0.66335545132302
0.694117894874117	0.325169955309422
0.367378802682718	0.18592911149564
-0.220273125496108	0.0711077393958585
0.908223326463872	0.49152217183596
0.66999328440441	0.21269616854207
0.148503149870495	0.0281892610504199
0.825425367366759	0.347866059057456
-0.347480099168433	0.0999933239977275
-0.725462519324565	0.249202983263282
0.151905065586114	0.0516577328804664
-1.13849388307931	0.344614401149477
0.163253158978843	0.055373071248357
-0.392890645811615	0.163726265183229
0.166084152255821	0.0418055330790301
1.45769029797448	0.483533280097753
0.148120479575203	0.0503967452002116
1.07387605693016	0.521153365879796
0.15868166261938	0.0538850546392354
1.46525261445653	0.917298344379072
-0.765175557038133	0.332787545954992
0.949511917528176	0.252227362219882
-0.214527945453891	0.0692825908233493
0.912677184667621	0.494493498067259
0.440468442490143	0.176968418899923
-0.520378896998308	0.197056706045625
1.45769029797448	0.483533280097753
0.442722678255326	0.177939813635178
3.27031605756575	1.12407130242984
-0.233933197390773	0.117067450298648
-1.8340934501511	1.15566420049686
2.0443059705756	1.95310721627289
0.694117894874117	0.325169955309422
-0.226803794676283	0.11323424250014
0.613008660747081	0.322012749294605
-0.0596500354485578	0.0259664256287631
-0.788969625368996	0.606976414932509
-0.0429424149522341	0.0267793072420904
-0.215170786517111	0.139151187821925
-0.947845227883433	0.582041965894438
-0.29767394357499	0.136545774717007
0.366036057221842	0.18518537436208
0.763692016244297	0.75326039228065
0.849787619035146	0.897792299352733
1.11863376945232	0.85793811099407
0.528476382778789	0.189975415538032
1.09333150182756	0.674092985618774
0.71990748140443	0.476740154059108
1.25447533907499	1.06773568881945
-0.301654698061974	0.138588339768243
0.740191242926493	0.62021887460481
1.47491415612977	0.926683341663678
-2.06466636020324	0.940256308265765
0.551326554663594	0.320790391093992
0.153908053642944	0.0523049350424465
-1.48322009253632	0.749647504548096
1.09164610379078	0.673794994334163
-1.01645966379821	0.402385802038174
-0.0578212906678818	0.0251916598763217
0.536938645245252	0.193260647952111
-0.724527840719668	0.248940035798255
0.169905105899281	0.0910528849787546
0.161546088205671	0.0482379354240544
0.446163909138925	0.179453323158192
0.457372057616432	0.184224149448931
0.157850726922151	0.0535992456199043
1.57479077921744	0.784231980002317
1.33300648117334	0.583999950109349
0.533566787823661	0.191896078067119
-0.211803100213447	0.0684440141233586
0.695049564700216	0.325985570559049
-0.763170853215986	0.33175434418017
0.152567656731362	0.0287430408348264
0.166311360817904	0.0418484681801843
-1.48262891806896	0.749194787387466
0.696047588021093	0.326279767661231
1.4488928394285	0.480121145077694
2.56314948119479	1.42483848754318
0.611192775309695	0.320679250706523
-3.45598446335482	1.23025555319821
1.45476541507032	0.482531337515686
0.948535538575274	0.252058145640786
1.8282452886897	0.717007372542503
3.63685963656738	1.43190397098036
0.369009340582082	0.187123530371355
1.11429516453513	0.852963551901414
-0.525082284718947	0.198984525789772
2.75349844687128	0.768381126605175
0.166311360817904	0.0418484681801843
0.152567656731362	0.0287430408348264
-0.0504442919763924	0.0220653569575298
1.06967587214055	0.518107917945548
1.96450414789123	1.22918486205279
0.908754057121672	0.491693289203694
0.172473027412145	0.100159941394417
0.869550853272816	0.647223306393057
0.00857278161344666	0.00434405601766553
0.556466085531131	0.467166108086042
-1.67368748923854	0.946499862499213
1.4019899179574	1.08964432002508
-0.54271961077492	0.344782428815079
-0.511519041389722	0.193429014825003
-0.147668894003962	0.0528350865223225
1.96844235586798	1.23390668075905
1.09086369229126	0.671906098260433
0.335824676185046	0.205166583860177
-0.535313777082943	0.338853683703746
0.446163909138925	0.179453323158192
0.1540561970176	0.0591317209177012
0.310773221190048	0.214526925408883
1.12912300520383	1.02196538337413
-0.025845680371575	0.0121001023934112
-0.243742839992495	0.122258490127487
-0.0209433662850722	0.00988088446925532
0.795508190293046	0.479029916231137
0.694437504010704	0.325280693858728
0.532249310589414	0.191451139948052
0.373213756568532	0.189387369020431
0.612327537343376	0.321787914933952
0.531362078008964	0.190989221280925
0.693933463905425	0.325466370164017
1.04480696921869	0.396726217486042
0.405044368808461	0.183531990620571
0.537596443695132	0.193449679434614
0.152567656731362	0.0287430408348264
1.81990502683314	0.712799968178863
0.451561747851891	0.181798049341144
0.665738591316948	0.211247784564273
-1.13543440488342	0.343479590196383
-1.13129699285405	0.342278739405472
-1.13521969998424	0.343544374381215
0.394830511937435	0.178506716414537
0.158995326023102	0.0475101404657943
0.168287851014599	0.0422797449011708
2.56397456782607	1.42570220790861
-0.348465736253515	0.100232718134072
0.150251518108603	0.0511196116992592
-0.0996926387008772	0.039501706387863
1.06848073867691	0.517570142270945
-0.216468117878063	0.0699098638062388
0.669665397318181	0.212450186666999
1.33661370714751	0.586007173783583
-0.214295623660532	0.0692156550779169
-0.340926891852112	0.0981051026466341
0.167299398578488	0.0420768316112512
0.166528409127177	0.0496297620210776
0.609029825422012	0.319714020559403
1.04211818703896	0.395589048045566
0.165594211957363	0.0493598676029419
2.7554263517449	0.769222911089782
-0.385035671554689	0.160184885638677
1.04321119961113	0.395804172758563
-1.81870429132264	0.741743820146927
1.04077275699432	0.394975733217645
0.161809663243855	0.0483223326687324
-0.143315353927409	0.0513295091165195
1.11439833869213	0.852528924308467
1.03665226451412	0.985596566977971
-1.4846353244679	0.75101081076005
-0.780296224869146	0.424169840420332
3.92939233650521	1.72468629625562
0.828984487885033	0.349649892574788
1.33696922957687	0.585952372928147
0.665076092013553	0.211028905087732
-0.15170338472517	0.0542493267936134
0.149464413960118	0.0283283450696208
1.45476541507032	0.482531337515686
0.536711770787689	0.193058012816576
0.157034388740604	0.0533466278590803
0.826691593943687	0.348371951413041
1.59266420840323	1.73658846827061
0.43622989647265	0.333329903829288
-0.293353822949683	0.134364983839234
1.03451368627591	0.392101981948805
1.04640087890442	0.397464840971431
0.534451222825175	0.192245698269146
1.82316587137561	0.714400972353312
0.448962214217549	0.18067148242492
0.346816255761804	0.194232543019674
-0.603569776832878	0.289530217732636
1.00720619528594	0.830802180117687
0.802621233092609	0.763604460662434
0.458419058509253	0.184754460876737
-0.227216876098282	0.113434402972389
0.395638945353767	0.178912374877141
0.159014140561815	0.0772478358344828
2.64754010372639	2.70563135454866
-0.137617828979002	0.0493209249602082
0.698637946443475	0.327891418746038
-2.577202278156	0.663064687208724
0.167299398578488	0.0420768316112512
0.165704597093625	0.0417255219351786
0.149356715107181	0.0647703174256238
2.36469736075737	1.18631576173415
-0.514837284692919	0.194722873359673
-1.0302588136211	0.408717625056926
-2.11062695193422	1.62069889953155
-0.0573410903990978	0.0249844882546785
0.695729012477645	0.326110198390156
0.148551241333892	0.0570670819556719
1.82725871051587	0.716521694707993
0.458191284190108	0.184635026747111
0.669336367317634	0.21240221601861
-0.146252414230362	0.0523425133241546
-0.764919010559274	0.332363812937212
-0.781136798351403	0.424865941033009
0.669009496945769	0.212302346826553
-0.147076152891941	0.0526308419632966
-0.141845773618067	0.050752565243232
0.509972467524923	0.325444372897561
-1.81842816932896	0.741601322947527
1.33124172565051	0.582741467124161
0.158826104912647	0.0609548710779461
-1.08854331270872	0.744565908850761
-0.605441271100967	0.290520234541977
0.325445572043255	0.198055310031765
-0.0933383356565446	0.0370733064011173
0.159941194521509	0.0543013031904569
1.11818381761642	0.857443352584869
0.918903467522375	0.801822028762194
0.174698008372751	0.101359284433508
0.191310785720064	0.119053934329154
0.558855624861123	0.469293156250031
-0.0504442919763924	0.0220653569575298
-0.389023283120081	0.219826519466714
0.151840270440599	0.0658977726013996
0.453611115677461	0.182669846803673
0.152567656731362	0.0287430408348264
-0.768944294866461	0.334721769210418
-0.263506404544841	0.164877817592172
0.167679655711552	0.042156489933972
3.6429298839629	1.43447613792276
0.149940804652462	0.0575143916427019
0.155572557197279	0.052867342174464
-0.0121868611380244	0.00588875447381641
0.744094113819945	0.624688538442862
-0.151712894910212	0.103458936843023
-0.591707624292623	0.282833047822765
0.60870450405821	0.319039225318738
-0.178325809849769	0.0956432000648378
1.07528526453957	0.52178387770806
0.948535538575274	0.252058145640786
0.836930207416219	0.353149753743095
0.156004173205372	0.0530087596813196
1.54351249104967	1.33298010019247
0.607368941002673	0.318124286034727
1.06788285850654	0.516995386570928
0.159627373721911	0.0774260010804011
0.165612183318889	0.0805644974494916
0.570226543253347	0.334342738975107
0.668891309807139	0.480420988009326
1.82382554957858	0.714761900200066
1.06561374213039	0.515920962739469
-0.343223291761604	0.0987971723984263
0.168996227736906	0.0424334312831713
1.04211818703896	0.395589048045566
0.453017086926378	0.182395940611143
1.04144562491045	0.395430985542635
0.540547977832041	0.194469087233399
-0.342569521377039	0.0986187132378211
-0.101720111664838	0.040336437390004
0.669009496945769	0.212302346826553
0.674079709901257	0.214036050556618
1.45378984515444	0.482188083152346
0.94904571537762	0.252100131683616
1.2808399974744	0.707257507217594
1.45377869768284	0.481973964249078
1.82414885065892	0.714941399976917
-0.148261836724003	0.0530295378311601
0.15951165226116	0.0541568637053404
0.950862031539505	0.252628333014658
1.96040941896093	0.441936123238363
-0.343223291761604	0.0987971723984263
0.451491615165562	0.181690320657802
1.45316902836548	0.481724936898338
0.167299398578488	0.0420768316112512
0.169606362252511	0.0425824743634164
0.162081946537912	0.0483609353278891
-0.342904767182509	0.0986489157334515
-0.0874912770546142	0.0347952584244155
0.163413249256128	0.0487677019311828
-0.597298018480201	0.285831906464435
1.09383619241329	0.674450549848002
-0.322186532294677	0.193113269371046
0.156964116509175	0.0602446032592551
1.28051647239539	0.707475934838674
0.901077138679966	0.485721110228332
2.12531815039565	1.4834762296563
0.336735746326206	0.20580783652555
0.144216561578704	0.0625579361856569
-0.261058384910264	0.163285165737214
-1.15937081626947	0.648686418184352
-0.146252414230362	0.0523425133241546
-0.909458177970482	0.664193195875923
0.534998516423049	0.192417814864821
-0.644688234295486	0.382015944040838
-1.51885466658535	0.541921809220855
-0.761830652619391	0.330839895803259
-0.514001914291837	0.194387375528581
2.03412078525009	1.93768122874349
-0.302154666650255	0.138838114292047
0.444986554299739	0.341368583320591
-1.09651141952184	0.753188289878465
0.157658428458922	0.0684184485852274
0.15119124154614	0.0655932214442673
0.155663439658243	0.0597820370134089
0.613188000988	0.322042634973678
1.04011254131511	0.394696182042935
0.15243762427523	0.0585046911358224
0.828531603525907	0.349434554924782
-0.0139749772923461	0.00669978908806297
1.78405646229562	0.998749985017255
-0.39395556364935	0.1641611423219
1.09415558799858	0.675100017474595
0.94904571537762	0.252100131683616
0.826252270975154	0.34827642903147
0.163413249256128	0.0487677019311828
0.820931629228735	0.345711555488893
0.164924003228835	0.0491712866480455
1.04253760976891	0.39550470335704
-1.13422470394875	0.343215945535417
0.534451222825175	0.192245698269146
0.160875819484411	0.0480497781693361
-0.346820783252297	0.0997890928773071
0.455845401130376	0.183645920619101
0.160770338301963	0.0545730641617949
0.158323275965016	0.0473326847049123
0.826885083784757	0.348595039349664
1.33487879996872	0.584874483848973
-2.06905985477759	0.943332987473435
0.163680486424242	0.0554863922082261
-0.211803100213447	0.0684440141233586
-0.39135165590155	0.16303345182577
2.75819631171964	0.770700477263471
0.162330854953818	0.0484266272065399
2.11729797170485	0.949744172786966
0.66999328440441	0.21269616854207
0.94807088907188	0.251931335472786
0.165704597093625	0.0417255219351786
2.35790709789433	1.18200234368711
0.508900121383039	0.324392280603089
0.612179388299582	0.321450364353162
-0.215184417856504	0.0694920488130609
0.166956368061528	0.0812494007457357
1.10662356413645	0.84464577680004
-0.698522087247181	0.663964287120278
-0.217435973182614	0.140822050640744
-0.0164517012128554	0.0078132878822727
-0.12927128261911	0.0729323218947036
-1.23372533955023	1.14792564743639
0.182553097353237	0.113284477817361
0.16546285687625	0.0958838821916553
0.0434515540590073	0.0255336541276354
-0.447722282080826	0.297026027758467
0.929588849906892	0.815066357351726
0.485431441224275	0.333625895000472
-0.898299233391207	0.749805826284803
-0.143342008734556	0.0974027055577358
0.0885507692224352	0.057982535696879
0.4013244522186	0.345208830801367
-0.397964163215559	0.2256642363574
0.179982383885631	0.117856188624386
-0.578186542884217	0.563422515175567
0.655568127105395	0.59613341031973
0.172405503381423	0.100029571499548
-0.151245903573179	0.103090222386745
0.297404997511948	0.243553946318698
0.821564142670722	0.345931638957748
0.445569555469994	0.179194625806487
0.532722704176569	0.191651782960233
1.78143542363294	0.996784860557137
0.540094493074534	0.194363499924517
1.45868047865843	0.484047550536175
1.82693458968678	0.716159663486908
0.949511917528176	0.252227362219882
0.161415729852303	0.0407561524608698
1.45377869768284	0.481973964249078
0.539437051905481	0.194107581964573
1.06848073867691	0.517570142270945
0.943931183072951	0.250903413595175
0.94807088907188	0.251931335472786
0.534451222825175	0.192245698269146
0.947097253557627	0.251590606337117
0.163413249256128	0.0487677019311828
-0.724527840719668	0.248940035798255
0.942957371619669	0.25056334066046
2.74419097739846	1.68142941944464
1.45476541507032	0.482531337515686
1.95706969381346	0.441073865263096
0.157402307591701	0.047080036463379
-0.720531029641176	0.247239977875788
3.26352329858721	1.1213740078214
1.04455801006536	0.39678683304154
1.96040941896093	0.441936123238363
0.153987654009519	0.0523299241322952
0.948535538575274	0.252058145640786
0.94807088907188	0.251931335472786
1.04144562491045	0.395430985542635
0.66475647791666	0.210855781457285
0.690784344235506	0.323574303862237
0.904288591926518	0.488464254676233
0.451264737753217	0.18161985383083
0.826058603447256	0.34818473678636
1.0945071628854	0.675172458585694
1.06818357434003	0.517834894778062
0.178479129770199	0.110566900774286
0.338028867416849	0.206708360736523
1.00617375123557	0.828865329563626
-0.14542947957694	0.0520431982921303
0.164253493044333	0.04896839989512
-2.63280492894604	1.61437906601721
0.660866193756787	0.472506421267053
1.04051558933761	0.395002404087772
-0.0565644351992689	0.0246587382962158
-1.32416116198758	0.830585068969409
-0.599605296842962	0.287463874533008
-0.922878702334898	0.677859319725955
-0.596790041885038	0.486313274246473
0.86609903328313	0.92162433274129
-0.38282124714238	0.263367068003745
0.163113419283259	0.0792269512446663
-0.783668220835848	0.518396977931031
0.960558125181611	0.655286057517716
0.450145859423865	0.181236132023085
0.163413249256128	0.0487677019311828
-0.0907285600877648	0.0360607852755066
0.170216206297202	0.0427061060191571
1.96820918919717	1.23299346818242
2.12377595625849	0.953322582031882
1.57935466927394	0.787257527339487
1.0454798173394	0.397182748534993
0.951331866170054	0.252756684317784
3.63685963656738	1.43190397098036
-0.338812598915516	0.0975423827176717
1.45868047865843	0.484047550536175
1.96040941896093	0.441936123238363
3.93458270867333	1.7286866438442
0.950862031539505	0.252628333014658
-3.08559782341753	0.965445184573826
0.155986207086685	0.0292416787556187
1.04211818703896	0.395589048045566
-1.79835097978106	0.382953978270685
-0.347480099168433	0.0999933239977275
1.45905685415805	0.484042330916112
2.75722496636877	0.770257049482932
-0.628807341949763	0.15371861128279
0.152289864541204	0.0287035071443224
2.75819631171964	0.770700477263471
0.94807088907188	0.251931335472786
1.95706969381346	0.441073865263096
-0.341581022610314	0.0983147602836231
1.45415502686182	0.482281800899209
0.948535538575274	0.252058145640786
4.1727280087236	2.00938901776936
1.3345487412554	0.585101958973942
1.04035568333308	0.394789631977935
-1.13482941234436	0.34340642829894
-0.343877386805142	0.0989458655028747
2.35945145057363	1.18326179292922
0.675727856461394	0.214455585681223
0.195257190524314	0.146316395891426
0.322026799114249	0.223449911213621
0.309398271708853	0.235474385069136
0.655620975854117	0.596277046498415
-0.4871265669929	0.364826650287349
0.167532645534224	0.0898116654481623
1.24759271612369	1.51646570261016
0.436964199503959	0.462811303318092
0.483562347276416	0.332245786337756
-1.07917499471087	0.735448015473422
0.168707824745511	0.0904708981896742
-0.301678461212311	0.138432195605279
0.303417971872652	0.230226529810838
-0.0400726133094864	0.0249776509073523
-0.0590643128033184	0.0430228734422197
-0.409704852321743	0.34881978197696
0.06011804279942	0.0352770774462128
0.378631607734499	0.356855249510509
0.538850098409816	0.665048082167393
0.208126064438198	0.173346105585786
0.0546627204332737	0.0435852552785251
1.46140526903476	0.913386190994332
0.691587291218233	0.324028662662226
0.369098387830601	0.187038528267993
-0.787068111790984	0.429614306053086
-0.135861044175959	0.0487010047272875
0.161796111845727	0.0548787428361297
-0.147885590638314	0.0529408011142971
0.17196869899656	0.0996244374066677
-0.519323943583458	0.196571027657527
0.151706424698603	0.0582782084805056
-0.13820927510853	0.049531032348743
0.69919774718211	0.328177033610307
0.156772117874832	0.0601856186845664
0.554350520423716	0.323452624135766
0.826058603447256	0.34818473678636
0.817368879742748	0.343856847315952
3.64701262948472	1.43595006396443
0.968051436720504	0.66163017863777
-0.0179836665390314	0.008538021422969
0.829357632482683	0.349871102086347
0.746865296816187	0.627392259923649
1.28131624516201	0.70816927456368
0.341383920043773	0.209071024047072
1.96685055858993	1.23204145967813
0.15951165226116	0.0541568637053404
-1.13910410688242	0.344899734416028
-0.222234661662827	0.0717115086605459
-0.646067024046375	0.383048034972947
0.163413249256128	0.0487677019311828
0.168287851014599	0.0422797449011708
2.75819631171964	0.770700477263471
0.161782158512576	0.0785511543503289
0.187254197750821	0.128986444006705
0.167094958437279	0.0895726733226411
0.18002854840085	0.117849815985728
0.971076319544649	0.665456106081692
0.82490709530499	0.347736304875159
1.44987667304504	0.480675917422322
1.82792138819967	0.716884894355695
-0.724527840719668	0.248940035798255
-1.79827400712943	0.382942964938875
0.143608697063923	0.0551953723802767
0.351101463064369	0.197061620044682
0.69751780931245	0.327125375237672
0.401075919885504	0.181703123588822
0.829163317967424	0.349753041955828
0.452455087578574	0.182067894264148
0.460003588849608	0.334950238139211
0.511853071124825	0.326840473304125
0.395082045488164	0.178545764832155
-0.138800921990177	0.0497365758407977
0.539217852613312	0.193896792302518
0.511834263858041	0.326711766075671
0.800173841480649	0.48221677802039
-0.233790906236313	0.116827216794253
1.33681578405904	0.586406825513233
1.00531143776602	0.829169845456054
0.964204999882237	0.658020926539172
1.27713025462435	0.704444373313039
0.996793873129785	1.32206802378105
0.614819202237156	0.323079073038675
1.13539589052267	1.03092730463424
0.389008466391856	0.357162717998253
0.082860085258993	0.0516501983983053
2.1244504337776	0.953787688048285
0.159120618721933	0.0540009512057801
-0.979528739099308	0.484740446456133
-0.00349618331560724	0.00148207387684684
-0.629267545839357	0.153771215183604
-0.72013323546054	0.247288973526613
0.165016003775978	0.0491834127411745
0.825619212793805	0.347833366414085
1.15310108900322	1.31393321196519
-0.47077380972783	0.397648767295648
-0.0995321186273768	0.0584649803224369
1.54167206006977	1.33068632866083
1.06077217683367	0.51303921267791
0.951331866170054	0.252756684317784
-0.521210980107801	0.197392065778108
1.82579336426267	0.71571883696401
-2.27694875940199	1.14968667309891
0.150882619911791	0.0513268309948059
1.78308870858936	0.998240266267587
1.62337724219967	1.13880344870328
0.157462123376921	0.060446471737033
1.07283799847005	0.520200234598361
0.346378648951872	0.193904569882253
-0.0564736583390033	0.0246170792693851
-0.3795553624384	0.260753461599807
0.798847519201868	0.48122081514434
0.909025853928532	0.492138895608826
-0.34780711222598	0.100028606261835
0.163253158978843	0.055373071248357
1.96530122833709	1.2300237684343
0.828130476180842	0.349220445770164
-0.512582104073483	0.193859483869191
0.160489139338675	0.0479185611557889
0.37235317200663	0.188864180116318
0.160809401243685	0.0698096506946365
0.613838303678959	0.322548332275997
3.63685963656738	1.43190397098036
1.33857781519291	0.587388164181981
0.827710620012205	0.348965796964443
0.444028648788271	0.340513178627553
0.335618493230234	0.20482775465449
0.576509716213766	0.461235289900035
0.706534533162582	0.332249522905782
0.156321977802616	0.067817298544639
0.826691593943687	0.348371951413041
0.158323275965016	0.0473326847049123
1.45868047865843	0.484047550536175
0.67473928175237	0.214185038642858
2.75446121880292	0.769079402442662
-1.13971461971555	0.345009438584009
0.165282299330217	0.0717826341685963
-0.0941582455927274	0.0664602292111581
0.0487332679831345	0.0286040508994235
-0.518291188919032	0.196145138894588
-0.0533922081460383	0.023320968973608
0.161410373272502	0.0481834890034794
-0.627829060935039	0.153504607197422
1.82382554957858	0.714761900200066
0.152567656731362	0.0287430408348264
1.04118814853393	0.395160512018798
0.00880102221369734	0.00448051999272436
0.820931629228735	0.345711555488893
1.13130013155422	1.0248270009479
0.397429413485127	0.179636113008884
-1.27179409224048	0.572572110528683
0.157034388740604	0.0533466278590803
3.93139544004406	1.72622670090374
-0.945615842272505	0.58010058036378
-1.32798030869829	0.833204433467513
1.45478885437132	0.908199769864004
-0.943709606546371	0.578414876642739
-0.642969358307316	0.381028299408276
0.794350653954584	0.477394161494226
2.11974097879103	0.951220462633918
1.78183588460845	1.83741039882775
1.06583336465523	0.516206530168938
-0.768705989684847	0.334579180836752
1.34019590900986	0.587859803066338
0.402439831243901	0.182247027329972
1.11651118610794	0.855647156237919
0.518634761934694	0.332155304952956
0.865190023081962	0.64192310729018
0.621806584336713	0.474512212480442
-0.209603293307511	0.0677458907222275
0.151513479989601	0.0515213325333355
0.450669254708217	0.18134583956387
2.11822736872309	0.950292276417873
0.166691919569473	0.0419536988970269
1.45316902836548	0.481724936898338
0.951841444348566	0.252891357699991
-2.46952730185969	1.37666941873861
0.186633732717436	0.115890531240686
0.306538626259987	0.233065497801641
0.670267564522646	0.481656389038061
-0.526539251031829	0.199502459143743
1.33791767964906	0.586771553336556
-4.00749658051746	1.74098643138457
-1.01735407284408	0.40279400157508
-0.632939126134277	0.15468454480873
1.45476541507032	0.482531337515686
1.04857925580033	0.398386002712382
0.1540561970176	0.0591317209177012
-0.510891470732261	0.193155670362405
0.00884796297184305	0.00454268256937337
0.673092310209553	0.213658316206257
0.160770338301963	0.0545730641617949
-2.63031740986173	1.61148437886554
-0.136794080270488	0.0490262213442867
1.09580483333785	0.676750943668201
-0.302154666650255	0.138838114292047
-4.0081607204183	1.74121189147911
-0.144137937066465	0.0515994218101899
0.94807088907188	0.251931335472786
-1.1564894895206	0.645999644370316
0.153526628680235	0.0288819285189665
1.28107795691223	0.707905162126171
0.400916727413544	0.181401145807679
1.04455801006536	0.39678683304154
0.552609650734639	0.322205295969848
1.0423751179533	0.395795368074734
0.948535538575274	0.252058145640786
-2.28389484646642	1.15525171957497
0.167299398578488	0.0420768316112512
-0.143673624158547	0.0514580135328712
-1.13521969998424	0.343544374381215
0.167299398578488	0.0420768316112512
0.166084152255821	0.0418055330790301
0.532022890862633	0.191307575847994
0.0813397398211548	0.0531432295478396
0.170046713355455	0.0912395929377289
0.161659103872863	0.0482281043856867
1.03984272433899	0.394547494768611
1.79050346561438	1.00408955319475
0.669336367317634	0.21240221601861
-1.13521969998424	0.343544374381215
0.170216206297202	0.0427061060191571
2.35790709789433	1.18200234368711
0.398217018103574	0.179990269978919
0.454204940217567	0.182916641096981
0.153512434429088	0.0666478442690645
0.670977551868057	0.213013404742869
0.402188556951623	0.182114196038106
0.164253493044333	0.04896839989512
-0.13820927510853	0.049531032348743
0.153526628680235	0.0288819285189665
0.948535538575274	0.252058145640786
-1.81300911296951	0.738319190977208
-0.768114862745367	0.334314347835866
-1.83544266309231	1.15745114055166
0.802172952724587	0.484379808261435
-1.51754153600569	0.541527764023226
-0.973210630146806	0.480722158230202
0.164346026904199	0.0490101668927593
0.947097253557627	0.251590606337117
0.161809663243855	0.0483223326687324
-0.720404519989633	0.247290988830991
0.161139089918031	0.0481199615651925
-1.13482941234436	0.34340642829894
1.04051558933761	0.395002404087772
1.24938461803435	0.86804901731249
0.66999328440441	0.21269616854207
1.10154024361555	0.681369975822011
0.527816689171872	0.189769137536265
1.7725864863094	1.3875673661617
0.454432327347969	0.183046639295393
0.91581270667578	0.496850585134248
-1.13971461971555	0.345009438584009
0.167456389266164	0.0498754746523784
1.27458612892506	0.70295206435028
-0.980085600708626	0.485148521915881
0.576576332801427	0.461334684019787
0.695485768570234	0.325993590968415
-0.600945452127417	0.288192951462126
1.57345088575428	0.783390142728482
-0.624566751454544	0.152757086863399
-0.602516125133689	0.288815983646443
0.670146693308096	0.21263420962492
1.53775957446034	1.32519849560694
1.35457190714586	1.43974338627534
1.0787735834172	0.662718482842646
0.670977551868057	0.213013404742869
0.693131365092675	0.324961773585518
2.75446121880292	0.769079402442662
1.45575253921811	0.48289648887464
1.33260025719858	0.583995919548712
0.90429918284966	0.488395906446231
2.5693747235789	1.43100957202569
-3.75940316744871	1.49041694177376
0.531842803938449	0.191317098366628
0.150054849552069	0.0510420434585411
0.164924003228835	0.0491712866480455
1.04304768303814	0.395953390308167
0.164924003228835	0.0491712866480455
-0.979973066149286	0.485699065327657
1.8267779804798	0.715938237415135
-0.509430967307546	0.192464798828155
1.06989694527242	0.518493824613893
-0.385592301862764	0.160437798197036
0.914159826383433	0.495924069885474
0.455025575438864	0.183293312831413
0.534451222825175	0.192245698269146
-1.59586745652491	1.22735846305624
0.450442155521912	0.181256071663712
4.1727280087236	2.00938901776936
0.903743422293457	0.488797786759354
0.164702884100979	0.0414746335821988
0.167679655711552	0.042156489933972
-0.75865332496854	0.32934909721446
1.57048924736166	0.7812871407472
0.532501690034208	0.191523210703971
-0.632939126134277	0.15468454480873
1.82480922054022	0.715302875396814
1.45707753244512	0.483282553765983
0.899279546618742	0.485381485140419
0.191575236790793	0.132233695454629
0.617155235172506	0.324612550622903
-0.306997847881457	0.141105580585831
0.820931629228735	0.345711555488893
-0.0502293246781086	0.021979402664218
-0.0722054500100995	0.0438612684867641
0.0677950779159904	0.042116761570356
0.154740770752363	0.0525923721877549
0.916999103340391	0.798808765404832
0.379049157561677	0.357408682344427
-0.222086485649224	0.144112516597162
0.422321406317696	0.337072064413014
1.82414885065892	0.714941399976917
0.151492026856821	0.0734784126434119
1.09415558799858	0.675100017474595
0.805987760680476	0.486896763873198
-0.143905854186937	0.0515385054799117
0.162742974316792	0.0485792905021731
-4.2191738397475	1.98346126780949
1.3345487412554	0.585101958973942
-1.79827400712943	0.382942964938875
0.166691919569473	0.0419536988970269
2.75446121880292	0.769079402442662
-0.629636196854164	0.153977935518255
0.166691919569473	0.0419536988970269
0.149464413960118	0.0283283450696208
0.162479935061762	0.0485106492306684
0.673092310209553	0.213658316206257
3.6409027894866	1.43427384419709
3.26252567397545	1.12093560535381
0.696468487513768	0.326468754675489
0.951841444348566	0.252891357699991
-0.340926891852112	0.0981051026466341
-0.347480099168433	0.0999933239977275
-0.343557529393447	0.098858556674811
-1.79827400712943	0.382942964938875
0.166311360817904	0.0418484681801843
1.45905685415805	0.484042330916112
1.95791760701363	0.441280139896969
0.947560352748164	0.251716891447637
0.675727856461394	0.214455585681223
-0.6282908079904	0.153557595992093
-1.79835097978106	0.382953978270685
1.45086090685868	0.481039409485759
0.152289864541204	0.0287035071443224
0.155986207086685	0.0292416787556187
0.161809663243855	0.0483223326687324
0.166528409127177	0.0496297620210776
1.57030373073065	0.781115955239476
0.947560352748164	0.251716891447637
0.166084152255821	0.0418055330790301
-0.0486243066682182	0.0212873613575375
-0.296352254696987	0.135865399073836
0.394021941179025	0.17808674998791
-1.81433874778204	0.739366153614294
0.796550812160561	0.479104333405892
0.153853653569882	0.0460553468924526
-0.343223291761604	0.0987971723984263
0.457557355255771	0.332617187560645
-0.0985512306824982	0.0578440891514432
-0.600681858692152	0.490225285438359
1.69137764516377	1.97173384013661
-0.142440177804696	0.0509737826404277
1.09548378310884	0.676317786148411
1.0454798173394	0.397182748534993
0.865334430844852	1.09374954885516
1.77247314290751	1.38872577802882
0.68090142682742	0.318074832761649
0.165594211957363	0.0493598676029419
-1.13461598703551	0.343230613786831
0.671634827760764	0.213161681695785
1.95706969381346	0.441073865263096
-3.08118534013847	0.963229045953577
1.95706969381346	0.441073865263096
0.152567656731362	0.0287430408348264
1.96040941896093	0.441936123238363
3.26252567397545	1.12093560535381
3.26252567397545	1.12093560535381
0.163149905636875	0.0486839149701593
0.153526628680235	0.0288819285189665
0.951331866170054	0.252756684317784
1.95706969381346	0.441073865263096
1.95706969381346	0.441073865263096
0.949511917528176	0.252227362219882
0.153526628680235	0.0288819285189665
1.95706969381346	0.441073865263096
1.95791760701363	0.441280139896969
0.153247518839476	0.0288421886814327
-0.629267545839357	0.153771215183604
-1.79835097978106	0.382953978270685
0.167679655711552	0.042156489933972
-2.57747759965585	0.66335545132302
0.152567656731362	0.0287430408348264
-1.79827400712943	0.382942964938875
0.559586744522423	0.327283764992091
1.45707753244512	0.483282553765983
0.948535538575274	0.252058145640786
1.95706969381346	0.441073865263096
1.33300648117334	0.583999950109349
0.663062498523681	0.475232400476276
0.878399082192094	1.11966797628892
0.154336159887455	0.155063952379847
0.151528414918685	0.0581795839649367
0.480001960938584	0.329452891300078
0.403614276327805	0.347595635383292
0.94825480092307	1.46027444672644
-0.0627076512288612	0.0511330520064419
0.159374875852838	0.145951827690908
-0.0740630301320744	0.0724529993040923
-0.346050423291287	0.459449998577049
0.253071944347606	0.288258758900613
0.162400863971746	0.0409830958055786
0.165097545701885	0.0415776969264477
1.96040941896093	0.441936123238363
-2.57775304544287	0.66318910114962
-3.08164138813046	0.963767470359232
0.149464413960118	0.0283283450696208
3.26640660082579	1.12286745021344
2.75446121880292	0.769079402442662
1.95791760701363	0.441280139896969
1.95706969381346	0.441073865263096
2.75446121880292	0.769079402442662
-1.79835097978106	0.382953978270685
1.95791760701363	0.441280139896969
-1.13482941234436	0.34340642829894
-1.79835097978106	0.382953978270685
-1.80197754639448	0.383903353697165
-2.577202278156	0.663064687208724
0.152567656731362	0.0287430408348264
-0.0909186397580199	0.0361043129394616
-1.14500748998934	0.34676210015847
-2.57747759965585	0.66335545132302
-2.57747759965585	0.66335545132302
1.45868047865843	0.484047550536175
0.166307199190119	0.0418280240782314
0.166084152255821	0.0418055330790301
0.947097253557627	0.251590606337117
0.386379331122611	0.34217796610248
1.06759050136021	0.51732172917169
-0.0517904239380083	0.0226220963955103
0.0276554667150472	0.0152336830065268
0.433772631696927	0.445514636841379
0.744022717440952	0.849489680215283
0.085473969029205	0.0582915840091571
0.210588703120992	0.17565132943746
0.743313833832286	0.929224135987002
0.43943449553172	0.33595971080653
0.56087615280038	0.327964418672583
0.340223543994815	0.207904188842958
0.157150948993736	0.0469889516170941
0.829357632482683	0.349871102086347
0.165318598359952	0.0416114067368304
0.949511917528176	0.252227362219882
-0.628347365301396	0.153568930486371
0.152567656731362	0.0287430408348264
1.95791760701363	0.441280139896969
-2.577202278156	0.663064687208724
0.167679655711552	0.042156489933972
-2.57747759965585	0.66335545132302
-1.79827400712943	0.382942964938875
-1.51787907990257	0.541534829420545
0.152567656731362	0.0287430408348264
0.167299398578488	0.0420768316112512
0.670977551868057	0.213013404742869
-0.342235478378113	0.0984932623692754
-1.79827400712943	0.382942964938875
3.26252567397545	1.12093560535381
1.83518699770162	0.71968295192667
3.26741012598786	1.1229997006765
2.75722496636877	0.770257049482932
0.166528409127177	0.0496297620210776
0.696851684035903	0.326735848657766
-0.398454995411942	0.368831621767407
0.050405146916323	0.0380304488396705
-0.205001306551572	0.187562589822799
0.137144854321749	0.112460079249926
1.45415502686182	0.482281800899209
-0.628807341949763	0.15371861128279
0.947560352748164	0.251716891447637
2.75819631171964	0.770700477263471
1.45476541507032	0.482531337515686
-1.5137684225729	0.539722178307758
1.96040941896093	0.441936123238363
-3.08118534013847	0.963229045953577
-1.79827400712943	0.382942964938875
-2.58120409692147	0.664991486920107
0.165097545701885	0.0415776969264477
0.148689538080343	0.0445868575688247
0.152567656731362	0.0287430408348264
1.45377869768284	0.481973964249078
0.540321571114426	0.194486652256984
0.399301094356218	0.180604909315299
0.670977551868057	0.213013404742869
-0.267879800824777	0.168006557906151
-0.1809766179705	0.152863656116913
0.56931104237846	0.659997318256892
0.377313530966801	0.191597011432441
0.536053807050566	0.19286894180571
0.94807088907188	0.251931335472786
2.75446121880292	0.769079402442662
-2.577202278156	0.663064687208724
2.75446121880292	0.769079402442662
-2.577202278156	0.663064687208724
2.75819631171964	0.770700477263471
-1.79827400712943	0.382942964938875
0.166084152255821	0.0418055330790301
2.75819631171964	0.770700477263471
1.95791760701363	0.441280139896969
1.45415502686182	0.482281800899209
1.95706969381346	0.441073865263096
0.162995874173383	0.0792813989219191
0.0325398754744206	0.0178476931329616
0.616979714194417	0.324572453780573
0.929127105329021	0.813763947426663
-0.147941062747875	0.100715518636039
0.283259916526341	0.238075246631862
3.63584691762689	1.43122630608999
0.947097253557627	0.251590606337117
1.45905685415805	0.484042330916112
0.948535538575274	0.252058145640786
0.167679655711552	0.042156489933972
1.95706969381346	0.441073865263096
1.46100867633522	0.48464871344047
3.26640660082579	1.12286745021344
0.152567656731362	0.0287430408348264
-1.79827400712943	0.382942964938875
2.75819631171964	0.770700477263471
-0.628807341949763	0.15371861128279
0.949511917528176	0.252227362219882
1.95706969381346	0.441073865263096
1.45769029797448	0.483533280097753
0.727267754304508	0.483261737022496
1.79133019348859	1.00470725113814
0.175762862598014	0.102146333079631
1.0649123361583	1.13712120266926
0.638453880821424	0.699695038059122
0.514501076962951	0.464733183075224
0.920699047066615	0.804065465894192
2.75722496636877	0.770257049482932
-0.633409029549556	0.154789771896201
2.75446121880292	0.769079402442662
1.95706969381346	0.441073865263096
-2.577202278156	0.663064687208724
1.95706969381346	0.441073865263096
-0.343716239253643	0.0989197038205485
2.75349844687128	0.768381126605175
-2.577202278156	0.663064687208724
0.153526628680235	0.0288819285189665
0.153526628680235	0.0288819285189665
-0.340124379015428	0.0979309335927298
0.94904571537762	0.252100131683616
1.82890866226964	0.717371086523666
1.66300302582781	1.57654700643179
-0.53472584583608	0.338814323781875
0.170074795627243	0.0912571765358492
0.35545527057087	0.19987603250689
0.755440498930648	0.637498048785495
-1.09073309850723	1.28515646003742
-0.49029012248028	0.367700445424705
0.970272744632896	0.965349134059553
2.75819631171964	0.770700477263471
1.95706969381346	0.441073865263096
0.152567656731362	0.0287430408348264
1.95791760701363	0.441280139896969
2.75819631171964	0.770700477263471
0.949511917528176	0.252227362219882
1.95706969381346	0.441073865263096
0.152289864541204	0.0287035071443224
-1.51019343351841	0.538270963770231
1.95706969381346	0.441073865263096
0.153526628680235	0.0288819285189665
0.160803134128977	0.0406203249121647
-0.347480099168433	0.0999933239977275
0.153526628680235	0.0288819285189665
0.665738591316948	0.211247784564273
0.952312839774606	0.25302018984475
0.15672984402438	0.0468820705997684
1.03543214514454	0.39263444657528
1.82513230176872	0.715356894962213
1.0037940936449	0.827526616671351
0.412618480318053	0.187205414767796
0.907139036680937	0.491231844547484
-0.386674434188481	0.266633957253614
0.323230487820296	0.211235203825779
0.875659434486144	1.11445190575409
0.0746397206137484	0.0486510316080541
1.24355411398773	1.05395601204317
0.468030105402985	0.341887615605683
3.63988648920879	1.43371818867798
0.169606362252511	0.0425824743634164
1.95791760701363	0.441280139896969
0.536053807050566	0.19286894180571
0.67473928175237	0.214185038642858
1.95706969381346	0.441073865263096
2.75446121880292	0.769079402442662
0.943931183072951	0.250903413595175
-0.628807341949763	0.15371861128279
0.155986207086685	0.0292416787556187
-3.08118534013847	0.963229045953577
0.153526628680235	0.0288819285189665
1.45476541507032	0.482531337515686
-1.81367378419037	0.73893109819281
-1.79827400712943	0.382942964938875
0.16707117146508	0.0420080923591852
1.95706969381346	0.441073865263096
3.26640660082579	1.12286745021344
0.952312839774606	0.25302018984475
0.952312839774606	0.25302018984475
-0.511312418026602	0.193302575730068
0.449554137900589	0.180977843806072
-0.6282908079904	0.153557595992093
3.26741012598786	1.1229997006765
-0.772390297871875	0.336530248145508
0.799150081477748	0.636090673584854
0.920562128126479	0.802759236413527
0.833933564544303	0.352033660782181
-0.601732318683176	0.28861908434204
0.152263467777791	0.0584865836523203
0.349032129016902	0.195978226301976
1.06907840983834	0.517944608681236
0.159941194521509	0.0543013031904569
0.152289864541204	0.0287035071443224
0.163386406136861	0.0411852790230607
0.664094674045115	0.21063730965169
1.95791760701363	0.441280139896969
-0.33946832567862	0.0977521416130555
1.96040941896093	0.441936123238363
3.26252567397545	1.12093560535381
1.95791760701363	0.441280139896969
3.63685963656738	1.43190397098036
0.161787544386438	0.0408470066516523
0.166311360817904	0.0418484681801843
3.26741012598786	1.1229997006765
2.75819631171964	0.770700477263471
3.63787278219551	1.43230843013536
-1.79835097978106	0.382953978270685
0.153247518839476	0.0288421886814327
0.955131306752333	0.25366825133602
0.669665397318181	0.212450186666999
0.67473928175237	0.214185038642858
0.167679655711552	0.042156489933972
2.75349844687128	0.768381126605175
1.45476541507032	0.482531337515686
0.365668997485487	0.185202157530525
-3.75530690635197	1.48758661786965
0.668840989017682	0.212209123194429
0.166786027725508	0.0496866477008084
3.26640660082579	1.12286745021344
0.154540296660048	0.0525165420882453
3.26152925911013	1.12000457960558
1.27953228657246	0.706424180275948
1.24277443480203	1.05314162365076
1.95706969381346	0.441073865263096
0.152289864541204	0.0287035071443224
-2.5814875372856	0.665060440379843
-1.79827400712943	0.382942964938875
0.153526628680235	0.0288819285189665
0.148503149870495	0.0281892610504199
1.95706969381346	0.441073865263096
0.152567656731362	0.0287430408348264
0.152567656731362	0.0287430408348264
1.95706969381346	0.441073865263096
1.45575253921811	0.48289648887464
2.75819631171964	0.770700477263471
-0.627829060935039	0.153504607197422
0.152289864541204	0.0287035071443224
2.75722496636877	0.770257049482932
0.951841444348566	0.252891357699991
3.63787278219551	1.43230843013536
0.165594211957363	0.0493598676029419
0.152567656731362	0.0287430408348264
1.95706969381346	0.441073865263096
2.75446121880292	0.769079402442662
-3.08606373064433	0.965887782759055
-1.51442679709979	0.540163579778039
-1.79827400712943	0.382942964938875
0.948535538575274	0.252058145640786
-1.79835097978106	0.382953978270685
0.152567656731362	0.0287430408348264
1.45707753244512	0.483282553765983
0.828531603525907	0.349434554924782
0.669161192101413	0.212364907391867
1.4596710675352	0.484293847194448
0.153526628680235	0.0288819285189665
0.153526628680235	0.0288819285189665
-0.624566751454544	0.152757086863399
1.96040941896093	0.441936123238363
1.34151494354034	0.588622497759499
0.670649872073233	0.212844236167521
0.948535538575274	0.252058145640786
0.169244143137115	0.0424535983384504
-1.02140349604103	0.40462053419898
1.95706969381346	0.441073865263096
-0.723858427247846	0.248624788373591
-1.51442679709979	0.540163579778039
-0.343557529393447	0.098858556674811
-0.343223291761604	0.0987971723984263
2.75722496636877	0.770257049482932
1.83104940548172	0.717999079596031
0.952312839774606	0.25302018984475
0.168996227736906	0.0424334312831713
1.34424459838977	0.589795472856884
1.82725871051587	0.716521694707993
-0.632939126134277	0.15468454480873
0.947560352748164	0.251716891447637
-0.628347365301396	0.153568930486371
-2.57747759965585	0.66335545132302
0.155986207086685	0.0292416787556187
0.671634827760764	0.213161681695785
0.670649872073233	0.212844236167521
0.162400863971746	0.0409830958055786
0.153526628680235	0.0288819285189665
0.950862031539505	0.252628333014658
4.1778407712883	2.0140621779542
0.670977551868057	0.213013404742869
0.94904571537762	0.252100131683616
0.153526628680235	0.0288819285189665
0.170597157616308	0.0428000407476464
0.153247518839476	0.0288421886814327
0.668840989017682	0.212209123194429
1.07562959364699	0.522094861817641
-1.50954059367664	0.537955828816566
-2.577202278156	0.663064687208724
-3.08606373064433	0.965887782759055
1.04170224709555	0.395339897652291
0.402969101187946	0.182490153188217
0.830619967524104	0.350375616463859
0.683349065128807	0.319537948415068
0.663774729848029	0.475985757115722
1.57278849724946	0.782718881338606
2.35768834257036	1.18170679045419
-0.712294437154192	0.244204737038081
-0.629267545839357	0.153771215183604
3.92939233650521	1.72468629625562
0.669336367317634	0.21240221601861
1.45415502686182	0.482281800899209
2.75349844687128	0.768381126605175
1.4596710675352	0.484293847194448
0.94904571537762	0.252100131683616
-0.343557529393447	0.098858556674811
0.15626975600377	0.0292821097759299
-0.6282908079904	0.153557595992093
-2.57747759965585	0.66335545132302
-2.577202278156	0.663064687208724
0.153247518839476	0.0288421886814327
3.63887061794827	1.43264022652771
0.161809663243855	0.0483223326687324
0.163149905636875	0.0486839149701593
-0.33946832567862	0.0977521416130555
-1.0198546198872	0.40400953786834
-2.577202278156	0.663064687208724
-0.21984326569233	0.0709305957045652
1.95706969381346	0.441073865263096
3.26352329858721	1.1213740078214
0.153247518839476	0.0288421886814327
-3.08606373064433	0.965887782759055
-1.13849388307931	0.344614401149477
-0.629636196854164	0.153977935518255
0.165097545701885	0.0415776969264477
-0.341581022610314	0.0983147602836231
-0.628807341949763	0.15371861128279
-0.628807341949763	0.15371861128279
-0.628807341949763	0.15371861128279
0.157462123376921	0.060446471737033
-0.305490810492607	0.140300742067353
1.28107795691223	0.707905162126171
0.154740770752363	0.0525923721877549
0.159513156363193	0.0541273306009046
0.67473928175237	0.214185038642858
-1.01830702946659	0.402997846945427
1.0461523665238	0.397340617252217
1.06420254374998	0.515159027898816
0.153247518839476	0.0288421886814327
3.63685963656738	1.43190397098036
0.164702884100979	0.0414746335821988
0.162400863971746	0.0409830958055786
-0.348465736253515	0.100232718134072
-1.79835097978106	0.382953978270685
3.26640660082579	1.12286745021344
2.75819631171964	0.770700477263471
-0.342569521377039	0.0986187132378211
3.26741012598786	1.1229997006765
0.94807088907188	0.251931335472786
0.155986207086685	0.0292416787556187
-0.631960666018702	0.15447017218279
0.152567656731362	0.0287430408348264
0.94807088907188	0.251931335472786
-0.62503342749082	0.152907838403333
0.153526628680235	0.0288819285189665
1.45575253921811	0.48289648887464
1.95791760701363	0.441280139896969
0.948535538575274	0.252058145640786
1.95706969381346	0.441073865263096
-1.79827400712943	0.382942964938875
-1.79835097978106	0.382953978270685
1.95706969381346	0.441073865263096
0.948535538575274	0.252058145640786
-1.79827400712943	0.382942964938875
0.947560352748164	0.251716891447637
0.167299398578488	0.0420768316112512
0.947560352748164	0.251716891447637
1.83038440849751	0.717634461368427
0.166691919569473	0.0419536988970269
-0.343557529393447	0.098858556674811
-1.79827400712943	0.382942964938875
1.95791760701363	0.441280139896969
1.45868047865843	0.484047550536175
1.45415502686182	0.482281800899209
0.153247518839476	0.0288421886814327
0.951331866170054	0.252756684317784
0.943931183072951	0.250903413595175
0.166084152255821	0.0418055330790301
1.7859186055665	0.999932358757413
-0.338812598915516	0.0975423827176717
-0.629267545839357	0.153771215183604
0.152567656731362	0.0287430408348264
0.152567656731362	0.0287430408348264
3.26640660082579	1.12286745021344
0.396880065900201	0.179491228862335
-0.772626639313122	0.336616262280627
1.34019590900986	0.587859803066338
0.153526628680235	0.0288819285189665
0.152567656731362	0.0287430408348264
-0.628807341949763	0.15371861128279
3.63787278219551	1.43230843013536
0.164083222967104	0.0489409806828746
0.947560352748164	0.251716891447637
1.95791760701363	0.441280139896969
1.45377869768284	0.481973964249078
0.153526628680235	0.0288819285189665
0.153526628680235	0.0288819285189665
0.164924003228835	0.0491712866480455
-1.79835097978106	0.382953978270685
0.153526628680235	0.0288819285189665
0.947560352748164	0.251716891447637
3.2693078088647	1.12355954880503
0.670319945898335	0.212719010726886
0.951331866170054	0.252756684317784
-0.343223291761604	0.0987971723984263
-1.51688545813115	0.541086496398081
-1.13582369620544	0.343734699942405
-1.81870429132264	0.741743820146927
0.666057985126717	0.211344647530167
-1.79827400712943	0.382942964938875
-0.624566751454544	0.152757086863399
0.169606362252511	0.0425824743634164
-0.631960666018702	0.15447017218279
-0.633409029549556	0.154789771896201
-1.79827400712943	0.382942964938875
-1.0198546198872	0.40400953786834
-1.79835097978106	0.382953978270685
0.165690756490165	0.0416910272978735
0.165097545701885	0.0415776969264477
0.161787544386438	0.0408470066516523
0.825425367366759	0.347866059057456
0.947097253557627	0.251590606337117
0.799036570821872	0.481923708702922
2.75446121880292	0.769079402442662
2.35878846447229	1.18271409533286
4.17368149905101	2.01042687254495
0.664094674045115	0.21063730965169
2.36754294612825	1.18909136225664
0.803241078999356	0.641242551880242
0.532022890862633	0.191307575847994
0.665738591316948	0.211247784564273
0.948535538575274	0.252058145640786
0.152567656731362	0.0287430408348264
0.817368879742748	0.343856847315952
3.26640660082579	1.12286745021344
0.168287851014599	0.0422797449011708
0.533566787823661	0.191896078067119
0.947097253557627	0.251590606337117
2.7554263517449	0.769222911089782
0.537596443695132	0.193449679434614
0.831444191290182	0.350763035812767
0.829163317967424	0.349753041955828
0.165594211957363	0.0493598676029419
0.160875819484411	0.0480497781693361
0.152567656731362	0.0287430408348264
0.698151338923925	0.327288269206647
-3.75595364234981	1.48774567650192
3.63887061794827	1.43264022652771
0.162479935061762	0.0485106492306684
-2.57747759965585	0.66335545132302
0.161787544386438	0.0408470066516523
-0.343388592876165	0.0988541310686696
0.159311548972865	0.0540967488137483
0.951331866170054	0.252756684317784
-3.08209765998152	0.963916510480773
-3.46066411507937	1.23287376992561
0.160803134128977	0.0406203249121647
1.33615531493037	0.585790780085288
2.7554263517449	0.769222911089782
0.94904571537762	0.252100131683616
0.66999328440441	0.21269616854207
0.405850355187221	0.183959584200087
2.35945145057363	1.18326179292922
0.946727864932674	0.251600896374185
0.94807088907188	0.251931335472786
0.161598530636796	0.0548314464506357
0.821564142670722	0.345931638957748
0.152535316970161	0.0518648992874702
0.159513156363193	0.0541273306009046
0.155372593274282	0.0528040448022981
0.6737511905791	0.213807078926834
1.33857781519291	0.587388164181981
2.11636802963177	0.949071130565476
0.446163909138925	0.179453323158192
-0.33946832567862	0.0977521416130555
-0.510264137195654	0.192843398325321
-0.628347365301396	0.153568930486371
0.53313407482189	0.191800740808182
0.157863878686639	0.0536025073774364
1.58099753958293	0.788310033160843
4.17878862353177	2.01475890584611
0.668840989017682	0.212209123194429
0.151709443880736	0.051599453197034
1.45377869768284	0.481973964249078
1.0454798173394	0.397182748534993
0.163149905636875	0.0486839149701593
0.167456389266164	0.0498754746523784
1.45476541507032	0.482531337515686
1.33813924942794	0.5867073702442
0.831444191290182	0.350763035812767
-0.210724787268037	0.068070166638378
0.66999328440441	0.21269616854207
0.826885083784757	0.348595039349664
0.903221986685294	0.487727217314656
0.528697101266383	0.190116209542368
2.12066304185672	0.951843841296293
0.162216055669742	0.0484111379512858
1.4610638301904	0.913223430542073
0.66999328440441	0.21269616854207
0.53313407482189	0.191800740808182
0.162400863971746	0.0409830958055786
-0.144458223660973	0.0516627524354598
0.449554137900589	0.180977843806072
1.96506859335673	1.22915818434389
0.669009496945769	0.212302346826553
3.63887061794827	1.43264022652771
0.66999328440441	0.21269616854207
0.532249310589414	0.191451139948052
-0.390541341742192	0.16273368506513
0.691344524123389	0.323884505320307
-0.525082284718947	0.198984525789772
-0.089924131140392	0.0357342992772802
-0.770016488806791	0.335285011373904
0.166084152255821	0.0418055330790301
0.702903083141817	0.330091465216729
0.161809663243855	0.0483223326687324
-0.224502239746456	0.0724314379048856
-0.212036192576877	0.0685029076357838
0.826885083784757	0.348595039349664
0.53848040462536	0.193786780960442
0.167299398578488	0.0420768316112512
-0.0920120072414227	0.0365206831931245
0.184846263770509	0.114731687687632
-0.388025333351708	0.219388724651919
0.665738591316948	0.211247784564273
-0.0192381754982018	0.00910774978949355
0.796273920903198	0.479587268129846
0.0170535131935382	0.0114721224206457
0.185684221033981	0.127747605015827
0.362212679704311	0.183201550375656
0.156998766951725	0.0681104889691229
0.904288591926518	0.488464254676233
0.673419805718654	0.213740169092851
-2.577202278156	0.663064687208724
1.57789827485225	0.786479757755199
1.45868047865843	0.484047550536175
3.63988648920879	1.43371818867798
-0.62503342749082	0.152907838403333
0.946727864932674	0.251600896374185
0.157402307591701	0.047080036463379
0.159243500678224	0.0475711313965371
0.6737511905791	0.213807078926834
0.829988921889609	0.350189547890131
1.45514143110378	0.482646568994266
0.694923768942287	0.325653810863872
-3.75809970882141	1.48903887292909
-1.0322278792945	0.409640359880857
0.16207239788399	0.0483767472480761
-1.13482941234436	0.34340642829894
2.75722496636877	0.770257049482932
3.26252567397545	1.12093560535381
-1.14009620739235	0.345227889980206
0.170597157616308	0.0428000407476464
0.948535538575274	0.252058145640786
-0.394767372174163	0.164453925858356
-0.343557529393447	0.098858556674811
0.66999328440441	0.21269616854207
0.166691919569473	0.0419536988970269
0.161410373272502	0.0481834890034794
-1.13582369620544	0.343734699942405
0.167299398578488	0.0420768316112512
0.670977551868057	0.213013404742869
2.75446121880292	0.769079402442662
0.950862031539505	0.252628333014658
2.75446121880292	0.769079402442662
0.818222064786117	0.34424146932049
0.68066055303639	0.215872074258101
-0.301814929701361	0.138667459163675
0.515581986134085	0.329481962825548
-0.335356520627326	0.0965946296543176
-0.391248390553081	0.16281084991463
0.159667506882163	0.0692718935836371
1.45377869768284	0.481973964249078
-4.56915857115285	2.5097573153794
0.174698008372751	0.101359284433508
0.0300226735462542	0.0165165185222296
0.173801213419654	0.100803784482198
-0.0499647003777494	0.021861406209612
0.450442155521912	0.181256071663712
0.536280565569087	0.193004774479639
-3.08255415585823	0.963691003677911
-0.627829060935039	0.153504607197422
0.666721180805514	0.21156384557497
0.949511917528176	0.252227362219882
-2.57747759965585	0.66335545132302
1.45905685415805	0.484042330916112
3.63685963656738	1.43190397098036
1.95791760701363	0.441280139896969
0.944906190121193	0.251072355848773
0.950862031539505	0.252628333014658
0.820108311315059	0.345264097051974
2.75819631171964	0.770700477263471
1.95791760701363	0.441280139896969
0.535395561912051	0.192613210987845
0.949511917528176	0.252227362219882
-1.79827400712943	0.382942964938875
0.170216206297202	0.0427061060191571
3.26252567397545	1.12093560535381
0.94807088907188	0.251931335472786
0.153247518839476	0.0288421886814327
-1.79835097978106	0.382953978270685
-2.57747759965585	0.66335545132302
-2.57775304544287	0.66318910114962
1.82480922054022	0.715302875396814
0.167299398578488	0.0420768316112512
0.947097253557627	0.251590606337117
-0.339133418750055	0.0976611246838527
0.15626975600377	0.0292821097759299
0.149464413960118	0.0283283450696208
0.152207512413174	0.0287281007494042
0.947560352748164	0.251716891447637
1.4596710675352	0.484293847194448
0.947097253557627	0.251590606337117
1.24482801687536	0.863330543635866
2.35945145057363	1.18326179292922
-1.02074928234359	0.404273099261885
0.161809663243855	0.0483223326687324
-3.75809970882141	1.48903887292909
0.950862031539505	0.252628333014658
0.392696350341316	0.177539767330457
0.539363649466976	0.194072874121681
0.149213194086296	0.0647759261116137
0.612327537343376	0.321787914933952
0.435409662390855	0.332610533068709
0.295310765000524	0.266260199982962
0.293102420255554	0.255963468198616
-0.0101272627903597	0.00652258613995389
0.192098043556912	0.143737446740545
0.170216206297202	0.0427061060191571
0.529576794989163	0.190434980333926
0.537596443695132	0.193449679434614
3.63988648920879	1.43371818867798
-0.628347365301396	0.153568930486371
0.670977551868057	0.213013404742869
1.45575253921811	0.48289648887464
0.954654689620505	0.253537900292226
1.45476541507032	0.482531337515686
-2.57747759965585	0.66335545132302
3.6409027894866	1.43427384419709
1.45086090685868	0.481039409485759
0.948535538575274	0.252058145640786
0.947097253557627	0.251590606337117
0.942957371619669	0.25056334066046
1.95791760701363	0.441280139896969
0.160570599449825	0.0544935241752776
0.671634827760764	0.213161681695785
0.164702884100979	0.0414746335821988
1.0452306767165	0.396944800699935
0.152289864541204	0.0287035071443224
1.82301833990899	0.714378390982833
-1.80197754639448	0.383903353697165
-0.631960666018702	0.15447017218279
-0.345833967465969	0.0994846900020102
0.952312839774606	0.25302018984475
1.45377869768284	0.481973964249078
-0.34191607535368	0.0984089732924219
1.95706969381346	0.441073865263096
1.95706969381346	0.441073865263096
-0.631960666018702	0.15447017218279
-1.79835097978106	0.382953978270685
-1.79835097978106	0.382953978270685
-3.75875127852753	1.48993252551164
0.950862031539505	0.252628333014658
-0.321630783263095	0.192921766938375
0.153987654009519	0.0523299241322952
1.82890866226964	0.717371086523666
1.45769029797448	0.483533280097753
-0.627829060935039	0.153504607197422
1.0452306767165	0.396944800699935
0.362095481020147	0.377649906601178
0.435815535635963	0.448258429643976
0.0421725805928154	0.0307716341192994
0.954752142263524	0.649692788358917
1.28075515859209	0.707442987049074
0.712083613242542	0.62924338839726
-0.784365289714883	0.736840938318932
-0.178576818807281	0.175743010283169
0.151088321031288	0.143149029707807
0.070061625662017	0.066819783494082
1.00342623482806	1.33473882780876
1.26395864210738	0.882863280076924
0.534018135349711	0.192121771213656
2.75722496636877	0.770257049482932
-0.341581022610314	0.0983147602836231
2.56397456782607	1.42570220790861
-3.08209765998152	0.963916510480773
0.67473928175237	0.214185038642858
-3.08209765998152	0.963916510480773
-0.633409029549556	0.154789771896201
1.33923766564693	0.587534294313214
-2.06441503007623	0.940014395257253
0.66704035312139	0.211590816937753
0.166084152255821	0.0418055330790301
1.95791760701363	0.441280139896969
-2.28389484646642	1.15525171957497
0.536938645245252	0.193260647952111
-0.349124689538762	0.10039174648187
-0.347480099168433	0.0999933239977275
1.45514143110378	0.482646568994266
-0.340780759226789	0.0980802617963696
2.75446121880292	0.769079402442662
-0.723601171891188	0.248501036925982
0.692146891506566	0.324338706437818
0.949511917528176	0.252227362219882
0.829357632482683	0.349871102086347
-0.730327515563939	0.2510045661779
3.26252567397545	1.12093560535381
1.83104940548172	0.717999079596031
1.95706969381346	0.441073865263096
0.947560352748164	0.251716891447637
0.903743422293457	0.488797786759354
0.532908190209257	0.191706726261354
0.665738591316948	0.211247784564273
3.63787278219551	1.43230843013536
0.167299398578488	0.0420768316112512
1.03885735309594	0.393970506106912
-0.519121480217459	0.196545928752658
-0.33946832567862	0.0977521416130555
-0.520581729618906	0.197148689128052
1.04319142893898	0.995086688708192
0.823963619440764	0.346972500738107
1.57726450609805	0.785698451197064
1.06501836014668	0.515705414017663
0.53848040462536	0.193786780960442
0.333592109781699	0.218950969383872
0.52585439339466	0.456861346949044
0.190212649570066	0.131132690831554
0.465295090978879	0.457603377445694
0.0512150137787823	0.0374892100571126
-0.212944729168734	0.160221715154803
-1.43794734778575	1.28490299536784
-0.0200467295846553	0.00947095800798871
-0.185272677238479	0.123643848026437
0.184142144182688	0.120859791745391
-0.150155270610021	0.102360215436003
0.295360039269625	0.250101735201334
-0.0258324464798729	0.019278178351391
0.578171286176845	0.673922736548702
0.147743362880974	0.0567523885010285
0.003986903034109	0.0021118364977087
0.669826712236336	0.212585182521199
-1.51429942551804	0.540079204882619
0.537596443695132	0.193449679434614
0.451038007299901	0.181503296233176
2.35768834257036	1.18170679045419
0.441074737094973	0.337618133795136
0.445811907431029	0.342119332499721
2.36194928073803	1.18532146060741
0.947560352748164	0.251716891447637
-0.212983283899145	0.0687817460409594
2.7554263517449	0.769222911089782
2.75446121880292	0.769079402442662
0.453611115677461	0.182669846803673
0.672620264139241	0.213408873137932
3.26252567397545	1.12093560535381
0.952312839774606	0.25302018984475
-0.974585621117436	0.481607307840464
1.78711094603524	1.00093779829411
1.04011254131511	0.394696182042935
0.53313407482189	0.191800740808182
1.82284235164019	0.714002514687227
-3.08164138813046	0.963767470359232
0.947560352748164	0.251716891447637
-0.62503342749082	0.152907838403333
-0.716074907122798	0.245725534591538
0.537596443695132	0.193449679434614
0.535395561912051	0.192613210987845
-0.724270980279016	0.248747351366331
-0.717014216380814	0.24607192548599
-0.627829060935039	0.153504607197422
0.153526628680235	0.0288819285189665
-0.628807341949763	0.15371861128279
-3.45538437102149	1.2298802093729
-0.34780711222598	0.100028606261835
-1.13362027945245	0.342902172857624
1.57624958501747	0.784952404407928
1.45575253921811	0.48289648887464
0.167299398578488	0.0420768316112512
0.94807088907188	0.251931335472786
1.82579336426267	0.71571883696401
0.449022148085439	0.180598376655974
0.407596299041875	0.337689388971097
0.537822771634915	0.193597818709898
0.153807926197237	0.0590287956660926
0.519861512674295	0.332862293437984
0.345999255614076	0.19402986967412
0.399832164196581	0.180848431784281
0.163464555284079	0.079476704261023
-0.255404853956263	0.159326857029984
0.514112717732671	0.328573053227326
1.00834943404513	0.831885037604181
-0.486776473537787	0.25588967394822
-0.299681313533203	0.137449841372068
-0.0919427729939418	0.0538984869490481
-0.138329871022774	0.0782332991414661
-0.604385963324169	0.28993546473718
-0.588063281838521	0.477081947087111
-1.03776752597701	0.831962732027812
-0.521505011944417	0.431992270432758
-0.0553432222225321	0.0241274622394166
0.167559068101547	0.0898370627536597
0.166956368061528	0.0812494007457357
-0.0101852903112592	0.0065493879944143
0.444579978268309	0.340993874268001
0.172523487286947	0.100134323091916
-4.22405858945297	1.98715577258178
-0.343223291761604	0.0987971723984263
1.03984272433899	0.394547494768611
2.27206014329415	1.76164645343651
-0.0591691663769915	0.0257625639736457
0.555329141776921	0.323865358979826
0.156405419701574	0.0600373427044117
-1.21647470463601	0.917015896447244
-0.0214742007885746	0.0101291569044534
1.97102092365008	1.23594661742405
3.26540429808574	1.12204932755655
1.95706969381346	0.441073865263096
0.942957371619669	0.25056334066046
0.533792789739045	0.192056407531968
3.26640660082579	1.12286745021344
0.163002310393759	0.0486040390650962
-0.216073906032278	0.0697456994821053
3.63787278219551	1.43230843013536
0.537822771634915	0.193597818709898
0.948535538575274	0.252058145640786
0.947560352748164	0.251716891447637
3.92939233650521	1.72468629625562
-0.717014216380814	0.24607192548599
0.161415729852303	0.0407561524608698
-1.79835097978106	0.382953978270685
0.668353267812949	0.212009001891351
-1.81776116330611	0.741198338740062
-0.715407313671064	0.245463795469067
-1.13069021608626	0.34196481134975
2.75446121880292	0.769079402442662
1.27891499261255	0.70579353052434
0.947097253557627	0.251590606337117
-0.632939126134277	0.15468454480873
-0.346493976209143	0.099688871662609
4.1746344671534	2.01122655937702
-0.207988655848996	0.0672377639920048
2.75819631171964	0.770700477263471
1.95706969381346	0.441073865263096
1.03958501510884	0.394462216304235
0.166691919569473	0.0419536988970269
-0.628347365301396	0.153568930486371
0.532249310589414	0.191451139948052
0.152289864541204	0.0287035071443224
-1.0198546198872	0.40400953786834
0.082112313182806	0.0725731702473139
-1.44601919046634	1.29803616157725
-0.502994535156458	0.530015256654571
-0.0763469959824059	0.0615748153589914
-1.07982778512868	1.26489239382541
-1.92598635210662	1.89167673443995
0.145557500746089	0.0631580248095338
0.353327511396497	0.198536192185063
0.508039949992415	0.457243988367887
0.362551849507054	0.327420851154136
0.443539076960033	0.458364648823253
0.860265893508398	1.37223288219691
0.289025093548644	0.259403793375693
0.273142831880646	0.287907509873666
-0.234461071263126	0.2272367392725
0.0969748851290383	0.0849022433752486
-0.0361250555938387	0.0225447489959094
-2.46907215289216	1.37577271978228
-1.27605282856675	0.575459260120326
-0.628347365301396	0.153568930486371
-1.81433874778204	0.739366153614294
0.533566787823661	0.191896078067119
0.536280565569087	0.193004774479639
0.02037616173109	0.0137213707288461
1.08080563336465	1.26622458132862
0.340266386814607	0.208080902655731
0.54942131100552	0.320152590971923
-0.137444050588495	0.107793280146273
-0.847214672313387	0.903683194794413
-0.029497463301071	0.0270820661013943
-0.416728331152995	0.318141708396358
0.903755370731644	0.488140001047742
1.07164693809362	0.51966461625766
0.830182706808353	0.350258866431055
-0.716346626154106	0.245810055243264
-0.302344719394741	0.138712457398006
-3.75466048479637	1.48723142869904
0.157402307591701	0.047080036463379
0.405850355187221	0.183959584200087
0.947097253557627	0.251590606337117
1.82218336418314	0.713642276138783
1.33278572894675	0.584055913334951
-3.75530690635197	1.48758661786965
-1.02140349604103	0.40462053419898
-0.338476676785739	0.0974822237690529
0.166311360817904	0.0418484681801843
2.75722496636877	0.770257049482932
0.670649872073233	0.212844236167521
0.604873539313791	0.316932426539224
-0.71835028799194	0.246465219463862
1.95706969381346	0.441073865263096
0.163386406136861	0.0411852790230607
0.531363846710871	0.191052145580113
0.829163317967424	0.349753041955828
0.693874539216471	0.324994197720051
0.160875819484411	0.0480497781693361
1.95706969381346	0.441073865263096
0.534451222825175	0.192245698269146
1.04144562491045	0.395430985542635
0.532908190209257	0.191706726261354
0.670977551868057	0.213013404742869
0.168126456300357	0.050048821022647
1.06339571437383	0.514843527175477
0.973686796080548	0.969506513090086
0.000952207467086103	0.000653202094412526
-0.0601310364959527	0.0261682794271819
0.320094397208321	0.222002216341773
-0.126143159464537	0.0710837824908307
0.40897623521397	0.185477955327124
0.804137843130798	0.642310460275262
-0.914048659634551	0.668269836738912
-0.575394285914353	0.420478817735293
0.0504843418387423	0.029582561084631
0.391989652095393	0.177134696334401
-0.0270775898130354	0.0172497937125606
0.184272669830968	0.120919732909979
0.468457054187721	0.34205978496343
0.676900634737904	0.487806665927581
0.411319029057531	0.341486755825491
-1.14621166158806	0.997871507560309
0.32558226413782	0.213050883947269
0.374553825198413	0.190135030095579
-0.211803100213447	0.0684440141233586
0.171207721440545	0.0429238305772998
0.174272094163722	0.101091641919026
-0.183097965174009	0.09828043745506
-0.0303691975483063	0.0193320134331003
-0.0434481082908539	0.0270927536930243
0.311857402711303	0.226966692402212
-0.476096629026565	0.249170577919718
1.45980511873488	0.911623237105148
1.28310279654816	0.709083981065389
1.95791760701363	0.441280139896969
1.95706969381346	0.441073865263096
1.96040941896093	0.441936123238363
0.152289864541204	0.0287035071443224
2.75446121880292	0.769079402442662
0.153526628680235	0.0288819285189665
0.153526628680235	0.0288819285189665
0.950862031539505	0.252628333014658
1.95706969381346	0.441073865263096
-3.08118534013847	0.963229045953577
0.152567656731362	0.0287430408348264
0.152567656731362	0.0287430408348264
1.95706969381346	0.441073865263096
0.153247518839476	0.0288421886814327
0.152289864541204	0.0287035071443224
0.153526628680235	0.0288819285189665
1.95791760701363	0.441280139896969
0.15746741605397	0.0398665556302216
0.949511917528176	0.252227362219882
1.95706969381346	0.441073865263096
0.952312839774606	0.25302018984475
0.94807088907188	0.251931335472786
0.155986207086685	0.0292416787556187
0.152289864541204	0.0287035071443224
0.153526628680235	0.0288819285189665
0.94904571537762	0.252100131683616
0.15626975600377	0.0292821097759299
0.153247518839476	0.0288421886814327
1.04480696921869	0.396726217486042
1.95706969381346	0.441073865263096
0.947097253557627	0.251590606337117
0.152289864541204	0.0287035071443224
1.95791760701363	0.441280139896969
-1.51299996807781	0.539299955595401
0.169986302676761	0.0426507049603473
0.160969730994387	0.0546270291122943
3.26352329858721	1.1213740078214
2.7554263517449	0.769222911089782
1.81990502683314	0.712799968178863
0.952312839774606	0.25302018984475
-1.79827400712943	0.382942964938875
0.152567656731362	0.0287430408348264
0.152567656731362	0.0287430408348264
-0.341581022610314	0.0983147602836231
1.03451368627591	0.392101981948805
-1.14009620739235	0.345227889980206
0.673092310209553	0.213658316206257
0.152289864541204	0.0287035071443224
0.94904571537762	0.252100131683616
1.95706969381346	0.441073865263096
0.156203958783437	0.0530790256711765
0.670319945898335	0.212719010726886
0.532249310589414	0.191451139948052
0.879881556276157	1.01250309391704
0.343401420956675	0.192275775798707
1.33681578405904	0.586406825513233
-0.213782887961033	0.138225799932158
-0.131024478127376	0.0739520957055149
-0.211250101055653	0.136345783700545
0.322942994794464	0.211125825620775
0.51647702015093	0.33017605111751
-0.143183685749798	0.0810781916133724
0.368718123843426	0.186808772994455
0.605882807252993	0.317561050632386
1.24329772338745	1.05337897168241
0.0725625381617218	0.045126537835629
0.342064196119403	0.191417393195855
1.08405293221596	0.667471555921978
-0.636623960971928	0.375972200421773
0.0114680342432415	0.00577170279768789
0.155109109614118	0.0752381399806905
1.78001255538428	0.995427202788515
0.69919774718211	0.328177033610307
-0.791003466659963	0.524579442160165
0.465741218706365	0.340009408720667
-4.96891526139585	3.47477128449052
0.58628254868092	0.471051766899251
0.396630275203352	0.179436309889633
0.486686066496133	0.334691484952624
0.0190004851889502	0.00950063283394866
-0.180650117991757	0.120274282889335
0.147844537722775	0.0641111188095023
1.33615531493037	0.585790780085288
0.94807088907188	0.251931335472786
-0.344210615318698	0.0990368506115311
0.152926680673232	0.0587392316837599
0.453017086926378	0.182395940611143
-0.181049002446316	0.120577688002064
1.24911131297247	1.23151076232273
-0.679426054785808	0.538980100197529
0.328452708740276	0.200112691373659
-0.602516125133689	0.288815983646443
2.12066304185672	0.951843841296293
4.56684486163649	2.5798319338154
0.153526628680235	0.0288819285189665
0.449391613235994	0.180697671667045
1.82579336426267	0.71571883696401
-0.979009073350107	0.484786914121384
-0.708412096312708	0.723971044828528
-0.0215898543642504	0.0137716691599392
-0.777769431627864	0.785914176809184
0.298822801799083	0.235877957773063
0.999972565407736	1.10167349101909
-0.442586360359675	0.293190634015016
0.947560352748164	0.251716891447637
0.0348422614433126	0.0191043366540883
-0.213374659835276	0.137944658487296
-0.0231945094867497	0.014774476637755
1.07932006000359	1.26304841746632
0.191296594895394	0.1375851570578
-0.388124930335924	0.2192576556806
0.535128517078584	0.466949465238524
-0.580585960268379	0.425185826151077
-0.261685817613198	0.16366761172836
-0.494115800355954	0.371490712751837
-0.842515319237652	1.01487989049999
-0.171815987064142	0.113953549743463
-0.327918269832369	0.260490931741894
-1.2691253782892	1.38394866825805
-0.237482858210522	0.118890212876162
-0.285573018631835	0.207297355338803
-0.68031043950893	0.539880091173861
-0.00566811507602506	0.00367337747121266
0.624657837018896	0.679000224287464
0.0678068077776603	0.0421309310277769
0.713375155871487	0.831880693354962
0.194023075927594	0.139786526970809
-0.177588077415941	0.135125805412782
-0.392776822677003	0.271512537913928
0.114520492372357	0.0875841114156204
1.32622252694889	1.7066101287617
0.288643723817906	0.235133695463081
0.384037267193189	0.351511074219647
0.908223326463872	0.49152217183596
0.6988817457644	0.328023188978198
2.56709494275244	1.42889020502984
0.609027586717394	0.319292353990383
0.947097253557627	0.251590606337117
-0.0883020860839491	0.0351141606720898
-0.712961923361336	0.244465863933162
1.45575253921811	0.48289648887464
-0.867993719328174	0.795831183900518
0.470709345390225	0.344162961418705
0.0362417369978446	0.0263952541428164
0.658355106644723	0.47105532544242
3.93659412540277	1.72925418882956
0.532249310589414	0.191451139948052
0.166528409127177	0.0496297620210776
1.82382554957858	0.714761900200066
1.82480922054022	0.715302875396814
1.78253902415145	0.997120275096832
0.16262521966381	0.055161447726895
-0.0921168781960679	0.0649587480898102
0.855926145390218	0.907071474214807
0.112381509720088	0.0804247143383252
0.382317402853391	0.33763208820176
0.304831105935056	0.231504042471973
-0.786619531848294	0.42895206104501
-2.6235733285598	1.60395721094814
-0.0176629451397129	0.0113193434717751
-0.0995613910379732	0.0704429528829203
-1.26945530536454	1.55057120167551
0.427584166703071	0.342088852450834
1.46474822712593	0.918035064306768
0.312565415217474	0.227701457852782
-0.0161965992832469	0.0077253098266236
1.46373885609472	1.67497063748599
1.00968331610036	0.833700507107947
-0.485425543764956	0.254453260517848
1.24459705002618	1.51059425548603
0.403625336859719	0.333635853231786
-0.900089247565381	0.751976477807161
-0.155544542027649	0.106255556936828
1.09035053576315	0.672323572461584
0.159331269015476	0.0692061424804913
0.585323172561804	0.47045552836726
0.965932224483964	0.659779289931582
0.555792338221642	0.324174841437349
0.175367883272096	0.108518670621151
0.178548984100166	0.110659155671655
0.01819413134747	0.00910449179999247
-0.219953414239322	0.142578723683842
1.45514143110378	0.482646568994266
0.947560352748164	0.251716891447637
-1.27116604563861	0.572193864598171
-1.79827400712943	0.382942964938875
0.166691919569473	0.0419536988970269
0.149464413960118	0.0283283450696208
0.944906190121193	0.251072355848773
-0.491707542003376	0.258660418321266
0.61532213315413	0.323435516525007
0.154013634311518	0.06687398354569
-0.519750069619239	0.196813590651588
3.26252567397545	1.12093560535381
0.153247518839476	0.0288421886814327
-1.79827400712943	0.382942964938875
-1.80197754639448	0.383903353697165
0.94807088907188	0.251931335472786
0.94807088907188	0.251931335472786
-0.342569521377039	0.0986187132378211
-1.83957762905163	1.16184289000267
0.00810815605307236	0.00413452412544412
0.488694470530749	0.336735385428142
0.68273797462754	0.708821737452254
-0.023096665017048	0.0108642522561114
0.354737571104186	0.199600129814889
1.03984272433899	0.394547494768611
0.166528409127177	0.0496297620210776
2.12066304185672	0.951843841296293
-0.0165598324449429	0.00787916236006958
0.849393885999557	0.774618913410621
0.0644232692150259	0.0399843007145572
0.1915486973795	0.12612300201677
0.450145859423865	0.181236132023085
-0.595776160366264	0.484991835035904
0.968153697712572	0.962659947924374
-0.60491353971316	0.290239302747195
0.0999694848686183	0.0711162947691676
-0.426433087941679	0.327419276827471
0.298953052194275	0.236008036807151
-0.175557724587069	0.116619298913131
-1.03507172440247	0.82860790554649
-0.218086063803361	0.141239275359904
-0.0550381860665954	0.0240053571383074
-0.394129490852421	0.223150611048967
0.968894392706386	1.1906301806784
-0.0555336320836677	0.0336371609097662
0.550450569077371	0.460643392317016
0.584910982700513	0.470009224244236
0.031216323522862	0.0171327156658653
0.530833085068905	0.462166168746565
-0.0903012038987882	0.0529267525076344
1.54226222621167	1.87178139674427
0.0875521559805082	0.0596861108584433
-0.0220773027094759	0.0103870898407809
1.0461523665238	0.397340617252217
0.535874624267867	0.192792415459724
0.82490709530499	0.347736304875159
-1.79827400712943	0.382942964938875
0.153247518839476	0.0288421886814327
1.45415502686182	0.482281800899209
-0.719465582528739	0.247026553935257
-0.305656655986788	0.140469535711198
-0.645166088995015	0.382875744933526
1.10928382205748	0.848639962506153
0.536532844836184	0.192998357644598
0.825231183436736	0.347733965292547
-0.628807341949763	0.15371861128279
1.07246466651492	0.52025153016617
-0.633409029549556	0.154789771896201
1.95791760701363	0.441280139896969
3.26252567397545	1.12093560535381
-0.715407313671064	0.245463795469067
-1.16358041719965	0.651817732691739
0.510372890650384	0.325010493808036
-0.388035369781195	0.26777782407819
-0.201259645106796	0.167968809898964
0.596155898068044	0.601021536178757
1.0078673652163	0.832343510981493
0.398245927079875	0.180283113216
-0.182473314266184	0.0979799158725511
0.365658701243075	0.184918293213832
0.153346259668653	0.0665568980336983
-0.135626923799718	0.048632694630945
0.536938645245252	0.193260647952111
0.154184444663498	0.052405972124707
0.31943667952232	0.208490188464925
0.902131786799848	0.925002288860441
1.25453717874314	0.872517073690535
-1.16223369315473	0.650874879741783
1.66744789388848	1.58327316741983
-1.46476012281198	1.02045675720566
-1.18677594154005	1.22199071585723
-0.0679045653296979	0.041213390210918
1.41243845912228	1.10367321459455
-0.4907513475029	0.258037692273347
1.54297486889844	1.33334662553647
0.157267150190524	0.0764529355101716
-0.148132334598004	0.0529705206899947
-0.317337900725157	0.190090651748323
-0.0938844786016753	0.0372437459496391
1.49883865999887	1.52417414190169
0.609029825422012	0.319714020559403
0.166219229060969	0.0890759379770154
0.0382021082130086	0.020973459799803
0.856475594842887	0.783917973013968
0.458782292372887	0.184834221335453
1.33835717675948	0.587087104209911
-0.0210325358974773	0.00992689918456403
1.82579336426267	0.71571883696401
1.62650981743784	1.14298180080666
0.305643480339271	0.221849286861662
0.156203958783437	0.0530790256711765
0.152567656731362	0.0287430408348264
-1.79835097978106	0.382953978270685
-3.08118534013847	0.963229045953577
2.75819631171964	0.770700477263471
0.153526628680235	0.0288819285189665
0.155986207086685	0.0292416787556187
0.171207721440545	0.0429238305772998
0.698077967192142	0.32755178837222
-0.301992926115802	0.138715804797546
0.610039369720388	0.319885176953563
-1.13422470394875	0.343215945535417
-1.51395570496283	0.539857861420258
-0.343223291761604	0.0987971723984263
0.148503149870495	0.0281892610504199
0.947560352748164	0.251716891447637
1.95791760701363	0.441280139896969
-0.717014216380814	0.24607192548599
-0.0909186397580199	0.0361043129394616
-0.30431614004344	0.139805430686489
0.964204999882237	0.658020926539172
-0.37595751973412	0.25784642114637
-0.0727318578006236	0.0441745434212139
-0.204803387281969	0.153411104512451
0.154677116578932	0.0593992189191048
-0.389264439668591	0.161953056740971
0.179746299100497	0.104631384152032
0.741965495033234	0.622319037839602
1.45415502686182	0.482281800899209
1.45769029797448	0.483533280097753
-0.724270980279016	0.248747351366331
0.533566787823661	0.191896078067119
0.662446166784504	0.474185198441799
1.57643982621607	0.784853625859279
0.300473998530482	0.227458180812914
0.990337110879023	1.08577266242815
0.165195645034882	0.0885440088455276
-0.386528684094921	0.266383174639662
0.125016469420299	0.101750497057145
0.441912700810474	0.338678984019701
-0.148726649431872	0.101316632821035
0.72386837867352	0.480721683332266
0.038952800702163	0.0213422601997014
0.95741461246909	0.652173069645006
-0.781728178750235	0.599758917287583
0.285736057105434	0.232276833884849
-0.0210325358974773	0.00992689918456403
0.904427175115202	0.928441641857038
0.441099188775982	0.337890664194099
0.0677011193491805	0.0420607082296689
-1.00081296574836	0.900979874501721
-0.245479516875311	0.181435393708573
0.331790858190977	0.217568296086619
0.157367234435756	0.0762885258016154
0.402246226331182	0.34631176534289
0.03273908131588	0.0179866932681333
1.4543033196506	1.65975342352186
0.33385058524545	0.203544833240127
0.695849850272461	0.326454362153707
0.162301049076457	0.078776350414322
0.576141830292296	0.460760148787945
-0.186166593353523	0.100044940363616
0.148303010291311	0.0569611257683487
0.162479935061762	0.0485106492306684
0.150882619911791	0.0513268309948059
0.162479935061762	0.0485106492306684
0.948535538575274	0.252058145640786
0.166691919569473	0.0419536988970269
2.75349844687128	0.768381126605175
2.75446121880292	0.769079402442662
-2.57775304544287	0.66318910114962
0.951331866170054	0.252756684317784
0.703146601876222	0.330393428520152
0.373213756568532	0.189387369020431
-0.3992013862061	0.166569889727475
-0.343223291761604	0.0987971723984263
-0.628807341949763	0.15371861128279
0.954654689620505	0.253537900292226
-2.57775304544287	0.66318910114962
0.166311360817904	0.0418484681801843
0.171207721440545	0.0429238305772998
-0.719194825953782	0.246846541949292
0.700000373875591	0.328648154888862
0.194378446484061	0.140139352429835
-0.007268683097896	0.0046874699169564
-0.01780417212854	0.00844551474063123
-1.27479878011019	0.574686410185082
0.927381720536846	0.811502793269325
-0.237504723763244	0.174829995193571
0.156004173205372	0.0530087596813196
1.03588460853656	0.392629983312814
-0.724270980279016	0.248747351366331
0.452647605864111	0.328150286338104
0.585842386644646	0.470653647813863
0.812964540942219	0.884858620088438
-0.17339579978704	0.115051852206379
0.321714937747372	0.223279743813714
-0.281235506784299	0.20369826512048
0.464479316322093	0.33863483126125
0.0501045056108314	0.0293574071592201
-0.421101040432737	0.322273891259684
0.312395610093276	0.21591550799767
-1.34043886636721	1.53887991235292
-0.778949851445598	0.596726201711204
-0.490433786948425	0.257949958752948
-0.490123010470498	0.367536397185527
-0.492185832856746	0.258938866105532
1.61426099512977	2.52662188492375
0.659107226861883	0.600259457292381
0.0627216625335147	0.0389103343102291
-0.0533763305863815	0.0332700301993605
0.325097673143866	0.212671511291222
-0.913018497392407	0.668176194063784
0.196477640215036	0.157590493828163
0.412661310025941	0.342895914711577
0.555269454324038	0.323782112567387
0.0763381986061108	0.0498033303994554
-0.339463346408288	0.321451730229581
-1.17444780281921	1.20347240126951
0.0326792379636067	0.0179554042606337
-0.0409840785759964	0.0255445225373458
0.167840366841945	0.0898590703648685
0.86425368306025	0.642115185448305
0.171521914840528	0.0919389057314801
0.061869975385682	0.0383976864354024
-0.124337337930779	0.0864643343138193
0.0804257536980665	0.0524775523096001
0.108088377470196	0.0772161967352448
-0.206015446281473	0.15436923431736
0.440260194342921	0.336890152443435
0.184649894679203	0.127029415243751
-1.022712746104	0.405179718951923
-0.151948739680961	0.0543474280362867
0.674079709901257	0.214036050556618
-1.27605282856675	0.575459260120326
-1.51787907990257	0.541534829420545
0.66999328440441	0.21269616854207
3.26252567397545	1.12093560535381
0.949511917528176	0.252227362219882
-0.629159511493121	0.153871316504896
-0.716074907122798	0.245725534591538
-1.09213636724628	0.749002702464139
0.454432327347969	0.183046639295393
0.0366537453074964	0.0200868547892741
-0.627829060935039	0.153504607197422
1.45316902836548	0.481724936898338
-0.627367542213354	0.153354696036073
-0.627829060935039	0.153504607197422
-1.79835097978106	0.382953978270685
1.95706969381346	0.441073865263096
-0.356729409152085	0.102503301780863
0.169628986070269	0.0504635339197501
-0.0579134364741226	0.0252321356710428
0.393491650337326	0.177812450079177
-0.286652932705298	0.208214771758885
0.206055522738926	0.166200981319326
-0.213569700377829	0.192253534206315
0.457159191610689	0.447408791776565
0.371365283503571	0.348382704376373
0.405850355187221	0.183959584200087
1.78357038109767	0.997518612286179
0.585166766139454	0.470230894789673
0.532722704176569	0.191651782960233
0.715236037015868	0.473162818535324
0.614103783927712	0.467268411460984
0.296300355840052	0.233574907912382
1.24953592924513	1.23207529355128
0.201012060961684	0.151120219155026
0.407986684941726	0.338088898226117
0.534087105781708	0.466040075595632
0.401308767171685	0.331295092708435
0.0950411750023718	0.0650239692244838
-0.373597818025272	0.292203634489385
-0.029778300430649	0.0219123142600618
0.0190555126857472	0.0128268654536505
-0.791929468973979	0.432398746051879
0.869025722500144	0.646209531973361
0.370441035188404	0.187812140253204
0.0479440476971229	0.026285919822159
0.0452548602814672	0.0265620948402043
0.605962824389121	0.590018401449217
0.379371366136253	0.346404931673587
-1.25527865095719	1.17897912257808
-0.775576654679589	0.725067406511696
1.33691361718525	1.57644703716827
0.459587149946855	0.334551135425708
-0.0712171592188285	0.0432304221276532
0.561817976802163	0.57716922355376
0.215361463833468	0.190482237325341
0.185220287574129	0.107955933157022
0.13515914172718	0.113611271022337
0.184426208741806	0.120965771628394
0.202078218383488	0.146202065905052
-0.043652525717237	0.0272165334105981
-0.567988756245895	0.413617966277335
-0.269212191608712	0.168942682421998
0.165756237597685	0.0888124562126327
0.0236848671751921	0.0131167568682328
-1.23983540575606	1.15754977328237
0.0470267301300481	0.0257547393623464
-0.0361145368116843	0.022527525267503
-0.0236618697445279	0.0150917713812932
-0.334818812547704	0.292632151270489
-0.0241051315703155	0.0153503665177337
-0.595883746519123	0.485397591407768
0.336997044674986	0.205793667906336
-0.515466779883267	0.194997679323859
-0.62503342749082	0.152907838403333
-1.2754256868914	0.575104153105112
0.155986207086685	0.0292416787556187
-3.45945271347814	1.2319108744944
-2.11350096764061	1.62520319979618
-0.34780711222598	0.100028606261835
0.949511917528176	0.252227362219882
0.670319945898335	0.212719010726886
0.531842803938449	0.191317098366628
0.164083222967104	0.0489409806828746
0.620782612417223	0.473689973096406
1.2726641843589	0.701462387310474
0.15672984402438	0.0468820705997684
-1.13642797594247	0.343807560451606
0.527816689171872	0.189769137536265
0.152567656731362	0.0287430408348264
1.4596710675352	0.484293847194448
1.95791760701363	0.441280139896969
0.159915433483354	0.0477485376305238
0.157155801334797	0.0681890567676786
0.172002740531214	0.0922525720117687
0.08789458708138	0.0575257797945706
-0.192822555699237	0.164102178446823
0.127706330037975	0.104117227034463
-0.203851951187733	0.170467149331496
0.00204349778799141	0.00122288262714127
0.0987988165731564	0.0702580550385322
0.155015608432854	0.0673068309340581
0.158323275965016	0.0473326847049123
0.450145859423865	0.181236132023085
0.920174168593049	0.803199573600113
0.336523080439541	0.205470444827641
1.03808278377786	1.34555752818063
0.436306027591245	0.333443059891248
0.0435345842197321	0.0255618992699635
-0.774175329352774	0.661397708121472
0.304837007476335	0.221184216541794
-0.850271793532192	0.9078521506036
-0.186872376515541	0.124743978566145
0.0695549288905388	0.0432169413786824
-0.323697541239311	0.228825535505304
-0.77487585282065	0.724621761462927
0.888482275828222	1.02655498357686
0.296107022701166	0.223807874245845
0.0340968309546596	0.0187422384644807
0.196619457977337	0.141909654308662
0.493291887094769	0.340567669319496
0.0977229254411452	0.06696706009925
0.809975204424707	0.773311688225872
0.293081724991255	0.230577887609808
0.415381130551793	0.345704522761912
0.36707143241462	0.343342022877728
-0.938132837205482	0.990987037045261
0.987197623334391	1.08036282221409
0.205354520668454	0.165629921316448
0.397961322623372	0.179920072195054
-0.136680094434177	0.0772150175645956
-0.209890054974753	0.135463061210923
1.24247736100621	1.22232005746952
0.198502245533937	0.149059394060257
-0.413768354824563	0.352973031584204
-0.176799238568002	0.134429229229507
-0.606459739118899	0.496145617779687
0.288119803805937	0.258556307795212
1.00524423477596	0.827655107021278
-0.317087014257511	0.189801120463778
-1.6684826491948	0.941494695062373
0.452180282176445	0.18203374412038
-0.348139745002389	0.10015256573937
0.152289864541204	0.0287035071443224
3.26252567397545	1.12093560535381
0.162742974316792	0.0485792905021731
3.6409027894866	1.43427384419709
2.3610676854754	1.18451651913819
1.95706969381346	0.441073865263096
0.947560352748164	0.251716891447637
0.94807088907188	0.251931335472786
0.690541517510646	0.323402966453841
1.90910653488432	1.65503079599581
0.159243500678224	0.0475711313965371
-0.516303494683392	0.195262357700911
0.167679655711552	0.042156489933972
-1.13521969998424	0.343544374381215
-2.57747759965585	0.66335545132302
0.153247518839476	0.0288421886814327
-0.628807341949763	0.15371861128279
-1.01866173967953	0.403351708479081
0.513331277834815	0.328087488307481
0.168134247980765	0.0900521305383625
0.560384147954052	0.471157691957799
0.368857470035695	0.366630542248865
0.697273546754482	0.32704484516564
1.00405964676639	0.827489806923995
0.506861850856241	0.456137089308889
0.71990748140443	0.476740154059108
0.425490248361389	0.340054039435917
-1.26819241502513	1.6981976554906
0.297922004672223	0.235044657857964
-0.0068083612610336	0.00440106478137963
0.579960059343394	0.579800557206201
0.657725671484118	0.701909118122951
0.414901804972268	0.345055682622212
-0.271532787877115	0.195637606242211
1.149808757006	1.30769551197293
0.0129792202042269	0.00653914648002199
0.415897426901795	0.346220881597213
0.54600219126529	0.317243880055412
-0.175217560812843	0.133118592448445
0.510033108232587	0.459782244820226
-1.95820659456954	2.49082069853801
-0.407255919905686	0.40954109747297
1.03534823699913	0.983905279080609
1.00626201893249	0.830225689256183
0.859272263280592	0.787586096693251
0.814178549317238	0.652537105039327
0.720092000191426	0.729980873161085
-0.132353616901871	0.0747156234882259
-0.452668423205041	0.301163855810502
0.109462476420606	0.0809258323980695
-0.139754126119536	0.0790454896595396
0.849076187496561	1.00530085287689
0.192900808213796	0.133234851257233
0.902950831013481	0.48746397397466
0.439245668944421	0.336221874341205
-0.384450811224315	0.264897961537236
-0.0726642831408049	0.0441342235517197
-1.09018505574671	1.28390646342841
-0.948709373080582	1.31120427735139
-0.401058716911319	0.37181328452934
0.478452299399348	0.45804050856909
0.311053196947203	0.247071289639472
-0.143034785337113	0.0511857384265564
-1.13482941234436	0.34340642829894
0.793604793259295	0.476606569677838
0.154813591090059	0.05261311136075
1.57396565580579	0.783542650039436
0.670649872073233	0.212844236167521
3.26452213570095	1.12136276907474
0.94807088907188	0.251931335472786
0.153807926197237	0.0590287956660926
0.165318598359952	0.0416114067368304
0.15566119641323	0.0528907668896057
0.165704597093625	0.0417255219351786
3.93139544004406	1.72622670090374
3.93257323321094	1.72656649429801
-0.351758442844764	0.101154571200253
2.75446121880292	0.769079402442662
-0.224723959062827	0.0725118722465567
0.342513856750161	0.191691243363953
0.905746910109667	1.23730223163883
0.0207266248742326	0.0139433091593246
-0.135080046954724	0.105771432690352
-0.111273522816619	0.097512113608862
0.20157510512093	0.162205310417315
0.740153530927071	0.620309731078376
1.14644633766549	1.17899120977896
0.802954788972986	0.869352431486763
0.717139369148886	0.725782458542487
0.925093462022276	0.809468297356102
-0.329760903870867	0.262390057687183
-0.490147935703041	0.367794783169015
-0.330321852921623	0.234367001682171
1.11306473090488	0.851419113177398
0.509358206306889	0.324741080570254
0.605011316897527	0.588828732781336
0.343614034623999	0.210454667476086
0.593091270877436	0.573264404975919
0.802621233092609	0.763604460662434
0.455217928961299	0.330711330437645
1.0322188399376	0.979632317003495
0.454058199795285	0.329377138333589
-0.411487219594352	0.350579936386371
0.742857785975627	0.622617859253114
0.201837006028172	0.151747288194082
0.84021034728077	0.882907098547971
0.174653158386678	0.11412350917181
-1.15027966907675	1.41596630932934
0.178634718025619	0.110655833292199
-0.308043384019613	0.272920336609412
0.301843748913951	0.228901879781997
0.181650932786719	0.112712295116
-0.139640478823512	0.0789808811539478
-0.870135883742143	0.798859160953233
-0.652473714748482	0.454120767815934
-0.865232888519689	0.86414600719337
-0.550410469224656	0.496897700315329
-0.148436904337868	0.101098575300381
0.599471816918462	0.581858786675999
-0.0214480311348821	0.0136937365561816
0.093257474680662	0.0637947731575767
-0.767920600336018	0.771939361971703
0.605728619120871	0.317811422208524
0.532475077834663	0.191482542601689
1.95706969381346	0.441073865263096
1.04118814853393	0.395160512018798
1.45316902836548	0.481724936898338
1.04118814853393	0.395160512018798
1.96040941896093	0.441936123238363
0.67473928175237	0.214185038642858
2.75446121880292	0.769079402442662
0.829163317967424	0.349753041955828
1.82480922054022	0.715302875396814
0.152567656731362	0.0287430408348264
0.152567656731362	0.0287430408348264
0.303023365949663	0.257758564824608
0.0757241526450396	0.0610688825110007
-0.40852419705424	0.380421392681946
-0.516392795836516	0.504587206161758
0.417064263447527	0.331833390512107
0.871963810700803	0.649244826562041
1.45980319091422	0.911907395135165
0.942268689992238	1.06671997581922
0.534067949182265	0.465930425353146
-0.371670852897363	0.290365429870686
0.185537572855603	0.121857563797537
0.308993686014992	0.245213957143928
0.580490738569541	0.465339059070075
0.379675970285803	0.346665419761183
1.1358580026626	1.03160897303814
0.193182977360379	0.133438343886363
0.00740742909478869	0.00379390374667557
0.322327046702793	0.2105317222874
1.01629434015557	0.841553458929327
0.308772887670317	0.234943397458207
0.33605030897492	0.205121096893343
0.461096236873774	0.335646560457416
0.192515764852076	0.132883885623154
0.328659173602673	0.215227038816805
0.791491871842761	0.475575940755142
-1.13938844863969	0.989504671682317
0.0771223727322023	0.0503272700902702
-0.789825955027972	0.679419984031721
0.0935380578500367	0.0663663219794996
-0.161384126157958	0.137718399251205
-0.613033144705188	0.545293723796502
-0.776647053660852	0.784535649886953
-0.778463893787913	0.42331417860196
0.161546088205671	0.0482379354240544
-0.347480099168433	0.0999933239977275
2.11636802963177	0.949071130565476
-1.82352196222375	0.744104973929954
0.401103036482019	0.181549511392063
0.165097545701885	0.0415776969264477
-1.51364953741781	0.539764698603452
0.153247518839476	0.0288421886814327
0.153526628680235	0.0288819285189665
0.153526628680235	0.0288819285189665
0.153526628680235	0.0288819285189665
2.75446121880292	0.769079402442662
0.532249310589414	0.191451139948052
0.3499188246416	0.362141137742673
-0.224422691111208	0.203573541876913
0.114478038207929	0.0901017336507767
0.20884159062222	0.183896029434553
0.315959706921542	0.218737801363841
0.336926379643943	0.206025495544086
0.711548885236008	0.47034314243792
0.189697645788822	0.136392846012782
0.169947785588454	0.0910917566102655
0.39602031025493	0.339725242508376
0.178640955884106	0.11062628677745
0.336523080439541	0.205470444827641
0.100151143546246	0.0712784113839982
1.06967587214055	0.518107917945548
0.186695855797393	0.122647203402228
-0.485053777777799	0.254339176991225
0.665114699245347	0.476816708873849
0.619067609334847	0.670342292024562
0.609186226234829	0.319767550155728
-0.334095762150121	0.237446328718139
0.174625218920851	0.108006249700138
-0.0253371035409519	0.0118896321559511
-0.211742746305311	0.136756732499163
0.690589869874798	0.604070220212982
-0.63921087000854	0.656473320530377
-0.691375226646412	0.654519674692762
0.122432548378091	0.096825546535525
0.711695798759162	0.828964531783439
-0.489307761417694	0.366804283568268
0.870797997208904	0.648222116004186
0.158323275965016	0.0473326847049123
-3.08164138813046	0.963767470359232
0.164702884100979	0.0414746335821988
0.528476382778789	0.189975415538032
-0.719465582528739	0.247026553935257
0.67473928175237	0.214185038642858
1.95706969381346	0.441073865263096
3.26252567397545	1.12093560535381
0.947560352748164	0.251716891447637
0.15626975600377	0.0292821097759299
2.76098151426891	0.771684650801264
0.951331866170054	0.252756684317784
0.670649872073233	0.212844236167521
0.167456389266164	0.0498754746523784
0.681345251897128	0.807753370140613
0.379164789141904	0.346141375380505
0.994366276954205	1.09161592806675
1.08130773565256	1.26701956827596
0.0750108759292792	0.060449560319056
-0.0717959358321586	0.0514064556020443
-0.705314509475451	0.719657694829708
0.11854085528101	0.0880654827491787
0.86573289427438	0.643445672761408
0.71990748140443	0.476740154059108
1.24474116395897	1.37586582053324
0.406656184419747	0.184364125534212
-0.0988257077034221	0.0392234324583592
0.365856361803825	0.185333748617741
0.583172048832229	0.467838031076335
-0.390810142693215	0.220943342199761
0.805547261291201	0.643878738402824
0.330522107673792	0.216778854524427
0.0687415743341078	0.042710597403127
-0.260360818411665	0.162762486233087
0.304141201756775	0.220542080944436
1.24133956096165	1.36977085865495
0.694415237402866	0.608732984459037
0.0711773544030427	0.0442101413707716
-0.0686440383976119	0.0416696810134716
1.25403431725193	1.06698854816063
-0.0930677383865677	0.0545618971820051
0.589965252073961	0.475133567178048
-0.263504405261468	0.164990954534751
0.955761654178992	0.650236556437971
-0.703415406394183	0.716650270210351
0.514673536453621	0.328682274853606
-0.710698753280002	0.727105437581167
0.667226415931312	0.479120060437655
-0.421263602502456	0.32249453324226
-2.90604940459628	2.14255962994308
-3.75530690635197	1.48758661786965
-0.517470812145273	0.195857600194182
0.153247518839476	0.0288421886814327
-1.13521969998424	0.343544374381215
-1.13642797594247	0.343807560451606
-0.30515477418509	0.140206020457341
-0.721740116381346	0.247779502726497
-0.342569521377039	0.0986187132378211
0.951331866170054	0.252756684317784
0.823420767914512	0.346879978044335
0.181322208345519	0.12449993898776
0.152567656731362	0.0287430408348264
1.95706969381346	0.441073865263096
0.167679655711552	0.042156489933972
-0.200812379752193	0.167587217434419
-0.124094560503004	0.0863168841136347
0.747752953319	0.628322320296782
0.19475189829758	0.140459363784612
-0.261862107557684	0.214411944380367
0.197770639046997	0.142846023850277
-0.72013323546054	0.247288973526613
0.609027586717394	0.319292353990383
0.666882554387538	0.478326923313021
1.07049383091777	0.518656679919071
0.908566647387766	0.934634779648279
0.330402905991011	0.216536568981358
0.486793094259285	0.335094365545386
0.162672790548148	0.0870743646036601
1.03739892905288	0.986808580102989
0.0385260711614362	0.0211356595209029
0.617771550614246	0.471065448585638
0.00138345377509424	0.000862719725304701
0.188177125158053	0.117013266010685
-0.376479007124352	0.294947399374415
0.0677307487043505	0.0420533533759765
0.195434540619009	0.140984478258677
-0.672371722946206	0.531484879852019
-1.00091992709416	1.19218751110772
0.683857088738913	0.710812637016999
0.756875349057191	0.7443531515207
0.16799670930552	0.0900824676776957
-1.31864447487082	0.82569846634191
0.371013103410766	0.188040070303641
-0.778861304630493	0.339633638362842
0.951841444348566	0.252891357699991
0.694680467931084	0.325509804917401
1.09630811418667	0.677107962933045
-1.51019343351841	0.538270963770231
0.15626975600377	0.0292821097759299
0.673419805718654	0.213740169092851
0.157850726922151	0.0535992456199043
0.356007935941169	0.179833620804181
0.17780858688259	0.110067481096119
0.00590348165231957	0.00305546036332322
0.171223954094761	0.0508942550846916
0.144662434916295	0.0556045154733575
0.151271621355148	0.0581104181221539
1.04102963664621	0.395089191585647
1.16642309755784	1.45306931160273
0.0834165890308451	0.0545198580214755
0.606320034320101	0.590287192671709
0.29657572140732	0.224280273383258
0.316375385443423	0.230710382489706
-0.389216744440104	0.268371520520411
-0.12396991216408	0.0862596188739639
0.124430019481454	0.0985142733910637
0.0852729089280753	0.0557488111658618
-0.961168021457851	0.943150445265355
0.170483879562124	0.0914789011827932
1.12817077538138	1.0218849726558
1.42686538095016	1.78951612708954
0.463939235678661	0.338400472196142
0.149713596450665	0.0649775976123266
-0.945537870979032	0.580250160312208
0.182013696080207	0.119334895333639
-0.21535660568065	0.139259297595239
0.491442639350256	0.339007388169618
-0.567915142092625	0.413329320546349
-0.474068723675524	0.401315741797654
-0.260360818411665	0.162762486233087
0.558770200983494	0.469421692702155
0.399556169602499	0.343361693629391
-0.409577475425043	0.348624139422623
-0.315736566184394	0.188937267136288
-0.945054604832267	0.579859734843525
0.90697210964703	0.490433707429302
-0.596986385731823	0.286006259360821
-1.51853446946828	0.541976089171892
-0.788383709512383	0.522641560406241
0.15566119641323	0.0528907668896057
-0.632939126134277	0.15468454480873
0.167299398578488	0.0420768316112512
0.673092310209553	0.213658316206257
0.166691919569473	0.0419536988970269
0.506463868312748	0.455400527677254
0.424131609158601	0.338905045865213
-0.0909070563323409	0.0361318589652054
2.75349844687128	0.768381126605175
1.07409768274411	0.521250162005042
-0.175245385882278	0.116426099645746
0.121094816633321	0.0929313129914286
-0.319349635788637	0.225278262260653
-0.261267407914508	0.16337884987481
-0.787565828943259	0.429930479599503
-0.242034121675225	0.178680404451364
-0.77330978385753	0.722694501565819
0.669050149762638	0.480205922972726
-0.641924810487502	0.379628043279957
-0.240348743348852	0.177289039389905
0.697016905571814	0.611788949909761
-0.0983497166595668	0.0389984690848497
1.28581654640313	0.711646332636786
1.24783677966353	1.22859081958777
-0.178469205448229	0.0956349161797301
-0.327172145317205	0.196664089513288
0.745560252572171	0.625974429683629
0.031286677000232	0.0172102569717262
-0.279926672733007	0.202623583762405
-0.780755591495592	0.598027629208596
0.40333591771533	0.333391632881095
1.5984418360451	1.74606882469584
-0.140189182762586	0.0951079579717781
-0.173536650214684	0.131700123750805
-0.397220544076246	0.367424524082057
-0.758104150830943	0.757304154685535
-0.185003046717245	0.0993716045801065
1.36782993699519	1.26842871562385
0.303143027178206	0.219733083599881
0.903221986685294	0.487727217314656
-0.786236953629966	0.60435459370796
-0.780731878430564	0.425092444456884
-0.34191607535368	0.0984089732924219
0.157034388740604	0.0533466278590803
0.165858197331239	0.049441036827577
0.394830511937435	0.178506716414537
-0.392074699832571	0.221613354888734
0.537822771634915	0.193597818709898
1.33747974004531	0.58633828785793
-0.0995261402373154	0.0584422963514969
-1.2169118833745	0.918018504684579
-0.778463893787913	0.42331417860196
-0.544196011711304	0.345967340294055
0.342956983513116	0.191997470351519
-0.894409565996449	0.745203275560279
-0.379151915694829	0.260568358400626
0.193553093747181	0.127545393096542
0.158236523811813	0.0767328344983526
-0.210188418765379	0.176455527203123
0.066194903641279	0.0411166422680037
-0.321172327994854	0.226836314644201
1.2459502031757	1.22644956911945
0.797989705712639	0.480516746468569
0.527816689171872	0.189769137536265
0.15951165226116	0.0541568637053404
-0.515466779883267	0.194997679323859
-0.231264184665285	0.115546077710226
1.40058872403092	1.08982637622444
-0.822587721537763	1.03373939035933
-0.173876057117663	0.0930812167902968
0.95922816844693	0.654039364345786
-0.562116384805975	0.408163224330857
-0.525281623059516	0.198942501987082
-0.0255740326649215	0.0119884577754599
-0.764325448413719	0.332051662812837
-0.153850694969318	0.105023814019187
0.0696914187027534	0.0432798933994339
0.274345457800625	0.283534642038541
0.357673432622727	0.342968170357352
0.421852635943084	0.45456291049888
-1.09278197682024	1.49514574101938
-0.205331021895128	0.171725894123518
0.573988337009814	0.571874777807498
-0.550484154339084	0.496721709047395
0.352677633079877	0.346470160036745
-0.48805828129302	0.443401812682874
0.294191638779138	0.265099929638926
0.0499933684930731	0.0365757876367127
-0.0633930057028778	0.0462682628472402
0.365891974735012	0.331163421157593
-0.0890050684365485	0.0521465777799853
0.288339782829441	0.273667559184804
0.297600481315005	0.225151358595548
-0.594903247035199	0.284469538310813
1.62419916117502	1.13979500645862
-0.0536160207267586	0.0233999342599115
1.6296331072211	1.14655703336259
-0.783446212436154	0.427005671548173
0.148791554554617	0.0506157660399734
0.358808145926953	0.181364878258639
-0.605441271100967	0.290520234541977
2.25120462729685	2.50545517593332
-1.08617758286388	1.04427685298601
0.652913951853707	0.870800230382377
0.816475080044858	0.781609064409829
1.11386512354291	0.852244551218679
0.737954609964006	0.617835618556269
-0.326505919783265	0.196295084978144
0.609894607791605	0.320407506394218
1.25949650184932	0.878311690863888
0.195045835209281	0.140683133098247
-0.680188139911358	0.53886620585822
-0.494548091645142	0.371905710623546
-0.42480426018966	0.325755561112918
0.188398430427069	0.159315021241649
-0.92171821003105	1.03858164477672
-0.0732314931577441	0.0444831337051993
1.8926877967377	2.10797861336509
-0.623695413727333	0.597622714211862
0.857811329596418	0.909779536171827
0.493672706083396	0.340891459274392
-0.214952210282499	0.0694159656881339
-0.178325809849769	0.0956432000648378
0.376357986161696	0.191150293127588
0.442402978280455	0.339123958822293
1.00588823347326	0.828917513043835
0.174980319874457	0.108230186581036
-0.0492988138439205	0.0307414076987257
-0.177595641205418	0.0951408144016969
-0.269705721841114	0.169284585357014
-2.0703662383507	0.944040384379806
-1.58863179578529	1.21675218405353
2.03789395957077	1.94326368258221
2.74898391577091	1.68749655285803
-0.0504442919763924	0.0220653569575298
0.158074474787349	0.0472574922808909
1.23863386536926	1.36622275207227
1.106161838072	1.50886006521833
-0.240638525738703	0.177493396567773
0.857393040526815	0.9087880208752
0.509339893613396	0.324715609439753
1.25235789307171	0.870218831253174
0.871963810700803	0.649244826562041
0.193082592956874	0.139117611937638
0.0540649970843008	0.0316971752288813
-0.0210252898696655	0.0099243024878134
0.187749859235257	0.123322721328006
-0.0536160207267586	0.0233999342599115
-1.66763690551666	0.941299324199867
-0.343223291761604	0.0987971723984263
-0.764086062426498	0.332088631279259
-0.609361809483649	0.292792715710909
-1.51984622148121	0.542369599603978
-1.48465000941191	0.750254071982769
-0.62503342749082	0.152907838403333
3.93039364694432	1.72557827049993
0.165097545701885	0.0415776969264477
0.819734116500068	0.345056332157182
1.57479077921744	0.784231980002317
2.75349844687128	0.768381126605175
2.11974097879103	0.951220462633918
-0.343716239253643	0.0989197038205485
0.951331866170054	0.252756684317784
0.158643044393503	0.0769300639286323
0.850760731110121	0.7764155264145
0.518877651469829	0.469630541501109
-0.319977737044362	0.225829119521749
0.179528017258172	0.111255614054555
0.158495830544173	0.0688499392365998
0.789770249185985	0.474106077873852
0.515566276972511	0.329420034347886
0.542798273524355	0.315343631620285
1.6281526696866	1.14497158883779
0.162697955072588	0.0789492786534865
0.668499011361078	0.611725474443942
0.87212987409686	0.649554554649247
0.396296249764671	0.340023011731714
0.175549499876166	0.101878139022193
-0.527595080524559	0.333140139451581
0.00676152530215307	0.00345417562560734
1.0690142910559	0.518371700421409
0.687201378853304	0.321605099602997
-0.0909812702661279	0.0361369320775598
-0.133958875162932	0.0755904631274945
0.165594211957363	0.0493598676029419
4.1778407712883	2.0140621779542
-3.45478455762682	1.22912473266304
1.45612824040965	0.482835979244752
0.302772942164484	0.239459605071168
0.836532807674869	0.353150335187375
0.161809663243855	0.0483223326687324
-0.214527945453891	0.0692825908233493
-0.724793109289914	0.248887676452097
-1.13482941234436	0.34340642829894
-0.152178960154318	0.0544209424602452
-0.03112861477168	0.0198101680793015
0.209644872377127	0.169511649042383
-1.34273389019702	1.34481496646766
0.193313579852321	0.133505251530657
-0.0970081236743832	0.0384843792732294
0.31545275819273	0.218396206613078
2.03182027599475	1.93182737062209
0.173489327161633	0.100749980863276
-0.234768381371838	0.117353834195191
-0.402524856987093	0.168099686645486
0.53650666226299	0.193022853279719
0.154769129327649	0.0462921767957924
0.345905851475142	0.193633833128418
0.909556061657841	0.492309542177848
0.157830822565027	0.0684885666679607
1.06420254374998	0.515159027898816
0.670319945898335	0.212719010726886
-0.215609075040396	0.0696016635663571
-0.213639314943098	0.0690063709749365
1.78945830619202	1.00257248640559
-1.82602655727112	1.67122351038017
-1.24389764394583	1.76511462966756
-0.62922420301289	0.60476872351185
0.0705486279465162	0.0438501437641089
0.0888474908692997	0.0606615406797852
0.460573586713274	0.334919516658992
0.722731038691358	0.480044892585103
-0.320717412056083	0.192339837763371
-0.176834296236975	0.0947471984303428
1.00405964676639	0.827489806923995
0.295596636212618	0.258570921756138
-0.995442438798838	0.893761766297957
0.152686341340135	0.0586077786643544
1.12903516330528	1.02147728777819
0.451038007299901	0.181503296233176
-0.152784911726471	0.104270266356714
0.35118002940495	0.197099643275891
0.360247724271106	0.182115959908828
0.157402307591701	0.047080036463379
4.56771095853957	2.58060803061562
-0.398947236989961	0.166471939800779
-0.324751476862727	0.229543377411989
-1.11183991518507	1.44212384424164
-0.195576143615911	0.162638131794827
0.719610475169089	0.477077992934521
0.797883670340588	0.48041081201985
1.10782632767335	0.845027802060553
0.446389407735018	0.179556225692317
0.548123527173282	0.319144656762855
2.12250492338731	0.952551982367785
1.33238436977426	0.583835036782427
0.531590148724862	0.191133156883517
0.948535538575274	0.252058145640786
2.12691249166458	1.48546762382394
0.372526612472096	0.360590868128376
0.476316564102793	0.541047248665928
0.46361626551141	0.33812849206601
0.974656694461355	0.971368348926594
-0.0893571494319083	0.0355156361722577
0.286287842460757	0.256650663297204
-0.0678993581746875	0.0555393123609623
0.139243290898061	0.122939374008504
0.386730389699784	0.342432639885492
-0.294383967789207	0.237884653536572
0.116958501612235	0.116067750944932
-0.604196907623914	0.80782899786266
-0.391911385880332	0.443016426023305
-0.0857213356901183	0.0681797532425812
0.156172178192234	0.0678386362560521
1.03898342885189	0.393828181132788
-2.577202278156	0.663064687208724
0.166786027725508	0.0496866477008084
0.536280565569087	0.193004774479639
0.668176168576197	0.211989237575833
0.153247518839476	0.0288421886814327
1.57030373073065	0.781115955239476
0.655339700358153	0.698118762418277
-0.00855427706236859	0.00551123172734072
0.00270114882795116	0.00165971643037742
0.546901310871107	0.57633209773905
0.315622199536816	0.218457792921413
0.102838872292756	0.0706042669827543
0.335186562327602	0.204521007402263
0.635261409210393	0.600691039965507
0.20088636832624	0.151036934753012
0.93038450867328	1.16994039468188
-0.171342017034131	0.129886000284239
0.300312526465651	0.237170784453
-0.432485221112899	0.33310826530393
0.18695632000474	0.134262660820596
1.09102199326843	0.672414438546189
1.07622259957209	0.522467921530564
0.366518410791641	0.185429975328173
-1.02243193496015	0.405269729651974
-0.343877386805142	0.0989458655028747
1.78172326612573	0.996327241108851
0.145775897442747	0.0560131995959355
0.348508829451334	0.195417543649414
1.81990502683314	0.712799968178863
2.74876987986439	1.68724269735541
0.453611115677461	0.182669846803673
1.04480696921869	0.396726217486042
2.75446121880292	0.769079402442662
0.748161787345498	0.629014272539036
0.828342764331275	0.349152513984802
0.165704597093625	0.0417255219351786
1.57872157530349	0.787144638169878
0.373500963652367	0.189535930039256
0.691940367300897	0.323646843500482
-0.604624046603821	0.2901142271608
0.041175931989255	0.0225572881752426
0.169748803437741	0.0911004365196232
0.152503171275613	0.0661004748463406
0.461615984436296	0.186085030667745
1.03940894007899	0.989001602668504
0.370441035188404	0.187812140253204
0.147262717174666	0.05012057275734
0.396620217869713	0.179198519533086
-0.214295623660532	0.0692156550779169
-0.143396196869431	0.0513133943799015
2.75446121880292	0.769079402442662
0.828336763444628	0.349232998453744
1.95791760701363	0.441280139896969
0.797507441355336	0.480144706249764
0.516158918695684	0.33024135904787
0.371873418914326	0.188601250447803
0.454204940217567	0.182916641096981
-0.133003543383951	0.0750965950421367
-0.062136047807724	0.0376796846079845
0.146287214711189	0.0635312355075786
0.691407355120195	0.60510609071256
1.96844235586798	1.23390668075905
0.790044044081155	0.474299024363051
-0.307836621566715	0.14145708717147
0.155002495029819	0.0672192935567482
1.33326137407242	0.584365390984281
0.533792789739045	0.192056407531968
1.57770796941947	0.785748154921624
0.655862888137617	0.596386917892267
-0.227786686292125	0.113773516110506
0.328303254926336	0.21513828511295
1.58017658535242	0.78782928766197
0.441638429117598	0.338179507419544
3.26640660082579	1.12286745021344
3.93039364694432	1.72557827049993
3.63685963656738	1.43190397098036
0.948535538575274	0.252058145640786
0.160489139338675	0.0479185611557889
0.323290595749304	0.22446307421373
0.457851339087757	0.332754594171214
0.87212987409686	0.649554554649247
0.460207492934036	0.334849040304603
1.28267569581257	0.709228648118582
0.166311360817904	0.0418484681801843
1.04790688599721	0.397928979242841
0.514234264471428	0.328369666551481
1.06818357434003	0.517834894778062
0.448509312781123	0.18044688496929
0.924246485574436	0.808416999296307
0.364992425928113	0.184806600560119
0.94904571537762	0.252100131683616
2.75446121880292	0.769079402442662
1.63259951850119	1.14951033480966
1.45806698971783	0.483796340944708
0.156835118177656	0.0532837121933901
1.10831102086895	0.847047201750487
0.657921714548631	0.470657292843393
1.24712149747481	1.05889010667395
0.528476382778789	0.189975415538032
1.04295848162481	0.395810684576853
0.697655145348232	0.327160782431752
0.66999328440441	0.21269616854207
1.45575253921811	0.48289648887464
0.948535538575274	0.252058145640786
0.666721180805514	0.21156384557497
0.665738591316948	0.211247784564273
