x	y
-1.79827400712943	0.382942964938875
0.15626975600377	0.0292821097759299
-2.57775304544287	0.66318910114962
-2.57747759965585	0.66335545132302
0.163413249256128	0.0487677019311828
-3.75809970882141	1.48903887292909
-0.724941080754783	0.248928107914991
-3.46066411507937	1.23287376992561
-0.215184417856504	0.0694920488130609
-0.627829060935039	0.153504607197422
0.153526628680235	0.0288819285189665
-0.632939126134277	0.15468454480873
-1.02050867103886	0.404356899215527
-0.514630991185235	0.194661861681357
0.167299398578488	0.0420768316112512
0.153247518839476	0.0288421886814327
0.162400863971746	0.0409830958055786
-0.632939126134277	0.15468454480873
-1.51395570496283	0.539857861420258
-0.219615570186308	0.0709016531943509
1.45377869768284	0.481973964249078
-0.637572077543607	0.155739174733076
-1.51494963266618	0.540305848955056
-0.628807341949763	0.15371861128279
-0.62503342749082	0.152907838403333
-1.51494963266618	0.540305848955056
-0.646027265078088	0.382996070869013
-0.783153534829372	0.425886641395703
-0.341581022610314	0.0983147602836231
0.155372593274282	0.0528040448022981
0.152998897216914	0.0587123670012067
-0.208948057982482	0.0675224059794646
-0.214063950112808	0.069118756813684
0.537164857593467	0.193341885349058
1.82414885065892	0.714941399976917
-0.973919679632823	0.48164169110472
-0.763759356923981	0.33215173832306
-0.214295623660532	0.0692156550779169
-0.6282908079904	0.153557595992093
-0.215609075040396	0.0696016635663571
0.153495886133074	0.0589183681974845
0.166311360817904	0.0418484681801843
-0.979565138712446	0.485108803116686
0.159941194521509	0.0543013031904569
-0.146252414230362	0.0523425133241546
0.15951165226116	0.0541568637053404
-0.142207514098902	0.0509041851864348
0.162742974316792	0.0485792905021731
-1.81500400399229	0.739710597985082
0.947560352748164	0.251716891447637
-0.0574333790978502	0.0250288442631081
-1.4846353244679	0.75101081076005
-0.767523934479266	0.334015614821553
-1.02624181092562	0.407113610404842
-1.27073685110928	0.571951256018346
-1.14009620739235	0.345227889980206
-1.02308669477862	0.405545669724936
-0.62503342749082	0.152907838403333
0.152676160370971	0.0662758761008885
-0.642052777308833	0.380368805482779
0.94904571537762	0.252100131683616
-0.395629985495349	0.164908907884731
0.163675748818542	0.0488217197760315
-2.57747759965585	0.66335545132302
-0.21584116833564	0.0696924945480662
0.151905065586114	0.0516577328804664
-0.214295623660532	0.0692156550779169
0.164508320751161	0.0557690568966588
0.15672984402438	0.0468820705997684
-1.1572530538747	0.646535312700476
-0.978453179463435	0.484425320262514
0.154304804183893	0.0592230318132772
-0.782104677653673	0.426145914283594
-0.535160844219261	0.339144875357893
-1.27584202508144	0.575040012393624
0.153679357488054	0.066721754390136
0.449249833898474	0.180664858913565
-1.13849388307931	0.344614401149477
-0.516096514132394	0.19525236723075
-0.3875192389546	0.16125433231262
0.716575851423339	0.474163014117869
0.161139089918031	0.0481199615651925
0.151861953480354	0.0658892683663642
-0.142207514098902	0.0509041851864348
1.24578620873252	1.05730953874213
-1.8357429311111	1.15702091778256
-0.768352792297376	0.334422629290655
-0.763253894263622	0.331680843347779
-1.27479878011019	0.574686410185082
-0.390943736994562	0.162719877466899
-0.218074030224809	0.0704026851228337
0.152686341340135	0.0586077786643544
-0.0980656174714438	0.0388915532188351
-0.325271751241088	0.195309208517993
-2.06466636020324	0.940256308265765
-0.151948739680961	0.0543474280362867
-1.48688920399886	0.752482673124618
-1.1355628376793	0.343674610704711
-1.27605282856675	0.575459260120326
0.949511917528176	0.252227362219882
0.153247518839476	0.0288421886814327
-0.213639314943098	0.0690063709749365
-0.533537571030064	0.337492519070119
0.517649964884193	0.331041988203542
0.153495886133074	0.0589183681974845
-1.21377922913306	0.914795025148114
-0.59882136533025	0.286684243260404
1.28525826124295	0.711218364025348
1.45846991231938	0.910581653500317
-0.945253259460891	0.580466162271138
-0.303180154509191	0.139061857326964
-0.389176867516154	0.162123247090893
-0.396702995998436	0.22498258517256
-0.0565644351992689	0.0246587382962158
-0.0544799652702283	0.0237648388470658
0.374458422327721	0.190113143068058
-0.393701773942777	0.164088841030077
0.153247222778868	0.0588212060537421
-3.02737068362516	2.4383825101267
-1.13948670365002	0.344942610687521
-2.57747759965585	0.66335545132302
-0.223622609359472	0.0721345005453493
-1.26782842660809	0.570441623693441
-1.79835097978106	0.382953978270685
-1.81158704205843	0.737664856226095
-1.13422470394875	0.343215945535417
0.165594211957363	0.0493598676029419
-1.14401832138186	0.346434503308119
-1.79827400712943	0.382942964938875
-0.779373756430603	0.514095193841359
-1.08406304063614	0.739922721216839
-0.181729202795887	0.0975142354891616
-0.979421041745377	0.485307776607033
-1.27010940171459	0.57162221968883
1.45316902836548	0.481724936898338
1.33703685718049	0.586324404119723
-0.515889861149168	0.195150861370295
-3.75466048479637	1.48723142869904
-0.768467526888743	0.334248052128873
-0.299333880262715	0.137253340157489
0.607876415456029	0.3188396909465
-1.13251140472747	0.342543902947619
-0.518098540358184	0.196099975558502
-1.14009620739235	0.345227889980206
-0.21584116833564	0.0696924945480662
-0.757828205643285	0.328751850721271
-0.537965259938272	0.341379286760092
-1.51853446946828	0.541976089171892
-0.221816427469634	0.0715497660587192
0.152289864541204	0.0287035071443224
-1.79827400712943	0.382942964938875
1.95706969381346	0.441073865263096
-0.6282908079904	0.153557595992093
-0.62503342749082	0.152907838403333
-1.81405663489635	0.739163554129331
0.166311360817904	0.0418484681801843
-2.57747759965585	0.66335545132302
-1.79835097978106	0.382953978270685
-0.515466779883267	0.194997679323859
-0.308097499076156	0.141715220191164
1.06654864342452	0.5165501260625
1.32857499812398	0.581678467569879
-1.32903143514044	1.09685955751373
0.79664989534875	0.479403981571496
-0.789891353185121	0.431302832766162
-0.390433250009663	0.162447422815093
0.159254621850194	0.0611156291439345
-1.02026869500549	0.40408181312214
-0.394259341388564	0.164337716770981
-0.389264439668591	0.161953056740971
-1.16644802488109	0.654062086201651
-0.762661468163739	0.331369385865934
-0.628807341949763	0.15371861128279
-0.632939126134277	0.15468454480873
0.152567656731362	0.0287430408348264
-0.977765019713594	0.483909530540286
0.157402307591701	0.047080036463379
0.166691919569473	0.0419536988970269
-0.139392769761081	0.049937572895941
-0.351758442844764	0.101154571200253
-2.58120409692147	0.664991486920107
0.170597157616308	0.0428000407476464
0.152567656731362	0.0287430408348264
-0.633409029549556	0.154789771896201
-1.79827400712943	0.382942964938875
-1.79835097978106	0.382953978270685
0.149464413960118	0.0283283450696208
-0.723858427247846	0.248624788373591
-0.351758442844764	0.101154571200253
-0.988395717659957	0.884791075038043
-0.720801185410545	0.247515042606667
-0.724941080754783	0.248928107914991
0.15868166261938	0.0538850546392354
0.157462123376921	0.060446471737033
0.152195763803653	0.06603882486249
-1.46553075729171	1.0202494812192
-0.60491353971316	0.290239302747195
-0.784432395145642	0.427344218454854
0.36334979539128	0.183604116360741
0.714794862378444	0.472615676557436
-0.0551292885383177	0.0240551235757528
-0.300672688912365	0.137932389561506
-0.592521200334704	0.283318304233477
-0.0896410105767752	0.0356287695912577
-0.144224610998782	0.0515954998895758
0.166786027725508	0.0496866477008084
-0.344210615318698	0.0990368506115311
-0.0991158406340717	0.0582137029198532
-1.52246168976357	0.543554490442396
2.75446121880292	0.769079402442662
0.165097545701885	0.0415776969264477
-1.28054172110541	0.578016358254624
-0.336015560170029	0.096773828663037
0.533792789739045	0.192056407531968
-0.339133418750055	0.0976611246838527
0.153555058129936	0.0521865112674645
-0.718527169744358	0.246584376429975
0.166084152255821	0.0418055330790301
-1.81842816932896	0.741601322947527
-1.79827400712943	0.382942964938875
-1.79835097978106	0.382953978270685
-1.79827400712943	0.382942964938875
-1.79827400712943	0.382942964938875
-1.79827400712943	0.382942964938875
-0.718527169744358	0.246584376429975
-0.139626623650296	0.0500203007886289
-1.51853446946828	0.541976089171892
-0.788807616554288	0.522601118317713
-0.778119257504524	0.513169137397872
-0.642846913998337	0.380358365292816
-0.139392769761081	0.049937572895941
-0.221816427469634	0.0715497660587192
-0.485300058475584	0.25476173390108
-0.508194441200418	0.192016198412818
-0.636595009299526	0.155524812409654
-0.516726487620638	0.195487204534031
-1.4685000569247	1.02444473004659
-0.603569776832878	0.289530217732636
1.37757758894453	1.28404536911946
-1.15942022826835	0.647787789820647
0.536280565569087	0.193004774479639
-1.16697236063258	0.654541755787604
-1.03068484294637	0.409174747267586
-0.976101141403147	0.482953123075632
0.534018135349711	0.192121771213656
0.151149206787113	0.0580628778153935
-0.304817557367601	0.140068535580747
-0.126501793072791	0.0712714087819411
-0.343223291761604	0.0987971723984263
-1.79827400712943	0.382942964938875
-1.022712746104	0.405179718951923
-0.721178105137157	0.247635434110556
0.16262521966381	0.055161447726895
0.152567656731362	0.0287430408348264
-1.79827400712943	0.382942964938875
-0.627829060935039	0.153504607197422
-3.08118534013847	0.963229045953577
-0.627829060935039	0.153504607197422
-3.75466048479637	1.48723142869904
-0.338476676785739	0.0974822237690529
-0.343223291761604	0.0987971723984263
-0.628347365301396	0.153568930486371
-0.633409029549556	0.154789771896201
-2.57775304544287	0.66318910114962
-1.80197754639448	0.383903353697165
-0.348465736253515	0.100232718134072
0.153526628680235	0.0288819285189665
-1.79827400712943	0.382942964938875
-3.08164138813046	0.963767470359232
-0.72013323546054	0.247288973526613
-0.0175357631446226	0.00833471318944223
-0.230704734432585	0.115246641240362
0.400295525758654	0.181078970014656
-0.975701969459145	0.482325107667453
-0.515183545822702	0.194932496197455
-2.27905215658492	1.15133868444626
-0.764679257511663	0.332374029322147
-0.516726487620638	0.195487204534031
-0.717014216380814	0.24607192548599
-0.514425029487373	0.194514818086122
-0.137976024592439	0.0494411312521156
-0.302012171776503	0.138585388468235
-0.72013323546054	0.247288973526613
0.158333484191624	0.0687008601425699
-0.0877747885053944	0.0349096890477682
-0.511519041389722	0.193429014825003
-0.519750069619239	0.196813590651588
-1.01961453275747	0.403780235295886
-0.0563071204000754	0.0245348136274364
-0.392970158943277	0.222219534932444
-0.538909861593171	0.342100329610405
-0.424188204101458	0.325212889870617
-0.765272653406876	0.332629321268392
-3.08255415585823	0.963691003677911
0.152567656731362	0.0287430408348264
-1.16305429075171	0.651431133105286
-1.02914313042809	0.408292194963719
-1.71988322463224	1.44976600751555
-1.59451839496732	1.22569798621341
0.457600074208012	0.184388896678325
-0.718074667318621	0.246376120439738
-2.06401436108767	0.939809125258311
-1.27095128753598	0.572333958218654
-1.13482941234436	0.34340642829894
0.164346026904199	0.0490101668927593
-3.08209765998152	0.963916510480773
-0.219830527943583	0.0709760077984187
-1.2766802053091	0.575752407916329
-0.156137076935788	0.0558201688496721
0.156203958783437	0.0530790256711765
-0.628807341949763	0.15371861128279
0.149464413960118	0.0283283450696208
0.669009496945769	0.212302346826553
-2.57747759965585	0.66335545132302
-0.62503342749082	0.152907838403333
-0.629159511493121	0.153871316504896
-2.57747759965585	0.66335545132302
-0.627829060935039	0.153504607197422
-0.720801185410545	0.247515042606667
-1.81500400399229	0.739710597985082
-1.48381146477455	0.750044721804023
-0.720801185410545	0.247515042606667
0.825425367366759	0.347866059057456
0.822386078781447	0.346338733150108
-0.0959343163120595	0.0562902629116864
-0.515260306744374	0.194916268075376
0.389033713794273	0.175619080202431
0.540978845881334	0.194742692172549
0.798365662083572	0.480848835825377
0.90743426728729	0.490846307701987
2.35612711546572	1.18052339383798
-0.778463893787913	0.42331417860196
-0.663479722201222	0.463628661300128
-0.142801753920347	0.0511111283728562
-1.14009620739235	0.345227889980206
-0.515260306744374	0.194916268075376
0.343850668967186	0.192566534841794
-0.0527513876451211	0.0230331424896915
-0.179696337324737	0.0963919207335044
-0.178609865368598	0.0957304506690552
-0.604096834414727	0.28983366111868
-3.08255415585823	0.963691003677911
-0.637572077543607	0.155739174733076
-1.79827400712943	0.382942964938875
-2.57747759965585	0.66335545132302
-1.79835097978106	0.382953978270685
1.82792138819967	0.716884894355695
1.06338591920983	0.51456019585082
0.362212679704311	0.183201550375656
0.696851684035903	0.326735848657766
-0.34780711222598	0.100028606261835
1.95791760701363	0.441280139896969
0.166691919569473	0.0419536988970269
-0.720404519989633	0.247290988830991
0.166115371422727	0.0494833604091499
0.162330854953818	0.0484266272065399
1.95791760701363	0.441280139896969
1.46315334989252	0.91642192753732
-3.08164138813046	0.963767470359232
1.33681578405904	0.586406825513233
0.451561747851891	0.181798049341144
-1.51460691365039	0.539943633445175
-2.57775304544287	0.66318910114962
-0.636595009299526	0.155524812409654
-1.80197754639448	0.383903353697165
-1.13482941234436	0.34340642829894
0.153526628680235	0.0288819285189665
-2.5814875372856	0.665060440379843
-2.0703662383507	0.944040384379806
2.11822736872309	0.950292276417873
-1.16141321674325	0.650031364430144
0.620611944823316	0.326841438284962
-0.391198465872628	0.162770996428456
0.165594211957363	0.0493598676029419
0.446983181120893	0.179814814572325
0.455252730075833	0.183399401788306
-0.181758708676987	0.0975311410509048
-0.226263678479487	0.0729581836748718
-0.724793109289914	0.248887676452097
-2.06816075697255	0.942730672003646
-1.51754153600569	0.541527764023226
-1.09030851938765	0.746104583312572
0.141863117807114	0.0616054059514807
-0.303994948222162	0.139695489114178
-0.183839074097336	0.122584163369524
-0.0973320886544263	0.0571423413097174
0.0300248779244524	0.0165091890987467
0.86741984816485	0.643999507140733
-1.2715791538244	0.57266346760598
-3.46066411507937	1.23287376992561
0.153526628680235	0.0288819285189665
-2.57775304544287	0.66318910114962
-1.81937129385307	0.742146991690708
-2.57747759965585	0.66335545132302
0.825036663075892	0.347391648382587
-1.79827400712943	0.382942964938875
-3.08209765998152	0.963916510480773
0.948535538575274	0.252058145640786
-3.08255415585823	0.963691003677911
-0.143441247662737	0.0513552516582319
0.961075082800593	0.654764593866264
0.670977551868057	0.213013404742869
-0.6282908079904	0.153557595992093
-1.51330481624892	0.539630991333106
1.04455801006536	0.39678683304154
-0.214699527041316	0.0693626399041178
-1.13678833986081	0.344070782443639
1.95791760701363	0.441280139896969
1.33564829597022	0.58519037733844
3.63787278219551	1.43230843013536
0.696290438108489	0.326449871502926
0.677525804070498	0.21497907874542
-3.08209765998152	0.963916510480773
-2.577202278156	0.663064687208724
-1.79835097978106	0.382953978270685
0.152567656731362	0.0287430408348264
-1.80197754639448	0.383903353697165
-1.79827400712943	0.382942964938875
-0.628807341949763	0.15371861128279
-2.57747759965585	0.66335545132302
-3.08606373064433	0.965887782759055
-0.625500335572602	0.152962089117453
-2.58120409692147	0.664991486920107
-2.57747759965585	0.66335545132302
-1.79827400712943	0.382942964938875
-0.627829060935039	0.153504607197422
-3.08255415585823	0.963691003677911
-1.162998233615	0.651911262537202
-0.308097499076156	0.141715220191164
-0.341581022610314	0.0983147602836231
0.149620174394261	0.0509003948786302
-0.0917302405851672	0.036418796385065
0.155372593274282	0.0528040448022981
0.154169004929053	0.0668513325863638
0.826058603447256	0.34818473678636
1.57377549348615	0.782794549831031
0.351715630339451	0.197667645091764
-2.63580110717789	1.61762327478625
-0.519952717504097	0.196880719935875
-0.0527513876451211	0.0230331424896915
-0.115476079655856	0.0800235174126599
0.0793882862642111	0.051811656853587
0.192547758491062	0.138719652759015
-0.994458299896605	0.892231942816007
1.48055620223414	2.11715009617344
-0.540937886496949	0.343491393287439
-0.451279989201905	0.30005646305596
0.158643044393503	0.0769300639286323
-0.0883020860839491	0.0351141606720898
-1.27458834884304	0.574392686547494
-0.489800273965535	0.367180425025281
0.158334114706122	0.0687606016237021
-1.51084659522504	0.538498609405326
-0.627829060935039	0.153504607197422
-0.3875192389546	0.16125433231262
-3.08164138813046	0.963767470359232
-1.51299996807781	0.539299955595401
0.168958982800728	0.0502746287941419
-0.664799027461454	0.465189320669694
0.147432568030563	0.0566252442404548
0.400108980255719	0.181011258193719
0.152289864541204	0.0287035071443224
1.82316587137561	0.714400972353312
0.162479935061762	0.0485106492306684
0.532249310589414	0.191451139948052
0.155572557197279	0.052867342174464
-2.6281507992451	1.60809869560058
1.28680575753156	0.7118768630615
-0.515260306744374	0.194916268075376
0.160969730994387	0.0546270291122943
-0.601799568518197	0.288153076385921
-2.06506740789926	0.940280629174111
-1.13582369620544	0.343734699942405
-0.716346626154106	0.245810055243264
-0.627367542213354	0.153354696036073
0.153247518839476	0.0288421886814327
0.152567656731362	0.0287430408348264
0.171207721440545	0.0429238305772998
0.533359303411039	0.19180342761516
-1.13482941234436	0.34340642829894
-1.13482941234436	0.34340642829894
-2.577202278156	0.663064687208724
-2.577202278156	0.663064687208724
-0.641630482097987	0.380069566576095
-1.27626395926511	0.575339142684756
-0.302154666650255	0.138838114292047
-0.23434947196903	0.11726057356225
0.510237542642769	0.325419185509209
2.15433348515967	2.23810462334657
-0.220930959687204	0.0712971275167216
0.353327511396497	0.198536192185063
0.703146601876222	0.330393428520152
0.663893277700684	0.606202486612924
-0.666571907564034	0.466826465296219
-0.264412311408218	0.16550287699379
-0.300338448597807	0.137772275218941
-0.455741661693759	0.303671099674351
-0.920145636010998	0.675058130179712
-0.138442383117071	0.0496040168810717
0.157402307591701	0.047080036463379
-1.66501107587428	0.93922394193929
-0.236605375043897	0.118425685533852
-0.516303494683392	0.195262357700911
-0.489629423574514	0.367070522114058
0.715539056417153	0.472633124194655
2.15009381036152	2.2297391735624
0.806466307021245	0.487199981245779
5.00190998528533	3.60023726323172
0.669518316423249	0.481449348100395
-0.668344869129102	0.468306314383609
-0.766525629570485	0.333474662837274
-0.772979690482244	0.336808586975775
-2.577202278156	0.663064687208724
-2.07477990767957	0.946784087871086
-1.79827400712943	0.382942964938875
-1.13948670365002	0.344942610687521
0.166311360817904	0.0418484681801843
-0.629267545839357	0.153771215183604
2.75722496636877	0.770257049482932
3.26252567397545	1.12093560535381
-2.06466636020324	0.940256308265765
-1.13482941234436	0.34340642829894
-2.46424781972447	1.3706950548044
-1.49316422163496	0.756612747350262
0.678851289250749	0.215426557227367
1.82414885065892	0.714941399976917
2.36018537383003	1.18342705113188
0.151274573096637	0.0514384346007802
-1.66763690551666	0.941299324199867
-0.511940042194786	0.193536003564032
-1.79835097978106	0.382953978270685
-0.211147146065051	0.0682441817050335
-0.218074030224809	0.0704026851228337
-0.142440177804696	0.0509737826404277
-0.339133418750055	0.0976611246838527
0.160803134128977	0.0406203249121647
-1.02181759550244	0.404915960039854
-3.08209765998152	0.963916510480773
1.03588460853656	0.392629983312814
0.153526628680235	0.0288819285189665
-0.628807341949763	0.15371861128279
3.26152925911013	1.12000457960558
-3.08209765998152	0.963916510480773
-3.45598446335482	1.23025555319821
-3.08164138813046	0.963767470359232
0.537164857593467	0.193341885349058
-0.724270980279016	0.248747351366331
-0.973507913250205	0.480853849153146
-0.0173577122508678	0.00824199820857526
-0.789240343840023	0.430811139584905
-0.234715898438359	0.117329453309105
2.74654587452854	1.68425984638675
0.825231183436736	0.347733965292547
0.448143183675976	0.180297073220438
1.07164693809362	0.51966461625766
-0.6282908079904	0.153557595992093
0.451860015328675	0.181866942033698
-1.51819793872521	0.541803713077291
-0.764936954517293	0.33278036663707
-0.299347444066015	0.137340577512434
-0.606497199232145	0.290975924880477
-0.380177764588141	0.29835764558735
0.0311538881755129	0.0170951930943111
-0.764325448413719	0.332051662812837
0.958486282835724	0.65221434265149
-0.718527169744358	0.246584376429975
-1.08544139386495	0.742126079177071
-0.259871486309216	0.162421264457594
-1.81674514608551	1.65492205754214
0.297071338203295	0.234253506874554
-0.538835594273489	0.341995587162522
-1.79827400712943	0.382942964938875
-0.6282908079904	0.153557595992093
-1.52345223679324	0.544002420480053
3.26741012598786	1.1229997006765
-2.57775304544287	0.66318910114962
0.694680467931084	0.325509804917401
-2.57775304544287	0.66318910114962
-0.722104754812606	0.247977448104565
-1.02469648429794	0.406260196260825
0.161598530636796	0.0548314464506357
-1.01670064962607	0.402447644882223
-1.50954059367664	0.537955828816566
-1.79827400712943	0.382942964938875
0.40242639243899	0.182362856531279
-0.211147146065051	0.0682441817050335
-0.720404519989633	0.247290988830991
3.26640660082579	1.12286745021344
-0.627367542213354	0.153354696036073
-0.389315112410885	0.162019133328445
-0.397722204650406	0.225436893925285
0.365761776756049	0.185325043046891
-1.81367378419037	0.73893109819281
-1.81339137537901	0.738819242243621
-0.724270980279016	0.248747351366331
-3.08255415585823	0.963691003677911
-1.79827400712943	0.382942964938875
-0.625500335572602	0.152962089117453
-0.628347365301396	0.153568930486371
-1.79835097978106	0.382953978270685
-1.79835097978106	0.382953978270685
0.458419058509253	0.184754460876737
-0.769182441744131	0.334695855481558
-1.48747869119683	0.752986436506107
0.670649872073233	0.212844236167521
-0.514425029487373	0.194514818086122
0.412375139332775	0.187110003583339
1.79536752046566	1.00751588549575
-0.980525258763963	0.486039362431809
-0.389469565716189	0.220123777759824
0.16398311023751	0.0796660171202628
0.166132813234148	0.0807548512345113
-1.32232564247032	0.828941730530933
-1.02243193496015	0.405269729651974
-0.300316425376266	0.137917785896365
-0.516726487620638	0.195487204534031
-0.0948562442147589	0.0376480394954317
-0.573282480562394	0.557185150106319
0.0139250865817223	0.00698669519950752
0.483987911514971	0.332228072424557
0.0940374481334333	0.0643276712861779
0.903429156700108	0.927544553696441
-0.447592350763773	0.297092557039685
-0.178762181993714	0.0958851492411659
0.162216055669742	0.0484111379512858
-0.734134915594957	0.252354870329572
-1.13362027945245	0.342902172857624
-2.06180822043439	0.937910978925819
0.541205366526572	0.194788709077362
0.160489139338675	0.0479185611557889
-1.03123947690283	0.824823157093992
-1.32068068233865	0.826189851216967
-0.479426911299153	0.251383955632356
-1.13190405565215	0.342469779892572
-0.309281517859892	0.142278850182844
2.27915101996378	1.76992682953412
-0.789325367346618	0.431205631326814
0.533792789739045	0.192056407531968
0.674406994924976	0.214010177433492
-0.0166464635592769	0.0079270207030969
-0.717014216380814	0.24607192548599
-0.395233846078871	0.164875237695561
-1.16667565837399	0.654399225417638
-0.34437786413669	0.0991240395491601
-2.58120409692147	0.664991486920107
-1.02753049770938	0.407603964357704
0.166691919569473	0.0419536988970269
-3.08209765998152	0.963916510480773
0.149423323210191	0.050834864602947
-1.48972474766515	0.75454304726241
0.162479935061762	0.0485106492306684
-1.49798754211814	0.75985314624394
-0.151357735220451	0.0541400230435956
-1.83099645033824	1.15210596250102
-0.778596705623364	0.423706514313152
0.613512573671803	0.322329169208786
0.365553569541729	0.184922254900027
1.76944743716885	1.38264790351838
-1.26782842660809	0.570441623693441
0.14781315874971	0.0568141643153941
-0.305319115938652	0.140319581810855
-0.983396221165434	0.487551911514945
-1.15912761229326	0.647946866901507
-0.794334816404814	0.434398121480634
-0.763253894263622	0.331680843347779
-0.719465582528739	0.247026553935257
-0.566092166956068	0.411847681955149
-0.613948034460809	0.546066834625287
1.25536557377725	1.0689459311132
0.320495313804261	0.222186322368299
-2.577202278156	0.663064687208724
0.954654689620505	0.253537900292226
0.166691919569473	0.0419536988970269
0.67473928175237	0.214185038642858
0.673419805718654	0.213740169092851
-0.340780759226789	0.0980802617963696
-0.320945959725156	0.192526467195793
-0.208643974274063	0.0674370168217822
-0.0204939595022339	0.00967425199226906
0.153247518839476	0.0288421886814327
-0.941716263373261	0.576600028007625
-1.02247246926207	0.405088924708776
-1.66418905182525	0.938668903902254
-0.627367542213354	0.153354696036073
-3.08164138813046	0.963767470359232
-1.13849388307931	0.344614401149477
-2.5814875372856	0.665060440379843
-1.79827400712943	0.382942964938875
0.164346026904199	0.0490101668927593
0.947560352748164	0.251716891447637
3.6409027894866	1.43427384419709
0.697655145348232	0.327160782431752
0.162742974316792	0.0485792905021731
-0.343557529393447	0.098858556674811
-0.974472820600168	0.482046396659233
-1.48465000941191	0.750254071982769
-0.392890645811615	0.163726265183229
-0.0988790637706398	0.0392006323109598
0.616150741698683	0.324021375121558
0.801993410063086	0.483755283869909
-0.514001914291837	0.194387375528581
0.670319945898335	0.212719010726886
-0.0922429931852346	0.0366585321112953
0.673092310209553	0.213658316206257
0.16207239788399	0.0483767472480761
-1.51364953741781	0.539764698603452
-0.298999271853395	0.137289829714451
-1.02026869500549	0.40408181312214
-0.666355706512728	0.467026751746423
1.91907633405318	1.67043982793395
-0.388574756851164	0.219561972120144
-0.0973245287215162	0.0571411312069912
0.346444893311696	0.194316146735746
-1.32877363643352	0.834924638957473
-0.514001914291837	0.194387375528581
-0.0947206277841747	0.0555687040022404
-0.670184826557972	0.470152549806798
-0.0995464700007429	0.0584694563755593
-4.2191738397475	1.98346126780949
-1.79827400712943	0.382942964938875
-3.4565848348623	1.23040818352441
0.165097545701885	0.0415776969264477
-0.344210615318698	0.0990368506115311
-0.297321391465352	0.136459085089297
0.321141605010754	0.209760409362766
-0.941812058832472	0.576509667951008
-0.390383795253524	0.162477035260582
-0.0504442919763924	0.0220653569575298
-0.628807341949763	0.15371861128279
-0.220500707384611	0.0711541768422124
0.173326054820875	0.107132155024538
-0.143396196869431	0.0513133943799015
-0.724527840719668	0.248940035798255
0.352446386556632	0.19786403190609
0.00947989032351547	0.00479010378256468
-0.301678461212311	0.138432195605279
-0.519750069619239	0.196813590651588
-0.6282908079904	0.153557595992093
-1.26969626205909	0.571521770859234
0.828726099112738	0.349427492378278
-0.214063950112808	0.069118756813684
-1.02979915356097	0.408598197823507
1.27600189300623	0.703289758266458
-0.720801185410545	0.247515042606667
0.826885083784757	0.348595039349664
-0.301678461212311	0.138432195605279
0.964022737191745	0.65878595734656
-0.396380818521466	0.224596257835923
0.163413249256128	0.0487677019311828
-1.22101479744242	0.924030919849703
2.03269414158231	1.93363335398459
-1.32685420440003	0.832234655967269
-0.342890259454196	0.098642118615141
-0.390841780948598	0.162864950943953
-0.718074667318621	0.246376120439738
-1.83152257965272	1.15259010379683
0.165097545701885	0.0415776969264477
-1.4823828871594	0.748778318949788
-1.2754256868914	0.575104153105112
-0.215583462022983	0.0696521523969918
-0.768590564983652	0.334362174265325
-1.08670789413998	0.742094610538802
-1.49233227478679	0.756410136678202
-0.868900271383122	0.797056321287303
-0.144270259877465	0.0980362228766417
0.483255652860048	0.331655337033121
1.7862979815107	1.00017679976002
-0.318855101835065	0.190973381847514
-0.764348057314127	0.332483080084793
-0.627367542213354	0.153354696036073
0.949511917528176	0.252227362219882
-2.57775304544287	0.66318910114962
-0.979009073350107	0.484786914121384
0.698954674481218	0.327863974793786
0.336565324100461	0.205472192685524
-0.541373517345085	0.343812560311798
0.401380815292749	0.181699250042115
-0.344864025255158	0.0991853144395914
0.793684142895203	0.477584949671026
-0.98395085257884	0.487945557727819
-0.395199987072548	0.224042009325313
0.311113211022332	0.214792193705945
-1.08624797880064	0.741690924050984
-0.0903897050986908	0.0358959081084061
-3.75466048479637	1.48723142869904
-0.213407527517472	0.0689186426519193
-0.511519041389722	0.193429014825003
2.11848112309116	0.9502542327476
-3.08606373064433	0.965887782759055
-0.348139745002389	0.10015256573937
0.161139089918031	0.0481199615651925
-0.632939126134277	0.15468454480873
-1.27689152139331	0.575694447284378
-0.943703640481509	0.579083515429013
-1.02469648429794	0.406260196260825
-0.515466779883267	0.194997679323859
0.532249310589414	0.191451139948052
0.162742974316792	0.0485792905021731
-0.72013323546054	0.247288973526613
-0.144224610998782	0.0515954998895758
2.35878846447229	1.18271409533286
0.165704597093625	0.0417255219351786
1.82088681640191	0.71321423435862
-0.390129115227146	0.162381960557114
-2.57775304544287	0.66318910114962
-0.72013323546054	0.247288973526613
2.56397456782607	1.42570220790861
0.696851684035903	0.326735848657766
-1.46332294973254	1.01794719613354
-1.03744541954436	0.832218016754333
-0.96964636375629	0.478538568304145
-0.208667796819469	0.134587638134474
-0.257911383251957	0.160971319058526
-0.330432987951936	0.263024737676323
-0.206904251298486	0.133316138172648
-0.204246490468306	0.152916382690913
-0.310783718746577	0.143018037937504
-1.83249506082919	1.15464348735586
-2.11524022489499	1.62670383713992
-3.46476574581887	1.23479767067539
-1.80197754639448	0.383903353697165
0.150882619911791	0.0513268309948059
1.95706969381346	0.441073865263096
0.149464413960118	0.0283283450696208
0.151513479989601	0.0515213325333355
-1.27272029784914	0.573398795849966
0.515258573778224	0.329531007895081
-0.398622192234647	0.225898696908582
1.76823580885023	1.38126397338155
0.951331866170054	0.252756684317784
0.159014140561815	0.0772478358344828
-0.320468018545248	0.191961103623794
-1.03954451168537	0.833672139143577
-0.0877747885053944	0.0349096890477682
0.367276649497884	0.185908324298257
-0.176370999583952	0.0944813641399192
-0.788534420756677	0.522208780534266
-1.82677677412819	1.14795907154582
-1.79835097978106	0.382953978270685
-1.51330481624892	0.539630991333106
-1.13910410688242	0.344899734416028
-0.327970673952407	0.23241231707103
1.45377869768284	0.481973964249078
0.169884476269569	0.050532053807675
-1.13422470394875	0.343215945535417
3.26252567397545	1.12093560535381
0.166307199190119	0.0418280240782314
0.14861654309393	0.0571183089589071
-0.0200487288047491	0.00947233562651225
-1.13422470394875	0.343215945535417
0.513358974084145	0.328162365307686
-0.52980172539254	0.334746768892503
1.24681104044455	0.865075302732524
0.532908190209257	0.191706726261354
0.15868166261938	0.0538850546392354
-1.01515341728597	0.401605375015056
-0.386404316735073	0.160785514924726
-1.27095128753598	0.572333958218654
-0.759243170950049	0.329658545107515
-1.13521969998424	0.343544374381215
1.97022631631489	1.23500462205849
0.160738504231491	0.0479850328827505
-0.720508771513364	0.247389608463745
-0.215184417856504	0.0694920488130609
-0.393310956715783	0.222706372837949
-0.448991008630553	0.298022215575118
-0.453515109701407	0.30183193930729
-0.176134469996108	0.133868537364026
-0.265220463051647	0.19037374216344
-0.32157558034535	0.19292676248174
-1.27095128753598	0.572333958218654
-0.787565828943259	0.429930479599503
-1.01645966379821	0.402385802038174
-1.27689152139331	0.575694447284378
-0.720801185410545	0.247515042606667
-0.6282908079904	0.153557595992093
-1.02050867103886	0.404356899215527
0.394300745563332	0.178232456221431
0.152830907934869	0.0662551558130761
-0.657987262235661	0.459043721692037
-1.02050867103886	0.404356899215527
1.04765717830274	0.397896603571229
-1.81909546969486	0.741894858619222
-0.572387889780966	0.417617321712677
-0.944897441712722	0.579045320741444
-0.791003466659963	0.524579442160165
0.150882619911791	0.0513268309948059
1.07246466651492	0.52025153016617
0.552094808273761	0.321871607214484
-0.598293366468416	0.286373431144928
0.536280565569087	0.193004774479639
-1.022712746104	0.405179718951923
0.94807088907188	0.251931335472786
0.152289864541204	0.0287035071443224
-1.79827400712943	0.382942964938875
-3.08164138813046	0.963767470359232
-0.516437065645576	0.195440542054734
-0.351758442844764	0.101154571200253
-3.46005827230016	1.23260132520798
-2.06531862965062	0.940618742098066
-3.08118534013847	0.963229045953577
-0.305387713130473	0.140474064882678
0.158189710937977	0.0768101097617266
4.56191649343709	2.57332262063991
-3.4565848348623	1.23040818352441
0.533359303411039	0.19180342761516
-1.5126542472202	0.539316353407404
-1.2724223749879	0.572901819199514
-3.75466048479637	1.48723142869904
3.26352329858721	1.1213740078214
1.06501836014668	0.515705414017663
1.04304768303814	0.395953390308167
3.26352329858721	1.1213740078214
-0.525082284718947	0.198984525789772
1.03610681462668	0.392933684162
-0.0540971018971297	0.0236037103052549
-0.348139745002389	0.10015256573937
-0.210258805537791	0.0679543406762681
-0.627367542213354	0.153354696036073
-1.81937129385307	0.742146991690708
-0.147668894003962	0.0528350865223225
-0.94506097340944	0.579811080346305
-0.970337843228409	0.479137162112077
-0.0275759097104117	0.0128628004969016
-1.67204356374882	0.945330805086588
-0.37874182782249	0.296879823305235
-3.75940316744871	1.49041694177376
-2.57747759965585	0.66335545132302
-2.06685578335733	0.941486124189967
-0.514837284692919	0.194722873359673
-0.599637409626921	0.287138428430173
-0.0184265172769096	0.00873990188967861
-1.03280613295263	0.82597961190442
-0.873155603669764	0.803009224200311
-0.299849433371449	0.137576243113834
0.154405609260092	0.0524648874942541
-1.46062281393669	1.0155810592834
-0.479180693997877	0.251015482517765
-0.397046986776657	0.225100066695115
-0.980382180295135	0.485577017392583
-0.178469205448229	0.0956349161797301
0.0298898134479196	0.0164394865031326
-0.599924554013208	0.287231213747786
0.907503244374982	0.490757032385141
1.95706969381346	0.441073865263096
-1.01961453275747	0.403780235295886
-0.342569521377039	0.0986187132378211
-1.02205798388654	0.404922502702426
-1.26761330153312	0.570312266968185
-0.343223291761604	0.0987971723984263
-0.216468117878063	0.0699098638062388
0.455252730075833	0.183399401788306
1.07011816345358	0.518623420836751
-1.13362027945245	0.342902172857624
-0.446746958604812	0.296414600146592
0.691344524123389	0.323884505320307
1.82579336426267	0.71571883696401
2.12250492338731	0.952551982367785
0.159311548972865	0.0540967488137483
0.400386536427979	0.18113742719532
0.94807088907188	0.251931335472786
-0.629267545839357	0.153771215183604
1.33593369265101	0.585724024842606
-1.03091489329319	0.409127661825582
1.45377869768284	0.481973964249078
0.53313407482189	0.191800740808182
-0.717682103574582	0.246297668028488
-0.604624046603821	0.2901142271608
-0.171638438808738	0.0918487937951121
-0.535782185748817	0.339196371175004
-0.394129490852421	0.223150611048967
-0.302515588736306	0.138831168276516
-1.13971461971555	0.345009438584009
0.155417648332174	0.0527636266763568
0.153247518839476	0.0288421886814327
1.03894571331308	0.988346085607892
-0.645226763947724	0.382822274944374
-0.605118889317763	0.535888003702853
-0.917297731069162	0.671955994363289
0.173338268705216	0.0930215291854222
-0.330768623245267	0.234712440902042
-1.08496288897579	1.04252619829399
-0.09913222646377	0.0582235280797518
0.308847508575154	0.224562101027509
-1.83152257965272	1.15259010379683
0.365450196505278	0.184845289465166
0.162479935061762	0.0485106492306684
-2.57747759965585	0.66335545132302
-1.13582369620544	0.343734699942405
-0.213639314943098	0.0690063709749365
0.153317330149606	0.0588970866053136
1.25028559296596	0.86745230773695
-0.0891130379539154	0.0354263445785917
0.967113363963407	0.661729511818119
0.89459068810064	0.913990494666493
0.161546088205671	0.0482379354240544
1.58206298588034	0.788876750852252
-1.51330481624892	0.539630991333106
-0.342569521377039	0.0986187132378211
-1.26720229454899	0.570065067114721
0.451860015328675	0.181866942033698
1.04455801006536	0.39678683304154
0.665076092013553	0.211028905087732
0.152289864541204	0.0287035071443224
-3.45538437102149	1.2298802093729
-0.719737167086007	0.24696632136127
0.166311360817904	0.0418484681801843
-1.14070599952463	0.345337330024218
0.200704832797366	0.156240247928273
0.181846340493476	0.130220742982091
-3.75530690635197	1.48758661786965
-1.26906910252257	0.570970419048915
-0.343716239253643	0.0989197038205485
-0.143083504265613	0.0512551019499494
-1.4846353244679	0.75101081076005
-0.389731666810382	0.162386064219105
-2.577202278156	0.663064687208724
0.172010288528318	0.0996789165772019
-0.141974700101701	0.0508226116299135
-0.532766385346893	0.33704504000082
-0.222405456955455	0.110906905779862
-0.499975230464405	0.457371364597096
0.366241448531529	0.185594854023855
-0.0507062124477065	0.0221802911559875
0.156321977802616	0.067817298544639
-0.175751920667521	0.116787945274063
0.32217546462322	0.223598641545753
-2.77603843899199	1.87058325757763
-0.391180867682551	0.221079906725918
-0.215995398187541	0.162745880518692
0.0505737765316152	0.0296826049451478
0.00539246443889505	0.00282473573510822
-0.0546503308644821	0.0238509755552916
0.167299398578488	0.0420768316112512
-0.516933647184975	0.195517224842632
0.163386406136861	0.0411852790230607
-0.719194825953782	0.246846541949292
-2.06881364971599	0.9431380459589
0.164320248851422	0.0880546136972319
-0.137954130882907	0.0779741476463733
1.00681042349398	0.830729071654338
0.661526702575494	0.473886767756574
0.182171226470756	0.112946461037152
-0.381620668983935	0.158651101890206
0.536280565569087	0.193004774479639
1.45415502686182	0.482281800899209
2.75349844687128	0.768381126605175
-0.725197552734606	0.249186509576262
-0.0972523012820933	0.0385785712498312
0.163386406136861	0.0411852790230607
-0.627367542213354	0.153354696036073
-0.213639314943098	0.0690063709749365
-0.628807341949763	0.15371861128279
-0.344210615318698	0.0990368506115311
-0.719465582528739	0.247026553935257
-0.342569521377039	0.0986187132378211
-0.628807341949763	0.15371861128279
-0.98889017921393	0.490778007288388
-1.13521969998424	0.343544374381215
-0.57098169858111	0.416341203511573
0.519948505179968	0.332977532535168
-0.490934016462937	0.258394920951907
0.179321505843614	0.104371387082925
0.803147907601738	0.640485798812994
-0.966427916426782	0.949928028896071
-0.101329747167113	0.0595515434007642
-0.393196003517804	0.222754186988295
-1.21497930856662	0.917035430787451
-1.02986393971055	0.822407507369934
1.00007921299571	1.10203507925615
-0.690887725223569	0.605360132738716
0.529932665540762	0.461173414562695
0.00181458624654049	0.00107224296170947
0.53188347409556	0.463554908166254
-0.597247639391902	0.285880056810297
-0.884452014958842	0.734079506628666
-0.450796451983585	0.299462344054438
-0.880172705605631	0.812166707049403
-1.03224930849263	0.82606327231383
-0.635831246455307	0.3755268799319
0.932243848360262	0.817807164360316
-0.644726647180665	0.382063876437162
-0.60491353971316	0.290239302747195
-0.299012412106593	0.137188243727459
-0.129753481676412	0.0732123844243718
-0.265739337576407	0.16650356092241
0.0267503519148059	0.0147448660474281
-0.516907088379913	0.426912478155284
-0.240481240592683	0.177403495942437
-0.609126171013614	0.292495471640062
-0.726132227916529	0.249449469641422
-0.627829060935039	0.153504607197422
0.152567656731362	0.0287430408348264
-1.13971461971555	0.345009438584009
1.78357038109767	0.997518612286179
0.531842803938449	0.191317098366628
-3.46066411507937	1.23287376992561
1.45415502686182	0.482281800899209
-2.57747759965585	0.66335545132302
-3.08652986879455	0.965774290031657
-2.58120409692147	0.664991486920107
0.537164857593467	0.193341885349058
-1.81937129385307	0.742146991690708
-0.339790488243606	0.0978106518099645
-1.67204356374882	0.945330805086588
-1.51442679709979	0.540163579778039
-0.980130619336527	1.46400688045409
-1.22095520838457	1.57859607766412
-0.142207514098902	0.0509041851864348
-0.721435304125973	0.247731476182057
0.9202307610424	0.80345607788964
-0.424702437779084	0.325818894254004
-0.43941451355418	0.40287361840804
-0.560216107068019	0.785827061920763
-0.362998841441647	0.311948706425938
-0.174575274921824	0.115916115946055
-1.46292489103827	1.01788784322489
-0.470035279725535	0.396982255986711
-1.81472218726632	0.739418880999967
0.15868166261938	0.0538850546392354
-0.723858427247846	0.248624788373591
-0.516096514132394	0.19525236723075
-0.367109069934063	0.316280109004635
-0.286770427789443	0.230698650499174
0.0687415743341078	0.042710597403127
0.116603174044645	0.0865196492420105
-0.230435875919009	0.115228934580703
-0.0540112208615622	0.0235784810645738
0.396351227744078	0.179241432084369
-0.138442383117071	0.0496040168810717
-0.650469707764979	0.746789937039359
0.474609652961341	0.453216656550928
-0.175467205721399	0.116484895812792
-0.0184731234208657	0.011810346127806
0.0552826581209737	0.0324392353325597
-1.44752811547758	1.29932065689192
-0.174312183813793	0.0933142402453554
-0.0980362901112143	0.0693101553678098
-0.627367542213354	0.153354696036073
-3.45598446335482	1.23025555319821
-1.79827400712943	0.382942964938875
-1.79827400712943	0.382942964938875
-1.13129699285405	0.342278739405472
-1.79835097978106	0.382953978270685
0.155986207086685	0.0292416787556187
3.26352329858721	1.1213740078214
-2.57747759965585	0.66335545132302
-2.5814875372856	0.665060440379843
-3.08209765998152	0.963916510480773
-1.46600917869136	1.02069677225682
-0.974027707007284	0.481188924144763
-0.730327515563939	0.2510045661779
-3.75875127852753	1.48993252551164
0.152567656731362	0.0287430408348264
-1.79835097978106	0.382953978270685
0.0713063501302398	0.0573610546227429
-0.925276627092838	1.0443998964505
0.685282662755699	0.320515332751007
-0.766933204753768	0.333682664077871
0.60458831875877	0.588485901125241
0.598273228522073	0.580253107744832
-0.0740609262536867	0.0724425583317131
0.0715776366872278	0.0725482363975748
-0.0464689490447802	0.0343402939952361
0.0407976331252997	0.0240014170433617
-0.126075936297742	0.109506681288146
-0.359116478550546	0.334584660597999
-1.47508636144184	1.03201120614981
0.445343832301428	0.179072239658324
-0.0180459657516175	0.0134864112929461
-0.232554903064497	0.11627506251452
-1.17495794404171	1.20408259798978
-1.02074928234359	0.404273099261885
-0.782139742540157	0.425534940731382
-0.209691290832334	0.175959889348762
-0.522180299335736	0.582011803947866
0.208844898414675	0.188703737590809
-0.18872289936984	0.187223903020776
0.0463270963634393	0.0338304475510089
-0.708621489598764	0.852244845737103
-0.235124444694221	0.117519309893651
-0.289741902963448	0.233412944889545
0.490944422212823	0.338310132136334
1.28107795691223	0.707905162126171
0.517793374018654	0.331107971263403
0.574364837337918	0.754755859739485
0.565597424771578	0.738884700299591
0.17703878839752	0.102943973193105
0.0431797999537434	0.0376885342470465
-0.606995172495375	0.538193216393194
0.159014140561815	0.0772478358344828
-0.544703185891069	0.490063962831413
0.328763632984169	0.359139386507125
-2.57747759965585	0.66335545132302
-1.79827400712943	0.382942964938875
-1.79827400712943	0.382942964938875
-1.79835097978106	0.382953978270685
-1.80197754639448	0.383903353697165
-1.79827400712943	0.382942964938875
-2.57747759965585	0.66335545132302
0.15626975600377	0.0292821097759299
-1.79835097978106	0.382953978270685
-1.80197754639448	0.383903353697165
-1.79827400712943	0.382942964938875
-1.79835097978106	0.382953978270685
-1.79835097978106	0.382953978270685
-0.189133367269205	0.101694804539211
-0.612904365768683	0.544788390584203
-1.0853691674788	0.740843517751874
-1.79835097978106	0.382953978270685
0.166084152255821	0.0418055330790301
-1.13521969998424	0.343544374381215
0.674079709901257	0.214036050556618
-1.26573615989055	0.569176208845945
-0.228996562790058	0.0738470204408651
-0.181337311011807	0.120792292147382
0.0557683863877526	0.042179441079932
-1.48440303491383	0.750386682136879
0.826252270975154	0.34827642903147
1.911286414409	1.65827466650065
0.665700060789567	0.477737788959362
-1.34469970772044	1.8924423914744
-0.687844576326915	0.883862495010815
-0.68204133354709	0.541455623347219
-0.773929838334385	0.591516551081025
-0.381610411128209	0.299750491111163
-3.45538437102149	1.2298802093729
0.455025575438864	0.183293312831413
0.0574984324403354	0.0447562651471148
-1.83679316925543	1.15799068383054
-0.781721529430847	0.425958046378299
0.0788440050742485	0.0514723179013546
-0.0517904239380083	0.0226220963955103
-0.609070218903112	0.292648778966887
-0.27457593604079	0.198203664631902
-0.206540267183044	0.154861095115874
0.196861660896466	0.142130331448422
0.995057761074269	1.09334717428477
0.443633275862781	0.340265607680568
-0.500060641622554	0.457470525799826
-1.25283111618865	1.35703203814176
-1.26969626205909	0.571521770859234
0.16659301543248	0.0809914870855777
-1.08544139386495	0.742126079177071
-0.470846803695612	0.46362101393943
0.198566808823763	0.154415400250661
0.815526787345858	0.888862885125301
0.0465325722038843	0.0360523759820914
0.409390588002512	0.324371279648422
0.847086105508256	0.771639475672444
0.0487792254371804	0.0286162793053479
-1.02390504476416	1.33492509286467
0.531183635792365	0.191017735991031
-1.80197754639448	0.383903353697165
-0.627829060935039	0.153504607197422
-0.629267545839357	0.153771215183604
3.26252567397545	1.12093560535381
-1.79835097978106	0.382953978270685
-3.08164138813046	0.963767470359232
-1.13521969998424	0.343544374381215
-2.57747759965585	0.66335545132302
-0.631960666018702	0.15447017218279
-0.632432130022522	0.154575713959717
-0.628807341949763	0.15371861128279
-2.577202278156	0.663064687208724
-0.763253894263622	0.331680843347779
-0.343223291761604	0.0987971723984263
-0.948720417011924	0.582634591571009
-0.348465736253515	0.100232718134072
0.155893241953084	0.0529533350331059
-0.629267545839357	0.153771215183604
-0.218731141682158	0.0706258973624141
-0.627367542213354	0.153354696036073
-2.57747759965585	0.66335545132302
-0.138567297271063	0.0496418034222755
-0.515683537884829	0.194946036410672
-1.03822812161628	0.832312969500746
-0.763846520547542	0.331965855437583
0.162546261832453	0.0790300588736396
-0.646569201725525	0.383769498938194
0.394021941179025	0.17808674998791
0.3043696624234	0.230945544317607
0.870020444552605	0.647960252009964
-0.60244828907897	0.491684070553807
0.170046713355455	0.0912395929377289
-0.691866658079316	0.654959795814463
-1.051493998379	1.09863993351366
-0.609155027953846	0.540476767444942
-1.32002432781483	0.826111742106854
-1.44520885358923	1.29580597575262
1.57643819685999	0.785371966119765
-1.33488441661106	1.10424652382649
-0.179198670904138	0.0961212160464711
-0.320366195208311	0.191879697640075
1.08984756158827	0.672153265020372
-0.596288203153399	0.485740020930813
-1.51364953741781	0.539764698603452
-0.231676952883482	0.115777491635734
-1.47692061998786	1.03369300111802
0.344870623256584	0.193405018563084
-1.71515478168353	1.44283447729423
-0.535912030888103	0.339634400955455
-1.03058142955598	0.822928529891897
-1.59939616561275	1.22984600118044
0.172905307251725	0.100243858829478
-0.671008794999784	0.529690011869433
-1.09148383376734	1.05208153593424
0.156670673798736	0.0679320506836145
-0.892582056301441	0.743298645547536
-0.0687623464633961	0.0417397030976374
-0.664245666055644	0.464462318638882
-0.182944359491632	0.0982312556064689
-0.211147146065051	0.0682441817050335
0.161139089918031	0.0481199615651925
-3.76070790407613	1.49051469992087
-0.633409029549556	0.154789771896201
-1.79827400712943	0.382942964938875
-0.628807341949763	0.15371861128279
-1.79827400712943	0.382942964938875
-1.79827400712943	0.382942964938875
-1.13461598703551	0.343230613786831
-0.391907778202739	0.16328129720424
-1.13849388307931	0.344614401149477
-1.51494963266618	0.540305848955056
0.949511917528176	0.252227362219882
0.15626975600377	0.0292821097759299
0.94807088907188	0.251931335472786
-0.339133418750055	0.0976611246838527
-0.343877386805142	0.0989458655028747
-1.14500748998934	0.34676210015847
0.154095798731523	0.0461052015890551
0.152289864541204	0.0287035071443224
-0.786570531945675	0.429262106846232
0.552706552172332	0.463084446520658
1.96844235586798	1.23390668075905
0.822575397223658	0.346486897413489
0.364416116500449	0.184524612037396
-1.95960700132478	2.49545657359744
1.77362759499006	1.82072916445213
1.11231398269529	0.851459921885839
0.0810194183674237	0.0551446754908426
-0.601732318683176	0.28861908434204
-0.560789911855304	0.406969153176287
-0.389731666810382	0.162386064219105
1.57954391882248	0.787716824587837
1.07164693809362	0.51966461625766
0.694923768942287	0.325653810863872
-0.34237211528094	0.274231504309356
0.369098387830601	0.187038528267993
0.366561746586423	0.185803114161507
1.08934444208208	0.671733111930386
0.165187684093923	0.0492379178847392
-0.954400652512124	0.93306810744854
-0.772390297871875	0.336530248145508
-0.233056266706023	0.116609693357052
-0.0916041402645442	0.0536688961294187
-0.341581022610314	0.0983147602836231
-2.06376292263444	0.939652168969582
0.921547307670038	0.804979765416406
0.403775279342115	0.182904842307936
-0.146749100830172	0.0998762478689615
-1.33991753410186	1.53773019303276
0.965868389134848	0.65972973374874
-0.278998285077431	0.201824806337427
1.13130013155422	1.0248270009479
0.156203958783437	0.0530790256711765
-0.782258098123356	0.517100942778586
1.25005236628608	1.0628640626487
-2.577202278156	0.663064687208724
0.155986207086685	0.0292416787556187
-1.79835097978106	0.382953978270685
-1.13521969998424	0.343544374381215
-1.1434022229194	0.346229899812888
-1.79835097978106	0.382953978270685
0.152567656731362	0.0287430408348264
0.153247518839476	0.0288421886814327
-1.80197754639448	0.383903353697165
0.152289864541204	0.0287035071443224
-0.629267545839357	0.153771215183604
-3.08559782341753	0.965445184573826
2.75446121880292	0.769079402442662
-0.726802235324399	0.249630182049429
0.153247518839476	0.0288421886814327
-3.46005827230016	1.23260132520798
0.796498572624661	0.634051263516778
-0.235684222738266	0.117930027313992
1.96979851557984	1.23465871195798
0.53313407482189	0.191800740808182
-0.389824029514932	0.1622220446978
-0.100839882241001	0.0592422070377764
-1.14135138930349	0.989687485575754
-0.00185042059550473	0.00124821030041302
0.320383969888631	0.222178848931984
-1.09172795371532	0.747823906141879
-0.601705148987421	0.288496504156287
-0.59840028613887	0.487780858857099
0.400639531299599	0.181254630717297
-0.763253894263622	0.331680843347779
0.331392761482875	0.201961810615482
0.165858197331239	0.049441036827577
-0.143083504265613	0.0512551019499494
0.350373760859273	0.196840793870611
-0.778279059866966	0.728880865281859
-0.7918934736901	0.525259653162864
0.549482356543203	0.319865251245066
0.183045867957133	0.106585122536648
0.334282793819603	0.20386557713959
-0.240169125322611	0.120343346071108
-0.768705989684847	0.334579180836752
-0.39344763955652	0.163974754883059
-0.497454412828551	0.374301099925704
-0.270124833716486	0.16957635558126
0.0508167729633274	0.0298239025746447
-0.332809127371078	0.236247613604907
-0.64436488469271	0.381993192630919
-0.0143182272136525	0.00685773377023399
-0.0891130379539154	0.0354263445785917
0.870900838978089	0.648944064504342
-0.381208562774753	0.262031180487254
-0.322920893964813	0.193883423142641
0.517177862031434	0.330656644548629
0.325647158153739	0.213138407700909
-1.24162339444844	1.15979681014115
-0.769774518033546	0.334995267894291
1.09681124946267	0.677235621334401
-1.79835097978106	0.382953978270685
-0.627367542213354	0.153354696036073
-0.717859810282598	0.246260199746537
-0.348139745002389	0.10015256573937
-1.79827400712943	0.382942964938875
1.95706969381346	0.441073865263096
-2.5814875372856	0.665060440379843
-1.79827400712943	0.382942964938875
-1.13521969998424	0.343544374381215
0.153247518839476	0.0288421886814327
0.162400863971746	0.0409830958055786
-2.57747759965585	0.66335545132302
0.152289864541204	0.0287035071443224
-0.628807341949763	0.15371861128279
-1.13971461971555	0.345009438584009
-0.62503342749082	0.152907838403333
0.168287851014599	0.0422797449011708
1.45868047865843	0.484047550536175
-0.629267545839357	0.153771215183604
-0.627829060935039	0.153504607197422
-0.347480099168433	0.0999933239977275
0.833305179544	0.351716155875279
-0.512774894780034	0.193916140778872
0.329151320132747	0.215710140558043
-1.31784110226791	0.824533593844972
-0.3875192389546	0.16125433231262
0.16061705718604	0.0616461052533966
0.121006340941791	0.090007875552586
-0.289832801137081	0.253833335254003
-0.170385657765015	0.146217486608264
-0.172462037141454	0.130807184907004
-0.643769490993039	0.380999208299761
-0.400653125751387	0.227413556043812
1.96820918919717	1.23299346818242
0.450669254708217	0.18134583956387
-0.643308143281019	0.380689655918207
-0.330321852921623	0.234367001682171
-0.452040182287162	0.300900137725152
-0.484822059430218	0.254456466048813
-0.219520484647655	0.142312867062203
1.03317343922623	0.980273801823927
0.0231512345920246	0.0162791615602256
0.32425575338634	0.212010168629407
-1.84070303774883	1.16218140311085
-0.532592189010007	0.33704028338798
-0.764086062426498	0.332088631279259
-0.380568249818595	0.298697989924414
-0.919569496650848	1.03498255972835
-1.33340101887775	1.32853224142251
0.0126986509757338	0.00856751809454226
0.615482846358088	0.468641285942122
-1.4708078501314	1.02623946956439
-0.593630696622396	0.482925865733753
-0.050925904363687	0.0222540355088293
-1.16275930294306	0.651260975396066
-0.393989088768612	0.223269065676499
-1.20631436552655	1.40734987613677
0.177748220144738	0.110036575958244
0.201869776938528	0.151813797319542
-0.771908604889181	0.777325905607585
0.443142017740154	0.33980975208401
-0.786719855905986	0.429401204513787
0.330100613252864	0.216484864749722
0.840379452762791	0.882190277242044
0.825425367366759	0.347866059057456
0.149464413960118	0.0283283450696208
0.152567656731362	0.0287430408348264
0.153526628680235	0.0288819285189665
0.678851289250749	0.215426557227367
-2.57747759965585	0.66335545132302
-0.62503342749082	0.152907838403333
-3.45538437102149	1.2298802093729
1.45575253921811	0.48289648887464
-1.79835097978106	0.382953978270685
0.821564142670722	0.345931638957748
0.153526628680235	0.0288819285189665
0.167299398578488	0.0420768316112512
0.153526628680235	0.0288819285189665
-0.721435304125973	0.247731476182057
-1.51330481624892	0.539630991333106
-0.340124379015428	0.0979309335927298
-1.79827400712943	0.382942964938875
0.153526628680235	0.0288819285189665
0.826252270975154	0.34827642903147
1.95791760701363	0.441280139896969
0.16707117146508	0.0420080923591852
-0.6282908079904	0.153557595992093
-2.57775304544287	0.66318910114962
2.7554263517449	0.769222911089782
-2.57775304544287	0.66318910114962
0.153526628680235	0.0288819285189665
-0.392890645811615	0.163726265183229
-0.343223291761604	0.0987971723984263
0.155986207086685	0.0292416787556187
0.948535538575274	0.252058145640786
-0.625500335572602	0.152962089117453
2.75349844687128	0.768381126605175
-0.632939126134277	0.15468454480873
-1.48546903151094	0.751525787664812
-0.221158427899559	0.071360347088866
-0.0505384940254486	0.0221038860672313
-0.0679045653296979	0.041213390210918
-0.185035792756259	0.0993605696935306
-0.303123121368777	0.13934478600169
0.0120664663121667	0.00608759302919912
-0.297007149505279	0.136191587569544
0.796873351554625	0.63442850450563
0.901693984968936	0.487160745741421
0.719160971653547	0.476695923876758
-2.62878485547755	1.61087373257549
-0.790805204572834	0.524802636921637
1.00696225662201	0.831253951963964
0.347789619627017	0.19513610231613
1.96450414789123	1.22918486205279
-0.970200581102144	0.478711542731108
0.312833710596824	0.216270660277792
-1.27991532525882	0.577621762450699
1.35261637640412	1.43632656464235
-0.387774906301557	0.161327610899125
-0.174625800119349	0.0935165830384777
-0.486776473537787	0.25588967394822
-2.62787588816502	1.60791529874711
0.399053532185934	0.1806788196106
-0.914086987201396	0.66833462314955
0.156405419701574	0.0600373427044117
-2.27887948482784	1.15170662785536
-0.877118210079431	0.808212676485426
0.0306223702334696	0.0168734449740044
0.0108302247870007	0.0054813546987494
-0.0269167366892582	0.0126026427533066
-0.301005765971263	0.138064788402368
0.963561704630021	0.658298952747263
0.805129622127351	0.486186448031887
-0.320026158700762	0.19193395594294
-0.373349962567955	0.255738290704075
-0.0238637638711946	0.0112039240358871
-0.598847946383956	0.28689056635019
0.461794933698288	0.336590179809109
-1.21971901397599	0.922948134664692
-0.0188746831339795	0.00894346353994263
2.1641900526207	2.89282921775339
-2.57775304544287	0.66318910114962
2.75446121880292	0.769079402442662
-3.08118534013847	0.963229045953577
0.952312839774606	0.25302018984475
0.951841444348566	0.252891357699991
-2.577202278156	0.663064687208724
-2.58120409692147	0.664991486920107
-0.629636196854164	0.153977935518255
-1.51429942551804	0.540079204882619
0.152289864541204	0.0287035071443224
0.94807088907188	0.251931335472786
-1.13642797594247	0.343807560451606
0.152567656731362	0.0287430408348264
-0.62503342749082	0.152907838403333
-0.633409029549556	0.154789771896201
-4.00264517130229	1.73724766439162
1.45184554016218	0.48122826717761
0.153526628680235	0.0288819285189665
3.26252567397545	1.12093560535381
-0.629267545839357	0.153771215183604
1.95706969381346	0.441073865263096
0.947560352748164	0.251716891447637
0.165858197331239	0.049441036827577
1.82989641162675	0.717636239108384
-0.219162153290995	0.0707239388479978
0.153247518839476	0.0288421886814327
-0.6282908079904	0.153557595992093
-1.27179409224048	0.572572110528683
1.04144562491045	0.395430985542635
-2.5814875372856	0.665060440379843
1.57498008824982	0.784057241786079
2.75722496636877	0.770257049482932
0.170216206297202	0.0427061060191571
-0.780134415428681	0.424078388589058
-0.319316367939143	0.191413399366041
-0.420580555803387	0.360282997302291
0.0332816335087747	0.0242346659990878
-0.885133984880299	0.734592292064
-0.872657765412293	0.801561893815135
-0.265870642146984	0.2357953375073
-0.449703034232462	0.375392562628204
-0.0960135262582287	0.0563475023940655
-0.142840405590347	0.080828112677994
0.828130476180842	0.349220445770164
1.81892370521347	0.712261250406347
-0.135861044175959	0.0487010047272875
-0.290516311568	0.234268570879401
1.2553920730584	0.873482363092447
-1.08995197941556	0.746609093228689
0.626623085049018	0.479456779117825
0.365215845876184	0.185064200905404
0.485352321514107	0.333323140084424
-0.206445198839003	0.0667577375028494
0.951331866170054	0.252756684317784
1.09267262015175	0.673981135771002
-0.0544799652702283	0.0237648388470658
-0.377834460569591	0.25924035248358
-0.300815787053256	0.138179061037765
-1.25842048395568	1.3656114338802
0.196073225412946	0.12926328829073
-0.0506255049884611	0.0315613297716353
0.0645225386762282	0.0503929149709159
0.084097744548409	0.0549618519065844
-0.201204661217201	0.150395924782118
0.187778403169601	0.129317476467931
0.152786759409674	0.0741381544640491
0.716874577638262	0.473884648258251
0.165449549018798	0.0885546489525745
0.556951659136863	0.325403976888488
1.04200513265842	0.992765300024413
0.163413249256128	0.0487677019311828
-0.183349442893117	0.122224189928418
-0.784906639546139	0.902094838177042
-0.20505865201245	0.153580211972825
0.799055932196571	0.759125434965976
0.440878761532858	0.3377306383286
1.71146140197653	2.32504983741207
0.759178465740088	0.747259262863202
-0.283630229584682	0.205751525517483
0.106863084966999	0.0762763625321797
0.15626975600377	0.0292821097759299
0.153526628680235	0.0288819285189665
-0.627829060935039	0.153504607197422
0.152289864541204	0.0287035071443224
0.152567656731362	0.0287430408348264
-1.81500400399229	0.739710597985082
-0.625500335572602	0.152962089117453
-2.57775304544287	0.66318910114962
0.15626975600377	0.0292821097759299
0.149464413960118	0.0283283450696208
-0.632432130022522	0.154575713959717
0.153526628680235	0.0288819285189665
-1.79835097978106	0.382953978270685
-0.625500335572602	0.152962089117453
0.152289864541204	0.0287035071443224
1.95791760701363	0.441280139896969
0.152289864541204	0.0287035071443224
-1.79835097978106	0.382953978270685
0.152289864541204	0.0287035071443224
-1.79835097978106	0.382953978270685
-1.79835097978106	0.382953978270685
-2.577202278156	0.663064687208724
0.947560352748164	0.251716891447637
-2.57747759965585	0.66335545132302
0.160875819484411	0.0480497781693361
-1.13362027945245	0.342902172857624
-3.08209765998152	0.963916510480773
-1.26969626205909	0.571521770859234
-0.216073906032278	0.0697456994821053
0.155986207086685	0.0292416787556187
0.208136291622824	0.168061407428986
-0.357365232566236	0.423185688084615
-0.181282079983636	0.153190729958332
-0.526660306026658	0.613555123562214
-0.245989727845774	0.258540842599916
0.372476565664372	0.338288764698111
-0.919428110714981	1.10372819862404
1.24959448779389	1.23246904462266
-0.643260097231672	0.380555287201501
0.153317330149606	0.0588970866053136
-1.02092313128645	0.404338747251237
-0.393701773942777	0.164088841030077
-0.500654308423704	0.588691003734046
-1.21792295622985	0.921287258397118
-0.0487144694234299	0.021333046821574
0.176409077610387	0.115344683415417
-0.266158128870738	0.166798097740499
-0.121984633929237	0.115297294725981
-0.457125829801575	0.30476545495404
0.444748898940011	0.178813466023454
0.613838303678959	0.322548332275997
-0.991866428780299	0.492911478083961
0.0456232701847654	0.0267839843938621
0.873284673587837	0.65070462042872
-0.942552901703477	0.9976100972115
0.426789062264304	0.34135693361185
-0.411258991471409	0.432155224293959
-0.650774359630117	0.710828016318939
-0.717051798368892	0.867923562649729
-1.18326842866344	1.61082259943012
-0.369835134426929	0.319151574357209
0.118166628385198	0.0877530650240379
-0.315993543671403	0.189182540284855
0.17742254180704	0.103080175697444
0.334715629415846	0.204380219903338
0.738425828333113	0.618360975201929
0.395119811731135	0.178778982162575
-0.392873220777312	0.222484756450171
-0.293441096422954	0.257597801945264
-0.418605988076636	0.442110605279367
0.553513150427087	0.463942124063878
0.574124253154512	0.754298865920893
-0.110876612047073	0.0766213590474903
-0.684679722326201	0.544091913533303
-1.1896008379095	1.22606168347009
0.461198549709786	0.669074532839983
-2.577202278156	0.663064687208724
-2.577202278156	0.663064687208724
-2.58120409692147	0.664991486920107
-2.577202278156	0.663064687208724
1.95791760701363	0.441280139896969
-2.57747759965585	0.66335545132302
0.152289864541204	0.0287035071443224
-1.80197754639448	0.383903353697165
0.153526628680235	0.0288819285189665
-1.13849388307931	0.344614401149477
-1.79835097978106	0.382953978270685
-0.632939126134277	0.15468454480873
0.153526628680235	0.0288819285189665
1.95706969381346	0.441073865263096
1.96040941896093	0.441936123238363
-2.577202278156	0.663064687208724
1.45316902836548	0.481724936898338
0.947560352748164	0.251716891447637
0.152567656731362	0.0287430408348264
-1.79835097978106	0.382953978270685
0.152289864541204	0.0287035071443224
-0.141381032056214	0.0506159875060989
-0.22988225664039	0.114851320463469
-0.509028006538596	0.192341286647212
-0.341581022610314	0.0983147602836231
-1.31734206373511	0.824154785431626
-0.135037306660327	0.0484283181059566
0.534451222825175	0.192245698269146
-0.772626639313122	0.336616262280627
-1.02469648429794	0.406260196260825
1.33260025719858	0.583995919548712
0.0257020524480348	0.0142127679517795
-1.45783936961254	1.01257661121357
-0.893311597666924	0.744679666934832
-0.0223553359128894	0.0104984461178616
-0.433304803957727	0.333791094706658
-0.788197577574716	0.677461873488619
-0.890268215033774	0.740026939429738
0.480059577896756	0.329296373057813
-0.651914211953401	0.712248155510638
0.187043446513078	0.116213408002774
1.11173133897699	0.849982811364927
0.149686891957537	0.0726226956049432
-1.21851197121683	0.920732803647631
1.03756540237307	1.34272318840408
-0.450373173026961	0.29914388433122
0.317070230058042	0.231383395034491
-0.942319853229941	0.997032272976204
-0.281018883544172	0.203557995304856
0.806171084236499	0.768201035498161
-1.33312458935485	0.83911471365497
0.15672984402438	0.0468820705997684
-0.212751382654507	0.068709601722853
0.167456389266164	0.0498754746523784
1.46559232254736	0.918262583983254
0.16207239788399	0.0483767472480761
0.696892239033957	0.327048331088884
-0.0223637465183267	0.0105345816723126
0.686084555046484	0.320994475818362
-0.387880542470244	0.219273882052084
-0.514208028381154	0.194408794277539
-1.08942627262229	0.745419860439091
-0.382041108607288	0.215361120789008
0.0130900727259791	0.00659688855934348
-0.65277809878081	0.388151022600679
0.560472022607451	0.327898753348257
-0.232498373348752	0.116161226241417
0.745523742466149	0.626106084620793
0.804069354750447	0.765403425200268
0.178647872717636	0.116856411943867
0.160764296833873	0.0781221901252004
0.390259211983258	0.333514238723712
1.4539877902915	0.907215534790956
0.444522954364434	0.178652908942434
0.665076092013553	0.211028905087732
-0.34437786413669	0.0991240395491601
3.63887061794827	1.43264022652771
0.668840989017682	0.212209123194429
-0.522044003808066	0.197655299296464
-0.632939126134277	0.15468454480873
2.75446121880292	0.769079402442662
-0.629267545839357	0.153771215183604
-0.629159511493121	0.153871316504896
-1.81937129385307	0.742146991690708
-1.13422470394875	0.343215945535417
-0.628347365301396	0.153568930486371
-1.13190405565215	0.342469779892572
-2.57775304544287	0.66318910114962
-1.51429942551804	0.540079204882619
0.153526628680235	0.0288819285189665
0.167679655711552	0.042156489933972
-0.720801185410545	0.247515042606667
0.167299398578488	0.0420768316112512
-1.13582369620544	0.343734699942405
2.74898391577091	1.68749655285803
0.666721180805514	0.21156384557497
2.75446121880292	0.769079402442662
-4.00198333838944	1.73672681142965
-0.343223291761604	0.0987971723984263
0.163675748818542	0.0488217197760315
0.665076092013553	0.211028905087732
0.673092310209553	0.213658316206257
-0.763253894263622	0.331680843347779
-0.487914699749065	0.256282904667548
0.321075108401735	0.209694012972839
0.330961301903867	0.201451373740719
-0.393319211279937	0.222763960416708
-0.301315288469323	0.13842844199086
-3.75940316744871	1.49041694177376
0.904026907102766	0.488357757904387
0.306526361016677	0.23305017778805
-0.177856956083198	0.095373213365146
0.0110376247304299	0.00556031942224768
-0.948843042105707	0.583121896313437
0.29094886024115	0.253829100161424
-0.144224610998782	0.0515954998895758
-0.0936023816727726	0.0371398786885616
-0.605151413489572	0.290368674227345
-1.16387500803374	0.651677503380305
-0.987061178118896	0.88341716500684
-1.14211895186808	0.991089990734258
-0.485899813522557	0.255359924466185
1.76914375460213	1.38448942213926
0.00547252135173446	0.00284485156397696
-0.640338890597867	0.379063308608648
-0.333727055501373	0.237174600280633
0.032604517773893	0.0178831014085675
-0.303352328466683	0.139213671617103
0.349032129016902	0.195978226301976
-1.01776700319907	0.402943187092934
0.403524695239033	0.182794477072064
-1.81976306465377	0.742011270001749
-0.512146849346214	0.193682417019057
-1.02074928234359	0.404273099261885
0.166691919569473	0.0419536988970269
-0.0912643731843028	0.0362376289222659
0.150251518108603	0.0511196116992592
1.04388504434288	0.396330532362075
-1.2715791538244	0.57266346760598
2.90370830668009	1.96095037212607
-0.783976929973539	0.518902729615332
1.00696225662201	0.831253951963964
-0.30716315117274	0.141190653203614
0.695242860337328	0.325796155950588
-0.143396196869431	0.0513133943799015
-0.97573747248726	0.48194070455476
-1.13190405565215	0.342469779892572
0.0292663112160051	0.0161387781824683
-0.782816768904391	0.42591920183024
-0.390638133543831	0.162515731812202
-0.591484540900654	0.480609267340803
-0.213639314943098	0.0690063709749365
1.27769416057077	0.704564562035945
1.45514143110378	0.482646568994266
0.829988921889609	0.350189547890131
-0.390841780948598	0.162864950943953
-0.94776437496415	0.581954165991732
-1.50954059367664	0.537955828816566
-1.02205798388654	0.404922502702426
0.670319945898335	0.212719010726886
2.7554263517449	0.769222911089782
0.532475077834663	0.191482542601689
-0.212853768289345	0.0687642613411453
-3.08118534013847	0.963229045953577
-0.62503342749082	0.152907838403333
-1.51364953741781	0.539764698603452
1.33887956584489	0.586820394882847
-0.627367542213354	0.153354696036073
0.158074474787349	0.0472574922808909
0.6737511905791	0.213807078926834
0.149627808286399	0.0508800645705803
-3.45598446335482	1.23025555319821
-1.0198546198872	0.40400953786834
1.33366758907542	0.584614927374746
1.45476541507032	0.482531337515686
3.26252567397545	1.12093560535381
-3.08209765998152	0.963916510480773
0.153247518839476	0.0288421886814327
1.45612824040965	0.482835979244752
0.153526628680235	0.0288819285189665
-1.13521969998424	0.343544374381215
1.03543214514454	0.39263444657528
-0.339133418750055	0.0976611246838527
0.455618619966136	0.183493419950743
-0.941334279846015	0.576131874332192
-0.325390817261125	0.195396693338864
-0.234906935345907	0.117604303385922
-0.318945645083054	0.1911002397425
-1.33068092791013	1.09767830643933
-3.08164138813046	0.963767470359232
-1.2754256868914	0.575104153105112
-0.34437786413669	0.0991240395491601
-1.81976306465377	0.742011270001749
-0.514208028381154	0.194408794277539
-0.632432130022522	0.154575713959717
0.951841444348566	0.252891357699991
0.667704246121117	0.211810251868054
0.696892239033957	0.327048331088884
-0.595141853433546	0.284764285332577
0.189074241081352	0.117632149909268
0.195620933105308	0.146604918950808
-1.09084032785897	0.747377648215011
-0.97241282581913	0.480776667427445
-0.342569521377039	0.0986187132378211
0.918425193300253	0.801190764554738
0.361731215019452	0.182931802719534
-1.0822670918144	0.738405276612426
0.401910402644116	0.181983255731924
0.548204725007755	0.318922780825048
0.17607746774397	0.102344942419764
-0.783896142932358	0.601414508135578
-0.331072173917796	0.235005138255537
0.00181458624654049	0.00107224296170947
-1.48865825415413	0.75378227668086
1.09166241189073	0.672781747443608
1.82890866226964	0.717371086523666
0.15626975600377	0.0292821097759299
0.94904571537762	0.252100131683616
0.152289864541204	0.0287035071443224
1.0454798173394	0.397182748534993
1.95706969381346	0.441073865263096
-2.57747759965585	0.66335545132302
-0.629267545839357	0.153771215183604
-1.13521969998424	0.343544374381215
0.166084152255821	0.0418055330790301
2.75446121880292	0.769079402442662
0.155893241953084	0.0529533350331059
1.62568892725585	1.14186047068348
0.833305179544	0.351716155875279
0.669161192101413	0.212364907391867
0.94904571537762	0.252100131683616
-0.724527840719668	0.248940035798255
-0.212692311337293	0.06870282462309
0.366518410791641	0.185429975328173
-0.530379550674684	0.335476769661024
0.165690756490165	0.0416910272978735
0.963276587411233	0.65725919516687
-0.143396196869431	0.0513133943799015
0.674079709901257	0.214036050556618
2.56232345555842	1.42383071047906
1.03958501510884	0.394462216304235
-0.512146849346214	0.193682417019057
-1.51429942551804	0.540079204882619
-0.718527169744358	0.246584376429975
-1.13642797594247	0.343807560451606
-1.52345223679324	0.544002420480053
0.905625008335468	0.489267362933998
0.152289864541204	0.0287035071443224
-0.34437786413669	0.0991240395491601
3.26152925911013	1.12000457960558
-1.13362027945245	0.342902172857624
2.11662288333808	0.949279701700066
-1.02689748078439	0.407300742746403
0.151706424698603	0.0582782084805056
-0.716074907122798	0.245725534591538
0.532249310589414	0.191451139948052
1.33212445527916	0.583441346223377
0.948535538575274	0.252058145640786
0.164346026904199	0.0490101668927593
-0.342726271867257	0.0986497538337671
-0.342569521377039	0.0986187132378211
0.674406994924976	0.214010177433492
-0.974472820600168	0.482046396659233
-3.08118534013847	0.963229045953577
0.170216206297202	0.0427061060191571
0.15626975600377	0.0292821097759299
-1.79835097978106	0.382953978270685
-0.343557529393447	0.098858556674811
-3.75875127852753	1.48993252551164
-2.57775304544287	0.66318910114962
-0.765765030793983	0.333085138267758
-0.342569521377039	0.0986187132378211
0.94904571537762	0.252100131683616
-0.778463893787913	0.42331417860196
-0.783446212436154	0.427005671548173
-0.327068005429443	0.231674038046809
-1.26948218769022	0.571244736976075
-1.48772331364364	0.752687949559051
-0.629267545839357	0.153771215183604
0.605378246035281	0.317270854717483
1.82414885065892	0.714941399976917
-0.342569521377039	0.0986187132378211
1.82579336426267	0.71571883696401
0.157522637048858	0.0604401388707627
-0.484186411622677	0.253868885014479
2.25583424777494	2.51881962032525
1.13868984088654	1.16819761580365
0.917101136262636	0.799191453674828
-1.43959707651569	1.28851685841649
-0.597009861333974	0.285789886368716
-1.15965534184679	0.64831252031961
0.155981787306606	0.0756835648427222
-0.495822222859936	0.372918405480239
1.09166241189073	0.672781747443608
0.488594175079269	0.336580514326774
-1.48913909696078	0.754147046402584
-0.324774804766578	0.257494217658955
-0.948841446795364	0.58311778299871
-0.454707528589106	0.302895889729728
0.766142022769984	0.756983931637813
0.447208451970293	0.179898638123333
-1.21409320846297	0.916329860499697
1.07585244967576	0.522084504606844
-0.089924131140392	0.0357342992772802
0.906168140860442	0.489921333644008
-0.214699527041316	0.0693626399041178
0.167299398578488	0.0420768316112512
0.163413249256128	0.0487677019311828
-1.97677200464632	1.37750389616582
0.152567656731362	0.0287430408348264
0.53848040462536	0.193786780960442
0.824791885509457	0.347423104441754
0.454422881944119	0.329804598424112
-0.777571897078996	0.513075090991164
0.722481093299905	0.478959288579267
0.145774898369786	0.049640682793739
-0.481491154517172	0.252254327043819
0.161809663243855	0.0483223326687324
-0.343388592876165	0.0988541310686696
-0.777964055139437	0.422968109734543
0.151149206787113	0.0580628778153935
-1.21646684545971	0.917596855048722
0.450971274207082	0.181590642900547
0.69473491261727	0.325935633795311
0.39877334397608	0.18055727588805
2.27342182250942	1.76131539636711
0.161410373272502	0.0481834890034794
-0.3992013862061	0.166569889727475
0.161546088205671	0.0482379354240544
-0.340124379015428	0.0979309335927298
-0.724793109289914	0.248887676452097
-0.14078756650129	0.0504046952906822
-0.343557529393447	0.098858556674811
0.154813591090059	0.05261311136075
0.35962151316424	0.181596984765674
-2.28286660464987	1.15469324870339
0.153247518839476	0.0288421886814327
-1.51429942551804	0.540079204882619
-0.344210615318698	0.0990368506115311
0.947560352748164	0.251716891447637
0.670649872073233	0.212844236167521
0.162479935061762	0.0485106492306684
-0.214295623660532	0.0692156550779169
1.575425828411	0.78434691068906
-0.719194825953782	0.246846541949292
0.155332765358234	0.0673583599134051
1.33366758907542	0.584614927374746
1.33011373386665	0.58253136514184
-1.14009620739235	0.345227889980206
0.155572557197279	0.052867342174464
-1.79827400712943	0.382942964938875
-1.51330481624892	0.539630991333106
3.26640660082579	1.12286745021344
-3.75595364234981	1.48774567650192
1.46261822785671	0.485296318127314
-0.342235478378113	0.0984932623692754
1.33476840557985	0.584903436651052
-2.577202278156	0.663064687208724
0.169986302676761	0.0426507049603473
0.671634827760764	0.213161681695785
-0.780405391439238	0.597731991111735
-0.302181561046257	0.138668660985349
-0.391527822013094	0.22162535872072
3.26352329858721	1.1213740078214
-0.915821391392462	0.671133235440103
-0.644770112787589	0.382492837201044
-2.77880111190429	1.87756270832295
-0.722408360382404	0.247946983425694
3.64191951813742	1.43434820902865
-0.781812559412963	0.425129595063862
-0.97613325975616	0.483000192498822
-0.152770547454844	0.0546286420653266
-0.301814929701361	0.138667459163675
0.628480761537489	0.481382210535906
-1.31784110226791	0.824533593844972
-0.170736139662664	0.091336522260956
0.689980758598187	0.323092638225825
-0.571779893930229	0.417033265784375
-0.387216962448202	0.161086074632708
0.670977551868057	0.213013404742869
0.870357354796994	0.647739196733461
-0.0520448881045662	0.0227471554339632
0.635517109907011	0.488321355835986
-0.784681263018172	0.518398362374127
-1.59719713835766	1.22756077910259
-0.305820815834773	0.140560121358743
0.159941194521509	0.0543013031904569
0.165187684093923	0.0492379178847392
0.15276127036939	0.0586818734070088
-0.220273125496108	0.0711077393958585
-0.720801185410545	0.247515042606667
-1.13543440488342	0.343479590196383
1.95791760701363	0.441280139896969
-0.944309191267103	0.579599440590587
0.528037291229889	0.189817364251845
0.673092310209553	0.213658316206257
-1.33137415307312	0.837459617229192
-0.72013323546054	0.247288973526613
-1.66831301034803	0.942820537927015
-0.0188798302091947	0.00894335646080695
-0.666288594867168	0.466944095627797
0.536938645245252	0.193260647952111
1.08622882687446	0.667645803636473
1.33835717675948	0.587087104209911
-0.977080349739429	0.482891430276492
0.536938645245252	0.193260647952111
0.911620243533115	0.494002089712868
0.168322670643195	0.0901347324092436
-0.608544502129198	0.292385991772667
0.337924176796949	0.188993624884261
-1.8349181331107	1.15692731780444
0.158323275965016	0.0473326847049123
-0.342235478378113	0.0984932623692754
0.149687956850686	0.064934970211133
-1.51787907990257	0.541534829420545
2.3585702509138	1.18254995764164
0.153247518839476	0.0288421886814327
-1.13521969998424	0.343544374381215
-1.03002865371859	0.408868411482043
-1.13422470394875	0.343215945535417
-0.631960666018702	0.15447017218279
0.94807088907188	0.251931335472786
3.93458270867333	1.7286866438442
0.165704597093625	0.0417255219351786
-1.13521969998424	0.343544374381215
0.66999328440441	0.21269616854207
4.17973575538165	2.01519730946891
-2.577202278156	0.663064687208724
-0.215609075040396	0.0696016635663571
0.163413249256128	0.0487677019311828
2.11848112309116	0.9502542327476
0.532249310589414	0.191451139948052
0.670977551868057	0.213013404742869
-1.13642797594247	0.343807560451606
-0.624566751454544	0.152757086863399
2.75722496636877	0.770257049482932
-1.2754256868914	0.575104153105112
3.26252567397545	1.12093560535381
0.153526628680235	0.0288819285189665
-0.21584116833564	0.0696924945480662
-1.13482941234436	0.34340642829894
1.04363128297175	0.39626638096639
0.66999328440441	0.21269616854207
0.665738591316948	0.211247784564273
-0.631960666018702	0.15447017218279
-1.14500748998934	0.34676210015847
-0.62503342749082	0.152907838403333
-0.567709696341197	0.413388867228905
-1.21556783987275	0.916801375537549
0.394021941179025	0.17808674998791
0.718193129466176	0.475073034923567
-0.233328590185949	0.116563555974244
-0.139275211335002	0.0944420926051933
-1.27220725604507	0.572937879775848
-0.323349815922808	0.194178131890326
0.333945473514634	0.203811024298451
0.337204458460419	0.205884562749733
0.061869975385682	0.0383976864354024
-0.120668273993356	0.067875668090014
-0.318623602857711	0.190917771205893
0.174458596870535	0.10141675922734
-0.0891130379539154	0.0354263445785917
0.518527427033813	0.331813163788633
0.331988225762362	0.20244610678154
1.58911723692946	1.72823351264901
0.483180294052871	0.332025757884112
0.178367797715829	0.10367761215941
-0.66962082193931	0.52817627585714
-0.454419742607621	0.302516904713508
0.362115544439934	0.183142697853855
-3.03335748232537	2.44795787550993
-0.0849208485967564	0.0338066364448549
-0.887529740861661	0.737304337796933
-1.09397609050392	1.05486666316353
-0.942598173753073	0.577326671327305
-0.778108808501853	0.513192006963961
0.158204681014265	0.0845683033987709
0.161796574367373	0.0866010540014533
-1.48120915369265	0.748131631207961
-0.521210980107801	0.197392065778108
-1.1583070292035	0.647391608800646
-0.661191909926952	0.462230572733368
0.367107176850785	0.186090647093912
0.366148522419771	0.1855307157999
0.688987322313989	0.322753050333407
-0.152770547454844	0.0546286420653266
-0.942352905384778	0.578039349383485
0.349407025804602	0.19599967132145
1.402051470329	1.08986402117371
0.151314542815814	0.0580720899603209
1.893052960729	2.11098183890527
0.357243099156329	0.200978075011798
0.616813083343517	0.470113836349351
0.155870099041693	0.0757170984598047
0.188175452967309	0.129604618088635
-0.138366338642083	0.0782400672838549
-0.777981380078725	0.666036166444289
-0.681163330004634	0.540374113678313
0.16262521966381	0.055161447726895
-0.343716239253643	0.0989197038205485
0.819475125657336	0.344859844709171
-0.6282908079904	0.153557595992093
-1.13422470394875	0.343215945535417
0.164924003228835	0.0491712866480455
-1.81405663489635	0.739163554129331
1.82792138819967	0.716884894355695
-1.13422470394875	0.343215945535417
0.167299398578488	0.0420768316112512
-1.82311617549946	0.743734674317471
-2.5814875372856	0.665060440379843
-1.51429942551804	0.540079204882619
-2.57775304544287	0.66318910114962
0.152289864541204	0.0287035071443224
0.532249310589414	0.191451139948052
-1.5126542472202	0.539316353407404
1.45316902836548	0.481724936898338
1.45806698971783	0.483796340944708
-1.82352196222375	0.744104973929954
-1.01961453275747	0.403780235295886
-1.13422470394875	0.343215945535417
-0.134803426342903	0.0483422297402877
-0.628807341949763	0.15371861128279
1.45415502686182	0.482281800899209
0.66999328440441	0.21269616854207
2.75819631171964	0.770700477263471
-0.344210615318698	0.0990368506115311
-1.81405663489635	0.739163554129331
0.949511917528176	0.252227362219882
-3.08118534013847	0.963229045953577
0.166528409127177	0.0496297620210776
-1.79827400712943	0.382942964938875
-0.78477585296416	0.427679351079229
-0.302012171776503	0.138585388468235
-2.63280492894604	1.61437906601721
-0.0148571906043625	0.00711557377259643
0.154013634311518	0.06687398354569
0.157771079018536	0.0605593318935867
-0.768705989684847	0.334579180836752
-0.765272653406876	0.332629321268392
-0.0464173011107315	0.0203643205680627
0.158881948449154	0.0539337610249189
-0.403567335239476	0.229295294883977
0.157487696848267	0.0683131290306564
-0.543313705927743	0.48831961904052
-0.548307300655612	0.349066704106993
0.909298383653948	0.492390033550039
-0.385290090209636	0.160265093676538
0.185575598880073	0.121846352883155
-0.666288594867168	0.466944095627797
0.15002037757653	0.0650880238358636
-0.600694902373829	0.287702017295357
0.331392761482875	0.201961810615482
-0.564765378787878	0.410674259090622
-0.604624046603821	0.2901142271608
-0.263267276657098	0.164857872304781
-0.392523979054397	0.221966275403248
-0.789735397870618	0.523651497960279
0.695242860337328	0.325796155950588
-0.0925419739006504	0.0367298119405397
-0.343223291761604	0.0987971723984263
-0.136794080270488	0.0490262213442867
-0.142207514098902	0.0509041851864348
-0.219615570186308	0.0709016531943509
-0.515466779883267	0.194997679323859
-0.0854467101516197	0.0340128276954404
0.158994669761762	0.0690627237516124
-0.139392769761081	0.049937572895941
-0.719194825953782	0.246846541949292
0.450442155521912	0.181256071663712
-1.59176356865304	1.22050897654917
1.89257174945431	2.10743601113267
0.334538507189399	0.203977171136959
-1.67093495079402	0.944379589785125
-1.13482941234436	0.34340642829894
0.1540561970176	0.0591317209177012
0.151078767063253	0.0513922453176723
-0.642893311226277	0.380392613482947
0.616979714194417	0.324572453780573
0.585803519068712	0.470589672448864
0.32287152761363	0.211000624380352
0.701229761869454	0.329275298193786
0.156004173205372	0.0530087596813196
-1.79835097978106	0.382953978270685
-1.51429942551804	0.540079204882619
-1.13362027945245	0.342902172857624
0.165858197331239	0.049441036827577
-0.304817557367601	0.140068535580747
-1.13482941234436	0.34340642829894
-0.344210615318698	0.0990368506115311
-0.219388531614775	0.0708318276022096
0.152567656731362	0.0287430408348264
0.161787544386438	0.0408470066516523
-1.13251140472747	0.342543902947619
-0.215417270113509	0.0695361432210389
-2.57775304544287	0.66318910114962
1.45575253921811	0.48289648887464
0.152567656731362	0.0287430408348264
0.152567656731362	0.0287430408348264
0.947097253557627	0.251590606337117
0.158323275965016	0.0473326847049123
0.152567656731362	0.0287430408348264
0.151078767063253	0.0513922453176723
-1.79835097978106	0.382953978270685
-1.28463192576422	0.57997429349251
-3.46005827230016	1.23260132520798
1.82414885065892	0.714941399976917
-0.627367542213354	0.153354696036073
1.03634985973926	0.393056068426466
-1.81664597109956	0.74026620635077
-0.633793600759192	0.154925137930548
-0.34191607535368	0.0984089732924219
-4.01038434654955	1.74191295468053
-0.919428110714981	1.10372819862404
-0.141105387592023	0.0798320992409787
0.904272669380904	0.488996000711757
-0.381348760856682	0.299567291874847
-0.178671453724346	0.118890128537858
-0.380796119600573	0.330762294381814
0.181168038030182	0.112390595372604
0.554453414233515	0.323035553881482
1.13225581144626	1.15718548419375
-0.765394359566039	0.820560366470644
-0.872246949791173	0.801776272271357
-0.264544917330764	0.165743327542942
1.00412931775188	0.827259178158571
-0.177889554413531	0.0953958122001321
0.370921348483834	0.188075152008407
1.03610681462668	0.392933684162
-0.232597121971833	0.116359267009922
-0.254506400172622	0.207474253869044
-1.83279713825724	1.15492657905155
0.173433182473208	0.100752984387947
0.17646696051995	0.115356297976218
0.317783069232878	0.231941312967918
0.0849025796056561	0.0578834726604952
-0.0161137226407175	0.00767606253786159
-0.143990843085601	0.051506666380708
-0.779463988889075	0.423926211718869
-0.100006205880381	0.0587256429103842
0.548345694164174	0.458415770981012
-0.0611357357480462	0.0266001338163123
-0.950197979986813	0.584265179323338
-0.539038501242957	0.341920996277963
-0.263346244598487	0.164918127470397
0.530287756538014	0.461613656566073
-0.395482543189199	0.224039549024308
0.190789959806075	0.131627963797266
0.482708651396445	0.331621218556738
0.459827268786317	0.185322514288633
-0.789739385598624	0.431206446836504
1.04144562491045	0.395430985542635
-0.148723985737807	0.101296173086546
-0.123745899558461	0.069704502976619
-0.478476279669057	0.250797007281787
-0.495947409459048	0.261233279373006
0.399405733885185	0.343281385521849
-0.628994073699543	0.604287426291139
-0.789891353185121	0.431302832766162
0.56107355048002	0.575838871619538
0.930925630144738	0.815911798240422
0.586562583434708	0.471248463471556
-0.210707966427727	0.136010007234338
-0.14313631980307	0.132876894598429
1.45415502686182	0.482281800899209
0.15626975600377	0.0292821097759299
-0.629267545839357	0.153771215183604
-2.57747759965585	0.66335545132302
-0.718798226358807	0.246701955031967
-0.627367542213354	0.153354696036073
0.152567656731362	0.0287430408348264
0.948535538575274	0.252058145640786
3.26252567397545	1.12093560535381
-1.13642797594247	0.343807560451606
0.94904571537762	0.252100131683616
1.04211818703896	0.395589048045566
-0.629267545839357	0.153771215183604
0.153526628680235	0.0288819285189665
0.152289864541204	0.0287035071443224
-0.765175557038133	0.332787545954992
0.94904571537762	0.252100131683616
-3.45538437102149	1.2298802093729
-1.79827400712943	0.382942964938875
-0.34780711222598	0.100028606261835
0.674079709901257	0.214036050556618
0.166691919569473	0.0419536988970269
-1.79835097978106	0.382953978270685
0.154740770752363	0.0525923721877549
-1.79827400712943	0.382942964938875
0.94807088907188	0.251931335472786
3.6409027894866	1.43427384419709
-3.08255415585823	0.963691003677911
-0.627829060935039	0.153504607197422
1.95791760701363	0.441280139896969
-1.13521969998424	0.343544374381215
-0.0556975297533097	0.0242884877111586
0.668353267812949	0.212009001891351
-2.27567987803142	1.14871540384102
-0.525710790907429	0.199241087661846
-1.13069021608626	0.34196481134975
0.16014111548401	0.0543685528719876
0.170597157616308	0.0428000407476464
0.153526628680235	0.0288819285189665
-0.720801185410545	0.247515042606667
1.33366758907542	0.584614927374746
1.46167105602991	0.914073126912028
-0.214295623660532	0.0692156550779169
0.394837869658448	0.178644118902735
0.461731122210911	0.336497034012365
0.509945456341229	0.324850888813954
1.46658171174099	0.919151770361903
-1.81937129385307	0.742146991690708
-0.0977807609537087	0.0387736397102019
-0.320655188633275	0.226354265139503
-1.51429942551804	0.540079204882619
-0.383241131092063	0.159338612613641
-0.230150774560311	0.168756115650822
0.16413528857974	0.0878709096836244
-0.39252362011783	0.221952279510834
-1.46483273090532	1.0212298921918
-0.786362558402305	0.520583205969259
-0.0943918941535666	0.0374848643386508
2.7554263517449	0.769222911089782
1.05168927885001	0.399445571424214
0.948535538575274	0.252058145640786
-0.633409029549556	0.154789771896201
0.153526628680235	0.0288819285189665
-1.14401832138186	0.346434503308119
0.536711770787689	0.193058012816576
0.158295623965939	0.0537437342857409
3.93039364694432	1.72557827049993
0.163413249256128	0.0487677019311828
0.826252270975154	0.34827642903147
-0.387979230282861	0.267639403953395
-0.728985188347722	0.250504530952487
0.168287851014599	0.0422797449011708
-0.302181561046257	0.138668660985349
0.153247518839476	0.0288421886814327
-0.976260403903207	0.482632667431988
0.610687739555343	0.320362855420129
-0.142440177804696	0.0509737826404277
-1.83461746599647	1.1561870835418
-0.0983224214796094	0.0390200673389206
0.900615738663385	0.486375910944395
-0.642932195549817	0.380942980711506
0.157034388740604	0.0533466278590803
-0.600420197116524	0.287891011615717
0.669336367317634	0.21240221601861
-1.51754153600569	0.541527764023226
-1.27733268075425	0.576060634882267
-0.521840469150078	0.197595401649406
2.40143477674998	2.04946379558228
-0.767761488763089	0.3340892272935
-1.13910410688242	0.344899734416028
-0.631960666018702	0.15447017218279
0.167299398578488	0.0420768316112512
-0.76634267343618	0.333283342506582
-3.08164138813046	0.963767470359232
0.161796111845727	0.0548787428361297
0.531590148724862	0.191133156883517
-0.391198465872628	0.162770996428456
0.829794788231049	0.349939358922599
1.46100867633522	0.48464871344047
-0.719465582528739	0.247026553935257
-1.02157784182418	0.404511677420364
-0.0896410105767752	0.0356287695912577
-0.346820783252297	0.0997890928773071
-0.725867563551232	0.249367253578496
1.27793156796812	0.705158655511195
-0.726802235324399	0.249630182049429
0.536938645245252	0.193260647952111
0.443927441900321	0.178394121781305
1.82414885065892	0.714941399976917
0.155572557197279	0.052867342174464
-0.342569521377039	0.0986187132378211
-1.13422470394875	0.343215945535417
-3.4565848348623	1.23040818352441
-0.940845368199063	0.576185280050984
-0.693811119614102	0.608820883853499
-0.487491040239252	0.365281983028142
-0.594470697785789	0.483836451893782
-0.884866803300302	0.734645513136587
-0.430269649593492	0.331034699615297
-0.0460901290461917	0.0287423466174437
0.153247518839476	0.0288421886814327
-1.13521969998424	0.343544374381215
-1.79827400712943	0.382942964938875
-1.13971461971555	0.345009438584009
-0.390383795253524	0.162477035260582
0.670977551868057	0.213013404742869
1.09019722609325	0.671539791044155
-0.324207995097285	0.194730391153797
-0.407291070660745	0.379037204691674
0.18864137970378	0.135612110465471
0.368999299157211	0.186900117140081
-0.142207514098902	0.0509041851864348
-0.0502293246781086	0.021979402664218
-0.32901544141188	0.233289981823865
-0.695505057567881	0.659828169317397
0.863733965692841	0.793362264596451
0.0686396646416867	0.0426387929260527
0.478246349534754	0.327958323013793
-0.639795552209149	0.378376430349397
1.8261162244369	0.715575956681055
0.148503149870495	0.0281892610504199
0.670319945898335	0.212719010726886
0.161809663243855	0.0483223326687324
-4.00198333838944	1.73672681142965
1.07033952610837	0.518501106863539
2.75819631171964	0.770700477263471
-0.147668894003962	0.0528350865223225
0.152325773898966	0.0660260124394434
-0.022199545390665	0.0104517157191169
-0.210258805537791	0.0679543406762681
-1.2137671196547	0.914416286611449
-1.13521969998424	0.343544374381215
0.361830002915909	0.182938023280471
0.154594298900301	0.0749843544752899
2.36371030582704	1.18649721872197
-0.244201411826384	0.12250313648829
2.35790709789433	1.18200234368711
0.876679057530277	0.654177059130485
-0.301315288469323	0.13842844199086
0.455252730075833	0.183399401788306
0.161809663243855	0.0483223326687324
0.15951165226116	0.0541568637053404
-0.600453579581287	0.287542894724283
-3.46066411507937	1.23287376992561
0.164924003228835	0.0491712866480455
-0.214760912211579	0.0693111282263225
0.532908190209257	0.191706726261354
-0.629267545839357	0.153771215183604
0.15866325352339	0.0688602778933149
0.161809663243855	0.0483223326687324
0.528697101266383	0.190116209542368
-0.511940042194786	0.193536003564032
0.165594211957363	0.0493598676029419
-1.02092313128645	0.404338747251237
1.8282452886897	0.717007372542503
0.160489139338675	0.0479185611557889
-0.219615570186308	0.0709016531943509
1.79026982458503	1.00340660103647
0.154304804183893	0.0592230318132772
-2.577202278156	0.663064687208724
-3.46005827230016	1.23260132520798
-0.21584116833564	0.0696924945480662
-0.214063950112808	0.069118756813684
0.152686341340135	0.0586077786643544
-0.515810187634811	0.195198678425078
0.604873539313791	0.316932426539224
-0.719194825953782	0.246846541949292
-0.664091893963217	0.464853357112605
-0.399302789425191	0.226580141883492
0.202104298854284	0.146248711833113
-0.720404519989633	0.247290988830991
-1.02116299616938	0.404658802027825
-0.314383572573485	0.144813143928329
-1.46077271332347	1.01680999534263
-1.51919018322957	0.542251856895701
-0.147668894003962	0.0528350865223225
-0.216730820199361	0.0699462135090824
-0.393683271240376	0.222857482192959
-4.57268801302088	2.5144219604736
0.665309833704077	0.47749154384179
-0.181292314677335	0.0972714823782172
0.151078767063253	0.0513922453176723
-0.144263943402309	0.0516513935431102
-1.02833448856195	0.821426847300545
-0.981769641588066	0.486421651446565
-1.64383308889516	1.69719954145836
-0.24062888983546	0.120592466765623
-1.59808359109758	1.22917821964067
1.04077275699432	0.394975733217645
-1.07920877794211	0.735243722545297
-0.388756306452368	0.161776987195103
-0.719862779167192	0.247072455212921
-2.58120409692147	0.664991486920107
-1.79835097978106	0.382953978270685
-0.632432130022522	0.154575713959717
-0.627829060935039	0.153504607197422
-1.13422470394875	0.343215945535417
-1.82352196222375	0.744104973929954
-1.13642797594247	0.343807560451606
-0.340926891852112	0.0981051026466341
0.152512200631439	0.058591261045569
-0.343388592876165	0.0988541310686696
-0.76149525509435	0.330739131941591
1.45806698971783	0.483796340944708
-0.601470860361426	0.288472142287948
-0.0529140659284117	0.0231174571435278
-1.27458834884304	0.574392686547494
-0.214295623660532	0.0692156550779169
0.151709443880736	0.051599453197034
0.83246828527252	0.351295484441392
0.159243500678224	0.0475711313965371
-0.60301083725988	0.289328551907436
-0.777948954872308	0.423237204733556
0.156835118177656	0.0532837121933901
-0.220930959687204	0.0712971275167216
-0.721740116381346	0.247779502726497
0.6737511905791	0.213807078926834
-0.975143708565975	0.481983361314072
0.171621712456171	0.0996438010522074
-1.13582369620544	0.343734699942405
-1.51364953741781	0.539764698603452
-0.519323943583458	0.196571027657527
1.04144562491045	0.395430985542635
0.155172296687638	0.0527212354131156
-1.81803758289888	0.741154469207919
-3.08606373064433	0.965887782759055
-2.06946681337209	0.943437666558306
0.162742974316792	0.0485792905021731
1.03497214876359	0.392239999886247
-1.02713260840854	0.407375194722086
-1.79827400712943	0.382942964938875
-0.338476676785739	0.0974822237690529
-0.600166078004423	0.287430036059165
-0.978453179463435	0.484425320262514
-0.910959079770982	0.665743398835151
0.0412465406269088	0.0225943487870029
-0.659545867033174	0.46042605283789
-0.285829420095958	0.207490404289312
-0.326664483209116	0.231359935305199
-0.0509240148133251	0.0222680861902599
1.96844235586798	1.23390668075905
-0.264412311408218	0.16550287699379
-0.0234169717315063	0.0110008161453883
-2.06401436108767	0.939809125258311
0.166691919569473	0.0419536988970269
0.152567656731362	0.0287430408348264
0.353842694808599	0.199017015105066
-0.216240213481686	0.0698575300582443
-0.768352792297376	0.334422629290655
-0.159744848909718	0.120143804194335
-1.74038821265884	2.59705645274179
0.393444384050577	0.362006480862246
-0.230754985774465	0.115305364972777
-0.515466779883267	0.194997679323859
-0.718527169744358	0.246584376429975
0.662700438879341	0.474325123226023
-0.780272909586075	0.597778921891316
0.168334814810722	0.0818491087590457
-0.540026847175836	0.342782077902844
0.143050714769343	0.0549846716821189
-0.602227332668733	0.288745457812874
0.156403408531497	0.0531349651823521
-0.219830527943583	0.0709760077984187
-0.303494231937818	0.139467728398359
2.75722496636877	0.770257049482932
-1.13582369620544	0.343734699942405
-0.395071670435589	0.164675396539339
-0.327567016822686	0.232097867208749
0.162479935061762	0.0485106492306684
-2.57775304544287	0.66318910114962
0.160340691347252	0.0544154009154632
1.00590392948799	0.829779018180511
-0.790317647030594	0.523501640228683
-1.67093495079402	0.944379589785125
-1.51853446946828	0.541976089171892
-0.0239930594834658	0.0112747439370039
-1.08318356730808	0.739165553053728
0.53313407482189	0.191800740808182
0.825762411823769	0.348140128156457
0.166528409127177	0.0496297620210776
-0.535123602228949	0.339058274062356
0.165704597093625	0.0417255219351786
-2.27694875940199	1.14968667309891
-0.214952210282499	0.0694159656881339
0.671634827760764	0.213161681695785
-0.6282908079904	0.153557595992093
0.67196229909328	0.213260403734251
0.150153289424875	0.0727980855815404
-0.214295623660532	0.0692156550779169
-1.81472218726632	0.739418880999967
-1.81531143656286	0.739856402475655
-0.719194825953782	0.246846541949292
-2.57747759965585	0.66335545132302
-0.625500335572602	0.152962089117453
0.145765346492399	0.049614997920305
-0.388451519352422	0.161616200765838
0.450669254708217	0.18134583956387
0.695242860337328	0.325796155950588
-0.215583462022983	0.0696521523969918
0.826445596858171	0.348204207373124
0.166691919569473	0.0419536988970269
-0.25736631177647	0.160682983469748
-0.72013323546054	0.247288973526613
-0.0192484732616052	0.00911120947264979
-0.235363940420663	0.117831287336875
0.156405419701574	0.0600373427044117
0.403524695239033	0.182794477072064
0.665738591316948	0.211247784564273
-0.637572077543607	0.155739174733076
-0.346820783252297	0.0997890928773071
-1.13543440488342	0.343479590196383
0.153360234679046	0.0521189454802206
-0.49266425286881	0.259193356170263
-0.572669474248718	0.556385038192219
-0.649635763368028	0.38577404029094
0.921547307670038	0.804979765416406
-0.519750069619239	0.196813590651588
-1.54666300351831	1.49398771697728
-0.871749436504053	0.800295027351519
0.19282195619598	0.138874720507378
-0.0927896157019774	0.0368282351882246
-0.781606253425508	0.425781410351007
-1.32152611103545	0.827247129796233
1.95706969381346	0.441073865263096
0.167299398578488	0.0420768316112512
0.534018135349711	0.192121771213656
0.152289864541204	0.0287035071443224
-0.720508771513364	0.247389608463745
-0.720801185410545	0.247515042606667
0.167679655711552	0.042156489933972
2.75446121880292	0.769079402442662
-0.779439461834118	0.424332182919825
-0.782980838946284	0.426103293230707
-1.08854331270872	0.744565908850761
-1.14933261553862	0.34807352697784
-0.389569741096937	0.162139446571965
1.04144562491045	0.395430985542635
-1.51330481624892	0.539630991333106
0.833305179544	0.351716155875279
0.451264737753217	0.18161985383083
0.16061705718604	0.0616461052533966
0.401380815292749	0.181699250042115
-1.4651639889303	1.01992646909636
2.11848112309116	0.9502542327476
0.153358080820019	0.052122814995084
-1.13521969998424	0.343544374381215
-3.46066411507937	1.23287376992561
0.949511917528176	0.252227362219882
-1.13642797594247	0.343807560451606
0.673419805718654	0.213740169092851
0.704746857328954	0.331224812632001
1.45806698971783	0.483796340944708
-1.81433874778204	0.739366153614294
0.164702884100979	0.0414746335821988
-0.763253894263622	0.331680843347779
-4.22470972852219	1.98742351025511
-1.13582369620544	0.343734699942405
-0.140465213446677	0.0503369013866847
0.158323275965016	0.0473326847049123
0.450442155521912	0.181256071663712
-0.340124379015428	0.0979309335927298
-1.13521969998424	0.343544374381215
-0.144224610998782	0.0515954998895758
-0.344864025255158	0.0991853144395914
-0.722774497263927	0.248158081194853
-0.348652886818302	0.100282707247232
-1.32635394100437	0.831890984216402
-0.256657640120679	0.160186858811304
-1.21584894912944	0.917523286221384
-0.533670667990141	0.337679868923766
-2.46527987368568	1.37276449553955
-0.212036192576877	0.0685029076357838
-0.344210615318698	0.0990368506115311
-0.512982221754869	0.19396359228403
0.15626975600377	0.0292821097759299
-3.09052621849641	0.967478563051375
-1.28074902977108	0.57785362350458
-0.390289205167611	0.220453443919713
0.731582192598661	0.745958740559419
-0.272052245307004	0.196083683616181
-0.18865891318949	0.101429689936378
-1.97581746716991	1.37479558124171
-1.51853446946828	0.541976089171892
-0.213374375152339	0.137894493093535
-1.24392239747102	1.16243100285535
-0.855277878912172	0.915815436666106
-0.97488319956805	0.481856856064848
-0.389430764490368	0.162176885610031
-0.0964796120501683	0.0382757369954287
-3.08652986879455	0.965774290031657
0.15981715245412	0.0477202746155183
-0.514001914291837	0.194387375528581
0.533792789739045	0.192056407531968
0.153526628680235	0.0288819285189665
-1.13543440488342	0.343479590196383
0.669161192101413	0.212364907391867
-0.627829060935039	0.153504607197422
-1.01645966379821	0.402385802038174
-0.763493068016229	0.33177675339701
-2.28286660464987	1.15469324870339
-0.0912643731843028	0.0362376289222659
-1.84040033297749	1.16248168489168
-0.642568638942288	0.380881676543735
0.153177830051709	0.0665020105437734
0.369960589250576	0.18753286256595
1.03891215300373	0.394007867391054
-0.628807341949763	0.15371861128279
-1.13482941234436	0.34340642829894
-1.51395570496283	0.539857861420258
1.33388779929172	0.584486704122506
-2.57747759965585	0.66335545132302
-0.627367542213354	0.153354696036073
0.827903242748207	0.348944911647348
-0.627367542213354	0.153354696036073
-4.00463240201994	1.73752453301482
-1.48322009253632	0.749647504548096
-2.06597116964629	0.94088510772594
-0.346820783252297	0.0997890928773071
-0.343223291761604	0.0987971723984263
0.152289864541204	0.0287035071443224
-0.342726271867257	0.0986497538337671
-1.51019343351841	0.538270963770231
-0.343223291761604	0.0987971723984263
-1.51019343351841	0.538270963770231
-0.297662619806488	0.136643790714677
-0.233056266706023	0.116609693357052
-0.434102360485663	0.334503866505509
-0.237243636357869	0.174634537509834
-0.263012930052813	0.164672786863624
-0.479823661780605	0.251602414382985
-0.671470314990269	0.471197632632054
-0.602753716787686	0.289074692858458
-0.386404316735073	0.160785514924726
0.170524207528252	0.08297309136415
-0.277188410526209	0.20035200812579
-0.0552185882507658	0.0240920164973833
0.803018884750755	0.764454871264276
0.194130474245174	0.139835039676595
0.30718422348375	0.223122765423029
-0.323313729780615	0.228619875436774
-0.89090731470222	0.741566841781753
-0.146102293158919	0.0994062467079147
-0.0445789571611034	0.0277860463120811
-1.20944378354002	0.910246758077309
-0.210724787268037	0.068070166638378
-1.27626395926511	0.575339142684756
0.530455766222447	0.19070899696403
-2.06971291102341	0.943740604994579
-1.13582369620544	0.343734699942405
-1.27458834884304	0.574392686547494
-1.2709627588425	1.55325785641479
-0.730578580192813	0.251061657936625
-0.98395085257884	0.487945557727819
-0.725197552734606	0.249186509576262
-0.488377381097773	0.366040474960242
0.959867542026919	0.950659593756152
-0.319507354483496	0.191324087837598
0.1859889885447	0.115565515919648
0.342513856750161	0.191691243363953
-0.514001914291837	0.194387375528581
-3.08164138813046	0.963767470359232
0.66999328440441	0.21269616854207
-1.13129699285405	0.342278739405472
-0.340124379015428	0.0979309335927298
0.171207721440545	0.0429238305772998
-0.721072169669292	0.247553433626533
-0.726802235324399	0.249630182049429
2.75349844687128	0.768381126605175
0.165097545701885	0.0415776969264477
0.902498509836452	0.487672871570971
0.167299398578488	0.0420768316112512
-0.627829060935039	0.153504607197422
-2.5814875372856	0.665060440379843
-1.51330481624892	0.539630991333106
-3.46066411507937	1.23287376992561
-1.13948670365002	0.344942610687521
-0.762422509833023	0.331150796142604
-1.48465000941191	0.750254071982769
0.153873216038463	0.0591052634937605
-0.520581729618906	0.197148689128052
-0.0933195400837994	0.0370288533821089
-0.632432130022522	0.154575713959717
-1.14201229374526	0.993078434408475
-0.604624046603821	0.2901142271608
-0.721072169669292	0.247553433626533
-1.32643896096306	1.09281888125631
-1.02050867103886	0.404356899215527
-0.593328450913997	0.283839174358893
-1.02979915356097	0.408598197823507
0.148791554554617	0.0506157660399734
-4.00749658051746	1.74098643138457
-0.303994948222162	0.139695489114178
-1.4840580717848	0.749856548238907
0.163149905636875	0.0486839149701593
-0.954428448929369	0.587776872595088
-0.604624046603821	0.2901142271608
0.156096177497257	0.059919986762722
0.0394314340232374	0.0216021383096751
0.592354572765555	0.477407351715878
0.399301094356218	0.180604909315299
-0.304959928146509	0.140143068512316
-2.27505545261796	1.14834913431526
-0.528345322336436	0.439226658356728
-0.764086062426498	0.332088631279259
0.402987900292784	0.182610353892231
-1.01961453275747	0.403780235295886
-0.724941080754783	0.248928107914991
-1.15994831418737	0.648194729337701
-2.29206606079407	1.16124766842892
0.69500028779949	0.325475980194239
-0.173287409655691	0.092780094568964
0.669665397318181	0.212450186666999
0.664506789837939	0.475906381540415
-0.390716777008515	0.221060353716833
0.167198319746772	0.0498030771043432
-0.664091893963217	0.464853357112605
0.165097545701885	0.0415776969264477
-0.719465582528739	0.247026553935257
-1.13948670365002	0.344942610687521
-1.14009620739235	0.345227889980206
-3.08255415585823	0.963691003677911
-3.08606373064433	0.965887782759055
0.169606362252511	0.0425824743634164
0.16207239788399	0.0483767472480761
0.16207239788399	0.0483767472480761
0.152567656731362	0.0287430408348264
0.152567656731362	0.0287430408348264
-4.2191738397475	1.98346126780949
-2.577202278156	0.663064687208724
1.45378984515444	0.482188083152346
-2.57775304544287	0.66318910114962
-1.13543440488342	0.343479590196383
-2.5814875372856	0.665060440379843
-1.79835097978106	0.382953978270685
-0.342904767182509	0.0986489157334515
-3.08652986879455	0.965774290031657
0.162742974316792	0.0485792905021731
0.950862031539505	0.252628333014658
-0.0853952759246828	0.0679262953372583
1.62659112468248	2.55751309833566
-0.0563071204000754	0.0245348136274364
0.149358487897967	0.0573759536116166
-0.209979711510101	0.135530517928169
0.108025120919414	0.0771732703505015
0.211999881335462	0.191931516115171
-0.535105586283496	0.651197500189293
-0.540454014612821	0.484999708680904
-0.107208651037012	0.0845484160454175
0.19618693490617	0.14159053315121
0.700208191997025	0.908859421437752
-0.41083336257598	0.350037482368718
-0.455789111416815	0.421985282613724
-0.775626094899457	0.78289475976135
-0.179666401920905	0.0963886797668443
0.151274573096637	0.0514384346007802
1.78488261656472	0.999596134335183
0.150523503025892	0.0653077753415023
-1.22929642984454	1.73388508943917
-0.218332744856575	0.141404643309846
-0.209344991781933	0.192201276645607
-0.57436376139619	0.67086711823635
0.110157464576981	0.0814713249817034
-0.465438759009814	0.392268639280057
-0.32815845032895	0.232509491367279
-0.990203713046619	0.886596755671309
0.425371409279467	0.43440610290702
0.809277387534327	0.879686378019447
1.19269715966306	1.83138114903224
0.149103130055054	0.141211434484036
-0.481841248189644	0.477230534783954
0.00133135209953263	0.000835334507788735
-0.493234288367496	0.370681651156374
0.277955163246744	0.268645742148098
0.53313407482189	0.191800740808182
-2.58120409692147	0.664991486920107
0.152567656731362	0.0287430408348264
-2.57775304544287	0.66318910114962
-1.80197754639448	0.383903353697165
-2.577202278156	0.663064687208724
-0.631960666018702	0.15447017218279
0.15626975600377	0.0292821097759299
1.95791760701363	0.441280139896969
0.155986207086685	0.0292416787556187
-0.627367542213354	0.153354696036073
-0.62503342749082	0.152907838403333
-3.45478455762682	1.22912473266304
0.948535538575274	0.252058145640786
0.163386406136861	0.0411852790230607
0.947097253557627	0.251590606337117
1.13902932095107	1.03595833481325
0.74384181104338	0.623677328530658
-0.762422509833023	0.331150796142604
-4.21982393967863	1.98386976587577
-0.871960700359069	0.80050388033783
-0.384460644096057	0.264899669593602
0.0769154834682039	0.0478604447524137
-0.177856956083198	0.095373213365146
0.327692174948148	0.214470923889223
-0.284142357926274	0.206141879912797
-0.537697485641921	0.340921804700896
-0.234715898438359	0.117329453309105
-1.02713260840854	0.407375194722086
0.163386406136861	0.0411852790230607
0.94807088907188	0.251931335472786
-3.4565848348623	1.23040818352441
-0.624113701345559	0.598117861045921
-0.694472219570942	0.703908727594605
0.035641094506537	0.0250679425233573
-1.0287603530091	0.821849995496738
-0.775822434825184	0.726015362744331
-1.33677551899031	1.10674630305137
-0.662318982589295	0.463298052127508
-0.389477028876739	0.162240726592513
-0.779784391745597	0.424408547720087
-0.38553364111409	0.217560286366081
0.0960476005894242	0.0657644880095236
0.289909039200225	0.236315097746017
-0.262599606150075	0.164241690547533
0.672469084239451	0.48347378830602
-0.567236963129026	0.413196848652872
-0.260216600900516	0.16273260584946
1.10368988375538	0.841403003978956
-0.589372295502228	0.478498461019031
0.162772361662218	0.0410490143575106
-0.62503342749082	0.152907838403333
0.153526628680235	0.0288819285189665
-0.632939126134277	0.15468454480873
-0.628807341949763	0.15371861128279
-0.629159511493121	0.153871316504896
0.153526628680235	0.0288819285189665
1.95791760701363	0.441280139896969
0.732982877621139	0.611745943890214
0.159428445783134	0.0774483118322091
-0.343223291761604	0.0987971723984263
-0.147668894003962	0.0528350865223225
-0.97504110081544	0.962309019866967
-0.0420399751275959	0.026217916389515
0.660112423988087	0.472253735485653
0.457159191610689	0.447408791776565
-0.252116398196072	0.242251129395561
-1.08360434882942	0.739563480433474
-0.97554685588127	0.482547391828562
-1.14070599952463	0.345337330024218
-0.340124379015428	0.0979309335927298
-1.51395570496283	0.539857861420258
-0.601060614037977	0.660638035247673
-0.778803684310832	0.423490664258397
-0.450663077353735	0.2998015469193
-0.0894713678537768	0.0630083668860119
-0.769301400789671	0.877158134649083
-0.315173453610625	0.339981659986647
-0.389176867516154	0.162123247090893
-0.241669572074874	0.178376619551611
-0.43134023844766	0.427754857149941
-0.379142318837616	0.260404924756147
-0.467883360178349	0.459623207728002
0.308587236547435	0.212831817487796
0.47750934396677	0.327255775784596
1.88587538435604	2.09477471344832
-0.143337248208422	0.0973868067945406
-0.62503342749082	0.152907838403333
-1.79827400712943	0.382942964938875
-1.79827400712943	0.382942964938875
-1.79827400712943	0.382942964938875
-0.349124689538762	0.10039174648187
1.95791760701363	0.441280139896969
1.95706969381346	0.441073865263096
-0.629267545839357	0.153771215183604
0.951331866170054	0.252756684317784
-0.565182300538122	0.411040522897623
-0.790113920620168	0.523750177641667
-1.28054172110541	0.578016358254624
-1.7212223762444	1.45340076581146
-0.420325699277837	0.321512187247777
-0.438208116917979	0.401586714872825
-0.440197858186135	0.439017492058683
-1.51754153600569	0.541527764023226
0.183062085089697	0.113546748384692
-4.40535941529771	2.24129977900538
-1.27073685110928	0.571951256018346
0.155033518363628	0.0526840217885624
-1.85638818832215	2.61559910500246
0.0678392507642085	0.0421391327622793
-0.33045289482162	0.287832271036375
-1.24714988088963	1.16724911053076
-0.773818646361182	0.660594639908944
-0.78501191182076	0.674324166835573
-0.384530343502119	0.264939844487258
-0.187461482080524	0.159001504689899
-0.591625517339064	0.480891497039729
-0.0190258280788738	0.00899004775028869
-2.7744628856782	1.86899882355843
0.08690269357471	0.0592886996870594
0.948535538575274	0.252058145640786
0.152289864541204	0.0287035071443224
-1.79835097978106	0.382953978270685
0.153526628680235	0.0288819285189665
-1.79827400712943	0.382942964938875
-1.79835097978106	0.382953978270685
-1.79827400712943	0.382942964938875
-0.513373075884444	0.194073691559119
-1.79827400712943	0.382942964938875
0.152567656731362	0.0287430408348264
-2.07323090983789	0.945839152787499
-1.34197196787864	1.72019212110832
-0.878969296494859	0.81069949503575
-0.972527121118781	0.48038507609251
-0.215417270113509	0.0695361432210389
-0.994676758940839	0.892832438217871
1.41243845912228	1.10367321459455
0.294677647347689	0.232015023198016
-0.472934172980808	0.247218489992743
0.157034388740604	0.0533466278590803
-0.395071670435589	0.164675396539339
-1.27708788883344	0.575900247837692
0.162742974316792	0.0485792905021731
-0.328214542132615	0.197436719781733
-0.679813662948667	0.539307206251705
-0.278099666688579	0.201159364631891
-0.133829637069847	0.0755819322395436
0.156835118177656	0.0532837121933901
-0.600654917077171	0.288044191798673
-0.601223882825853	0.287949924770447
-0.601470860361426	0.288472142287948
-0.176616772860105	0.14874171896499
-0.38929177162737	0.268684934050289
0.00857409999320896	0.00438917516026478
-0.378664082780691	0.260183288569495
0.546812819775168	0.317802291541458
0.160304282310916	0.0778823125782163
-1.14706209071189	0.999102513448523
-0.020853971472153	0.00983491228963147
-1.13910410688242	0.344899734416028
-1.81566955306914	0.739965971694479
-1.79835097978106	0.382953978270685
-0.631960666018702	0.15447017218279
-2.57747759965585	0.66335545132302
-1.79827400712943	0.382942964938875
-0.631960666018702	0.15447017218279
-1.80197754639448	0.383903353697165
-0.716346626154106	0.245810055243264
-0.225569859505053	0.112642462689036
0.156203958783437	0.0530790256711765
0.695292469624545	0.326245317467072
-1.24664529410836	1.16677771193289
-0.294677385287206	0.135038641269794
-0.721072169669292	0.247553433626533
-1.21453620182623	0.916715250663951
-0.646996570837413	0.38404757055699
-0.236605375043897	0.118425685533852
-0.693811119614102	0.608820883853499
-0.0687348129960021	0.0417293358697352
-1.43879758275275	1.28569524855043
-0.0540112208615622	0.0235784810645738
-0.176227195822917	0.0943570909720804
-0.233056266706023	0.116609693357052
-0.237115027061139	0.118785869303749
-0.297173019281657	0.136301929101247
0.0800107299546262	0.0522556074867538
-0.42267720147626	0.416521166927755
-0.0238717924598077	0.0112102792345701
0.0156929699541218	0.00786052167831993
-1.83987713993315	1.16208990271659
1.77704987304618	1.39451305582238
-0.644183228582257	0.381240409174265
-0.943227574247749	0.578686523924447
-1.79827400712943	0.382942964938875
-1.79835097978106	0.382953978270685
-1.79827400712943	0.382942964938875
-0.627829060935039	0.153504607197422
-1.79827400712943	0.382942964938875
-0.627829060935039	0.153504607197422
-1.13482941234436	0.34340642829894
-1.83679316925543	1.15799068383054
-0.519547758987597	0.196655157665095
-0.976655597147032	0.48331333967379
0.154728270548729	0.0593751818027061
-0.444812669166448	0.29511571705393
-0.784932077223629	0.427678583904175
0.323845124860578	0.211816473777742
-0.216730820199361	0.0699462135090824
-0.773569280224513	0.337018587386581
-0.177767363891665	0.11823583670363
-0.917812925890523	0.672390370320423
-0.209979711510101	0.135530517928169
-0.221766440406112	0.143895098609839
-1.15754185959962	0.646583675024006
-0.40310598967776	0.229054182645363
-0.0891089816961055	0.0354497014387017
-0.095107954772523	0.0557662966439627
-0.568326626180025	0.413599403328438
-1.14166746133622	0.992748819194143
-0.266382936653061	0.167025436654189
-0.541373517345085	0.343812560311798
-0.0000132463464141985	0.000180755336360929
0.0224611841534852	0.0124792952254481
0.362212679704311	0.183201550375656
-1.79835097978106	0.382953978270685
-2.57747759965585	0.66335545132302
-2.57747759965585	0.66335545132302
-0.768000816574876	0.334265629399119
-0.719839729273076	0.247075530686914
-0.345039821196303	0.0992838353249335
-1.13930359857657	0.989658917657064
-0.605919915681798	0.291005388491385
-0.845157379141437	0.960877871534154
-1.159894998224	0.649119626925906
0.399580421539515	0.180952893176916
-0.323349815922808	0.194178131890326
-1.43931674931924	1.28740709706451
-0.641971526771337	0.379752646396669
-0.214295623660532	0.0692156550779169
-0.864629668089941	0.79158535796206
-0.785697218567122	0.604035743176938
-0.327180868560862	0.231805024335083
-0.0744290330425289	0.0452207750087852
0.180359718126207	0.111815354535898
0.0233021547158083	0.0129275536347217
-0.268298646342837	0.168297620896226
1.77684931832359	0.992502379244753
1.03446129582981	0.982790557716481
-0.491310168380839	0.258461680452248
-1.60078174548751	1.23414576139071
-0.451149430542397	0.416502111425237
-0.676738097162594	0.536093724176503
-0.1852542241911	0.0995438917930152
-1.07871827602794	0.73500777345591
-0.632939126134277	0.15468454480873
-2.577202278156	0.663064687208724
-0.344210615318698	0.0990368506115311
-1.79827400712943	0.382942964938875
-2.4379099876386	2.38877722749396
-1.70956431812701	1.43461376134858
-0.521007962533465	0.197259854850968
-1.02647704913709	0.407098529252962
-2.06905985477759	0.943332987473435
-1.03577746099785	0.829697878907474
-0.0541938229262329	0.0236392106999657
0.0687415743341078	0.042710597403127
-0.315479527204897	0.188707641462252
0.182100211141424	0.119404302739015
0.905364027127316	0.489364222113151
-0.978198870461947	0.483333077872973
-1.26698735368759	0.569984385056631
0.451264737753217	0.18161985383083
-0.387385431772182	0.161121365928577
2.12537189903949	0.954341509365964
1.0690142910559	0.518371700421409
-2.0631110853576	0.939205260748677
-0.295015383474137	0.135246055651015
0.669161192101413	0.212364907391867
-0.763014566739752	0.331435312339566
-1.0890958397328	1.28226686019825
-0.535226819955815	0.33913399112607
-1.81405663489635	0.739163554129331
-0.483706325629852	0.253588652675229
0.154180742760212	0.0669349679231533
-0.0570934668192374	0.0248878651621918
-0.219615570186308	0.0709016531943509
0.154540296660048	0.0525165420882453
-0.344210615318698	0.0990368506115311
-1.79827400712943	0.382942964938875
-2.46991558568821	1.3764711876751
-0.510685030941215	0.193049519773074
-0.369784785329608	0.319002255509528
-0.54328155276783	0.345290460919829
0.965311894162283	0.659650502544985
0.0643857914245661	0.0399774152066996
-0.781728178750235	0.599758917287583
-0.272949081683711	0.196819477926911
-0.688841564850654	0.602559938400006
0.664896789047018	0.607242239211504
-0.586819458793215	0.475556492992146
-0.209041239294465	0.156877321908313
0.776207375316155	0.95491756067834
0.172831316736063	0.100281679294159
0.197824981432518	0.153775074372923
-0.492794478598027	0.369862252844812
0.0387724010354861	0.0282641062872034
1.00034650142871	0.822339038908916
-0.999905816550512	0.899862666956773
-0.392971239863506	0.222252612587729
-0.160332780582755	0.124159850079368
-0.234652513309218	0.194649315282708
-0.573615542302965	0.557771008957441
-0.138721183520095	0.093992656604189
-0.627829060935039	0.153504607197422
-0.628347365301396	0.153568930486371
-0.602254227307889	0.288908174822681
-0.632432130022522	0.154575713959717
-1.03091489329319	0.409127661825582
-0.471853771997642	0.501830098901773
-0.45134010029082	0.300094601872897
-0.433642685410228	0.462634891131718
1.00319034944626	0.826599376188851
-0.23572968749486	0.117990851864003
-0.379631865951661	0.260884497931359
0.342319356942521	0.191848010296751
-0.327601871707697	0.196947927567676
0.83163726000592	0.350886881523798
-0.284638162750894	0.228691307453533
-0.971187317069502	0.95734953959558
-0.160925290590821	0.137269016625042
-0.90667612439559	1.07992123922484
-0.0692448920321471	0.0495560286739188
-0.291799920644468	0.235409039870496
-0.598136489931738	0.487757479069805
0.33005348038817	0.216355473167352
-0.526756272746813	0.43738314577323
-0.877035562785033	0.807979916350849
-0.391907778202739	0.16328129720424
-0.200293785448009	0.149641655591912
-0.934596419643706	1.05954928814612
-0.855911952560908	0.851144476699344
-0.195576143615911	0.162638131794827
0.0553718650001412	0.0324641460969367
-1.13971461971555	0.345009438584009
-1.79827400712943	0.382942964938875
0.17674618665637	0.0949386411882683
-0.974585621117436	0.481607307840464
-0.488001860652102	0.256368102780648
0.356854486069778	0.200906248475381
-0.324217429504845	0.229345393936049
-1.33371068107136	1.52720403692234
-0.326505919783265	0.196295084978144
-0.53383663977564	0.62500847733375
-0.611604056376452	0.543278052174443
-0.782505411947811	0.51688139709215
-0.485435808678789	0.363289036704278
0.373213756568532	0.189387369020431
-0.257222038266674	0.160581987699963
-0.321376058493921	0.192552765387273
0.558127202492776	0.468921550047877
0.562310183138916	0.328878613430775
-0.642893311226277	0.380392613482947
0.163113419283259	0.0792269512446663
-0.392076835969025	0.221667839941449
-1.15514405696617	0.645314145630909
-0.565749909060173	0.4114454770875
-0.959140608513564	0.939907929566018
-1.0395077938936	0.834117240873929
-0.52675968796415	0.437528242283087
-0.898248128133438	0.750049847641134
0.0121199610827675	0.0061169381547055
-0.328915641843262	0.197857765263845
-0.220911011580069	0.143284267204958
-1.92413547012635	1.88765840704054
-0.389010542508637	0.161884808373538
-0.282719750097933	0.204934507256329
-2.03069302292918	2.70238413884124
-0.6587877391373	0.460094668204522
-0.484186411622677	0.253868885014479
-0.490934016462937	0.258394920951907
-0.565677285928956	0.411179732471667
-0.13820927510853	0.049531032348743
-0.664241278753064	0.464944318466152
0.855161542383071	0.78140165095813
-0.0946533343405011	0.0555100014007715
-0.319745181497646	0.191700848568206
-0.305778446944133	0.140652271890162
-0.295510202920685	0.135539283152152
0.49006834213937	0.337910415312385
-0.0851629890564053	0.0339077021012454
-0.0521713756516921	0.0227862779286307
-1.15777996472637	0.646985468514697
-1.08766408990208	0.74375360094834
-0.383422706870261	0.263936448597015
-0.564688432850785	0.410535851285008
-0.892582056301441	0.743298645547536
-1.46523498259765	1.0210680466256
-1.32859939019193	1.09631595705408
-1.34027655421223	1.339344857898
-0.283228647840205	0.205381065856195
-0.324054670421602	0.256993791032595
-0.571894142909535	0.417177560669764
-1.25576037648874	1.3625063019479
1.07186940551221	0.519676007812055
0.824597524529586	0.347415264205767
-1.31281651498856	0.820343626435321
-1.08721454602744	1.04568380452909
-0.538602829217946	0.341589162399904
-1.92371122928109	1.88709370543111
-0.723601171891188	0.248501036925982
1.57479077921744	0.784231980002317
-0.233262632831727	0.171341440347406
0.157462123376921	0.060446471737033
-0.212036192576877	0.0685029076357838
0.667988563165722	0.479552024776129
0.351541815112073	0.197367191131905
0.89083307106422	1.03094374694124
-0.298175008854882	0.136780784645522
-0.384397976778982	0.264732962780294
0.808694673293725	0.64663472064491
-1.15825619229421	0.648045621871126
-0.234809425524838	0.117511784034287
-0.181212469633312	0.12071079650627
-1.33828150882753	1.33706844749646
0.402105159050147	0.346172083089192
0.306555607595109	0.232954795456052
0.191791801972992	0.11938501137818
-0.237898192898887	0.11909949802352
-1.14261226174978	0.991244040288213
-0.60621216250304	0.291076642028665
-1.13125711701099	1.25177995389948
-1.08808514186815	0.744095260140617
-0.0282378180528556	0.020782467717238
-0.967994025878337	0.952003542603688
-0.446001180207519	0.296047779281691
-0.211788509417199	0.136772822272287
-0.116474816018534	0.0807690448545982
-1.81464460056793	0.739454066743349
-0.479819495581597	0.535349412484528
-0.573496132496344	0.418817714795805
-0.382041108607288	0.215361120789008
0.149916983649413	0.057584517845971
-0.248186919043093	0.183789130976368
-1.1488114126714	1.41340681000071
-0.857293334101495	0.852017255498457
2.27490934899842	1.76423640568076
-0.215583462022983	0.0696521523969918
0.83246828527252	0.351295484441392
0.403531371616004	0.440671933880179
-0.567321898443545	0.413281216183761
-0.534910484702332	0.338498444859128
-0.0424659448965822	0.0264795919769428
-0.095189037701368	0.0377965071907387
-0.396016646847646	0.39505254296275
-1.22325495962328	0.926255720132278
-0.528932651728303	0.334125766723923
-0.0626328074154846	0.037985920728343
-0.397271556783376	0.367348130758625
-0.00703499839434857	0.00453900108174631
0.326342485415942	0.22692124210802
0.128475733558755	0.10479809446731
0.0184861090787738	0.0124478066465499
-0.773385617841018	0.980224290602992
-0.282355691431026	0.27087604077508
-0.644994229823397	0.829276909875399
-1.04702366104552	1.09204070897366
-0.0616577133360969	0.0502529128425189
-0.369675066669506	0.319009227087634
-0.773021171997591	0.590389074468992
-0.605049052059658	0.494822411386806
-1.3395983044012	1.33931902673168
-1.93311304877708	1.90481475704262
-1.25189981081379	1.35531154865489
-0.320993411410757	0.226578441151454
-0.494866257016722	0.45096023820947
-0.691169430598124	0.605713270382303
0.313516629387502	0.216539073803347
-0.136148460771406	0.0769155200607086
0.363322921406486	0.184030094974926
-0.385700871881181	0.265755487502318
0.042643344236889	0.0311064106848936
-1.22125656323747	0.925174576315367
-0.322495293659333	0.255415951892697
0.184953210182624	0.121416261074108
0.397961322623372	0.179920072195054
0.18394004425066	0.114159930251887
-2.10491355827894	1.6110576611668
-0.56715100095778	0.412955815515292
-0.675318181509182	0.53429402715769
-0.173695954611726	0.0929849296514885
-1.81188086220321	2.0966725261816
-0.566511553368323	0.41189292376239
-0.59882136533025	0.286684243260404
-0.144929112422959	0.0985562686676843
-0.272580288570456	0.196552800165313
0.460059772901938	0.334845116104278
-0.0959439596858447	0.0563036068065622
-1.15854013244903	0.647236651202098
-1.15777996472637	0.646985468514697
0.716874577638262	0.473884648258251
0.536744366771097	0.193088449881595
-0.791084221056078	0.43205166057552
-1.14009620739235	0.345227889980206
-0.537053468772548	0.340689653722755
-0.519750069619239	0.196813590651588
-0.689863790349634	0.603908320379437
-0.0915289678860236	0.053654290613743
-0.552727128458611	0.60933972178896
-0.777911855034065	0.665291503472454
0.162672790548148	0.0870743646036601
-1.70990493179026	1.4356976326999
-0.89116675258013	0.741482475400392
-0.770618500552856	0.775879465805735
-0.783784926980309	0.517668443918192
-0.526801197553845	0.437305886653176
0.300143334703404	0.227321984060047
-0.780544288599608	0.731788972103686
-1.03343083385804	0.827509416158735
-0.629267545839357	0.153771215183604
-0.719465582528739	0.247026553935257
-2.0631110853576	0.939205260748677
-2.10650534908195	2.34351930193513
-0.394664733515481	0.223567849334958
-0.514630991185235	0.194661861681357
-1.21546112521838	0.918092145647849
-0.722774497263927	0.248158081194853
-0.72013323546054	0.247288973526613
-0.220046200254686	0.0710211291721289
-0.72013323546054	0.247288973526613
1.45575253921811	0.48289648887464
-0.980938988438565	0.485854045140289
-3.08652986879455	0.965774290031657
-0.650094610875522	0.386105912371598
-0.785472914562132	0.51986338106667
-0.621104225635047	0.594107291736334
-0.446814817274023	0.467525622658584
0.20339278504861	0.168883419729629
-0.259216751938745	0.162032352745143
-0.945377443558577	0.579353194044096
-0.971870868717987	0.957705938486956
-0.273531364159885	0.197252948609247
0.303376803238885	0.230145260758204
-0.678796396592242	0.537645167172033
-0.891466890162503	1.11742950123482
-0.317766356578599	0.190377370959208
-0.892582056301441	0.743298645547536
-0.716346626154106	0.245810055243264
-1.0330123365748	0.826536511441069
-0.398672697725635	0.226331664430828
-0.875371681868855	0.805622645578133
-1.03002865371859	0.408868411482043
-0.519952717504097	0.196880719935875
-0.515260306744374	0.194916268075376
-1.27230614673154	0.573209237266735
-0.511519041389722	0.193429014825003
-1.02146443941577	1.14387485900745
-1.14168760080006	0.991593358535193
-0.87781359058728	0.808449790200783
-0.379902302139437	0.261094470312936
-0.317641354514019	0.223820962180265
0.475076526045886	0.325317361601326
-1.73068068646611	2.25227440382214
-1.2136503284228	0.915888099703984
-1.17902951494206	1.20950253368487
-0.178762181993714	0.0958851492411659
-0.240177792413206	0.120424168061123
-0.397927720961299	0.367941517710279
-0.328850307170748	0.261512811779862
0.468030105402985	0.341887615605683
-1.54632169862481	1.49356757075459
-1.03415274574484	0.827600804352004
-1.33101791621631	0.836854893941403
-0.483551804068526	0.253798509870016
-1.02404152856389	0.405928813773254
0.00297679377822005	0.00215080616178276
0.698190405126956	0.731244767364817
0.390259211983258	0.333514238723712
-0.498529998848944	0.45578799905821
-0.384633257543077	0.217045542086564
-0.025785863754164	0.0120934643077587
-0.512146849346214	0.193682417019057
-1.02815827680023	0.820530949531133
0.11633613148986	0.0863214734806623
-0.949676972041263	0.583050011583287
-2.27842605503229	1.1508820194728
-2.33812431925758	2.1274039920299
-0.489221786064806	0.366729090827088
-1.08544139386495	0.742126079177071
-0.443859890606431	0.294325779825656
-0.94076087744426	0.575878475204619
-0.238104962505326	0.175382225508725
-0.574417337573437	0.419786130246612
0.318632603059139	0.220759094273384
-1.14838795496405	1.00000464719767
-0.766937007143013	0.921382232369002
-0.32863831743444	0.261332836357679
-0.0376906401482462	0.0308471317995388
0.0849466222597965	0.0721903448273223
-0.388784452565304	0.268257818154659
-0.105380770720194	0.074733778976799
-0.111056390955107	0.0972326855979715
-0.484478438048992	0.362348100493147
0.825536485614349	0.347954851368991
-0.132111989182522	0.103270237212391
0.615071710644287	0.468504741240255
-0.39151819406483	0.221601910551045
-0.590173362413726	0.479187682244961
-0.674455790544879	0.533408518347648
0.15866325352339	0.0688602778933149
0.0114680342432415	0.00577170279768789
-0.178032367402949	0.0953902767752288
-1.16252831702977	0.650995830708606
-0.0171535769584859	0.0109785620281068
-0.416765006448899	0.356219251428047
-0.500922163996142	0.458496523165391
-0.627282924096467	0.602368088013128
-0.684808936427128	0.598194856872107
-0.119299616857787	0.0828158546615498
0.553894420061293	0.463941216633452
0.166218517214683	0.102448676086116
-0.971970848390944	0.480045085491414
-0.297662619806488	0.136643790714677
-0.368714142806192	0.318007957858395
-1.15643361370706	0.64569667936618
-0.0170940783283124	0.00812896200425031
-0.660518032084202	0.461354787701841
-0.405314485390816	0.406882220490291
-0.383494586724036	0.26404894005346
0.301449959371794	0.228541776611372
-0.178497131470326	0.0956459312468161
-1.47033100766603	1.02599938675788
-0.299012412106593	0.137188243727459
-0.100919957436251	0.0592953766002164
-0.178793447839267	0.0958987772001113
-0.535000533386053	0.339070880977162
0.310686005216668	0.214563293301747
-2.33458572267672	2.12184844332519
-0.472905601124576	0.399982483225171
0.0321973295287635	0.0177059147787036
-0.616059316377706	0.548568436207236
-1.08280512160902	0.739582673492181
0.181032482639131	0.118642634769132
-1.32316316518959	0.829608938823984
-0.479658898983094	0.251309020470923
-0.324048129852608	0.194510178062158
-0.483516236933145	0.361392364720565
-0.51809967076478	0.428340605430367
-0.448982447329224	0.298413597824112
-1.26514172925701	1.37799347014852
-0.186314574715518	0.100089742702172
-0.532910640930092	0.337400390727852
-0.386869895518601	0.218449364773776
-0.883295021069923	0.732254941185133
-0.482838665424369	0.253085010221614
-0.398496818812369	0.166360910429638
0.451860015328675	0.181866942033698
-0.541412226111778	0.343819737450481
-0.307119098015261	0.141289424880118
0.923784036643662	0.806931287016263
-1.16047655458555	0.648560682486781
-0.10064968729674	0.0399126998409697
-0.482449598323127	0.252828185341853
-0.53709538588282	0.340669552156705
-0.0933277076793267	0.0547393174281118
-0.0580482813352692	0.0252965984062799
-0.0153214048756163	0.00985231145829425
-0.0118185641796438	0.005734341309069
-0.0889077571169435	0.0520773038534732
-0.0170879786297045	0.00813110272349013
-0.304026696799871	0.139495377667832
-0.0264690501549249	0.0123987745175082
-0.21049146922482	0.0680355104001863
-0.025334178973817	0.0118885453741844
0.162973592470961	0.0792908746192331
-1.27605282856675	0.575459260120326
-2.23309466965523	1.87588681095407
-0.790812634254153	0.432207472610888
-0.767523934479266	0.334015614821553
-1.67243860872138	0.946431457093012
-0.970337843228409	0.479137162112077
-0.755475722687092	0.32771915876485
-1.15596353376808	0.645635797756978
1.32945197135773	0.582162101063734
-0.545547053203171	0.571161291743013
0.731099516317254	0.829167485857618
1.25473239836757	0.874072679745981
0.162244414904995	0.0787823381540107
-0.175961374896128	0.0942639461101265
0.863723906526976	0.918423921307954
-0.162238725727085	0.149991696281209
0.0274494137934243	0.0222795733561207
0.798184141548087	0.757969475453647
-0.133371755045673	0.0753233695482638
-0.832540677466195	0.996267451269834
-0.0624079083585914	0.0499385095613704
-0.385444951249396	0.217688034638233
-0.323618584139568	0.194210313686082
0.0113960661581104	0.0057780253108089
0.454422881944119	0.329804598424112
0.115551346780867	0.0884283267358114
0.449401976107345	0.180894143642704
1.2706748545328	0.700302495778272
0.0278166220315394	0.0153374491645715
-1.08988495806943	0.745844392822889
0.435409662390855	0.332610533068709
-0.779221548177488	0.666802940268947
-0.243081488664725	0.179544520966396
0.000794614848143214	0.000438606160329195
-0.670613211990801	0.470531712332047
-0.864844940613198	0.8636043735302
-0.238312136377316	0.119287771452987
-0.491480543755587	0.369013614403085
-1.00882009443051	1.12335165924291
-0.768944294866461	0.334721769210418
-0.975701969459145	0.482325107667453
-0.536067093120051	0.339782793953475
1.63259951850119	1.14951033480966
-1.32600715933987	0.831996850916588
-0.48022477841505	0.251569614223597
-1.13800157837472	0.986730536477724
-0.524521623785778	0.435148509266639
-1.67616245690396	0.948980438839285
-0.180077512287133	0.119887955822391
-0.526792831805877	0.199623357546285
0.667555898130442	0.479150991345041
1.28243787640181	0.708714963810476
0.155056915799237	0.0752237673253613
-0.170736139662664	0.091336522260956
-0.718798226358807	0.246701955031967
-0.0891130379539154	0.0354263445785917
-0.914086987201396	0.66833462314955
-0.317278418965935	0.190041643529322
-0.673708221487687	0.532581047056842
-0.88181259117947	0.813916210032046
-0.790238565760817	0.431560255443424
-0.0912007896628042	0.0362100182642575
-0.147207033020886	0.113149679164536
-0.643351988322185	0.381033761132435
-1.08620582068974	0.741437225844925
-1.27708788883344	0.575900247837692
-2.57747759965585	0.66335545132302
-2.58120409692147	0.664991486920107
-2.577202278156	0.663064687208724
-1.035371697607	0.41104192977497
-1.81206173391041	0.737772890219594
0.152289864541204	0.0287035071443224
-2.06816075697255	0.942730672003646
-0.633409029549556	0.154789771896201
3.26352329858721	1.1213740078214
0.152567656731362	0.0287430408348264
-4.4004961000852	2.23559521571967
0.152567656731362	0.0287430408348264
-3.08652986879455	0.965774290031657
1.96040941896093	0.441936123238363
-1.79835097978106	0.382953978270685
-1.80197754639448	0.383903353697165
0.148503149870495	0.0281892610504199
0.153526628680235	0.0288819285189665
-3.4565848348623	1.23040818352441
-3.08606373064433	0.965887782759055
1.95791760701363	0.441280139896969
-1.13582369620544	0.343734699942405
-0.628807341949763	0.15371861128279
0.671304003309683	0.212965720540022
-0.343877386805142	0.0989458655028747
2.12782135946858	0.955189547994659
-1.13521969998424	0.343544374381215
-1.13422470394875	0.343215945535417
-1.32827572110998	0.834559918748592
-0.785917678846228	0.520239237163398
-0.370081364933128	0.288936567761381
-1.08317950233457	1.03984873337027
-0.693171011123399	0.656903521063088
-0.766260842125082	0.871873859523502
-0.899497472093379	0.751397296573682
0.0975810727510422	0.0668669584659589
0.104653866561039	0.0746301491330238
-0.485432192938809	0.254921909799373
-0.488727232439159	0.366230200033835
0.0571684705322835	0.0335148935408623
-0.0241796253487788	0.0154213013008627
-1.13543440488342	0.343479590196383
1.28581654640313	0.711646332636786
0.164702884100979	0.0414746335821988
-2.85739716967672	3.67885821671424
-0.976948823245	0.483602498755576
0.175961866397088	0.115064227980455
-1.05137424236141	1.09876215628252
0.71773173639439	0.726994506490008
-0.545067466356224	0.34666185434321
-1.26720229454899	0.570065067114721
-0.389315112410885	0.162019133328445
-3.75595364234981	1.48774567650192
-1.80197754639448	0.383903353697165
-0.101314935929686	0.0595196951402003
-0.42205860777024	0.323228006142529
-0.0540298854109061	0.0392941168036894
-0.278790138506887	0.201710274833616
-1.27259601172128	1.55530022948876
-0.262504745957822	0.232290432618314
-0.0439459082122763	0.0324540786606124
0.583960144800626	0.585140105912203
-0.112716302756193	0.078018354316506
-1.66708049458944	0.94076366023866
1.16052007439134	1.3260775547279
-0.459157676562846	0.385448918314652
-0.778051904547075	0.839641789375172
-1.28054172110541	0.578016358254624
0.161642488294692	0.0701787244741785
-0.629267545839357	0.153771215183604
-0.632939126134277	0.15468454480873
-2.577202278156	0.663064687208724
-0.482838665424369	0.253085010221614
-0.597536901231714	0.286060552279904
-1.80922670094713	2.09098416434751
0.00970001301630288	0.00490146010671288
-0.785840531487865	0.60355494763351
0.179853061572936	0.117790410861236
-0.393701773942777	0.164088841030077
-0.149319922100232	0.0533859966265653
-1.33087797244147	0.836903364041368
-0.976521350600269	0.482583572204608
-0.399582852380997	0.226908237882733
1.05595020412007	1.12275768145057
0.752066659577328	0.633425538058941
0.174272094163722	0.101091641919026
-1.43149014463124	1.52532849340869
0.531519400891618	0.462959880863003
-0.229421851429271	0.114605726016399
-0.303352328466683	0.139213671617103
-1.02177744930251	0.404938885053013
-0.390541341742192	0.16273368506513
0.531363846710871	0.191052145580113
0.791498936781003	0.476207621539365
0.152289864541204	0.0287035071443224
0.158494195683153	0.0538070339427527
-0.343388592876165	0.0988541310686696
-1.13482941234436	0.34340642829894
0.167679655711552	0.042156489933972
0.829357632482683	0.349871102086347
0.153335897031348	0.0664786418419361
0.389562507275672	0.175922462529926
-0.216468117878063	0.0699098638062388
-0.6282908079904	0.153557595992093
-0.628347365301396	0.153568930486371
-1.0908147058705	0.747086207250106
-1.33990333527433	1.11081683811494
-0.783224098767035	0.517990219764631
0.163821904772991	0.0877494934898493
-0.996868225509085	0.896419566730574
0.0457895973523679	0.0268586477554817
0.87327492067075	0.650110170904899
-0.172621451244442	0.114478460037686
-0.0937312246697174	0.0549689959954428
0.875067700238961	0.652655265863695
-0.284145825266516	0.206182089978763
0.801993410063086	0.483755283869909
0.426487861028368	0.341013653553837
-1.03275561902692	0.826917692045424
0.528697101266383	0.190116209542368
-0.760073221936386	0.330149047801038
0.693933463905425	0.325466370164017
0.909556061657841	0.492309542177848
1.04388504434288	0.396330532362075
-0.716074907122798	0.245725534591538
-3.08164138813046	0.963767470359232
0.153247518839476	0.0288421886814327
-0.348465736253515	0.100232718134072
-3.45478455762682	1.22912473266304
0.156940156206885	0.0469034675170628
-2.28201927050571	1.15404576819802
-1.02140349604103	0.40462053419898
-1.02205798388654	0.404922502702426
-0.627367542213354	0.153354696036073
-2.57747759965585	0.66335545132302
-0.624566751454544	0.152757086863399
-0.319052393391945	0.191166177096911
-1.98095210934984	1.38205369530046
-0.137104662437005	0.0774722907429689
-0.0935802772284631	0.0371756898766286
-0.215184417856504	0.0694920488130609
0.665738591316948	0.211247784564273
-1.81500400399229	0.739710597985082
-0.768944294866461	0.334721769210418
-1.16923975210477	0.656073999110533
-0.309621828624819	0.142378112823578
-0.0885852217584644	0.0352215356911798
-0.390541341742192	0.16273368506513
0.445351897311158	0.179163843318866
-0.769182441744131	0.334695855481558
-0.42864444461083	0.329518627942107
-1.97741162391965	1.37833374787936
0.608855958293754	0.319648701163569
0.350821583336271	0.197138908459633
0.693797353457984	0.325426895323887
0.00746240044678235	0.00384016287561944
-0.396257405967275	0.22467939586961
0.165704597093625	0.0417255219351786
-0.629267545839357	0.153771215183604
0.156835118177656	0.0532837121933901
-0.144496554164053	0.0517417060723547
0.152289864541204	0.0287035071443224
-0.62503342749082	0.152907838403333
-1.80197754639448	0.383903353697165
0.152289864541204	0.0287035071443224
-1.81272640846626	0.738384406689963
-1.79835097978106	0.382953978270685
-0.631960666018702	0.15447017218279
-0.720404519989633	0.247290988830991
-3.46005827230016	1.23260132520798
-0.533653710911118	0.338070443799945
-0.456641497842149	0.304393216583365
-0.392971239863506	0.222252612587729
-0.203557936143045	0.152333408776496
-0.378739343242454	0.260224980371479
0.530704520139972	0.190734498567339
-0.260360818411665	0.162762486233087
1.46031052974236	0.914154409910613
0.317449261628312	0.206816961022919
-1.92556237532178	1.89084784100577
0.611674863779204	0.321093920335273
-2.27887948482784	1.15170662785536
0.151955561498119	0.0583759744460965
0.166264119494978	0.049533131724672
0.718818228143433	0.476623752419343
-1.82762820437243	1.67125154512334
-0.708444728446605	0.768710893943526
-0.786362558402305	0.520583205969259
-0.38390521650691	0.264294338646736
0.0306724182765856	0.0168304756476688
-0.0183522667234191	0.00869370965970315
0.00900394833011679	0.00460019928634974
-0.786469156136394	0.519856933449477
-0.214295623660532	0.0692156550779169
2.74898391577091	1.68749655285803
0.397684912257592	0.179746510974072
-0.765765030793983	0.333085138267758
0.162479935061762	0.0485106492306684
-1.81339137537901	0.738819242243621
0.153526628680235	0.0288819285189665
0.15626975600377	0.0292821097759299
0.155986207086685	0.0292416787556187
-1.79835097978106	0.382953978270685
-1.79827400712943	0.382942964938875
-0.759482804847398	0.329839085322315
-3.75466048479637	1.48723142869904
-1.51364953741781	0.539764698603452
-1.27095128753598	0.572333958218654
-0.9798255441896	0.485254683607556
-0.777938654239247	0.7284071439894
-0.625993493210468	0.600726780981125
-0.667428554687756	0.467529139039938
-0.687619703769683	0.601030743816545
-0.317337900725157	0.190090651748323
-0.375588968308848	0.293962484379004
-0.647827020382285	0.384214728901211
0.518071428767635	0.331420941887193
-0.322918692432175	0.193786956608351
-0.303352328466683	0.139213671617103
0.170823156563517	0.0915948479445419
-0.383540335979836	0.159493232574354
0.156156517851734	0.0599172453084578
-0.512353993368551	0.193709985793353
1.03518847361878	0.39240103645686
1.13498219862945	1.03141369346056
-1.08946000100677	0.745367000061962
0.149517108687971	0.0648620346525549
-0.832298813066725	0.939796668960366
-0.697480876975807	0.708288132652711
0.0259091678200652	0.0142932329552968
1.04925463034541	1.36675972758539
-0.0454672293837359	0.0283527124768297
-0.0963499139052147	0.0565173249080911
0.170216206297202	0.0427061060191571
0.670977551868057	0.213013404742869
0.529576794989163	0.190434980333926
-1.15860003683574	0.647540210755094
-3.75466048479637	1.48723142869904
-1.51787907990257	0.541534829420545
1.95791760701363	0.441280139896969
0.153526628680235	0.0288819285189665
-0.721740116381346	0.247779502726497
-0.724270980279016	0.248747351366331
-0.624566751454544	0.152757086863399
-0.21584116833564	0.0696924945480662
-0.337820262048895	0.0972724494375125
-0.0930720986797624	0.0369360906603901
-1.13521969998424	0.343544374381215
-0.297662619806488	0.136643790714677
-0.10064968729674	0.0399126998409697
-0.507775655499114	0.191817028036704
-3.45598446335482	1.23025555319821
-3.46005827230016	1.23260132520798
-3.08209765998152	0.963916510480773
-0.934443641944328	0.984995586836293
-0.179788496739761	0.136968483153741
1.1358580026626	1.03160897303814
-0.239049879231488	0.176194730392995
0.323512717202993	0.236750640051711
-0.262520400331754	0.164332339121375
-1.09254522042674	1.28768064801829
0.457334904536	0.332561537883827
1.25368295331417	0.871486640491698
-0.878969296494859	0.81069949503575
-0.18547278210592	0.0996224760694071
0.157728306959213	0.0765831220608979
-0.571476478810885	0.41682048618395
0.697834101611107	0.327384517324711
2.11636802963177	0.949071130565476
-0.147307575406356	0.0527017957649261
-1.42629234359744	1.51631982969884
-0.639291941711779	0.377957628199708
-0.852581643602453	0.845917370806394
-0.184969095234493	0.0993453922343173
0.00904912912321957	0.00457911606444748
-0.0880889872602434	0.051598352566816
-0.384479214601374	0.159918153754782
-0.210258805537791	0.0679543406762681
0.156203958783437	0.0530790256711765
-0.97432550347234	0.481515569107355
0.167679655711552	0.042156489933972
0.162400863971746	0.0409830958055786
1.03451368627591	0.392101981948805
-2.58120409692147	0.664991486920107
-2.577202278156	0.663064687208724
0.94904571537762	0.252100131683616
0.66999328440441	0.21269616854207
-1.79827400712943	0.382942964938875
-1.13422470394875	0.343215945535417
0.947560352748164	0.251716891447637
0.153247518839476	0.0288421886814327
-0.725197552734606	0.249186509576262
-0.782314593715441	0.425542520394239
0.00112281075764437	0.00075272760793415
-0.214952210282499	0.0694159656881339
-0.343877386805142	0.0989458655028747
0.166691919569473	0.0419536988970269
-2.57775304544287	0.66318910114962
-1.81405663489635	0.739163554129331
-2.57747759965585	0.66335545132302
-0.628807341949763	0.15371861128279
-4.00198333838944	1.73672681142965
-0.257063579602391	0.2097235988935
1.17746339503904	1.5845995182162
-0.0921168781960679	0.0649587480898102
-0.264831764872295	0.165897355295788
0.420207377674693	0.334673407672007
-0.457992084580331	0.305543663913159
-1.08632423179233	0.742888077561625
-0.56879689878555	0.414450577716244
0.199458539812551	0.149840506715345
-0.178986490247449	0.119059491272023
-0.542321062663013	0.344448918556544
0.0487792254371804	0.0286162793053479
0.145467332692404	0.0559060223912724
0.548997691058071	0.319805710801645
-0.0872476468677712	0.0347025166398394
-0.404013636678628	0.229593795653284
-0.318122664815627	0.224296195042559
-0.668625261685894	0.468749077886023
-0.315296158514558	0.18872290806031
-0.063795656641452	0.0386807401435266
0.60870450405821	0.319039225318738
0.158160912494813	0.0686419741601485
-0.213871750896534	0.0690577255793313
1.46293066840611	0.915329768940479
-0.0941490463255399	0.037373954189363
-3.08209765998152	0.963916510480773
-0.343223291761604	0.0987971723984263
-1.14009620739235	0.345227889980206
-1.13849388307931	0.344614401149477
0.153526628680235	0.0288819285189665
0.943931183072951	0.250903413595175
-1.79835097978106	0.382953978270685
1.95791760701363	0.441280139896969
1.45476541507032	0.482531337515686
2.75819631171964	0.770700477263471
0.948535538575274	0.252058145640786
-0.520784896269523	0.197143591247867
-0.338812598915516	0.0975423827176717
-0.595956245304819	0.285189963589044
-0.348139745002389	0.10015256573937
-0.348465736253515	0.100232718134072
-0.393683271240376	0.222857482192959
-3.08255415585823	0.963691003677911
-1.02243193496015	0.405269729651974
-1.13482941234436	0.34340642829894
-3.08255415585823	0.963691003677911
-2.57747759965585	0.66335545132302
-0.342904767182509	0.0986489157334515
-0.632432130022522	0.154575713959717
-0.34437786413669	0.0991240395491601
-0.323910955715392	0.256736931212696
-0.682952713357083	0.542381788024039
0.0369623070153813	0.0269263488179243
-0.182269597925741	0.139035395438561
-0.592926515508287	0.482124051788744
-0.432197087034436	0.332841838790279
-0.42362359323157	0.324684363364583
-0.671577990666123	0.471789831271278
-0.482746545399335	0.252981957960072
0.306919022156205	0.233406357312247
-0.235178574711158	0.117570503072707
-3.04135922439213	2.46197606148559
1.06795776597357	0.517462167643025
1.33366758907542	0.584614927374746
-0.0533922081460383	0.023320968973608
-0.425890156696449	0.326790112571971
0.0318511472669207	0.017526673199629
0.181766852836968	0.119104011819048
0.0367201816007044	0.0201260186850444
0.517354709293456	0.330829548815529
-0.220701982745366	0.0712623910786716
-0.997776396536211	0.897441347295358
-0.30978211098447	0.142538941140607
0.675067592191977	0.214306398275368
0.167299398578488	0.0420768316112512
0.153526628680235	0.0288819285189665
2.75349844687128	0.768381126605175
1.82480922054022	0.715302875396814
1.95791760701363	0.441280139896969
1.95791760701363	0.441280139896969
-0.717014216380814	0.24607192548599
-1.79835097978106	0.382953978270685
0.163149905636875	0.0486839149701593
-1.02181759550244	0.404915960039854
-1.72054662646301	1.45107402966236
-1.26782842660809	0.570441623693441
-1.79827400712943	0.382942964938875
-2.27780018619271	1.15033627466324
-0.725462519324565	0.249202983263282
-1.51429942551804	0.540079204882619
0.152567656731362	0.0287430408348264
-1.79835097978106	0.382953978270685
0.15626975600377	0.0292821097759299
-2.58120409692147	0.664991486920107
-0.628347365301396	0.153568930486371
-0.482039420260376	0.252892500432474
-0.133534540847715	0.075333319072498
-0.262351074052874	0.164213017623585
0.0107818740832849	0.00547450602994715
-0.786118923525928	0.428616616401926
-0.147668894003962	0.0528350865223225
-0.0909812702661279	0.0361369320775598
-0.480775363998486	0.252154903665401
-0.328556895339009	0.232796422229739
-0.885079605551218	0.818142785563353
-0.0499647003777494	0.021861406209612
-0.486489611272023	0.36406265122459
0.15566119641323	0.0528907668896057
-1.81339137537901	0.738819242243621
0.509959719361762	0.324827312609894
0.400639531299599	0.181254630717297
1.34239564263967	0.58911629470159
-0.627829060935039	0.153504607197422
-1.51787907990257	0.541534829420545
-0.629267545839357	0.153771215183604
2.75446121880292	0.769079402442662
-2.57747759965585	0.66335545132302
-1.79835097978106	0.382953978270685
-1.13461598703551	0.343230613786831
-2.577202278156	0.663064687208724
0.671634827760764	0.213161681695785
-0.478312788084848	0.250494332240814
-0.633409029549556	0.154789771896201
-1.83596734364611	1.15789643592512
-0.97488319956805	0.481856856064848
-3.08164138813046	0.963767470359232
0.166084152255821	0.0418055330790301
0.670977551868057	0.213013404742869
-2.5814875372856	0.665060440379843
-0.48749059449596	0.442722356235417
-0.319764280518457	0.191550998355328
-0.0501439082791893	0.0219384271250129
-0.140453125776789	0.0502912243623736
-0.219615570186308	0.0709016531943509
0.148551241333892	0.0570670819556719
-0.179666401920905	0.0963886797668443
-0.21214195890294	0.137056420344583
0.151905065586114	0.0516577328804664
-0.765940836347365	0.333199505978957
0.169050169640938	0.0905837542464818
-0.390129115227146	0.162381960557114
1.45674006944678	0.483086167228603
-1.81339137537901	0.738819242243621
0.165097545701885	0.0415776969264477
-2.58120409692147	0.664991486920107
0.532249310589414	0.191451139948052
-0.0205895773101619	0.00972288837542771
-1.79827400712943	0.382942964938875
-1.79827400712943	0.382942964938875
-0.628807341949763	0.15371861128279
-0.632432130022522	0.154575713959717
-0.179782489323181	0.0964596202923577
-0.393319211279937	0.222763960416708
-0.342569521377039	0.0986187132378211
0.153987654009519	0.0523299241322952
0.400108980255719	0.181011258193719
-1.15461876686819	0.644909797753092
-0.787462658963457	0.429441203299091
2.36754294612825	1.18909136225664
-2.06498921937498	0.940669172219577
1.28348754004182	0.710145276939858
-1.32585381591904	0.831487600628691
1.03794125892168	0.3937132286134
-4.2149573643429	1.97917904519139
-3.08118534013847	0.963229045953577
0.153247518839476	0.0288421886814327
-3.08255415585823	0.963691003677911
-1.13642797594247	0.343807560451606
-1.79835097978106	0.382953978270685
-0.603569776832878	0.289530217732636
-0.346493976209143	0.099688871662609
-2.47297952981455	1.37941840577469
-0.722931655342073	0.248186129920582
-1.79827400712943	0.382942964938875
-0.628807341949763	0.15371861128279
-0.631960666018702	0.15447017218279
1.45378984515444	0.482188083152346
-1.13582369620544	0.343734699942405
-1.79827400712943	0.382942964938875
-1.81937129385307	0.742146991690708
-1.81597855999324	0.740149609155373
-1.08904035395116	0.745873068029886
-0.216468117878063	0.0699098638062388
-0.604385963324169	0.28993546473718
-0.48043556215025	0.251599107605159
0.702589406051372	0.330108714505391
0.161546088205671	0.0482379354240544
-1.59134002595694	1.22064250070672
-0.963915702495613	0.947012836217973
-0.186585118862263	0.142616736800904
-0.725197552734606	0.249186509576262
-0.343557529393447	0.098858556674811
-0.0538704804588568	0.023522949439285
0.348081150089334	0.19507350349043
-0.218958293525578	0.0706782121263062
-3.46005827230016	1.23260132520798
-1.15491208040457	0.644782539822404
-0.302154666650255	0.138838114292047
-1.48003021054625	0.747396111649981
-0.314194020465315	0.187864684246389
-0.343557529393447	0.098858556674811
0.156326160781651	0.06788387440154
0.949511917528176	0.252227362219882
-2.58524212677275	0.666574749875287
1.04857925580033	0.398386002712382
-2.577202278156	0.663064687208724
0.152567656731362	0.0287430408348264
0.672433098173043	0.213363007143314
-2.57747759965585	0.66335545132302
-1.51395570496283	0.539857861420258
-0.628347365301396	0.153568930486371
-2.577202278156	0.663064687208724
-1.13482941234436	0.34340642829894
-0.213782988942729	0.138184928321869
0.792925008144561	0.476792513172063
0.358966929892076	0.202215697986477
-0.385592301862764	0.160437798197036
-0.724270980279016	0.248747351366331
-0.417968235760075	0.357605869391295
-0.626039823325316	0.600329291724942
-0.496499377465943	0.453307533310678
-0.257137635729048	0.160561256162095
-0.378980636781437	0.297315194557857
-0.568248916759757	0.414046551129734
-0.605969157577345	0.290775014467569
0.0956364908162455	0.0654767981222353
-0.226803794676283	0.11323424250014
0.171207721440545	0.0429238305772998
-0.768352792297376	0.334422629290655
-3.75466048479637	1.48723142869904
0.67818871429907	0.215276668097008
0.169606362252511	0.0425824743634164
1.46200161799251	0.485043607977997
-2.577202278156	0.663064687208724
-1.26039725057789	1.37043826006392
-0.302684803441937	0.138894094973484
0.163258521409505	0.0873754200979205
-1.3255937213465	0.83253919775954
0.184208971128458	0.107286203730555
0.369680237439834	0.187316222279824
-0.596482976054808	0.285499705181231
-0.234809425524838	0.117511784034287
-2.06245951802953	0.938660446621569
-1.79827400712943	0.382942964938875
-1.79827400712943	0.382942964938875
-3.76352019154601	1.49252369844564
-2.57747759965585	0.66335545132302
-0.629267545839357	0.153771215183604
-1.01800776945425	0.403095119703069
-1.79827400712943	0.382942964938875
-0.729656205414228	0.250803779141173
-0.600945452127417	0.288192951462126
-1.09749422834037	0.753440297243651
-0.141639320211541	0.0506853741123513
-0.518098540358184	0.196099975558502
-1.27563663242186	0.574921211984683
-1.82003859074053	0.742440609774219
-0.062363223491777	0.0445072403241281
0.0944600777545721	0.064621457256937
-0.873585734519507	0.803508401072555
-0.495911570754223	0.37296950543419
-1.26573615989055	0.569176208845945
-0.530993641294401	0.335743115410033
1.25864259778637	0.877300060905835
-0.20731169955454	0.133609291197628
1.95791760701363	0.441280139896969
1.04707331050621	0.397622620290395
-0.720404519989633	0.247290988830991
-3.08209765998152	0.963916510480773
-0.72013323546054	0.247288973526613
-0.214527945453891	0.0692825908233493
-1.50888807540829	0.537491075612833
-3.08209765998152	0.963916510480773
-3.45538437102149	1.2298802093729
-0.343557529393447	0.098858556674811
-0.0919574695453116	0.036541322818128
-0.786460657491084	0.428738271415608
-0.329991155638563	0.262545662379338
-0.7918934736901	0.525259653162864
-1.81405663489635	0.739163554129331
0.557524738939963	0.325417645749035
-1.2205712927022	0.923428233282641
0.17788884656253	0.103440789806612
-1.82857347238231	1.14972702062301
-0.175803038748429	0.0942209243993375
-0.662462420121435	0.463512989567089
-0.533102294163325	0.337135327881268
-0.637582577181203	0.376691929442228
-2.57747759965585	0.66335545132302
-1.51429942551804	0.540079204882619
-0.975143708565975	0.481983361314072
-0.256313892543213	0.15996166345841
-0.150150825163376	0.0537025862361469
-1.32182754991782	0.828540531572284
-0.0900023261289301	0.0634028277064356
-0.0960501788610414	0.0678543406457797
-0.519904591720816	0.430228960707957
0.0659870502112913	0.0409761095002006
-0.779375538859805	0.787839589848979
-0.0953837123164038	0.0378559678713646
0.29812518862595	0.235115174328581
-0.413346603209314	0.352596121535882
-0.327068005429443	0.231674038046809
-0.142801753920347	0.0511111283728562
0.157212954461689	0.0603521678958182
1.57194209705912	0.782247674039277
-1.48747869119683	0.752986436506107
-0.629267545839357	0.153771215183604
-3.08559782341753	0.965445184573826
-1.2716807533598	0.572793163347261
-0.141381032056214	0.0506159875060989
1.08048187922267	0.524983049366151
-1.01866173967953	0.403351708479081
-0.489001753938709	0.257051190955977
-1.08904035395116	0.745873068029886
-1.55827319142729	2.06764333907377
-0.247683811423608	0.124349855315223
-0.560983110271049	0.406922709186354
-0.922444501786531	0.677458790393325
-0.478399125067024	0.250480300379524
-0.225973509003302	0.11275668603762
-0.323349815922808	0.194178131890326
-0.591920855086722	0.481156941723062
0.155830846953325	0.0756720249396255
-0.377152551499032	0.295549980012003
-0.139952173851742	0.0949005321606256
-0.86974514853521	0.797402636194195
-0.765175557038133	0.332787545954992
-0.72013323546054	0.247288973526613
-1.71341030529332	1.44096232701918
-0.138847512932221	0.078510123656995
-0.970892981528366	0.479476252553341
-0.234434407616528	0.117312786141982
-0.0201351168809393	0.00951814173750302
0.161838633058015	0.0785571392099489
-0.181592286619304	0.120956128307265
0.0497432203619817	0.038587417925504
-0.216716701068663	0.163339819982169
-0.326644590152763	0.231165238907919
-0.325652626248348	0.23031587568642
0.445210774312095	0.34177219776738
-0.778695597816482	0.729488733192544
-0.988806225111604	0.885284933141655
-0.072791773083858	0.0442166607365889
-0.301992926115802	0.138715804797546
-0.127894617670724	0.0721135846448901
-0.267879800824777	0.168006557906151
0.486326683528229	0.334386313987649
-0.216450522811335	0.140124617647924
-0.323911939660193	0.228934649412619
-0.4739444359292	0.401075975966362
0.0549266241967196	0.0322060741382895
-1.48155989649946	1.87305465500101
-0.213869349657229	0.138298034388324
-1.63655370221	1.68511735481712
-1.21383338262308	0.91506090571518
-0.79115930717907	0.609506750780584
-0.281418678328529	0.203834868156815
-1.24164743162123	1.16025584723487
0.69825439332772	0.613336818389575
-1.80731998141903	2.08666647742292
-1.02946668601389	0.822747841286217
-0.788807031103246	0.607317614425229
-0.566836607040729	0.41261510467579
-0.0649000649110294	0.0282040032797647
0.908754057121672	0.491693289203694
-1.26782842660809	0.570441623693441
0.0679410454112688	0.0422034140099376
-0.325595579296222	0.305427849612189
0.0779061792861964	0.0508412029258134
-0.03405664201389	0.0254727342470337
-0.0547397772584367	0.023891573249213
-0.69909217268141	0.664468025484307
-0.671532944019621	0.471252346424436
0.151078767063253	0.0513922453176723
0.695729012477645	0.326110198390156
-0.236690008037343	0.118538155348382
-0.446560792323963	0.296543261732388
-0.130658199335469	0.0737361903279839
-0.597810902143413	0.487135004826517
0.798209372342626	0.635755890430771
-0.530813822463776	0.335785688786807
-1.27472641064303	1.56061585153815
-1.83544266309231	1.15745114055166
-0.536249291854373	0.339478552090136
0.435882427217611	0.332930262402388
-1.14735437521966	1.00027922571281
-0.570950874880942	0.554184320856831
-0.564107669980718	0.410154597686183
-0.439529770188393	0.403037601286608
0.696950461193977	0.611894294162871
0.020636118910981	0.0115013212176013
-2.63990608354346	1.62152188845655
-0.763521365008921	0.33199257640622
-2.46966055940012	1.37603284777562
-0.140715784396892	0.0504140657914447
-1.16831815691166	0.655202121260252
-0.603858541844289	0.289605298529074
-0.263925211276735	0.165159832735452
-0.720801185410545	0.247515042606667
-0.211147146065051	0.0682441817050335
-0.524221021940353	0.198635348498468
0.161787544386438	0.0408470066516523
2.75446121880292	0.769079402442662
-1.024931295921	0.406505232933835
0.160770338301963	0.0545730641617949
0.15099938031158	0.0580155990573076
-0.214760912211579	0.0693111282263225
-0.98424529190162	0.488111445785559
0.168153543985118	0.090070366396639
-1.17749834628901	1.2084116105887
0.157830822565027	0.0684885666679607
0.166786027725508	0.0496866477008084
-0.0522685582462237	0.0228328856694266
0.618616593053177	0.471939415199108
0.160764296833873	0.0781221901252004
-0.300183622120556	0.13769466567918
-1.02914313042809	0.408292194963719
-2.23128240482134	1.87072082706504
-0.939973778842872	0.575541822512595
-0.216397539816921	0.140038663097702
-1.08900159906982	0.744989841479376
-0.146844577524397	0.052546453265397
-3.08652986879455	0.965774290031657
0.166691919569473	0.0419536988970269
0.151314542815814	0.0580720899603209
-0.975840546953884	0.483006975700918
0.154813591090059	0.05261311136075
-0.597298018480201	0.285831906464435
-1.13642797594247	0.343807560451606
-0.213407527517472	0.0689186426519193
0.950862031539505	0.252628333014658
-1.52246168976357	0.543554490442396
0.166084152255821	0.0418055330790301
-3.75466048479637	1.48723142869904
-1.14070599952463	0.345337330024218
2.35768834257036	1.18170679045419
-0.734134915594957	0.252354870329572
-0.514630991185235	0.194661861681357
-0.142763978258851	0.112293867883252
-0.244517172521521	0.180722386642679
-0.0993813679868922	0.0583347745607907
0.0595678619488534	0.0369449840843735
1.96035967699557	1.22564675523578
-0.220262519812181	0.142756842086979
-0.278786037283015	0.201597250816545
0.517193879458159	0.330711639673859
-0.172211622832687	0.0921759627106909
-0.290837956419015	0.234570662463699
-0.0674068407847319	0.0482097944634025
-0.179834977777788	0.0963939296913398
-0.791084221056078	0.43205166057552
-1.04086297166354	0.835613451251988
1.45415502686182	0.482281800899209
0.169244143137115	0.0424535983384504
-0.237898192898887	0.11909949802352
-0.52141433065344	0.197411751800862
-0.0944152775936752	0.0374478151240738
-1.32777794229255	0.834129292974093
0.0294683657654506	0.0162119347353766
-0.597227914140396	0.486793052864324
-0.0552185882507658	0.0240920164973833
0.167299398578488	0.0420768316112512
1.0461523665238	0.397340617252217
-0.343716239253643	0.0989197038205485
-4.00264517130229	1.73724766439162
-0.342904767182509	0.0986489157334515
0.153526628680235	0.0288819285189665
0.826058603447256	0.34818473678636
0.161728296038685	0.0620655366466359
1.33432841091739	0.584762055165741
0.0696446996523337	0.0432809640400429
-1.34082924885803	1.53936589426928
-0.701823919138441	0.668262043859188
0.0276554667150472	0.0152336830065268
-0.126078389748458	0.0710313580368133
-1.14009620739235	0.345227889980206
-0.594872075250488	0.484015298206952
0.0886483937560005	0.060484685589446
-0.228961564850984	0.114353262369179
-0.388197675575098	0.161522746371051
-0.152178960154318	0.0544209424602452
-0.177648215859676	0.135102036566154
-0.141790359133792	0.096256343839131
-1.82579577592413	1.66971170633487
-1.47275728400785	1.02915321741605
-0.0922598492336672	0.0366247500539306
-1.02469648429794	0.406260196260825
-2.28585533134193	1.15639129221173
-0.0969908899662375	0.0569306005607777
0.158019850561132	0.0606595504222323
-0.263925211276735	0.165159832735452
-0.267879800824777	0.168006557906151
-0.0504442919763924	0.0220653569575298
-0.261546575745077	0.163634228114615
-0.0518860650772552	0.0226643289873338
-0.0919769811670259	0.0365130808912025
-0.676738097162594	0.536093724176503
-0.915340180133401	0.670652200801882
-1.17088121859556	0.657480126086544
-0.511940042194786	0.193536003564032
0.162330854953818	0.0484266272065399
1.57853179581211	0.786593108338459
-0.645147713670818	0.382385626122668
-0.321089971024266	0.192600032285874
-0.785275859172774	0.42804546176086
-0.549497032540973	0.495802526071705
-0.704088857729692	0.717753851626243
0.00124572568773134	0.000715736550102895
-0.327875594281063	0.260598320423112
-1.13086828003761	1.25101002591653
-0.687336250268542	0.601196690625195
-0.488804236923129	0.366490720309803
-0.22209856191716	0.182752822599959
-0.0599282235942768	0.0363252224257915
-0.123304047211233	0.0857568204769922
-0.540303361333678	0.484705431627268
-0.23392874704153	0.116955820033335
-0.604385963324169	0.28993546473718
-0.0961958516660323	0.0381720029501695
-0.491003715280789	0.25845027245793
-0.0425835725404	0.0265431596389678
-0.0970081236743832	0.0384843792732294
-0.0933383356565446	0.0370733064011173
-0.0342372220177233	0.0256196097827116
-0.179335475552664	0.136505819922584
-1.54132212854673	1.48415855997898
-1.33422615705862	1.10443739939896
-0.149245703371587	0.101699734554078
-0.304564947043032	0.247484191120117
-0.277287388534035	0.200377686078306
-0.650957199039056	0.710969808109907
-0.893503359974351	0.744434603107694
-0.777197593003296	0.594844656714481
0.839136540383533	0.354036968294576
-0.220046200254686	0.0710211291721289
-1.60079521697271	1.2323902039032
-1.14085688380089	0.989678454697209
-0.300815787053256	0.138179061037765
-0.396380818521466	0.224596257835923
-0.1484300439395	0.128301151238025
-0.322918692432175	0.193786956608351
-0.526241656976153	0.436820155756545
0.0105612687141988	0.00532410498159347
-0.425615049807647	0.326611818303284
0.33111510049702	0.201942148874924
-0.72013323546054	0.247288973526613
-0.4882915023704	0.256770531740818
-0.429549938439011	0.330339022080528
-0.601193180797673	0.490963501799403
-0.0209439333803675	0.00988065895143884
-0.171638438808738	0.0918487937951121
-0.776570084044783	0.594393940381104
-0.693811074682813	0.608601966776371
-0.394664733515481	0.223567849334958
-1.08968143690715	1.04867115795937
-0.235178574711158	0.117570503072707
0.0192478330918409	0.0129454204072145
-0.398398243615136	0.225996020845194
-0.0593913011639312	0.0258570156938291
-0.390077977567421	0.162246452622569
-0.178762181993714	0.0958851492411659
-0.0925419739006504	0.0367298119405397
0.156231251986604	0.0599368617706199
-0.216730820199361	0.0699462135090824
-0.971154032702967	0.479737216367389
-1.81500400399229	0.739710597985082
-1.15562716829162	0.646096969883814
-0.33946832567862	0.0977521416130555
-0.627829060935039	0.153504607197422
-0.627367542213354	0.153354696036073
-2.577202278156	0.663064687208724
-0.91909086528983	1.0336103268551
-0.260779097811728	0.16305092537848
-0.687619703769683	0.601030743816545
-0.666203274287846	0.466344658073727
0.147235023846669	0.0638991755877789
-0.719194825953782	0.246846541949292
-1.79835097978106	0.382953978270685
-0.972527121118781	0.48038507609251
-1.26761330153312	0.570312266968185
-1.81803758289888	0.741154469207919
-0.718527169744358	0.246584376429975
0.165704597093625	0.0417255219351786
-3.08209765998152	0.963916510480773
-0.343557529393447	0.098858556674811
-0.763253894263622	0.331680843347779
-1.34037610298932	1.34148845034747
-0.319968224443114	0.19175524298423
0.796370623725591	0.47969996127825
-1.51084659522504	0.538498609405326
-1.79827400712943	0.382942964938875
0.172417747420133	0.0924779010553365
-0.853058634084709	0.846608915106216
-2.28585533134193	1.15639129221173
-0.020495988324213	0.00967683786201957
0.160803134128977	0.0406203249121647
-2.57775304544287	0.66318910114962
-0.720801185410545	0.247515042606667
-0.399047738937866	0.1666082552709
-1.14500748998934	0.34676210015847
-0.596482976054808	0.285499705181231
0.445343832301428	0.179072239658324
-0.549080360576225	0.495174232475519
-0.727349357481355	1.00902296065038
-0.471320780751444	0.398332469432642
-0.522163393692239	0.432435114967521
-2.11758122233325	1.63005187050678
-0.534844063159066	0.338455790937917
-0.135723936495448	0.0766671648134023
0.396630275203352	0.179436309889633
-4.40349154711191	2.23964398720671
-0.344210615318698	0.0990368506115311
-0.389569741096937	0.162139446571965
0.155372593274282	0.0528040448022981
-1.13422470394875	0.343215945535417
0.153247518839476	0.0288421886814327
-0.628807341949763	0.15371861128279
1.28323584244082	0.709344702714371
-0.392427347038685	0.222191946736064
-0.872233042731299	0.801651914954694
-0.94211985694985	0.576875665077477
-1.0925740613535	0.748722667514712
-0.141845773618067	0.050752565243232
-1.21466793173399	0.91578378518217
-0.637207365643444	0.376791968876986
-0.142691607104766	0.0969270960107653
0.533792789739045	0.192056407531968
-1.44755115316314	1.29843802329474
-0.340124379015428	0.0979309335927298
-1.79835097978106	0.382953978270685
-0.511940042194786	0.193536003564032
-0.723601171891188	0.248501036925982
-1.81464460056793	0.739454066743349
-0.716074907122798	0.245725534591538
-0.213871750896534	0.0690577255793313
1.27613148005181	0.704271437338661
-1.32550735618149	0.831653510457896
-0.944897441712722	0.579045320741444
-0.941626994279991	0.995406881649331
-0.49628027388914	0.37326115895908
0.624992199703568	0.679566145436796
0.152197319003423	0.0660943655371185
-1.0881542378464	0.744264951222042
-0.628807341949763	0.15371861128279
-1.5137684225729	0.539722178307758
-0.786730439835306	0.520654779446429
-0.523891772544462	0.434447628013709
0.191722082474016	0.132271226218418
-0.403332630540676	0.168436644175274
-1.02116299616938	0.404658802027825
-1.13849388307931	0.344614401149477
0.947097253557627	0.251590606337117
-1.8102563556085	0.737065861487772
2.57433453852274	1.43428036821692
-3.08209765998152	0.963916510480773
2.75446121880292	0.769079402442662
-0.0925277660886406	0.0367647652287992
-0.628807341949763	0.15371861128279
0.159935698928882	0.0777946107793247
-0.486565050064821	0.255503398290211
-0.373753208569227	0.292378176031543
-0.281759304285877	0.204133841229655
-0.574390963567504	0.558547655734364
-0.177998700378769	0.13544120733578
0.697978281106725	0.612593259645089
1.33681578405904	0.586406825513233
-1.13521969998424	0.343544374381215
-3.75530690635197	1.48758661786965
-0.214295623660532	0.0692156550779169
-1.02582176479153	0.40676668488424
-0.914086987201396	0.66833462314955
-0.322283108399758	0.193124506761297
-0.373945574518796	0.323505827488368
-0.394817082850977	0.164570915301435
0.158553310337376	0.0770080320663128
0.53650666226299	0.193022853279719
0.678851289250749	0.215426557227367
-0.21584116833564	0.0696924945480662
0.693311393297908	0.324654322059992
-0.342569521377039	0.0986187132378211
-1.51919018322957	0.542251856895701
-1.33201001019962	0.837551683249891
-1.24267780576249	1.16091280761459
-0.293517349043224	0.134518497169001
-0.381696384978997	0.262610842581146
-0.42711704728829	0.327971065950394
0.699134575219276	0.614400307078252
-0.916333531250966	0.670028766620676
-1.09122811906798	0.747958098217267
1.62266095881155	1.13959508422861
-0.721072169669292	0.247553433626533
-0.718798226358807	0.246701955031967
0.166311360817904	0.0418484681801843
1.81892370521347	0.712261250406347
-0.219615570186308	0.0709016531943509
-1.03635320805342	0.829727905574562
-1.08624797880064	0.741690924050984
0.17691980807916	0.102718523354064
-0.180014237267728	0.119849139850964
-0.213053117196675	0.137704014584696
-0.230754985774465	0.115305364972777
0.868418405719597	0.646353397464907
0.744161093245834	0.624703407522183
-0.235124444694221	0.117519309893651
-0.8974660422686	0.748902632200508
-0.375070157474531	0.29346952909202
-0.222862731650358	0.11114931055919
0.486793094259285	0.335094365545386
1.11517745291194	0.854091254858432
0.333264146989906	0.203080003804653
-0.516012954828724	0.195311472335776
-0.65006016269983	0.385971341998426
0.155109109614118	0.0752381399806905
-0.3023299751381	0.138783527470316
-0.23296009636111	0.116401367298427
0.721227481435123	0.477973176534982
-0.0499647003777494	0.021861406209612
-0.545299927540236	0.490858713121195
-1.3376971551088	1.33717513494946
-0.174389328787387	0.132400732923565
0.18872355148043	0.135676067299741
-0.330225887798068	0.234316936833304
-0.22732989546435	0.113525721490489
-0.27086693637828	0.170099340465356
-0.123829091012602	0.0861541861314932
-0.448559825152512	0.298056575308634
-0.634084328271827	0.649150449528549
0.670306168741412	0.613906622611962
0.0525697948275612	0.0308571197626386
-0.662035470186684	0.463166395428774
0.665785945605649	0.477849247414849
-0.178439789518203	0.0955953535585261
-0.174931447771067	0.0937335226650603
0.530035330007345	0.46149825551465
0.59473553527942	0.575507768706889
-0.326704851607263	0.231373487289421
-1.21792295622985	0.921287258397118
-0.237997118059901	0.119247896195905
-1.03528070510311	0.829529399338896
-0.0610600813507289	0.0370120081812355
-0.176873422759186	0.117564270648893
-0.244468265640951	0.233532342561239
-0.145711141992733	0.0991264672128903
-0.964907742970521	0.947732332057459
-0.683501938929572	0.596653039166769
-0.389023283120081	0.219826519466714
-0.766183542420233	0.821507815426758
-0.676326382307665	0.535659336196087
-0.446303551492247	0.410775331737454
0.209901448736896	0.174984523310774
-0.391256920929822	0.22121685740211
0.290419058339918	0.268682479281291
0.17247912964249	0.0999766489990302
-1.54540545894463	1.49200675877553
-0.108970171783218	0.0752581548276122
-0.0524122205633373	0.0327001635704234
-1.15554545799499	1.42672198626923
-0.0994433332526623	0.0583787570010648
-0.846253216368245	0.9019321505488
-0.228931693725569	0.189124067109247
-0.0840236706591235	0.0667809549888292
-0.474902779502295	0.46865747106291
-0.0928880368187261	0.0655243278345887
-0.649925774830605	0.745929363377061
-0.328106681611371	0.26079726696483
-0.643088603759454	0.699180030945694
-0.701597937609668	0.617512427053133
-0.583177991066927	0.427545054607092
-1.14902267037276	1.41427085993179
-1.1506560601907	1.00341180943042
-0.691565992634402	0.605885670171155
0.307324412357578	0.233730944761094
0.425588879189619	0.340149748984282
0.19571957379954	0.129063647989434
0.438236205106086	0.451236630474198
-0.091286463831621	0.0535008452873465
-0.466883720816231	0.393778849655995
-0.00276327261790608	0.00181126389302197
-0.459454736666941	0.306503160006571
-0.115598209698373	0.080107010594237
-0.142146925583287	0.0804385035907665
-0.171186193912811	0.113461413841639
-0.0691873990985705	0.0419952657371796
-0.674455790544879	0.533408518347648
-0.678796396592242	0.537645167172033
0.011314828905416	0.0057194157425944
0.457859861272484	0.462963218392209
0.0852719908535426	0.0557878303855056
0.0487792254371804	0.0286162793053479
-0.913578755756779	1.02502822440478
-0.322202522980268	0.227560539224046
-0.547938417400543	0.493972440809226
0.16061705718604	0.0616461052533966
-0.715407313671064	0.245463795469067
-1.22231056197203	0.926157172202839
-0.170089038686534	0.112688020811563
-0.0968418324321376	0.0568490712973567
-0.328612152939943	0.232921832364937
-0.271694516304602	0.170681092161719
-0.561007500329752	0.541252753186495
0.324204450893204	0.211811046999668
-0.774778872999033	0.834919553817714
0.926885239492393	0.811542069924718
0.188980601015994	0.130275109358915
0.209627684283957	0.163994113559107
0.72278219415017	0.733899305840252
0.386536512475175	0.354335924419777
-0.770183971407897	0.827911343471488
-0.300032253052604	0.243241442688321
-0.781059109077928	0.732695811538216
-0.77689891986451	0.726956353137522
-0.270266247186978	0.240428212878118
-1.73077298993477	2.25406188124362
0.750760432420244	0.63196554898168
1.45004863318439	2.20596506843285
-0.472883770374736	0.503595287804011
-0.429541537387219	0.425413003579978
-0.633409029549556	0.154789771896201
0.148503149870495	0.0281892610504199
-3.08164138813046	0.963767470359232
-3.08255415585823	0.963691003677911
-0.521661506473467	0.51117790282822
-0.0722694994281694	0.0517716148390363
-0.010068111224088	0.00656390940478876
0.185240825369393	0.115069047331564
-0.379528256798497	0.29774753476802
-1.04528978436671	0.840386364998006
-0.661400459232238	0.462429938881393
-0.497670270882979	0.374536276755645
-0.704714620316367	0.671656724037315
-0.259799338271514	0.162332109325402
-0.47960019055117	0.474589322825945
-0.774617220095796	0.724294569920464
-1.170412636778	1.58307008833981
0.322025632891518	0.22353376011927
0.548043661706209	0.457954550593491
-1.5235694170726	2.20686994931402
0.31090292592468	0.226291818983096
-0.994597799973026	0.8934021867181
0.412875940576615	0.343004430542707
-0.592046202201501	0.614809331276188
-0.678127146641524	0.537158857832536
-0.777132960643208	0.594698389085474
0.0222621424838516	0.0149870276845177
-1.63888409498241	1.68788073595238
-1.04623308117336	1.09120550934958
-0.527139960200988	0.437898099303304
-0.607493116993794	0.538735661736203
-0.284325819098094	0.228385271254734
-0.379145176781034	0.26023447217293
-2.577202278156	0.663064687208724
-3.08164138813046	0.963767470359232
0.166691919569473	0.0419536988970269
-0.214926988436609	0.0694297469164798
-0.852915619411681	0.973567659331749
-0.964395536579091	1.20243105746619
0.185490483288048	0.121758446763548
0.0209485265634328	0.0147442114655653
1.03107041228391	0.976877992336972
-0.294852408511201	0.135165072534677
-0.142821936206303	0.0970304708192556
-0.479348001921085	0.25129970765355
-0.265320653167808	0.166200521712164
-0.65621810638521	0.457534145768892
-1.15994831418737	0.648194729337701
0.364512067221296	0.184557292478092
-0.133484467490344	0.0753209848308568
-0.70354312425525	0.670179383251631
-0.146228072743793	0.0994960505972056
0.533181985742035	0.465038709127317
0.168707824745511	0.0904708981896742
-0.383494586724036	0.26404894005346
-0.538782559158798	0.482991134521989
0.105588737248284	0.0779133388573488
-0.311680891878061	0.186143060777094
-1.16585459038264	0.653552294732726
0.0452128141219504	0.0265449499264106
-0.263918543102616	0.165211456139202
-1.32974507359641	1.32382670474871
-0.467655012657916	0.394620933981923
-0.682918474719367	0.542178037562187
-0.628807341949763	0.15371861128279
0.947560352748164	0.251716891447637
0.152567656731362	0.0287430408348264
-3.08209765998152	0.963916510480773
-3.75466048479637	1.48723142869904
-1.79827400712943	0.382942964938875
-0.423524149743077	0.53310443334337
-0.211103704503372	0.177309146340833
-0.699558510552442	1.08590291900178
-0.167578576471512	0.152401439290408
0.0228787604078656	0.0160842680095385
-0.993744428496466	0.892318371256363
-1.59398955060567	1.22311764567744
-0.394425920047143	0.16452744300679
-0.142440177804696	0.0509737826404277
-0.16710382889069	0.126316633287489
0.450459119351611	0.34645726543778
-2.77520750803597	1.86975765320845
-1.669417954829	0.943624271805176
0.337166901235666	0.206123925485152
-0.323603488797928	0.228758031446695
-0.365181951534932	0.284172423787234
-0.669366104600717	0.814589742580498
0.0706759346551186	0.0568432962933169
-0.227380443305024	0.219292705780896
1.04430615218189	2.0820290355596
0.211618686952431	0.186783073914365
-0.973820329884273	1.51569853227757
1.39986868376153	2.63952152422113
-0.177566787491325	0.149672724878747
-1.46430979837535	2.04014401558552
-0.326777805229533	0.231486862343745
-0.910207535275588	1.01908541241555
-0.470313382727414	0.397285621049556
-1.79827400712943	0.382942964938875
-2.577202278156	0.663064687208724
-1.79835097978106	0.382953978270685
2.75722496636877	0.770257049482932
-1.79827400712943	0.382942964938875
1.96040941896093	0.441936123238363
0.152567656731362	0.0287430408348264
0.152567656731362	0.0287430408348264
-3.08559782341753	0.965445184573826
-0.628347365301396	0.153568930486371
-3.76005537586954	1.49066052927293
-0.479901039693243	0.475076001906234
0.193741065335092	0.139519471432016
-1.05108308562984	1.09899968734588
0.0504974356524838	0.0296242075895654
-0.0885977189795313	0.0705789513297668
0.0627761153053976	0.0368502682885425
0.16045237703925	0.0858475509821587
0.337647809941609	0.206434634835738
-0.60830978690309	0.292177907487842
0.403756419710455	0.182973047969881
-2.46365811307003	1.37024256389529
-0.142821936206303	0.0970304708192556
-0.260133602726682	0.162667922224281
-0.231165819827325	0.115499900122284
-0.522706096627219	0.433281552203968
-0.320069342956394	0.253002017737959
0.109881444093454	0.0785570321255975
-0.0524335618834308	0.0425145250483792
-0.634506468783928	0.649881267599065
-0.511447504153362	0.566245042350407
0.29072640829758	0.228387784654775
-0.378062472004969	0.296348856816015
0.0107818740832849	0.00547450602994715
-0.561610101051883	0.407836579437724
-0.46386398065584	0.390610696827709
-0.133314964159939	0.0752718065933321
-0.892332069187851	0.742952650919784
-1.2183901089086	0.92172865087963
-0.697602935416765	0.66272232456705
-1.51019343351841	0.538270963770231
-0.628347365301396	0.153568930486371
-1.79827400712943	0.382942964938875
0.148503149870495	0.0281892610504199
-0.341581022610314	0.0983147602836231
-1.79827400712943	0.382942964938875
2.75349844687128	0.768381126605175
0.153526628680235	0.0288819285189665
-1.79835097978106	0.382953978270685
-0.627829060935039	0.153504607197422
-1.80197754639448	0.383903353697165
-1.13482941234436	0.34340642829894
-1.13521969998424	0.343544374381215
-3.45478455762682	1.22912473266304
-0.45791676635323	0.424401751299379
0.212264211445027	0.187439088847785
1.31091518929222	1.94303871566696
-0.465959080715526	0.392807257534098
-1.15178878357334	1.41947260956817
-2.78638820613877	1.88631462923389
-0.304936524881395	0.140240188440807
-0.0925277660886406	0.0367647652287992
0.0135898836582011	0.00917622578182689
-1.03031879489853	0.823732385440969
-0.843519270417659	0.958131988388007
0.0277446167879601	0.0152989573554633
-0.567050782298788	0.659041742682019
0.451538944761332	0.454785825048833
-0.473193493350456	0.466436011140171
0.588638664590785	0.591224899241436
1.0369433773006	1.34322644471043
-0.223497902881642	0.184087940597784
-0.999990506752927	0.899889545879378
-0.0109537171169142	0.00532517843186928
1.40005792913366	1.89704823765319
0.00753837473274765	0.00515974348632864
0.308086988446178	0.212506882177518
-0.331366337967045	0.235135692986801
-0.263457378735875	0.270025274648703
-0.453050736584913	0.418827262779542
-0.62127933023335	0.55493843706787
-1.05161197773625	1.57203575932903
-0.628347365301396	0.153568930486371
0.167679655711552	0.042156489933972
2.75722496636877	0.770257049482932
0.165704597093625	0.0417255219351786
0.167299398578488	0.0420768316112512
-1.79827400712943	0.382942964938875
1.82414885065892	0.714941399976917
-2.57775304544287	0.66318910114962
-3.08255415585823	0.963691003677911
-0.627829060935039	0.153504607197422
-1.14009620739235	0.345227889980206
-1.13582369620544	0.343734699942405
-0.342569521377039	0.0986187132378211
0.366921810889729	0.343256171274265
0.00918380351720517	0.00724408448236191
0.857100713789134	0.908860279739211
-0.558665459024453	0.506001312936315
-1.09136682899164	1.28634918673743
-1.98307942222122	1.38467592076614
-0.398645083011408	0.166310712914853
-0.0922598492336672	0.0366247500539306
0.124984726580645	0.104336622286963
-0.0200487288047491	0.00947233562651225
-0.661191909926952	0.462230572733368
-0.559166599789907	0.506834351715215
-0.389646712956476	0.41399979872177
-0.0933407790355082	0.0547384042933936
-0.137529341235236	0.0777251825688695
-0.623641450495882	0.557571798561637
-0.0978062194832466	0.0574264899970087
-0.0048446153996378	0.00313817863959472
-0.173066542369828	0.131218061681967
0.319142349616281	0.233204116339664
0.633298023022075	0.692007016819785
1.00862920263306	1.42490804748629
-0.413106658147001	0.352402816714091
-0.182307530976987	0.139060254957752
0.0232253379541077	0.0156447714533404
0.450360012185193	0.326159856685336
-0.676326382307665	0.535659336196087
0.639581288215019	0.606030946598307
-0.889846181557417	0.740525275972033
-0.307939900276645	0.141589518958848
-0.141388695595913	0.0959798420968182
-0.62503342749082	0.152907838403333
1.95706969381346	0.441073865263096
0.948535538575274	0.252058145640786
-1.13129699285405	0.342278739405472
-2.577202278156	0.663064687208724
-0.62503342749082	0.152907838403333
2.75349844687128	0.768381126605175
0.166311360817904	0.0418484681801843
-1.13582369620544	0.343734699942405
-1.13582369620544	0.343734699942405
-3.08255415585823	0.963691003677911
-1.51429942551804	0.540079204882619
-2.5814875372856	0.665060440379843
0.153526628680235	0.0288819285189665
-0.628347365301396	0.153568930486371
-1.79827400712943	0.382942964938875
-3.08255415585823	0.963691003677911
0.534018135349711	0.192121771213656
0.155681719862338	0.0674822935913888
-0.207988655848996	0.0672377639920048
-1.48381146477455	0.750044721804023
0.157711623162561	0.0605230790588784
-0.719194825953782	0.246846541949292
-1.44669987603639	1.29772043701492
-0.544281322836902	0.489184703369873
-0.178586945236215	0.118765450289423
-0.212917240573193	0.137552685707624
0.962878540634956	0.656814073558505
-0.290889827205546	0.234619349848608
-0.324504321723712	0.229491939508351
-0.213869349657229	0.138298034388324
-0.016108226724998	0.00767252094160651
-0.448015210371752	0.297410185977681
-0.172723714313886	0.114605693967508
-0.17402584666089	0.093227426594519
-0.405455755900319	0.377014292296317
0.3026850719332	0.265889648067977
-0.145837264202723	0.0992147321231497
-0.393772105815865	0.223023513064878
-0.317033768083772	0.189758085683208
-0.0995499186504451	0.0394727933413507
-0.173554647633862	0.0929568316026597
-0.904034472471509	0.75615127970259
-0.398410255082831	0.225988366019526
-0.135037306660327	0.0484283181059566
-0.520784896269523	0.197143591247867
-0.295511570554499	0.135566513478075
1.34336502692502	0.589179513997852
0.146897750192554	0.0637455022450174
-0.391527822013094	0.22162535872072
-0.243356273407562	0.179801127807884
-0.573773931920862	0.418863742132678
-0.0446756083392816	0.0278608846970671
-2.01786934628008	2.11862278621283
-0.719737167086007	0.24696632136127
-0.628807341949763	0.15371861128279
1.82725871051587	0.716521694707993
1.03958501510884	0.394462216304235
0.170597157616308	0.0428000407476464
-1.79827400712943	0.382942964938875
3.63685963656738	1.43190397098036
-1.79835097978106	0.382953978270685
-1.79827400712943	0.382942964938875
-0.717682103574582	0.246297668028488
-1.13642797594247	0.343807560451606
0.942957371619669	0.25056334066046
-1.79835097978106	0.382953978270685
-0.628807341949763	0.15371861128279
-0.72013323546054	0.247288973526613
-0.77579684114729	0.421490221070773
-0.518098540358184	0.196099975558502
0.695049564700216	0.325985570559049
4.38496167956366	2.28857005053536
0.168996227736906	0.0424334312831713
-0.0601310364959527	0.0261682794271819
-0.0904526222459324	0.035937013241364
-0.983141658931437	0.87786611810272
-0.823672148374777	0.980750757497068
-0.0455876833286246	0.0374447371668724
-0.432513580311208	0.33313439734815
0.0418337590960447	0.0305211089036507
-0.299294456998908	0.26361075059245
-0.283207358878382	0.227355024585839
-0.521527147789364	0.431970318353874
-0.100289413918561	0.0588956146802226
-2.28224145783288	1.15406524622775
-0.720801185410545	0.247515042606667
0.40004266045824	0.180943693165461
-0.0970081236743832	0.0384843792732294
-0.343223291761604	0.0987971723984263
0.904559769926278	0.488770510564931
0.154498430134172	0.066995839288325
-2.91466282644266	2.15759478858238
-2.06336263208756	0.93926395821226
0.155372593274282	0.0528040448022981
0.597728337743511	0.579278346031135
-0.715639466674568	0.906690853417847
-0.896760540137752	0.748614292391415
-0.596286028823831	0.485803998769081
-0.445758834230936	0.410407806224946
-0.893993308794015	0.744674214638016
-1.13129699285405	0.342278739405472
-0.516640021567978	0.195578035113981
0.166528409127177	0.0496297620210776
0.169244143137115	0.0424535983384504
-4.41023474789475	2.24560118762029
0.167299398578488	0.0420768316112512
0.162400863971746	0.0409830958055786
-1.51330481624892	0.539630991333106
-2.57747759965585	0.66335545132302
0.66999328440441	0.21269616854207
-3.46005827230016	1.23260132520798
-0.213639314943098	0.0690063709749365
0.170597157616308	0.0428000407476464
0.149464413960118	0.0283283450696208
-2.57747759965585	0.66335545132302
0.162651564751599	0.078995757807609
-0.394126650063013	0.164328025697032
-0.218660501526542	0.141678611225827
1.57498008824982	0.784057241786079
-0.128001348161593	0.0721689244689366
-0.219413488969695	0.142152688705423
-0.31576243181344	0.322157583106631
0.278906465557919	0.269835439116131
-1.47981241422179	1.8694965738053
-0.702514962970544	0.668633008481415
-0.320454550698695	0.192227508071784
0.343315492620203	0.1922306996642
0.0376885346469387	0.0206790571987551
-1.15461876686819	0.644909797753092
0.530914611613316	0.462415500644261
-0.9114929780418	0.666039727310059
1.40854359826592	1.09885007061997
-0.874167558776382	0.804315623973307
-0.0936023816727726	0.0371398786885616
1.46559232254736	0.918262583983254
-0.634915663438058	0.374893774137017
-0.621263888641394	0.594425593400824
-0.249675935980689	0.25833154396056
-0.223770371999493	0.18439122089308
-0.391096888732438	0.1629812476362
-0.210299852920301	0.13572650798353
-0.425600346400671	0.326545651607369
-0.228595568645688	0.114148631545873
-0.334883631409892	0.237989235933845
-0.270540801325085	0.240740446676499
-0.380426256671536	0.298649227279647
-1.6735398398543	0.947307213205088
-2.577202278156	0.663064687208724
-1.13642797594247	0.343807560451606
0.167299398578488	0.0420768316112512
-0.71673724571439	0.245817966860718
0.148503149870495	0.0281892610504199
1.45476541507032	0.482531337515686
1.45868047865843	0.484047550536175
0.950862031539505	0.252628333014658
1.95706969381346	0.441073865263096
-0.0953837123164038	0.0378559678713646
0.66999328440441	0.21269616854207
-0.343557529393447	0.098858556674811
0.162400863971746	0.0409830958055786
-1.79835097978106	0.382953978270685
-1.02937273979507	0.408458457605582
0.670319945898335	0.212719010726886
-0.342569521377039	0.0986187132378211
0.394021941179025	0.17808674998791
-0.15170338472517	0.0542493267936134
0.176571635016682	0.102560470870134
0.164853951542088	0.0800966182230284
-0.0533922081460383	0.023320968973608
0.0589523381988566	0.0365594485527211
-0.318555206039723	0.224677699925279
-0.145711141992733	0.0991264672128903
1.23597317873611	1.36146369897417
-1.0279978082157	1.34343619810946
-0.396244716056634	0.224726284435398
0.710283142947183	0.716284670720198
-0.789739385598624	0.431206446836504
-0.385529255210979	0.217621903804135
0.1039868255045	0.0714290514625709
1.00501855226002	0.827896276655008
-1.47180714057155	1.02835456500181
0.31164739792748	0.215320806777362
-0.872754714143366	0.802518987140181
0.163113419283259	0.0792269512446663
-1.4503739432258	1.30311166429064
-0.669775851046254	0.52845570700719
-0.125194650069544	0.0871409443480133
0.179528017258172	0.111255614054555
0.322077244414649	0.223652006752009
-0.696562113981998	0.661432737048712
-1.03421794805104	0.827618973190119
1.24131229913229	1.37086406273552
0.213133261191665	0.188264533542566
-0.695434902024389	0.659862294305221
-0.0223896899435562	0.0142729475713815
-0.203046219892415	0.169686973389021
-1.02753049770938	0.407603964357704
-1.79827400712943	0.382942964938875
1.95706969381346	0.441073865263096
-1.79835097978106	0.382953978270685
1.95791760701363	0.441280139896969
0.167679655711552	0.042156489933972
1.45868047865843	0.484047550536175
-1.27689152139331	0.575694447284378
-1.13422470394875	0.343215945535417
0.668176168576197	0.211989237575833
-0.628807341949763	0.15371861128279
-0.631960666018702	0.15447017218279
-4.01038434654955	1.74191295468053
-0.720404519989633	0.247290988830991
0.948535538575274	0.252058145640786
0.152289864541204	0.0287035071443224
-2.577202278156	0.663064687208724
0.161787544386438	0.0408470066516523
0.162742974316792	0.0485792905021731
-0.0602539248322641	0.0439194545586101
-1.14350961880344	0.994014347552978
-0.231313020905493	0.115677598906128
-0.389315112410885	0.162019133328445
-1.33947041870495	1.11026235438517
-0.324050759287713	0.229178335885003
-1.71220647305958	1.43721180281591
-0.633668521749635	0.648476757908752
0.922678525646242	1.15665769930642
0.420403419690227	0.335203683255484
0.188922572844391	0.124219555636552
-1.16492844639666	0.652402689368129
0.464909491389886	0.339313960633283
-1.48831337120383	0.753191981881496
1.28525826124295	0.711218364025348
0.339610472037789	0.207817493542456
-0.0877747885053944	0.0349096890477682
-0.483074790717705	0.25355196854113
-0.780753465090622	0.598918731375766
0.15002037757653	0.0650880238358636
-0.214527945453891	0.0692825908233493
0.693555141048548	0.324744165420268
0.508767437704926	0.324574864721652
-0.778051468681392	0.78582001328038
0.274498473283248	0.258022576310637
0.799108612069075	0.481615702923641
-0.0893957968567151	0.0355291798553639
0.649031484597205	0.587979826693683
-1.547656348249	1.49545611439525
0.893989881024985	1.0363672279233
-0.496885164113097	0.453791041787018
-0.0648361904201744	0.0393277442715441
-0.320660882243584	0.192322916265427
-1.13461598703551	0.343230613786831
0.665738591316948	0.211247784564273
-0.135271050287387	0.048491888660399
1.33300648117334	0.583999950109349
1.82513230176872	0.715356894962213
0.166311360817904	0.0418484681801843
-0.339133418750055	0.0976611246838527
0.152567656731362	0.0287430408348264
-0.342569521377039	0.0986187132378211
0.152289864541204	0.0287035071443224
-0.62503342749082	0.152907838403333
0.170216206297202	0.0427061060191571
0.670649872073233	0.212844236167521
-2.57747759965585	0.66335545132302
-0.212036192576877	0.0685029076357838
-1.81433874778204	0.739366153614294
-0.592809980624529	0.283364667823799
0.166691919569473	0.0419536988970269
0.457600074208012	0.184388896678325
-1.02112323758145	0.404514797037747
-0.457568616929008	0.305197582258734
1.25748962317285	0.8767565613516
0.311131291222003	0.214786306681675
0.00611403043734107	0.00317886969717876
-0.85324719047608	0.91298382384031
-0.181946154952989	0.138780835317823
-0.671831456713057	0.530674315303226
-1.25930210239784	1.36779146579661
-0.188865516400446	0.144582874698228
-0.371962740363071	0.321416316801528
-0.145838186369339	0.099218077272609
0.0244625786310473	0.0171948451021909
0.170717331750223	0.0990814257130303
1.119516855885	0.859046298217732
0.35951984861976	0.181600782637376
0.468922365778444	0.342673043619563
1.64003514796535	2.11935804761663
0.590861440585116	0.476113480033334
-0.267042430257703	0.16739531493383
-0.425491917583595	0.32644087842792
-0.774986222430761	0.662488695355419
-0.60070961098316	0.287894775261437
-0.0977807609537087	0.0387736397102019
-0.857712219649326	0.85341627357137
0.468030105402985	0.341887615605683
-0.554460780708326	0.501302615861205
-1.1139299621309	1.22154767896351
0.726014064566893	0.73846370812724
0.897495514715137	0.918116723920466
-0.624045204518054	0.5578784820873
-1.20691758253207	1.40826643554519
-0.431663783500261	0.428147068260787
-0.223009013071495	0.183621188842896
-1.24477069261241	1.16472413134226
0.193909892856283	0.150334753082657
-1.79835097978106	0.382953978270685
-0.628807341949763	0.15371861128279
0.165704597093625	0.0417255219351786
-3.46127024205749	1.23274622772667
-1.80197754639448	0.383903353697165
0.951841444348566	0.252891357699991
-3.46066411507937	1.23287376992561
-1.13849388307931	0.344614401149477
-0.343557529393447	0.098858556674811
0.153526628680235	0.0288819285189665
-1.13422470394875	0.343215945535417
-1.79827400712943	0.382942964938875
-0.72013323546054	0.247288973526613
0.673092310209553	0.213658316206257
0.947560352748164	0.251716891447637
-4.00683273081589	1.74054559036978
0.532908190209257	0.191706726261354
-0.34191607535368	0.0984089732924219
-0.521228590801454	0.197336946168362
-0.950197979986813	0.584265179323338
1.28422187078842	0.710238751095944
1.58159401057841	0.788451989625039
0.974171480904263	0.970679400462826
0.398336983680203	0.342067694689871
-0.368855208722011	0.345861403007825
-0.23439286476638	0.117310538108433
-0.178047986000721	0.163240853560494
-0.333787737019492	0.266090387881227
-0.323142779031108	0.193721098900495
0.456139191500675	0.331398801314527
1.15068914557036	1.18742999708736
0.0484095201380542	0.0353907196317555
-0.256239938469639	0.159907293447744
-0.0940907656327235	0.0373838396737696
0.181116031290504	0.118690279370087
-0.835015998284596	0.944285269277554
-0.275756777027005	0.199171807315864
0.984345980284188	1.29693450138535
0.289649140343651	0.227430574606144
-0.342818615111868	0.300949636919553
0.0223000075746981	0.0156800781149176
-0.368574329349545	0.371325348813485
0.727293065218062	0.740001350224165
-0.242728751322171	0.179250531067367
0.0713929591238272	0.0443619388853459
0.341994403188789	0.209447742376274
0.848336693079111	0.895508258926942
0.294918831574124	0.222750017189304
0.430621997762534	0.328043507580088
-0.785207107228149	0.60358727346979
-1.26226860908433	1.37319885312465
0.547276138044812	0.722193721737761
-0.258881298465939	0.161776017075569
-0.94977699725481	1.00853979611819
-0.104019538333512	0.0818746100145557
-0.369474490799344	0.318766996829045
-0.594068686307277	0.483430967525437
-0.09516700265067	0.067153380277249
1.43286195578088	1.79997962065288
-0.973469966129375	0.480678148115402
-0.628347365301396	0.153568930486371
-1.13362027945245	0.342902172857624
1.95706969381346	0.441073865263096
1.95706969381346	0.441073865263096
-1.80197754639448	0.383903353697165
0.153526628680235	0.0288819285189665
-1.51395570496283	0.539857861420258
0.149464413960118	0.0283283450696208
-0.632939126134277	0.15468454480873
1.95706969381346	0.441073865263096
0.148503149870495	0.0281892610504199
-1.79835097978106	0.382953978270685
-2.57747759965585	0.66335545132302
-2.577202278156	0.663064687208724
-1.51200399758817	0.538851635748943
0.951841444348566	0.252891357699991
-0.717859810282598	0.246260199746537
0.534676685393129	0.192377474764699
-0.759738441423939	0.330017864589664
-0.0424629783524434	0.0264656496376215
-0.0682989430634253	0.0414301543983777
0.548204725007755	0.318922780825048
-0.230880058782199	0.115428119637752
-0.537697485641921	0.340921804700896
-0.0278184250628076	0.0130177907444463
0.871689517004379	0.649145193510658
-1.0911222618352	1.0508108185626
-0.611540659156101	0.54313327994568
0.211215583942182	0.191075414936425
-0.176370999583952	0.0944813641399192
1.10670799303013	0.845663193340366
0.577883439555883	0.462764523045578
-0.388036994183891	0.219373818419624
0.462272851519496	0.453682377415373
-0.295687888506829	0.135524255227313
-0.0513081757086555	0.022428119842436
-0.0912512583583796	0.0534634090367836
-0.132108237965763	0.0745101064931264
-1.080549508247	1.03605291791516
-0.326742531104968	0.196368018422227
-0.704312980142379	0.671290817086691
0.994795784822981	1.09337623882843
-0.0700389242933193	0.0425300469675065
-0.262903294266884	0.16456093129688
-0.233843705090568	0.116879473569754
0.153375102721799	0.0745075044662508
-0.442529269443485	0.293303919413596
-1.12655708883288	1.24360417276725
0.0318511472669207	0.017526673199629
0.397687058200255	0.179960302322032
-0.52322307237405	0.433820769277628
-0.490315641886867	0.36776117232166
-0.182094156347569	0.12132289743611
-0.173915528208159	0.132049167750842
-0.659419381340245	0.460721658895182
-0.134700238507942	0.0760959163340674
0.101839248443599	0.0750008239567226
0.832267455037915	0.351072444325356
0.152289864541204	0.0287035071443224
-3.08118534013847	0.963229045953577
-1.79827400712943	0.382942964938875
0.951331866170054	0.252756684317784
2.75446121880292	0.769079402442662
-1.79827400712943	0.382942964938875
2.76098151426891	0.771684650801264
-1.79827400712943	0.382942964938875
0.951841444348566	0.252891357699991
2.75819631171964	0.770700477263471
-0.62503342749082	0.152907838403333
-0.62503342749082	0.152907838403333
-1.79827400712943	0.382942964938875
-3.08164138813046	0.963767470359232
-1.13543440488342	0.343479590196383
-2.58120409692147	0.664991486920107
-0.343223291761604	0.0987971723984263
-0.510685030941215	0.193049519773074
0.307456772321406	0.233795745137883
-0.284142357926274	0.206141879912797
0.364039504315869	0.184161341163758
-0.230854730784965	0.115435866862747
-1.32416116198758	0.830585068969409
-0.202004418816817	0.151055326908715
0.2933161603131	0.248096911777225
0.753875586987743	1.10019697417094
0.602617423361146	0.585743413304996
-0.275219870121877	0.198701524691996
0.297382060421151	0.268493981482705
-0.372791446432201	0.350148897782122
-0.23439286476638	0.117310538108433
-0.569302686143664	0.662909372174286
-0.63470740707018	0.611699253357938
-0.0938650371972529	0.0372807124893222
-0.388048266850762	0.267783572508571
-1.44293099152979	1.29345943491819
-0.211807141337056	0.194756402684787
-0.0478485287397612	0.0209619712271911
-0.786118923525928	0.428616616401926
-0.647366504847638	0.383894930077736
-0.774517727636512	0.724248364130899
-0.320193728579315	0.19182393797841
-0.444889791865039	0.344562472952765
0.464836542660309	0.339162551501187
-0.342937736314444	0.325454479953707
0.277514289913194	0.261484859269625
0.692664464714059	0.723575884255862
-0.890376010934415	1.17736220892715
-0.0483444039696942	0.0350797273217761
-0.159073993859926	0.123138975892243
-0.185909888565746	0.0998761266231709
1.07146212338449	1.1468464909004
0.0486516562583594	0.0285686148402778
0.744931121137464	0.625835758523839
0.771690678870387	0.859376032504577
0.188289829827024	0.123756228208127
0.135301803086143	0.11373227419624
-0.0761306293241621	0.0614109127865811
-0.256915359123667	0.253177246881432
0.31495470016893	0.229604750305333
-0.488672854551596	0.444119383656499
-0.343476729716161	0.348927084855896
0.454659855820964	0.183125643414665
-1.5126542472202	0.539316353407404
-0.628347365301396	0.153568930486371
-1.79827400712943	0.382942964938875
1.45674006944678	0.483086167228603
0.152567656731362	0.0287430408348264
0.675067592191977	0.214306398275368
3.26152925911013	1.12000457960558
-2.57747759965585	0.66335545132302
0.947097253557627	0.251590606337117
1.82792138819967	0.716884894355695
0.165704597093625	0.0417255219351786
-1.13422470394875	0.343215945535417
-0.628347365301396	0.153568930486371
-1.79827400712943	0.382942964938875
-2.57747759965585	0.66335545132302
0.152567656731362	0.0287430408348264
-3.46005827230016	1.23260132520798
-0.34191607535368	0.0984089732924219
-0.383544912199684	0.264148760359547
-0.0491005347578184	0.0214966651238078
0.181650932786719	0.112712295116
0.086962807616733	0.0569130985806609
0.182230464353142	0.112980554188554
0.0199750974395377	0.0140721251284723
-0.323980896876662	0.351643278626067
-0.108898456950717	0.0752350612019729
-0.296591684653105	0.260515638341894
-0.0521030512138677	0.0429328942852171
-0.502669260462754	0.529566461462649
-0.772716230688666	0.778887278146609
0.3737640623975	0.44618847174393
0.172949361922218	0.100399267227693
-0.182595053031636	0.121677765591166
0.575893530527278	0.574489906275275
-1.73138180947545	2.57383678034223
-0.983203949406472	1.61895740867129
1.62682458289664	1.14346665738451
0.151709443880736	0.051599453197034
-0.21214195890294	0.137056420344583
-0.0983497166595668	0.0389984690848497
-0.953057668619045	1.46574249817759
-1.09168611996561	0.747233304076943
-0.893398359862592	0.744632696959896
0.410698126686839	0.34095151488168
0.430513532081284	0.441217441724057
0.355572455064531	0.340385778200092
1.41702186531541	2.41811225621176
-0.715486207778691	0.823032600126911
-0.370185483972339	0.289016310613327
0.0249081321713468	0.0175101398577482
0.0696914187027534	0.0432798933994339
0.317273963348506	0.231498036338176
1.10789073954226	1.41582121594287
-0.21743377408608	0.140791005168041
0.173243974828234	0.107131078664777
0.552558106005067	0.462984958171276
-0.667370404722114	0.939253646990081
-0.105121405419848	0.0745227099408585
-0.769156202950651	1.06205590720878
0.655365385533366	0.595819476576592
-0.86372888300034	0.861769962005335
-0.454034961260726	0.380104821681817
-0.188430311351738	0.174083151798419
-1.02050867103886	0.404356899215527
-0.342569521377039	0.0986187132378211
-2.577202278156	0.663064687208724
-2.577202278156	0.663064687208724
0.152567656731362	0.0287430408348264
0.161410373272502	0.0481834890034794
0.15626975600377	0.0292821097759299
0.149464413960118	0.0283283450696208
0.153526628680235	0.0288819285189665
-3.08118534013847	0.963229045953577
-0.628347365301396	0.153568930486371
-1.81937129385307	0.742146991690708
-0.341581022610314	0.0983147602836231
-2.577202278156	0.663064687208724
-1.52246168976357	0.543554490442396
-0.627367542213354	0.153354696036073
-1.13582369620544	0.343734699942405
-0.390286637919128	0.162633263694202
-0.0204939595022339	0.00967425199226906
-0.527675729988678	0.199916285503345
-0.721178105137157	0.247635434110556
-0.383081200502864	0.263729133484236
2.11569294390872	0.9486068887636
-0.219615570186308	0.0709016531943509
-1.02624181092562	0.407113610404842
-0.373738898948958	0.323351024749568
0.0114680342432415	0.00577170279768789
-0.544163730496154	0.596237934768284
0.407896198619559	0.435404407101685
0.479574831965261	0.329112335241658
-0.676352381247628	0.475756156123762
-1.25921373358796	1.36870006778458
0.145938203357286	0.129566871676751
0.107490914719766	0.0818884017343672
-0.42972858857421	0.425642796219028
0.493775567284371	0.552402616815393
-1.04584250669792	1.09066449346947
-1.3334227566927	1.52582766956726
1.24713240762872	1.0588389900966
0.527156712725929	0.189470465882784
0.363869681706862	0.184245963002951
0.54546224328016	0.31715647830779
0.152935397581537	0.0586993033187709
0.161787544386438	0.0408470066516523
-0.171697171381987	0.0918393293490201
-1.32500769101133	0.831250425728886
-0.534566062280391	0.338729351475426
-0.519750069619239	0.196813590651588
-0.306830860868352	0.14094086511239
0.325966308456119	0.19826170501204
0.636011248832553	0.696093078842556
-0.1405794582065	0.0953815446077245
-0.327659997635037	0.196969949604088
-1.24422792297416	1.16367457454964
-0.439166949133734	0.402632993713941
-0.406520371868568	0.378054216253064
-0.321960293481528	0.227403724614628
-0.516726487620638	0.195487204534031
-0.215184417856504	0.0694920488130609
-1.48061958401468	0.747791402904068
1.32923692811707	0.582047687656521
-0.386827543678986	0.160853702209681
1.08404091837215	0.666521698046448
-0.0925419739006504	0.0367298119405397
-1.13582369620544	0.343734699942405
-1.13422470394875	0.343215945535417
-1.33855087665487	1.33783831817581
-0.0413784268980733	0.0258020979813116
0.700784248753465	0.616337385812079
-0.180179663940726	0.119921936717973
-0.330331595806874	0.198782062070273
-0.402382969797027	0.341038500325765
-0.686380523089857	0.545803722988518
-0.118248585466244	0.0820323595080432
0.695306056046669	0.609819706449691
-0.965821257928624	0.949285333631514
0.61629283061056	0.469023918908692
0.50936921105083	0.458850538808313
-1.04297344276161	1.08635348905618
0.85197088256343	0.777738222819216
-0.915228738142579	0.670189237570852
-0.589669203101696	0.47869674010163
-0.1195780728479	0.0830434385716317
-0.283509638977915	0.20557932570294
1.05619325337266	1.1223681637025
-0.177261733202385	0.117858508548587
-0.128483179570643	0.0724271094113746
-0.284540517321713	0.206504475062267
-0.514644715003069	0.423719354917787
-0.268717598751356	0.168579290245313
-0.664578682968869	0.465372747212919
-0.393866114888963	0.222787381717401
-0.29144421731293	0.235101502086733
-0.68960842506776	0.652287748999216
-0.26150009867902	0.214057298780414
-0.448106376158795	0.413125695053432
-0.427063339787176	0.327996583841471
0.164083222967104	0.0489409806828746
0.162479935061762	0.0485106492306684
0.161546088205671	0.0482379354240544
-3.08118534013847	0.963229045953577
0.540321571114426	0.194486652256984
-3.08255415585823	0.963691003677911
-0.627829060935039	0.153504607197422
-0.719465582528739	0.247026553935257
-0.192249242102385	0.128644943105531
-0.774778384772401	0.724554644514978
-0.188694984335685	0.126090840900888
0.100625380358708	0.0740529220594649
1.44878222180702	1.64896684581175
-0.21652240822582	0.140154767471575
-0.298557007494725	0.282405716394619
-0.0594058231998058	0.0360106954359652
-0.916903656469913	0.67162446751797
-3.76417793513578	1.49289621426023
-0.605202274771672	0.290253199757841
0.476182519268739	0.540715497111608
0.325040023800718	0.212605754820481
-0.649209947534541	0.385490220047648
-0.788989266730076	0.52245349106228
0.00384980250323131	0.00206941585617588
-0.102738962163208	0.0894379830083962
-0.0255740326649215	0.0119884577754599
0.337166901235666	0.206123925485152
0.182904912837691	0.113488922082479
0.188605836249345	0.12402065561353
-0.413679665088531	0.353075995257247
-0.451763147755149	0.300452707264698
-0.33083709837098	0.288426781404198
-0.682952713357083	0.542381788024039
-0.388574756851164	0.219561972120144
-0.970894315344741	1.2148020337032
-0.520335409011014	0.579552479500378
-1.13422470394875	0.343215945535417
0.153247518839476	0.0288421886814327
1.95791760701363	0.441280139896969
-4.00550590104381	1.73880391047146
-0.628807341949763	0.15371861128279
-1.79835097978106	0.382953978270685
-0.34191607535368	0.0984089732924219
-0.341581022610314	0.0983147602836231
0.108123004083676	0.0798822046676719
-0.10020462045368	0.0708763330481357
-0.110919639901614	0.0766789901185545
0.379605796412553	0.334792150129829
-0.104905990530491	0.0931628183964627
-0.0405893907785558	0.0252973885486567
0.0871093690473336	0.0594052115076307
-0.218616447244217	0.141662634362756
-0.485906698170303	0.363736440755859
-2.11104604375133	1.61968266569661
0.614660474276316	0.32335098050142
-0.297352162353807	0.280992014145859
0.471350920645322	0.344850795362579
0.337647809941609	0.206434634835738
0.909365961769016	0.935907219477754
-0.137564365243802	0.107865601646346
0.478113306815377	0.543708867289267
-0.667059580075746	0.467211914359305
0.866079721484472	0.642897080575063
0.185575598880073	0.121846352883155
0.0207655018489816	0.0146201758021116
-0.866545104663487	0.865910414104495
0.509946593376531	0.325462769402287
0.494766516982036	0.460072634715377
-0.271930187010639	0.195974149387718
-0.17889384182706	0.136207471854948
-0.662959601707553	0.464012411350285
-3.08118534013847	0.963229045953577
0.152567656731362	0.0287430408348264
0.167299398578488	0.0420768316112512
-1.79835097978106	0.382953978270685
-0.628807341949763	0.15371861128279
-1.79835097978106	0.382953978270685
-2.57747759965585	0.66335545132302
-1.81272640846626	0.738384406689963
-1.13678833986081	0.344070782443639
0.15626975600377	0.0292821097759299
0.403246530166326	0.182661858543197
-0.090295195133888	0.0529057082588927
-0.495453627681305	0.372721236661894
-0.302181561046257	0.138668660985349
-0.207349188382298	0.173767495937589
0.0874807849361623	0.0596696843554443
-0.609045591058741	0.704815672081887
0.190270584385638	0.131264150598561
0.420326094402954	0.3351742849079
-0.283135995854937	0.271762322631742
-0.627763703619406	0.8000161900448
-0.51102671785619	0.497822597313918
-0.099672362872796	0.0705288034004374
-0.140659832035892	0.0795758821148478
-1.71650388458764	1.44451001955658
0.156635510732265	0.0532014513857662
-0.511519041389722	0.193429014825003
-0.0540971018971297	0.0236037103052549
-0.781850922315066	0.733865272119752
-0.674210613335102	0.47413708403642
-0.0969860863616227	0.0385039973994116
-0.138326382762944	0.0781665178522623
-0.325748918639072	0.195796880783466
0.430085259319216	0.344514882265628
-1.48120915369265	0.748131631207961
0.611996325722518	0.321654199359483
0.741965495033234	0.622319037839602
0.170046713355455	0.0912395929377289
-0.0643912511017436	0.0390636855622615
0.156835118177656	0.0532837121933901
-0.542599595188393	0.487505461446652
0.0987600863606967	0.0677041282443083
-0.300266337153345	0.264803192254025
-0.653330318194647	0.714652161391122
-0.628807341949763	0.15371861128279
-1.79835097978106	0.382953978270685
-1.13617544316656	0.343960217515251
0.154864543949474	0.05943628677518
-0.220930959687204	0.0712971275167216
-0.344210615318698	0.0990368506115311
0.695485768570234	0.325993590968415
4.56191649343709	2.57332262063991
-0.17904550696071	0.11908918771777
-0.272556249164244	0.196494018576808
-0.300686072681212	0.137930583323547
-0.298999271853395	0.137289829714451
-0.0233227289767837	0.0109515505533913
-0.653273191499864	0.786496850219185
0.0298069162567648	0.0209313259244538
-0.691995590354505	0.700319623891387
-0.120794233161989	0.0839342626172787
0.0990265188817059	0.0704434359698988
-0.37412698578608	0.292693123713988
1.48067853138858	2.11667800555006
0.310353410455926	0.236382232365911
-0.101250756895127	0.0594876145647226
1.08917328757485	0.671800364319966
-1.14043640715306	0.989111347130005
-1.0822670918144	0.738405276612426
-0.768114862745367	0.334314347835866
0.288309900301998	0.258850972232966
0.177837546156639	0.110005892394057
-0.376872144170925	0.258652870629611
0.584096079661125	0.468548864061088
0.344521602795606	0.2110887349909
0.553188099610952	0.565344418717815
-0.775789258298699	0.66263888578424
-0.138442383117071	0.0496040168810717
0.742334625706932	0.622895940655685
-1.14754560812607	0.999275479643062
0.498513317187672	0.44630044605982
0.042630594566001	0.0250539354064434
-0.244994772821783	0.181078398665345
-0.616029599858592	0.548858346936974
-0.331462431691304	0.263929893731362
-1.79835097978106	0.382953978270685
0.166691919569473	0.0419536988970269
0.156964116509175	0.0602446032592551
0.153247518839476	0.0288421886814327
0.829988921889609	0.350189547890131
0.403246530166326	0.182661858543197
-0.717014216380814	0.24607192548599
-0.262431215414666	0.164288907438038
0.330683417990316	0.201652377165248
2.03182027599475	1.93182737062209
-0.568556318470737	0.414158474045454
-0.00878853996645308	0.004361581602891
-0.154494002147024	0.105487286739893
-0.778656638856887	0.595808741664115
0.297636883024136	0.243718239159629
-0.0391450520451413	0.0244109143854175
-0.89166693906746	0.742198457597599
-0.0223723815861114	0.0105376000639078
-0.778445653652735	0.423637788831289
-1.482973693437	0.749174838653755
-0.178325809849769	0.0956432000648378
0.00628420290098064	0.00323921813946334
-0.186978345850151	0.124856359697686
0.166618284357482	0.09650659619442
-0.0353359321950004	0.0220576230664097
-0.257117970068371	0.226622273746994
1.40583768710872	1.09611922044124
-0.643849581689924	0.381603329072364
-1.1800199019043	1.21079385348302
0.440260194342921	0.336890152443435
-0.425412099204897	0.326348360861577
-0.673603852124836	0.532653429519788
-0.773548910011627	0.832882240928219
1.24414449555384	1.22312996807018
-0.996325787590914	0.895254680223728
-1.51429942551804	0.540079204882619
-2.06840706939649	0.94281622690595
-0.629267545839357	0.153771215183604
-0.62503342749082	0.152907838403333
-3.08559782341753	0.965445184573826
0.398769864448762	0.180340970883948
-0.215583462022983	0.0696521523969918
0.157034388740604	0.0533466278590803
-0.780333953814589	0.59761867846597
-0.914835448823344	0.669553475853524
-0.880975449676565	0.812900204005803
-1.33419396938294	1.32973409333823
-0.534253585115401	0.338460249931751
0.0313586803827358	0.0172576355557721
-0.017010121302581	0.00808395991084176
0.800926884275663	0.4832271293038
0.332464469942719	0.202803910363117
0.729061178709132	0.484504400585573
0.312259126477631	0.22731853106631
0.163521658013219	0.0794348340914224
0.0806885080908497	0.0526921290072961
0.319006866567566	0.221045467676009
-0.17446141980188	0.0934734861628618
0.185423492147746	0.127621009951471
0.0509073931033346	0.0298624162133901
0.302514970089126	0.248392401585647
-0.179089657269222	0.119169152515705
-0.123687444805795	0.0860296456494261
0.58590921816623	0.470654722103811
-1.08401623072698	1.0405272566345
0.053655099261685	0.0314560669373643
-0.385807404546853	0.265955888510607
0.0784253017476552	0.0511929978148215
-0.0444626968880336	0.0277145598065732
-1.10176462434495	1.06432814235782
-0.37424385851875	0.256488579494869
-0.666088991680707	0.524438066600448
0.319868821370186	0.221869583181888
-0.480615697160441	0.251850257467679
0.170597157616308	0.0428000407476464
-0.342569521377039	0.0986187132378211
-3.08209765998152	0.963916510480773
-0.66919886791303	0.469260282392773
0.162189589756564	0.078759260115974
1.78437240306838	1.83832601419191
0.363558713766704	0.183951563606443
-0.596902390923783	0.486383318440685
0.299637362342366	0.245671549357864
-0.00171725608071344	0.000629890123581287
0.39455207286391	0.178336839083537
1.46764189276062	0.919688937819516
-1.28054172110541	0.578016358254624
0.161828195538644	0.0785201128375414
1.4539877902915	0.907215534790956
-0.301175503860782	0.138186771174604
0.157850726922151	0.0535992456199043
0.154991711035925	0.0752703955641006
-1.4214108570623	1.50804152640081
0.391665125773452	0.347956370519032
-0.263993481808021	0.165213166497956
0.174029499763313	0.0935070875481519
-0.705897517859859	0.72053421189151
0.206386161097789	0.176706817753573
0.407317332566584	0.337480513534092
0.161782158512576	0.0785511543503289
0.957433832656633	0.65194264795179
0.527807225965375	0.458978368423885
0.0777838140341569	0.0507286874347676
-0.0960481756832526	0.0768606549638598
-0.620888639974235	0.593994034983419
-0.578566159510516	0.423294135497168
0.327359561132967	0.199238729543375
-0.761830652619391	0.330839895803259
-0.390943736994562	0.162719877466899
-1.02469648429794	0.406260196260825
-1.98866127424626	1.39165192370757
0.168287851014599	0.0422797449011708
0.167679655711552	0.042156489933972
-0.34191607535368	0.0984089732924219
-1.33574946360845	1.10547577225222
-0.390975743034999	0.162878061874681
-0.525710790907429	0.199241087661846
3.31101736935189	2.96485472717434
0.184784685437956	0.114685840557739
-0.299179146840281	0.137196112424978
-2.33809969614973	2.12583606304429
-0.607158704818479	0.291696626792027
-1.02582176479153	0.40676668488424
-0.943703640481509	0.579083515429013
-0.237898192898887	0.11909949802352
-0.262938739846234	0.164617472808698
0.15122772103479	0.0656773751671858
-0.342235478378113	0.0984932623692754
-0.217265978321305	0.14060188787575
-0.26566912894157	0.166477611243331
-0.382588958146984	0.2631111664013
-0.515295327236323	0.571940766988103
-0.917682153033693	1.03172112240521
-0.710749722540391	0.772332733514485
-0.533384028265212	0.337779912328715
-0.638562772857965	0.655459652863236
-0.105006540771204	0.0744614986500157
-0.275488629880412	0.198983921660862
-1.33427713653162	1.10249328513206
-0.0808942918616131	0.0567393557683271
-0.0146294153494913	0.0109508985423132
-0.264661114186996	0.217034538205917
-0.26143104715787	0.213954166229049
-0.495215702192653	0.451736691952425
-0.099602707913905	0.058501861487631
-1.83649217485578	1.158257512791
0.90743426728729	0.490846307701987
0.53313407482189	0.191800740808182
-0.519121480217459	0.196545928752658
-0.447506320150081	0.297329001371459
-2.57747759965585	0.66335545132302
-0.726132227916529	0.249449469641422
-0.390841780948598	0.162864950943953
-0.389824029514932	0.1622220446978
-0.760663837494611	0.330432690881567
-0.343223291761604	0.0987971723984263
-1.27116604563861	0.572193864598171
-0.519750069619239	0.196813590651588
0.799706007877464	0.481888313994962
-0.100041481197938	0.0587413737872848
-0.791227190755742	0.524077644666023
-0.950674352935152	0.58464500387091
-0.243495269037916	0.179914964309241
-0.498937551657774	0.375956892845579
0.952312839774606	0.25302018984475
0.657445558076031	0.470139760483188
0.833933564544303	0.352033660782181
2.36173019645959	1.18506438470599
-0.0579134364741226	0.0252321356710428
0.161796111845727	0.0548787428361297
-1.51919018322957	0.542251856895701
-0.777783683237675	0.890965663222512
-0.26557091816036	0.166467485152374
-1.92371122928109	1.88709370543111
-0.318399826578945	0.190771380384914
0.097756339210701	0.0669674544490194
-1.58938812825261	1.88530582234882
-0.170183651301838	0.112751827678558
-0.23273094642285	0.170898440091559
-0.786118923525928	0.428616616401926
-0.281323582701583	0.252044468108196
-1.4643949819484	2.03897105762564
-0.528652262025958	0.547695908469458
-0.607136695091726	0.538111180902489
-0.692477234283216	0.607143306832138
-1.02558641604596	0.406837006708145
-1.51919018322957	0.542251856895701
-1.02516675514668	0.406341127546224
-0.72013323546054	0.247288973526613
-1.81367378419037	0.73893109819281
-1.51819793872521	0.541803713077291
-1.81870429132264	0.741743820146927
-0.0941328229737851	0.0373407745384658
-0.212036192576877	0.0685029076357838
-1.8102563556085	0.737065861487772
2.36261162403163	1.18586946415106
-0.518919355163199	0.196412386801718
-0.625500335572602	0.152962089117453
0.168126456300357	0.050048821022647
1.03610681462668	0.392933684162
1.07305972081062	0.520625344193545
0.155172296687638	0.0527212354131156
-0.719862779167192	0.247072455212921
0.532722704176569	0.191651782960233
-0.142207514098902	0.0509041851864348
-0.0583016224956927	0.0253969252343214
0.153247222778868	0.0588212060537421
-1.16305429075171	0.651431133105286
-0.288886779939977	0.210050715248105
-0.442164401915265	0.292846518894198
-0.531894629311035	0.442791713999464
0.741965495033234	0.622319037839602
0.0880737962067185	0.0601093949162425
-0.782333233548245	0.671033367140786
0.173961307750991	0.101093756416825
-0.220014803398102	0.142660311342511
-0.772805190786093	0.659757612601586
-1.81844538536015	1.65590843864598
-0.656705896845807	0.457992885854037
-0.779787106380897	0.84236729073464
-0.145967520007051	0.0993011220053428
-0.282834449452219	0.205065001051703
0.32194702717279	0.2234769954243
-0.781638200249342	0.425213529951623
-0.568405706692162	0.414066065675537
-0.677204601643482	0.536516708801232
-0.33946832567862	0.0977521416130555
-2.57747759965585	0.66335545132302
-1.13069021608626	0.34196481134975
-1.79835097978106	0.382953978270685
-0.729656205414228	0.250803779141173
-1.4405054850272	1.28778588258008
-2.06564147994187	0.941075674107423
-1.4880683745391	0.753416408870872
-0.640211591809719	0.378638851434537
-0.214527945453891	0.0692825908233493
-1.82964630440079	1.15029444090223
0.159865598376685	0.0777316754427577
0.31904372715439	0.22107101827801
-1.48488117255046	0.751161753085473
-0.378244122804728	0.259731117406585
-0.15158757314499	0.0542017166239209
0.605728619120871	0.317811422208524
-0.301508897548008	0.138330624848183
-1.68573239448976	0.957159494956308
-1.44400835307947	1.29341807352507
0.0513090566323334	0.030117361127595
-0.460211368556784	0.306886125598947
0.318727704687943	0.220846698866912
-0.491379089822699	0.447062735370035
-0.560294915531787	0.406567506868252
-0.293353822949683	0.134364983839234
-1.51494963266618	0.540305848955056
-2.46873821594644	1.375580124842
-0.218074030224809	0.0704026851228337
-1.79827400712943	0.382942964938875
-2.57747759965585	0.66335545132302
-0.772626639313122	0.336616262280627
-0.719194825953782	0.246846541949292
-2.06905985477759	0.943332987473435
-0.0612214772544309	0.0266406247154452
0.162772361662218	0.0410490143575106
-0.786619531848294	0.42895206104501
-0.261266021162924	0.163426416679046
-0.305656655986788	0.140469535711198
-0.773584665095631	0.722866763493385
-0.145660451905249	0.0521326844593336
-0.25763340232036	0.160907479608069
-0.785015523202022	0.519554857401945
-0.676393476223141	0.535786954345592
-0.568327814997702	0.414125828322707
-0.459797270018586	0.386277937001632
-1.0850143731208	0.741487525824314
-0.314036932686451	0.144616395706757
-0.156726000573909	0.0560191511202878
-0.512146849346214	0.193682417019057
-0.628347365301396	0.153568930486371
-1.14070599952463	0.345337330024218
-0.047281762813031	0.0207271389294951
-0.97432550347234	0.481515569107355
-1.13129699285405	0.342278739405472
-0.179346519257778	0.0961999571939898
-1.46802399342813	1.02396976069601
-0.183999285221434	0.0987716587197222
-0.13820927510853	0.049531032348743
-0.519952717504097	0.196880719935875
-0.781606253425508	0.425781410351007
-0.339133418750055	0.0976611246838527
0.152176593352271	0.0659288285925568
0.508020215391995	0.323647966606118
-0.143905854186937	0.0515385054799117
-0.385691710994508	0.265748221724647
-0.093568330060342	0.0371833836063799
-0.388197675575098	0.161522746371051
-0.0545783153502484	0.0238061517322269
-0.224502239746456	0.0724314379048856
-0.765512773870506	0.332649477838606
-0.308003249279784	0.141575873442339
-0.628347365301396	0.153568930486371
1.95791760701363	0.441280139896969
-2.57747759965585	0.66335545132302
-0.214295623660532	0.0692156550779169
0.166528409127177	0.0496297620210776
-2.06971291102341	0.943740604994579
-0.342904767182509	0.0986489157334515
0.188741251018705	0.140953050732549
-0.508872620125443	0.49490232377556
0.379575028435198	0.346520178752518
0.28814798600955	0.265994726064487
-0.363834458975678	0.282823695049252
-0.206348256529501	0.154669267447903
-0.133426389721988	0.125128671258568
-0.181292314677335	0.0972714823782172
0.803612785619637	0.870780670629963
0.866614764121388	0.644240566070698
-0.913493954520385	0.668499868430143
-1.67175547128961	0.94540819075879
-1.02647704913709	0.407098529252962
0.15002037757653	0.0650880238358636
-0.0947720691347095	0.0820598645110913
-0.331134914595206	0.263618788583557
0.114084187120578	0.112938098470235
0.035815500609185	0.0196595457792744
-1.01580640404231	0.402039683595048
-0.573478306217839	0.418695116539738
0.0118066018561017	0.00797221605028101
-0.265229962784172	0.16620555798927
-0.118777042489953	0.0824286403116234
-0.395035912834189	0.223730902801101
-1.80197754639448	0.383903353697165
-3.76005537586954	1.49066052927293
1.96040941896093	0.441936123238363
-1.79835097978106	0.382953978270685
-0.725867563551232	0.249367253578496
-0.347480099168433	0.0999933239977275
0.166691919569473	0.0419536988970269
-0.506942935020858	0.191492513730417
0.949511917528176	0.252227362219882
0.461830384024737	0.336561175827784
-0.430891828293773	0.331623482937649
0.166528409127177	0.0496297620210776
-0.0899241975971842	0.0633391916565357
0.279258117994235	0.249132859147457
1.1723204367647	1.46394792661876
-0.325934877955525	0.258720030140948
-0.769999420092183	0.878396248488778
-0.210138928297887	0.176349173861911
0.737722896192858	0.839977469820691
0.38709952652666	0.34280854636192
-0.29884559640504	0.137096023510432
0.366084828568237	0.185589551217348
-1.48203794124235	0.748673559012273
0.39877334397608	0.18055727588805
-0.398169568548785	0.225683591050617
-0.301699013069239	0.286084445429812
-0.21584116833564	0.0696924945480662
-0.0478260784160462	0.0298111549005417
-0.216034961796938	0.139836220785521
-1.12602254123743	1.24317243392665
-0.00553083704577322	0.00356581095413749
-0.258381392356713	0.211142846929184
-2.11470102590325	1.62466485815323
-1.08272527176299	0.738806782137066
-1.42675363939555	1.51797339413904
-0.481644520264027	0.252693594467713
-0.176656482525746	0.117429244797279
-0.535869819809773	0.339685171555062
-0.49670052987615	0.373892223852344
-0.175367185081727	0.0939798914202298
-1.79827400712943	0.382942964938875
-0.632432130022522	0.154575713959717
-1.14009620739235	0.345227889980206
-3.75530690635197	1.48758661786965
0.444275609827822	0.178583146745945
1.2829138411825	0.709359205598783
0.532249310589414	0.191451139948052
-0.0984988971794709	0.0390640297224525
0.179871788941184	0.11149923229908
0.187304172934879	0.134552407771469
-0.431413929110776	0.332085660873821
-0.144665382550069	0.098347024578352
0.0762279524559949	0.0497126201154177
-0.0937976560401867	0.0550053720024078
-0.875915103566303	0.806683071112847
0.011602284648171	0.00784448261536987
0.704679899950412	0.620940762357629
0.554297743765665	0.586734278391637
1.13225023113361	1.02618342437544
0.548123527173282	0.319144656762855
0.825762411823769	0.348140128156457
2.57088390896178	1.43183047331753
1.46213063109488	0.914451641587335
-0.0988549252015578	0.0698882694155495
-0.822175324257927	1.18544636476838
0.190145565360952	0.131165843584686
-1.51088943312233	1.7022251852594
-0.259216751938745	0.162032352745143
-0.880276948436549	0.812181173322415
-0.329436453515208	0.198132500296983
0.0132208653133405	0.00891593271077377
-0.452527915868344	0.301315232379853
-0.232509057244501	0.116172307186019
-0.37060665122432	0.289421760863528
-0.627367542213354	0.153354696036073
-0.890076215702555	0.740854650184257
-1.02427645032579	0.406079762098266
-1.52279095320724	0.543599882963436
-0.338812598915516	0.0975423827176717
-0.600982761439057	0.287834878587552
-0.627829060935039	0.153504607197422
0.159311548972865	0.0540967488137483
-1.1355628376793	0.343674610704711
-1.50954059367664	0.537955828816566
-0.973767980367191	0.481140008201024
-0.510685030941215	0.193049519773074
-3.45598446335482	1.23025555319821
-0.0920120072414227	0.0365206831931245
-0.783821542249307	0.426589962739569
-1.02177744930251	0.404938885053013
-0.143238806119921	0.0513077478725909
0.162479935061762	0.0485106492306684
-0.512353993368551	0.193709985793353
-0.0920120072414227	0.0365206831931245
-0.777464355658457	0.422594045993416
0.156964116509175	0.0602446032592551
-0.597800600511269	0.286361119391248
0.904546479526573	0.489413764048801
-0.305820815834773	0.140560121358743
-0.174846551068647	0.116138719747371
0.0585507353276099	0.0363044740600887
-0.785015523202022	0.519554857401945
0.398493071197486	0.180184081984467
-2.46991558568821	1.3764711876751
-0.783789299957845	0.427042134131408
-0.790085064262618	0.431301642668222
-0.720404519989633	0.247290988830991
0.150523503025892	0.0653077753415023
-0.0148581681863943	0.00711438926604207
-0.999820111873976	0.899502276629118
-0.0446972005133746	0.0278604579969806
-0.25329391130801	0.206362598237935
-0.489134833197966	0.366552822758694
0.288925696947114	0.243665185391115
-0.238821195316963	0.119580937271296
-0.50656504691517	0.559018334800623
-0.462141255918996	0.388710396470399
-0.888739535336097	0.739302770707156
0.115457457827424	0.088338041335944
-0.69122649290247	0.654287722185419
0.492040542785662	0.616939925582792
-0.653314473277689	0.714600244783565
-0.596618376172339	0.485860861776717
-0.316304877483134	0.222784709315322
0.369960589250576	0.18753286256595
-0.492103512468012	0.258769684911645
-0.78686249660849	0.521497484534351
-1.03350450753946	0.826769766718489
4.1842839281628	2.01626154738465
-0.235774546872093	0.118072598709211
-0.873657209925292	0.803722149695063
-0.72048344382916	0.874368512120441
-1.59586006195874	1.22656858950925
-1.13617544316656	0.343960217515251
-1.79835097978106	0.382953978270685
-1.79835097978106	0.382953978270685
-3.08606373064433	0.965887782759055
-3.45538437102149	1.2298802093729
0.947097253557627	0.251590606337117
0.158323275965016	0.0473326847049123
-3.08164138813046	0.963767470359232
-0.0872476468677712	0.0347025166398394
-3.08209765998152	0.963916510480773
-1.82003859074053	0.742440609774219
0.158450011340792	0.040067928141106
0.166691919569473	0.0419536988970269
-1.51853446946828	0.541976089171892
-0.762900274145912	0.331434318020362
0.533792789739045	0.192056407531968
-0.671570089497956	0.471105632857434
0.319199358136092	0.233171608848977
-0.0302142225139278	0.018899422327523
-0.294852408511201	0.135165072534677
0.695485768570234	0.325993590968415
-1.32052478346702	0.826541658231979
0.0297718469054138	0.0163413529354995
0.583400477021502	0.584089892669327
-0.94977699725481	1.00853979611819
-0.231684097207938	0.191775305249623
0.106236244202448	0.0758274135039071
2.03750237064696	2.9774356950433
-0.492056002487975	0.36950536592861
-1.72658698630417	1.88746889844466
-0.306158679366283	0.1407209567511
-1.08496288897579	1.04252619829399
-0.570047491849899	0.41578580453036
0.660270262356559	0.705720646981565
-1.80058579807521	2.07303193517174
-0.936794363435634	0.572960106574476
-0.392879945825962	0.222422618108687
-1.3408275523405	1.34137073524377
-0.606360244814608	0.53721670026808
-0.137976024592439	0.0494411312521156
0.809016502885676	0.772315071507128
0.182506236779693	0.119692776397437
-0.374400071777944	0.256636281801286
-0.465824217346445	0.39268053458428
-0.507875761667401	0.493574010723304
-0.904526204144737	1.07779702813696
0.540503002857833	0.473061323729371
0.179050761230992	0.110938519571576
-0.291130813140147	0.211900505076003
-0.943227574247749	0.578686523924447
-1.08976039336075	1.04953164652496
-1.96259898620115	2.504401916522
-0.235587398234699	0.117767263547939
-0.920188989021181	0.674840574475881
-1.09391840452696	0.749863339220509
-0.231627024370906	0.115746234814009
-1.27179409224048	0.572572110528683
-0.722774497263927	0.248158081194853
-3.08209765998152	0.963916510480773
0.66999328440441	0.21269616854207
0.94904571537762	0.252100131683616
0.152567656731362	0.0287430408348264
-0.216498197122892	0.0698782653003517
-0.21584116833564	0.0696924945480662
-1.13948670365002	0.344942610687521
-1.51084659522504	0.538498609405326
-0.628807341949763	0.15371861128279
0.15626975600377	0.0292821097759299
0.675067592191977	0.214306398275368
-0.722104754812606	0.247977448104565
0.00943368373460809	0.00481098779139004
-0.328930657739584	0.233244428884495
0.700559420988844	0.328841132112733
-1.82003859074053	0.742440609774219
0.368820609835459	0.186790254265173
0.739581466977157	0.61936388353943
-0.388875030065695	0.268468564604699
-0.18439208569392	0.156080490918216
-0.297863980365034	0.241167742053438
-0.416138294295465	0.35555422536876
0.0303761526389087	0.0167013198860286
-0.643769490993039	0.380999208299761
0.371873418914326	0.188601250447803
0.611192775309695	0.320679250706523
0.394830511937435	0.178506716414537
-0.453515109701407	0.30183193930729
-0.705154460382155	0.719499968433092
-1.33618214757257	1.10599408365996
-0.530993641294401	0.335743115410033
-1.15540196423223	0.645803022860555
-0.462965732102014	0.389615385381143
-0.277484738140335	0.200599598328998
-0.681088720015472	0.540280563622666
0.326790253536348	0.213792364884237
-0.890677645602096	0.741464424548332
0.414122436296677	0.344220260870828
-0.265335310680026	0.217675610446253
0.0718696536844012	0.0446812587438919
0.200748942257413	0.145197843929897
-0.525727572785754	0.436314077343014
-0.228599601613047	0.188949976801126
-0.625500335572602	0.152962089117453
-1.48381146477455	0.750044721804023
-1.32962361008748	0.835593808323819
-1.159894998224	0.649119626925906
-1.21647470463601	0.917015896447244
-0.531461429255021	0.336083830696429
-1.79835097978106	0.382953978270685
-1.51853446946828	0.541976089171892
-0.342569521377039	0.0986187132378211
-1.51754153600569	0.541527764023226
-1.79835097978106	0.382953978270685
-3.4565848348623	1.23040818352441
-1.13482941234436	0.34340642829894
-0.216730820199361	0.0699462135090824
-0.520581729618906	0.197148689128052
0.166084152255821	0.0418055330790301
-0.234253342300271	0.117081845636392
-0.17553595359788	0.13335861549857
0.188403856124564	0.135364851044833
-2.62768248317511	1.60957088365823
0.318120620952366	0.220496312695457
0.455024213908132	0.183297620962206
-0.115361316486906	0.079936485469525
-0.1509387643369	0.102829663964959
0.0751612475347889	0.0489979226260316
-0.0650311645045077	0.0394272549328223
-0.943735159444989	0.999367608176858
-0.485413952796717	0.363206569292196
0.191372448464476	0.132061304337563
-0.268185814701711	0.168285793469461
-0.047281762813031	0.0207271389294951
-1.21466793173399	0.91578378518217
-0.794785635419775	0.527898120935449
-0.416611927796608	0.356072231467542
-0.109240570254809	0.0643021596475809
-0.706637708645189	0.808784690969497
0.0439453748226351	0.0258005790161843
-0.778265429198019	0.840152596350314
0.745348536484346	0.626277380383359
-0.596581726934465	0.485761811452349
-0.201241211489562	0.150333853693559
-0.301175503860782	0.138186771174604
0.960500074943267	0.655266402301277
-0.593802053169699	0.28391837088087
-0.0969157406541867	0.0568711381046803
-0.469377779996171	0.396363753897437
-0.627829060935039	0.153504607197422
-3.08255415585823	0.963691003677911
-0.343557529393447	0.098858556674811
-0.627367542213354	0.153354696036073
0.153526628680235	0.0288819285189665
0.947097253557627	0.251590606337117
1.07246466651492	0.52025153016617
-1.1434022229194	0.346229899812888
-1.14009620739235	0.345227889980206
-2.77393800136445	1.86825240095912
-3.08209765998152	0.963916510480773
0.164702884100979	0.0414746335821988
2.35966911851022	1.1833129491537
-0.33946832567862	0.0977521416130555
0.156485222075046	0.0396411457671424
-1.50954059367664	0.537955828816566
-2.577202278156	0.663064687208724
-0.0491005347578184	0.0214966651238078
0.038883728696346	0.0213046597593262
1.7734369510952	1.3888531357616
0.158643044393503	0.0769300639286323
-0.0205895773101619	0.00972288837542771
-0.382521098821573	0.263035296815923
-1.73190034493626	1.89729441672829
-0.399759822802772	0.226853846111367
-0.381356469304701	0.262344764759586
-1.12461317852448	1.23991836225909
-0.255659089942846	0.208581491486711
-1.14528270553212	1.4068678292346
-0.379827695245258	0.260885460802114
-0.385618959891828	0.265422465904597
-0.774092849423713	0.723676418876432
0.0259091678200652	0.0142932329552968
-0.158305534554274	0.122492194476669
0.0513929241312175	0.0301678147515464
-0.423679705769877	0.32468347888017
-0.48715561217518	0.442348988583328
0.319389748385451	0.20839805965602
-0.394193611442386	0.272509220556876
-0.175367185081727	0.0939798914202298
-0.566084122708166	0.412060044658251
-1.15855186622984	0.648366010503737
-0.568572141005652	0.414375719134254
-0.302741839596027	0.139156880136081
-2.57747759965585	0.66335545132302
0.152567656731362	0.0287430408348264
1.82284235164019	0.714002514687227
3.26640660082579	1.12286745021344
0.152289864541204	0.0287035071443224
3.26352329858721	1.1213740078214
-0.346820783252297	0.0997890928773071
0.540751653624692	0.194552211747005
0.153526628680235	0.0288819285189665
0.457600074208012	0.184388896678325
-2.577202278156	0.663064687208724
0.153247518839476	0.0288421886814327
0.148503149870495	0.0281892610504199
0.534676685393129	0.192377474764699
-0.724527840719668	0.248940035798255
-0.142207514098902	0.0509041851864348
0.62079630004459	0.473728241216222
0.157212954461689	0.0603521678958182
-1.81776116330611	0.741198338740062
-2.577202278156	0.663064687208724
-0.725462519324565	0.249202983263282
0.00449992518390607	0.00313720423956343
0.179882531219855	0.111485650515735
0.481431634080623	0.33067322039851
-0.138041086464321	0.118470263969307
-0.372914811947173	0.401309619933083
-0.178130281440746	0.0955306442249476
-0.792187204805543	0.525958449731147
-0.606258619497196	0.290838531634312
-0.541751957338778	0.637631358495125
-0.238773860866374	0.119540694779014
-0.542680223218081	0.567236861882914
0.113014709785238	0.0809036033830786
-0.271744399766002	0.241952024778638
0.0110162144391773	0.00745394083245595
-1.09194172373224	1.05244623764621
-1.13948670365002	0.344942610687521
-0.948843042105707	0.583121896313437
1.2643335649032	0.883376245519581
-1.44227248425402	1.29002322821551
-0.1798600446586	0.0963763552397703
-0.79525295135869	0.528311343058995
0.152567656731362	0.0287430408348264
0.165704597093625	0.0417255219351786
0.167299398578488	0.0420768316112512
-1.79827400712943	0.382942964938875
0.166311360817904	0.0418484681801843
0.166691919569473	0.0419536988970269
-1.81405663489635	0.739163554129331
0.152567656731362	0.0287430408348264
-1.51364953741781	0.539764698603452
-0.33946832567862	0.0977521416130555
1.45476541507032	0.482531337515686
-0.336015560170029	0.096773828663037
2.75722496636877	0.770257049482932
-0.339133418750055	0.0976611246838527
0.166691919569473	0.0419536988970269
0.166691919569473	0.0419536988970269
-0.39135165590155	0.16303345182577
0.157325865228828	0.0683164261652466
-1.48346633241229	0.749403545929891
0.674406994924976	0.214010177433492
0.170216206297202	0.0427061060191571
-3.08209765998152	0.963916510480773
-1.79835097978106	0.382953978270685
0.166084152255821	0.0418055330790301
-3.08118534013847	0.963229045953577
-1.13482941234436	0.34340642829894
-0.978712787673042	0.484484813219758
-0.601732318683176	0.28861908434204
0.551811044422282	0.462121771232927
-0.190569205617003	0.127438365621404
-0.104461391390564	0.0822189100165337
-0.594872804695533	0.48421769588503
0.151905065586114	0.0516577328804664
-0.294513778520648	0.238020925107133
-0.233515529185709	0.116852404668532
-0.233993296468334	0.117120745482259
-0.297508253338832	0.136455589869049
-0.138239535912343	0.10847868906976
-0.401505120379405	0.372418085100314
-0.72013323546054	0.247288973526613
-0.871105949422155	0.800150906069789
-0.387458838761651	0.219051718675536
-3.08164138813046	0.963767470359232
-1.66901748289476	0.941912145553683
-0.789325367346618	0.431205631326814
-0.915086186212222	0.669758187266408
-0.220911011580069	0.143284267204958
-0.533106865113106	0.55398022567517
-0.913963930457073	0.668837043942282
-1.79835097978106	0.382953978270685
-3.08559782341753	0.965445184573826
0.153526628680235	0.0288819285189665
-4.00264517130229	1.73724766439162
0.153526628680235	0.0288819285189665
-2.57775304544287	0.66318910114962
0.155986207086685	0.0292416787556187
0.152289864541204	0.0287035071443224
-2.57747759965585	0.66335545132302
0.173530750601275	0.0434258550533535
-0.34191607535368	0.0984089732924219
0.152567656731362	0.0287430408348264
-0.629159511493121	0.153871316504896
0.167299398578488	0.0420768316112512
0.165704597093625	0.0417255219351786
-3.46005827230016	1.23260132520798
-1.4962934348621	0.758754983259719
-0.346820783252297	0.0997890928773071
-0.60380694749457	0.289657827684546
0.460439110241657	0.185494937992554
0.15243762427523	0.0585046911358224
-0.762900274145912	0.331434318020362
0.166307199190119	0.0418280240782314
-2.58120409692147	0.664991486920107
0.152567656731362	0.0287430408348264
0.156478904710375	0.0468116239715086
1.95706969381346	0.441073865263096
-1.14009620739235	0.345227889980206
-0.139860331457911	0.0500851315472196
0.165858197331239	0.049441036827577
-0.974027707007284	0.481188924144763
-0.709525854221404	0.725619606580027
-0.270309070255485	0.222342620789324
-0.389816144499364	0.220511387038752
-0.480526516048083	0.251790682545327
-0.628944749563896	0.769818584582951
-0.758892586095015	0.329498751771327
-0.0574333790978502	0.0250288442631081
-0.527328477257834	0.518423775960453
-0.787101642006282	0.676174408292375
-0.938629476668583	0.99114070382028
-3.45598446335482	1.23025555319821
-0.229157755783312	0.114470010300721
-0.139754126119536	0.0790454896595396
-0.0856886396044478	0.0341086706483756
0.465424163859635	0.187620917859552
-0.763253894263622	0.331680843347779
1.96393951748727	1.22803842759707
1.04170224709555	0.395339897652291
-0.971970848390944	0.480045085491414
0.697090053652003	0.611904300458824
0.914738068338701	0.49606376889517
-0.694754412706472	0.659140854056768
-2.577202278156	0.663064687208724
-1.79835097978106	0.382953978270685
-1.80197754639448	0.383903353697165
0.536711770787689	0.193058012816576
-1.13521969998424	0.343544374381215
2.75349844687128	0.768381126605175
0.952312839774606	0.25302018984475
-3.08559782341753	0.965445184573826
3.26741012598786	1.1229997006765
-0.341581022610314	0.0983147602836231
-0.0136032916317364	0.00654535292322661
-1.79827400712943	0.382942964938875
0.161546088205671	0.0482379354240544
3.26640660082579	1.12286745021344
0.948535538575274	0.252058145640786
0.153165327433612	0.0520592080182968
0.166691919569473	0.0419536988970269
-0.449263459665819	0.298727578703898
-0.516726487620638	0.195487204534031
-3.45598446335482	1.23025555319821
-0.941322854298315	0.576490839621699
-0.214295623660532	0.0692156550779169
-0.628807341949763	0.15371861128279
0.533792789739045	0.192056407531968
1.95791760701363	0.441280139896969
3.26352329858721	1.1213740078214
0.153526628680235	0.0288819285189665
-0.337820262048895	0.0972724494375125
0.159740930612616	0.0542077115299301
0.166691919569473	0.0419536988970269
-0.510685030941215	0.193049519773074
0.195685998758269	0.135342995746757
-0.322704877770176	0.193597361072256
-0.878452929477814	1.15349742051147
0.030519599719492	0.016805053369092
-0.670373345712483	0.470601391966901
-0.232047416792563	0.115918508115408
-1.27220725604507	0.572937879775848
-0.784275985925334	0.427274904717551
-0.555740884332386	0.64072904293513
-0.939177148384217	0.575455872589544
-0.601210560465708	0.288300812765622
-0.833769430328783	0.941332493572647
-0.44892069851795	0.298353141700222
-0.524454016018911	0.198681534699645
-0.521616479880851	0.197598440313405
0.960954483612803	0.65553933933772
-0.130708911670079	0.07373197046619
-0.219162153290995	0.0707239388479978
0.153807926197237	0.0590287956660926
2.3585702509138	1.18254995764164
-0.232509057244501	0.116172307186019
-0.0542610967066082	0.0236892904427868
-0.966877826572161	0.476849064992645
0.0509073931033346	0.0298624162133901
-1.34041770448895	1.34075777104302
-2.06905985477759	0.943332987473435
-1.32585381591904	0.831487600628691
-1.32360924982679	0.830677352110406
-2.577202278156	0.663064687208724
-2.57775304544287	0.66318910114962
-0.403887230675408	0.168686275413736
-0.341581022610314	0.0983147602836231
0.828531603525907	0.349434554924782
-0.347480099168433	0.0999933239977275
0.665738591316948	0.211247784564273
1.8282452886897	0.717007372542503
1.27322605608521	0.702097708758575
0.526713568192488	0.189285255390198
0.607695528751581	0.318830326989282
3.64496927066615	1.43565673102566
-0.339133418750055	0.0976611246838527
1.45674006944678	0.483086167228603
0.532908190209257	0.191706726261354
0.826252270975154	0.34827642903147
-1.27032365700558	0.571955904152126
0.153317330149606	0.0588970866053136
-0.782478838954926	0.425781425360571
-1.4880683745391	0.753416408870872
0.157034388740604	0.0533466278590803
0.564962018083264	0.330700264202602
-0.306277099789882	0.140897068245538
-4.00198333838944	1.73672681142965
-0.211380351297293	0.0682941197149795
-0.595668068623513	0.285073594994575
0.826058603447256	0.34818473678636
-1.48465000941191	0.750254071982769
-0.0554430621314386	0.0241716421643552
0.180449346272879	0.111762348538843
-0.172211622832687	0.0921759627106909
-1.21897268478934	0.921372151248341
0.165668938412036	0.0958960995550725
-0.713369345903419	0.775401690524499
-0.264182574388735	0.16548773101989
-0.324852694162533	0.257747019976671
-0.783324772776149	0.847744031582498
-0.378351576552971	0.2965403111518
-0.46752715391	0.394420955116206
-1.81405663489635	0.739163554129331
-0.346820783252297	0.0997890928773071
-0.516096514132394	0.19525236723075
-0.666083015421385	0.466361234856697
-0.297285208792555	0.261632131301466
-0.923738446399662	1.04182888716925
-0.888514777551809	0.738948043580776
-0.721072169669292	0.247553433626533
-1.67148917278405	0.944891177161515
-0.0625735685928544	0.0272141030578792
0.163235251192709	0.0873618050227552
0.454432327347969	0.183046639295393
-0.216073906032278	0.0697456994821053
-1.51819793872521	0.541803713077291
-0.252961225592075	0.157647692732873
-0.0923228633259257	0.0366319504062797
-0.000751140490777798	0.000541341900849121
-0.376938045988861	0.258769523163916
0.15672984402438	0.0468820705997684
0.515581986134085	0.329481962825548
0.153247518839476	0.0288421886814327
-0.394513529856492	0.164426177322579
-0.910482333599486	0.665569418954989
-1.26720229454899	0.570065067114721
-0.624566751454544	0.152757086863399
0.950862031539505	0.252628333014658
-0.764439347150145	0.332220800378231
-1.51200399758817	0.538851635748943
-1.79827400712943	0.382942964938875
-1.13422470394875	0.343215945535417
0.166307199190119	0.0418280240782314
0.153526628680235	0.0288819285189665
3.26452213570095	1.12136276907474
-2.5814875372856	0.665060440379843
-0.386404316735073	0.160785514924726
0.951331866170054	0.252756684317784
-0.721072169669292	0.247553433626533
0.152567656731362	0.0287430408348264
-0.628347365301396	0.153568930486371
-0.2158114783221	0.0696872968087198
-1.27010940171459	0.57162221968883
-0.15158757314499	0.0542017166239209
1.45476541507032	0.482531337515686
-0.0570440860259364	0.0248617188663237
0.162479935061762	0.0485106492306684
0.528476382778789	0.189975415538032
-0.0924829075776887	0.0367412854265158
1.04765717830274	0.397896603571229
0.156004173205372	0.0530087596813196
1.06420254374998	0.515159027898816
0.168287851014599	0.0422797449011708
-3.46005827230016	1.23260132520798
0.151876172846442	0.0582912127370879
-1.67780181755507	0.950146881024304
0.153873216038463	0.0591052634937605
0.551390280868177	0.320865670234412
0.820741251657713	0.345484369033752
1.45316902836548	0.481724936898338
-0.143083504265613	0.0512551019499494
-0.343877386805142	0.0989458655028747
-0.302654775386195	0.139077492237227
0.177940395167654	0.103512849641712
0.0314016494249337	0.0220701964222538
-0.327678933600968	0.260256198944494
-0.58711881230405	0.475903554647909
-0.253124776118482	0.206185003262789
0.066264358609259	0.0531621008558653
-1.19815650659724	1.39202877321562
-0.381209099786721	0.262163907465963
-0.212066555407218	0.136956744523231
-0.394758031780119	0.223331885816731
-0.643024309532184	0.38120990382507
0.153664477679935	0.0666278528198068
-0.776130546848368	0.66347773858012
-0.496201452657637	0.520531545000939
-0.286231776032264	0.230141728380447
-1.15959934465043	0.649183224396337
-0.727234996053761	0.249793021516634
-0.382182656734558	0.263021561847996
-0.228135886401727	0.113917231439441
-0.325333847384089	0.195410662958585
0.852019091047241	0.778323758727395
1.78908230506661	1.00240397696512
-0.147546544545359	0.0528075004420291
-0.179808428193668	0.0963808617192844
-0.886987385092193	0.736972022610721
-0.378175185053271	0.259661616962882
-1.98059976065053	1.3809525587901
-2.11192631530211	1.621570427363
-0.394817082850977	0.164570915301435
-0.600363626938135	0.287779932829569
-0.574688266913908	0.419921785175832
-0.529367131109707	0.334445346506122
-1.08268731270313	0.738718549190658
-0.486300516633197	0.255592473519175
-0.49447659222513	0.371628901345772
-0.633409029549556	0.154789771896201
-0.34191607535368	0.0984089732924219
-0.347480099168433	0.0999933239977275
-0.51567358163342	0.194987355076319
-0.628347365301396	0.153568930486371
-1.14070599952463	0.345337330024218
-3.45538437102149	1.2298802093729
-0.347480099168433	0.0999933239977275
0.156835118177656	0.0532837121933901
1.95706969381346	0.441073865263096
-2.57747759965585	0.66335545132302
-1.59540362334859	1.22608629592012
-1.51442679709979	0.540163579778039
-0.34191607535368	0.0984089732924219
0.948535538575274	0.252058145640786
0.397158745568435	0.179710547162979
0.166691919569473	0.0419536988970269
-3.08559782341753	0.965445184573826
-1.48782321639958	0.752911105521393
0.167456389266164	0.0498754746523784
0.670977551868057	0.213013404742869
-0.100420952049457	0.0589825849449261
-0.216498197122892	0.0698782653003517
-1.79827400712943	0.382942964938875
-2.57747759965585	0.66335545132302
1.45894852799894	0.913160964377735
-0.387216962448202	0.161086074632708
-0.392513774414745	0.163589147086667
-0.596243681738444	0.28518767188293
1.04455801006536	0.39678683304154
2.12469754063116	0.95387633212181
-0.293679205737824	0.134582543401126
-0.234305983262521	0.117120175160852
0.908754057121672	0.491693289203694
-0.0941067654169633	0.0373762932959253
0.829988921889609	0.350189547890131
0.532943040574951	0.191636496474747
0.455845401130376	0.183645920619101
-0.717682103574582	0.246297668028488
2.90923189740976	1.96955690200657
-2.46410804916141	1.37166465159636
0.384519162876265	0.352117105192048
-0.206694433159284	0.154995274275132
-0.640782307212755	0.658352473373171
-0.988516339674355	0.885290847409799
-0.774971166294428	0.782112032788096
-0.281662984141586	0.225827405088399
-0.711569645309211	0.728267875260409
0.218831833578924	0.194004347625901
-0.323737852700097	0.280893435189236
-0.190265886360384	0.161671694786352
1.03929274456528	0.989681191279902
-0.41081777812502	0.350060444601075
-1.34015382980612	1.53934406659083
-1.0314501080403	0.825206092211574
-1.82622704316974	1.67042800473038
-0.87031154105802	0.799149025815173
-1.6383733693776	1.68616514651707
-0.779508177666628	0.730469806608812
-0.696600394006049	0.661511633842841
-0.293073597619978	0.236562363422243
-1.14621166158806	0.997871507560309
-1.81433874778204	0.739366153614294
0.00851595569305946	0.00435870671582826
-1.03528070510311	0.829529399338896
0.326557644259354	0.213840268203266
0.96811936939071	0.661876284526648
0.0649225720635767	0.0403005923057532
1.25714896666717	1.07111352698047
0.167923539634546	0.0901035096222484
-0.942352905384778	0.578039349383485
-0.759243170950049	0.329658545107515
0.18240838953882	0.106184100610594
-1.15912761229326	0.647946866901507
-0.306997847881457	0.141105580585831
-0.232643308394171	0.116405824263801
-0.389874024309309	0.162459177008251
-0.641510811748366	0.379400138101878
-0.533235403423345	0.337377244113182
0.0110047809577382	0.00556310699735405
-0.79389676169198	0.52718473229848
-1.24307656608898	1.16216776913844
-0.484186411622677	0.253868885014479
1.46864596367641	0.921522684424406
-1.98691379095227	1.38789623471759
-0.975014682322399	0.96227659160794
-1.23844452037331	1.15509673616771
-0.795533132301123	0.434903983575406
-0.632432130022522	0.154575713959717
-1.81597855999324	0.740149609155373
1.06795776597357	0.517462167643025
-0.645607310235306	0.38272906857119
-1.02647704913709	0.407098529252962
-0.596720961513624	0.285633666135419
0.947707476517323	0.251863651931386
-0.338476676785739	0.0974822237690529
1.95706969381346	0.441073865263096
-0.629267545839357	0.153771215183604
0.948535538575274	0.252058145640786
1.45415502686182	0.482281800899209
3.6429298839629	1.43447613792276
-0.213871750896534	0.0690577255793313
-1.14070599952463	0.345337330024218
0.154304804183893	0.0592230318132772
1.78691158331692	1.40814037854058
0.908223326463872	0.49152217183596
0.157636350938851	0.0535087472214418
-0.349124689538762	0.10039174648187
0.670649872073233	0.212844236167521
-0.214527945453891	0.0692825908233493
-0.0553432222225321	0.0241274622394166
1.33703685718049	0.586324404119723
0.165858197331239	0.049441036827577
0.147262717174666	0.05012057275734
1.09530140683065	0.676259242178794
0.598139825740944	0.312831767619682
-0.599349519704877	0.286975417875332
-0.513610688012862	0.194197498523362
1.28131624516201	0.70816927456368
-1.51494963266618	0.540305848955056
0.942957371619669	0.25056334066046
-3.45598446335482	1.23025555319821
-0.214295623660532	0.0692156550779169
-1.16884331729674	0.655561070647764
-1.83356958441463	1.15505718745387
-0.68784219737515	0.601641484307337
-0.333288093262497	0.236836362975247
-0.780480920671527	0.668491382211935
-0.570068350321993	0.415466376802575
-0.77123659758317	0.880402436018729
0.0740246779152621	0.0596480474928184
-0.40974662330812	0.348919563916207
0.0570396945524589	0.033480502088013
-0.669264242904402	0.469369547335722
-0.874996015924102	0.805542618407412
-0.526633913221606	0.43744242446805
-0.324907558031969	0.195077510497479
-0.642385803086616	0.380005364837952
-1.24318017854845	1.16157800833022
-0.541398326823327	0.343976472261115
-1.02219635119045	0.405138350348285
-0.973366707870727	0.48114242635026
-1.8102563556085	0.737065861487772
-0.624566751454544	0.152757086863399
-1.14070599952463	0.345337330024218
-1.5137684225729	0.539722178307758
-1.13948670365002	0.344942610687521
-1.13521969998424	0.343544374381215
-0.392890645811615	0.163726265183229
1.27793156796812	0.705158655511195
-1.32232564247032	0.828941730530933
0.348583635230653	0.195612615349317
-0.389017034010506	0.219789307345105
-0.0578212906678818	0.0251916598763217
0.15997668404295	0.0694325979088105
-0.784681263018172	0.518398362374127
-0.169865439126142	0.0908475875544532
0.172440134352678	0.0925074252523521
-0.21049146922482	0.0680355104001863
0.0103468363686361	0.00524257674400433
-0.175934524508609	0.094247781009333
-0.98395085257884	0.487945557727819
-1.08445850278409	1.04185931625041
-0.0591691663769915	0.0257625639736457
0.00740742909478869	0.00379390374667557
0.908238214207588	0.491420643895265
0.553999837806063	0.322867441457051
-0.00044470961566461	0.0000284305720538911
-0.916863516624978	0.671592665339911
-0.318828476553984	0.191058443715062
-1.59716892487325	1.22813736378411
-0.0889153466898367	0.0520909084291703
0.393786252705245	0.178080406701321
-0.567334739273029	0.413189475987847
-1.79835097978106	0.382953978270685
-1.47919430383771	0.746880588483709
0.395082045488164	0.178545764832155
0.950862031539505	0.252628333014658
-0.0902065122804847	0.0358292867852547
-1.51330481624892	0.539630991333106
-2.22999892442545	1.87143311777011
0.951841444348566	0.252891357699991
0.153247518839476	0.0288421886814327
-2.57747759965585	0.66335545132302
-0.342569521377039	0.0986187132378211
-1.79827400712943	0.382942964938875
-1.79827400712943	0.382942964938875
-1.79827400712943	0.382942964938875
-1.79835097978106	0.382953978270685
-3.08606373064433	0.965887782759055
-1.13582369620544	0.343734699942405
1.45514143110378	0.482646568994266
-0.342904767182509	0.0986489157334515
-2.57747759965585	0.66335545132302
-1.13461598703551	0.343230613786831
-0.215417270113509	0.0695361432210389
-1.51560015914977	0.540391239685252
-2.06376292263444	0.939652168969582
0.168288685095222	0.0500710910142238
0.453245219907166	0.182455376205941
-1.13190405565215	0.342469779892572
-1.13482941234436	0.34340642829894
0.67473928175237	0.214185038642858
1.3345487412554	0.585101958973942
0.152263467777791	0.0584865836523203
0.337549272339805	0.206331028036986
-0.216468117878063	0.0699098638062388
3.92939233650521	1.72468629625562
0.947560352748164	0.251716891447637
2.7554263517449	0.769222911089782
-3.45538437102149	1.2298802093729
-0.628807341949763	0.15371861128279
-0.768590564983652	0.334362174265325
-0.342726271867257	0.0986497538337671
-0.182224046001573	0.121449866014176
-0.664688897136029	0.465602629094494
-0.272668663975606	0.171331337345825
-0.0487144694234299	0.021333046821574
0.967994775621113	0.662575148890929
-0.497631633182566	0.374616753413949
0.556658197455442	0.324808183980346
-0.266229572742866	0.166829094536755
-0.508780541345338	0.562361162015422
-0.884014397382881	1.10376264339978
-0.332198486152741	0.264679351368573
-0.377945889072213	0.356353806241511
-0.340618606328761	0.322804457396533
-0.790334761713675	0.523354311867984
0.0516676307226649	0.0303220683729106
-0.636129832165299	0.65214114190852
-0.182632692871252	0.0980227708246485
-0.303477111927595	0.139388728019386
-0.78704795148152	0.605680495508576
-0.139040066745498	0.0498383207329063
0.697834101611107	0.327384517324711
-1.79827400712943	0.382942964938875
-1.80197754639448	0.383903353697165
-3.7533685838982	1.48573241891736
0.153247518839476	0.0288421886814327
-1.79827400712943	0.382942964938875
-1.79835097978106	0.382953978270685
0.152289864541204	0.0287035071443224
0.152567656731362	0.0287430408348264
-0.148494010120486	0.0531167923480848
-0.444812669166448	0.29511571705393
1.33923766564693	0.587534294313214
0.537164857593467	0.193341885349058
0.16061705718604	0.0616461052533966
-0.981136819184477	1.23412085452632
0.337817695296623	0.206302986627831
1.61540851830485	1.13239273694367
0.529576794989163	0.190434980333926
-1.47556015546468	1.03248663679514
0.453611115677461	0.182669846803673
0.153177830051709	0.0665020105437734
0.0310121205957777	0.0170718150175875
-0.282425411715892	0.204713297515153
-1.01914903145279	1.1409015928584
0.0878738369696931	0.0575257925629705
0.810006308960752	0.97803008315553
-0.778049960429853	0.666170618677283
-0.177402965867497	0.117913596724376
-1.11557811762673	1.44834865931115
-1.16667565837399	0.654399225417638
-0.706495558468553	0.765619183776591
0.343401420956675	0.192275775798707
-1.02026869500549	0.40408181312214
-0.299338798468226	0.137402389711144
0.795027518952135	0.47870101455303
0.153247518839476	0.0288421886814327
-3.75466048479637	1.48723142869904
0.670649872073233	0.212844236167521
-0.789240343840023	0.430811139584905
-1.81367378419037	0.73893109819281
-2.57747759965585	0.66335545132302
1.82480922054022	0.715302875396814
-1.27751931897973	0.575987802889346
-0.511312418026602	0.193302575730068
-0.389915965454962	0.220409037686978
-0.0670584351443431	0.0406860834900754
-1.79835097978106	0.382953978270685
0.152289864541204	0.0287035071443224
-0.628347365301396	0.153568930486371
0.167299398578488	0.0420768316112512
-0.624566751454544	0.152757086863399
-0.628807341949763	0.15371861128279
-0.520581729618906	0.197148689128052
-0.342569521377039	0.0986187132378211
-3.45478455762682	1.22912473266304
0.152289864541204	0.0287035071443224
0.949511917528176	0.252227362219882
0.153526628680235	0.0288819285189665
-0.632939126134277	0.15468454480873
0.163149905636875	0.0486839149701593
0.152567656731362	0.0287430408348264
0.160803134128977	0.0406203249121647
0.161809663243855	0.0483223326687324
0.5561954050332	0.324498779919158
-0.230243768126878	0.114984475231733
-0.219615570186308	0.0709016531943509
-1.4786056941325	0.746430520194697
0.152567656731362	0.0287430408348264
0.944906190121193	0.251072355848773
-2.5814875372856	0.665060440379843
0.669009496945769	0.212302346826553
-1.13461598703551	0.343230613786831
-4.0033072927183	1.73759879224949
-0.180029804999288	0.0965958347651914
-1.62862694896742	1.66898020597614
-0.0201409503348567	0.00951940121627284
-1.21725260230866	0.919403967243179
-0.24331188275263	0.121965072004244
-0.0885852217584644	0.0352215356911798
-0.642927801864061	0.380587903416608
0.800534855481325	0.638372373909947
-1.02307769145898	1.33351562219217
-0.510581383669813	0.564934314601965
-0.838362023769944	1.11677460129766
0.913135598345569	0.941628862816479
-0.136785060803952	0.104478146376803
1.35428697027902	1.43925883210865
1.51006655324884	2.00361880880718
-0.772605824959041	0.882579661413422
-1.54082782368498	1.48536674294688
-0.293462393704441	0.237007563169578
-0.595668068623513	0.285073594994575
-0.0551292885383177	0.0240551235757528
-1.51330481624892	0.539630991333106
-1.79835097978106	0.382953978270685
1.95791760701363	0.441280139896969
-1.79827400712943	0.382942964938875
-0.62503342749082	0.152907838403333
0.671304003309683	0.212965720540022
1.25416732671343	0.872368724279956
-0.961151023113705	0.943074647264587
0.158759283748485	0.0769816372810777
-0.215609075040396	0.0696016635663571
-0.521858183791198	0.431780994666321
0.612998211287819	0.322281873363052
0.16818254317401	0.0902331542982154
0.909298383653948	0.492390033550039
1.04430377856912	0.396424318995768
1.3345487412554	0.585101958973942
0.669161192101413	0.212364907391867
-0.0537825465256815	0.0234854498816434
0.00948190677592953	0.00484906545929668
-0.0257604458418061	0.0164095556108531
-0.178524678817652	0.135898365842073
-0.52464730618186	0.435181341657781
-0.142828246984939	0.0969795222948636
-0.707555450813085	0.722457792792527
-1.18054857780293	1.21318049391011
-0.146749100830172	0.0998762478689615
-1.32585381591904	0.831487600628691
0.166691919569473	0.0419536988970269
0.346091474674101	0.19386571950776
0.36284474921939	0.18374962359909
-1.80197754639448	0.383903353697165
-1.13362027945245	0.342902172857624
-3.08209765998152	0.963916510480773
-0.628347365301396	0.153568930486371
-1.80197754639448	0.383903353697165
-0.77629538629846	0.421780797117213
2.11881817356834	0.950338628661362
-0.327438487234713	0.260207638801472
-0.142207514098902	0.0509041851864348
-1.13910410688242	0.344899734416028
-1.79827400712943	0.382942964938875
-1.79827400712943	0.382942964938875
-1.79827400712943	0.382942964938875
-1.79835097978106	0.382953978270685
-1.13129699285405	0.342278739405472
-0.627829060935039	0.153504607197422
-0.631960666018702	0.15447017218279
-1.80197754639448	0.383903353697165
-0.716074907122798	0.245725534591538
0.166691919569473	0.0419536988970269
0.148503149870495	0.0281892610504199
0.166099710989407	0.0494473940648072
-1.022712746104	0.405179718951923
1.04144562491045	0.395430985542635
-0.141613477265566	0.0506925453352637
1.34353987064728	0.58903271458534
1.33300648117334	0.583999950109349
-0.229558031033442	0.114764473910002
-0.6282908079904	0.153557595992093
1.57278849724946	0.782718881338606
-1.13482941234436	0.34340642829894
0.155986207086685	0.0292416787556187
2.12041605569515	0.95168550356035
2.7554263517449	0.769222911089782
-3.08164138813046	0.963767470359232
-0.644183228582257	0.381240409174265
-0.786961588278445	0.429105349763274
-0.0570440860259364	0.0248617188663237
-0.401287902244897	0.227899454346686
-1.81433874778204	0.739366153614294
-0.12969481418282	0.073178589419291
0.189303848794042	0.124514346160681
-0.21984326569233	0.0709305957045652
0.00830492220711732	0.00427417898130236
-0.00462195526612534	0.00298549056260855
-0.0627076512288612	0.0511330520064419
-0.334022217660665	0.26637827940908
-0.272973409834014	0.196890558715344
-0.534253585115401	0.338460249931751
0.39422730073311	0.350654327674221
-0.247206523335367	0.200597625159649
-0.143673624158547	0.0514580135328712
-0.23438043701368	0.117288378181288
-0.332981930173787	0.236547638114877
0.197050610698078	0.158059408902102
-1.13910410688242	0.344899734416028
-0.35143998618836	0.101034873832797
-1.51429942551804	0.540079204882619
0.951841444348566	0.252891357699991
-0.139626623650296	0.0500203007886289
-2.5814875372856	0.665060440379843
1.95706969381346	0.441073865263096
0.170216206297202	0.0427061060191571
0.166311360817904	0.0418484681801843
-2.577202278156	0.663064687208724
-0.66592811890654	0.466619691273002
-0.323361469710679	0.256295842659494
-0.214527945453891	0.0692825908233493
-0.072701564248868	0.0441679954488708
-0.589166026233367	0.477945642400665
-0.305656655986788	0.140469535711198
0.155372593274282	0.0528040448022981
-2.06971291102341	0.943740604994579
-3.08164138813046	0.963767470359232
0.558798294742003	0.326203903461631
-0.0935802772284631	0.0371756898766286
1.03929274456528	0.989681191279902
-0.886698487326654	0.736473899165741
0.587361804191792	0.472547267229027
0.061869975385682	0.0383976864354024
-0.252127770706228	0.15707741060507
-0.634519533755827	0.6108765031136
-0.602004718172673	0.693515181900617
-0.773192790107739	0.722355212269242
0.296872414004429	0.234047928538702
-0.0930539441493821	0.0369718407357095
-1.022712746104	0.405179718951923
0.147564469649252	0.0567134394993185
-1.79835097978106	0.382953978270685
-1.022712746104	0.405179718951923
-0.391096888732438	0.1629812476362
-0.538870749206775	0.341965602585306
-0.722104754812606	0.247977448104565
-3.08606373064433	0.965887782759055
-1.79827400712943	0.382942964938875
-1.79827400712943	0.382942964938875
1.95791760701363	0.441280139896969
-1.79835097978106	0.382953978270685
1.96040941896093	0.441936123238363
-1.79827400712943	0.382942964938875
0.152567656731362	0.0287430408348264
-1.79835097978106	0.382953978270685
-1.13582369620544	0.343734699942405
-1.14439212025525	0.346557657739731
0.165594211957363	0.0493598676029419
0.148503149870495	0.0281892610504199
-0.719194825953782	0.246846541949292
-0.764109685072496	0.33228937048446
1.06278916442611	0.514047203386854
1.45769029797448	0.483533280097753
-0.631960666018702	0.15447017218279
-4.0033072927183	1.73759879224949
-2.28390681694115	1.15543568004726
-1.13521969998424	0.343544374381215
0.148791554554617	0.0506157660399734
-0.230342780543764	0.1150904985085
-0.384663357687081	0.160045256950307
-0.233432696885248	0.116659473621373
0.795508190293046	0.479029916231137
-0.392890645811615	0.163726265183229
0.821753992690835	0.346118851347505
-1.13422470394875	0.343215945535417
-4.21852400687921	1.98286596020995
-0.499471856133798	0.524988521205787
-1.01508816781023	1.39560793896489
-0.09469698751767	0.0375438253599801
-0.781606253425508	0.425781410351007
-0.992814254534043	0.890442951281937
-0.489820988750944	0.550064070793767
-0.782790733657805	0.426273304017851
-0.0404500323161613	0.0252180616803978
0.429657771849341	0.344147714429658
0.0527443581131116	0.0309456576904366
-0.03585383590301	0.0264007321787222
-0.53913151948677	0.562244744841296
-0.371216234297593	0.348603595285702
1.02767030432774	1.23836613809534
1.69650597218784	1.98064199595777
0.146035682425753	0.126658050285213
-0.0382474942664745	0.023840318894892
-0.321089971024266	0.192600032285874
-0.144925294503731	0.111232948290913
-1.81937129385307	0.742146991690708
-3.45598446335482	1.23025555319821
-1.13582369620544	0.343734699942405
-0.265317328061758	0.166115832550724
-0.393144380405344	0.16382418057789
-0.627829060935039	0.153504607197422
-0.627829060935039	0.153504607197422
-1.81272640846626	0.738384406689963
-0.212751382654507	0.068709601722853
-0.6282908079904	0.153557595992093
-1.51429942551804	0.540079204882619
-1.02664458637801	0.40719807785852
1.45086090685868	0.481039409485759
0.948535538575274	0.252058145640786
-0.601512099677528	0.28810721110832
-0.335426204860364	0.23852806005727
0.513507685790504	0.32766871214518
1.78886371497716	1.00252148854257
-0.303352328466683	0.139213671617103
1.58247018462248	0.789112972690024
2.90682751333875	1.96348119670925
0.175595693453209	0.101910285200057
1.11524759285033	0.8536670729737
-1.44310813598704	1.29373063530428
-0.203783140235246	0.15252838490049
-0.77016193570932	0.718398297940631
-0.12181634528395	0.0846424871016933
-0.637582577181203	0.376691929442228
-0.78336125397254	0.793577025436106
-1.08945364394789	0.746408447237107
-0.0248392696528731	0.015837905287076
-0.136071240993834	0.0769140484070536
-0.438350102201198	0.40146806187898
-0.443068904227501	0.293550016088006
0.170978565521454	0.0917660888363601
-1.21735703608343	0.918387119128017
-0.886614513199748	0.736773043206943
0.0421365298224195	0.0230763436598765
0.155035219791682	0.0753240437004922
0.161683968820609	0.078582094176274
-0.133785109066166	0.0755734219354407
-0.215417270113509	0.0695361432210389
1.0423751179533	0.395795368074734
-0.33946832567862	0.0977521416130555
0.169606362252511	0.0425824743634164
0.165704597093625	0.0417255219351786
0.152567656731362	0.0287430408348264
-1.79835097978106	0.382953978270685
-3.08209765998152	0.963916510480773
0.153526628680235	0.0288819285189665
-1.79827400712943	0.382942964938875
-0.628807341949763	0.15371861128279
-3.08118534013847	0.963229045953577
-1.79827400712943	0.382942964938875
-2.57747759965585	0.66335545132302
-1.80197754639448	0.383903353697165
-1.79835097978106	0.382953978270685
0.153247518839476	0.0288421886814327
0.152535316970161	0.0518648992874702
-0.627829060935039	0.153504607197422
0.171207721440545	0.0429238305772998
-2.57747759965585	0.66335545132302
-2.27819990136361	1.15068813753373
-0.342569521377039	0.0986187132378211
-3.08164138813046	0.963767470359232
1.28267569581257	0.709228648118582
1.07544569043419	0.522071242089741
-0.0524360537364163	0.0229122092230065
0.529576794989163	0.190434980333926
3.26640660082579	1.12286745021344
0.168287851014599	0.0422797449011708
-3.45598446335482	1.23025555319821
-1.80197754639448	0.383903353697165
-0.322006589511711	0.227532961673443
-0.457947874972532	0.305569755139682
-0.66153033247966	0.764779217077548
-0.53085771053245	0.441723090907004
-0.174757228163412	0.163049416284568
0.166691919569473	0.0419536988970269
-2.47155441492038	1.37802068352901
-0.393640665553272	0.223023446583443
-0.940368009978136	0.575841733278831
-0.929822130863859	1.05198419077839
-0.383491741310933	0.263961601013165
-0.442262923642099	0.406222866008492
-0.21948180126621	0.180324453292048
-0.0120482327853862	0.00909265189242269
-0.539257810364705	0.562321944406572
-0.176799238568002	0.134429229229507
0.422684596089866	0.337349768432559
0.178702425905249	0.110652232771363
-1.03058142955598	0.822928529891897
-0.33946832567862	0.0977521416130555
-0.601996421906715	0.28872536034731
-0.628347365301396	0.153568930486371
0.152289864541204	0.0287035071443224
-3.08559782341753	0.965445184573826
-1.51984622148121	0.542369599603978
0.152567656731362	0.0287430408348264
0.152567656731362	0.0287430408348264
-0.220273125496108	0.0711077393958585
-0.392776822677003	0.271512537913928
-1.02582176479153	0.40676668488424
-0.445721621185322	0.295862493907458
-1.08984955132092	0.745632745668245
-0.567988756245895	0.413617966277335
0.156495498716282	0.0678921116124394
-0.348465736253515	0.100232718134072
2.75722496636877	0.770257049482932
0.158881948449154	0.0539337610249189
-0.775639193969214	0.421233669961122
0.192158816753848	0.138403739171701
-0.315565474584868	0.188873949107304
0.0495879719598504	0.0291087099274287
-0.675091843539867	0.534182427591887
-0.322489277355043	0.193509299426762
-1.33509996538031	1.33280988307115
0.168360139355411	0.0903576686121402
-0.518883505630237	0.577314825357688
0.0487682642713156	0.0286244115268935
-0.486469462530545	0.4416588795506
-0.979421041745377	0.485307776607033
-1.79835097978106	0.382953978270685
-0.532766385346893	0.33704504000082
0.167402290021793	0.0896221774164838
-0.527546486584832	0.438371455535382
0.152844405786542	0.0663436314576924
0.950862031539505	0.252628333014658
-1.13129699285405	0.342278739405472
0.167198319746772	0.0498030771043432
2.75349844687128	0.768381126605175
0.15626975600377	0.0292821097759299
0.152567656731362	0.0287430408348264
0.152567656731362	0.0287430408348264
-1.79835097978106	0.382953978270685
0.149464413960118	0.0283283450696208
-1.79835097978106	0.382953978270685
1.95791760701363	0.441280139896969
-1.79827400712943	0.382942964938875
-1.79827400712943	0.382942964938875
-1.13069021608626	0.34196481134975
0.152289864541204	0.0287035071443224
-1.01604749957747	0.402012996146716
-0.723858427247846	0.248624788373591
-0.632939126134277	0.15468454480873
-0.62503342749082	0.152907838403333
-0.344210615318698	0.0990368506115311
1.33542918143198	0.585518840032983
1.04077275699432	0.394975733217645
-0.48178728705012	0.252270809257442
-0.726564164914808	0.249592554109046
0.689544170621073	0.322987396424412
1.33388779929172	0.584486704122506
1.8261475497071	0.715492004949433
0.166528409127177	0.0496297620210776
-0.627367542213354	0.153354696036073
-1.13362027945245	0.342902172857624
-0.314699074945349	0.221447521000853
0.458696935740265	0.449203983873387
-0.535976688094923	0.62854455678565
-0.184093197975429	0.14055651239384
0.296818420114861	0.242853683900191
0.217547926334234	0.207346986500797
-0.488336177833892	0.569412545532201
-0.00590954586161317	0.00380743017936759
-0.935367922541137	0.571834673365881
-0.481872579848648	0.252482807430143
-0.323840046514806	0.19449152713607
-0.212659123724628	0.195664494902085
0.0426363324426108	0.0250380047955039
0.546917621823455	0.661191059715768
-0.263287866275902	0.233103176741937
-0.357365663781605	0.332443626468035
0.71893772390733	1.01307573867787
-0.107992517145808	0.0851934463807561
-0.256318815025258	0.209120049246957
-0.0965040345270784	0.0772416614237947
-0.328545126195067	0.261080206768886
-1.25361772829786	1.35837193446622
-0.786570531945675	0.429262106846232
-1.79835097978106	0.382953978270685
-0.627829060935039	0.153504607197422
-0.510891470732261	0.193155670362405
-0.916388005046005	0.670966382326358
-0.0980355530087572	0.0389119651836356
0.714447558529415	0.472781887945213
-0.224307873640213	0.145685849250427
-0.369291109325769	0.288134454922439
-1.02809587967183	0.820647065811096
-0.333874094207618	0.266245336149393
0.186796908493429	0.122666715224519
-0.110661547702062	0.0874526521458731
0.202355173027777	0.152227344515341
-0.782087033323827	0.897621674143355
-0.51863179382768	0.507119477573388
0.802513515638363	0.86901602948864
-1.16275930294306	0.651260975396066
-0.206445198839003	0.0667577375028494
0.173338268705216	0.0930215291854222
-1.6662582285092	0.939737745705479
-1.79827400712943	0.382942964938875
-1.82285328531092	0.743753150051307
-1.79827400712943	0.382942964938875
-1.81500400399229	0.739710597985082
-1.67780181755507	0.950146881024304
-0.918364880553987	0.673188134148223
0.062093589348257	0.0364602747566652
-1.15552279271897	1.42630566739109
1.62682458289664	1.14346665738451
0.15626975600377	0.0292821097759299
0.170216206297202	0.0427061060191571
3.93039364694432	1.72557827049993
0.152207512413174	0.0287281007494042
-2.57747759965585	0.66335545132302
-0.343223291761604	0.0987971723984263
0.152567656731362	0.0287430408348264
-0.721072169669292	0.247553433626533
0.94807088907188	0.251931335472786
1.95791760701363	0.441280139896969
-1.13642797594247	0.343807560451606
-0.627829060935039	0.153504607197422
-1.79835097978106	0.382953978270685
-1.79835097978106	0.382953978270685
-1.13521969998424	0.343544374381215
-1.82445347427367	0.744643935357567
-3.76417793513578	1.49289621426023
-1.51200399758817	0.538851635748943
-2.07101983697742	0.944136510769066
-0.721740116381346	0.247779502726497
-1.79827400712943	0.382942964938875
-1.01866173967953	0.403351708479081
0.157034388740604	0.0533466278590803
-0.231215909823876	0.115544901880927
0.910289212893455	0.492937368377986
-0.0549614474231717	0.0239689190779343
1.58099753958293	0.788310033160843
-0.34191607535368	0.0984089732924219
-0.386404316735073	0.160785514924726
-0.419737735536189	0.359367589929197
-0.322434196414151	0.193469486145927
0.204491050756905	0.154034088721803
-0.444563838795625	0.408926962279346
-0.947849488948798	1.24194983258155
-0.0966127857355162	0.068249357217232
0.694068571787943	0.725200815219147
-0.24006245461611	0.214833698190833
0.260701213946289	0.260861522407136
-0.201448696977006	0.168119905486329
-0.452272682035573	0.508314384063252
-0.337056633990487	0.294965970340752
-0.867709080694389	0.867476286927648
-0.1479006917775	0.0529122719445307
0.34762019998063	0.194828817780315
-0.294088272250043	0.277293466242537
-0.543561396494273	0.568232000761525
-0.155183543136377	0.119844768253794
-0.0601128657584486	0.036442272885728
0.309784333539221	0.22525152412399
0.205269208832323	0.160224456127418
-0.180385644400857	0.137401855706401
-0.905783344713037	1.07988577491364
-0.374924557157103	0.324384003589716
-0.769966065711792	0.774359200754496
-1.08222896827251	0.738232967150868
0.700243705728726	0.328798949934782
-1.31734206373511	0.824154785431626
-1.51364953741781	0.539764698603452
1.95791760701363	0.441280139896969
-3.4565848348623	1.23040818352441
-0.720404519989633	0.247290988830991
-0.483318352119068	0.253364865978665
-0.486300516633197	0.255592473519175
0.0503994621968113	0.0295959777515301
-0.172853937090633	0.0924960407714982
-0.789392502988	0.430985664742253
-0.389264439668591	0.161953056740971
0.686400656425486	0.3211262239517
-0.31612160994184	0.189121363581532
-0.172793350606913	0.092450239102774
-0.783414867585019	0.601390306857467
0.00568364774695021	0.00296838796913608
1.33504502991901	1.57332005468176
0.164573494040401	0.0881094809511527
0.619996291143665	0.473321851223763
0.623078473483899	0.476031498267528
0.331988225762362	0.20244610678154
0.0947929984890163	0.0648471189819704
-0.528627106478255	0.439361962942372
-0.484257837005498	0.254118764592297
1.09184712460802	0.673224096983399
-0.661191909926952	0.462230572733368
-1.79835097978106	0.382953978270685
-1.79827400712943	0.382942964938875
-0.6282908079904	0.153557595992093
-0.394680162766772	0.164617832671924
-0.343877386805142	0.0989458655028747
-0.984799857270415	0.488305731426224
1.57872157530349	0.787144638169878
-0.053998615601141	0.0235594321710418
-0.118594918949084	0.0823088288558254
-0.315175647993572	0.221825603638737
0.167456389266164	0.0498754746523784
-2.57747759965585	0.66335545132302
0.163413249256128	0.0487677019311828
0.446983181120893	0.179814814572325
0.951841444348566	0.252891357699991
-0.628347365301396	0.153568930486371
0.152289864541204	0.0287035071443224
2.75722496636877	0.770257049482932
0.66999328440441	0.21269616854207
0.152289864541204	0.0287035071443224
-0.720801185410545	0.247515042606667
0.165097545701885	0.0415776969264477
0.673092310209553	0.213658316206257
-1.80197754639448	0.383903353697165
0.152567656731362	0.0287430408348264
-0.628807341949763	0.15371861128279
-2.57747759965585	0.66335545132302
-0.715407313671064	0.245463795469067
-0.337820262048895	0.0972724494375125
-0.721740116381346	0.247779502726497
-0.343223291761604	0.0987971723984263
-0.515260306744374	0.194916268075376
-0.762678225664895	0.33118574190728
-0.632432130022522	0.154575713959717
-1.81597855999324	0.740149609155373
0.168958982800728	0.0502746287941419
0.326927113716762	0.198911799062116
-0.667517225033022	0.467841076451945
0.347610150931868	0.194745755520966
0.160489139338675	0.0479185611557889
-1.97312958303207	1.37204058935914
-0.142207514098902	0.0509041851864348
-0.700293291057478	0.616058959255014
-0.780167292607071	0.668226487483484
0.625242504878669	0.588285107508402
-0.262938739846234	0.164617472808698
1.48544967520192	2.12833981035301
-1.02724358373901	0.81962642936685
0.197415068859994	0.123137550763328
-0.0657195505163607	0.0398634618032369
0.428907590082862	0.326421321041986
-0.330668855665781	0.234667925397177
-0.361644638813061	0.310539680669784
-0.542266574149194	0.566598989043469
-0.469215940938607	0.396226160257548
-0.493521082347578	0.577663075485258
-0.427345902179372	0.328314088895246
-0.937390811709412	0.989145531446069
-0.564924390301753	0.546352981884229
-0.642747278117605	0.661181229069583
-0.849324786178578	0.967257688954421
-0.181624961597366	0.153461939494309
-0.928041668667197	1.04859413186231
-0.442554408645643	0.406634185033676
-0.778475304210508	0.513665462937514
-0.0283957669298548	0.0180744414865496
-1.4168553144171	1.71282809936166
0.300318336602011	0.227463161133142
-0.654729462926396	0.45594389931393
-0.775059525327808	0.662425088633131
-0.893727554218296	0.745108648816012
-0.641594661239321	0.380000770670108
-0.180709808831386	0.0968796519717995
0.272607282085723	0.234820457945786
-0.544448510541269	0.641563986975235
-1.03869006692678	0.832829493265527
1.07409768274411	0.521250162005042
-0.182071906954489	0.097597527949103
-0.4755347065658	0.248793230592424
0.152847216653563	0.0740881925935539
-1.13422470394875	0.343215945535417
-3.45598446335482	1.23025555319821
-0.725197552734606	0.249186509576262
-0.143905854186937	0.0515385054799117
-0.323349815922808	0.194178131890326
-0.781662843206695	0.599825984447559
-1.09260096695598	0.7487112258369
-0.538602829217946	0.341589162399904
0.0806885080908497	0.0526921290072961
0.314416839683118	0.229248661349801
-1.21411315436874	0.916690725012765
-0.995008553997452	0.893846069612346
-0.0950988082826764	0.0377373257675912
-1.48865825415413	0.75378227668086
-0.642846913998337	0.380358365292816
0.621112049857353	0.327115651410371
0.143856894582748	0.0552974127488249
-0.135222954715647	0.0764081302551424
0.0124242426183068	0.0062450778504509
0.453611115677461	0.182669846803673
-2.4701117582244	1.37710429173451
0.696533622447931	0.326535509055973
-0.181610298656796	0.0973691843681726
-0.526093128903314	0.436701022955366
-0.939496819861406	0.57519870626606
-0.544537249183119	0.345951731085741
-1.33574946360845	1.10547577225222
-0.181380588455099	0.0973591640974342
0.150523503025892	0.0653077753415023
-0.0975367921172222	0.0386896573988339
-0.977765019713594	0.483909530540286
-0.78658806801225	0.52110102498205
0.69580507221124	0.325991096513076
-0.943227574247749	0.578686523924447
0.693933463905425	0.325466370164017
-1.4698542916208	1.02566237054535
0.612828219799848	0.322206086404093
0.449554137900589	0.180977843806072
-0.510057880760766	0.192776572817589
-1.5126542472202	0.539316353407404
0.169606362252511	0.0425824743634164
-1.5126542472202	0.539316353407404
0.666057985126717	0.211344647530167
0.152289864541204	0.0287035071443224
-1.13482941234436	0.34340642829894
0.165704597093625	0.0417255219351786
0.16707117146508	0.0420080923591852
2.75349844687128	0.768381126605175
0.153247518839476	0.0288421886814327
1.45868047865843	0.484047550536175
-1.14500748998934	0.34676210015847
0.166691919569473	0.0419536988970269
0.672433098173043	0.213363007143314
-1.79827400712943	0.382942964938875
-2.06971291102341	0.943740604994579
-0.631960666018702	0.15447017218279
-0.512774894780034	0.193916140778872
-0.524847974739208	0.198891122280494
-0.604096834414727	0.28983366111868
-0.763606823473699	0.331689830792584
-0.642568638942288	0.380881676543735
0.161172763513958	0.0618589033233582
0.156403408531497	0.0531349651823521
-2.63446740738079	1.61544538124921
1.28009446467329	0.706542545654372
0.451038007299901	0.181503296233176
-0.023096665017048	0.0108642522561114
0.153008476524145	0.0663189403278178
-0.142568570776744	0.051024586720645
-1.01735407284408	0.40279400157508
-0.534088016364328	0.338411636146483
-0.937665884327827	0.573431075986616
-0.764679257511663	0.332374029322147
-1.8299446471679	1.1509195746583
1.25253210536116	0.871841094276505
0.326850540796965	0.213850315364854
1.09019722609325	0.671539791044155
-0.782947185415511	0.426671746270853
0.464394055743049	0.338869929105348
0.9309142762	0.816497693662906
-1.42129333317357	1.71973293273676
-0.847836761925016	0.965556823394963
-0.513742747779697	0.569656592888087
0.585439419411317	0.470338930596228
0.19703353376624	0.147819399223395
-0.113773145157399	0.0878469910938726
-0.389325714288254	0.439207667164329
-0.910366881623597	1.08781422892146
-0.963288442965605	0.946183471257813
-1.43245083099003	1.52762189152063
-0.767525843171052	0.969799740884454
-1.11169843772598	1.44176095278232
-3.97627398898946	5.85747202197049
0.194678384895257	0.151024316445321
-1.51919018322957	0.542251856895701
0.449554137900589	0.180977843806072
1.07365456854649	0.520786553220713
-0.677298202490394	0.536649481169654
-0.392879945825962	0.222422618108687
1.28235391454048	0.708632813417464
-0.784899093827543	0.427934498563167
-0.990614479452614	0.887171830283548
-1.16247623285543	0.651434212847141
-0.851944266951451	0.84514204520714
-0.549977763169871	0.496270503603957
-0.722408360382404	0.247946983425694
0.1453532254393	0.0631247627385493
-0.786118923525928	0.428616616401926
-0.482359109069084	0.252790140985755
-0.139290200962898	0.0499280318191481
-0.483949506015927	0.253855722149932
-0.942683975336003	0.577409695647383
-1.49831257655373	0.760171614927498
-0.980938988438565	0.485854045140289
0.453017086926378	0.182395940611143
-0.785275859172774	0.42804546176086
0.7191688896695	0.476620059299273
-1.21455618359728	0.917187110011749
-2.10703199450799	1.61602134028599
-1.3358308182331	1.33346753925611
-1.59674014550393	1.22707781845635
-1.48865825415413	0.75378227668086
-0.234388456498235	0.117206601669098
-1.33068092791013	1.09767830643933
-0.690772311453898	0.605282230539166
-0.492798228765787	0.370255886463405
-0.672082477953254	0.472230433175803
0.156203958783437	0.0530790256711765
1.06848073867691	0.517570142270945
0.534260425390818	0.192142039277522
-1.51754153600569	0.541527764023226
-3.08606373064433	0.965887782759055
0.534451222825175	0.192245698269146
0.159111103797053	0.0540154278332666
-0.138442383117071	0.0496040168810717
0.154940913232783	0.0526445365469372
-1.02730024238372	0.407403912298006
-0.388756306452368	0.161776987195103
-0.0552185882507658	0.0240920164973833
-0.0531350717678705	0.0231948543463917
-0.211380351297293	0.0682941197149795
-0.97488319956805	0.481856856064848
-1.7232608417908	1.45386210083348
-0.139392769761081	0.049937572895941
-0.522479298941876	0.197892599628815
1.33212445527916	0.583441346223377
-1.27991532525882	0.577621762450699
-0.393701773942777	0.164088841030077
1.06766082936195	0.516968085333025
-0.102803274220834	0.0407394855542676
0.695167407026453	0.325684262599568
-0.344210615318698	0.0990368506115311
0.152937417640883	0.0458047163258354
-0.717682103574582	0.246297668028488
-1.13251140472747	0.342543902947619
-0.342569521377039	0.0986187132378211
-1.01711319677622	0.40268673384294
1.82480922054022	0.715302875396814
-0.220273125496108	0.0711077393958585
0.166528409127177	0.0496297620210776
-0.720801185410545	0.247515042606667
1.45707753244512	0.483282553765983
-0.629267545839357	0.153771215183604
0.167679655711552	0.042156489933972
-0.347154315531778	0.0998482429459119
-3.08164138813046	0.963767470359232
0.15626975600377	0.0292821097759299
-0.625500335572602	0.152962089117453
1.81892370521347	0.712261250406347
1.04144562491045	0.395430985542635
-1.13988448288705	0.988627342644635
-0.385078266662262	0.217328843024501
-0.101462565243239	0.0402263455998725
-0.139877608565787	0.0501352808411556
0.445941366086833	0.17938343811524
1.33476840557985	0.584903436651052
0.537822771634915	0.193597818709898
-0.979421041745377	0.485307776607033
-0.233099671914885	0.116662002356099
-0.765272653406876	0.332629321268392
0.659099469137458	0.470835413454562
0.16055399918892	0.0778503859436693
-1.33185530257738	1.1012287619312
-0.0922598492336672	0.0366247500539306
-0.672510121941645	0.472610005232983
-0.495025614423164	0.372323428298141
0.677859553614299	0.215095503371154
-0.720404519989633	0.247290988830991
0.16017859213173	0.061488103088038
-1.81500400399229	0.739710597985082
0.674079709901257	0.214036050556618
0.156478904710375	0.0468116239715086
-0.570047491849899	0.41578580453036
0.405021567258099	0.183627631090634
-0.175088920846123	0.0937610555267956
-0.188947314888092	0.156377047108692
-0.259598852048015	0.270444458705177
-0.827123315765125	0.987520674629532
-0.267683803418559	0.237741377738654
-0.77930398214642	0.423837186958328
-0.875685115650039	1.20611243509933
-0.340835983878611	0.386707123892144
-0.250347597850626	0.203570599897294
-0.729635570729883	1.01371700259137
-0.0826319067265686	0.0656092987511767
-0.26119748390047	0.163332092166652
-1.04033722665217	1.28166547186419
-1.09479845712127	0.750969221578663
0.832207114568315	0.351079706984904
0.950862031539505	0.252628333014658
-0.339133418750055	0.0976611246838527
-0.720766144955182	0.247417143311658
-0.516726487620638	0.195487204534031
-1.46189414533316	1.01661634479727
-3.45945271347814	1.2319108744944
0.532475077834663	0.191482542601689
0.511735285753553	0.326315459078682
-0.538927869199127	0.561829000615607
-0.378659254445606	0.260050436299618
-0.515260306744374	0.194916268075376
-0.0556947898144978	0.0242864573372676
-1.14009620739235	0.345227889980206
-0.139860331457911	0.0500851315472196
-0.477835113278591	0.250185265645699
-0.239235704816781	0.119785706408093
-1.47033100766603	1.02599938675788
-0.642432359911243	0.38008348097778
-1.03819453087567	0.832410169230039
0.694437504010704	0.325280693858728
-2.11068794884535	1.62127907552867
-0.519121480217459	0.196545928752658
-0.484186411622677	0.253868885014479
0.619883081027933	0.472594949961833
-0.302344719394741	0.138712457398006
-2.28264423080098	1.15455504777513
0.580519551098304	0.465401907750571
-1.14334853844217	0.99471013843037
-0.388119648657127	0.219149237585668
-0.858315432191508	0.853866035612229
0.182200672166257	0.106170101991786
0.176011673879598	0.108899490629103
-0.944897441712722	0.579045320741444
-0.340124379015428	0.0979309335927298
-0.344210615318698	0.0990368506115311
-0.976521350600269	0.482583572204608
0.162479935061762	0.0485106492306684
0.1540561970176	0.0591317209177012
-0.631960666018702	0.15447017218279
0.669665397318181	0.212450186666999
-1.02687494958853	0.407298435966488
-0.216240213481686	0.0698575300582443
0.445569555469994	0.179194625806487
-0.478790591933962	0.250787437181815
-0.902930153753574	0.755075966134521
-0.962603688293568	0.945037401617252
-1.15592382697195	0.646233562436974
-0.0993813679868922	0.0583347745607907
0.450073566049819	0.181028684301801
0.0281537903962699	0.0155223297142274
-0.600420197116524	0.287891011615717
1.33300648117334	0.583999950109349
-0.0179836665390314	0.008538021422969
1.06848073867691	0.517570142270945
-1.01580640404231	0.402039683595048
-2.5814875372856	0.665060440379843
1.04118814853393	0.395160512018798
-2.62565670043025	1.60509710617595
1.04882832750269	0.398246147131064
-0.604096834414727	0.28983366111868
1.33835717675948	0.587087104209911
-3.45718548577975	1.23020251223423
-2.46247928474544	1.369058678391
-0.632939126134277	0.15468454480873
-0.733218071628599	0.251917173180749
0.163413249256128	0.0487677019311828
0.165704597093625	0.0417255219351786
3.26152925911013	1.12000457960558
-1.02116299616938	0.404658802027825
0.161787544386438	0.0408470066516523
0.150485089441461	0.0511733323977845
1.5780818127961	0.786114219615549
0.531621230373981	0.191134591695011
-1.02116299616938	0.404658802027825
-0.21049146922482	0.0680355104001863
-0.719465582528739	0.247026553935257
0.166691919569473	0.0419536988970269
-0.983396221165434	0.487551911514945
0.162479935061762	0.0485106492306684
1.27519879659639	0.702508441424246
2.12066304185672	0.951843841296293
-0.519952717504097	0.196880719935875
-1.9868158146008	1.3889251953923
-1.1532753083839	0.643712323561879
-0.769535996603665	0.334986965517515
-1.15855186622984	0.648366010503737
1.79454288744747	1.00708086322606
-0.0961958516660323	0.0381720029501695
-0.515810187634811	0.195198678425078
-0.719465582528739	0.247026553935257
-0.643390830329317	0.381285349849095
-0.0961958516660323	0.0381720029501695
-1.33378418769247	1.33092839428469
0.405850355187221	0.183959584200087
-0.386961690828915	0.16102677941318
-1.32002432781483	0.826111742106854
0.553586672713704	0.322436423540446
0.166691919569473	0.0419536988970269
1.33615531493037	0.585790780085288
0.157427588300456	0.0763056463228225
-1.52345223679324	0.544002420480053
0.669826712236336	0.212585182521199
0.515675403936476	0.329763240229554
-0.0591691663769915	0.0257625639736457
-0.590609623499123	0.479246805482842
0.115922048223852	0.0886576347505998
-0.294071855777615	0.318451824016026
-0.415346674236574	0.354753187822615
-0.695258241256912	0.659820126059073
-0.764086062426498	0.332088631279259
-0.998675589323574	1.43491617805612
-1.18981290427293	1.97226619046674
-0.437669483403855	0.400948377876088
-0.600982633238907	0.490500807760467
-0.478846720505415	0.357019533288085
0.465852466734458	0.458222689969032
-0.985244148906019	1.2409495365823
0.154617396261034	0.1553896303437
0.446410189273779	0.462172023807738
-0.316421724060995	0.189479407216235
-1.20092512231117	1.39774499112799
-0.148261836724003	0.0530295378311601
0.668353267812949	0.212009001891351
-1.82730428441935	0.745669343570142
-0.763846520547542	0.331965855437583
-0.220273125496108	0.0711077393958585
-2.06816075697255	0.942730672003646
-2.06245951802953	0.938660446621569
-0.784432395145642	0.427344218454854
0.833933564544303	0.352033660782181
-0.395325910484107	0.164719249144553
-0.544546517207197	0.489913076253446
-0.583215320157578	0.602897563436061
-1.8340934501511	1.15566420049686
-0.641971526771337	0.379752646396669
-0.604385963324169	0.28993546473718
-0.216240213481686	0.0698575300582443
-1.46442909303143	1.02053125677196
-0.539942997359287	0.342545989746312
-0.177129723573952	0.0948776519833788
-0.178523572277491	0.0956252161455749
-0.988701345626424	0.884994099605782
-0.377762313734458	0.25932543793939
-0.786118923525928	0.428616616401926
1.04211818703896	0.395589048045566
-0.512146849346214	0.193682417019057
-0.759482804847398	0.329839085322315
-0.146844577524397	0.052546453265397
0.663536353548773	0.47554304940354
0.0531494733548368	0.0311961005156195
0.450669254708217	0.18134583956387
-0.215417270113509	0.0695361432210389
-0.534253585115401	0.338460249931751
-0.240666138367866	0.120592790854458
-1.51429942551804	0.540079204882619
-1.02558641604596	0.406837006708145
-1.33570245213173	1.10522118876154
-0.392880522081219	0.163443983734882
-0.245323806577478	0.181414882279778
-0.289285296482797	0.210410175692982
-0.645567385131731	0.382625863122392
-0.783446212436154	0.427005671548173
-1.13521969998424	0.343544374381215
-3.08164138813046	0.963767470359232
-0.344210615318698	0.0990368506115311
1.04765717830274	0.397896603571229
1.33640711189478	0.585891551298267
0.94904571537762	0.252100131683616
0.166084152255821	0.0418055330790301
1.04330406457757	0.396058635347864
0.150447848737376	0.0511729703307111
-0.392873220777312	0.222484756450171
-2.46391361027127	1.37039844196906
-1.21600184397331	0.916877767515367
-0.595141853433546	0.284764285332577
-0.537053468772548	0.340689653722755
-0.0933538382176465	0.0370371647062229
-0.770366793985718	0.335260730373746
-0.785776004626309	0.428380424422086
0.693933463905425	0.325466370164017
-0.912401097438059	0.666842526311159
1.33542918143198	0.585518840032983
0.159311548972865	0.0540967488137483
0.152567656731362	0.0287430408348264
-1.79835097978106	0.382953978270685
-0.786465604193911	0.519903273246584
0.829988921889609	0.350189547890131
-0.0549614474231717	0.0239689190779343
-1.46754805589797	1.02342962111146
-1.13521969998424	0.343544374381215
0.670319945898335	0.212719010726886
0.163413249256128	0.0487677019311828
-0.600945452127417	0.288192951462126
0.825425367366759	0.347866059057456
0.948535538575274	0.252058145640786
3.26252567397545	1.12093560535381
1.45868047865843	0.484047550536175
0.15765092966908	0.0471346053937249
0.167679655711552	0.042156489933972
-0.516096514132394	0.19525236723075
-1.26636163986412	0.56960819755595
0.829163317967424	0.349753041955828
0.152567656731362	0.0287430408348264
1.06788285850654	0.516995386570928
1.04144562491045	0.395430985542635
1.95791760701363	0.441280139896969
-0.598005448186993	0.286151475176839
-1.16041933154061	0.649504322162325
1.6231661505598	1.14053951104428
-2.63690494977973	1.61912556404931
0.9214962986846	0.804877507292818
-0.216730820199361	0.0699462135090824
-2.27905215658492	1.15133868444626
-0.388451519352422	0.161616200765838
-0.214295623660532	0.0692156550779169
-0.385035671554689	0.160184885638677
0.156203958783437	0.0530790256711765
-0.767745962903748	0.334153736517496
-0.779439461834118	0.424332182919825
0.18677693203559	0.128603652456275
-0.183439151567306	0.122290087764517
-0.795718907879303	0.528597052329885
-0.564272297550789	0.410417210131873
1.35043440260581	1.43233027304225
0.163521658013219	0.0794348340914224
-0.384479214601374	0.159918153754782
-1.44808817143728	1.29992673165755
-0.0195996180028357	0.00926719741613789
-0.0123217654275378	0.00791548817122963
0.513198116088294	0.463187220392799
-1.15253994185783	1.42087906998109
0.454005002004878	0.32942249590203
-0.178605680425806	0.118773793264297
-0.0399349118609469	0.0248962973575712
-0.874343517485107	1.25953978389863
-0.409140505546213	0.381309065462697
-0.532662451867116	0.55305822367165
-0.230962103347157	0.191190346958648
-0.59283024953559	0.482176141606674
-0.394705376150614	0.393593079239018
-0.337694733852355	0.240424796248136
-0.490295805270012	0.445959318775008
-0.24888441520544	0.223937981229148
-0.443846048632835	0.408092364548478
0.0666249117167624	0.0413705952641608
0.165723142006837	0.0805477705864705
1.04144562491045	0.395430985542635
0.00745779925798013	0.00382038480346557
0.342175688456428	0.191675044984477
0.365856361803825	0.185333748617741
-0.218074030224809	0.0704026851228337
-1.33307705885679	0.838367622199031
0.690223985718919	0.323168732464495
-0.215184417856504	0.0694920488130609
-0.491707542003376	0.258660418321266
-0.0228181636584322	0.0107114898041374
-0.496461316852669	0.373510134662577
-0.857743750041408	0.853348179352169
-1.02713260840854	0.407375194722086
-0.210724787268037	0.068070166638378
0.601748662397598	0.315101390151721
-0.660945713022611	0.461730400976188
-0.236976981454044	0.118468018511161
-0.392636568015087	0.163571745878378
-0.605969157577345	0.290775014467569
0.486326683528229	0.334386313987649
0.724330361197766	0.480303094043661
-0.639751708031495	0.378309038098824
-0.943162280611229	0.577754204341613
-0.515889861149168	0.195150861370295
-0.514425029487373	0.194514818086122
-0.0574333790978502	0.0250288442631081
-0.0229608136706926	0.0107890770376642
1.10485192137693	0.842494979396134
-0.769173953164105	0.334972135741439
1.09235247693314	0.673582198975332
0.350737371962542	0.196853339655601
-0.450311457580551	0.299449580941284
1.06501836014668	0.515705414017663
-0.216240213481686	0.0698575300582443
-0.980525258763963	0.486039362431809
-0.915427996555112	0.669513865357331
-0.645607310235306	0.38272906857119
-0.482121148882205	0.252997469436711
-0.132947659298175	0.0750758511036786
0.717326164359794	0.474242786403236
-1.6691326992463	0.943374337661137
-0.395071670435589	0.164675396539339
-0.0899186950434909	0.0357593976749891
-1.26886589997963	0.570746194467272
-0.516096514132394	0.19525236723075
-0.763493068016229	0.33177675339701
-1.48605708516698	0.751817076509959
3.63584691762689	1.43122630608999
-1.27626395926511	0.575339142684756
1.04480696921869	0.396726217486042
0.67473928175237	0.214185038642858
-0.0889153466898367	0.0520909084291703
-0.680263778490619	0.53948784876777
-0.717682103574582	0.246297668028488
-2.0631110853576	0.939205260748677
0.340722257709221	0.190535047468833
-1.97696704575519	1.37537582790628
-1.15146387826926	0.642350326273391
-0.0182507499497873	0.00864865345659215
0.15155160673046	0.0582254506515454
0.963807516987972	0.657282330935646
-0.780332110301986	0.598494862829344
-0.645198024387711	0.382779718940349
-1.28074902977108	0.57785362350458
-0.719465582528739	0.247026553935257
1.26083255471078	0.879640552221012
0.151446882589277	0.0734603042440149
-1.4880683745391	0.753416408870872
-3.45538437102149	1.2298802093729
-1.13971461971555	0.345009438584009
-3.4565848348623	1.23040818352441
-0.6282908079904	0.153557595992093
-1.79835097978106	0.382953978270685
0.153526628680235	0.0288819285189665
-0.628807341949763	0.15371861128279
0.947560352748164	0.251716891447637
0.166691919569473	0.0419536988970269
0.537596443695132	0.193449679434614
2.75349844687128	0.768381126605175
-1.13642797594247	0.343807560451606
1.95706969381346	0.441073865263096
2.76098151426891	0.771684650801264
0.453611115677461	0.182669846803673
0.167299398578488	0.0420768316112512
-0.719737167086007	0.24696632136127
-0.764698201584831	0.332552491471639
-0.638876462856015	0.377739241642076
-1.98003818983277	1.38202876046822
-2.46483772154109	1.37105046569162
-2.06816075697255	0.942730672003646
1.97063333243528	1.23651680609193
-0.520378896998308	0.197056706045625
-0.523772145092476	0.330068427669046
-0.0526620095714123	0.0230050670681837
-0.944033896183673	0.578463552597327
-0.139877608565787	0.0501352808411556
-0.592322892529024	0.481573529862622
-0.704447052327832	0.671579965125889
-0.607764793794928	0.538887714989708
-0.449355514079471	0.414465012788677
0.58096934562077	0.46589218012892
-0.0991158406340717	0.0582137029198532
-0.331575243573624	0.235428397029918
-0.675487901404108	0.53484707869597
0.415080551627205	0.330031680285225
-0.324176968027688	0.303583128163284
-0.547060567230862	0.492787243452058
-0.594619161848559	0.618508439284313
-1.02003667769408	1.32706684378268
0.300511189940563	0.237466838319861
1.00728096612236	0.830537578487466
-0.598423841696458	0.687800890854463
-0.324392819308684	0.257160757094418
-0.153046363438176	0.11806419634011
-0.0734353478501971	0.0526310822102223
2.1637704549266	2.89021871370126
0.527736355428012	0.646198188409777
0.0943080645535835	0.064533948341594
0.530753311871537	0.572473907470893
-0.146179948521201	0.112293131769548
-0.643812943910183	0.662901261288126
-0.623583944153298	0.597482694254105
-0.0329639230327919	0.0209912771526014
-0.174161478861459	0.0932579804493286
0.36110420343623	0.182741163096011
-0.449766440099174	0.298950258567698
0.334437162682836	0.204152845463661
0.605378246035281	0.317270854717483
-0.0863769513596315	0.050573871309021
-0.486565050064821	0.255503398290211
-0.774484073299195	0.724222914897775
0.051805790743779	0.0303899729412304
-0.526727016849696	0.332410111981658
0.548659801277112	0.458685721348211
-0.0474197338182554	0.029566368542824
-0.872754714143366	0.802518987140181
0.101015934774613	0.0718940386393083
0.0253705537622364	0.0178217001494923
-0.121848215286946	0.105547897492868
-1.02811958362902	0.820816196583163
-0.213639314943098	0.0690063709749365
-0.476965249910126	0.249670331440178
-1.13842183057679	0.98715030121533
0.808021984423234	0.877720414875993
-0.790677288010893	0.608994743514754
0.331824856541957	0.202260900059953
-0.998130832016492	0.897438532866832
-0.230754985774465	0.115305364972777
-3.7566006930685	1.48753678969738
-1.81937129385307	0.742146991690708
-2.47752802503087	1.38332200176687
-1.48605588053009	0.751613811233786
-1.01711319677622	0.40268673384294
0.206210793275799	0.171551771965703
-0.32922374955482	0.233443839828711
-0.0975367921172222	0.0386896573988339
-1.81500400399229	0.739710597985082
-1.0294373605692	0.822001113192111
-0.22988225664039	0.114851320463469
0.962812195573343	0.656730030740571
-0.452436267279595	0.301292278666596
-0.0579134364741226	0.0252321356710428
-0.790238565760817	0.431560255443424
0.702161580889481	0.329646469761659
-0.268185814701711	0.168285793469461
0.171195886861244	0.0993750861233804
0.166528409127177	0.0496297620210776
0.183780842051439	0.126312177931838
-1.81544524276892	2.10358862877672
-0.0213908627476715	0.0100844386514517
-0.294852408511201	0.135165072534677
-0.0722405097986305	0.0438738886820502
-0.262522957342047	0.164222614190379
-0.295687888506829	0.135524255227313
1.69137764516377	1.97173384013661
0.663166642513264	0.709838008279046
-0.13173646373262	0.074284850640654
-0.777981380078725	0.666036166444289
0.190182866528429	0.13117939483051
-1.24565572818448	1.16511939556105
-1.08448965371212	0.739731433639582
0.830813570732659	0.350577218304927
-0.0521297913844583	0.022776809283952
-0.668836131876163	0.468961302464875
-0.686515072178022	0.546328096830636
-0.519121480217459	0.196545928752658
0.826885083784757	0.348595039349664
-0.391503854848713	0.162948863670941
0.16014111548401	0.0543685528719876
1.01401159796752	0.839626398324345
0.615824919794838	0.323751695971074
-0.380863279949079	0.261972632784298
-0.143774305264043	0.0814112384301168
0.344311949031577	0.19316985437063
-2.27905215658492	1.15133868444626
0.949511917528176	0.252227362219882
-1.82218489711856	0.743196303934764
0.166691919569473	0.0419536988970269
-0.627367542213354	0.153354696036073
-1.14009620739235	0.345227889980206
-2.57775304544287	0.66318910114962
0.94807088907188	0.251931335472786
-0.627829060935039	0.153504607197422
0.155986207086685	0.0292416787556187
-1.79835097978106	0.382953978270685
-1.13521969998424	0.343544374381215
0.951331866170054	0.252756684317784
0.153247518839476	0.0288421886814327
-0.604096834414727	0.28983366111868
-0.174597559304545	0.0935014218011455
0.345928719324367	0.193654394503702
1.57726450609805	0.785698451197064
-0.728734578521494	0.250365282804838
-0.516096514132394	0.19525236723075
0.154169004929053	0.0668513325863638
-0.374961009741417	0.324597359635477
-0.764919010559274	0.332363812937212
-0.266221455825484	0.166713009997677
-1.46149689902295	1.0167437083315
0.698637946443475	0.327891418746038
-0.628347365301396	0.153568930486371
0.159014140561815	0.0772478358344828
-1.02050867103886	0.404356899215527
0.160570599449825	0.0544935241752776
-0.981199840888374	0.485833522403223
-0.05608491545216	0.0244541313331578
-0.234433036656638	0.117326012975962
0.0229826946591842	0.0127764138617271
-0.499646176694776	0.456769561345443
-0.964062984595881	1.49286918442893
-0.643572868133018	0.699845167848495
-1.34119509886857	1.34239514200035
-0.385035671554689	0.160184885638677
-0.330367063341029	0.287873311785425
-0.855080571039074	0.915734902080447
-0.326451233165066	0.23108552004406
-1.33282230702378	1.32767123157432
-0.0208567233975974	0.00983702082235571
0.307751233209002	0.223563404651666
-1.34311150040593	2.04886108962447
-0.367302207166684	0.343988341964975
-0.375865509132074	0.294260844321465
0.18719554398793	0.134424019619061
-1.9669876415149	2.51384576570294
0.169606362252511	0.0425824743634164
0.167299398578488	0.0420768316112512
0.156835118177656	0.0532837121933901
-1.83152257965272	1.15259010379683
1.04295848162481	0.395810684576853
0.541635840205329	0.194931356137401
0.164924003228835	0.0491712866480455
0.150882619911791	0.0513268309948059
0.165097545701885	0.0415776969264477
-0.520991604825621	0.197343930777988
-0.768918311327184	0.334747696818182
0.697686728752996	0.612716844291672
-0.694337750678338	0.658607002945604
-0.511519041389722	0.193429014825003
-0.942352905384778	0.578039349383485
-3.46066411507937	1.23287376992561
-0.0423993928919544	0.0186687615504167
-4.21365950929941	1.97802060913464
-0.976394600114294	0.48332728903258
-2.90704558363776	2.14369288966068
-0.34191607535368	0.0984089732924219
-0.213407527517472	0.0689186426519193
1.57561496103913	0.784837909518107
-0.0933195400837994	0.0370288533821089
-0.021923231340282	0.0103336135600709
-0.540897895773902	0.343399399506003
0.865623700291111	0.642355949524659
-0.0935802772284631	0.0371756898766286
-0.973640182542578	0.480955308439251
-2.06971291102341	0.943740604994579
-0.725197552734606	0.249186509576262
0.163386406136861	0.0411852790230607
0.161809663243855	0.0483223326687324
-0.0608266666779454	0.0264690679767352
-0.970284877178014	0.955796318245336
-0.574867628734136	0.419773123919523
-0.046507384693188	0.0203997887779801
-1.46505245995751	1.01974495453804
0.157034388740604	0.0533466278590803
-3.08209765998152	0.963916510480773
1.45514143110378	0.482646568994266
-0.627367542213354	0.153354696036073
1.45575253921811	0.48289648887464
-4.22210677810761	1.98469805575639
0.165704597093625	0.0417255219351786
-2.58120409692147	0.664991486920107
0.15626975600377	0.0292821097759299
-2.57747759965585	0.66335545132302
-0.763253894263622	0.331680843347779
0.155350410241596	0.0674594563442885
-0.302493220962155	0.138977897549018
-1.21467862241992	0.915811475172005
-0.628807341949763	0.15371861128279
-0.602286938437855	0.288804911499511
-0.716074907122798	0.245725534591538
0.913223346085098	0.495142411675571
-0.386961690828915	0.16102677941318
1.81990502683314	0.712799968178863
0.166084152255821	0.0418055330790301
-0.143547057897976	0.051380290000609
0.660898002682121	0.472634322839216
0.901420024742759	0.486968780814711
0.914211186016764	0.495651831455076
-0.760073221936386	0.330149047801038
-3.08164138813046	0.963767470359232
0.166528409127177	0.0496297620210776
-1.13582369620544	0.343734699942405
0.166084152255821	0.0418055330790301
1.82890866226964	0.717371086523666
1.06360637166417	0.514645906857066
1.04388504434288	0.396330532362075
-0.342569521377039	0.0986187132378211
0.948535538575274	0.252058145640786
0.163675748818542	0.0488217197760315
-1.81433874778204	0.739366153614294
0.532249310589414	0.191451139948052
0.67473928175237	0.214185038642858
-0.0936023816727726	0.0371398786885616
-0.21049146922482	0.0680355104001863
1.0883866692285	0.669713867008864
0.158577402299565	0.0608665916613508
-0.97432550347234	0.481515569107355
-0.0477601214133919	0.0209287242846252
-1.81433874778204	0.739366153614294
-0.389618730351178	0.162044457812404
-0.232088348123153	0.115986101897082
-0.607266207469707	0.496991049223142
-0.366038378757909	0.31524631131088
-0.0398367120830895	0.0248405449301147
-0.38553364111409	0.217560286366081
-0.0510981156092097	0.0223453588079382
-0.627122524245111	0.602097808240824
-2.46103922152303	1.3680774603049
-0.0188746831339795	0.00894346353994263
0.685599289721492	0.320615964715922
-0.716346626154106	0.245810055243264
1.33681578405904	0.586406825513233
-0.515386124508146	0.195003549529837
-0.294515898872298	0.135012264781216
-1.82378468046076	0.744291912513803
0.396975797830647	0.17955145504925
-0.298676215199325	0.137004914486927
-1.65921109438502	2.06345768010113
0.103173651760911	0.0735138421038354
-1.01553614639055	1.13482554879137
-0.767488867572186	0.969721411295369
-1.34320075505208	1.54400447390327
-0.212182638964169	0.137017817038629
0.193587597178531	0.144971518377449
-0.157138538265587	0.121524565693992
-1.09320791030405	1.28965047295678
0.516915924691863	0.330516698615381
0.148176747849076	0.0642515986636907
-0.252477820961092	0.227691280034865
-0.634688575311524	0.650085740829629
0.288703435445776	0.24344992594473
-2.43991904961636	2.39458041303423
-0.185645125188192	0.123888210711294
-1.91547770644246	1.87182281828856
-0.483470524065646	0.253809607022495
0.166691919569473	0.0419536988970269
-0.9798255441896	0.485254683607556
1.78547461229161	1.00007511304336
0.151709443880736	0.051599453197034
0.404581308845447	0.183300863345749
-0.716346626154106	0.245810055243264
0.401380815292749	0.181699250042115
-0.973767980367191	0.481140008201024
0.671304003309683	0.212965720540022
0.404053080970234	0.183058046780863
0.609533551515893	0.31960893045163
0.0176349677132556	0.0118723228375431
-0.783049192633013	0.735140972619403
-1.7125260627071	1.44008506922487
-1.47833653729316	1.03547802561817
-0.146884868443838	0.0999539056966701
0.0709484792015286	0.04410145334809
-1.09076760348021	0.746529606440363
-0.140659832035892	0.0795758821148478
-0.717859810282598	0.246260199746537
-1.51494963266618	0.540305848955056
-1.15748656641907	0.646551425586653
-0.521007962533465	0.197259854850968
-0.230435875919009	0.115228934580703
-0.395071670435589	0.164675396539339
-0.783319085056695	0.426267703686368
-0.779964245492738	0.424182357568398
-1.82671250608073	1.67103642933992
-2.28030505850395	1.15196646575183
0.950862031539505	0.252628333014658
-4.40111968433665	2.2359021893137
-1.51019343351841	0.538270963770231
0.151955561498119	0.0583759744460965
-0.568327814997702	0.414125828322707
-0.391162121443801	0.221305185342025
-0.399156682991229	0.226562317480738
-0.146252414230362	0.0523425133241546
-1.28032895274866	0.577619450783634
-1.13582369620544	0.343734699942405
0.673092310209553	0.213658316206257
0.170597157616308	0.0428000407476464
-0.627367542213354	0.153354696036073
1.0454798173394	0.397182748534993
-0.220273125496108	0.0711077393958585
1.33366758907542	0.584614927374746
-1.48440303491383	0.750386682136879
-1.51429942551804	0.540079204882619
0.156835118177656	0.0532837121933901
-1.15883424739338	0.647756780659277
3.05968609226339	2.28687424224661
-1.27458834884304	0.574392686547494
-1.51395570496283	0.539857861420258
-1.48381146477455	0.750044721804023
-0.629267545839357	0.153771215183604
-1.48061958401468	0.747791402904068
-1.81664597109956	0.74026620635077
-0.629267545839357	0.153771215183604
-0.592755894059097	0.283389212392519
1.57726450609805	0.785698451197064
-3.4565848348623	1.23040818352441
3.26352329858721	1.1213740078214
-1.31918478564928	0.825198036255821
0.156825069451733	0.0680466718392824
0.150191405688354	0.0651484108905712
0.161172763513958	0.0618589033233582
0.398245927079875	0.180283113216
-0.21584116833564	0.0696924945480662
-0.215583462022983	0.0696521523969918
-0.21850465037473	0.0705347750739078
0.161139089918031	0.0481199615651925
1.45806698971783	0.483796340944708
0.171207721440545	0.0429238305772998
-0.515054164370282	0.194749092138119
-0.514630991185235	0.194661861681357
-1.79835097978106	0.382953978270685
-3.46127024205749	1.23274622772667
-1.26969626205909	0.571521770859234
0.167679655711552	0.042156489933972
1.04857925580033	0.398386002712382
-0.716074907122798	0.245725534591538
-0.764086062426498	0.332088631279259
-1.26845479307781	0.570769833026671
0.163413249256128	0.0487677019311828
-0.352742379173712	0.101393569891827
-0.142851509596977	0.051162150469241
2.3603319375185	1.18386066251181
-0.533818749185823	0.338130041526196
-1.0909240668915	1.05054718328643
1.06422460521957	0.515377708178204
0.48451567944369	0.333122519964724
-0.342890259454196	0.098642118615141
-0.0899186950434909	0.0357593976749891
-0.173725515050646	0.0930098330517661
-0.902875046000633	1.07459972226455
-0.189794556313698	0.145367995681831
-0.0328241952965682	0.0205048301108404
-0.675064443768434	0.474410092265395
-0.455220613963509	0.381324072150578
-0.0916315070598049	0.0646023798675691
-0.488605538526423	0.256908479530347
-1.160183225584	0.648634231760691
0.156478904710375	0.0468116239715086
-0.599637409626921	0.287138428430173
1.27466737181521	0.703696826086004
-0.947649096773052	0.582536197266204
3.63685963656738	1.43190397098036
-0.725462519324565	0.249202983263282
1.58247018462248	0.789112972690024
-0.0200467295846553	0.00947095800798871
-1.83965606112976	1.16111852730869
0.0863850071751019	0.058903755438525
-0.422538674351819	0.447563742507925
-0.12112844458764	0.0963192457411635
-0.0701636959196003	0.0426005316540899
0.553877783213918	0.323337115634335
-0.686310212589283	0.599891331348817
-0.780715564343858	0.94548464887774
-0.520861024335913	0.431123530542755
0.0483182472019694	0.0283064190738847
0.148852800035751	0.0645568319280302
-0.0851032894568021	0.0690357479716855
-0.211200056680873	0.158764781657415
-1.09156886803296	1.2861278966284
-0.776095482760265	0.836771047805316
-0.375578854263749	0.294134646153278
-0.789339652867679	0.607650668588727
0.158074474787349	0.0472574922808909
-4.00198333838944	1.73672681142965
0.152289864541204	0.0287035071443224
-1.51754153600569	0.541527764023226
-2.57747759965585	0.66335545132302
-0.345833967465969	0.0994846900020102
-3.76765811457738	1.4940823652732
0.609027586717394	0.319292353990383
0.152935397581537	0.0586993033187709
-0.0851736498289249	0.0339254942194383
-0.627829060935039	0.153504607197422
-1.03051946002534	0.822726606678387
-0.782423702075642	0.670919699379385
-0.322429485443056	0.193551247481441
-1.47801727989624	0.745912229677717
-0.779451758159865	0.51424565318913
-1.15912761229326	0.647946866901507
-3.45478455762682	1.22912473266304
-1.4138038632178	1.70655747284943
-0.782512440395281	0.516867533800189
-0.392419156046927	0.222196656091508
-0.182944359491632	0.0982312556064689
-0.0437464230214699	0.0272752857068927
-0.224096713427551	0.111741603072125
-0.943162280611229	0.577754204341613
-0.391973430729729	0.221917791757451
-0.0237695217190109	0.0111571678271842
-1.08624797880064	0.741690924050984
-0.759482804847398	0.329839085322315
-0.146483613250347	0.0524206738570132
-2.469326803804	1.37607925477216
0.866962486773953	0.643943082399266
-0.131081888336261	0.0739867900343313
-1.16410669645992	0.652155707969821
-1.22078238108403	0.924218440104918
-0.987000442896354	0.882827614274389
-1.66708049458944	0.94076366023866
-1.79827400712943	0.382942964938875
-0.942828567857559	0.57843584556352
0.33289636914239	0.20310332944018
2.7554263517449	0.769222911089782
-1.82003859074053	0.742440609774219
-0.342904767182509	0.0986489157334515
-1.44944417161179	1.30204477951592
0.169905105899281	0.0910528849787546
0.96241386655105	0.656383158424768
-0.429067786625357	0.329711398513831
-0.390541341742192	0.16273368506513
1.45674006944678	0.483086167228603
0.15672984402438	0.0468820705997684
0.66999328440441	0.21269616854207
-0.62503342749082	0.152907838403333
-3.08164138813046	0.963767470359232
0.165858197331239	0.049441036827577
0.152289864541204	0.0287035071443224
-0.625500335572602	0.152962089117453
0.170216206297202	0.0427061060191571
-0.142493583588299	0.0510464277530948
-1.6681934873708	0.941769673728646
0.614992713707316	0.323514173621884
0.704379003492479	0.330882264896776
-2.47415346567855	1.38041745150946
0.674079709901257	0.214036050556618
0.698394477481123	0.327670289397726
-0.628807341949763	0.15371861128279
-1.14500748998934	0.34676210015847
-2.5814875372856	0.665060440379843
-1.51688545813115	0.541086496398081
-1.79827400712943	0.382942964938875
-1.81433874778204	0.739366153614294
-0.263357186006868	0.164894143953715
-0.234012769453263	0.117144980773695
0.170216206297202	0.0427061060191571
1.03518847361878	0.39240103645686
1.25129899635946	0.870316702472877
-0.53204389592603	0.33663350036611
-0.52833152964544	0.333832729550923
-3.75940316744871	1.49041694177376
-1.02624181092562	0.407113610404842
-3.45598446335482	1.23025555319821
0.151149206787113	0.0580628778153935
-0.131864808125188	0.0473129301325725
-0.386404316735073	0.160785514924726
-0.144729016317789	0.0518086814678952
-0.213639314943098	0.0690063709749365
-2.06466636020324	0.940256308265765
-0.719465582528739	0.247026553935257
0.669009496945769	0.212302346826553
-1.13582369620544	0.343734699942405
-1.13521969998424	0.343544374381215
-3.46005827230016	1.23260132520798
-0.784230579455576	0.518087437637434
-0.512146849346214	0.193682417019057
0.15765092966908	0.0471346053937249
-0.661619255650878	0.462566479317769
-0.215184417856504	0.0694920488130609
-0.343223291761604	0.0987971723984263
-0.144729016317789	0.0518086814678952
0.670649872073233	0.212844236167521
1.33347669524784	0.58444008385038
3.26741012598786	1.1229997006765
-0.219615570186308	0.0709016531943509
0.156964116509175	0.0602446032592551
-0.173260035383518	0.0927418156174693
-0.522695261198292	0.329356782950498
1.79050346561438	1.00408955319475
-0.339790488243606	0.0978106518099645
-0.514001914291837	0.194387375528581
-0.024318736857061	0.0114144634308863
-3.23659025254333	3.03776968256388
-0.322704877770176	0.193597361072256
-0.232088348123153	0.115986101897082
-0.150811661481403	0.102803833918021
-0.224516047501619	0.145779090862414
-0.772626639313122	0.336616262280627
0.34984723722259	0.196291430186441
0.901146814414728	0.486575617252373
-0.625500335572602	0.152962089117453
-0.393701773942777	0.164088841030077
-3.45538437102149	1.2298802093729
-2.5814875372856	0.665060440379843
-1.51019343351841	0.538270963770231
-0.719194825953782	0.246846541949292
-0.760663837494611	0.330432690881567
-1.8223321407025	1.66144445988425
-1.33201882305266	1.32758335839861
-0.216954830213869	0.163535813485047
-0.294920134004164	0.215023229879334
-0.329435690627613	0.233672583312401
-0.089924131140392	0.0357342992772802
-0.698684492934632	0.664050026381225
-0.772010222241167	0.658426768941759
-0.274782509943099	0.19834211528047
-0.943162280611229	0.577754204341613
0.717467687917618	0.474891125779948
-0.121167804800705	0.0841604482601506
-0.212508753521624	0.137274152376424
0.182034513387176	0.105966433736208
0.533209207975965	0.464856136086252
-1.22459264219313	0.928958749353687
-1.13938844863969	0.989504671682317
-2.63031740986173	1.61148437886554
-0.344210615318698	0.0990368506115311
-1.81367378419037	0.73893109819281
-0.33946832567862	0.0977521416130555
-0.389264439668591	0.161953056740971
-0.215417270113509	0.0695361432210389
-0.768352792297376	0.334422629290655
-1.81776116330611	0.741198338740062
-0.507568570343699	0.191764225174257
0.947560352748164	0.251716891447637
0.833305179544	0.351716155875279
-0.766944570754402	0.333548813398207
-0.306277099789882	0.140897068245538
-0.954360515458712	0.587615799526898
-2.4735664015526	1.37997989190897
-0.975143708565975	0.481983361314072
-0.231719892865199	0.115888956638434
-1.13190405565215	0.342469779892572
0.313062281564746	0.227989352084425
0.492647440800309	0.339477117098592
-0.769535996603665	0.334986965517515
-0.0273704693656878	0.0128136747509119
-0.782608122747574	0.600973768764394
-0.0981035067165029	0.0388842531271731
0.675067592191977	0.214306398275368
-0.0499647003777494	0.021861406209612
0.448794614800884	0.180450286753226
-0.343223291761604	0.0987971723984263
-0.776137923871263	0.421578313947797
-0.342569521377039	0.0986187132378211
-1.81433874778204	0.739366153614294
0.549881431068211	0.320449580415063
1.2808399974744	0.707257507217594
-0.306495360202862	0.140853818501813
0.480549170282668	0.32998338980855
0.168928473911965	0.0905868641754574
-1.48924833017051	0.754075143999938
-2.78047145652296	1.87755756738286
-0.718527169744358	0.246584376429975
-0.78647973642619	0.604904757317425
0.455252730075833	0.183399401788306
0.66999328440441	0.21269616854207
-1.13617544316656	0.343960217515251
-1.13582369620544	0.343734699942405
-1.02026869500549	0.40408181312214
0.402162775898637	0.18205657906434
-0.758892586095015	0.329498751771327
-1.32132959413696	0.828083843675898
0.0156929699541218	0.00786052167831993
-1.6691326992463	0.943374337661137
0.162742974316792	0.0485792905021731
-1.13849388307931	0.344614401149477
0.673419805718654	0.213740169092851
-1.79835097978106	0.382953978270685
-0.719862779167192	0.247072455212921
0.155986207086685	0.0292416787556187
1.8282452886897	0.717007372542503
0.167679655711552	0.042156489933972
0.670977551868057	0.213013404742869
-0.633409029549556	0.154789771896201
0.826445596858171	0.348204207373124
-1.16305429075171	0.651431133105286
-1.27032365700558	0.571955904152126
1.40675501581911	1.09622402914563
-0.33946832567862	0.0977521416130555
-2.06750813492524	0.942214241335458
0.164508320751161	0.0557690568966588
-2.2879467401577	1.15847288852325
-0.144224610998782	0.0515954998895758
-0.219388531614775	0.0708318276022096
0.152289864541204	0.0287035071443224
0.697029617405276	0.326808374368632
0.616343067375079	0.469121422596513
-0.725867563551232	0.249367253578496
-0.723601171891188	0.248501036925982
-1.02469648429794	0.406260196260825
-0.339133418750055	0.0976611246838527
-0.089924131140392	0.0357342992772802
0.451264737753217	0.18161985383083
-0.300495221782856	0.137956195707701
0.161410373272502	0.0481834890034794
-1.51885466658535	0.541921809220855
-1.02157784182418	0.404511677420364
-1.02205798388654	0.404922502702426
-3.08164138813046	0.963767470359232
0.165594211957363	0.0493598676029419
-0.516096514132394	0.19525236723075
2.36283015554921	1.18598075158267
2.11636802963177	0.949071130565476
-1.27136453604805	0.572225306311328
-1.14070599952463	0.345337330024218
-1.80197754639448	0.383903353697165
-1.13971461971555	0.345009438584009
-0.343223291761604	0.0987971723984263
-0.142801753920347	0.0511111283728562
-0.717682103574582	0.246297668028488
-2.06531862965062	0.940618742098066
0.820931629228735	0.345711555488893
0.94807088907188	0.251931335472786
0.94807088907188	0.251931335472786
0.947560352748164	0.251716891447637
-0.978712787673042	0.484484813219758
0.033258560395719	0.0182886137308666
-1.51885466658535	0.541921809220855
-0.515260306744374	0.194916268075376
0.904017602064035	0.48904943535585
0.536280565569087	0.193004774479639
2.57343757142537	1.4341879700074
0.448425309584677	0.180281330959951
-0.307119098015261	0.141289424880118
-0.96054814815979	0.941244178873266
-0.878829735327106	0.810051002218154
0.612179388299582	0.321450364353162
0.187360746943826	0.123006000558663
0.321564521222696	0.223252529741085
0.829163317967424	0.349753041955828
-0.787570884155068	0.605714373692318
-0.97432550347234	0.481515569107355
-2.57775304544287	0.66318910114962
-1.9768160956281	1.37601064170697
-2.47272681848111	1.37928460069693
-0.767523934479266	0.334015614821553
-3.45598446335482	1.23025555319821
-1.47978310913972	0.747275389667597
-1.67298914136531	0.946910829299361
-0.380450763328392	0.261648359648234
0.308988207662419	0.21305995219119
-1.61353176551588	2.22468143719897
-0.652386054265806	0.713298991524584
-0.451328002823076	0.299789794036215
-1.46619508725963	1.02148422157737
0.921547307670038	0.804979765416406
-0.0491327631288834	0.0356606594601196
-0.762345728311866	0.815371421024054
0.964483640629164	0.659151930429591
1.25024384592443	0.868930470868556
0.486322453429237	0.450440884137366
-0.178169136478913	0.0955589902107266
-0.41081777812502	0.350060444601075
0.308199421988301	0.244490313107215
-0.530854218154592	0.335857618205059
-1.33080665237697	1.09884490667772
-0.0624864432361606	0.0271753667499266
-1.27032365700558	0.571955904152126
-0.209836069462463	0.0678117289314428
-0.213871750896534	0.0690577255793313
1.82316587137561	0.714400972353312
-0.338812598915516	0.0975423827176717
2.36371030582704	1.18649721872197
-0.724527840719668	0.248940035798255
-3.08652986879455	0.965774290031657
0.151078767063253	0.0513922453176723
-0.978156667052671	0.483981865039004
-0.794363768024142	0.527511767423274
-1.17304950835354	1.19996513641072
0.0322595505343968	0.0177277634946553
-0.143862842025032	0.0514552827188289
-1.66846033956982	0.941441489488571
-1.48865825415413	0.75378227668086
1.33300648117334	0.583999950109349
0.176142971712713	0.102443338769951
0.465842523995894	0.339914096719015
1.66576014319637	1.57843334729071
0.194184697312305	0.140009632397797
0.189974453465115	0.130987890561569
-1.66763690551666	0.941299324199867
-0.402197412026509	0.228488112351171
0.393504318001377	0.177971168037712
0.401632985718102	0.181813336735641
-0.216498197122892	0.0698782653003517
-0.762069242113466	0.331027410923878
-0.514630991185235	0.194661861681357
-0.323507724393617	0.19409902319151
-1.48488117255046	0.751161753085473
0.963276587411233	0.65725919516687
0.342707448857277	0.209803353564679
-0.548307300655612	0.349066704106993
-0.647366504847638	0.383894930077736
-0.939101494385862	0.574684903971258
-0.642893311226277	0.380392613482947
-0.690991289265274	0.653984051093512
-0.985462982116127	0.488952495018168
-1.82782505103096	1.14914032425744
-0.492295756102021	0.369728361487715
-1.00892840344659	1.12270077934142
-0.599605296842962	0.287463874533008
3.26352329858721	1.1213740078214
1.45086090685868	0.481039409485759
-0.517564039318975	0.195752224477386
-1.15596353376808	0.645635797756978
-2.23353032471066	1.87517917479015
-0.645106834666806	0.381835824206237
0.619996291143665	0.473321851223763
-0.396376155841306	0.224613737819311
-1.13482941234436	0.34340642829894
2.75722496636877	0.770257049482932
2.75819631171964	0.770700477263471
-1.79827400712943	0.382942964938875
0.15626975600377	0.0292821097759299
0.158481035961899	0.0538108848974011
-0.210258805537791	0.0679543406762681
0.166691919569473	0.0419536988970269
0.160803134128977	0.0406203249121647
1.82480922054022	0.715302875396814
-0.764348057314127	0.332483080084793
0.903743422293457	0.488797786759354
-0.521210980107801	0.197392065778108
1.45612824040965	0.482835979244752
-0.970337843228409	0.479137162112077
-1.13461598703551	0.343230613786831
-0.627367542213354	0.153354696036073
-1.16064742731343	0.649795623136168
-0.343388592876165	0.0988541310686696
-2.57747759965585	0.66335545132302
1.95791760701363	0.441280139896969
-0.237898192898887	0.11909949802352
-0.493142802107214	0.259398344110674
0.162742974316792	0.0485792905021731
0.161787544386438	0.0408470066516523
-1.16170823570646	0.650440121846561
-0.783333085582395	0.517277635474915
0.0107769135214632	0.00545423012004575
-0.783482979731013	0.426397041376645
0.479006539253261	0.328207699474415
-0.631960666018702	0.15447017218279
-0.343223291761604	0.0987971723984263
-0.182473314266184	0.0979799158725511
-0.605151413489572	0.290368674227345
-1.84017947465269	1.16169640230959
-0.508401713054449	0.192089044158136
-0.232138115013016	0.116001104745966
-0.72990744568965	0.250762320843378
-2.57775304544287	0.66318910114962
0.675067592191977	0.214306398275368
-0.343223291761604	0.0987971723984263
0.153526628680235	0.0288819285189665
0.160803134128977	0.0406203249121647
-1.81633539526092	0.740054103791799
1.0461523665238	0.397340617252217
-4.0081607204183	1.74121189147911
-1.02647704913709	0.407098529252962
-1.02647704913709	0.407098529252962
-0.628807341949763	0.15371861128279
0.453017086926378	0.182395940611143
2.90861136080547	1.96673229381026
0.170216206297202	0.0427061060191571
-0.447169600192113	0.296760677793045
0.349855943325855	0.196268345604065
-0.142261970379491	0.0509595784549565
0.154540296660048	0.0525165420882453
-0.721178105137157	0.247635434110556
-0.348139745002389	0.10015256573937
-0.136558298680898	0.0771422613388356
0.170363534028405	0.0913296269572
-0.178618804104885	0.150664712990834
0.186745814669219	0.128597917446726
-0.454168062664189	0.477914616445989
-0.565841498520549	0.547744409691333
-0.492918415320358	0.370281547519115
-0.236198978492694	0.118300080555751
0.313868527254216	0.216982438513619
-0.185195494724665	0.123521623773825
-1.49292042945465	0.756808448685987
-0.980785793400676	0.486003661562873
0.159311548972865	0.0540967488137483
0.15626975600377	0.0292821097759299
0.393491650337326	0.177812450079177
1.95706969381346	0.441073865263096
1.45674006944678	0.483086167228603
-1.02243193496015	0.405269729651974
-0.0225237412104831	0.0105923533739111
-0.520378896998308	0.197056706045625
-1.32466036674019	0.830987640513035
-0.335711871851696	0.293568476667868
-0.0723787427149295	0.0593584635453448
0.560387181965065	0.574982139913531
-0.025125184535158	0.0160095801722622
0.366336179115446	0.185543049851944
-0.539252753977375	0.450451020692202
-0.536673016963813	0.558716343065324
0.553010479060621	0.322368625108598
-0.322704877770176	0.193597361072256
-2.77656392382622	1.8708742122257
-0.176286329473449	0.133992602513222
-0.0545783153502484	0.0238061517322269
-0.703220814371237	0.843987651160321
-1.598053867964	1.2290771847495
-1.43159639378392	1.52566977149394
-0.666783404323684	0.467404506335365
0.152697810862849	0.0662520175375133
2.11915621681513	0.950718927010271
0.829988921889609	0.350189547890131
0.944906190121193	0.251072355848773
-0.215184417856504	0.0694920488130609
0.156203958783437	0.0530790256711765
-1.13190405565215	0.342469779892572
-0.141148438653951	0.0505234670574713
0.160489139338675	0.0479185611557889
0.153526628680235	0.0288819285189665
3.63887061794827	1.43264022652771
0.468030105402985	0.341887615605683
0.306288938064056	0.211040503141705
-0.777948954872308	0.423237204733556
1.34085556860038	0.588476795145047
0.171207721440545	0.0429238305772998
-0.717859810282598	0.246260199746537
-1.15942022826835	0.647787789820647
0.362452711609041	0.183533036983738
-1.27375300829685	1.55915453447442
-1.03372596360212	0.827129627367908
-1.05163935058822	1.09950538413467
0.0714533604462636	0.0444177639630259
0.48223805382386	0.331169446438159
1.33300648117334	0.583999950109349
-0.482359109069084	0.252790140985755
-0.0920120072414227	0.0365206831931245
-0.21850465037473	0.0705347750739078
-1.08632423179233	0.742888077561625
-0.599877829682558	0.287247000491255
0.157212954461689	0.0603521678958182
-0.299976487881615	0.137738518705867
-0.646027265078088	0.382996070869013
-0.215184417856504	0.0694920488130609
0.534676685393129	0.192377474764699
-0.325127644712061	0.195339408491955
-0.947367544942486	0.581722693931633
0.351608524399786	0.197592835052947
0.726543553082455	0.483190104930214
-1.16825215423157	0.65562839309757
-0.786776713570616	0.428949905926888
-1.48179227816881	0.748326403691756
-0.88628301612576	0.736006074750474
-0.941727750200608	0.576618870945328
0.157402307591701	0.047080036463379
0.161809663243855	0.0483223326687324
-0.512821467319669	0.193934140503169
1.0454798173394	0.397182748534993
-0.320795783928407	0.192141223966422
-1.13435743095643	0.982698648058273
-0.786719855905986	0.429401204513787
-0.605441271100967	0.290520234541977
0.608015216996955	0.318505660410095
-1.02116299616938	0.404658802027825
0.152567656731362	0.0287430408348264
0.674079709901257	0.214036050556618
0.67473928175237	0.214185038642858
0.163413249256128	0.0487677019311828
0.15626975600377	0.0292821097759299
-0.143396196869431	0.0513133943799015
0.156004173205372	0.0530087596813196
-1.51984622148121	0.542369599603978
-0.983690896568628	0.487820366985316
0.609027586717394	0.319292353990383
0.174237394214571	0.0935290558094892
-0.725197552734606	0.249186509576262
-0.604333794260515	0.289911902876348
-0.537530265403985	0.341036483082134
-1.27293177363782	0.573562930226194
1.04211818703896	0.395589048045566
-2.06245951802953	0.938660446621569
-3.08209765998152	0.963916510480773
0.152289864541204	0.0287035071443224
1.95791760701363	0.441280139896969
-0.516726487620638	0.195487204534031
0.156403408531497	0.0531349651823521
1.39580927291848	1.08301723760094
1.33520939733629	0.585248915573488
-1.02516675514668	0.406341127546224
0.555329141776921	0.323865358979826
-1.32086799233228	0.82677321277391
-0.395022281216269	0.223694924589617
-0.0575708093715053	0.0250933055011383
0.535622204428391	0.192685925418963
-2.46424781972447	1.3706950548044
-2.57747759965585	0.66335545132302
0.153526628680235	0.0288819285189665
-0.389569741096937	0.162139446571965
-0.0570440860259364	0.0248617188663237
-1.08988495806943	0.745844392822889
-2.46645246566724	1.37341227271993
-0.518726505743015	0.196302609306264
-1.022712746104	0.405179718951923
0.163413249256128	0.0487677019311828
0.670649872073233	0.212844236167521
-1.13422470394875	0.343215945535417
-0.218074030224809	0.0704026851228337
-3.08164138813046	0.963767470359232
0.157402307591701	0.047080036463379
-0.343388592876165	0.0988541310686696
-1.32171126006368	0.827010138079726
-2.06531862965062	0.940618742098066
-1.79827400712943	0.382942964938875
-1.68220282904531	0.954213214593735
0.669665397318181	0.212450186666999
-1.79827400712943	0.382942964938875
-0.763493068016229	0.33177675339701
-0.768352792297376	0.334422629290655
-0.485899813522557	0.255359924466185
0.456072320074005	0.183713635992162
0.90348856533046	0.488525390458796
0.920754686156984	0.8037477418391
-0.782104677653673	0.426145914283594
0.714452362635753	0.47249071603738
0.689176537349267	0.322579379129039
1.11047089742212	0.848166478560186
-0.442586360359675	0.293190634015016
-0.32140272737226	0.226982350568989
0.8618952737629	0.639149098368107
1.66319199059118	1.57708467652389
0.736925135305244	0.838469753428087
-0.321272657423959	0.226870353768703
0.797276645718861	0.634484469206574
-0.923163752507146	1.04084979688747
1.13184745568855	1.02647145746323
-1.48287479116382	0.748882058320861
-0.305933023630468	0.140715565308025
-0.143629596355123	0.0513929708746564
1.33366758907542	0.584614927374746
0.5302361559562	0.190641185309064
0.825536485614349	0.347954851368991
-2.46365811307003	1.37024256389529
0.446773291358093	0.179740153870941
-1.46277537080219	1.01705407215201
-2.06376292263444	0.939652168969582
0.334282793819603	0.20386557713959
-0.591519180472801	0.480786248780467
-0.471430095599928	0.46420043163295
-0.376492165181518	0.294962810385995
-0.493549382523935	0.370866903079746
0.155870099041693	0.0757170984598047
-0.378741213459599	0.297046339580964
-0.0775969555544922	0.0557013026097701
-0.146493535296613	0.0996822301281583
-1.83036479375665	1.67693875535269
0.920182727320835	0.802086110698005
0.38792675695214	0.343823340949851
-1.72121910352233	1.87741744154137
-0.449901319848632	0.415183698993229
-1.41921215524089	1.71668657385819
-1.33370157533713	1.52715882108379
-0.639751708031495	0.378309038098824
0.406377452037962	0.184222958311821
-0.515466779883267	0.194997679323859
0.538048433874349	0.193628092206213
0.15981715245412	0.0477202746155183
-1.13521969998424	0.343544374381215
-1.51330481624892	0.539630991333106
-0.0980355530087572	0.0389119651836356
0.155372593274282	0.0528040448022981
-0.603533747156033	0.289704932966888
-3.08255415585823	0.963691003677911
-1.27095128753598	0.572333958218654
0.725588574800656	0.481865434619114
-0.698669465296888	0.614118913801497
-0.385444951249396	0.217688034638233
-3.45478455762682	1.22912473266304
-0.60983396205249	0.293227582052453
0.554463560288925	0.323208075976028
0.168996227736906	0.0424334312831713
1.77721108238066	1.82799193840187
0.0221854232174218	0.0156072922820703
-0.989707846693232	0.886293139141065
-0.0899186950434909	0.0357593976749891
0.180709831285904	0.118408825029888
0.160033057780694	0.0776399603858881
-0.348139745002389	0.10015256573937
-0.133625544269131	0.0479297289395226
-0.605441271100967	0.290520234541977
-1.51330481624892	0.539630991333106
-1.02753049770938	0.407603964357704
-0.512774894780034	0.193916140778872
-0.180734947018927	0.0968828799911685
-0.611114992205462	0.293827619149779
-0.639751708031495	0.378309038098824
-1.59042579897395	1.21953979245599
-1.26698735368759	0.569984385056631
-0.339133418750055	0.0976611246838527
-0.130708911670079	0.07373197046619
-0.392076502002038	0.221678407746484
-0.484822059430218	0.254456466048813
-0.412483347015707	0.351775985395423
-1.44780107911294	1.30022893777148
-0.573614165615307	0.418840261511297
-0.487043857215014	0.255809581423326
-0.718798226358807	0.246701955031967
-1.022712746104	0.405179718951923
-0.516437065645576	0.195440542054734
-0.975143708565975	0.481983361314072
-0.608544502129198	0.292385991772667
-0.677639637440762	0.537001618474261
-0.970144672051304	0.95555921674031
-0.0859727266486525	0.0342163932929792
-0.214527945453891	0.0692825908233493
-3.08164138813046	0.963767470359232
0.152567656731362	0.0287430408348264
-0.342569521377039	0.0986187132378211
-0.342890259454196	0.098642118615141
-3.45478455762682	1.22912473266304
-1.79827400712943	0.382942964938875
1.33879777823021	0.587080797987855
-0.627367542213354	0.153354696036073
-2.06466636020324	0.940256308265765
-0.0234169717315063	0.0110008161453883
2.53567182807804	2.38146766295602
-0.322665254544135	0.193432405599715
-3.08559782341753	0.965445184573826
0.534676685393129	0.192377474764699
-0.340780759226789	0.0980802617963696
-1.13422470394875	0.343215945535417
-0.520378896998308	0.197056706045625
-0.763253894263622	0.331680843347779
-1.79827400712943	0.382942964938875
-1.80197754639448	0.383903353697165
-1.42843926898122	1.52016043134007
-0.0255740326649215	0.0119884577754599
0.908768379081494	0.491977442900966
0.546377429876147	0.318053200669903
-2.28411759401285	1.15561011707359
-0.0917302405851672	0.036418796385065
0.873035347873662	0.650379297628815
-0.301846366859303	0.138478535749638
0.163119050029721	0.0707950980516197
-0.211803100213447	0.0684440141233586
0.669826712236336	0.212585182521199
0.153526628680235	0.0288819285189665
1.0928266645529	0.673601574054683
-0.782149689617024	0.600215549407255
1.3345487412554	0.585101958973942
-0.628807341949763	0.15371861128279
-2.06401436108767	0.939809125258311
-1.15696800136435	0.646949882416579
-1.27563663242186	0.574921211984683
3.92939233650521	1.72468629625562
2.11623613123944	0.948962502898558
-0.343877386805142	0.0989458655028747
1.46007077870478	0.91246702657443
-1.5126542472202	0.539316353407404
-0.978453179463435	0.484425320262514
2.56773001762416	1.42950943152185
-1.51560015914977	0.540391239685252
0.151709443880736	0.051599453197034
-0.720801185410545	0.247515042606667
0.169606362252511	0.0425824743634164
-1.022712746104	0.405179718951923
-0.522241581613054	0.197808345231684
-1.13543440488342	0.343479590196383
-0.343388592876165	0.0988541310686696
-0.52741682099346	0.19984596646202
-0.769297315430184	0.334779742677999
0.14955061601593	0.0649393364635053
0.690343370669133	0.323489026654387
0.698637946443475	0.327891418746038
-0.537262090567083	0.340570205516183
-0.0941067654169633	0.0373762932959253
-0.216240213481686	0.0698575300582443
-1.159894998224	0.649119626925906
-0.490052430710697	0.367575073920193
0.0478325622711442	0.0280770123432306
-0.131505687561922	0.0742336665563524
0.45829119047036	0.448751174504972
-0.453874380790556	0.302415802611066
0.512304612842974	0.46236774071179
0.658185985849168	0.70234549253761
-0.329774749141123	0.198424084346043
-1.48605708516698	0.751817076509959
-0.449817903314233	0.299117512010417
-0.392970855914242	0.222212545302386
-0.720801185410545	0.247515042606667
-0.305778446944133	0.140652271890162
0.148680628012621	0.0644892210381013
-0.0580482813352692	0.0252965984062799
1.06479850851013	0.515374954945612
-0.141989778853872	0.080348688777106
-1.23901827608218	1.15629547428959
-1.0943763442334	0.750262172497341
-0.149637056341195	0.101982563412732
-0.496582264501631	0.453381771357022
-0.330639252607647	0.263147413692621
-0.323134261146505	0.193896850855135
0.39743817424851	0.179869013965184
-0.943532895815892	1.23237820414496
-0.258962981786848	0.161778902481772
-0.262102167413174	0.164039157546639
0.19375658036853	0.127680027818554
-0.597293058791159	0.486741701290646
0.209363256342362	0.16376752028118
-0.448567990640329	0.297704406449112
0.868146359374198	0.798556913640732
-0.133305821221437	0.0752246311559603
0.579639439863527	0.579453243997317
0.528697101266383	0.190116209542368
-0.600654917077171	0.288044191798673
-0.508401713054449	0.192089044158136
-0.341581022610314	0.0983147602836231
-2.4735664015526	1.37997989190897
1.10403206475986	0.842388211547989
-0.726802235324399	0.249630182049429
0.825425367366759	0.347866059057456
-0.134333428145837	0.0758162486194008
-2.06840706939649	0.94281622690595
0.156835118177656	0.0532837121933901
-0.3992013862061	0.166569889727475
0.053563561904177	0.0314302569587082
-0.46479244596822	0.391490998228055
0.726486522211371	0.482523328634369
0.806757748774701	0.644373758396422
-0.39395556364935	0.1641611423219
0.338681634966651	0.189367759901706
-0.394758031780119	0.223331885816731
0.298783612850736	0.244788229631241
-0.320266239891528	0.226103413581643
0.188545733573838	0.140757183678847
-0.315564544092196	0.302068887202716
-1.21944558607127	0.921089426311519
-0.144458223660973	0.0516627524354598
-2.06441503007623	0.940014395257253
-0.300672688912365	0.137932389561506
0.451264737753217	0.18161985383083
-0.720404519989633	0.247290988830991
-2.577202278156	0.663064687208724
-0.342569521377039	0.0986187132378211
-0.399757862224215	0.166809613595019
-0.300475521612627	0.137987442345374
-0.0487144694234299	0.021333046821574
-0.783482979731013	0.426397041376645
-0.516519654579737	0.195348018988819
0.320815128927877	0.222607701015906
-0.178906155395857	0.0958747002743318
-0.680346244391291	0.592721379695723
-1.08769656384367	0.74401064519209
-1.01961453275747	0.403780235295886
-0.715407313671064	0.245463795469067
-1.2724223749879	0.572901819199514
-1.83092792552873	1.15332146453246
-0.600740335564304	0.287548847602364
-0.644308449688594	0.381895105706916
-0.754888092598883	0.327381185613808
-0.975441068760145	0.482163989366263
-1.03598969183384	0.829466915086289
-0.491707542003376	0.258660418321266
-0.782104677653673	0.426145914283594
-1.7129681279837	1.44056829200588
0.666057985126717	0.211344647530167
1.4596710675352	0.484293847194448
-0.394425920047143	0.16452744300679
-1.27355763424997	0.573854914365868
0.156004173205372	0.0530087596813196
0.165858197331239	0.049441036827577
-0.518098540358184	0.196099975558502
-1.26698735368759	0.569984385056631
-0.648751505867408	0.385158814511906
-0.974065043990998	0.481194521354178
-2.01482783982941	2.11143059271963
-1.33297690296997	1.10084925850088
-0.717014216380814	0.24607192548599
-0.151357735220451	0.0541400230435956
-0.657580023407973	0.458914349751283
-1.04007963349693	0.835314092878023
-0.389824029514932	0.1622220446978
-2.11145119192877	1.62104630259469
-1.084521848346	0.740232488400785
-0.221158427899559	0.071360347088866
-1.16328506515741	0.651598487222512
-0.600982761439057	0.287834878587552
1.0746915764096	0.521623564261811
0.162132460766723	0.0788047545771799
-0.769774518033546	0.334995267894291
-1.47978310913972	0.747275389667597
0.163253158978843	0.055373071248357
1.06989694527242	0.518493824613893
-0.0522685582462237	0.0228328856694266
-0.975403874231334	0.481865195999647
0.156405419701574	0.0600373427044117
0.152654989280826	0.0661579077223886
-0.720801185410545	0.247515042606667
-0.632939126134277	0.15468454480873
-2.58120409692147	0.664991486920107
0.153247518839476	0.0288421886814327
-1.13422470394875	0.343215945535417
2.12133800034702	0.952308998445296
-0.722104754812606	0.247977448104565
0.152289864541204	0.0287035071443224
2.75446121880292	0.769079402442662
1.82513230176872	0.715356894962213
2.7554263517449	0.769222911089782
-1.13971461971555	0.345009438584009
-1.79827400712943	0.382942964938875
-1.51754153600569	0.541527764023226
-0.627829060935039	0.153504607197422
-0.387943494377033	0.161375138349653
-1.13422470394875	0.343215945535417
-1.48983860271697	0.75421812814857
-0.720404519989633	0.247290988830991
-0.516640021567978	0.195578035113981
-0.211803100213447	0.0684440141233586
-1.03543374702896	0.828719908196881
-1.15672629656126	0.646028538730183
-0.520378896998308	0.197056706045625
1.06848073867691	0.517570142270945
0.166472578369387	0.0809984721879497
0.192998165950049	0.127075467049343
0.339448119116318	0.207517397100923
-1.60078174548751	1.23414576139071
-1.27283559437252	0.573099561768401
-1.02582176479153	0.40676668488424
-1.15907552995224	0.648798876745899
-1.67231026075876	0.945920698741273
0.460117505724027	0.334990621704144
-0.0812836176927453	0.0644561981996459
-0.0408823014025231	0.0345123254804411
-0.174404973366667	0.115781313136131
0.0112721634126611	0.0057172511288662
-0.0284381142230799	0.0209393454774168
0.0988828947031685	0.0703406779920721
-0.567176704882261	0.658810980199653
-0.803560170499234	1.32533192251704
-1.03583806989812	1.35903025527575
0.0924484745430668	0.0631651653529193
-0.122659982814691	0.106299351708445
0.752279126321118	0.94532368314226
0.210441875941994	0.170254536393772
-0.771962626903978	0.720817313390758
-0.696735832826826	0.611958353634244
0.0464787609359545	0.0273076826216169
0.317635006988091	0.220084493572594
0.154554070616653	0.059340430024723
-1.67313196297406	0.946059111870797
-0.232024916172172	0.25244034187457
-0.448316610436694	0.297798241354973
-0.333889194778809	0.291556607494929
-0.0251494111927437	0.0160099211893263
0.60956468558884	0.594600969668775
0.218305535013058	0.188295738604411
-0.393989088768612	0.223269065676499
-0.185480729207264	0.0996125045871809
0.167424930479852	0.0896363017385735
0.0724176904630289	0.0471896710706516
-0.442529269443485	0.293303919413596
1.9569024872133	2.71770002067957
0.843194693259802	0.994954556173386
-0.320781383818131	0.226492375998318
0.212243577393998	0.19219705773314
0.193325370596824	0.139332455303065
-0.943743322061992	0.999727372493122
-0.680458345012265	0.53962458568121
0.80366852875334	0.64158878100015
-0.683300431855332	0.542341675630287
0.364316515210503	0.18414623788955
-0.538835594273489	0.341995587162522
0.294058238798616	0.240324277512216
0.0285983031351975	0.0200977252122815
1.10699205282957	0.845077996678436
1.55822278737039	1.90400847278569
0.0909996437296055	0.0793512521002486
0.432984278462654	0.536359311832497
0.378284957660157	0.345149689887843
-0.614103045348183	0.984511499399147
0.287239846552202	0.272272759824131
0.104234690258505	0.0768630912968396
0.00440518779750487	0.0035320092066422
-0.346519505418445	0.520544709967352
-0.213407527517472	0.0689186426519193
-0.524221021940353	0.198635348498468
-1.13521969998424	0.343544374381215
-3.4565848348623	1.23040818352441
-3.45718548577975	1.23020251223423
-1.79827400712943	0.382942964938875
-0.632432130022522	0.154575713959717
-1.51919018322957	0.542251856895701
-3.08255415585823	0.963691003677911
0.610190683132521	0.32052365969058
-0.341581022610314	0.0983147602836231
0.106967189107814	0.0763790707821292
-0.431809663401278	0.393997033732017
-0.104013646778185	0.0922716612355719
-0.146714660868555	0.052481223816664
-0.383976337470874	0.264355428461189
-1.79835097978106	0.382953978270685
-0.44438571427032	0.408750346563302
0.658665158489423	0.470394107948119
-1.82070618223503	0.742556934543085
-0.67046128883295	0.470603141126788
-0.480299449117631	0.251887481057145
-0.652662210931517	0.388234562938343
1.90988406290784	1.65547384641179
-0.229782920850433	0.114702143194094
-0.0917448279914522	0.0646758526460467
-0.703137932161611	0.669544564891893
-0.9902443422343	0.887764104371606
-0.356064147473822	0.355379319410577
-0.960486123776552	0.942022621047891
-1.14867409954682	1.41360248954775
-0.210900475523115	0.158497418857556
-0.122468722927606	0.0851558513915785
-0.296385524952692	0.260675611776569
-1.59768466268385	1.22960434617103
-0.182224046001573	0.121449866014176
-0.491568685330622	0.369040240701136
-0.393229250306265	0.391743206770245
-1.42375484672961	1.51200771514904
-0.342235478378113	0.0984932623692754
-0.393701773942777	0.164088841030077
-0.0783925290064461	0.0562922408655494
-0.207682191853968	0.15576769420905
3.26252567397545	1.12093560535381
0.169214296031194	0.0503283685514623
-1.27458834884304	0.574392686547494
-0.782478838954926	0.425781425360571
0.0947929984890163	0.0648471189819704
-0.268823299421181	0.221000468365158
-0.0235817853601253	0.0150176586994674
0.268118511258095	0.257353982661085
-0.69577896259292	0.706099468334132
1.06929985127949	0.518119516931828
-0.769182441744131	0.334695855481558
-0.0938844786016753	0.0372437459496391
-1.48583447995293	0.750871084939304
-1.13521969998424	0.343544374381215
-0.712961923361336	0.244465863933162
-2.57747759965585	0.66335545132302
0.153526628680235	0.0288819285189665
0.153526628680235	0.0288819285189665
-0.628807341949763	0.15371861128279
-3.08209765998152	0.963916510480773
-3.08559782341753	0.965445184573826
-0.628347365301396	0.153568930486371
-1.79827400712943	0.382942964938875
-1.80197754639448	0.383903353697165
-0.725867563551232	0.249367253578496
-0.916137190697893	0.670761519673519
-0.343223291761604	0.0987971723984263
0.162772361662218	0.0410490143575106
-1.48262891806896	0.749194787387466
0.530691113673913	0.462261575119918
-0.236284258682518	0.173876907493964
-0.37297392682701	0.291651604006235
-0.518384243260325	0.196197881941051
-1.79835097978106	0.382953978270685
-1.13461598703551	0.343230613786831
-0.601223882825853	0.287949924770447
1.8261162244369	0.715575956681055
3.64191951813742	1.43434820902865
1.3365940426868	0.585870722995411
1.46346282980804	0.916235740824979
-0.237436870521847	0.118846941321672
-0.669647795841406	0.469631729803851
-1.02285121989656	0.405325189308983
0.163386406136861	0.0411852790230607
-1.79827400712943	0.382942964938875
-1.13582369620544	0.343734699942405
1.95706969381346	0.441073865263096
3.26252567397545	1.12093560535381
-0.347480099168433	0.0999933239977275
0.534676685393129	0.192377474764699
-0.409984143191847	0.349011637628449
-0.0244510767349228	0.0155924083368806
0.823212009333007	0.346758912504243
-0.764086062426498	0.332088631279259
0.34502849665301	0.193102765936248
0.532919179620233	0.464592081330511
0.037323917983679	0.0272004925839871
-0.11863066856825	0.102532387493764
-1.02461955898516	1.14934949797508
-0.689067469636604	0.603249446739344
-0.307561258940354	0.292866023111185
0.842973461408235	1.09432262749218
-0.699482135818918	0.711485392182805
-0.213814342023024	0.138222616497855
-0.536067093120051	0.339782793953475
-0.185047885412551	0.0993983439482087
-1.27605282856675	0.575459260120326
-1.49316422163496	0.756612747350262
0.730480883471872	0.828251643554403
1.46501851592716	0.918545766742094
0.152844405786542	0.0663436314576924
0.182506236779693	0.119692776397437
-0.0239915386149835	0.0112739059532307
0.609102185037157	0.679037664748834
0.450737378927577	0.181443994317372
0.821753992690835	0.346118851347505
0.156749199366256	0.0761585558625866
0.613008660747081	0.322012749294605
-0.688127842534876	0.601625190207542
0.86741119630038	0.644397870700127
-0.463207179798304	0.3898903376989
0.00386835194928111	0.00273734716563904
-0.465968918450508	0.392822562985733
-0.0874429172666011	0.0696174110984552
0.173094652822085	0.100574847454469
-0.288871098734319	0.232691464549974
-0.646487262469838	0.383339995235504
0.322793652801323	0.224219243048519
-0.787696753146991	0.677091194949115
-0.307960699666091	0.1416470067842
-0.132947659298175	0.0750758511036786
-0.018352101111607	0.00870364287419795
-0.482266851023955	0.252649780371543
-0.133625544269131	0.0479297289395226
-0.278976977685907	0.266959192040943
0.206672517190723	0.171989502207217
0.0902683383094936	0.0616730310590955
-0.565026428815888	0.546658695924289
-1.25539495062988	1.36189764559796
-0.392523979054397	0.221966275403248
-0.614316030536558	0.546846609088971
-0.107979757560264	0.0943955223513757
-1.13910410688242	0.344899734416028
-1.80197754639448	0.383903353697165
-1.79827400712943	0.382942964938875
0.165704597093625	0.0417255219351786
0.153247518839476	0.0288421886814327
0.153247518839476	0.0288421886814327
-2.5814875372856	0.665060440379843
-2.57747759965585	0.66335545132302
0.162772361662218	0.0410490143575106
-0.0927896157019774	0.0368282351882246
-1.27515887337642	1.71401961076364
-1.32098155437935	0.828199530418442
-0.600166078004423	0.287430036059165
-2.57747759965585	0.66335545132302
-3.08209765998152	0.963916510480773
-1.79827400712943	0.382942964938875
-0.917602266730608	0.672835216523004
-1.13069021608626	0.34196481134975
-1.51429942551804	0.540079204882619
-0.600934916808729	0.287690120481276
0.533792789739045	0.192056407531968
-0.140603993499912	0.0795352963672997
-1.09142913203904	1.05141977217325
-0.433309930782156	0.333860148578082
-1.35040879330044	1.35542443988153
-1.18093913932853	1.60618094192502
-0.17951488113211	0.0962540782169938
-0.594469569599166	0.483597550963215
-0.91210849912477	0.667235132516904
-0.57552284503595	0.420475933110484
-1.79827400712943	0.382942964938875
-0.627367542213354	0.153354696036073
-1.51919018322957	0.542251856895701
0.033937849796196	0.0186128538008366
-0.924278775570606	0.679124813013817
-1.79835097978106	0.382953978270685
0.153247518839476	0.0288421886814327
1.45868047865843	0.484047550536175
-0.220273125496108	0.0711077393958585
-0.894497393769687	0.745967480606256
-0.327364066186989	0.196889168619184
-0.0734042326180646	0.0525939062114506
0.29392475816941	0.256872718160595
-0.762661468163739	0.331369385865934
-0.628347365301396	0.153568930486371
-1.13362027945245	0.342902172857624
-0.720801185410545	0.247515042606667
1.95706969381346	0.441073865263096
0.153247518839476	0.0288421886814327
-1.13422470394875	0.343215945535417
-1.79835097978106	0.382953978270685
-1.80197754639448	0.383903353697165
-0.636595009299526	0.155524812409654
0.94807088907188	0.251931335472786
-1.79827400712943	0.382942964938875
-2.57747759965585	0.66335545132302
-0.6282908079904	0.153557595992093
-2.57747759965585	0.66335545132302
-1.79835097978106	0.382953978270685
0.170597157616308	0.0428000407476464
0.158236523811813	0.0767328344983526
0.153247518839476	0.0288421886814327
-1.79835097978106	0.382953978270685
0.167299398578488	0.0420768316112512
0.15910873917412	0.085082514960076
-0.781962044705545	0.516913495656316
-0.180025585219412	0.119745263923399
-3.08118534013847	0.963229045953577
-1.80197754639448	0.383903353697165
-2.57747759965585	0.66335545132302
0.952312839774606	0.25302018984475
0.949511917528176	0.252227362219882
0.943931183072951	0.250903413595175
1.45476541507032	0.482531337515686
-0.139626623650296	0.0500203007886289
-0.342569521377039	0.0986187132378211
-0.722104754812606	0.247977448104565
0.166691919569473	0.0419536988970269
-1.79827400712943	0.382942964938875
-1.80197754639448	0.383903353697165
-1.79827400712943	0.382942964938875
0.948535538575274	0.252058145640786
-1.79827400712943	0.382942964938875
-0.629159511493121	0.153871316504896
0.948535538575274	0.252058145640786
0.401910402644116	0.181983255731924
-0.446745071699292	0.296573110139456
1.95706969381346	0.441073865263096
-3.08164138813046	0.963767470359232
-0.517470812145273	0.195857600194182
0.958952735830933	0.652645371681319
0.485938741694523	0.33440018389594
-0.211086455812988	0.158631445883677
-0.564272297550789	0.410417210131873
0.0764952557869366	0.0476208278275054
-0.328204263778355	0.232582177565085
-0.241535871823529	0.178244282650678
-0.328711551161815	0.232914277526083
-0.496956057239563	0.373684790639227
-2.46789592076112	1.37488282789382
-0.343557529393447	0.098858556674811
0.166691919569473	0.0419536988970269
-0.181592286619304	0.120956128307265
1.45868047865843	0.484047550536175
0.947707476517323	0.251863651931386
-1.50954059367664	0.537955828816566
-0.0922429931852346	0.0366585321112953
-2.06750813492524	0.942214241335458
-0.517564039318975	0.195752224477386
-0.212036192576877	0.0685029076357838
-0.724270980279016	0.248747351366331
-0.628347365301396	0.153568930486371
1.3345487412554	0.585101958973942
1.03794125892168	0.3937132286134
-0.664091893963217	0.464853357112605
0.623586667734466	0.476882129274903
0.0353253015836357	0.0193912371377133
1.11655900160258	0.856533964977307
-0.280841714067513	0.203373341328603
0.402969101187946	0.182490153188217
-1.84839587252073	1.17026051917063
1.79395236191938	1.0061280392833
1.06736385935174	0.517247591338113
-0.476011425974185	0.249101101032753
-0.0596502565644392	0.025959692579087
-1.02074928234359	0.404273099261885
0.159740930612616	0.0542077115299301
-0.774396558399586	0.337425811683154
-0.79032695102886	0.523585878202457
0.172015698391345	0.106249252939438
0.161838633058015	0.0785571392099489
-1.2735860153034	1.55901237387789
1.04455801006536	0.39678683304154
0.364031575982881	0.184287494438609
-1.33692212688601	1.10723308640663
-1.14266837874183	0.992973394587055
1.95706969381346	0.441073865263096
-2.577202278156	0.663064687208724
-1.79835097978106	0.382953978270685
-0.633409029549556	0.154789771896201
-1.80197754639448	0.383903353697165
-0.629267545839357	0.153771215183604
-1.51494963266618	0.540305848955056
-1.79835097978106	0.382953978270685
-0.768944294866461	0.334721769210418
-0.589183208399613	0.477816695955027
-1.81472218726632	0.739418880999967
-2.57747759965585	0.66335545132302
-2.57747759965585	0.66335545132302
-1.79827400712943	0.382942964938875
-1.79835097978106	0.382953978270685
-1.81405663489635	0.739163554129331
-0.765272653406876	0.332629321268392
-0.763732087298385	0.331708948671001
-0.660945713022611	0.461730400976188
-0.648297381263388	0.385134445148531
-0.491003715280789	0.25845027245793
-0.389010542508637	0.161884808373538
-0.395339811983252	0.224154477689842
-0.541614018026543	0.344173665279236
-0.79389676169198	0.52718473229848
-1.08942627262229	0.745419860439091
-0.918271544294076	0.672780033111886
-0.261615976728237	0.163605374165739
-0.238405292792375	0.119353345484446
-1.79827400712943	0.382942964938875
-0.724527840719668	0.248940035798255
0.479100993648857	0.328670650348468
-0.216240213481686	0.0698575300582443
0.66999328440441	0.21269616854207
-1.81776116330611	0.741198338740062
0.531183635792365	0.191017735991031
-0.0891130379539154	0.0354263445785917
0.0118983302669965	0.0059828394371104
-1.21105560265348	0.91327857835394
2.75446121880292	0.769079402442662
0.153526628680235	0.0288819285189665
0.152289864541204	0.0287035071443224
-0.34780711222598	0.100028606261835
0.166307199190119	0.0418280240782314
-1.79835097978106	0.382953978270685
1.95706969381346	0.441073865263096
2.7554263517449	0.769222911089782
-0.180691933060027	0.0969749606223992
0.0526545177109054	0.030908005021388
0.489513092048936	0.337117857412761
-0.212692311337293	0.06870282462309
-1.81206173391041	0.737772890219594
-1.79827400712943	0.382942964938875
1.95706969381346	0.441073865263096
-2.06905985477759	0.943332987473435
-1.04399092426102	1.08792535631116
-0.772742328316775	0.336486446506698
0.161410373272502	0.0481834890034794
-0.142440177804696	0.0509737826404277
0.157212954461689	0.0603521678958182
-1.16404268392444	0.652680355623344
0.150165099513296	0.0576790502589463
-0.675429691371513	0.534621374473984
-1.27751931897973	0.575987802889346
0.695167407026453	0.325684262599568
-0.0147638012129711	0.00706017504649312
-0.912585133128741	0.667694776216873
0.188076994213808	0.129591555964162
0.614595118380387	0.467725973667166
0.920165602772928	0.802911113257166
-1.81405663489635	0.739163554129331
0.39877334397608	0.18055727588805
-1.84122675050049	1.1625735801655
-0.519952717504097	0.196880719935875
-0.142801753920347	0.0511111283728562
0.826885083784757	0.348595039349664
0.795970279684778	0.479315051579936
2.14118578957753	1.50318995652317
0.16172545678092	0.0548210403024252
0.673566699761767	0.484768767989186
-0.482138029224768	0.574008347760928
0.333837079519883	0.366095603142303
-0.781512898203048	0.599847359470255
0.512031207370837	0.462011272631313
-0.770985743994014	0.657642445238873
-0.253430260638712	0.24381353516922
-0.501955838163645	0.590796009734708
-0.0919937227994506	0.0808523063420603
0.395025085817729	0.351440866068249
-0.294870521223229	0.23823712431806
0.624753060285368	0.784773062950167
0.272456098189098	0.268799152455202
-0.255659089942846	0.208581491486711
-0.526019849694333	0.543847151612167
-0.77838753327496	0.666501299035511
-0.943937815887112	0.578319227494592
-0.603280255033303	0.289377678994227
-0.136167214155263	0.116748118827146
-0.0996276020966466	0.0584979272702269
-0.778103443316595	0.595745207312193
-0.00187351907046731	0.00122580389556336
-0.940051751877641	0.575929265112036
-1.04688713353911	1.56127948704288
-0.532196515446357	0.33684116570319
-0.975962525466467	0.482241534323902
0.178494799650398	0.110570141357743
-1.0906546686315	1.05014898560783
0.805449157554543	0.767092696099702
-0.442529269443485	0.293303919413596
-0.764702797878172	0.869380039114745
-1.44087007316746	1.2902118674263
0.197770639046997	0.142846023850277
-0.100089054527408	0.0708295531238317
1.06911386174227	1.14338198623589
0.478114319504772	0.457601221724899
-0.14425190527298	0.0980546182742365
0.703106034594234	0.618694767842438
-0.391078907325912	0.270167579463405
-1.02074928234359	0.404273099261885
-0.645572428808388	0.665243733779405
-0.961574061723253	0.942881148431338
-0.319039749255483	0.191253030925583
-0.294234824751764	0.237786419254511
0.368120509499579	0.344720469573872
-0.404150570577715	0.375481854659517
0.209343092675543	0.169196929233211
-0.450519661738358	0.505878217202919
0.140738814278797	0.12440230597397
-0.023398003299517	0.0174702784063478
0.738417604601188	0.840793939904157
0.0994056921396615	0.0923419922376765
-1.0782957929263	0.734488283504547
-0.342569521377039	0.0986187132378211
-0.34191607535368	0.0984089732924219
-1.79835097978106	0.382953978270685
-0.596482976054808	0.285499705181231
-4.00616917107184	1.73988655786059
-0.725462519324565	0.249202983263282
-1.50753623706896	1.69686931018205
-0.40475597374149	0.376076337347858
-3.08209765998152	0.963916510480773
0.15857127176921	0.0473730062040783
-1.51494963266618	0.540305848955056
1.04077275699432	0.394975733217645
-1.51560015914977	0.540391239685252
-1.13964644480243	0.989926712672137
-1.34097591766648	1.54029628740518
-0.677156490059235	0.535975512425479
-0.785015523202022	0.519554857401945
-0.767523934479266	0.334015614821553
-0.0200487288047491	0.00947233562651225
-0.533604764125177	0.444635104806461
-0.285756621522836	0.229746396710527
-2.02074735419669	2.12314616084244
-0.783351914564513	0.601927832247032
-0.330759789075842	0.288278500275368
-0.774912131094838	0.662129643176256
-0.154888087382761	0.119587632032526
-0.565774967773009	0.547707436420507
-0.162012159462959	0.138293435343044
-0.397306840731149	0.424518560114356
-0.534006837248953	0.337834841026101
0.153247518839476	0.0288421886814327
-1.79827400712943	0.382942964938875
-2.57747759965585	0.66335545132302
0.951841444348566	0.252891357699991
0.159514116820662	0.0773652153631418
-0.647407609820046	0.383952471228298
-0.448444718506682	0.46999298881468
-0.174447810850238	0.11584664821972
-2.06881364971599	0.9431380459589
-0.970892981528366	0.479476252553341
0.960488386343078	0.655684972623812
0.617809050653654	0.325089032131953
0.408767181063851	0.338834745602939
0.798677294573549	0.636225450060987
0.00272483852511301	0.00198439433144937
0.474671241487558	0.453369359289761
-0.498039807215993	0.374994009479501
-0.210258805537791	0.0679543406762681
0.161796111845727	0.0548787428361297
-0.717014216380814	0.24607192548599
-1.51494963266618	0.540305848955056
-3.45598446335482	1.23025555319821
0.153247518839476	0.0288421886814327
-1.13482941234436	0.34340642829894
-2.5814875372856	0.665060440379843
-1.13461598703551	0.343230613786831
-0.722104754812606	0.247977448104565
-3.08164138813046	0.963767470359232
-1.13482941234436	0.34340642829894
-3.75466048479637	1.48723142869904
-1.02753049770938	0.407603964357704
0.610611455484196	0.463910424769005
-1.13422470394875	0.343215945535417
-1.13521969998424	0.343544374381215
-0.0936023816727726	0.0371398786885616
-0.307395871924753	0.272256482861302
0.372762114918225	0.350069389750309
-0.904888135846721	1.07767308378497
-0.0536126192846586	0.0234060597779143
-0.796608860068144	0.529311912469441
-1.13849388307931	0.344614401149477
-3.08164138813046	0.963767470359232
0.949511917528176	0.252227362219882
1.95706969381346	0.441073865263096
-0.725197552734606	0.249186509576262
0.162479935061762	0.0485106492306684
-1.79835097978106	0.382953978270685
-1.79827400712943	0.382942964938875
-0.991992856930241	0.889759014381045
-0.674459688294778	0.533008192097147
-0.41081777812502	0.350060444601075
-1.03577746099785	0.829697878907474
1.46426218323308	0.917041318765298
-0.149378175244306	0.101778078620147
-0.398856463799954	0.226292424567622
0.15860122996506	0.0770351109459426
-1.33072611613567	1.09807339340639
0.815030736579675	0.653533226493504
-0.682128120596712	0.541444230986355
-1.33656820059716	1.10591642472801
0.6737511905791	0.213807078926834
-1.3338436177696	1.10200221488409
-0.638511210533744	0.377751153543128
-0.0192440544249096	0.00911122542012818
-0.177244316564704	0.117786740141709
-0.782864524155936	0.517458474658134
-0.389020895129077	0.219846878214498
0.190881554647226	0.137362796905399
-1.17393665499723	1.20259344979351
0.191448093065338	0.148237370891331
-0.17446141980188	0.0934734861628618
-0.219479041511848	0.142206336003051
-0.300959210247249	0.265544908968763
-0.575728595596293	0.559893804060421
-0.416216388923344	0.355674621497678
0.296955050454024	0.234188024714213
0.29972251942098	0.227046926386736
0.289345357892664	0.227090356642434
0.436985594653842	0.334020070646749
-0.322894157470995	0.255765948185033
-0.214295623660532	0.0692156550779169
0.00740742909478869	0.00379390374667557
-1.32366209482834	0.830126855072988
-0.521840469150078	0.197595401649406
0.171357858167751	0.0919241868568045
0.959691574533835	0.654406688388625
-0.592285191857859	0.283032783315107
0.825864596355464	0.347921424852211
-1.15432470982264	0.644563501933851
-1.92826425701272	1.89404986853466
-0.13385166994521	0.0756041201391323
0.292041863915658	0.229603010566588
-0.333708542627152	0.291310620340399
-0.332172857825835	0.199908068290748
0.00762367047294184	0.00387480422565998
0.154184444663498	0.052405972124707
0.323230487820296	0.211235203825779
-0.586823929008968	0.475745798977894
-0.781060867332336	0.732281561888271
0.310675718286204	0.214561096127942
2.12997692864244	1.49186254996013
-0.976655597147032	0.48331333967379
2.7554263517449	0.769222911089782
-1.26906910252257	0.570970419048915
0.534451222825175	0.192245698269146
-3.45538437102149	1.2298802093729
0.451633653248067	0.181704491616
0.150882619911791	0.0513268309948059
-1.13129699285405	0.342278739405472
-1.16667565837399	0.654399225417638
-1.02050867103886	0.404356899215527
-0.786222609065043	0.429085456879946
-0.303331355809436	0.139333346704099
-0.0606567194525384	0.0263886598485988
-0.605441271100967	0.290520234541977
-0.0880889872602434	0.051598352566816
0.346896155619258	0.194558552735824
-0.982028729756828	0.486593382066722
0.187343952737429	0.123038361437746
-0.0271483558028171	0.0172679323551276
0.0922770380443271	0.0630936980620509
-0.201601897745853	0.150694982113742
1.24568170581351	1.05547498852927
0.321690033365584	0.223231248179999
-0.0513081757086555	0.022428119842436
-0.142207514098902	0.0509041851864348
0.477789994784876	0.327645589546811
-0.787120279817968	0.429256340098202
-1.59408809621394	1.22477194513562
0.399580421539515	0.180952893176916
-0.569233651397149	0.41473254128417
-1.81909546969486	0.741894858619222
-0.512353993368551	0.193709985793353
-1.45578471800428	1.31090156627712
-1.21806784924933	0.920345727238979
-1.21963876226659	0.92214377044734
-1.44400835307947	1.29341807352507
-0.674857440218018	0.533871640562843
-0.874387090874842	0.804485603235797
0.76268263582275	0.751873997756394
0.664681512408647	0.47641618048079
-1.80646108041905	2.0834449911497
-0.615365351235932	0.547998855792619
-0.774416873186376	0.592033096703974
-1.71808725516941	1.447513349613
-2.43994482424765	2.39334145576402
-1.27795641856358	0.576376992350555
-1.81367378419037	0.73893109819281
-1.27116604563861	0.572193864598171
-3.3292034126641	3.34908059060409
0.0292328561141465	0.0161264470474814
-3.75875127852753	1.48993252551164
0.161809663243855	0.0483223326687324
-1.4884127200118	0.753203465824223
-0.793428394234682	0.526732718090964
-0.587260892010472	0.476140109011143
-0.666143750017521	0.466435753242182
0.333373768985917	0.203448159594024
0.609029825422012	0.319714020559403
-2.27842605503229	1.1508820194728
0.163575153413255	0.0794527605161307
-0.946889989913596	0.581362335769429
-0.300840945838107	0.138017313471569
0.165690756490165	0.0416910272978735
1.95791760701363	0.441280139896969
0.442131131223509	0.177719561783902
-1.23934098225982	1.15596812270815
-0.322648722290514	0.193555895805599
0.144662434916295	0.0556045154733575
0.15868166261938	0.0538850546392354
0.161796574367373	0.0866010540014533
0.0327496358180646	0.0179904534600115
-0.795274104488158	0.528175525117787
0.550861620621	0.320343770727793
-1.09216903013581	0.747922295176053
-0.979160981456488	0.485097389866449
1.04363128297175	0.39626638096639
-1.82677677412819	1.14795907154582
0.620373906939592	0.473329467302195
-0.236144739550473	0.118181766053048
-0.0983224214796094	0.0390200673389206
0.161796574367373	0.0866010540014533
-0.483888240247349	0.253530493103696
0.16014111548401	0.0543685528719876
-0.137617828979002	0.0493209249602082
0.156403408531497	0.0531349651823521
-0.514630991185235	0.194661861681357
0.669009496945769	0.212302346826553
0.164080879782733	0.0556355639673763
-0.344210615318698	0.0990368506115311
-0.776843412286169	0.338675791092099
-1.51395570496283	0.539857861420258
-0.479658898983094	0.251309020470923
-0.39036248239495	0.220682267394759
-0.156137076935788	0.0558201688496721
1.57954391882248	0.787716824587837
-0.220046200254686	0.0710211291721289
-0.598324197485545	0.286638731880525
0.151709443880736	0.051599453197034
0.161160830313228	0.0480959669008605
0.947560352748164	0.251716891447637
1.82989641162675	0.717636239108384
0.964204999882237	0.658020926539172
-0.727234996053761	0.249793021516634
0.152289864541204	0.0287035071443224
1.45514143110378	0.482646568994266
-4.00198333838944	1.73672681142965
0.947560352748164	0.251716891447637
0.151709443880736	0.051599453197034
-0.515054164370282	0.194749092138119
0.150251518108603	0.0511196116992592
-0.719194825953782	0.246846541949292
-3.45718548577975	1.23020251223423
-0.381321505989258	0.158511052986614
-1.022712746104	0.405179718951923
-1.48782321639958	0.752911105521393
-0.13420900638446	0.0758233721871062
-0.609070218903112	0.292648778966887
-0.678050107955274	0.537122134089767
-0.0170060599243732	0.00808191997686464
-0.38670608297446	0.160905952605778
1.5326449694643	1.31898978402024
-0.909325674732412	0.663936147268422
-1.48782321639958	0.752911105521393
1.12806303009993	1.02090884354132
0.793697772179568	0.477112492516799
-1.32375230726258	0.830803798418455
2.13518855262764	1.49656181413461
-0.717682103574582	0.246297668028488
0.151918171109466	0.0737653653826544
-0.32221938941615	0.193267524044396
-0.540937886496949	0.343491393287439
-0.914558436815343	0.668631431216596
0.178911263290398	0.104013215341403
-0.41199377554009	0.351293186647502
-0.0671261711961488	0.0407284178820419
-0.0691395398125151	0.0419777149933327
-0.3709958362279	0.34829271574449
0.442859581967075	0.339301277195545
0.0371970841005006	0.0204106960092396
-0.110265303272284	0.0762092996818804
-0.535435119210329	0.339390052395503
-1.4493640733946	1.30176417557104
-1.21898766040475	0.921231253793661
0.343970835851859	0.192838810656528
-0.348652886818302	0.100282707247232
-1.2769197949059	0.575301481655361
0.171223954094761	0.0508942550846916
-2.0631110853576	0.939205260748677
0.162400863971746	0.0409830958055786
0.161160830313228	0.0480959669008605
0.152289864541204	0.0287035071443224
2.75446121880292	0.769079402442662
0.83246828527252	0.351295484441392
0.829988921889609	0.350189547890131
-1.81709445137593	0.740609353997304
-1.0822670918144	0.738405276612426
-0.13230629122597	0.0746894317064044
1.45868047865843	0.484047550536175
0.163413249256128	0.0487677019311828
-0.144838095156044	0.051833757807262
-0.233473648021171	0.116816615641377
-0.53444237346808	0.338192532927659
-1.01670064962607	0.402447644882223
0.164876638180531	0.0632528495154905
-0.716074907122798	0.245725534591538
0.947560352748164	0.251716891447637
-0.628807341949763	0.15371861128279
1.82284235164019	0.714002514687227
-3.45538437102149	1.2298802093729
-2.57747759965585	0.66335545132302
-3.45538437102149	1.2298802093729
-1.13461598703551	0.343230613786831
-3.08606373064433	0.965887782759055
0.155806557342291	0.0466139175044204
0.162400863971746	0.0409830958055786
-0.631960666018702	0.15447017218279
0.369147683182607	0.187332411158236
0.670977551868057	0.213013404742869
-0.645567385131731	0.382625863122392
-0.0908607070955176	0.0532425177738911
-0.135861044175959	0.0487010047272875
-0.384389848268564	0.264701243663712
0.0462758064406334	0.0271397004667427
0.0100861072682581	0.00508797839981007
-0.304817557367601	0.140068535580747
-0.321276860730414	0.192504334053842
-1.08578818015311	0.741246217353789
-1.59091510941741	1.21969711176173
-0.235772575518406	0.117976349736522
0.0335182886259771	0.0184081295371013
-1.83076842259751	1.15101575005272
-0.124695407578398	0.0702352089551461
-2.23576576336644	1.88035769278828
-2.1040375073695	1.61016537546993
-0.45212636578454	0.300690714457285
-0.516726487620638	0.195487204534031
-0.134807876069576	0.0760931892489166
-1.97596877561514	1.37447996918267
-0.783478860899876	0.601271643775443
0.476918375380537	0.326747920849438
0.926425934414823	0.81041069111068
0.0143784780700518	0.00723241003385955
-0.52400959490214	0.434641385228059
-1.41268082044329	1.70365046246433
-0.784383563013178	0.427666757216568
-1.159302934071	0.648764680407758
-0.537530265403985	0.341036483082134
-0.343223291761604	0.0987971723984263
-0.980085600708626	0.485148521915881
-1.47919430383771	0.746880588483709
0.15626975600377	0.0292821097759299
0.153526628680235	0.0288819285189665
-1.14070599952463	0.345337330024218
-0.306997847881457	0.141105580585831
-0.627367542213354	0.153354696036073
0.168572240455815	0.0902949543345634
-1.01800776945425	0.403095119703069
0.457828226395027	0.184481006074359
0.161787544386438	0.0408470066516523
-0.725462519324565	0.249202983263282
0.702276680099364	0.329793897862916
-0.628807341949763	0.15371861128279
0.15626975600377	0.0292821097759299
-0.946412562731098	0.580963702674417
-0.217760293232053	0.141050958148429
0.157830822565027	0.0684885666679607
-4.22112494156955	1.98382698777317
-0.213639314943098	0.0690063709749365
0.693375148139196	0.325060428425533
0.39743817424851	0.179869013965184
-0.984765661870787	0.488199644312678
-1.08180902740693	0.737962920949816
-0.97488319956805	0.481856856064848
-0.389176867516154	0.162123247090893
1.45905685415805	0.484042330916112
0.94807088907188	0.251931335472786
0.829551599327177	0.349815196939695
-1.32550735618149	0.831653510457896
0.612998211287819	0.322281873363052
-0.49370985032354	0.259975554495212
0.403524695239033	0.182794477072064
1.77562404363921	1.39249919649272
-1.26948218769022	0.571244736976075
-2.46991558568821	1.3764711876751
-0.392587160668086	0.163528890065913
0.146864077936184	0.0499860506842873
-4.4004961000852	2.23559521571967
-0.979269080017141	0.4848926069164
-1.17245010116268	0.658641131291004
-0.600420197116524	0.287891011615717
0.155372593274282	0.0528040448022981
-0.390031594989145	0.1624720218561
-0.342890259454196	0.098642118615141
0.165594211957363	0.0493598676029419
-0.302314710826378	0.138894604193084
-0.147668894003962	0.0528350865223225
-0.392409463208485	0.222111021947403
-0.343877386805142	0.0989458655028747
0.16707117146508	0.0420080923591852
0.948535538575274	0.252058145640786
0.533792789739045	0.192056407531968
-0.758892586095015	0.329498751771327
0.907964956842255	0.491402984013685
-0.778861304630493	0.339633638362842
-0.725197552734606	0.249186509576262
-1.67013228407951	0.942666955665424
0.604392708254286	0.316936299781926
-0.967169984439739	0.477193860856973
-0.216730820199361	0.0699462135090824
-2.06531862965062	0.940618742098066
-0.0545783153502484	0.0238061517322269
0.151876172846442	0.0582912127370879
-0.607493528353946	0.291771988503294
-1.81092155243237	0.73740971841088
-1.13543440488342	0.343479590196383
-2.06401436108767	0.939809125258311
-1.04307427442402	1.08639818626746
0.00412915239124609	0.00218758242786649
-0.137529341235236	0.0777251825688695
0.320232647840603	0.2090802500274
-0.492818013922598	0.448907638750706
0.175104298147452	0.114425037583628
-0.528133247428849	0.333593349212129
-0.672397870821672	0.531182403776613
-0.234809425524838	0.117511784034287
1.12041585347387	0.859480081694309
-0.777814321842962	0.594771226302077
-0.783789789304882	0.51744640029894
-1.22147920136153	0.924235228152502
-3.46005827230016	1.23260132520798
-0.23434947196903	0.11726057356225
-0.39344763955652	0.163974754883059
0.0250139294541248	0.0138302503829818
-0.148172462574771	0.113971495646715
0.178224824194923	0.110349895195756
-0.389371182878124	0.220248158520433
0.340310405397353	0.208147314012622
0.0832896940901243	0.0567267207193138
1.15423732954947	1.31575134823952
0.193209177214011	0.133409961994156
-1.09035825331709	0.746636745214074
0.592122877612125	0.47741132050023
1.26262420231388	0.881489553115247
0.155033518363628	0.0526840217885624
-0.53709538588282	0.340669552156705
-2.47180636301175	1.37771552796717
-1.02582176479153	0.40676668488424
-1.13948670365002	0.344942610687521
0.155986207086685	0.0292416787556187
0.153526628680235	0.0288819285189665
0.952312839774606	0.25302018984475
-0.337820262048895	0.0972724494375125
0.156004173205372	0.0530087596813196
-0.141845773618067	0.050752565243232
0.158074474787349	0.0472574922808909
-0.723858427247846	0.248624788373591
-0.604348696301278	0.290132953413609
0.702589406051372	0.330108714505391
0.162424476058477	0.0550903274876667
0.165704597093625	0.0417255219351786
-1.70867947537122	1.43348359033762
-1.13362027945245	0.342902172857624
0.925939988632166	0.809985419969103
0.16014111548401	0.0543685528719876
0.446163909138925	0.179453323158192
-1.16200249594718	0.650500570196503
1.95706969381346	0.441073865263096
0.166311360817904	0.0418484681801843
-1.79827400712943	0.382942964938875
3.26152925911013	1.12000457960558
3.26252567397545	1.12093560535381
0.947097253557627	0.251590606337117
-2.57775304544287	0.66318910114962
-2.577202278156	0.663064687208724
-0.720508771513364	0.247389608463745
0.947097253557627	0.251590606337117
0.552720617352351	0.32181583848634
-0.30716315117274	0.141190653203614
0.144719335466592	0.0627800565010028
0.153559991785702	0.0589086429778871
-0.334479150966836	0.237695221711457
-0.775390399012476	0.835215359812084
-0.0494014044291862	0.0358464005351954
0.718538105562588	0.727862488742089
-0.149117975759564	0.101594974381553
0.155830846953325	0.0756720249396255
-0.983822726595842	1.16217806286085
-0.78493399479242	0.602767145050161
0.15799685103168	0.0686303973754487
-0.392150829725683	0.221718744570292
-0.302012171776503	0.138585388468235
-0.787565828943259	0.429930479599503
-0.301305737942693	0.265903988384846
0.0335888526409069	0.0184470300385145
0.184369277245294	0.114416763877315
0.342513856750161	0.191691243363953
-0.663881343440485	0.464301293953763
-0.223539657513658	0.145057077255524
-0.454362233603059	0.302431504225209
-0.0157491960503382	0.00752171434193213
-0.898099162171404	0.749902147029593
-0.259871486309216	0.162421264457594
0.85606150208019	0.7832130341766
0.396620217869713	0.179198519533086
0.453383499244716	0.182498952413016
-2.577202278156	0.663064687208724
-3.14649290747359	2.75642994691828
-1.26969626205909	0.571521770859234
-0.625500335572602	0.152962089117453
-2.58120409692147	0.664991486920107
-1.51330481624892	0.539630991333106
-0.62503342749082	0.152907838403333
-1.79835097978106	0.382953978270685
-0.637572077543607	0.155739174733076
-2.57747759965585	0.66335545132302
0.692146891506566	0.324338706437818
-3.08255415585823	0.963691003677911
-3.46415436717455	1.23421047369696
-0.729405770985252	0.250565940738141
0.153247518839476	0.0288421886814327
1.95791760701363	0.441280139896969
0.148503149870495	0.0281892610504199
1.33172308463725	0.583465642802096
-0.388197675575098	0.161522746371051
0.616653060362893	0.324337514555528
0.170597157616308	0.0428000407476464
0.162400863971746	0.0409830958055786
-1.01896064431893	0.403433301964411
-0.604096834414727	0.28983366111868
0.166528409127177	0.0496297620210776
-2.63690494977973	1.61912556404931
1.82513230176872	0.715356894962213
-2.57747759965585	0.66335545132302
-0.633409029549556	0.154789771896201
0.947560352748164	0.251716891447637
0.152567656731362	0.0287430408348264
-0.141892368597528	0.0508084491333731
-0.131481325440761	0.074219817563276
0.446983181120893	0.179814814572325
1.57452426054494	0.784241367001647
-0.387682831180854	0.218954831882108
-0.299012412106593	0.137188243727459
-0.477444191721682	0.249909960671962
0.740767453763199	0.620239366980651
0.608023768428076	0.319085619873856
-0.726802235324399	0.249630182049429
1.28581654640313	0.711646332636786
0.872255321909083	0.650360712433938
0.489645866411647	0.337436017281183
-1.27521506962447	0.574747266706149
-1.02986393971055	0.822407507369934
-1.82660309879366	1.66960984828963
-1.32424802476005	0.831231911296231
-0.944033896183673	0.578463552597327
0.181253560992183	0.112410485981825
2.75446121880292	0.769079402442662
0.402717622734649	0.182398172349761
-0.142207514098902	0.0509041851864348
-1.21646684545971	0.917596855048722
1.95706969381346	0.441073865263096
-3.08209765998152	0.963916510480773
1.82316587137561	0.714400972353312
1.45806698971783	0.483796340944708
0.674079709901257	0.214036050556618
-0.302654775386195	0.139077492237227
-2.90704558363776	2.14369288966068
0.155572557197279	0.052867342174464
-0.346493976209143	0.099688871662609
-0.343557529393447	0.098858556674811
0.156902974101571	0.0760461444489667
-0.390129115227146	0.162381960557114
-1.66986425951929	0.942784866962674
-1.32742580149652	0.833491255495219
-0.140811669734687	0.0504140485207937
-0.6469473773646	0.383659402745279
-1.32466036674019	0.830987640513035
-1.32282387186646	0.829283395942124
-0.0630531077601881	0.0274117827612952
-1.51395570496283	0.539857861420258
-0.981757219669221	0.486110858714444
-1.67642869717641	0.949529535036556
-0.423086220205787	0.324257623747577
0.716874577638262	0.473884648258251
-0.156481437332398	0.106935855351631
-0.063036902026828	0.0382312607435684
-0.257702870481278	0.210492054321076
0.80190276560695	0.640011271666234
-0.301654698061974	0.138588339768243
0.697273546754482	0.32704484516564
-0.278470620102424	0.201290500369683
-0.389916938249152	0.220360167416666
-0.786304842873843	0.604380143562256
-0.493286173788809	0.370594956369119
-0.0832653509378375	0.0506805458525821
-0.560294915531787	0.406567506868252
-0.32352528088299	0.193968415207467
-0.961652553231894	0.94274348901515
-0.645620754396641	0.383187358249268
-0.0659822172414808	0.0471615401153027
0.0691416948135047	0.0429615689641838
0.657266997067576	0.469644811899652
-3.7533685838982	1.48573241891736
0.824791885509457	0.347423104441754
-0.591192100924918	0.480307587339961
-0.0190373445537795	0.00899537164419913
-0.628807341949763	0.15371861128279
0.152567656731362	0.0287430408348264
0.152567656731362	0.0287430408348264
-0.628347365301396	0.153568930486371
0.165594211957363	0.0493598676029419
-1.27991532525882	0.577621762450699
-0.22091895241059	0.0712976783389501
-1.16217884973675	0.65115594648961
-1.27563663242186	0.574921211984683
-1.32594637078817	0.832518151848483
-0.515386124508146	0.195003549529837
-0.51684332092659	0.195590817716156
-1.13521969998424	0.343544374381215
0.153526628680235	0.0288819285189665
0.152567656731362	0.0287430408348264
-1.0302588136211	0.408717625056926
0.947097253557627	0.251590606337117
0.94807088907188	0.251931335472786
-0.632432130022522	0.154575713959717
-0.726132227916529	0.249449469641422
1.95791760701363	0.441280139896969
0.167198319746772	0.0498030771043432
0.00719265486886799	0.00366458309058795
-0.224723959062827	0.0725118722465567
-0.697773256312709	0.708534806929345
1.02142735842832	1.2271569778548
0.772369010870425	0.860151259381672
-0.0696340621284692	0.0422813242189306
-0.610665487745477	0.542527798145127
-0.488765837652948	0.366377304663419
-0.78150213410038	0.51652600492761
-0.987881063120921	0.884310445001371
-0.630138787221437	0.605978262826899
0.532671575835954	0.464445739599205
-0.695373710205305	0.659647791613085
-1.83249506082919	1.15464348735586
-0.540026847175836	0.342782077902844
0.326488646163072	0.213739713638358
0.187472569852181	0.134667878469645
-1.42443949753295	1.51202914293781
0.168024389644932	0.0900895685471594
-0.663852937973352	0.464061091154748
-0.115598209698373	0.080107010594237
-0.240206546293214	0.120363838326005
-0.219069611486791	0.141961775009258
-0.445130019065661	0.409497139852238
-0.37297392682701	0.291651604006235
-0.0924412377046606	0.0542018154761581
0.654865549620558	0.595242737476241
0.536938645245252	0.193260647952111
-2.577202278156	0.663064687208724
1.39698050963959	1.08591962175701
-0.342726271867257	0.0986497538337671
-4.0033072927183	1.73759879224949
0.153247518839476	0.0288421886814327
-0.342235478378113	0.0984932623692754
-0.627367542213354	0.153354696036073
-1.27991532525882	0.577621762450699
-1.15860003683574	0.647540210755094
-1.6734203480749	0.946729609493539
-0.975579610559487	0.482725444223462
-1.27563663242186	0.574921211984683
-2.28647931306166	1.15723680662813
-0.39252362011783	0.221952279510834
0.342507468618744	0.191706802412498
-0.520378896998308	0.197056706045625
0.826058603447256	0.34818473678636
2.75446121880292	0.769079402442662
1.0746915764096	0.521623564261811
2.1244504337776	0.953787688048285
0.454204940217567	0.182916641096981
0.166528409127177	0.0496297620210776
1.45806698971783	0.483796340944708
-1.79827400712943	0.382942964938875
-1.79827400712943	0.382942964938875
-1.79827400712943	0.382942964938875
0.163413249256128	0.0487677019311828
-1.02116299616938	0.404658802027825
0.450145859423865	0.181236132023085
-0.29851088456123	0.136952888904944
-0.143396196869431	0.0513133943799015
-0.262737634647625	0.164296947123357
-1.2715791538244	0.57266346760598
0.393504318001377	0.177971168037712
-0.638511210533744	0.377751153543128
-0.532196515446357	0.33684116570319
-0.599877829682558	0.287247000491255
-1.43879758275275	1.28569524855043
0.151004764574749	0.065507375317003
0.692706313758896	0.324548886185787
-1.08946000100677	0.745367000061962
0.161811052555999	0.0702512648495853
-0.481168019756413	0.252367882370191
-0.38939149497079	0.219850533534475
-0.301678461212311	0.138432195605279
-1.13521969998424	0.343544374381215
0.898202031084857	0.484297437552107
0.452086522919451	0.181964226074587
-0.977080349739429	0.482891430276492
-0.627829060935039	0.153504607197422
1.95791760701363	0.441280139896969
0.149464413960118	0.0283283450696208
0.670977551868057	0.213013404742869
-0.627829060935039	0.153504607197422
-0.0397312375612003	0.0175424365993714
-1.71785270316545	1.44519429614817
-0.232661348963901	0.116432741444844
0.163675748818542	0.0488217197760315
0.515258573778224	0.329531007895081
0.0123757867220014	0.00621991283687316
-0.598005448186993	0.286151475176839
0.820931629228735	0.345711555488893
-0.0919769811670259	0.0365130808912025
-0.487728770104207	0.256418951191161
-1.54445860868565	1.49016692007933
0.158142875171474	0.0767648905417134
-1.32565918931691	0.831596766595833
-0.784669961815157	0.518360536861464
-0.237066129277995	0.118661760968402
-0.763493068016229	0.33177675339701
-0.726132227916529	0.249449469641422
-0.951627479832358	0.585258078169258
-1.15596353376808	0.645635797756978
-2.22905075934398	1.86799819054403
-0.977503216448924	0.483784982491062
-2.06531862965062	0.940618742098066
-1.08490976301384	0.740399431365109
-0.136680094434177	0.0772150175645956
0.963981726616256	1.18155446996403
0.0362392289793901	0.0263997464277005
0.697906705707373	0.612775621275294
1.69168601119059	1.9725093510393
-1.21161373690254	0.912982183659387
-0.101431789689168	0.0402381925589159
0.438077320816118	0.335047528149211
0.0530637025513972	0.0311501395643414
0.0521746092072371	0.0306083254606429
-0.666631371858988	0.466793839921545
0.19308387375672	0.133356077833328
-0.404216666827789	0.342897988869349
0.146897750192554	0.0637455022450174
-0.666203274287846	0.466344658073727
-0.759994282990373	0.330020252286012
0.665076092013553	0.211028905087732
-0.483132623427427	0.253118559230465
-0.950766124437318	0.585143565992688
-2.577202278156	0.663064687208724
-1.81367378419037	0.73893109819281
-3.45598446335482	1.23025555319821
0.165318598359952	0.0416114067368304
-0.786118923525928	0.428616616401926
-0.53280024892867	0.337056280125108
-2.11137968544856	1.61972567255462
0.169606362252511	0.0425824743634164
0.161415729852303	0.0407561524608698
-1.50131246206506	0.762300119363061
-0.756303831266702	0.32810791318383
0.167299398578488	0.0420768316112512
-0.216073906032278	0.0697456994821053
-2.577202278156	0.663064687208724
-0.514001914291837	0.194387375528581
-0.628347365301396	0.153568930486371
-0.608018938642171	0.292093772723965
-0.33490285001972	0.267184385763823
-0.223428992181279	0.184036372291488
-0.013143119056246	0.00845312040165224
-0.678874295842995	0.537966167548178
0.0910162685382858	0.0596292297733126
-0.776235032573788	0.725395105901195
0.857849690249933	0.784975447242089
-0.600740335564304	0.287548847602364
0.185324224171719	0.121584983539689
-0.0877747885053944	0.0349096890477682
-0.145446546348616	0.0989295583108105
-1.17495794404171	1.20408259798978
-0.266561488274894	0.167140056121392
-0.0961958516660323	0.0381720029501695
-0.0173577122508678	0.00824199820857526
0.487337770121956	0.335229855065
0.484995577459097	0.33351766553649
0.801789528022027	0.638996510779442
-0.199810222150381	0.149172068705196
-0.399302789425191	0.226580141883492
0.0335782338757877	0.0184432769966521
0.445938560849693	0.179281307043023
0.152567656731362	0.0287430408348264
-0.979565138712446	0.485108803116686
0.455845401130376	0.183645920619101
3.26352329858721	1.1213740078214
0.169606362252511	0.0425824743634164
0.166691919569473	0.0419536988970269
-0.346493976209143	0.099688871662609
-0.628347365301396	0.153568930486371
-0.974179406266658	0.481741597727701
-0.390943736994562	0.162719877466899
-1.79827400712943	0.382942964938875
-1.13482941234436	0.34340642829894
-2.57775304544287	0.66318910114962
-0.939496819861406	0.57519870626606
-0.330620152244511	0.19898558650079
-1.26948218769022	0.571244736976075
1.45575253921811	0.48289648887464
1.04035568333308	0.394789631977935
0.157462123376921	0.060446471737033
0.66999328440441	0.21269616854207
0.702589406051372	0.330108714505391
-0.0922429931852346	0.0366585321112953
-1.02687494958853	0.407298435966488
0.152289864541204	0.0287035071443224
-0.628807341949763	0.15371861128279
2.75349844687128	0.768381126605175
0.536938645245252	0.193260647952111
-0.596194437953867	0.285363373597128
-0.600740335564304	0.287548847602364
0.00638565178585788	0.00329235757184157
0.153512434429088	0.0666478442690645
0.803259481210517	0.640722916645439
0.552320090181102	0.321449300086733
1.35331103171543	1.43860392220499
0.906611840974421	0.490707455975855
-0.324048129852608	0.194510178062158
-0.979009073350107	0.484786914121384
0.365175945287126	0.184673606604109
-0.783414867585019	0.601390306857467
-0.447534907333771	0.297021164719999
0.349131653947537	0.195993263796732
0.156495498716282	0.0678921116124394
-0.138305314319821	0.0781459687745789
-0.447112069612286	0.296719197312186
-0.392080148539301	0.163323709397772
-3.08164138813046	0.963767470359232
-0.76149525509435	0.330739131941591
-1.2715791538244	0.57266346760598
-0.948720417011924	0.582634591571009
-1.79835097978106	0.382953978270685
-1.80197754639448	0.383903353697165
-0.629267545839357	0.153771215183604
-2.06685578335733	0.941486124189967
-0.779642927752992	0.423859449473136
-0.0570440860259364	0.0248617188663237
-0.77579684114729	0.421490221070773
-1.3375294071545	1.1073962722892
1.25481173851532	0.874194491242586
-0.933624296241407	0.570104589454082
-0.644767434382321	0.382153199125686
0.16700803132342	0.0893427337645442
-0.946889989913596	0.581362335769429
0.153177830051709	0.0665020105437734
-0.552971750547784	0.499641354765812
0.15551941191397	0.0754565893022232
-0.782258108648985	0.426109884852065
-0.778793784014296	0.666935136092333
-1.51494963266618	0.540305848955056
-1.1644016506159	0.652064398674265
-0.516096514132394	0.19525236723075
-0.305820815834773	0.140560121358743
-1.15994831418737	0.648194729337701
0.0759242697999771	0.0472230742192796
-0.391981590006019	0.22188456444171
0.367089959168819	0.343351208363017
-0.659846344018685	0.461109504985108
0.0242898599918766	0.013458796517021
0.555732490677334	0.324158116223017
0.664361222623022	0.476512499866469
0.731168385940287	0.486544188850218
-0.570639572300175	0.415694843952486
0.554927160306566	0.323517610717945
-0.307939900276645	0.141589518958848
-0.094328932045883	0.0374336509923515
-0.0218391027858842	0.0102897683093741
-0.286454557123578	0.230392737435165
-1.09631439996697	1.05833085949916
0.0604212019565682	0.0374941639662936
-0.377810369815501	0.296257069859995
-0.673211999450639	0.532418983242312
-0.980085600708626	0.485148521915881
0.165318598359952	0.0416114067368304
-0.7612546516549	0.330686409285545
-3.08209765998152	0.963916510480773
-1.79835097978106	0.382953978270685
-4.71016129519787	2.7952271107312
-1.4759720877914	1.03282773268415
-0.389264439668591	0.161953056740971
-0.628807341949763	0.15371861128279
-0.765175557038133	0.332787545954992
-0.218074030224809	0.0704026851228337
-2.06271117298683	0.93851397341819
-2.577202278156	0.663064687208724
-2.577202278156	0.663064687208724
-1.80197754639448	0.383903353697165
-0.628347365301396	0.153568930486371
-2.5814875372856	0.665060440379843
-1.2754256868914	0.575104153105112
-0.462616341200147	0.453017727427653
-0.100899370120437	0.0713752613652287
-0.777126673812312	0.72767999384868
-1.20277340581587	1.40114744310736
0.392661234707461	0.336202144464027
0.116713363431886	0.0837175437756152
-0.27780434395471	0.200812158250903
-1.05268202076836	1.10060237761212
-1.02760601830019	0.820014622014859
-0.304479157517064	0.139902024501374
-0.944925590794666	1.00111797173367
-0.425491917583595	0.32644087842792
0.182378053828198	0.119620267079424
1.66983948291182	1.58669051596547
-1.28574069788403	0.580604243566168
-0.632939126134277	0.15468454480873
-0.768352792297376	0.334422629290655
-0.612358406271079	0.544475017544769
-0.453091711803697	0.301505838263103
0.0552776861835769	0.0429822861707332
-0.0353359321950004	0.0220576230664097
-0.491799033935897	0.369212306372489
0.398477094909549	0.342280802784399
0.162479935061762	0.0485106492306684
2.75446121880292	0.769079402442662
-0.598064095837487	0.286307280535268
-1.02516675514668	0.406341127546224
-1.51429942551804	0.540079204882619
1.95706969381346	0.441073865263096
3.26352329858721	1.1213740078214
-0.6282908079904	0.153557595992093
0.673092310209553	0.213658316206257
-4.2149573643429	1.97917904519139
-1.27073685110928	0.571951256018346
-0.785618454774894	0.428249977273991
-0.782636603067347	0.599947462436924
0.454659855820964	0.183125643414665
0.166311360817904	0.0418484681801843
0.166311360817904	0.0418484681801843
0.369395698726736	0.187399034104052
-1.81472218726632	0.739418880999967
-0.150523307618293	0.0538466873307719
-0.233843705090568	0.116879473569754
0.161546088205671	0.0482379354240544
-0.628807341949763	0.15371861128279
-0.628347365301396	0.153568930486371
0.156096177497257	0.059919986762722
1.06825907710535	0.517342664077662
-0.0519662137270396	0.0227065229034338
0.155172296687638	0.0527212354131156
-0.0540971018971297	0.0236037103052549
-2.3376580822623	2.1253510478864
0.402162775898637	0.18205657906434
-0.323618584139568	0.194210313686082
1.77094132051714	1.38730817716587
1.04304768303814	0.395953390308167
0.668853544273527	0.480213527868913
0.166219229060969	0.0890759379770154
-0.10064968729674	0.0399126998409697
-0.133730398476816	0.0754568562179879
-0.679775668381882	0.538958002912809
-0.0949740463039167	0.0557041450560508
1.5438951695398	1.87507474722397
-0.9798255441896	0.485254683607556
-1.81674514608551	1.65492205754214
-0.265250291731999	0.166059509474076
-0.343877386805142	0.0989458655028747
0.94807088907188	0.251931335472786
-0.605151413489572	0.290368674227345
-0.214527945453891	0.0692825908233493
-0.395923164251638	0.224299399109504
-2.27780018619271	1.15033627466324
-0.767170384130397	0.333689367521823
0.554927160306566	0.323517610717945
0.670977551868057	0.213013404742869
0.150856780794037	0.0654562657304261
1.33542918143198	0.585518840032983
-1.15562716829162	0.646096969883814
0.158160912494813	0.0686419741601485
0.151314542815814	0.0580720899603209
-0.0663890060194098	0.0402727510358757
-0.184969095234493	0.0993453922343173
-0.395071670435589	0.164675396539339
0.960211468456607	0.653954419949103
-1.24473492827699	1.16443193727083
-0.534878020061835	0.338531898596065
-1.15982653105482	0.649040710229211
0.718719238141312	0.476302437203256
-1.51429942551804	0.540079204882619
0.0341020864259985	0.0187564408127783
-0.313535646755111	0.187517421282419
0.507176266448814	0.456422005693721
1.10838399798078	0.847363561634864
1.34761549167228	1.42882428289675
0.725600337098367	0.481731912986945
1.07283799847005	0.520200234598361
0.178045342260735	0.103521193254519
-0.0952036511103784	0.0377860520106031
0.00605753001240035	0.0031490240199969
0.162216055669742	0.0484111379512858
-0.230396557733212	0.115186504510009
-1.13903964256913	0.98870535984936
-0.374124131915526	0.292691217007601
0.175175790917764	0.101787957489731
0.189278319329186	0.130482112116346
-0.537965259938272	0.341379286760092
0.0788569158215936	0.0514603614329256
-1.13716139219265	0.985742470954068
0.61149516875226	0.321236175856035
-0.638417094014322	0.377388284276557
-1.51364953741781	0.539764698603452
1.58332337985807	0.789768237977525
-0.388451519352422	0.161616200765838
0.152567656731362	0.0287430408348264
-3.46005827230016	1.23260132520798
-1.67847924434965	0.951330062789115
-1.51364953741781	0.539764698603452
-1.79835097978106	0.382953978270685
-2.57747759965585	0.66335545132302
-2.78742820210047	1.88731926078338
-1.02469648429794	0.406260196260825
0.165097545701885	0.0415776969264477
0.167299398578488	0.0420768316112512
0.153247518839476	0.0288421886814327
-0.628347365301396	0.153568930486371
-0.34780711222598	0.100028606261835
-0.303978064264384	0.139651385817984
-0.0396548439704007	0.024732248900139
-0.219433965905945	0.14222709790617
-0.427619708855664	0.32831289619796
0.184693410479174	0.11469832234289
-0.295260574007166	0.238706882398283
-2.19702923726154	2.58708891056234
-0.610918018627436	0.542853295780348
-1.09305821367239	0.749052576889469
-0.32110139216545	0.226770996106171
0.0492250027337254	0.0288922710327255
-0.263429047303332	0.164823567916993
-0.779653551135156	0.788554146287144
-0.538602829217946	0.341589162399904
0.00745779925798013	0.00382038480346557
0.327271412659738	0.214166969962753
-0.489004559212719	0.257074064893616
0.805506871230217	0.643848863174617
1.82725871051587	0.716521694707993
0.160875819484411	0.0480497781693361
-0.348465736253515	0.100232718134072
-1.13521969998424	0.343544374381215
-0.148494010120486	0.0531167923480848
-0.516726487620638	0.195487204534031
-0.66991000492479	0.46968547007208
-1.34526880058035	1.34836681716525
0.964815627579985	0.957079866969507
-0.453616188588855	0.301899195226956
-0.78010677163686	0.668362203350784
1.11642952145238	1.00480250871064
1.87723627175999	2.47707776932009
-0.320883054081337	0.192509121813893
-1.02116299616938	0.404658802027825
2.75819631171964	0.770700477263471
-0.977897456948131	0.484018053401845
1.78253902415145	0.997120275096832
0.951331866170054	0.252756684317784
-1.79827400712943	0.382942964938875
-2.57775304544287	0.66318910114962
1.95791760701363	0.441280139896969
0.166084152255821	0.0418055330790301
-0.785618454774894	0.428249977273991
-0.214527945453891	0.0692825908233493
-1.02140349604103	0.40462053419898
-1.13521969998424	0.343544374381215
-2.2832694227321	1.15496174182842
-1.79835097978106	0.382953978270685
0.165187684093923	0.0492379178847392
1.95791760701363	0.441280139896969
-0.787919453369023	0.52217182250602
-0.39184649969236	0.221916181789385
-0.604385963324169	0.28993546473718
1.45476541507032	0.482531337515686
-1.5126542472202	0.539316353407404
2.5647987110764	1.42644953750461
0.454432327347969	0.183046639295393
-1.08670789413998	0.742094610538802
-4.00683273081589	1.74054559036978
-3.08559782341753	0.965445184573826
0.153247518839476	0.0288421886814327
0.152207512413174	0.0287281007494042
0.365281972936017	0.185034919544762
-0.978712787673042	0.484484813219758
0.154169004929053	0.0668513325863638
-0.297173019281657	0.136301929101247
0.612683767341109	0.321766847158027
-0.0210252898696655	0.0099243024878134
-0.269023082328586	0.16884602806751
-1.47944103315894	0.74694551607986
0.532722704176569	0.191651782960233
-0.392873220777312	0.222484756450171
0.702589406051372	0.330108714505391
-1.54624371729591	1.49341162961073
-0.915574090985689	0.670945563925834
-0.483470524065646	0.253809607022495
-0.0930720986797624	0.0369360906603901
0.365553569541729	0.184922254900027
-0.640255272835576	0.378659982590973
-0.318374058082163	0.190647158840851
-3.46127024205749	1.23274622772667
-0.342904767182509	0.0986489157334515
-0.296672235896868	0.136049250063878
-1.13521969998424	0.343544374381215
-1.51819793872521	0.541803713077291
0.665738591316948	0.211247784564273
1.45612824040965	0.482835979244752
-0.179919201902072	0.0964736327949112
0.405602568387873	0.183757972308716
-0.0144111725378792	0.00691170873906509
0.15566119641323	0.0528907668896057
-0.430269649593492	0.331034699615297
0.616477720422799	0.324215940666477
1.11259274613369	0.850962983500405
0.690784344235506	0.323574303862237
0.167279121372354	0.0896084602046796
-1.4736397140165	1.02996634899868
-0.391072734264642	0.221323422554253
-0.534844063159066	0.338455790937917
-0.219830527943583	0.0709760077984187
-1.55110445151182	1.50108846565391
-1.46600917869136	1.02069677225682
-1.83649217485578	1.158257512791
-0.330815336247261	0.263393159520799
-0.879266761555344	0.810682401141363
0.186721160862259	0.122696471226668
-0.708189017778738	0.768600090702815
-0.0291860804888596	0.0185820121674329
0.188455911229875	0.12990191830367
-0.234809425524838	0.117511784034287
-0.780188222778995	0.515205271815674
-0.450370947390897	0.299410474743043
-0.60830978690309	0.292177907487842
1.01762955494187	0.843210368221591
-1.31183444677629	0.819042463507635
-0.145891274941205	0.052200464910533
-0.0944152775936752	0.0374478151240738
-0.486565050064821	0.255503398290211
-1.81367378419037	0.73893109819281
-0.17864255057362	0.0958073305163285
-0.856053055597383	0.850495084221776
-0.770556622077133	0.775680143071607
-0.373857378901228	0.323480608063489
-0.997657022022776	0.895845915043925
-0.486851286992547	0.255888451806245
0.369199247203358	0.187071874175325
-1.02561763598538	0.817711800086696
0.160875819484411	0.0480497781693361
1.04253760976891	0.39550470335704
0.153807926197237	0.0590287956660926
-0.514208028381154	0.194408794277539
-1.13521969998424	0.343544374381215
-3.08209765998152	0.963916510480773
-1.79835097978106	0.382953978270685
-1.79827400712943	0.382942964938875
1.95706969381346	0.441073865263096
-1.79835097978106	0.382953978270685
0.167299398578488	0.0420768316112512
-3.76286277261367	1.49170098784756
-0.681644135152529	0.594304886974362
-1.04286321220307	1.08522340280689
-0.378572581556381	0.296818782291442
-0.465043999656241	0.391811489229467
-0.650548097809718	0.672207985107886
-1.09044031709243	1.28370390158147
-0.908705949033686	0.663782408217143
-0.412779983466311	0.351955749684928
-0.780035302840472	0.667614953362286
-0.217753464485384	0.140940379358875
-0.645057616742469	0.381682005158611
-0.534878020061835	0.338531898596065
-0.598932578888984	0.488373667822832
-1.45177649238315	1.30601590728471
-0.651437921450915	0.38696816757897
-0.94345819178011	0.577905170207753
0.030313595967242	0.0166441253371796
1.08967081779657	0.671714999908407
-1.33666341215964	1.10642151131752
-0.0544799652702283	0.0237648388470658
-0.637200294452451	0.376855568348207
-1.02116299616938	0.404658802027825
-1.5126542472202	0.539316353407404
-1.81776116330611	0.741198338740062
-0.212751382654507	0.068709601722853
-1.33855124418617	1.33739282956389
-0.764086062426498	0.332088631279259
-0.572387889780966	0.417617321712677
-0.911837987410852	0.666020523309404
0.324123344308366	0.225270976038109
-0.1408525321458	0.0955491184958574
-0.183535178187086	0.09852372837392
-0.973197388853962	0.959700254518146
-0.895928407844247	0.747764749182915
-0.32922374955482	0.233443839828711
1.95706969381346	0.441073865263096
-0.62503342749082	0.152907838403333
-0.512982221754869	0.19396359228403
-3.46415436717455	1.23421047369696
0.15626975600377	0.0292821097759299
-3.08164138813046	0.963767470359232
-3.46005827230016	1.23260132520798
0.67473928175237	0.214185038642858
-0.14078756650129	0.0504046952906822
-2.577202278156	0.663064687208724
-0.633409029549556	0.154789771896201
-1.79835097978106	0.382953978270685
-0.72013323546054	0.247288973526613
-0.624566751454544	0.152757086863399
-0.302154666650255	0.138838114292047
0.156339825571657	0.0678000451465347
0.690541517510646	0.323402966453841
0.155986207086685	0.0292416787556187
-1.51442679709979	0.540163579778039
-0.513167474897973	0.193986734282626
-2.6273208385104	1.60737617384273
0.535334953780092	0.192566688642047
-0.343223291761604	0.0987971723984263
-0.628807341949763	0.15371861128279
-3.08255415585823	0.963691003677911
0.148551241333892	0.0570670819556719
-0.646487262469838	0.383339995235504
1.62018812386254	1.13620211276609
0.159941194521509	0.0543013031904569
0.455618619966136	0.183493419950743
-2.01349418172619	2.10585387948307
-0.781759873720995	0.425807901275862
-0.65051929878206	0.386332783395096
-0.178497131470326	0.0956459312468161
-0.228548831168934	0.114139344716344
-0.298987924300072	0.13725275598413
0.158236523811813	0.0767328344983526
-0.608935395163909	0.540431516154538
0.324625805820627	0.212153774889035
0.969375633145935	0.663122456629383
2.65061586887868	2.71001941644256
-0.391627724997876	0.221353412295674
-1.48322009253632	0.749647504548096
-2.234441536469	1.87641505392745
-0.768944294866461	0.334721769210418
-1.51330481624892	0.539630991333106
-2.47272681848111	1.37928460069693
-0.484820138167528	0.254564251873345
-1.79835097978106	0.382953978270685
-1.82512255718063	0.744798078933371
0.951331866170054	0.252756684317784
0.154740770752363	0.0525923721877549
-0.245546488870035	0.123197261826248
-1.98556302982968	1.38761202612123
0.158323275965016	0.0473326847049123
-0.0200467295846553	0.00947095800798871
-1.08589832225544	0.742548321084379
-0.301814929701361	0.138667459163675
-0.605396024026527	0.290743889424045
0.398769864448762	0.180340970883948
-0.170703682621303	0.0912749869024915
-1.21499932625352	0.917629515843148
0.0475031534335533	0.0278852117843116
1.62764665902075	1.14442160572456
0.157658428458922	0.0684184485852274
0.552094808273761	0.321871607214484
-1.16094381630439	0.649840581986025
-0.785001276629764	0.519422753038505
-1.84122675050049	1.1625735801655
-1.67780181755507	0.950146881024304
-0.915086186212222	0.669758187266408
-0.444827359285524	0.409329670639646
-0.470846803695612	0.46362101393943
-0.0953003146752381	0.0673016825309191
0.080037764392834	0.0522640239447192
-0.0460297063236361	0.0201999494251457
0.0766203014409992	0.0499674329733297
1.44193638636569	1.81864061396853
-0.00152187674396563	0.000518476417118418
-0.477835113278591	0.250185265645699
-0.60621216250304	0.291076642028665
-0.645567385131731	0.382625863122392
-0.51849312861348	0.19623662262084
-0.13705174647732	0.077447265381808
-0.62841858763844	0.603696849385739
0.193209177214011	0.133409961994156
-0.096361757766342	0.0680780603467589
-1.13930359857657	0.989658917657064
-0.211208766015178	0.158701781569541
-0.260292445799647	0.162781292873943
-0.994333520325852	0.892456701860765
-0.627829060935039	0.153504607197422
-1.49198734375648	0.755491560687837
-0.141381032056214	0.0506159875060989
0.161546088205671	0.0482379354240544
-1.13543440488342	0.343479590196383
-1.79827400712943	0.382942964938875
-1.79835097978106	0.382953978270685
1.95706969381346	0.441073865263096
-3.08118534013847	0.963229045953577
-1.79827400712943	0.382942964938875
0.153526628680235	0.0288819285189665
0.152567656731362	0.0287430408348264
-0.0874912770546142	0.0347952584244155
-1.13948670365002	0.344942610687521
-1.07903054383483	1.46592234658502
-0.771475678741318	0.720277589785952
-0.674115524763562	0.533354892953401
-0.656562305235928	0.756598441523877
-1.4859607583994	1.88137266275489
-0.493234288367496	0.370681651156374
-0.254987470993922	0.159025515614323
-0.429165573528956	0.330008592664245
0.00235369729752424	0.00133803422638381
-0.126867363077787	0.0715086236805699
-0.566997905836026	0.412915853366512
-0.680329780636572	0.539892270825072
-1.9250585138553	1.88913011201359
-1.33501187098144	1.33266123475006
-0.566663438418295	0.412170246967265
-1.14313437565666	0.993874151243851
-1.7338290052283	2.26011881872269
-0.872657765412293	0.801561893815135
0.00947989032351547	0.00479010378256468
-0.89278285961325	0.743995858065119
-0.648751505867408	0.385158814511906
-0.520581729618906	0.197148689128052
0.532475077834663	0.191482542601689
-0.343557529393447	0.098858556674811
-0.6282908079904	0.153557595992093
-0.769173953164105	0.334972135741439
-0.395325910484107	0.164719249144553
-1.48003021054625	0.747396111649981
-1.51494963266618	0.540305848955056
-0.180877017823641	0.120462708685856
-0.483470524065646	0.253809607022495
0.494686154887231	0.341229172631609
0.0495997214149659	0.0290963262333457
-0.430667870040516	0.331381759948513
-1.55355278694462	2.05764150305616
-0.942828567857559	0.57843584556352
-0.492641051696278	0.369945109607355
0.16279676370566	0.0871172363327525
0.669009496945769	0.212302346826553
-1.51429942551804	0.540079204882619
-0.210914594903388	0.0681539957692087
-0.627829060935039	0.153504607197422
-1.51019343351841	0.538270963770231
0.670319945898335	0.212719010726886
0.534676685393129	0.192377474764699
-0.507568570343699	0.191764225174257
-3.08559782341753	0.965445184573826
-1.79835097978106	0.382953978270685
-1.14009620739235	0.345227889980206
-1.32550735618149	0.831653510457896
0.1725269955791	0.100201163644775
-0.514837284692919	0.194722873359673
1.95706969381346	0.441073865263096
2.75446121880292	0.769079402442662
0.168287851014599	0.0422797449011708
-2.46410804916141	1.37166465159636
-0.51567358163342	0.194987355076319
-0.219615570186308	0.0709016531943509
0.152289864541204	0.0287035071443224
0.164080879782733	0.0556355639673763
0.83246828527252	0.351295484441392
-1.81272640846626	0.738384406689963
-0.778596705623364	0.423706514313152
1.2765661654769	0.704014413564812
-0.945935263329385	0.580524015937921
-4.40961242230584	2.245392915323
-0.0535173983444607	0.0233523963182734
-0.0432407675034926	0.0269593326646766
-0.755475722687092	0.32771915876485
-0.175088920846123	0.0937610555267956
-1.08923905997981	1.04876394969233
-1.64012430116343	1.69014346057308
-0.872353918836857	0.801992775913877
-0.666050131654969	0.465811578420209
-0.654125400083416	0.389047721882518
-0.5335022359482	0.337411693953876
-1.79835097978106	0.382953978270685
0.948535538575274	0.252058145640786
0.670649872073233	0.212844236167521
1.57479077921744	0.784231980002317
-3.75530690635197	1.48758661786965
-0.600982761439057	0.287834878587552
-0.785001276629764	0.519422753038505
0.157367234435756	0.0762885258016154
-0.645147713670818	0.382385626122668
-0.238773860866374	0.119540694779014
-0.0930720986797624	0.0369360906603901
-0.444458255482432	0.294596145656827
1.11092311563333	0.848522236786354
-0.387943494377033	0.161375138349653
-0.392890645811615	0.163726265183229
0.454659855820964	0.183125643414665
-0.99412858370707	0.892181660301465
-0.453938616950441	0.302141382936335
0.155002495029819	0.0672192935567482
-1.27646921538747	0.575215791257776
0.717759004081675	0.474696933906852
0.167863067477896	0.0898843441620265
-0.646487262469838	0.383339995235504
-0.490502712917483	0.367760408044736
-0.142945627935273	0.109563800413745
-0.40534872464929	0.407017522154602
-0.284045504790991	0.206011759067568
-0.304817557367601	0.140068535580747
-1.26991066017344	0.571208027682803
-0.533670667990141	0.337679868923766
-1.03965337305744	0.834873127269272
-0.782448296806308	0.426306761539971
-1.13461598703551	0.343230613786831
-1.13482941234436	0.34340642829894
-1.52179970971038	0.543151894925928
-2.577202278156	0.663064687208724
-0.213407527517472	0.0689186426519193
-1.79835097978106	0.382953978270685
-0.628807341949763	0.15371861128279
0.15626718880573	0.0467163154553699
0.152567656731362	0.0287430408348264
-1.13948670365002	0.344942610687521
-0.215609075040396	0.0696016635663571
0.162479935061762	0.0485106492306684
-1.5137684225729	0.539722178307758
-1.79827400712943	0.382942964938875
0.167299398578488	0.0420768316112512
-1.79827400712943	0.382942964938875
-0.468173937713307	0.39511670598882
0.72613835712951	0.738587481160532
-0.177244316564704	0.117786740141709
0.160764296833873	0.0781221901252004
-0.600166078004423	0.287430036059165
-0.994181213586264	0.892117066230597
-0.886526989566862	0.736514297768811
0.476382653655612	0.326260451992821
0.376357986161696	0.191150293127588
-0.644313576735846	0.3821345241576
0.158160912494813	0.0686419741601485
-1.52246168976357	0.543554490442396
-0.720801185410545	0.247515042606667
-3.46005827230016	1.23260132520798
1.27632830926729	0.703662783830066
-0.305820815834773	0.140560121358743
-0.514239392321541	0.194394180748029
1.57643819685999	0.785371966119765
0.39296120024251	0.177499025060886
-0.535313777082943	0.338853683703746
-1.20764171121546	0.908498051832146
0.0367781281768157	0.0201821071206465
0.809104650108941	0.879028243590193
0.423996384706408	0.338543874515544
-0.410191323806735	0.382460134192974
-0.21677488845616	0.140324271177207
0.17964319673639	0.104448885499616
-0.183927804672702	0.122664161254044
-0.341581022610314	0.0983147602836231
-0.516933647184975	0.195517224842632
-1.52179970971038	0.543151894925928
-1.13582369620544	0.343734699942405
0.165704597093625	0.0417255219351786
-0.516933647184975	0.195517224842632
0.153526628680235	0.0288819285189665
-1.79827400712943	0.382942964938875
-3.08606373064433	0.965887782759055
-1.13642797594247	0.343807560451606
1.95706969381346	0.441073865263096
-0.783945377943211	0.427308566097898
-0.789586819636762	0.608074141375326
0.164924003228835	0.0491712866480455
-0.339133418750055	0.0976611246838527
2.75819631171964	0.770700477263471
-1.82378468046076	0.744291912513803
0.171721440197793	0.0920977022156164
-0.397835615695759	0.165973732684536
0.531842803938449	0.191317098366628
-0.516437065645576	0.195440542054734
0.509817495433061	0.325035764680512
-0.213639314943098	0.0690063709749365
0.156835118177656	0.0532837121933901
0.801032323558838	0.482945212732429
-0.302515588736306	0.138831168276516
-1.15860003683574	0.647540210755094
-0.429824437350917	0.330365019202975
-0.261546575745077	0.163634228114615
-0.947286546143686	0.581555084864628
-0.126981890751946	0.071564917836615
-0.877519602032246	0.808182410632287
0.16707117146508	0.0420080923591852
0.947560352748164	0.251716891447637
1.82480922054022	0.715302875396814
-1.13461598703551	0.343230613786831
0.168287851014599	0.0422797449011708
0.532908190209257	0.191706726261354
-2.06816075697255	0.942730672003646
0.691102097433656	0.323613794540089
-1.13618428497954	0.984518375217087
-1.27073685110928	0.571951256018346
-1.32450816375646	0.830791655943291
-0.217760293232053	0.141050958148429
0.409780771345321	0.185895107120902
-0.237898192898887	0.11909949802352
-0.511519041389722	0.193429014825003
-0.0930539441493821	0.0369718407357095
-0.0611357357480462	0.0266001338163123
1.77766238048599	0.993291563501666
-0.174625800119349	0.0935165830384777
-0.979565138712446	0.485108803116686
-0.764439347150145	0.332220800378231
-1.333740777053	1.10347780305238
-1.66529763717425	0.939418054250224
-0.94649204872455	0.581008107268785
-0.641594661239321	0.380000770670108
-0.182632692871252	0.0980227708246485
-4.00396970287742	1.73775772676385
-0.241757783565056	0.216616700757356
-0.141903861991072	0.0508279867588126
-1.02558641604596	0.406837006708145
-1.13461598703551	0.343230613786831
-1.1355628376793	0.343674610704711
0.152289864541204	0.0287035071443224
-1.81092155243237	0.73740971841088
-3.45538437102149	1.2298802093729
-1.79827400712943	0.382942964938875
-2.577202278156	0.663064687208724
-0.628807341949763	0.15371861128279
-0.343557529393447	0.098858556674811
-0.38038175732639	0.261416103904289
-2.57747759965585	0.66335545132302
-3.08118534013847	0.963229045953577
-1.80197754639448	0.383903353697165
-0.342904767182509	0.0986489157334515
-3.08606373064433	0.965887782759055
0.149464413960118	0.0283283450696208
-1.79827400712943	0.382942964938875
-0.631960666018702	0.15447017218279
-3.08559782341753	0.965445184573826
0.162400863971746	0.0409830958055786
-0.662220939777427	0.463298121157239
-1.024931295921	0.406505232933835
0.949511917528176	0.252227362219882
0.155986207086685	0.0292416787556187
-1.14009620739235	0.345227889980206
-0.3992013862061	0.166569889727475
-0.889354989017507	0.739276065141037
-1.14931842720795	1.00204179237945
0.424661309294689	0.339428078409897
0.322871934499034	0.210859684068198
0.0466501334763517	0.0273584799175671
1.25961190787416	1.0743374768634
-0.141974700101701	0.0508226116299135
-0.534006837248953	0.337834841026101
-0.0960668100652833	0.0678446427864333
0.0530733991680401	0.0311398206516844
-0.447589894432692	0.297269016106386
0.793303888272611	0.477251382046965
-0.481724584458429	0.252693433896997
3.26252567397545	1.12093560535381
-1.51429942551804	0.540079204882619
-0.390363481819215	0.220657768245096
0.67473928175237	0.214185038642858
0.162479935061762	0.0485106492306684
-0.474751151196873	0.248324151963244
-0.319961908391444	0.191892513427846
-0.182166208031182	0.0977510028511795
0.0545168524285702	0.0319620144771943
0.509777933301617	0.459359037985172
0.290859072779054	0.228538852724234
0.897240983840108	0.918250157058742
-0.542133799569812	0.486954911311925
-1.92725891834901	1.89350664724379
-0.322186532294677	0.193113269371046
-0.00784366171615184	0.00504569279004225
-1.83175149774425	1.15396201837961
-4.01171473128545	1.74351499930788
-0.722104754812606	0.247977448104565
-1.27479878011019	0.574686410185082
-1.13521969998424	0.343544374381215
0.168996227736906	0.0424334312831713
-0.629267545839357	0.153771215183604
-0.211147146065051	0.0682441817050335
-1.47944103315894	0.74694551607986
-1.15701559810226	0.646319720858381
0.666721180805514	0.21156384557497
0.15860122996506	0.0770351109459426
0.053168607605823	0.0311695570213716
-0.912541815213522	0.667675952635283
-2.5814875372856	0.665060440379843
0.948535538575274	0.252058145640786
-0.765765030793983	0.333085138267758
0.159311548972865	0.0540967488137483
0.164337848587198	0.0799215442080636
-0.479426911299153	0.251383955632356
-0.716742797527227	0.245951204867122
0.166307199190119	0.0418280240782314
0.153526628680235	0.0288819285189665
0.155772186343628	0.0529121216223452
0.451038007299901	0.181503296233176
-0.787120279817968	0.429256340098202
0.362212679704311	0.183201550375656
0.701787712435151	0.329614533565531
-0.782478838954926	0.425781425360571
-0.260289741893174	0.162702114913313
-2.77520750803597	1.86975765320845
-1.55427621084974	1.50625678695765
-0.77960657829083	0.667699550351704
-1.27010940171459	0.57162221968883
-1.81433874778204	0.739366153614294
-0.100775438154584	0.0592032975386245
0.165704597093625	0.0417255219351786
0.152289864541204	0.0287035071443224
-0.628807341949763	0.15371861128279
-1.1355628376793	0.343674610704711
0.669009496945769	0.212302346826553
0.0110847029513126	0.0055846210526322
-0.787808711164992	0.520852012810624
0.0330343232697765	0.0181212787622449
0.797507441355336	0.480144706249764
0.35118002940495	0.197099643275891
-0.942978693458888	0.577453009828153
-0.643308143281019	0.380689655918207
-0.785618454774894	0.428249977273991
-1.03635320805342	0.829727905574562
-0.319686111544567	0.191599411774703
0.726037609102108	0.482223826869004
0.345466528291997	0.193382903631222
0.799628382719832	0.637513410220956
-0.483318352119068	0.253364865978665
0.364802036999383	0.184706512939168
-0.304479157517064	0.139902024501374
1.09349847993855	0.674685686895385
-1.32048406051767	0.827743182470798
-1.80565522070143	2.08240204097223
-0.394817082850977	0.164570915301435
-0.275649680709676	0.19900742060281
-1.47073162500595	1.02590100506066
-0.449329978760742	0.298794046368393
-0.265046349486194	0.166096804618789
-0.971414747512708	0.479670940118914
-0.483864871791417	0.254008244158298
-0.400012064621403	0.166862303200415
-0.511519041389722	0.193429014825003
-0.0885852217584644	0.0352215356911798
-0.0491005347578184	0.0214966651238078
-1.332877430023	1.52516259911298
-0.484257837005498	0.254118764592297
-0.763493068016229	0.33177675339701
0.156478904710375	0.0468116239715086
-3.45598446335482	1.23025555319821
-3.08164138813046	0.963767470359232
0.152567656731362	0.0287430408348264
-0.483226370245021	0.253293375891541
-1.16118293051192	0.64994545589827
-0.637572077543607	0.155739174733076
-1.79827400712943	0.382942964938875
-0.627367542213354	0.153354696036073
-0.347480099168433	0.0999933239977275
0.152567656731362	0.0287430408348264
-0.730327515563939	0.2510045661779
0.902918942359538	0.488246718190177
0.530704307911526	0.190739888241726
2.75446121880292	0.769079402442662
-0.632939126134277	0.15468454480873
0.164083222967104	0.0489409806828746
-0.30515477418509	0.140206020457341
-0.971154032702967	0.479737216367389
-0.777146712956659	0.726695577828723
-0.364211018446703	0.313210961780308
-0.306158679366283	0.1407209567511
-0.493573502210145	0.370769515237947
-0.0514999275272235	0.0224943291000438
-0.0140518477902962	0.00674805953962364
0.00499339954441174	0.00264853878039135
-0.665226912916385	0.465606470529557
-1.17208656942419	1.19868788929421
-0.764439347150145	0.332220800378231
-2.46450368454554	1.37094225690051
-0.597227914140396	0.486793052864324
-0.232637489648392	0.116381248696168
0.350296010873151	0.196575155026489
0.719160971653547	0.476695923876758
0.700000373875591	0.328648154888862
-1.31566092108731	0.822032002074051
2.75349844687128	0.768381126605175
-0.758063676832772	0.329009339394468
0.144662434916295	0.0556045154733575
-0.0933195400837994	0.0370288533821089
0.349479750577743	0.196252528292451
0.46335059315076	0.337511997736543
-0.780464632629821	0.789519765590146
-0.946704845965832	0.581895567548482
0.310598438739333	0.2260134543038
1.09027043509239	1.28243975607502
-0.512146849346214	0.193682417019057
0.369098387830601	0.187038528267993
1.03794672314689	0.987742030767495
-0.788218285422077	0.522612899567768
-1.64916484941727	2.03911794629619
-0.537373266746778	0.340640172420881
-3.45598446335482	1.23025555319821
-0.627829060935039	0.153504607197422
-0.719194825953782	0.246846541949292
-1.27095128753598	0.572333958218654
-0.310375686104428	0.142919740788241
1.45806698971783	0.483796340944708
-0.628807341949763	0.15371861128279
-1.51330481624892	0.539630991333106
1.95791760701363	0.441280139896969
3.63887061794827	1.43264022652771
0.447323337496182	0.179882282417747
-1.97581746716991	1.37479558124171
-1.79827400712943	0.382942964938875
0.168287851014599	0.0422797449011708
-1.01961453275747	0.403780235295886
-0.444394725412601	0.294560158628707
-0.914794871838929	0.669826461311405
0.160875819484411	0.0480497781693361
1.04051558933761	0.395002404087772
-1.27293177363782	0.573562930226194
-0.171952976685521	0.0919810566573319
-0.230294180675571	0.115059384993307
-1.01896064431893	0.403433301964411
0.166307199190119	0.0418280240782314
-2.58120409692147	0.664991486920107
-0.632939126134277	0.15468454480873
-0.308597291321994	0.141960849150251
0.151876172846442	0.0582912127370879
-0.0201351168809393	0.00951814173750302
-0.0495797235249327	0.0217002812945495
-0.0883020860839491	0.0351141606720898
-0.0927896157019774	0.0368282351882246
-0.59882136533025	0.286684243260404
-0.176078749311726	0.0943638938177474
-0.764086062426498	0.332088631279259
-0.5337801024197	0.33804010297705
-0.476966918243429	0.249601460487772
-0.394312721403235	0.223079530788083
-0.386869895518601	0.218449364773776
-0.760423456978855	0.33019504269901
-1.1537999331584	0.644159819057477
-0.641172652649429	0.37972815726212
-0.610706007557122	0.293374267384215
-0.786911980184786	0.520202275197448
0.336997044674986	0.205793667906336
0.693507459163034	0.324971816101918
-0.784432395145642	0.427344218454854
-2.58120409692147	0.664991486920107
-1.66957479769705	0.942322072216441
-0.518919355163199	0.196412386801718
1.97158087887346	1.23709625500591
-0.220273125496108	0.0711077393958585
-0.627367542213354	0.153354696036073
-2.577202278156	0.663064687208724
0.677197674373577	0.214945829616813
1.62467393122295	1.14020010275994
2.41273371247722	2.06730275785161
-0.600694902373829	0.287702017295357
0.69789787174333	0.327236973011522
-1.13482941234436	0.34340642829894
-0.769535996603665	0.334986965517515
0.164346026904199	0.0490101668927593
0.158140112403217	0.0768021272435503
-1.51330481624892	0.539630991333106
0.824597524529586	0.347415264205767
0.826885083784757	0.348595039349664
-0.141613477265566	0.0506925453352637
0.452769680948612	0.182339853830579
0.148551241333892	0.0570670819556719
1.25492252721223	0.872845197223635
-0.214952210282499	0.0694159656881339
-2.469326803804	1.37607925477216
-3.46537741354921	1.23478996980869
-0.521210980107801	0.197392065778108
0.174698008372751	0.101359284433508
-0.673282721969615	0.472992629687154
-0.861017751616574	0.924256811166087
-0.460133360937528	0.307337219138319
-0.31681245184299	0.223233577750852
0.166632058161532	0.0892964474411695
-0.693562113508703	0.657524704849551
0.153679357488054	0.066721754390136
0.160349171679355	0.0779211825985361
-0.985686181295173	0.880767061542115
0.201796608270044	0.157182569951017
-0.590572800818283	0.479509518391944
-0.0668830031133481	0.0405811726889036
-0.301619431987881	0.29315619690508
-0.498614000912815	0.523924417969893
-0.150730574224383	0.116134050468661
0.0513172489385008	0.0300989940987401
-0.120452522989966	0.0836631034930524
-0.387682831180854	0.218954831882108
-0.225885823099809	0.112739035681947
-1.34061756071631	1.1127124961716
0.908495485689651	0.491815674425042
-0.512982221754869	0.19396359228403
-0.343557529393447	0.098858556674811
-0.301492771593625	0.138428746835782
-1.24193858959549	1.16065680345574
-0.919277446684714	0.674071603465175
-0.44649256126228	0.296498773610345
-2.10914788749864	1.61698074759317
-1.27814735219877	0.576163976913558
-1.21898766040475	0.921231253793661
-0.488464885186039	0.365719906385616
-0.506799872845721	0.383082930261064
-0.570546725399736	0.416188316301245
-0.791299811299983	0.525161644088258
1.10707553221783	0.844771797003909
-0.133371755045673	0.0753233695482638
-0.637957842319297	0.377013167061643
0.185981400790454	0.122126419530517
-0.773896121791938	0.981110971983736
-0.260546560123738	0.213178319765546
-0.130900675258179	0.114099863117602
-0.0643092108397591	0.0389841307778763
-1.4468690601345	1.2989988322666
-0.786349716455715	0.520466830763514
-0.480775363998486	0.252154903665401
-0.638041383193535	0.376998748781935
-0.054348882936243	0.0237231204974939
-0.122005813202358	0.0947959286541855
-0.783224098767035	0.517990219764631
-0.975579610559487	0.482725444223462
-0.0179873993714362	0.00853653089090534
-0.644644972253487	0.381550335640789
-0.0546503308644821	0.0238509755552916
0.159062227753961	0.0772621092380759
-0.0133252008533356	0.00855372255129958
-0.904283268133044	1.07740089589907
-0.494068571167019	0.371261687505272
-0.898575131825176	0.750283039303635
0.0513929241312175	0.0301678147515464
-2.62713298726355	2.92810714058483
0.0294117520781558	0.0161556461458492
-0.216368322663722	0.139962975538962
0.162244414904995	0.0787823381540107
0.722114218019319	0.478745130598189
-0.148494010120486	0.0531167923480848
-0.912318571650064	0.667356708153101
0.154813591090059	0.05261311136075
0.62852807983136	0.481273801045531
-0.389569741096937	0.162139446571965
-0.617718006800772	0.55075688923134
-0.60491353971316	0.290239302747195
-1.48865825415413	0.75378227668086
-0.783636106204286	0.672403257295064
-0.783474173271207	0.60109792881627
-0.566587993688349	0.412093842765837
-2.46306860145217	1.36969938171346
-1.13910410688242	0.344899734416028
-0.148261836724003	0.0530295378311601
-2.10778234824004	1.61647787762797
0.545028823013169	0.19617000601515
-0.541751413788303	0.486523008531858
-0.515260306744374	0.194916268075376
-0.322920893964813	0.193883423142641
0.342622216872459	0.191926691031206
-0.286375661597416	0.207936478794385
0.32246587772066	0.223956852552401
0.446389407735018	0.179556225692317
0.169884476269569	0.050532053807675
-1.31818565642599	0.824495007995575
-0.0943786079813776	0.0374943160194962
-0.0537825465256815	0.0234854498816434
-0.785478042445399	0.674701170455533
0.166087378658779	0.0888781672550907
0.963740855492133	0.657690038069609
0.871238517807277	0.648631406192411
-0.0967724017254902	0.0567943958419379
-0.603569776832878	0.289530217732636
0.162142918311415	0.0704021672449412
-0.786619531848294	0.42895206104501
0.446163909138925	0.179453323158192
0.334482996349332	0.204176123782513
-0.453091711803697	0.301505838263103
-0.763253894263622	0.331680843347779
-0.0166441211712553	0.00792862683540434
0.00880102221369734	0.00448051999272436
-0.766933204753768	0.333682664077871
-1.27032365700558	0.571955904152126
-0.220273125496108	0.0711077393958585
-0.51849312861348	0.19623662262084
-0.340124379015428	0.0979309335927298
-0.631960666018702	0.15447017218279
-2.27882582100941	1.15105579530687
-1.02181759550244	0.404915960039854
-0.214952210282499	0.0694159656881339
-0.632939126134277	0.15468454480873
0.169628986070269	0.0504635339197501
-1.81500400399229	0.739710597985082
-0.772979690482244	0.336808586975775
-0.0950988082826764	0.0377373257675912
-0.628807341949763	0.15371861128279
0.169986302676761	0.0426507049603473
-2.06881364971599	0.9431380459589
-3.75595364234981	1.48774567650192
-1.51460691365039	0.539943633445175
-0.780143684274139	0.424206276231193
0.00831888932546103	0.00424238814661733
1.7705700593754	1.38724061620544
-0.383978908979991	0.264408901041416
0.167413502233504	0.0814687149671553
-0.344210615318698	0.0990368506115311
1.00635129666445	0.82961245120439
2.28047419716776	1.77278194686751
-0.344210615318698	0.0990368506115311
-0.719465582528739	0.247026553935257
-1.51200399758817	0.538851635748943
-0.343557529393447	0.098858556674811
0.833727561003761	0.351798728426686
1.82480922054022	0.715302875396814
1.82480922054022	0.715302875396814
1.82725871051587	0.716521694707993
-0.344864025255158	0.0991853144395914
-0.629267545839357	0.153771215183604
-0.601411920038621	0.288211084942193
-1.51885466658535	0.541921809220855
-0.628807341949763	0.15371861128279
0.162479935061762	0.0485106492306684
-0.44884097915337	0.298412999231227
0.312633145000866	0.215956527682417
-0.393765318604916	0.223028523355736
-0.317087014257511	0.189801120463778
-0.262013344262647	0.163990721148808
0.168134247980765	0.0900521305383625
-1.8340934501511	1.15566420049686
-1.60303348398661	1.23530989074846
-0.390383795253524	0.162477035260582
-0.482929015400634	0.253091539120567
1.06825907710535	0.517342664077662
0.00563521811271973	0.00292493723847922
0.342623883334244	0.191977863041559
-0.0548844849231969	0.023947471971824
-0.216366090754492	0.140048855655922
-0.278605088368787	0.249124633730875
-0.783029466711404	0.60145332518086
-0.092118819721051	0.064948970113455
0.736243154648308	0.615656577878728
0.174070901510137	0.113720302479616
0.94807088907188	0.251931335472786
-0.0558251048973952	0.0243318275719906
-0.726132227916529	0.249449469641422
-0.51684332092659	0.195590817716156
-2.28201927050571	1.15404576819802
-0.476878555474293	0.249525660499936
1.06338591920983	0.51456019585082
-0.094676270811553	0.0375816430941088
-0.645147713670818	0.382385626122668
-0.91851506307952	0.673411487397646
-0.491105932356509	0.36855560924874
-1.34309765875774	1.34500512886607
-0.783942030193989	0.60236554739898
0.00562720724934199	0.0029389843201671
-0.786619531848294	0.42895206104501
-0.177707685340842	0.0952075550871288
0.0267503519148059	0.0147448660474281
-1.51494963266618	0.540305848955056
0.155372593274282	0.0528040448022981
0.162479935061762	0.0485106492306684
-1.27689152139331	0.575694447284378
-0.143083504265613	0.0512551019499494
-0.0700701455726439	0.0425407635260521
-0.0941067654169633	0.0373762932959253
-0.759738441423939	0.330017864589664
-0.721072169669292	0.247553433626533
0.335147083531551	0.204664120493136
-0.76031308089941	0.330144921181328
-0.383069834900252	0.263750445278896
-0.0210678644023908	0.0134427561398931
-0.452463206241306	0.301195415138322
-0.5746675371068	0.558997851857603
0.0322581777359731	0.0176979377110515
-0.0579652837046718	0.0252560360664666
-0.786118923525928	0.428616616401926
-0.220262519812181	0.142756842086979
-0.597509459020859	0.286283554846259
-0.301678461212311	0.138432195605279
0.354295590515401	0.199341866712146
1.36252499437703	1.45281529493601
-0.642432359911243	0.38008348097778
-1.66930716426947	0.942523758016647
-1.4880683745391	0.753416408870872
-0.772390297871875	0.336530248145508
-0.602286938437855	0.288804911499511
-2.06254598841304	0.938291857603759
-0.389916938249152	0.220360167416666
-0.0438283045081133	0.0192647527167068
-0.117624739927275	0.0816042287485616
0.345466528291997	0.193382903631222
-1.31852379250002	0.824489403606684
-0.325824053446426	0.195749699018839
0.00727967327817617	0.0037110807571746
-0.182223890838895	0.0977766842211257
-0.532331284759907	0.33674266020988
1.24958147184506	1.232125744856
-0.641971526771337	0.379752646396669
-0.0938844786016753	0.0372437459496391
0.611518381303426	0.320858452594678
-0.144496554164053	0.0517417060723547
-0.479268524893574	0.251065664790282
0.165188255463637	0.0883689075901263
-0.493637195256245	0.259886204803583
0.185261638364845	0.115006745385678
-0.449405178409474	0.29875423654778
-1.71542731334164	1.44405781823601
-0.942903684942909	0.578247782846743
-1.14439212025525	0.346557657739731
-1.51395570496283	0.539857861420258
-2.07517288476513	0.94670504761011
-1.16772404165933	0.655051201939417
-0.783600779144361	0.427046324198978
-0.980382180295135	0.485577017392583
0.155176286239454	0.0595351503150479
0.404766369449656	0.183328709818888
0.828531603525907	0.349434554924782
-0.215583462022983	0.0696521523969918
0.694361589019866	0.325227919419028
0.539363649466976	0.194072874121681
1.03958501510884	0.394462216304235
-0.131382966124857	0.0741543839385889
-0.144458223660973	0.0516627524354598
-0.97432550347234	0.481515569107355
0.152567656731362	0.0287430408348264
-0.342904767182509	0.0986489157334515
-0.343223291761604	0.0987971723984263
-2.1040375073695	1.61016537546993
0.798940726477435	0.480997148007563
0.451860015328675	0.181866942033698
-0.0537128791084214	0.0234387418021699
-0.641510811748366	0.379400138101878
0.401659332721684	0.181792173908564
-0.322591359239027	0.19344946880718
-0.646067024046375	0.383048034972947
-0.516012954828724	0.195311472335776
-1.13910410688242	0.344899734416028
0.452789098841775	0.182252095327819
0.610845495833632	0.320500667171872
0.347913338813116	0.195340681793396
2.3585702509138	1.18254995764164
-1.67587573594906	0.948951680898526
0.694923768942287	0.325653810863872
2.75722496636877	0.770257049482932
0.951841444348566	0.252891357699991
-1.02582176479153	0.40676668488424
2.7554263517449	0.769222911089782
-1.50888807540829	0.537491075612833
-0.627829060935039	0.153504607197422
-1.32416116198758	0.830585068969409
-0.721740116381346	0.247779502726497
-0.628807341949763	0.15371861128279
-0.343877386805142	0.0989458655028747
0.831444191290182	0.350763035812767
0.665738591316948	0.211247784564273
0.166691919569473	0.0419536988970269
-0.219615570186308	0.0709016531943509
-0.718527169744358	0.246584376429975
-1.59766604382822	1.23006796820763
-1.27689152139331	0.575694447284378
3.6429298839629	1.43447613792276
-0.519121480217459	0.196545928752658
0.155350410241596	0.0674594563442885
-2.06564147994187	0.941075674107423
-0.0535173983444607	0.0233523963182734
-1.82003859074053	0.742440609774219
-0.514837284692919	0.194722873359673
0.166311360817904	0.0418484681801843
-0.721740116381346	0.247779502726497
-0.338476676785739	0.0974822237690529
-0.975840546953884	0.483006975700918
-1.14070599952463	0.345337330024218
-0.625500335572602	0.152962089117453
-2.57747759965585	0.66335545132302
-3.08164138813046	0.963767470359232
-1.26823948357294	0.570585321421998
-0.384780920926598	0.160046262443722
-0.0652935403022286	0.0396179778752476
-0.26284919286294	0.164577975176157
-0.783778595069706	0.517666951078499
-1.15168120736102	1.75966620033299
-0.5366854565238	0.339818699303295
-2.10872977809446	1.61761840212171
-1.54299918074081	1.48602153621307
-0.0695443649120931	0.0422244839045118
-0.326046283127441	0.195926804883738
-0.0196924427267858	0.00931549049571706
-0.100360021894254	0.0589575064685027
-0.440521542850373	0.404120911749893
-0.621029448182227	0.554413994117646
0.42421600733356	0.338902015605153
-1.05536147160221	1.75259207518516
-0.31169772481065	0.317012532120142
0.310952580629278	0.226180218615735
0.201032954244786	0.145432950644499
0.316071484955861	0.230545024507236
-0.6229912370066	0.556884195676984
-0.781584104208354	0.599924532513385
-0.375301140202841	0.257329815344458
0.803222396609349	0.640683539604702
-0.486776473537787	0.25588967394822
0.166503953377541	0.0891125994887313
0.343855651430078	0.19252587058176
-0.586716817520452	0.475597662723385
-0.555630334857336	0.402069012083959
-0.565434925544373	0.411433151845561
-1.15773304733224	0.647613472330115
-0.379968508585741	0.261090422494435
-0.154069216008906	0.118873072634798
-0.0656976570249338	0.0398649610493632
0.145813878430059	0.0559846636972168
-0.145959052173896	0.0992301239779552
-0.0171414092446241	0.0109927173123661
-0.231165819827325	0.115499900122284
-1.15432470982264	0.644563501933851
-0.17951445055002	0.0963033520457623
0.159865598376685	0.0777316754427577
-3.14289133510779	2.74911105719707
0.157729248624373	0.0765610101086622
-0.167990045348392	0.111152691102264
-1.98130327064547	1.38157328801807
-0.180691933060027	0.0969749606223992
0.583495888046304	0.468539434753148
-0.175088920846123	0.0937610555267956
-0.375065807950634	0.257165869714569
0.0272350609300243	0.0150079994576846
0.764507915704865	0.848021102069836
0.166268184832491	0.096352114921446
-0.242695406255809	0.179229906299937
-0.234806838865782	0.117454625960569
-1.63719732439207	2.55216379391569
0.185575598880073	0.121846352883155
-0.141381032056214	0.0506159875060989
-0.644183228582257	0.381240409174265
-2.28349198332068	1.15520300935061
-1.53957466439427	1.48124351724761
-0.546061319371585	0.49166472974521
-0.764679257511663	0.332374029322147
-0.101250756895127	0.0594876145647226
-0.971709738497058	0.480076873670829
-0.0992087261237934	0.087691371187309
-0.215609075040396	0.0696016635663571
-0.344051246728784	0.0990141017009014
-0.218074030224809	0.0704026851228337
-0.339133418750055	0.0976611246838527
-0.497674879699227	0.374766523902696
-0.126558465098852	0.0713212429500621
0.0438464425873121	0.0320033217046226
-0.456217882515133	0.30407626087915
-0.693811074682813	0.608601966776371
0.657860775224186	0.598792068630575
-0.776149312473406	0.594004060449852
0.158881948449154	0.0539337610249189
1.9647371778833	1.22887711013227
-0.478312788084848	0.250494332240814
-0.483226370245021	0.253293375891541
-0.140219045929796	0.0502215736713448
0.143856894582748	0.0552974127488249
1.07409768274411	0.521250162005042
-1.13678833986081	0.344070782443639
-1.09348901864306	0.749571992097782
-0.567751821712148	0.413522193268398
-0.523839676496286	0.434289571338247
-0.46675641741093	0.393558712220507
-1.24696980637582	1.16688235857571
-1.21636515468873	0.918574327365289
1.03534823699913	0.983905279080609
-0.999042059784598	0.899195792778825
2.65559278724604	2.7180297758052
0.149358487897967	0.0573759536116166
-1.32535382907081	0.831028562322377
-0.9474152409512	0.581982150121339
-0.609311777759395	0.292954630628946
-0.648732109504705	0.385188739754787
-0.244091361632933	0.122497430783566
-0.391907778202739	0.16328129720424
-1.15860003683574	0.647540210755094
-0.138655054621038	0.0784105555739708
-1.47173830824918	1.02806324847913
-0.111773479053735	0.0773229951119779
-0.274849938738859	0.172861918247681
0.151861953480354	0.0658892683663642
1.0452306767165	0.396944800699935
-2.577202278156	0.663064687208724
3.26352329858721	1.1213740078214
0.535622204428391	0.192685925418963
-0.513796133056416	0.194260787339886
0.146396063501265	0.0635308297165229
0.175226633963054	0.10182001700823
-0.441095992475103	0.291997560002567
0.0326098331353047	0.0179160446669001
0.163521658013219	0.0794348340914224
-0.646526855161497	0.383340706209877
-0.325085849824432	0.195354746911645
-2.06905985477759	0.943332987473435
-0.391198465872628	0.162770996428456
-0.783446212436154	0.427005671548173
-0.45212636578454	0.300690714457285
-0.959944773088933	0.941177605749813
0.553889407374642	0.323169416341499
-0.387774906301557	0.161327610899125
0.16992586436851	0.091086504222877
-1.13642797594247	0.343807560451606
4.3882248741841	2.29069995492383
-1.26636163986412	0.56960819755595
1.82414885065892	0.714941399976917
0.453017086926378	0.182395940611143
1.95706969381346	0.441073865263096
-0.343223291761604	0.0987971723984263
-0.759722292109646	0.329804264269752
-0.21334870780939	0.0688882936971005
0.151314542815814	0.0580720899603209
-0.628347365301396	0.153568930486371
0.154740770752363	0.0525923721877549
0.165097545701885	0.0415776969264477
-3.45598446335482	1.23025555319821
1.57872157530349	0.787144638169878
-0.213639314943098	0.0690063709749365
-3.08255415585823	0.963691003677911
-1.51754153600569	0.541527764023226
-0.458485220393979	0.38476504151399
0.0919419016126256	0.0628519399195966
-1.32052478346702	0.826541658231979
-0.230435875919009	0.115228934580703
-0.0954546811948264	0.0560003686844593
-0.720801185410545	0.247515042606667
0.165097545701885	0.0415776969264477
-1.51853446946828	0.541976089171892
-0.719465582528739	0.247026553935257
-0.719465582528739	0.247026553935257
-1.79827400712943	0.382942964938875
-1.734491718965	1.90041930723226
-0.389023283120081	0.219826519466714
-0.907985724411273	0.662465389288725
-0.543786969168742	0.489016152639456
-0.772744490575366	0.721808870948232
-1.32515970915888	0.831330513702016
-0.174625800119349	0.0935165830384777
-0.236144739550473	0.118181766053048
-0.0252825188391263	0.0160991644880129
0.633797324412124	0.59909050730106
-0.13705174647732	0.077447265381808
-1.31968026665866	0.825485591960712
-0.0139749772923461	0.00669978908806297
-0.31422924849427	0.144708601441862
-0.570464566344118	0.416175442749015
-0.546868525831354	0.492605577559939
-0.666355706512728	0.467026751746423
-0.271532787877115	0.195637606242211
0.202252427948837	0.162796714828694
0.0604126219980678	0.0354844208257023
0.917047451828958	0.79903207104478
-1.34437578418099	1.54641678918408
0.0121199610827675	0.0061169381547055
0.153908053642944	0.0523049350424465
0.560472022607451	0.327898753348257
0.541205366526572	0.194788709077362
-0.387383277288574	0.161283999419387
-1.48061958401468	0.747791402904068
-0.143315353927409	0.0513295091165195
1.07223095415856	0.520286661325721
-0.72013323546054	0.247288973526613
-1.01580640404231	0.402039683595048
-0.213639314943098	0.0690063709749365
-1.67257660658609	0.945546318610549
-0.669692464479823	0.469748343577312
-1.15912761229326	0.647946866901507
0.908495485689651	0.491815674425042
-0.485607824560824	0.254798738809379
-0.139345758724871	0.0787503685360789
-0.69250492100412	0.60705076499691
-0.895005488826137	0.746701188916847
-0.322393864473514	0.227745648672359
-0.778463893787913	0.42331417860196
-1.27733268075425	0.576060634882267
-0.343223291761604	0.0987971723984263
0.67473928175237	0.214185038642858
-0.344210615318698	0.0990368506115311
-0.388368410915238	0.161731632311899
-0.976101141403147	0.482953123075632
-1.13461598703551	0.343230613786831
0.169628986070269	0.0504635339197501
0.903755370731644	0.488140001047742
1.28243787640181	0.708714963810476
-0.493234288367496	0.370681651156374
-1.16644802488109	0.654062086201651
-0.517267324903781	0.195820217382209
0.368917417668886	0.187129296059577
-0.93989077956987	0.575464321682231
-0.305622140371639	0.140500686391825
-0.241397671378066	0.178147251133167
-0.594095390236814	0.284120491505317
-1.51754153600569	0.541527764023226
-1.07430434012975	0.730469617951377
-0.211116179934791	0.13628789939163
-1.03701906555381	0.83180311799277
-0.891180450344158	0.741121511253222
-2.06441503007623	0.940014395257253
-1.16615169331653	0.653984760173552
-1.02181759550244	0.404915960039854
-1.27179409224048	0.572572110528683
-1.27116604563861	0.572193864598171
-1.67013228407951	0.942666955665424
-0.778235426632152	0.595309431661034
-0.662255205459587	0.4631817504178
-2.10939181252979	2.34929470532099
0.145221966428211	0.0629948110028192
-0.604809978252389	0.29026226933842
-0.889750447155018	0.74042777333711
0.163113419283259	0.0792269512446663
1.69309866174792	1.9749559043949
-0.020495988324213	0.00967683786201957
0.0329597065614946	0.0180731411454092
0.152512200631439	0.058591261045569
0.333805503182954	0.203747740837562
0.147991992981596	0.0568516227579697
-0.30716315117274	0.141190653203614
-1.51787907990257	0.541534829420545
-0.393865082659322	0.222805016321422
0.798742974716692	0.481078386324852
-1.46714603649295	1.0226354021876
-0.976260403903207	0.482632667431988
-1.02116299616938	0.404658802027825
-0.245972630383422	0.123412610377378
-1.03415274574484	0.827600804352004
-0.0922429931852346	0.0366585321112953
-1.01580640404231	0.402039683595048
-0.148494010120486	0.0531167923480848
3.63584691762689	1.43122630608999
0.171852591313684	0.0922644634047073
-0.379015086849918	0.157462032094396
-0.648751505867408	0.385158814511906
-1.0287603530091	0.821849995496738
-1.09616593823483	0.752241456321825
-2.63225110459543	1.61378363271414
-0.301654698061974	0.138588339768243
-1.32912522881638	0.835228598574687
-0.628807341949763	0.15371861128279
-0.480137233347981	0.251587647090165
-0.392290775949413	0.222201190761228
0.615145672474959	0.323232584375374
1.07305972081062	0.520625344193545
-0.483706325629852	0.253588652675229
0.151078767063253	0.0513922453176723
0.69473491261727	0.325935633795311
-1.22615707502534	0.929745635364938
-0.603280255033303	0.289377678994227
1.95706969381346	0.441073865263096
1.04077275699432	0.394975733217645
1.95706969381346	0.441073865263096
-0.719862779167192	0.247072455212921
-2.33887782186709	2.12961975166788
-0.763253894263622	0.331680843347779
-0.967723122127511	0.477531181349982
0.550815456149506	0.320939080940585
0.802172952724587	0.484379808261435
-0.486650843198932	0.255590005594999
0.718121322973123	0.474984902272999
0.354741625803757	0.19963390784046
0.982101433750973	0.674859493217584
1.82414885065892	0.714941399976917
-0.341581022610314	0.0983147602836231
-1.02647704913709	0.407098529252962
-0.638459610996122	0.377432548888694
1.08971877183592	0.670622458668706
1.24357965363461	1.37366178225213
0.0116901620554427	0.0059053701275899
0.39877334397608	0.18055727588805
-3.45598446335482	1.23025555319821
0.669009496945769	0.212302346826553
-1.51560015914977	0.540391239685252
2.3610676854754	1.18451651913819
-1.13617544316656	0.343960217515251
-0.629267545839357	0.153771215183604
-0.147076152891941	0.0526308419632966
-0.344864025255158	0.0991853144395914
-0.982323120743041	0.486814052060041
-0.724270980279016	0.248747351366331
0.155033518363628	0.0526840217885624
-0.624566751454544	0.152757086863399
-0.717014216380814	0.24607192548599
1.95706969381346	0.441073865263096
0.157402307591701	0.047080036463379
-1.27458834884304	0.574392686547494
-0.479180693997877	0.251015482517765
-2.0631110853576	0.939205260748677
-0.721072169669292	0.247553433626533
-1.02308669477862	0.405545669724936
-0.0970081236743832	0.0384843792732294
0.153526628680235	0.0288819285189665
0.539437051905481	0.194107581964573
0.606210584936848	0.317818336959666
0.14781315874971	0.0568141643153941
0.156654653991889	0.0601389991500927
-0.721178105137157	0.247635434110556
-1.02469648429794	0.406260196260825
-0.398391340164656	0.166232543938586
0.369328085084415	0.345952369942794
-0.214952210282499	0.0694159656881339
-0.342235478378113	0.0984932623692754
-0.389469565716189	0.220123777759824
0.176856306819176	0.109442577125187
0.154594298900301	0.0749843544752899
0.159014140561815	0.0772478358344828
-0.780797168890544	0.424516807877029
0.396949474176972	0.340655483057759
0.0957278438835225	0.0655464974105671
-0.408431987349225	0.380357353712969
-0.39339777170552	0.163865416505769
-1.32466036674019	0.830987640513035
1.49562417811316	1.51975614379535
1.12339667862066	0.863401820960628
-1.08671572850601	1.48259215494143
0.260393658372061	0.266254794480957
0.410417202958028	0.340455484393863
-0.973658735487136	1.21985319214356
0.554408793719884	0.464804193575182
-0.138064615904616	0.108262681646188
-0.36065039072724	0.361245543919942
-0.50299384752016	0.61353485132383
-0.0329364843577122	0.020562030459183
-0.843048926706873	0.957677786066886
0.366853811962192	0.332197022927773
0.346320436881079	0.348304100122075
0.599338311232192	0.581555490522803
-0.892768073976065	1.12073767385307
-0.962981655984006	0.945572794482579
-0.0427033353879445	0.0266138327332845
-1.53712613700225	1.47945956569357
0.695292469624545	0.326245317467072
0.661054077799459	0.473430184636827
0.338353074414878	0.347116739344989
-0.0593145602609258	0.025825067964846
-0.776734666351001	0.727150337749737
-0.514660716463239	0.474312518111376
-0.57299366696439	0.418448505777631
-0.638000523122883	0.377103644064757
-0.946889989913596	0.581362335769429
0.188750472391635	0.130072608660984
-0.178376307153384	0.118654650783169
-0.13426846108063	0.0758386636903205
-0.23916525487491	0.176247051376963
-0.520712428854611	0.431141376724346
-0.373753208569227	0.292378176031543
-0.308097499076156	0.141715220191164
-0.69671285832615	0.661553047392779
-0.786188135668302	0.67527032807974
-1.22766487068006	0.93179390357853
0.202293573667377	0.152159814181793
-0.547023452310966	0.49289709453133
0.123729623838061	0.097920541266503
0.20600812451094	0.176257426343067
-0.272932813174107	0.243262333821801
-0.175125109005116	0.133036942847379
-1.48890362539534	0.753622251788968
-1.81433874778204	0.739366153614294
-1.01645966379821	0.402385802038174
0.532722704176569	0.191651782960233
0.720404326389417	0.477779694922479
-0.835625387463725	0.945470219975455
-0.326164522964297	0.230919805129441
-0.515260306744374	0.194916268075376
-1.81472218726632	0.739418880999967
-1.67368748923854	0.946499862499213
-0.340124379015428	0.0979309335927298
0.527595422476327	0.189579415214825
-0.0555300739032137	0.024209907076146
-0.386404316735073	0.160785514924726
-4.00264517130229	1.73724766439162
-0.153362335182972	0.0548250673275956
0.144216561578704	0.0625579361856569
-0.0645888027173055	0.0391625645133127
-1.16381097988393	0.651876407604894
0.705216876511095	0.818148884947586
0.198503533329864	0.190514887050042
0.165122109666212	0.161372836044719
-0.130658199335469	0.0737361903279839
1.24773713162876	1.22912360059077
-0.179788496739761	0.136968483153741
-0.77930398214642	0.423837186958328
-0.784112457798566	0.51877199826867
0.907692434891209	0.491198743123056
-0.0952283019834769	0.0377481327430538
0.156326160781651	0.06788387440154
-0.595141853433546	0.284764285332577
0.533792789739045	0.192056407531968
1.04144562491045	0.395430985542635
0.158323275965016	0.0473326847049123
-0.138800921990177	0.0497365758407977
-0.783208481228915	0.51783296707192
-1.31634439938499	0.823249189136409
0.182624761835776	0.106441352413082
-0.783136170633515	0.735262670260578
-0.0953635772266042	0.0673517950725912
-0.385423411990404	0.265590895770216
0.164320248851422	0.0880546136972319
-2.43779583477094	2.39092510597542
-0.951714016979783	0.585788150360353
-1.33325805973015	1.70106703575198
-0.118248585466244	0.0820323595080432
-0.198185767416238	0.147854168126452
-0.774164662427497	0.780418448244238
0.157212954461689	0.0603521678958182
1.34239564263967	0.58911629470159
-0.660945713022611	0.461730400976188
-0.371868209473386	0.29051102802688
0.303280210061327	0.219777809625318
0.214305401984528	0.184293912551965
-0.525741425635934	0.612152023476962
0.298041448346386	0.234941003952242
-0.725462519324565	0.249202983263282
-1.79835097978106	0.382953978270685
0.152207512413174	0.0287281007494042
1.33278572894675	0.584055913334951
-1.01931598374323	0.403524506815196
-0.148261836724003	0.0530295378311601
0.028427678212715	0.0207070793264564
0.286420285951001	0.23293585851914
1.08967081779657	0.671714999908407
1.78510447544976	0.999170872706422
-0.477612414031446	0.250138958759392
0.0339976481938497	0.0186702341694806
0.52856639849144	0.459878464946482
-0.491046540414999	0.551788556230386
0.308369406282496	0.23462481523136
0.0836641202790481	0.0694659249398888
-0.249794684303611	0.203023796013743
-4.2191738397475	1.98346126780949
-0.211147146065051	0.0682441817050335
0.308346391400379	0.22416533795824
0.677197674373577	0.214945829616813
-0.215356112182334	0.0695678163197417
0.154813591090059	0.05261311136075
1.04363128297175	0.39626638096639
0.153526628680235	0.0288819285189665
1.45514143110378	0.482646568994266
0.167679655711552	0.042156489933972
0.168287851014599	0.0422797449011708
-0.628347365301396	0.153568930486371
-0.342235478378113	0.0984932623692754
0.166311360817904	0.0418484681801843
-1.79835097978106	0.382953978270685
-0.76149525509435	0.330739131941591
-0.343223291761604	0.0987971723984263
0.948535538575274	0.252058145640786
0.152567656731362	0.0287430408348264
-2.577202278156	0.663064687208724
-0.725197552734606	0.249186509576262
-1.15543773075821	0.645231108777397
-0.285844979399791	0.20755701341705
4.56598915035021	2.57886469764075
0.675727856461394	0.214455585681223
1.33366773357379	1.57129317950729
-0.717461669150424	0.826584920191161
-0.209037381457523	0.156905404973966
0.0632819259647848	0.050682662926942
0.584428918827948	0.469523488589112
0.857790025697805	0.785193811664427
-0.719862779167192	0.247072455212921
-1.27293177363782	0.573562930226194
-0.38670608297446	0.160905952605778
-0.538132996164887	0.341253314728564
0.164924003228835	0.0491712866480455
-0.493984209216246	0.450411276504104
-0.315993543671403	0.189182540284855
-0.389477028876739	0.162240726592513
-0.650850676966606	0.386974199363612
-0.771212103525738	0.335819741918024
0.296569678387355	0.233831139875763
-1.71899803564372	1.44862848177249
2.11755227768938	0.949827655288359
-0.23610009869621	0.118131929418462
-0.383241131092063	0.159338612613641
-1.44652593886112	1.29865494226671
-0.393701773942777	0.164088841030077
-0.302181561046257	0.138668660985349
-0.170797510599163	0.0913486996913949
-0.218703089136223	0.141719290042641
0.177837546156639	0.110005892394057
0.936692035477045	1.36841662509344
-0.19950866003606	0.166196390099138
0.796028205901238	0.633525470424336
-0.261685817613198	0.16366761172836
0.182968419731187	0.113561799699303
0.406926755377937	0.337080990925013
-0.117905072546689	0.0818159927007623
-0.540925011614867	0.48552573992708
1.16851327223357	1.33988863835276
0.0335782338757877	0.0184432769966521
0.0265924941288359	0.0186875385807
-0.186485499540117	0.124487231064892
-0.310122750584667	0.142665117719073
-0.763071583398001	0.816510388300083
0.521445704562225	0.33397743865865
-0.663664140786128	0.464489475896973
1.25033274344693	0.869020650874247
0.689980758598187	0.323092638225825
0.812898656301548	0.884711491221302
-0.085208583783398	0.0598932421516349
-0.213957896373916	0.138306468617616
-0.681637927398783	0.540985334448225
-1.27396186256476	0.573975597113704
-0.672800891101934	0.531986496788876
-2.27757421421721	1.15023191568929
-1.54495154181029	1.49068599292528
-0.478476279669057	0.250797007281787
-0.44264692298943	0.293190435508472
-0.039941639840527	0.0254520153400348
-0.0709912043773637	0.0431105089632807
-1.46530743966031	1.02170304416172
-1.60166355373463	1.23400705516109
-0.0150355840055729	0.00966268657561844
-0.176693258379209	0.0946285860600437
-0.782084437373693	0.60021814623644
-0.386961690828915	0.16102677941318
-0.511519041389722	0.193429014825003
-0.39344763955652	0.163974754883059
0.488084984241529	0.452316342227142
-0.195495797511789	0.191562163158888
-0.232229952585674	0.11613629540645
-1.02778844283048	0.407562375330325
-4.00749658051746	1.74098643138457
-0.390363481819215	0.220657768245096
-1.13910410688242	0.344899734416028
-0.515260306744374	0.194916268075376
-0.137617828979002	0.0493209249602082
-0.215356112182334	0.0695678163197417
-3.75530690635197	1.48758661786965
-0.773960757393061	0.420206752950578
-0.484342440585466	0.254295160997527
-0.521210980107801	0.197392065778108
-0.391758974664462	0.16301409793579
-0.0528467524567695	0.0230692739919322
-0.891056006724149	0.741976852577771
0.12121166592891	0.0984133902530302
-0.0935907780045544	0.0748092359458711
-1.24610974013373	1.1665954418756
0.360002262306822	0.18189034020826
-0.0978622663292625	0.0691957312530617
-0.394513529856492	0.164426177322579
-0.394425920047143	0.16452744300679
-1.2716807533598	0.572793163347261
-2.46483772154109	1.37105046569162
1.78194011621281	0.996168906357753
1.03543214514454	0.39263444657528
0.350744664274075	0.196843850056051
0.169628986070269	0.0504635339197501
1.06848073867691	0.517570142270945
-1.46157388780486	1.01640839794134
-0.51567358163342	0.194987355076319
-0.529386247825318	0.440257790108558
-0.373651830051375	0.351168533118299
-1.46442909303143	1.02053125677196
-0.637582577181203	0.376691929442228
0.15243762427523	0.0585046911358224
-0.393772105815865	0.223023513064878
-1.46564208379341	1.02031337134213
-0.627367542213354	0.153354696036073
-1.48003021054625	0.747396111649981
-0.877519434141796	0.808641308719877
0.308358617263066	0.223975192812461
0.174867556969351	0.101656351473936
0.401656507922147	0.181929462547135
-2.06376292263444	0.939652168969582
0.0395120303837691	0.0216708181212339
-0.176950722580044	0.0948519582344506
0.0281537903962699	0.0155223297142274
-1.0116071922146	1.12828764603546
0.0530690905652048	0.0400924046954636
0.397577411624804	0.341348889504966
-0.979009073350107	0.484786914121384
1.95791760701363	0.441280139896969
1.95706969381346	0.441073865263096
0.152289864541204	0.0287035071443224
-1.09038405229404	0.747037312708994
-1.44280288128037	1.29179596721324
-0.862196584555026	0.860105670671689
-0.523075850161189	0.433588929428299
-0.482359109069084	0.252790140985755
-1.15965534184679	0.64831252031961
-0.228548831168934	0.114139344716344
0.159997793929881	0.069437739112977
0.162961456847816	0.079241913447202
-0.101250756895127	0.0594876145647226
0.331784085435923	0.217565723361878
-0.262928239283145	0.16461956433283
0.330683417990316	0.201652377165248
-0.778596705623364	0.423706514313152
0.361731215019452	0.182931802719534
-0.0917302405851672	0.036418796385065
1.03702441124382	0.393355390405294
0.529576794989163	0.190434980333926
1.04640087890442	0.397464840971431
-0.348465736253515	0.100232718134072
0.167299398578488	0.0420768316112512
-0.721072169669292	0.247553433626533
3.63988648920879	1.43371818867798
-0.725462519324565	0.249202983263282
0.162479935061762	0.0485106492306684
-1.13129699285405	0.342278739405472
-0.213407527517472	0.0689186426519193
0.164702884100979	0.0414746335821988
0.947707476517323	0.251863651931386
-2.57775304544287	0.66318910114962
-1.14070599952463	0.345337330024218
-0.520378896998308	0.197056706045625
1.33574672553373	0.585522147283433
-0.720508771513364	0.247389608463745
-0.265250393500162	0.166191556385146
-0.324050759287713	0.229178335885003
0.833098044319049	0.351613573098333
-0.516640021567978	0.195578035113981
-0.0395549600283673	0.0246549856069825
-0.554790931509966	0.50191903393343
0.654234185353098	0.696788974776369
-0.674635732455881	0.474082120118704
0.185996738144359	0.122140583337339
-1.01961453275747	0.403780235295886
-1.51919018322957	0.542251856895701
-0.213461183464072	0.138004294050779
-0.131608619057881	0.0742506997091342
-0.678874295842995	0.537966167548178
-0.665436752951332	0.465924899215747
1.111519614022	0.85089222295657
-0.0980656174714438	0.0388915532188351
-0.424269956923417	0.325255523497418
-0.0682093904761768	0.0413865443346932
-1.24534135699586	1.164341583754
0.00740330214808093	0.00384774034276253
0.0143549809482658	0.00719852873348554
0.0304427349428873	0.0167446152588991
0.328636018759462	0.200231375897426
0.166618284357482	0.09650659619442
-1.47268876039435	1.02916668145969
-0.565169434533112	0.411154726624821
-0.989222160995937	0.885144953025781
-1.24480317089491	1.1639642009386
-0.0913672738369157	0.0644071899143162
-0.770247760684862	0.656523946282952
-0.778698141059499	0.94168064906386
0.163119050029721	0.0707950980516197
-1.02469648429794	0.406260196260825
-0.49011697010213	0.367643597265005
0.454833185523141	0.330151744269157
0.158323275965016	0.0473326847049123
-2.28349198332068	1.15520300935061
2.75349844687128	0.768381126605175
-0.725197552734606	0.249186509576262
0.825425367366759	0.347866059057456
-0.215184417856504	0.0694920488130609
0.947560352748164	0.251716891447637
-2.577202278156	0.663064687208724
0.669665397318181	0.212450186666999
-4.00616917107184	1.73988655786059
-0.764086062426498	0.332088631279259
-1.48782321639958	0.752911105521393
0.963561704630021	0.658298952747263
0.801240937960982	0.482727179816275
1.26310470450979	0.881878319704755
-0.147076152891941	0.0526308419632966
-0.596194437953867	0.285363373597128
-0.485300058475584	0.25476173390108
-1.01329474531644	0.400735881072596
-0.721740116381346	0.247779502726497
-1.79827400712943	0.382942964938875
1.0423751179533	0.395795368074734
-1.79827400712943	0.382942964938875
-3.46127024205749	1.23274622772667
-0.213639314943098	0.0690063709749365
-0.720404519989633	0.247290988830991
-0.345833967465969	0.0994846900020102
-0.182473314266184	0.0979799158725511
-4.56798549426649	2.50894087129509
0.534451222825175	0.192245698269146
-0.444767862082013	0.29493143673336
-0.214527945453891	0.0692825908233493
-0.915703163029095	0.670398587105835
-0.383976337470874	0.264355428461189
1.77847462868568	0.994002148331385
-1.48061958401468	0.747791402904068
-0.872256599727402	0.801053841288719
-1.46381494425535	1.01815829527511
-1.1564894895206	0.645999644370316
-1.08988495806943	0.745844392822889
-0.679363386019192	0.538548544729627
-0.440720942057888	0.291656316912232
-0.980382180295135	0.485577017392583
-1.33315190022752	1.10258656182939
-0.785015523202022	0.519554857401945
-1.16831815691166	0.655202121260252
0.154813591090059	0.05261311136075
0.958952735830933	0.652645371681319
-0.0177985383832835	0.00842518420445738
0.515581986134085	0.329481962825548
-0.0930720986797624	0.0369360906603901
0.559315549092155	0.326653940422702
-0.794832805861402	0.434687557689099
0.166691919569473	0.0419536988970269
-0.298009498331406	0.136708670223186
-0.231635872710585	0.115700904003422
-0.214295623660532	0.0692156550779169
-0.476011425974185	0.249101101032753
-0.919666846061003	0.674597886021883
-2.10625530550855	1.61186088566753
0.912421876773352	0.494599465007198
-0.141974700101701	0.0508226116299135
-0.280206617860803	0.202900906770165
-0.569072704023846	0.414815512667103
-1.2098719786714	0.9107523343269
-0.0148581681863943	0.00711438926604207
-0.533664151753655	0.554613781755433
-0.391256920929822	0.22121685740211
-3.08209765998152	0.963916510480773
-0.767523934479266	0.334015614821553
-0.215184417856504	0.0694920488130609
-1.79827400712943	0.382942964938875
-0.628347365301396	0.153568930486371
-0.627367542213354	0.153354696036073
0.393213234553533	0.177650237664418
-0.207100075183038	0.0669655175359531
-0.377910857702909	0.156974714515161
0.668353267812949	0.212009001891351
1.09216758950391	0.673489342914159
-1.27689152139331	0.575694447284378
-0.395476446017133	0.224034237860577
0.154540296660048	0.0525165420882453
-1.022712746104	0.405179718951923
-0.233555556605414	0.116840929607979
0.15626975600377	0.0292821097759299
-0.0256669215822302	0.012030492900134
-1.82512255718063	0.744798078933371
3.93458270867333	1.7286866438442
0.610687739555343	0.320362855420129
-0.91566271813669	0.670505323426478
1.06442277135304	0.515192248147167
-2.06376292263444	0.939652168969582
-2.07101983697742	0.944136510769066
-1.13069021608626	0.34196481134975
0.153247518839476	0.0288421886814327
-2.57747759965585	0.66335545132302
0.695729012477645	0.326110198390156
0.557062350990195	0.325108346020431
0.15951165226116	0.0541568637053404
-1.31834027846981	0.824857098227141
0.908495485689651	0.491815674425042
-0.298343890309942	0.136842583214664
1.07906200272623	0.523864947649837
0.15799685103168	0.0686303973754487
0.158881948449154	0.0539337610249189
-1.27396186256476	0.573975597113704
-1.16141321674325	0.650031364430144
0.402969101187946	0.182490153188217
-0.627829060935039	0.153504607197422
1.61787884757294	1.13332196341729
-0.342569521377039	0.0986187132378211
-0.718527169744358	0.246584376429975
-0.386961690828915	0.16102677941318
-2.27694875940199	1.14968667309891
-1.02140349604103	0.40462053419898
-0.211147146065051	0.0682441817050335
-4.56915857115285	2.5097573153794
-0.143629596355123	0.0513929708746564
0.163696964389853	0.0876261967808764
-0.717682103574582	0.246297668028488
1.54642276666982	1.33797871630568
-1.1540936290432	0.644461565589996
0.697094473512955	0.326875033033671
-1.15854013244903	0.647236651202098
-0.510685030941215	0.193049519773074
0.444986554299739	0.341368583320591
0.166264119494978	0.049533131724672
-1.79835097978106	0.382953978270685
-0.207100075183038	0.0669655175359531
-0.980382180295135	0.485577017392583
1.07305972081062	0.520625344193545
-0.517267324903781	0.195820217382209
-1.05514656955661	1.31152990481455
-0.219525175085988	0.142253267100119
-0.409918605016009	0.349072678712362
-0.650204327675484	0.671514173285493
0.466551987772437	0.340607251270231
1.03497255367502	0.983248069365371
0.173849381503144	0.100966756670103
-0.131630706345902	0.074216411999634
0.0901882120472704	0.0615800127066764
-0.434619043201341	0.335075710003586
-0.602493633493294	0.492074407306588
0.512750720223472	0.462864646342568
-0.665715703077375	0.466018110823998
-0.134807876069576	0.0760931892489166
-0.538602829217946	0.341589162399904
-0.381696384978997	0.262610842581146
0.0164309209842977	0.0110532377191094
-0.284810709448764	0.206645063564425
-0.0400550299833213	0.024974596913752
-0.53618632079321	0.558042003876864
-0.361396578853372	0.310176784309149
-0.240605694700011	0.177387950495361
1.33214186253187	1.71822494149907
-0.774580727316388	0.661961398113163
-2.2335608565346	1.87733160245937
-0.237960806079302	0.119208959238633
-0.481644520264027	0.252693594467713
1.13365888853105	1.02955777058797
0.15318020451798	0.0458683668193207
0.675067592191977	0.214306398275368
-3.46005827230016	1.23260132520798
-0.717682103574582	0.246297668028488
-0.627829060935039	0.153504607197422
-0.629159511493121	0.153871316504896
-0.769429234812826	0.334966426290452
0.531842803938449	0.191317098366628
-0.143905854186937	0.0515385054799117
0.00247302454562885	0.00141130538486725
-0.675018107974621	0.533883360122942
-0.519952717504097	0.196880719935875
-0.644688234295486	0.382015944040838
-0.645567385131731	0.382625863122392
-0.785697218567122	0.604035743176938
-0.346820783252297	0.0997890928773071
-1.01896064431893	0.403433301964411
-1.51885466658535	0.541921809220855
-0.628807341949763	0.15371861128279
-2.57747759965585	0.66335545132302
-1.51442679709979	0.540163579778039
-3.08118534013847	0.963229045953577
1.45415502686182	0.482281800899209
-1.5126542472202	0.539316353407404
0.168625289925952	0.0423159379079356
-0.485053777777799	0.254339176991225
0.310361012038675	0.214186160002668
0.301701459788247	0.228809018577077
-0.0248884626540009	0.0116849837626195
-0.391907778202739	0.16328129720424
-0.274292572830857	0.197948694216538
-0.136202543187412	0.0769460307774198
-0.97432550347234	0.481515569107355
-0.452609570256788	0.301120087229757
-1.7223458607485	1.45365774386447
-0.14670740021949	0.112741086387918
0.181983794738738	0.105932838806601
-0.456650197057565	0.304056211479759
-0.775430647078507	0.725454931215659
0.750015591662221	0.734579067328182
0.16398311023751	0.0796660171202628
-0.781321084382283	0.732992973363549
1.14796427669337	1.30485562220142
0.318561834693922	0.220650606422716
-0.494068571167019	0.371261687505272
-0.779804419549096	0.424157606981819
-0.215184417856504	0.0694920488130609
0.173530750601275	0.0434258550533535
0.00681644828137117	0.00350312918641795
-1.40825038021836	1.69525673686193
-0.52889803638316	0.334097182660683
-0.992731951753181	0.890533023538048
-0.103459438822235	0.0608184874575759
-0.21764145703934	0.140885508705194
-0.781857035914726	0.670574394494885
-0.693811074682813	0.608601966776371
0.453383499244716	0.182498952413016
-2.577202278156	0.663064687208724
-0.791003466659963	0.524579442160165
-0.604096834414727	0.28983366111868
-0.391652608107764	0.163213264252746
-0.627829060935039	0.153504607197422
0.161410373272502	0.0481834890034794
-1.48890362539534	0.753622251788968
0.555732490677334	0.324158116223017
-0.30515477418509	0.140206020457341
-1.13521969998424	0.343544374381215
-0.627367542213354	0.153354696036073
0.145557500746089	0.0631580248095338
-1.83784401154696	1.15860569360579
-1.02219635119045	0.405138350348285
-1.02026869500549	0.40408181312214
0.667704246121117	0.211810251868054
-0.347154315531778	0.0998482429459119
-0.721072169669292	0.247553433626533
-0.144496554164053	0.0517417060723547
0.168126456300357	0.050048821022647
-0.48625644407589	0.255318665215192
0.513358974084145	0.328162365307686
-1.13642797594247	0.343807560451606
0.161787544386438	0.0408470066516523
0.15951165226116	0.0541568637053404
0.167003775177142	0.0811911035311813
-1.5967066555487	1.22570649381973
-0.0182556196482998	0.008652890089629
0.825231183436736	0.347733965292547
-1.46429175756629	1.01860340656727
1.62546345976575	1.14307775771344
1.27995480672453	0.706749878543998
-1.48346094893459	0.750219851443153
0.152374731249426	0.0584695703568115
0.157462123376921	0.060446471737033
-4.21852400687921	1.98286596020995
0.160764296833873	0.0781221901252004
-0.973507913250205	0.480853849153146
-0.0541715037671415	0.0236450313122112
-0.762422509833023	0.331150796142604
0.608846034542406	0.319052195385046
-0.392419156046927	0.222196656091508
-0.946014896062272	0.580648244340789
-0.143034785337113	0.0511857384265564
1.08985151898532	0.671056451731764
0.157830822565027	0.0684885666679607
-0.228594445358998	0.114132530694648
0.153358080820019	0.052122814995084
-1.51984622148121	0.542369599603978
1.09152781363413	0.672772755340209
-0.790388157279193	0.524467616373764
1.46790942357864	0.920489792523472
-1.13521969998424	0.343544374381215
-0.147436941924418	0.0527406562830086
-1.26761330153312	0.570312266968185
-0.395374998438391	0.164774264059393
0.948535538575274	0.252058145640786
1.45806698971783	0.483796340944708
0.942957371619669	0.25056334066046
-0.717014216380814	0.24607192548599
-1.26636163986412	0.56960819755595
-0.776675774331396	0.888989202141891
-0.323840046514806	0.19449152713607
0.695160541927753	0.609768415784731
-0.0709912043773637	0.0431105089632807
-0.570641467111394	0.416042622720429
-0.283235656107531	0.205429529817601
-0.536140655991052	0.339954217662084
-1.60075083421727	1.23270505027225
-0.127568999890308	0.0718677209392753
-1.48772331364364	0.752687949559051
-0.48043556215025	0.251599107605159
0.175226633963054	0.10182001700823
-0.795274104488158	0.528175525117787
-0.53472584583608	0.338814323781875
-0.102275574335641	0.0405359388713591
-1.82445347427367	0.744643935357567
0.150882619911791	0.0513268309948059
-0.181292314677335	0.0972714823782172
-0.947962260918271	0.582697710964174
1.95706969381346	0.441073865263096
-3.45538437102149	1.2298802093729
-3.7533685838982	1.48573241891736
0.166691919569473	0.0419536988970269
-0.724527840719668	0.248940035798255
0.531363846710871	0.191052145580113
-1.02558641604596	0.406837006708145
-0.762900274145912	0.331434318020362
0.456664413504253	0.183959946353038
-1.84017947465269	1.16169640230959
2.36437231321024	1.18704523773541
0.152686341340135	0.0586077786643544
-1.79827400712943	0.382942964938875
-1.79835097978106	0.382953978270685
-2.57775304544287	0.66318910114962
-2.577202278156	0.663064687208724
-0.978453179463435	0.484425320262514
-3.46005827230016	1.23260132520798
-2.22717719881624	1.8629701200824
-0.263429047303332	0.164823567916993
-0.0930720986797624	0.0369360906603901
0.943931183072951	0.250903413595175
-0.562858414256472	0.409094298148941
-0.947367544942486	0.581722693931633
0.160959126560197	0.0780850442024281
-0.572805684652312	0.417974712746847
0.332729609713885	0.202720941359647
-0.323618584139568	0.194210313686082
-0.172091894806597	0.11412266116669
-0.495337551565252	0.372434398453525
0.39945851576346	0.32947248271304
1.06775200623336	1.14097557541063
-0.321299119446075	0.226772878110324
-0.789481384333027	0.679087778438563
0.192018044614197	0.126451166195157
-0.512353993368551	0.193709985793353
1.96605368503532	1.2309368223386
3.26152925911013	1.12000457960558
1.82218336418314	0.713642276138783
-0.784026546653611	0.601894588844028
-1.66886539884427	0.943258245536759
-1.13362027945245	0.342902172857624
-1.82419092809931	0.744259102619234
-1.83099645033824	1.15210596250102
-2.22583713251851	1.86233711176119
-1.59295255840459	1.89332413273156
-1.24700017736461	1.16711769745024
-0.662454941643596	0.462708408017321
0.511706520219469	0.461667412565385
-0.574112193672766	0.419313965572872
0.534018135349711	0.192121771213656
0.167299398578488	0.0420768316112512
-1.27814735219877	0.576163976913558
-1.46457428662757	1.0191806874297
0.171207721440545	0.0429238305772998
-1.67023878434527	0.94417913162823
1.04455801006536	0.39678683304154
-0.0867826150986135	0.0345171655298546
0.153247518839476	0.0288421886814327
0.150251518108603	0.0511196116992592
-1.13849388307931	0.344614401149477
-1.81433874778204	0.739366153614294
1.04077275699432	0.394975733217645
-0.214295623660532	0.0692156550779169
1.95791760701363	0.441280139896969
-1.51330481624892	0.539630991333106
-2.57775304544287	0.66318910114962
-0.6451859594638	0.382382353459843
0.785964816767113	0.471368359130658
0.156403408531497	0.0531349651823521
-0.724527840719668	0.248940035798255
-2.46424781972447	1.3706950548044
0.153257263678492	0.0742863211398803
1.28187715105877	0.708598307729972
-0.49654560528087	0.26166865699555
-0.483706325629852	0.253588652675229
1.57954391882248	0.787716824587837
0.169947785588454	0.0910917566102655
1.46426218323308	0.917041318765298
-1.66792628810049	0.941150812679006
-0.598032129257148	0.487656796504982
-1.66846033956982	0.941441489488571
-1.02092313128645	0.404338747251237
0.151078767063253	0.0513922453176723
1.25272729822579	0.870571900325198
0.151078767063253	0.0513922453176723
0.451599683744291	0.181661025750198
0.155056915799237	0.0752237673253613
-0.0157515899784759	0.00752184429220787
-0.305481767081862	0.140370361298482
-0.398947236989961	0.166471939800779
-0.603280255033303	0.289377678994227
0.155913028388947	0.0598769087240587
-1.81405663489635	0.739163554129331
-0.482993361037167	0.253523060136524
0.161809663243855	0.0483223326687324
-1.13461598703551	0.343230613786831
-1.13948670365002	0.344942610687521
-1.13582369620544	0.343734699942405
0.694923768942287	0.325653810863872
-1.13362027945245	0.342902172857624
2.75446121880292	0.769079402442662
-0.721178105137157	0.247635434110556
0.67473928175237	0.214185038642858
-1.81360177862885	2.09940060311957
-0.780280850699466	0.514931888588107
-1.17707971003044	1.20765002233229
-1.46446085858401	1.01802567811349
-0.514208028381154	0.194408794277539
-0.181600361403459	0.0974817861940373
-0.225382597508313	0.072706732232085
-0.646539104261892	0.383717203275749
0.156288643580883	0.0530843864160785
-0.520366956282692	0.197043400416501
-1.16854627622222	0.655609646536074
-0.451274412729553	0.299824014612504
-0.975712078108557	0.482712587318754
-0.100006205880381	0.0587256429103842
-0.517894865013359	0.196022700641736
0.152263850250901	0.0456177891614735
1.04211818703896	0.395589048045566
1.07140162579618	0.519712724983571
-1.02026869500549	0.40408181312214
-0.342569521377039	0.0986187132378211
-3.09005031168239	0.967298189535081
-2.57775304544287	0.66318910114962
-1.79827400712943	0.382942964938875
1.82382554957858	0.714761900200066
2.36261162403163	1.18586946415106
-0.483387431718025	0.25370350523973
-0.514837284692919	0.194722873359673
-0.338812598915516	0.0975423827176717
-3.46066411507937	1.23287376992561
-0.338476676785739	0.0974822237690529
-0.629159511493121	0.153871316504896
1.04455801006536	0.39678683304154
-0.628347365301396	0.153568930486371
-0.340926891852112	0.0981051026466341
-3.45598446335482	1.23025555319821
-1.79827400712943	0.382942964938875
-1.79827400712943	0.382942964938875
-2.57747759965585	0.66335545132302
-2.28286660464987	1.15469324870339
0.949511917528176	0.252227362219882
-0.627367542213354	0.153354696036073
-0.721178105137157	0.247635434110556
0.161659103872863	0.0482281043856867
-0.68814273990524	0.601983880681256
-0.485824687226339	0.255271539047461
0.155372593274282	0.0528040448022981
-0.992783034201449	0.89092014938143
-0.394259341388564	0.164337716770981
1.64321580453408	2.12608292568294
-0.260551249558798	0.16294682467646
-1.21501783385838	0.917595258036852
-0.0472394162490467	0.0294548307813353
-0.279722797234627	0.202365481767615
-0.600239397638448	0.489705784269296
1.54565993011829	1.87890297575926
-1.9768160956281	1.37601064170697
0.180234919204215	0.104850005880525
-2.57747759965585	0.66335545132302
-0.517894865013359	0.196022700641736
0.170597157616308	0.0428000407476464
0.947097253557627	0.251590606337117
-0.720404519989633	0.247290988830991
-0.608544502129198	0.292385991772667
-0.600654917077171	0.288044191798673
-0.0911918396245154	0.036238848512569
-1.47228214970684	1.02879319846074
-0.77757532438347	0.665539833867545
-0.267461062146453	0.167706153847868
0.368718123843426	0.186808772994455
-1.50954059367664	0.537955828816566
0.148503149870495	0.0281892610504199
-0.717682103574582	0.246297668028488
2.75819631171964	0.770700477263471
0.152567656731362	0.0287430408348264
-0.628807341949763	0.15371861128279
0.947097253557627	0.251590606337117
0.16707117146508	0.0420080923591852
0.532063703387852	0.191352275495319
-0.220701982745366	0.0712623910786716
-1.79827400712943	0.382942964938875
-0.719465582528739	0.247026553935257
0.153526628680235	0.0288819285189665
0.153526628680235	0.0288819285189665
0.149358487897967	0.0573759536116166
-0.299347444066015	0.137340577512434
0.162742974316792	0.0485792905021731
0.148211965369417	0.0643391263936533
-0.764679257511663	0.332374029322147
-1.15965534184679	0.64831252031961
0.347704677489638	0.19479952993677
-0.0888295396954375	0.0353162708936696
-0.175525089489257	0.0940151617927707
-0.3889226342207	0.161993965051073
-1.15748656641907	0.646551425586653
0.900889315160942	0.486604124791445
0.462796760063316	0.337208519597942
0.967657014430984	0.661546581153582
0.623552793303089	0.47632060546183
-0.268324721598618	0.168260156404822
-0.0820306718052828	0.0326997499405407
-0.141974700101701	0.0508226116299135
-0.571399337265388	0.416675004691761
-1.59896932770637	1.23011930570839
-0.400653125751387	0.227413556043812
0.622767742788603	0.328108897684875
-0.564841328164191	0.410690607180635
-1.09417854675075	1.05524710923597
0.150353979836791	0.065230280679995
0.158967903817009	0.0771944779248193
-0.720404519989633	0.247290988830991
1.45769029797448	0.483533280097753
0.151706424698603	0.0582782084805056
0.15951165226116	0.0541568637053404
0.449846097769576	0.180981984312599
-0.628807341949763	0.15371861128279
0.162400863971746	0.0409830958055786
-0.624566751454544	0.152757086863399
-0.675355306374561	0.534312097207474
-0.0558251048973952	0.0243318275719906
0.162216055669742	0.0484111379512858
1.0746915764096	0.521623564261811
-0.15291293489791	0.0547013009994356
-0.265152505796429	0.166177356687317
-0.776299162419569	0.663945347952827
0.341332280387991	0.208983769301603
-0.53059862070971	0.522293195822011
-0.23702181945096	0.118645904673959
-0.427008819783533	0.327755829867017
0.509492321279362	0.324419777693306
-0.520991604825621	0.197343930777988
-0.915821391392462	0.671133235440103
0.456437869126106	0.183845773938832
0.163386406136861	0.0411852790230607
-0.718798226358807	0.246701955031967
-2.57747759965585	0.66335545132302
-1.13251140472747	0.342543902947619
-2.577202278156	0.663064687208724
-2.57747759965585	0.66335545132302
-0.72990744568965	0.250762320843378
-2.29268840426826	1.16162744239057
-1.81842816932896	0.741601322947527
-0.628807341949763	0.15371861128279
-0.143083504265613	0.0512551019499494
-1.02092313128645	0.404338747251237
0.528476382778789	0.189975415538032
0.94807088907188	0.251931335472786
-0.344051246728784	0.0990141017009014
2.75349844687128	0.768381126605175
-0.627367542213354	0.153354696036073
0.15626975600377	0.0292821097759299
-0.627829060935039	0.153504607197422
0.155986207086685	0.0292416787556187
0.165594211957363	0.0493598676029419
0.702032033854433	0.329769541484265
0.15626975600377	0.0292821097759299
-1.79835097978106	0.382953978270685
-1.79827400712943	0.382942964938875
-1.13948670365002	0.344942610687521
-2.0631110853576	0.939205260748677
-1.13482941234436	0.34340642829894
-0.659973448455972	0.46075261899036
0.0137643349315128	0.00690594473466992
-0.206992472392653	0.155195762917048
-0.21587888362288	0.13960154663187
-0.237298882526543	0.197037894015288
-0.0423415508237579	0.0263815765977689
-0.0484756043938998	0.030233510768973
-0.281536124795277	0.203995078617449
-0.13155702861029	0.0742255550135605
-0.318183520733092	0.190679301250061
0.0322595505343968	0.0177277634946553
-0.173699238845414	0.131851305976543
0.700506770024187	0.615638252705906
-0.37701143931975	0.295455715714796
0.0575416163256059	0.0337511455720775
1.10057670220366	0.680816560767483
-0.41426022137197	0.3536377760613
-0.484344189464493	0.254129215849487
0.401900962934568	0.182113767545943
0.671634827760764	0.213161681695785
0.947097253557627	0.251590606337117
-0.213639314943098	0.0690063709749365
-1.8358869023396	1.15848086264158
1.25693678076633	0.874903795931032
-0.525082284718947	0.198984525789772
-0.710208601598385	0.726395135369019
-0.877677390862577	0.880916938196272
0.0726688848713705	0.0451941531737915
0.700650769460855	0.615674288402937
0.148799816130941	0.0571605520346205
1.28110117852546	0.70857056130029
-2.5814875372856	0.665060440379843
-0.342569521377039	0.0986187132378211
-0.97488319956805	0.481856856064848
-1.81272640846626	0.738384406689963
-3.08209765998152	0.963916510480773
0.826252270975154	0.34827642903147
-0.628807341949763	0.15371861128279
0.152567656731362	0.0287430408348264
-2.5814875372856	0.665060440379843
-0.773944580465794	0.337367477043196
-0.723601171891188	0.248501036925982
-1.81339137537901	0.738819242243621
-0.519323943583458	0.196571027657527
-0.0626328074154846	0.037985920728343
0.404766369449656	0.183328709818888
-0.0985678737634131	0.0578830914246087
0.363462949118287	0.183920808182735
-0.779857007502984	0.596664579915475
-1.4624487676549	1.01757233770815
-0.139040066745498	0.0498383207329063
-0.306158679366283	0.1407209567511
0.163149905636875	0.0486839149701593
0.508020215391995	0.323647966606118
-0.302515588736306	0.138831168276516
-1.43690666518888	1.28433721386473
-0.398172855070058	0.225702636308567
1.09216758950391	0.673489342914159
0.919266490833582	0.801827068568294
-0.0487144694234299	0.021333046821574
-1.02894861094732	0.82150151736826
0.586286610735812	0.564456795993078
0.172454640332029	0.100058009608548
-0.535782185748817	0.339196371175004
0.460154173375163	0.334798528984802
-0.604628253343285	0.535210202737321
-1.33094246593594	1.09965482491657
0.39743817424851	0.179869013965184
-0.337820262048895	0.0972724494375125
-0.230803423198888	0.115322758029695
-1.81405663489635	0.739163554129331
0.802719993887857	0.640021926803176
0.94904571537762	0.252100131683616
-2.58120409692147	0.664991486920107
1.95791760701363	0.441280139896969
-0.141613477265566	0.0506925453352637
-1.51688545813115	0.541086496398081
1.63798994949298	1.15528912900698
0.159474851217086	0.077480846781015
-0.63092872695858	0.371869064534206
-0.017091761774903	0.00813166324118599
-0.0717673944993428	0.0435827927361791
-0.916254862153271	0.671600212362123
-2.4735664015526	1.37997989190897
0.176915571760344	0.10947815029335
-1.48322009253632	0.749647504548096
-1.26698735368759	0.569984385056631
2.3634923309759	1.18652880565222
0.166691919569473	0.0419536988970269
-1.26885520886245	0.570811288966091
-1.51819793872521	0.541803713077291
-2.57747759965585	0.66335545132302
-1.51019343351841	0.538270963770231
-2.58524212677275	0.666574749875287
-3.46066411507937	1.23287376992561
-0.342235478378113	0.0984932623692754
2.75446121880292	0.769079402442662
0.532501690034208	0.191523210703971
-1.13948670365002	0.344942610687521
1.82480922054022	0.715302875396814
1.45905685415805	0.484042330916112
1.04412853882788	0.396290010695586
-3.08164138813046	0.963767470359232
-1.79835097978106	0.382953978270685
-1.79827400712943	0.382942964938875
-1.14070599952463	0.345337330024218
-0.628347365301396	0.153568930486371
-1.79835097978106	0.382953978270685
0.152289864541204	0.0287035071443224
-0.343223291761604	0.0987971723984263
-0.0851629890564053	0.0339077021012454
-0.633409029549556	0.154789771896201
-0.627829060935039	0.153504607197422
-1.5126542472202	0.539316353407404
-0.09513410811201	0.0558130817973479
-0.594527489114941	0.483390921588254
-0.104359314234829	0.0613641561798392
-0.209566055350836	0.135215660382833
-0.246926640857251	0.182738174733987
0.195088329169343	0.146143707546774
0.616038740178929	0.469450975218096
-2.5478660824757	3.7164860453483
0.721227481435123	0.477973176534982
-0.29884559640504	0.137096023510432
-0.172539740732198	0.0923510222539942
-0.991884719564973	0.889623500466832
0.0206373206018863	0.010319101064143
0.0152633510901868	0.00764887720931368
0.335777456880706	0.205126495628706
-0.306997847881457	0.141105580585831
0.163675748818542	0.0488217197760315
-0.297173019281657	0.136301929101247
-2.577202278156	0.663064687208724
0.165704597093625	0.0417255219351786
-0.48196311119588	0.252574895244418
0.698151338923925	0.327288269206647
0.153495886133074	0.0589183681974845
-0.0925419739006504	0.0367298119405397
-0.256731512661549	0.160255812335066
-0.093404961070133	0.0547781283226761
-0.387493419127934	0.26725623493023
-0.386592985163573	0.266512316379813
-0.224651404138889	0.112066590719896
-0.23217863251433	0.116138943038223
-1.13521969998424	0.343544374381215
1.95706969381346	0.441073865263096
-0.763493068016229	0.33177675339701
-0.728734578521494	0.250365282804838
-1.01866173967953	0.403351708479081
-0.629267545839357	0.153771215183604
-2.5814875372856	0.665060440379843
-0.632432130022522	0.154575713959717
-1.51364953741781	0.539764698603452
0.165704597093625	0.0417255219351786
-0.759482804847398	0.329839085322315
-1.79835097978106	0.382953978270685
-2.58120409692147	0.664991486920107
1.95791760701363	0.441280139896969
-0.767761488763089	0.3340892272935
-0.341581022610314	0.0983147602836231
-0.6282908079904	0.153557595992093
-1.79827400712943	0.382942964938875
-3.45598446335482	1.23025555319821
-0.0933195400837994	0.0370288533821089
-1.32650710056005	0.832263511964546
0.828342764331275	0.349152513984802
-1.16719977445998	0.654757378478893
0.795890365031766	0.479371230365952
1.03458693350914	0.981707473069402
-0.395029845031345	0.223754357085005
0.909571647511379	0.492503547681707
-0.0583016224956927	0.0253969252343214
-1.33547642745459	1.33322488051216
-0.389467150446698	0.220119786884161
-0.374249424524898	0.256429727152334
-0.392427347038685	0.222191946736064
0.513673722949663	0.328181345729906
-0.789326739793406	0.607293251758487
-0.140194615672178	0.0792882565218259
1.96373024443466	1.22982434934125
0.155506415734712	0.0674376481554727
-0.448381997274494	0.297873757280132
-0.459678960174661	0.385997948973992
-0.25491827354323	0.159016010165282
-0.66137350439035	0.46208272794058
-1.79827400712943	0.382942964938875
-0.7612546516549	0.330686409285545
-0.759243170950049	0.329658545107515
0.94904571537762	0.252100131683616
3.26252567397545	1.12093560535381
0.152567656731362	0.0287430408348264
0.66999328440441	0.21269616854207
-1.48120915369265	0.748131631207961
0.152567656731362	0.0287430408348264
-0.516901313567677	0.195606148911244
-0.975441068760145	0.482163989366263
-0.398391340164656	0.166232543938586
0.153346259668653	0.0665568980336983
0.824597524529586	0.347415264205767
0.65723193307863	0.469420139711888
-1.71073520965011	1.43718254524506
-0.484666628292446	0.254132958298524
0.107209373115565	0.0765286193178825
0.187571174984604	0.12919637516961
-0.652320849170454	0.387836377222896
0.611164803486625	0.321067786298506
0.536053807050566	0.19286894180571
2.3666627562819	1.18851493231385
-0.218074030224809	0.0704026851228337
-3.08118534013847	0.963229045953577
-1.13948670365002	0.344942610687521
-0.143629596355123	0.0513929708746564
-0.628347365301396	0.153568930486371
-3.08606373064433	0.965887782759055
-1.13543440488342	0.343479590196383
-0.627367542213354	0.153354696036073
-0.628347365301396	0.153568930486371
-1.32509740051107	0.83217612320521
-0.142801753920347	0.0511111283728562
0.152567656731362	0.0287430408348264
0.162742974316792	0.0485792905021731
-0.338812598915516	0.0975423827176717
2.36578183368846	1.18776291415308
0.152567656731362	0.0287430408348264
-1.2754256868914	0.575104153105112
-0.0961958516660323	0.0381720029501695
-1.81803758289888	0.741154469207919
0.94807088907188	0.251931335472786
-1.79835097978106	0.382953978270685
0.149464413960118	0.0283283450696208
-0.627367542213354	0.153354696036073
0.152289864541204	0.0287035071443224
-2.58120409692147	0.664991486920107
-1.79835097978106	0.382953978270685
-0.628807341949763	0.15371861128279
-1.13910410688242	0.344899734416028
-0.774875386763853	0.724736484337834
0.194268152947051	0.140062593462046
0.0299744219789989	0.0210500225635214
-2.33708416180564	2.12719857098914
-0.778396955875953	0.595728045645072
0.490403727806881	0.455229614466583
1.03399282760549	0.982179466219435
-0.782505411947811	0.51688139709215
0.659756414254803	0.601090983288111
-0.776110184012981	0.783650111420717
0.0644890109785258	0.0400360700972015
0.461130952476907	0.436637773100541
-1.09030851938765	0.746104583312572
0.0304427349428873	0.0167446152588991
-0.181600361403459	0.0974817861940373
-0.431290036040057	0.332017969331552
-1.27179409224048	0.572572110528683
-0.512774894780034	0.193916140778872
-3.08164138813046	0.963767470359232
-0.511726002675108	0.193436414632331
0.947560352748164	0.251716891447637
1.28187715105877	0.708598307729972
-0.0540971018971297	0.0236037103052549
-0.117801431939196	0.0817300688799775
-0.51109824949599	0.193123871539511
-2.577202278156	0.663064687208724
0.538048433874349	0.193628092206213
0.669826712236336	0.212585182521199
0.153247518839476	0.0288421886814327
-1.79827400712943	0.382942964938875
0.161787544386438	0.0408470066516523
-1.52773593983498	0.545580242321365
0.536217976616015	0.192842410422451
-0.520130169941301	0.196949185980524
-1.81433874778204	0.739366153614294
-0.768944294866461	0.334721769210418
1.95791760701363	0.441280139896969
0.348949328922105	0.195676137289395
-0.522579273521659	0.433070970609696
-0.149561574416289	0.0535072668430751
-1.79835097978106	0.382953978270685
1.95791760701363	0.441280139896969
-1.02050867103886	0.404356899215527
-0.0970081236743832	0.0384843792732294
1.28155486221714	0.70807345119534
1.90676234376774	1.65264839377983
1.0423751179533	0.395795368074734
0.851499669931864	0.776655750361742
0.319526603345738	0.221466732425413
-0.395488154884604	0.164916744226521
-0.946014896062272	0.580648244340789
0.869025722500144	0.646209531973361
0.800006862675669	0.636955724491765
0.326434955585028	0.213476152763601
0.0254254556603992	0.014030790877496
0.176624825608487	0.102743825070724
-0.235269497347068	0.11775521841196
0.157831372779687	0.0765247051495202
1.11429516453513	0.852963551901414
0.15517762593803	0.0672822354318258
-0.777304137176557	0.838944729513756
0.051885546821285	0.0304385696072057
-0.115567082948631	0.0800985197740671
-0.319110426728447	0.191242186164077
-0.102978564863401	0.0605191916913574
-0.378107721629969	0.32788302078542
-0.515466779883267	0.194997679323859
-1.16545539546284	0.652681362993889
0.94807088907188	0.251931335472786
1.96040941896093	0.441936123238363
-0.628807341949763	0.15371861128279
-0.336674929481933	0.0969239720174005
-1.8102563556085	0.737065861487772
-1.44361350125026	1.29096603169008
-0.267219593243373	0.167584402815654
0.156635510732265	0.0532014513857662
-0.0528258369977377	0.02307046620044
1.53869457862918	1.86583327231095
-0.233843705090568	0.116879473569754
-0.888107489778002	0.737975717665473
-0.144307084430241	0.0980307288474083
-0.443306015007052	0.293885967861764
0.444092205529336	0.340522044825647
-0.672810574861858	0.531619293879331
-0.490576477800594	0.368169476377203
0.476362261578128	0.325948992577694
0.531363846710871	0.191052145580113
1.45575253921811	0.48289648887464
-0.214926988436609	0.0694297469164798
-2.06750813492524	0.942214241335458
-2.06466636020324	0.940256308265765
0.161809663243855	0.0483223326687324
-0.763253894263622	0.331680843347779
0.152567656731362	0.0287430408348264
0.152289864541204	0.0287035071443224
0.675067592191977	0.214306398275368
0.166311360817904	0.0418484681801843
-1.13521969998424	0.343544374381215
-1.81500400399229	0.739710597985082
-0.348465736253515	0.100232718134072
0.535395561912051	0.192613210987845
1.95791760701363	0.441280139896969
-1.67616245690396	0.948980438839285
1.33432841091739	0.584762055165741
-0.215184417856504	0.0694920488130609
0.528697101266383	0.190116209542368
0.16707117146508	0.0420080923591852
-1.81500400399229	0.739710597985082
0.948535538575274	0.252058145640786
-2.58120409692147	0.664991486920107
-2.577202278156	0.663064687208724
-1.79835097978106	0.382953978270685
-2.57775304544287	0.66318910114962
1.95791760701363	0.441280139896969
0.152567656731362	0.0287430408348264
-0.343223291761604	0.0987971723984263
-0.763759356923981	0.33215173832306
-0.33946832567862	0.0977521416130555
-0.650974275674764	0.386813401470723
-0.517564039318975	0.195752224477386
-0.484186411622677	0.253868885014479
-0.0416557334395887	0.0259750143843814
-0.222175193621891	0.144193724775749
-1.1572530538747	0.646535312700476
-0.693378196847476	0.607825278479829
-0.178032367402949	0.0953902767752288
-0.326261057901076	0.231035507911349
0.200035878208581	0.138578826937874
-0.266648388497087	0.16713252643939
-0.069476737077847	0.0421667882493731
-0.411082854568034	0.350308623582443
0.468134730301072	0.445180326721513
-0.390943736994562	0.162719877466899
-0.0645012696761635	0.0280364518532818
0.162742974316792	0.0485792905021731
0.796067986400393	0.478732495041606
-0.347480099168433	0.0999933239977275
0.951331866170054	0.252756684317784
1.96121239866825	1.22727867015651
-0.605202274771672	0.290253199757841
-0.971709738497058	0.480076873670829
-0.479569434306969	0.251186820885711
-1.79827400712943	0.382942964938875
0.157402307591701	0.047080036463379
-0.137617828979002	0.0493209249602082
-3.08209765998152	0.963916510480773
1.95791760701363	0.441280139896969
1.45514143110378	0.482646568994266
3.63988648920879	1.43371818867798
-0.511519041389722	0.193429014825003
-1.83935409616057	1.16160523046517
-0.342904767182509	0.0986489157334515
-0.342726271867257	0.0986497538337671
-0.335356520627326	0.0965946296543176
-0.719839729273076	0.247075530686914
-0.342569521377039	0.0986187132378211
1.96040941896093	0.441936123238363
-1.80197754639448	0.383903353697165
-0.974472820600168	0.482046396659233
-0.176834296236975	0.0947471984303428
-0.237436870521847	0.118846941321672
-0.0938844786016753	0.0372437459496391
0.00880102221369734	0.00448051999272436
0.163213156565126	0.0873172740876683
0.483607177771322	0.332383240281695
0.0159146644308907	0.00799570422983965
-1.64063402810548	1.69127833961906
-0.235178574711158	0.117570503072707
-0.0933201156021971	0.0547224913936501
-0.0570440860259364	0.0248617188663237
-0.491707542003376	0.258660418321266
-0.664709644439476	0.464742294495076
-1.54662954989133	1.49267052715951
1.7757354809367	1.82348173390087
-0.985768726852015	0.881268196290596
-0.645106834666806	0.381835824206237
0.307233764449327	0.223004651519352
0.509636584569231	0.324891629500433
0.0545168524285702	0.0319620144771943
0.340722257709221	0.190535047468833
0.672229626538356	0.483549915422733
-1.0407044963585	1.08259259132408
-1.27010940171459	0.57162221968883
-1.13521969998424	0.343544374381215
0.152289864541204	0.0287035071443224
-1.13582369620544	0.343734699942405
-1.51429942551804	0.540079204882619
-0.219388531614775	0.0708318276022096
-0.951150852862146	0.584979431911074
-0.396380818521466	0.224596257835923
-0.32792134802411	0.197108571428503
-0.48647745784028	0.255270753777279
-1.32450816375646	0.830791655943291
1.3716920190795	1.2759852752595
-0.664764428092053	0.464831514765819
-0.385355863588998	0.265621512158154
-1.54789149526322	1.49716960444268
-0.465310894188191	0.392015747167545
0.09136870097657	0.0624486997976764
-0.305820815834773	0.140560121358743
-0.779880462660019	0.788667027915992
-0.0936370384668102	0.0660745788974126
-0.32539178114265	0.195468075905653
0.0116367284370391	0.00587677565231847
1.24489370598115	1.05611252356248
0.168287851014599	0.0422797449011708
-0.728063679007568	0.2500664238153
0.160449742233385	0.0615900444045896
1.82414885065892	0.714941399976917
-1.13521969998424	0.343544374381215
-3.45538437102149	1.2298802093729
0.153526628680235	0.0288819285189665
-1.79827400712943	0.382942964938875
-0.338812598915516	0.0975423827176717
-0.632939126134277	0.15468454480873
0.527816689171872	0.189769137536265
-0.347480099168433	0.0999933239977275
0.149000621011265	0.0506837159679297
-0.627367542213354	0.153354696036073
0.449327994515714	0.18086178012747
-0.763170853215986	0.33175434418017
-0.211541605787251	0.0683711766000951
-0.516640021567978	0.195578035113981
0.153247222778868	0.0588212060537421
-1.13582369620544	0.343734699942405
0.152289864541204	0.0287035071443224
-0.6282908079904	0.153557595992093
1.34151494354034	0.588622497759499
0.528037291229889	0.189817364251845
-0.766933204753768	0.333682664077871
-2.07257723304586	0.945362560628568
-1.27230614673154	0.573209237266735
-2.27505545261796	1.14834913431526
0.153247518839476	0.0288421886814327
0.148503149870495	0.0281892610504199
-0.629267545839357	0.153771215183604
-0.0922598492336672	0.0366247500539306
0.674406994924976	0.214010177433492
0.152567656731362	0.0287430408348264
-0.514630991185235	0.194661861681357
0.0119455389351173	0.00600838631927141
-0.53472584583608	0.338814323781875
-0.694604973233835	0.658831318127802
-0.782694022585833	0.792886054396939
-0.453374123679688	0.30192662408126
-0.342569521377039	0.0986187132378211
-0.534878020061835	0.338531898596065
-0.60491353971316	0.290239302747195
-0.373497258351232	0.292157115376121
0.931638293546566	1.0485162558482
-0.0257604458418061	0.0164095556108531
0.198425113115102	0.154194150111181
-0.232597121971833	0.116359267009922
-0.324620421205863	0.229678917253236
-0.623587454322889	0.597351620902291
-0.626792545080562	0.601448564749793
-0.879563498455747	0.810774203304261
-0.640834190057875	0.658576562687525
-0.425213570462213	0.419879142045237
-1.03435628046141	0.828608150032724
0.665440871919504	0.607928701197891
-0.767761488763089	0.3340892272935
0.545028823013169	0.19617000601515
-0.337820262048895	0.0972724494375125
-3.75940316744871	1.49041694177376
0.153247222778868	0.0588212060537421
-1.01896064431893	0.403433301964411
-0.691220660137481	0.654200076120796
-1.48346094893459	0.750219851443153
0.152289864541204	0.0287035071443224
1.96040941896093	0.441936123238363
-0.342569521377039	0.0986187132378211
-0.343877386805142	0.0989458655028747
0.695242860337328	0.325796155950588
0.548611268665838	0.319242240451355
-1.27293177363782	0.573562930226194
1.57973281574859	0.787416136775279
-2.57775304544287	0.66318910114962
-0.320603143938314	0.192242456957788
-1.51429942551804	0.540079204882619
-1.51819793872521	0.541803713077291
-3.08164138813046	0.963767470359232
-0.0975367921172222	0.0386896573988339
-0.515889861149168	0.195150861370295
-1.46340114055097	1.01811001742854
0.159986093880662	0.0855848216029483
-0.0620068860954336	0.0269680680823334
1.46684471202803	0.918742903646862
-0.985321039308375	0.488542368639592
-1.73285199989466	2.25852116491508
-0.914361119170683	0.669423344036119
-0.0942117565181441	0.055257487777862
-0.483318352119068	0.253364865978665
0.316093337231541	0.218673159771041
0.693195332896366	0.607188252412205
-0.174229366980751	0.115663998707786
0.158160912494813	0.0686419741601485
-0.519750069619239	0.196813590651588
-0.0500590432574151	0.0219026986131626
0.161415729852303	0.0407561524608698
1.33574672553373	0.585522147283433
-0.486565050064821	0.255503398290211
-0.765272653406876	0.332629321268392
0.551223493394257	0.321235948023686
-0.0995968625537713	0.0394909940804546
-1.16147682741792	0.649874833612229
-0.152178960154318	0.0544209424602452
0.159935442363796	0.077707833429025
0.337597941579872	0.20642414629881
0.396252984893581	0.352778519177595
0.299672150821961	0.216771753433178
-0.494955757875303	0.372262438449218
0.314241485944036	0.217374801482376
1.11394712594305	0.8524446931886
0.571749204674387	0.568885364677878
-0.0580482813352692	0.0252965984062799
0.185199988400908	0.11494812074137
0.624456851211916	0.477402215033575
0.947097253557627	0.251590606337117
0.951331866170054	0.252756684317784
-0.2383596344773	0.119344171594358
-1.0302588136211	0.408717625056926
1.03919468846427	0.394181482456398
-1.13482941234436	0.34340642829894
-0.629267545839357	0.153771215183604
0.15626975600377	0.0292821097759299
0.157150948993736	0.0469889516170941
1.95791760701363	0.441280139896969
0.148503149870495	0.0281892610504199
-0.629267545839357	0.153771215183604
-0.341581022610314	0.0983147602836231
1.25598866117297	0.874369794494184
-0.305820815834773	0.140560121358743
-2.91331298663192	2.15587332792294
-0.719194825953782	0.246846541949292
-1.81300911296951	0.738319190977208
0.161809663243855	0.0483223326687324
-0.629159511493121	0.153871316504896
1.82627260695742	0.715797133923797
-1.51754153600569	0.541527764023226
-1.81405663489635	0.739163554129331
-0.519750069619239	0.196813590651588
-1.50954059367664	0.537955828816566
-3.08606373064433	0.965887782759055
-0.72013323546054	0.247288973526613
-1.80197754639448	0.383903353697165
-1.79827400712943	0.382942964938875
0.947097253557627	0.251590606337117
1.95706969381346	0.441073865263096
-1.13482941234436	0.34340642829894
-0.1479006917775	0.0529122719445307
1.28051647239539	0.707475934838674
-0.569571473107575	0.414878336995151
0.339130878589944	0.189648825529845
-0.180919753354537	0.120506222139289
-0.697778276933852	0.662801220832122
0.171931512399671	0.0997250788228787
-0.0187155081040055	0.0119726186202386
-0.647407609820046	0.383952471228298
-0.326664483209116	0.231359935305199
-0.325565946529379	0.258354027615546
-0.199473109816588	0.148914547007869
-0.328374428107446	0.232715291332224
-0.567738541065575	0.413669535811696
-0.456641497842149	0.304393216583365
0.397961322623372	0.179920072195054
-0.0930539441493821	0.0369718407357095
-0.723601171891188	0.248501036925982
-3.08652986879455	0.965774290031657
0.155372593274282	0.0528040448022981
0.53313407482189	0.191800740808182
-1.81976306465377	0.742011270001749
-0.910151700639195	0.664755399135632
-0.883635056350132	0.732754737622108
-1.09640487844461	1.05770417443729
-3.45538437102149	1.2298802093729
-1.79835097978106	0.382953978270685
-0.1479006917775	0.0529122719445307
-0.520581729618906	0.197148689128052
-0.725197552734606	0.249186509576262
0.15626975600377	0.0292821097759299
-0.62503342749082	0.152907838403333
-3.08164138813046	0.963767470359232
-0.343388592876165	0.0988541310686696
-0.627829060935039	0.153504607197422
0.406377452037962	0.184222958311821
-0.397280063476676	0.165682246530116
-0.72146943263536	0.247682563419049
-0.342569521377039	0.0986187132378211
-0.760073221936386	0.330149047801038
-1.26573387301991	0.568720443137659
-0.391096888732438	0.1629812476362
-0.214952210282499	0.0694159656881339
-1.0198546198872	0.40400953786834
-0.476488273733273	0.24939310881067
-0.513373075884444	0.194073691559119
-0.605969157577345	0.290775014467569
-0.916254862153271	0.671600212362123
-1.15860003683574	0.647540210755094
0.00947989032351547	0.00479010378256468
-0.968853275850903	0.953579272770047
-0.88628301612576	0.736006074750474
-0.483551804068526	0.253798509870016
-1.71944057400708	1.44924286629651
-0.328461661242423	0.197472213691981
0.479132911643683	0.328023537815482
1.24729222203702	1.05811943970125
0.318254677637284	0.220314361855832
0.746498877594739	0.626813204833585
-0.280500765354024	0.20309767085331
-0.992459596562147	0.890615417238865
0.093503590103016	0.0639186876958488
-0.395035912834189	0.223730902801101
-1.79827400712943	0.382942964938875
1.24456723670939	1.0559043015132
-1.48747869119683	0.752986436506107
-0.394171333659457	0.164371870401571
0.153247518839476	0.0288421886814327
-1.13190405565215	0.342469779892572
0.152567656731362	0.0287430408348264
-3.08209765998152	0.963916510480773
-0.714740016915776	0.245140359576086
-0.0964796120501683	0.0382757369954287
-0.976101141403147	0.482953123075632
-0.0194828862552961	0.00919945715872966
-0.799033606241313	0.53151697543111
0.168585522583811	0.0904462858514278
0.966395394665911	0.660109510985591
1.13087050399069	1.02446355303838
-0.869364176607172	0.797209938436907
-0.676744308723771	0.535529882674895
0.184678707263555	0.121205897245133
0.163444379426879	0.0875256991467247
-1.08665776320437	1.04498160469598
0.662141405647781	0.474670074672198
0.313250268457129	0.238897072290506
-0.212425755587519	0.0686427185618432
0.696609227412764	0.326474357518529
-0.759482804847398	0.329839085322315
-0.147436941924418	0.0527406562830086
-4.00132179374007	1.73600959963499
-0.218958293525578	0.0706782121263062
-0.632939126134277	0.15468454480873
-0.348465736253515	0.100232718134072
2.75349844687128	0.768381126605175
0.148503149870495	0.0281892610504199
-0.628347365301396	0.153568930486371
-0.627367542213354	0.153354696036073
-1.79835097978106	0.382953978270685
0.165594211957363	0.0493598676029419
-0.624566751454544	0.152757086863399
-0.396471811029777	0.165320178044881
0.673937468908284	0.213824422094007
0.951331866170054	0.252756684317784
-0.627829060935039	0.153504607197422
-0.599924554013208	0.287231213747786
-1.79827400712943	0.382942964938875
-2.58120409692147	0.664991486920107
-0.628807341949763	0.15371861128279
2.75446121880292	0.769079402442662
0.16707117146508	0.0420080923591852
-1.79835097978106	0.382953978270685
-0.0421508650228103	0.0262861783709455
-1.1104977619282	1.64294146460654
-0.393193160579322	0.163804191375938
-0.452186304393173	0.300794317028053
-0.132408745694264	0.0747306097208375
-0.395374998438391	0.164774264059393
-0.334167207243198	0.237451426133281
-1.33389631037212	1.10325971872038
-0.9798255441896	0.485254683607556
-1.01645966379821	0.402385802038174
-0.287564825356435	0.208998011626811
-0.491556637567121	0.369114717264438
0.156004173205372	0.0530087596813196
-0.178625723794111	0.118792196427254
0.190207769122866	0.125168041928296
-0.985720686428659	1.16591336092825
-0.664091893963217	0.464853357112605
-0.317824567432376	0.190381177424605
1.49199896477852	1.51365408952389
0.00562720724934199	0.0029389843201671
-0.220046200254686	0.0710211291721289
-0.602753716787686	0.289074692858458
-1.51084659522504	0.538498609405326
-1.67368748923854	0.946499862499213
-0.305820815834773	0.140560121358743
-0.568327814997702	0.414125828322707
-0.142440177804696	0.0509737826404277
-0.220273125496108	0.0711077393958585
0.438181748535303	0.175959204693958
0.167679655711552	0.042156489933972
2.75446121880292	0.769079402442662
0.153247518839476	0.0288421886814327
-0.631960666018702	0.15447017218279
1.34468276976224	0.589941849622346
-0.519952717504097	0.196880719935875
-0.0901691397194949	0.0358284240524657
0.160770338301963	0.0545730641617949
-0.0272268573790918	0.0127362565137318
-0.862840352311741	0.860989086504289
0.451805003807241	0.18191131722968
0.148503149870495	0.0281892610504199
0.158995326023102	0.0475101404657943
-1.82964630440079	1.15029444090223
-0.510685030941215	0.193049519773074
0.15765092966908	0.0471346053937249
-0.398391340164656	0.166232543938586
-1.79827400712943	0.382942964938875
-0.631960666018702	0.15447017218279
-0.726802235324399	0.249630182049429
-1.16463312861902	0.652434042103663
-0.600982761439057	0.287834878587552
0.722631177652061	0.479717984361726
1.90982787025361	1.65756432677723
-0.327500267363428	0.231939514204876
-0.176271945073917	0.0944757069024052
0.858497885724301	0.786627755601523
0.904026907102766	0.488357757904387
0.169365904061768	0.0908387921709795
-1.50964567266467	1.70068036678627
-0.147436941924418	0.0527406562830086
0.365376412312231	0.185084494226465
0.0694518603283037	0.0431464923314917
-0.0602638744448226	0.0262296382666818
-0.539474288867995	0.342232648784897
0.455693726044376	0.331139071551008
0.164444442322067	0.0798917832449781
-0.523707267217603	0.434199620048691
-0.0416557334395887	0.0259750143843814
0.158268951582354	0.060741927451571
-1.51853446946828	0.541976089171892
-0.975143708565975	0.481983361314072
-0.721072169669292	0.247553433626533
0.16398311023751	0.0796660171202628
0.153526628680235	0.0288819285189665
-3.46066411507937	1.23287376992561
-0.142207514098902	0.0509041851864348
-0.0722590114001216	0.043880693598456
-0.536618639133574	0.340347222007773
-0.174462618911124	0.115846120109613
-0.220014803398102	0.142660311342511
-0.144772768463938	0.0984066140881735
0.796850749109806	0.479891923895839
0.547740879150656	0.318599476422946
-0.37779851503569	0.296206030736789
-0.0232633437329523	0.010915133229606
-0.532984433628542	0.337506457177248
0.153624955922203	0.0589958564344621
-0.628347365301396	0.153568930486371
-0.346820783252297	0.0997890928773071
1.96393951748727	1.22803842759707
0.154940913232783	0.0526445365469372
-0.344210615318698	0.0990368506115311
0.156478904710375	0.0468116239715086
-0.628807341949763	0.15371861128279
-1.13582369620544	0.343734699942405
0.152289864541204	0.0287035071443224
-2.58120409692147	0.664991486920107
-1.79827400712943	0.382942964938875
-1.27626395926511	0.575339142684756
-0.102275574335641	0.0405359388713591
-0.628807341949763	0.15371861128279
0.677197674373577	0.214945829616813
-0.390638133543831	0.162515731812202
0.670977551868057	0.213013404742869
0.155986207086685	0.0292416787556187
-0.628807341949763	0.15371861128279
-0.6282908079904	0.153557595992093
-1.79827400712943	0.382942964938875
0.153526628680235	0.0288819285189665
-0.343716239253643	0.0989197038205485
-1.83099645033824	1.15210596250102
-1.79835097978106	0.382953978270685
-1.51395570496283	0.539857861420258
-0.782506139096325	0.600575652963183
-0.288495727791745	0.209753159380603
-0.0616816437697713	0.0440068591872061
-0.120685372543207	0.0838165913174979
-0.274575592723895	0.172640047934849
-0.933949392220178	0.983754940467728
-1.23649861230967	1.1518563562547
-0.294515898872298	0.135012264781216
-0.516096514132394	0.19525236723075
-0.137976024592439	0.0494411312521156
-0.599637409626921	0.287138428430173
-0.169871515292822	0.0908333061310897
1.07328158265377	0.520779732646976
-0.779673311281062	0.667887320773695
-0.215583462022983	0.0696521523969918
-0.175952487482152	0.0942640239718454
-0.448982447329224	0.298413597824112
1.34901949027932	1.43140305578182
-1.97631671292711	1.37544365783482
-0.343223291761604	0.0987971723984263
-0.0194932028779685	0.0124683844317776
-1.15942022826835	0.647787789820647
0.0292328561141465	0.0161264470474814
0.659549180834509	0.471803661051682
0.584360101231952	0.469348259729727
0.965467517168176	0.659303324527636
-0.384450811224315	0.264897961537236
-4.22275711445604	1.98590568335895
-0.627829060935039	0.153504607197422
-0.392890645811615	0.163726265183229
-1.79827400712943	0.382942964938875
-0.213639314943098	0.0690063709749365
-0.719194825953782	0.246846541949292
-4.2149573643429	1.97917904519139
1.95706969381346	0.441073865263096
3.26352329858721	1.1213740078214
-1.13422470394875	0.343215945535417
-1.02558641604596	0.406837006708145
0.157161317344217	0.0682610307841026
-1.51330481624892	0.539630991333106
-1.13422470394875	0.343215945535417
-2.57747759965585	0.66335545132302
1.95791760701363	0.441280139896969
-2.06971291102341	0.943740604994579
-1.2766802053091	0.575752407916329
0.670977551868057	0.213013404742869
-0.631960666018702	0.15447017218279
0.162479935061762	0.0485106492306684
0.170597157616308	0.0428000407476464
-0.148261836724003	0.0530295378311601
-0.347480099168433	0.0999933239977275
-0.632432130022522	0.154575713959717
-1.51330481624892	0.539630991333106
-0.520581729618906	0.197148689128052
-0.147297721390346	0.0527350181346736
0.157328017678796	0.068270214475041
-0.132815198887749	0.0750062373317649
-0.348465736253515	0.100232718134072
0.0671260430017012	0.0416867750710053
-0.318374058082163	0.190647158840851
1.28557822675257	0.711097457256157
0.612167636010241	0.321695549471349
-0.0869644986221569	0.0345911665891951
-1.97716318055715	1.37549266261625
-0.639795552209149	0.378376430349397
0.163420372366361	0.079474988959915
0.154169004929053	0.0668513325863638
-0.0991627703647061	0.0392993176164485
-0.539591495890478	0.342438633174004
1.40722023806937	1.09703086831311
-1.66501107587428	0.93922394193929
0.149799555550604	0.0727355227946742
0.54713714450563	0.456962562072527
-0.0195996180028357	0.00926719741613789
-1.46685397201334	1.02090263353678
-1.33764036718116	1.10808005857392
-1.82108314577927	1.66052621798253
-0.220930959687204	0.0712971275167216
1.82414885065892	0.714941399976917
-0.980382180295135	0.485577017392583
-0.235178574711158	0.117570503072707
-0.233381546795548	0.116632240009177
0.0366534948515393	0.0200888330456543
-0.499848340695685	0.376813774198635
-0.387764372768738	0.21893671584587
-0.529140508652475	0.439899246692176
0.438838940013618	0.335851313576302
0.183062085089697	0.113546748384692
0.451038007299901	0.181503296233176
0.864404010924972	0.642091114749661
-0.514630991185235	0.194661861681357
-0.483470524065646	0.253809607022495
-2.28349198332068	1.15520300935061
1.06766082936195	0.516968085333025
-3.08652986879455	0.965774290031657
-0.628347365301396	0.153568930486371
-1.13910410688242	0.344899734416028
-1.79827400712943	0.382942964938875
-1.01645966379821	0.402385802038174
-0.338812598915516	0.0975423827176717
-2.577202278156	0.663064687208724
0.947560352748164	0.251716891447637
-1.03091489329319	0.409127661825582
-0.721072169669292	0.247553433626533
-1.13849388307931	0.344614401149477
-1.79827400712943	0.382942964938875
0.166691919569473	0.0419536988970269
-1.79835097978106	0.382953978270685
0.15566119641323	0.0528907668896057
3.63483462600451	1.43007047098243
-0.146714660868555	0.052481223816664
0.173530750601275	0.0434258550533535
-0.628807341949763	0.15371861128279
-3.08164138813046	0.963767470359232
-1.79827400712943	0.382942964938875
-1.51885466658535	0.541921809220855
-0.212036192576877	0.0685029076357838
-0.54037894636632	0.342857884732094
-0.643770899334543	0.662789893275308
-0.373107725075433	0.291764050259886
0.332146553489311	0.217772421698442
0.590280637152725	0.569616594998563
0.40968463170573	0.339882622596806
-0.454788274790327	0.303150514518971
-0.215579672478256	0.139442359772967
-1.44116232405766	1.29044087160169
-0.304936524881395	0.140240188440807
0.166657152966513	0.0893274046005728
0.400572928094162	0.181265513895317
-0.141046121981961	0.050492720341334
-0.534290962556991	0.338463806837284
1.54432088061982	1.33683387705439
-0.572697485299293	0.417960100709201
-0.434319418683706	0.334718582546216
-0.598032129257148	0.487656796504982
0.331864600752183	0.202094771637154
0.316401938584627	0.21909622270546
-0.216073906032278	0.0697456994821053
-0.177694490323264	0.0952928440639941
-0.886200210656692	0.735746069532856
-0.629052638554337	0.604258559331343
-0.107461777036991	0.0632349360347594
-0.0691055215978713	0.0419370881493745
0.166964099755602	0.0893795551116704
-0.938515912170816	0.99156557741736
-1.32974450471364	1.09828309365765
1.08540416770689	0.666621345301134
-1.49316422163496	0.756612747350262
-0.511940042194786	0.193536003564032
-0.599637409626921	0.287138428430173
0.691344524123389	0.323884505320307
-3.08209765998152	0.963916510480773
0.153247518839476	0.0288421886814327
0.166691919569473	0.0419536988970269
-0.343716239253643	0.0989197038205485
-0.783446212436154	0.427005671548173
-1.13482941234436	0.34340642829894
-1.13482941234436	0.34340642829894
-1.80197754639448	0.383903353697165
-0.72146943263536	0.247682563419049
-1.51395570496283	0.539857861420258
-1.79835097978106	0.382953978270685
-1.79827400712943	0.382942964938875
-0.714740016915776	0.245140359576086
0.948535538575274	0.252058145640786
0.949511917528176	0.252227362219882
-3.75530690635197	1.48758661786965
-0.392630644260089	0.163658526469419
-0.135037306660327	0.0484283181059566
-0.610179241329318	0.293110860880112
0.152289864541204	0.0287035071443224
-0.72990744568965	0.250762320843378
-4.00264517130229	1.73724766439162
1.62682458289664	1.14346665738451
1.62628690382708	1.14417346304207
-0.382430577300268	0.159027639534903
-0.0933383356565446	0.0370733064011173
-0.321146440255546	0.192638638613176
0.164728961453765	0.0881081394740307
-0.6469473773646	0.383659402745279
0.696533622447931	0.326535509055973
-0.232509057244501	0.116172307186019
-0.534088016364328	0.338411636146483
-0.016108226724998	0.00767252094160651
-0.892807878473387	0.744050495426758
0.791294753861247	0.474699755466869
-0.725462519324565	0.249202983263282
0.721318505180511	0.477619916992344
-0.130708911670079	0.07373197046619
0.405571988809976	0.183795432583376
0.168424721736856	0.0976239199328069
-0.178604978122655	0.0958035072156727
-0.329348178501781	0.261894046587925
-0.764086062426498	0.332088631279259
0.176613591660025	0.102684445624443
0.161376096176318	0.0783313031949474
-0.319257238191066	0.191334902545307
-0.562883381991524	0.408900708348381
-0.473799195592892	0.247726159107618
0.689980758598187	0.323092638225825
1.82725871051587	0.716521694707993
-0.300672688912365	0.137932389561506
-1.22101479744242	0.924030919849703
-0.0287191983018523	0.0134319346035856
-0.153976909412016	0.105117436137134
0.155506415734712	0.0674376481554727
1.13632114302714	1.03209234982528
0.183953763772976	0.11414185367297
0.626676580876862	0.330486604508858
-0.309281517859892	0.142278850182844
0.33605030897492	0.205121096893343
-0.594615792294971	0.284430888972107
-1.13521969998424	0.343544374381215
-0.723601171891188	0.248501036925982
-0.758892586095015	0.329498751771327
-0.628807341949763	0.15371861128279
-1.80197754639448	0.383903353697165
-0.627829060935039	0.153504607197422
-0.763253894263622	0.331680843347779
-0.628347365301396	0.153568930486371
-1.48831337120383	0.753191981881496
0.670977551868057	0.213013404742869
3.26741012598786	1.1229997006765
-3.46066411507937	1.23287376992561
-3.08209765998152	0.963916510480773
-1.13521969998424	0.343544374381215
0.165097545701885	0.0415776969264477
-0.628347365301396	0.153568930486371
-0.627829060935039	0.153504607197422
-0.347480099168433	0.0999933239977275
0.167299398578488	0.0420768316112512
1.95706969381346	0.441073865263096
-2.577202278156	0.663064687208724
2.75446121880292	0.769079402442662
-1.79827400712943	0.382942964938875
-1.81339137537901	0.738819242243621
-0.787031748615934	0.521494592291349
-1.51494963266618	0.540305848955056
-0.32103229292938	0.192491301609918
-1.33147195867295	1.3268610916835
-0.463716940114021	0.390448512870504
-0.311335713331762	0.185970261680894
-0.0170879786297045	0.00813110272349013
0.295934592275749	0.223628488086321
-1.04506141294141	1.08971624221295
0.614341749974739	0.32286465758395
-0.141069422137894	0.110871465452262
-0.666571907564034	0.466826465296219
1.54217989017119	1.33192661059251
0.177567779478254	0.103276475714143
-0.0165543038719458	0.00787463177508302
-0.142801753920347	0.0511111283728562
-0.0902185873961051	0.0528686313019316
-0.23794401597109	0.119126644100198
-0.612884523680383	0.545141250539692
-0.643427823349765	0.381319703316888
-0.170736139662664	0.091336522260956
-0.0544870053453217	0.023778276444401
1.62764665902075	1.14442160572456
0.33491459799261	0.204510958847494
1.14471325958738	1.17614650470962
-0.0662173732484401	0.0401653608142408
-0.496793999262937	0.373992053631152
0.48594031115019	0.334406348210333
1.88448439580583	2.08995305528445
-0.598293366468416	0.286373431144928
-0.389020895129077	0.219846878214498
-0.131136928228246	0.0740018612600081
-1.02469648429794	0.406260196260825
-2.06971291102341	0.943740604994579
-0.981199840888374	0.485833522403223
0.153526628680235	0.0288819285189665
-0.627367542213354	0.153354696036073
1.95791760701363	0.441280139896969
1.82316587137561	0.714400972353312
0.153987654009519	0.0523299241322952
-1.15701559810226	0.646319720858381
-1.80197754639448	0.383903353697165
-1.13849388307931	0.344614401149477
-3.08559782341753	0.965445184573826
0.952312839774606	0.25302018984475
-1.48488117255046	0.751161753085473
-1.13482941234436	0.34340642829894
0.154108705452745	0.052369640632667
-1.1434022229194	0.346229899812888
-2.58120409692147	0.664991486920107
-0.517267324903781	0.195820217382209
-1.13521969998424	0.343544374381215
-0.633793600759192	0.154925137930548
-0.596720961513624	0.285633666135419
0.696047588021093	0.326279767661231
-1.01776700319907	0.402943187092934
-0.341581022610314	0.0983147602836231
0.169986302676761	0.0426507049603473
-0.340124379015428	0.0979309335927298
-1.79827400712943	0.382942964938875
-2.577202278156	0.663064687208724
2.35437517729417	1.17946016121425
0.528697101266383	0.190116209542368
1.09447613454972	0.675468834876315
0.552193818000142	0.321411007228745
-0.392333825511445	0.163462028851127
1.2787322462896	0.705818476766105
0.554761294828962	0.323752072228383
-0.482121148882205	0.252997469436711
-1.44513321329595	1.29614530248238
-0.314880368119526	0.1883987782822
-0.0536160207267586	0.0233999342599115
-0.139034402758614	0.0498144544844224
-0.941952789317451	0.577572966039706
0.159254621850194	0.0611156291439345
-0.910192271204974	0.664884810467188
-1.42503252573089	1.51529352632459
1.57194209705912	0.782247674039277
-0.781732283191301	0.599080199794265
0.0645216528038816	0.0400469667525894
0.720341624724678	0.477169472464025
1.07246466651492	0.52025153016617
-0.592026999569122	0.481343477061387
-0.784571022414297	0.519179378951857
1.25081593802899	0.869837122066701
0.450215205359741	0.181119832882834
-0.388128735554548	0.219265100417952
-0.627367542213354	0.153354696036073
-3.45598446335482	1.23025555319821
0.158160912494813	0.0686419741601485
-2.05993952365165	0.937148574407078
-0.779293900041638	0.667526862195846
-0.217760293232053	0.141050958148429
-0.534522436439173	0.338730515246559
0.342232506986933	0.209411465350651
0.00118141932335465	0.000783309305925397
-0.397725463021533	0.225421784491989
0.528697101266383	0.190116209542368
0.529576794989163	0.190434980333926
-1.01735407284408	0.40279400157508
1.03702441124382	0.393355390405294
0.153526628680235	0.0288819285189665
-0.342904767182509	0.0986489157334515
0.152567656731362	0.0287430408348264
-1.79835097978106	0.382953978270685
0.152289864541204	0.0287035071443224
-2.57747759965585	0.66335545132302
-1.024931295921	0.406505232933835
-0.215583462022983	0.0696521523969918
0.827704624415871	0.348914560526735
-1.52840319257262	0.545873797760971
-2.57775304544287	0.66318910114962
-1.02074928234359	0.404273099261885
-0.342726271867257	0.0986497538337671
-2.57775304544287	0.66318910114962
1.95791760701363	0.441280139896969
-1.14009620739235	0.345227889980206
-0.629267545839357	0.153771215183604
1.4596710675352	0.484293847194448
-1.16118293051192	0.64994545589827
0.162216055669742	0.0484111379512858
-0.642052777308833	0.380368805482779
0.172949361922218	0.100399267227693
0.519404410210691	0.332467205671037
-0.234434407616528	0.117312786141982
-1.51006366843639	1.70007592410337
-0.423114290426996	0.324266657020967
-0.872455922418526	0.802198697448928
0.0118983302669965	0.0059828394371104
0.313037052241986	0.216181613412587
0.0461166041731513	0.0252610585861304
-0.237482858210522	0.118890212876162
-0.0989647261922558	0.0580796196373778
-0.300672688912365	0.137932389561506
-0.957202797251273	0.590091174848226
-0.762422509833023	0.331150796142604
-0.664736901383924	0.465107663438525
-0.493233602046407	0.259687160557731
-0.301188665294026	0.13815553382112
-0.142440177804696	0.0509737826404277
1.09299391870545	0.674193978430998
-0.230803423198888	0.115322758029695
-0.304817557367601	0.140068535580747
-0.212692311337293	0.06870282462309
-0.497631633182566	0.374616753413949
-0.266705477756996	0.166984051747466
-0.374733322273387	0.256976281383793
-0.329556640809166	0.233553072065479
0.867651497757077	0.645770212795918
-0.167382508154183	0.0894490826193177
0.72397618745346	0.480863982457126
-0.459285244265367	0.385623492580739
1.11180612416572	0.849468794068261
0.193325370596824	0.139332455303065
0.17709015862582	0.102987179134622
-1.03457963699615	0.828026224191693
-0.481797939646565	0.359654660400512
0.0558586292140886	0.0327735602945833
0.460154173375163	0.334798528984802
0.797311849299292	0.480504184187545
0.155015608432854	0.0673068309340581
-3.08606373064433	0.965887782759055
-0.976655597147032	0.48331333967379
-2.06662398040717	0.940955218026655
1.45316902836548	0.481724936898338
-1.79835097978106	0.382953978270685
-0.214952210282499	0.0694159656881339
-0.627829060935039	0.153504607197422
-4.01238035069541	1.74382971411748
0.154940913232783	0.0526445365469372
-4.85133269760543	3.13972840282888
0.153526628680235	0.0288819285189665
-0.629636196854164	0.153977935518255
-1.79827400712943	0.382942964938875
0.152289864541204	0.0287035071443224
0.162400863971746	0.0409830958055786
-2.57747759965585	0.66335545132302
0.697273546754482	0.32704484516564
-1.51429942551804	0.540079204882619
2.75349844687128	0.768381126605175
-2.57775304544287	0.66318910114962
-2.57747759965585	0.66335545132302
3.26252567397545	1.12093560535381
0.152567656731362	0.0287430408348264
-0.564348562193808	0.410289133413025
-0.342235478378113	0.0984932623692754
-0.33946832567862	0.0977521416130555
0.94807088907188	0.251931335472786
1.77847462868568	0.994002148331385
0.899551686613357	0.486006428176949
-1.81272640846626	0.738384406689963
-1.03068484294637	0.409174747267586
-1.13948670365002	0.344942610687521
-0.143083504265613	0.0512551019499494
0.165723142006837	0.0805477705864705
-0.230704734432585	0.115246641240362
0.793697772179568	0.477112492516799
-0.181321892251571	0.097276596900543
0.355108663893244	0.199658417993588
-0.265593296259098	0.166335203766887
-0.39252362011783	0.221952279510834
-0.783668220835848	0.518396977931031
0.151861953480354	0.0658892683663642
-0.262938739846234	0.164617472808698
-1.71424783379611	1.44088539984601
-0.490205651175766	0.445935049576415
1.37529515404375	1.28169167501628
0.0343494992069277	0.0188254712620477
1.00139958220585	0.824702267650966
-0.788495600679416	0.606755811610531
-0.782383182408615	0.670786948029327
-0.0601849172190051	0.0364874758390988
0.154304804183893	0.0592230318132772
0.351101463064369	0.197061620044682
2.11729797170485	0.949744172786966
0.163413249256128	0.0487677019311828
1.96452342057586	1.23060563079723
0.163413249256128	0.0487677019311828
0.153526628680235	0.0288819285189665
-0.628807341949763	0.15371861128279
-1.01711319677622	0.40268673384294
-1.24584169817873	1.16445393852394
0.162651564751599	0.078995757807609
0.812383651198306	0.650582212814177
-0.39588462362957	0.164968737803311
-0.471034106375033	0.24602150445162
0.538706182108427	0.193884008472894
1.06885711547797	0.517506437470487
-0.534006837248953	0.337834841026101
-0.302493220962155	0.138977897549018
0.152289864541204	0.0287035071443224
-0.633409029549556	0.154789771896201
1.82480922054022	0.715302875396814
-1.79827400712943	0.382942964938875
0.166084152255821	0.0418055330790301
-1.79835097978106	0.382953978270685
2.75349844687128	0.768381126605175
-1.4823828871594	0.748778318949788
-1.79827400712943	0.382942964938875
-1.79835097978106	0.382953978270685
-1.79835097978106	0.382953978270685
0.149464413960118	0.0283283450696208
-0.627829060935039	0.153504607197422
0.152567656731362	0.0287430408348264
0.94904571537762	0.252100131683616
-0.342235478378113	0.0984932623692754
-0.628807341949763	0.15371861128279
0.153526628680235	0.0288819285189665
-1.79827400712943	0.382942964938875
0.152289864541204	0.0287035071443224
-0.343557529393447	0.098858556674811
-0.343388592876165	0.0988541310686696
0.696851684035903	0.326735848657766
0.66999328440441	0.21269616854207
0.537596443695132	0.193449679434614
-0.570464566344118	0.416175442749015
0.164392439225201	0.079867440550369
-1.66276115540865	2.07206778392495
-0.599895095240692	0.287562924833513
0.923265419571016	0.806424212642229
0.4213044733856	0.33586897084983
-0.68256193649089	0.595326296993712
-0.566328108343946	0.412291414943135
-0.179328344380508	0.119326643653211
-1.21854335910395	0.920675866428714
-0.178291500775606	0.118613100740279
-0.231165819827325	0.115499900122284
0.162400863971746	0.0409830958055786
-1.31718707886607	0.823588736786677
0.72129520528315	0.478612399329226
2.56874050903819	1.43039075188776
0.671304003309683	0.212965720540022
0.147573499985188	0.0640402653514418
-0.597277155374251	0.286060928733917
-0.0963581288115996	0.0565502990646472
-0.451697821961663	0.300142755651838
-0.0930720986797624	0.0369360906603901
-1.27521506962447	0.574747266706149
-1.79827400712943	0.382942964938875
-0.88628301612576	0.736006074750474
1.40331495629837	1.09197846209179
0.456610922279706	0.331852553509438
-0.376880709778223	0.295332715773368
0.0513929241312175	0.0301678147515464
0.329985843511453	0.20120610523718
0.393743889767899	0.177900411801674
0.154345440736331	0.0669096570821695
-0.239720800153421	0.120181040518234
-0.589366634424993	0.478232324979108
-0.388574756851164	0.219561972120144
-0.777964055139437	0.422968109734543
-0.175061924835259	0.093765060741334
0.013034042210765	0.00656875335499421
-0.694089768939047	0.608854992698814
-0.642546489253916	0.380677651047414
-0.0473733388207612	0.0207657473737777
-1.3333677669304	1.10159727937595
-1.79835097978106	0.382953978270685
-1.27670916685818	0.575668468512256
0.166691919569473	0.0419536988970269
-1.51853446946828	0.541976089171892
1.45769029797448	0.483533280097753
-3.46005827230016	1.23260132520798
1.0454798173394	0.397182748534993
0.162400863971746	0.0409830958055786
-0.670184826557972	0.470152549806798
-1.51494963266618	0.540305848955056
0.947560352748164	0.251716891447637
-1.80197754639448	0.383903353697165
-0.62503342749082	0.152907838403333
0.94807088907188	0.251931335472786
0.148503149870495	0.0281892610504199
-1.13362027945245	0.342902172857624
1.45806698971783	0.483796340944708
0.677525804070498	0.21497907874542
-0.725197552734606	0.249186509576262
0.153247518839476	0.0288421886814327
0.152289864541204	0.0287035071443224
0.166691919569473	0.0419536988970269
-0.629636196854164	0.153977935518255
-2.577202278156	0.663064687208724
0.825762411823769	0.348140128156457
1.96040941896093	0.441936123238363
2.11623613123944	0.948962502898558
1.95791760701363	0.441280139896969
-2.5814875372856	0.665060440379843
-1.2724223749879	0.572901819199514
-0.651012655789687	0.386675516628663
0.16707117146508	0.0420080923591852
0.160875819484411	0.0480497781693361
-0.347154315531778	0.0998482429459119
0.403524695239033	0.182794477072064
-1.97596877561514	1.37447996918267
-0.979269080017141	0.4848926069164
-0.785725499201289	0.428733727217893
3.26352329858721	1.1213740078214
-1.51330481624892	0.539630991333106
-1.79835097978106	0.382953978270685
0.166311360817904	0.0418484681801843
0.156904220635532	0.0602275171537131
-0.309440269469026	0.142381320529869
0.158189710937977	0.0768101097617266
-0.764086062426498	0.332088631279259
0.393213234553533	0.177650237664418
-0.646067024046375	0.383048034972947
-0.596482976054808	0.285499705181231
-0.691169430598124	0.605713270382303
-0.127471469829194	0.0718600191389637
-0.12793892837085	0.0721207892715899
0.345999255614076	0.19402986967412
0.323777138609571	0.211679824835744
-1.08904035395116	0.745873068029886
0.0443713180181324	0.0243053958664519
-0.491534138892762	0.369022988509712
-1.09570999748602	0.751879620718819
-2.06971291102341	0.943740604994579
-0.56783180795396	0.41369072383436
-1.13582369620544	0.343734699942405
0.165704597093625	0.0417255219351786
-0.456613303993617	0.304522182665921
-0.514630991185235	0.194661861681357
-0.262303212305408	0.164087826643535
0.155986207086685	0.0292416787556187
0.15626975600377	0.0292821097759299
-1.13521969998424	0.343544374381215
-0.536826810883351	0.340196124798855
-0.427858451238279	0.328798454296691
0.490989347095784	0.338335694846268
1.08921197351357	0.67048990728837
-0.23702181945096	0.118645904673959
-1.03002865371859	0.408868411482043
0.533792789739045	0.192056407531968
-1.27458834884304	0.574392686547494
0.154813591090059	0.05261311136075
-0.723858427247846	0.248624788373591
-1.51364953741781	0.539764698603452
-1.13971461971555	0.345009438584009
0.153526628680235	0.0288819285189665
0.149464413960118	0.0283283450696208
-2.57775304544287	0.66318910114962
-1.80197754639448	0.383903353697165
-0.629267545839357	0.153771215183604
-3.45598446335482	1.23025555319821
-1.81776116330611	0.741198338740062
-2.577202278156	0.663064687208724
-2.577202278156	0.663064687208724
1.95791760701363	0.441280139896969
2.75349844687128	0.768381126605175
1.95706969381346	0.441073865263096
0.166691919569473	0.0419536988970269
0.825231183436736	0.347733965292547
-0.628807341949763	0.15371861128279
0.152567656731362	0.0287430408348264
0.155986207086685	0.0292416787556187
0.944906190121193	0.251072355848773
-0.343223291761604	0.0987971723984263
-0.975143708565975	0.481983361314072
-0.724270980279016	0.248747351366331
-0.220500707384611	0.0711541768422124
0.301599700406799	0.238365576021654
0.390310100417263	0.333654858038899
0.97165347374653	0.967203812246399
-0.0659148013751551	0.0399842998853727
-0.221200905673869	0.143445365781069
0.764482459643627	0.754455538025386
0.160440111672439	0.0778440988259596
-0.185909888565746	0.0998761266231709
0.633441487767434	0.598374498680547
-0.598847946383956	0.28689056635019
0.0304632093576408	0.0221807967358265
-0.38314628631924	0.263812263378658
-0.243284385226962	0.122001844543819
-0.214295623660532	0.0692156550779169
-0.146483613250347	0.0524206738570132
0.167679655711552	0.042156489933972
-0.478399125067024	0.250480300379524
-0.016108226724998	0.00767252094160651
0.161782158512576	0.0785511543503289
-0.537053468772548	0.340689653722755
-0.3112529556991	0.185872784875828
-0.173695954611726	0.0929849296514885
-0.675771471465654	0.534476765152828
-0.723858427247846	0.248624788373591
-1.13362027945245	0.342902172857624
0.351101463064369	0.197061620044682
1.11528134095362	0.853498645243795
0.102169232562678	0.0701192537968102
-0.776952209912239	0.838144744155342
-0.919232743840441	0.674173674066794
-0.37963873471568	0.260910979147123
0.658460929767539	0.599595809807316
0.409784867061318	0.339677430301717
0.853851489244152	0.90392965235441
0.518071428767635	0.331420941887193
-0.495347953341077	0.451833980328543
-0.0287221908841208	0.0134346089061268
0.395360119557451	0.17875669532558
-0.283650900949908	0.205661265382734
0.183383637032779	0.113832860640524
0.0516676307226649	0.0303220683729106
0.407597831571239	0.351833584531912
-0.0647705490545854	0.039290458921298
-0.0595921500625441	0.0361284640171449
-0.536067093120051	0.339782793953475
-1.24652433545577	1.16723303767836
-0.771799243835988	0.418659623681249
-0.628807341949763	0.15371861128279
-2.46848394005383	1.37538134380962
0.160803134128977	0.0406203249121647
0.152289864541204	0.0287035071443224
-1.51885466658535	0.541921809220855
0.153247518839476	0.0288421886814327
-4.0033072927183	1.73759879224949
-0.628807341949763	0.15371861128279
-0.511312418026602	0.193302575730068
-0.224723959062827	0.0725118722465567
-1.81464460056793	0.739454066743349
0.152567656731362	0.0287430408348264
0.152567656731362	0.0287430408348264
-0.628807341949763	0.15371861128279
1.95706969381346	0.441073865263096
-0.627829060935039	0.153504607197422
-3.08559782341753	0.965445184573826
-1.79835097978106	0.382953978270685
-1.80197754639448	0.383903353697165
0.674406994924976	0.214010177433492
-0.629159511493121	0.153871316504896
-2.57747759965585	0.66335545132302
-1.01896064431893	0.403433301964411
0.669336367317634	0.21240221601861
0.152289864541204	0.0287035071443224
-1.13849388307931	0.344614401149477
0.360866391483584	0.182418767959731
-2.06840706939649	0.94281622690595
3.63584691762689	1.43122630608999
-1.51853446946828	0.541976089171892
-0.0533922081460383	0.023320968973608
-2.28286660464987	1.15469324870339
0.675067592191977	0.214306398275368
0.160117987884875	0.0614283888947425
-0.629267545839357	0.153771215183604
-1.80197754639448	0.383903353697165
-2.58120409692147	0.664991486920107
-1.51429942551804	0.540079204882619
0.150882619911791	0.0513268309948059
-0.762900274145912	0.331434318020362
-0.395629985495349	0.164908907884731
-0.389824029514932	0.1622220446978
-2.62009331336583	2.91219422141136
-1.32002432781483	0.826111742106854
-0.313337573605249	0.187253968104352
0.558796513103589	0.326381340543797
0.171458569835001	0.0994076138441063
-0.212557448288713	0.137296163554218
0.161728296038685	0.0620655366466359
-0.327970673952407	0.23241231707103
-0.77838753327496	0.666501299035511
-0.234305983262521	0.117120175160852
0.514967491440722	0.329077382362707
-0.0891130379539154	0.0354263445785917
-0.144224610998782	0.0515954998895758
0.163005169253914	0.0486190759293039
0.82468096808472	0.347502936330883
0.152567656731362	0.0287430408348264
0.908223326463872	0.49152217183596
0.66999328440441	0.21269616854207
0.951331866170054	0.252756684317784
-0.773216414798489	0.336936790822328
-1.02558641604596	0.406837006708145
-0.674606819608964	0.533780547483817
0.330006873076455	0.201001065715639
-0.0774956556697052	0.0471137450209735
-0.0579134364741226	0.0252321356710428
-0.604580021003204	0.290315004313803
-0.0222008899721548	0.0104537467484276
-0.220500707384611	0.0711541768422124
0.670649872073233	0.212844236167521
-0.23702181945096	0.118645904673959
-0.976521350600269	0.482583572204608
0.949511917528176	0.252227362219882
0.942957371619669	0.25056334066046
-1.51688545813115	0.541086496398081
-2.57747759965585	0.66335545132302
-1.79827400712943	0.382942964938875
-1.13910410688242	0.344899734416028
-1.79827400712943	0.382942964938875
-0.347480099168433	0.0999933239977275
0.165690756490165	0.0416910272978735
1.45476541507032	0.482531337515686
0.152289864541204	0.0287035071443224
-2.58524212677275	0.666574749875287
-0.721072169669292	0.247553433626533
-0.720404519989633	0.247290988830991
-1.79827400712943	0.382942964938875
0.152567656731362	0.0287430408348264
-1.79835097978106	0.382953978270685
-1.13521969998424	0.343544374381215
3.63685963656738	1.43190397098036
1.82186907363409	0.713432808989279
0.159364431100176	0.0611623308832068
-2.10366023096358	2.33952114736919
0.520737929801337	0.333453781218269
-0.439898320025444	0.339958376875758
-0.447114360718933	0.296902062431227
0.511320494886504	0.461240239526003
-0.398410255082831	0.225988366019526
-0.696600394006049	0.661511633842841
0.690343370669133	0.323489026654387
-0.384318794422864	0.264614387442892
-0.781606253425508	0.425781410351007
-0.999494676601387	0.899344225358833
0.0488936467268265	0.0286715223275771
0.338028867416849	0.206708360736523
-0.317567911689878	0.190097674153368
0.190548929303785	0.118557017186181
-0.392890645811615	0.163726265183229
0.159326275700263	0.0691370159631156
-1.47483231374372	0.743480579482887
0.550990561314383	0.32051338119579
-0.516726487620638	0.195487204534031
-0.537530265403985	0.341036483082134
-0.489119289767769	0.366532909564453
-0.782478838954926	0.425781425360571
-0.395233846078871	0.164875237695561
0.696134312012185	0.610868845500204
-1.14487716188103	0.996223251852383
0.158189710937977	0.0768101097617266
0.152935397581537	0.0586993033187709
-0.489956314090516	0.257672231310171
-0.534006837248953	0.337834841026101
-0.0165598324449429	0.00787916236006958
0.453874284104501	0.329476563381804
0.308219588006353	0.223788401653909
-0.267556543644355	0.167749242812298
1.41158718204409	1.10217215265888
0.165606503267733	0.0885982699487588
-1.43903856571925	1.28660088656324
0.965004062452701	0.658872737924352
-0.230294180675571	0.115059384993307
-2.23218447978582	1.87440921628312
-0.628807341949763	0.15371861128279
-1.13482941234436	0.34340642829894
-0.144729016317789	0.0518086814678952
3.93458270867333	1.7286866438442
-0.512982221754869	0.19396359228403
1.96040941896093	0.441936123238363
-1.79835097978106	0.382953978270685
-0.628807341949763	0.15371861128279
-1.16486324760229	0.653000991719944
-1.13910410688242	0.344899734416028
-1.80197754639448	0.383903353697165
-1.80197754639448	0.383903353697165
0.94807088907188	0.251931335472786
0.153247518839476	0.0288421886814327
-0.632939126134277	0.15468454480873
-1.13461598703551	0.343230613786831
0.156405419701574	0.0600373427044117
2.75349844687128	0.768381126605175
-0.627829060935039	0.153504607197422
-1.79827400712943	0.382942964938875
-3.08209765998152	0.963916510480773
-1.13461598703551	0.343230613786831
-0.342569521377039	0.0986187132378211
-0.344210615318698	0.0990368506115311
0.157402307591701	0.047080036463379
0.153247518839476	0.0288421886814327
1.45707753244512	0.483282553765983
0.152289864541204	0.0287035071443224
-0.645147713670818	0.382385626122668
-0.530813822463776	0.335785688786807
0.527816689171872	0.189769137536265
-1.51853446946828	0.541976089171892
-1.27084468491175	0.57233810057235
-1.02181759550244	0.404915960039854
-0.940450865437067	0.57584699385379
-0.514630991185235	0.194661861681357
-1.5126542472202	0.539316353407404
-0.62503342749082	0.152907838403333
-1.79827400712943	0.382942964938875
-1.79835097978106	0.382953978270685
2.12158435823691	0.952317198033751
-1.14009620739235	0.345227889980206
0.602583559035144	0.315649187593746
-2.18795670239472	2.56747516282402
-0.174597559304545	0.0935014218011455
-0.126190922225607	0.0710959719960098
-0.300003042558178	0.137573061450093
0.152998897216914	0.0587123670012067
-0.720801185410545	0.247515042606667
0.0121199610827675	0.0061169381547055
0.478138935743781	0.327722937598411
-0.21813398560582	0.141256318156096
-0.914956249689997	0.669144839214544
0.159163878709131	0.077200147821585
3.05889537499461	2.28581459934854
0.167463572729859	0.0814277441275022
0.612497339873765	0.321992619401076
0.321062961898442	0.209607396676232
0.150251518108603	0.0511196116992592
0.161415729852303	0.0407561524608698
-0.514001914291837	0.194387375528581
-0.516640021567978	0.195578035113981
1.57415548080227	0.783451546422932
0.951841444348566	0.252891357699991
-1.79827400712943	0.382942964938875
-1.79835097978106	0.382953978270685
-1.15907552995224	0.648798876745899
-0.788543603836961	0.522008177407142
-0.059781452674088	0.0362390110925618
-0.230897378664842	0.115472996259388
0.155986207086685	0.0292416787556187
-0.337820262048895	0.0972724494375125
-0.30299365621034	0.139228025529717
-0.343388592876165	0.0988541310686696
-0.627367542213354	0.153354696036073
-3.08118534013847	0.963229045953577
1.95791760701363	0.441280139896969
-1.79827400712943	0.382942964938875
-2.58120409692147	0.664991486920107
-3.08164138813046	0.963767470359232
-2.57747759965585	0.66335545132302
-0.13820927510853	0.049531032348743
-0.519121480217459	0.196545928752658
-3.09052621849641	0.967478563051375
0.156835118177656	0.0532837121933901
-1.80959145133886	0.736631752246989
-0.0522708398575307	0.0228284059721649
0.519404410210691	0.332467205671037
-0.317996863113238	0.190399137133263
0.609358587176311	0.319987227454737
0.532893109494982	0.464644044036659
-0.414056603318065	0.353443358875577
0.161876864241294	0.0865665312472344
1.24862248591584	1.06005522084619
-0.0715187183204494	0.0434270863198083
-0.0244399410323254	0.0114797294596132
-1.49857423133425	0.760201795270507
-0.391256506537968	0.221137288434386
1.62436050140343	1.14007753130049
-0.213639314943098	0.0690063709749365
0.345101875459451	0.193428326015883
0.177144929960873	0.115881943585914
-0.768114862745367	0.334314347835866
-0.951150852862146	0.584979431911074
-1.48061958401468	0.747791402904068
0.0156929699541218	0.00786052167831993
0.798173523423486	0.634779258080141
-0.645624517934206	0.38296293231673
-0.327601871707697	0.196947927567676
-0.980382180295135	0.485577017392583
0.796345541410557	0.633356636145164
0.368239877865408	0.186415715599932
-0.428677702953128	0.329490155254279
0.167513062115111	0.081448318848558
1.24604775513511	1.0569793176586
0.556518835360337	0.325244548253371
0.331081071511838	0.201772158730078
-0.184095190505407	0.0988593859373185
0.727716291560602	0.48367117034139
-1.08809530102896	0.744994546604407
-3.4565848348623	1.23040818352441
-1.13190405565215	0.342469779892572
1.33542918143198	0.585518840032983
0.666057985126717	0.211344647530167
-1.81472218726632	0.739418880999967
-3.08164138813046	0.963767470359232
-2.57747759965585	0.66335545132302
-1.79835097978106	0.382953978270685
-1.13642797594247	0.343807560451606
-3.08164138813046	0.963767470359232
-3.08652986879455	0.965774290031657
0.152567656731362	0.0287430408348264
0.155986207086685	0.0292416787556187
1.95791760701363	0.441280139896969
1.95791760701363	0.441280139896969
-0.627829060935039	0.153504607197422
-2.58120409692147	0.664991486920107
0.948535538575274	0.252058145640786
0.951331866170054	0.252756684317784
-0.627367542213354	0.153354696036073
0.15626975600377	0.0292821097759299
-1.81937129385307	0.742146991690708
0.152207512413174	0.0287281007494042
-1.1355628376793	0.343674610704711
0.152567656731362	0.0287430408348264
-0.345833967465969	0.0994846900020102
0.149464413960118	0.0283283450696208
1.95706969381346	0.441073865263096
-0.141613477265566	0.0506925453352637
-0.141974700101701	0.0508226116299135
-0.220273125496108	0.0711077393958585
-0.233515529185709	0.116852404668532
-0.340124379015428	0.0979309335927298
1.95706969381346	0.441073865263096
0.153526628680235	0.0288819285189665
-0.627367542213354	0.153354696036073
-1.5126542472202	0.539316353407404
-0.402524856987093	0.168099686645486
-0.981077619690576	0.486328958277092
-0.767761488763089	0.3340892272935
-0.785122232482123	0.518839114811724
0.166264119494978	0.049533131724672
0.789985282551532	0.474839407344875
-0.141381032056214	0.0506159875060989
-1.27116604563861	0.572193864598171
-0.453091711803697	0.301505838263103
0.560124755777473	0.327344181047536
-0.64568353027202	0.3831228120184
-0.637541552199247	0.376753214128116
1.37819862395477	1.28469854968949
-0.0938844786016753	0.0372437459496391
0.725151157188247	0.481432288015587
0.157402944201754	0.0534351553820693
-0.390943736994562	0.162719877466899
-0.537262090567083	0.340570205516183
-0.0972523012820933	0.0385785712498312
-1.02582176479153	0.40676668488424
0.951331866170054	0.252756684317784
-0.390943736994562	0.162719877466899
-1.81092155243237	0.73740971841088
0.452422853821834	0.182078591715383
0.952312839774606	0.25302018984475
-1.79835097978106	0.382953978270685
1.82513230176872	0.715356894962213
-1.80197754639448	0.383903353697165
-0.300505221008965	0.13780876206045
-0.320231905313584	0.19203511477302
-0.392873220777312	0.222484756450171
0.0970568284393555	0.0664872610419303
0.79152765984751	0.74847311378284
-0.387580870336957	0.219097996762977
-0.00268472885572058	0.00177004159448765
-1.17618624035354	1.20640526247581
-1.23819015797126	1.15499026340069
-0.980642634603263	0.485510889516647
0.152263850250901	0.0456177891614735
-0.486883659832755	0.255974048994958
0.155033518363628	0.0526840217885624
-1.80197754639448	0.383903353697165
-0.344210615318698	0.0990368506115311
0.670812914089499	0.212854749205772
0.152207512413174	0.0287281007494042
-1.13422470394875	0.343215945535417
-1.1434022229194	0.346229899812888
0.153526628680235	0.0288819285189665
-0.344210615318698	0.0990368506115311
-3.76483600367473	1.49283486890462
-0.687332468969948	0.601219888225332
-0.530960537122534	0.441909641417669
-0.774986222430761	0.662488695355419
-0.437394062558529	0.3374186335081
-0.324119539387832	0.229276258549342
0.176554815287346	0.102636729519046
1.01101772077606	0.835347177974436
-0.322434196414151	0.193469486145927
-0.0274416970325694	0.0204948196920227
-0.315479527204897	0.188707641462252
-1.60077396630356	1.23306071723099
-0.398227995516864	0.22605429055099
-0.384534918874958	0.264883442536277
0.290493650177132	0.236915958860825
-0.326253502810314	0.196045407859237
-0.373909781288525	0.256280777930997
-0.783801897673648	0.601996645933508
0.394837869658448	0.178644118902735
-0.663817883486659	0.464098818955504
-1.66275045878517	2.07196102497901
-1.65674181409379	2.05918891365778
1.4289918733188	1.79400381167865
-0.598533088035599	0.286442127184834
0.0527443581131116	0.0309456576904366
-0.913885566270329	0.669020283309583
0.334538507189399	0.203977171136959
-0.145424518712166	0.0989033995510406
-0.209913174416388	0.157693638330511
1.10913589103176	0.84667495019509
-0.178166763696496	0.118519738753918
0.178580445929256	0.110570091859111
0.000037458108789335	0.000207289378698605
-0.780118118203792	0.731485959195567
-0.533219520023065	0.337705359841725
-0.339790488243606	0.0978106518099645
-0.628347365301396	0.153568930486371
0.157850726922151	0.0535992456199043
-0.221158427899559	0.071360347088866
-0.62503342749082	0.152907838403333
1.95706969381346	0.441073865263096
0.153526628680235	0.0288819285189665
-1.13422470394875	0.343215945535417
-1.32600715933987	0.831996850916588
-1.51494963266618	0.540305848955056
-2.577202278156	0.663064687208724
0.152289864541204	0.0287035071443224
-0.34780711222598	0.100028606261835
0.152567656731362	0.0287430408348264
-3.08118534013847	0.963229045953577
0.161787544386438	0.0408470066516523
-0.35143998618836	0.101034873832797
1.82890866226964	0.717371086523666
-1.13482941234436	0.34340642829894
0.943931183072951	0.250903413595175
1.33681578405904	0.586406825513233
0.950862031539505	0.252628333014658
-1.13582369620544	0.343734699942405
0.949511917528176	0.252227362219882
-1.79827400712943	0.382942964938875
-0.627829060935039	0.153504607197422
-0.0994085682835785	0.039396150739155
-0.343223291761604	0.0987971723984263
-0.768944294866461	0.334721769210418
-1.13948670365002	0.344942610687521
-0.632432130022522	0.154575713959717
-0.0540971018971297	0.0236037103052549
0.797744796868584	0.634256018112143
-0.0656689045383139	0.0398411861467419
0.586215961511808	0.471050290954982
-0.481724584458429	0.252693433896997
0.154740770752363	0.0525923721877549
1.46167105602991	0.914073126912028
-0.0938939767979524	0.055071701847409
0.33491459799261	0.204510958847494
-1.80474331360746	2.07926959651596
0.552256052964417	0.321506246093187
0.150523503025892	0.0653077753415023
0.514112717732671	0.328573053227326
-0.568824181816466	0.414159882748643
-0.638544470957305	0.377852872594379
-0.0927688018518389	0.0368620520998232
0.670977551868057	0.213013404742869
-1.02026869500549	0.40408181312214
-0.514630991185235	0.194661861681357
-1.51395570496283	0.539857861420258
1.41164442363142	1.10176293917811
-1.13362027945245	0.342902172857624
-0.343223291761604	0.0987971723984263
1.33366758907542	0.584614927374746
-0.537923473027321	0.341305364775366
-1.83166002629254	1.67825709413647
-0.263267276657098	0.164857872304781
0.669795033615839	0.481257129631957
-0.0575238680023509	0.02506278152188
-0.0504485973175476	0.031458324167402
-0.0462067089421994	0.0202747047103019
0.158600102040651	0.0770818079482631
-0.952431203186	0.585623239861267
0.527156712725929	0.189470465882784
-0.399757862224215	0.166809613595019
-1.01394764579245	0.401035955536872
-1.02140349604103	0.40462053419898
0.162479935061762	0.0485106492306684
-0.628807341949763	0.15371861128279
-0.342904767182509	0.0986489157334515
-3.08164138813046	0.963767470359232
-2.58120409692147	0.664991486920107
-0.33946832567862	0.0977521416130555
-1.13910410688242	0.344899734416028
-2.57747759965585	0.66335545132302
-1.51364953741781	0.539764698603452
-1.26119382851407	1.37083355018546
-1.59502163339347	1.22635537166496
-0.128317875407144	0.0723630983411308
-0.484342440585466	0.254295160997527
0.910965751214415	0.938161060815029
0.336997044674986	0.205793667906336
1.25713779326694	1.07101457314642
-0.0711255979930229	0.0509427842267332
-0.646027265078088	0.382996070869013
-0.327903931550357	0.23227457026199
-0.915601897226326	0.670019164981197
-1.03520924857659	0.829334099627228
-0.0166441211712553	0.00792862683540434
1.04277280926578	0.994557546363439
0.332259126951857	0.20236975546518
-0.483226370245021	0.253293375891541
-0.48004791038719	0.251496765511263
-0.529077422824624	0.334429190332173
0.660058203750935	0.601651937487433
0.739735141868253	0.619868674563713
-0.175061924835259	0.093765060741334
-0.787963869622416	0.429745860951452
-0.2383596344773	0.119344171594358
-0.181718749225374	0.121086783681257
0.485934715438642	0.33381590525693
-0.784583731584805	0.519012366936556
-0.105736279193628	0.0621910943263482
0.318561834693922	0.220650606422716
0.322810075435076	0.210716724762428
-0.789290953057669	0.52333141366389
-0.594872075250488	0.484015298206952
-0.0391450520451413	0.0244109143854175
-1.46109828800026	1.01602451239226
-0.486776473537787	0.25588967394822
-0.342904767182509	0.0986489157334515
1.95706969381346	0.441073865263096
0.159941194521509	0.0543013031904569
0.162742974316792	0.0485792905021731
-0.215184417856504	0.0694920488130609
-2.57775304544287	0.66318910114962
0.165187684093923	0.0492379178847392
-2.06946681337209	0.943437666558306
0.152567656731362	0.0287430408348264
-0.514001914291837	0.194387375528581
-1.51330481624892	0.539630991333106
0.675727856461394	0.214455585681223
-1.51084659522504	0.538498609405326
-1.81937129385307	0.742146991690708
0.149464413960118	0.0283283450696208
-0.633409029549556	0.154789771896201
-0.628807341949763	0.15371861128279
-1.13422470394875	0.343215945535417
2.74073660169701	1.67867594968121
-3.45598446335482	1.23025555319821
-0.343557529393447	0.098858556674811
-2.57775304544287	0.66318910114962
0.948535538575274	0.252058145640786
0.153526628680235	0.0288819285189665
-3.46476574581887	1.23479767067539
0.951841444348566	0.252891357699991
-1.79835097978106	0.382953978270685
-0.216073906032278	0.0697456994821053
-1.27179409224048	0.572572110528683
0.166691919569473	0.0419536988970269
0.948535538575274	0.252058145640786
-2.57747759965585	0.66335545132302
-0.947367544942486	0.581722693931633
-1.71988322463224	1.44976600751555
-0.232599396272252	0.116204474386831
0.352431597283712	0.197953187337651
0.872511379215624	0.650191271301063
0.618561519096734	0.471339182022403
-1.83204886089929	1.15300438025087
-1.24235324723222	1.15883713402615
-0.604385963324169	0.28993546473718
1.00948478126026	0.833238997450296
0.399300603945175	0.180806812694749
-0.317337900725157	0.190090651748323
1.09216758950391	0.673489342914159
-1.66763690551666	0.941299324199867
1.08505243241231	0.667600763949939
-1.15883424739338	0.647756780659277
-0.781136798351403	0.424865941033009
0.162189589756564	0.078759260115974
0.690343370669133	0.323489026654387
0.152289864541204	0.0287035071443224
0.149620174394261	0.0509003948786302
-1.02558641604596	0.406837006708145
-0.605151413489572	0.290368674227345
-2.57747759965585	0.66335545132302
0.671634827760764	0.213161681695785
-0.719194825953782	0.246846541949292
-0.726132227916529	0.249449469641422
-0.0956678615367183	0.0379637063348422
-0.176862467104668	0.11757500778119
0.169488076259706	0.0908379887016671
-0.0941453946687854	0.0552162912395089
0.0106071016720684	0.00534872116305057
-0.771916236709453	0.658578959402453
-0.0536160207267586	0.0233999342599115
-0.39517756003913	0.224096636458046
0.166084152255821	0.0418055330790301
0.827710620012205	0.348965796964443
0.82490709530499	0.347736304875159
-0.49539443936217	0.26077682949255
-0.343557529393447	0.098858556674811
-1.79835097978106	0.382953978270685
-3.08559782341753	0.965445184573826
-0.631960666018702	0.15447017218279
1.45575253921811	0.48289648887464
-2.577202278156	0.663064687208724
-1.13849388307931	0.344614401149477
-2.57747759965585	0.66335545132302
-0.215184417856504	0.0694920488130609
0.150694710913786	0.0653494715647683
-0.638832292792925	0.377582024128762
-1.13129699285405	0.342278739405472
-1.13582369620544	0.343734699942405
-1.79835097978106	0.382953978270685
-1.79827400712943	0.382942964938875
-0.628807341949763	0.15371861128279
-2.5814875372856	0.665060440379843
-0.0586890614129214	0.0355765932396585
-0.370974141994776	0.289768744537096
-0.181292314677335	0.0972714823782172
0.396296249764671	0.340023011731714
-0.388826279584695	0.219804180013813
0.19230411508702	0.138486181640323
0.322034156005212	0.21042252282113
0.816532486568034	0.781971248773645
-0.216450522811335	0.140124617647924
-0.211774415908157	0.136716070914129
-0.583766879389974	0.472331488721003
0.797132566475024	0.479776047931977
0.423486453749033	0.338147692977731
0.0521605707517425	0.0306167222941986
-0.472539928693088	0.246930339305778
-1.47100806291322	1.02809184666414
-0.450427922339275	0.299143431839615
-0.911197483651052	0.666079213228185
-2.28857160600577	1.15893269175025
-1.21422352324758	0.915313902516956
-0.486300516633197	0.255592473519175
-0.97027057163541	0.956071334842884
0.330940663714797	0.217102345246798
1.12995750723354	1.02427941036685
0.153873216038463	0.0591052634937605
0.198080295821394	0.153944522071121
-1.15064621055639	0.64183316277209
-0.257639789226495	0.160876499851519
0.179898889414854	0.104744682674733
0.715482735972687	0.723633111654452
-0.975441068760145	0.482163989366263
-0.0467923634722584	0.029175712872157
-0.102632095396071	0.0603158293940323
-1.22143610131453	0.924412807840698
-0.43594749048037	0.33626131568692
-3.08164138813046	0.963767470359232
0.537822771634915	0.193597818709898
0.94807088907188	0.251931335472786
-0.979565138712446	0.485108803116686
-0.233974909469624	0.117087376078709
-0.337820262048895	0.0972724494375125
0.153247518839476	0.0288421886814327
0.165690756490165	0.0416910272978735
0.158074474787349	0.0472574922808909
-0.72013323546054	0.247288973526613
-0.0980656174714438	0.0388915532188351
-2.07855745832461	0.948936162363971
-0.628807341949763	0.15371861128279
-3.08164138813046	0.963767470359232
-0.725197552734606	0.249186509576262
-2.57747759965585	0.66335545132302
-0.628347365301396	0.153568930486371
-1.79835097978106	0.382953978270685
1.57859573591636	0.786777006329898
1.82725871051587	0.716521694707993
0.529576794989163	0.190434980333926
-0.72013323546054	0.247288973526613
0.158074474787349	0.0472574922808909
0.152567656731362	0.0287430408348264
0.156835118177656	0.0532837121933901
1.45707753244512	0.483282553765983
-1.51853446946828	0.541976089171892
-2.57775304544287	0.66318910114962
-0.628807341949763	0.15371861128279
-0.720508771513364	0.247389608463745
-0.213407527517472	0.0689186426519193
-1.26969626205909	0.571521770859234
0.166691919569473	0.0419536988970269
-3.08652986879455	0.965774290031657
-1.83047047287142	1.15155194327569
-0.178032367402949	0.0953902767752288
0.348586634111645	0.195646076055496
-0.324477787798485	0.194799258569579
-1.663347774051	0.937605589314192
1.40636150636422	1.0958000215348
-0.0587820859534135	0.0256005112505989
-0.233936562064735	0.117090029327516
0.520758032964248	0.333545256122823
-0.940368009978136	0.575841733278831
0.155992086806561	0.0676685766555785
0.409780771345321	0.185895107120902
-0.0178988681477929	0.00848613965637239
0.724339841438263	0.480585236442473
0.307144885030608	0.22291149202787
0.663169627018254	0.474688838601934
-0.265248049295541	0.166157552257601
1.00605812899005	0.830108823771798
-0.515810187634811	0.195198678425078
-0.342235478378113	0.0984932623692754
-0.141381032056214	0.0506159875060989
-1.13482941234436	0.34340642829894
-0.1479006917775	0.0529122719445307
1.82890866226964	0.717371086523666
-1.13642797594247	0.343807560451606
0.944906190121193	0.251072355848773
-0.21584116833564	0.0696924945480662
2.12066304185672	0.951843841296293
-0.603280255033303	0.289377678994227
-0.786719855905986	0.429401204513787
0.315548452761776	0.218421677894864
-0.127580913586513	0.0718916352439184
-0.308003249279784	0.141575873442339
-0.483131419439849	0.253668373297234
-0.633409029549556	0.154789771896201
1.0690142910559	0.518371700421409
0.156004173205372	0.0530087596813196
-0.151113246556624	0.0540535832297715
-3.46005827230016	1.23260132520798
-0.624566751454544	0.152757086863399
-0.716346626154106	0.245810055243264
-1.14834567828954	0.347746400990435
-0.628807341949763	0.15371861128279
-1.13190405565215	0.342469779892572
-2.57747759965585	0.66335545132302
-1.81531143656286	0.739856402475655
-0.214926988436609	0.0694297469164798
-1.81909546969486	0.741894858619222
-0.142440177804696	0.0509737826404277
-1.13910410688242	0.344899734416028
-0.627829060935039	0.153504607197422
-1.79835097978106	0.382953978270685
-1.14009620739235	0.345227889980206
-3.08209765998152	0.963916510480773
-0.0682730440141612	0.0414322919622975
-0.2676855973395	0.167915542797036
1.17329607700306	1.57599874116007
0.797311849299292	0.480504184187545
-0.659068905715069	0.460218491189298
-0.519246254028271	0.429495115000229
-0.870644491467572	0.799597346420092
-1.33623057540444	1.10584002072155
-0.454693228755379	0.380746291056046
-0.779335161643142	0.59766617200991
0.0725387002639937	0.0451217244119291
-0.389916938249152	0.220360167416666
-0.0499647003777494	0.021861406209612
0.758673915123672	0.746689765827842
-0.0144987355328964	0.00694987284333925
-0.641095440985464	0.37909326430914
-0.0508281817419171	0.0222238557932999
-0.779016507441443	0.513709180700288
-0.326742531104968	0.196368018422227
0.173742610037436	0.107410653419345
-0.595481559745337	0.48496763649978
-1.08904035395116	0.745873068029886
-0.338812598915516	0.0975423827176717
-0.342569521377039	0.0986187132378211
-0.25352291550644	0.158017661526476
-0.180569617472295	0.0968823360433709
-0.327913290205603	0.260405258033186
0.58573525820355	0.470866644348287
1.16738876412922	1.56385851689863
0.698637946443475	0.327891418746038
1.2533912104178	0.872749903464085
0.053655099261685	0.0314560669373643
0.173094652822085	0.100574847454469
0.343970835851859	0.192838810656528
-1.32186995262407	0.827584605886025
0.165195645034882	0.0885440088455276
-0.0495797235249327	0.0217002812945495
-0.216489681493366	0.140115240971835
-1.9212914405861	1.88300956361306
-0.0938650371972529	0.0372807124893222
-0.389371182878124	0.220248158520433
0.552959765823552	0.322694863753572
-0.781976855199311	0.516678403462562
0.448425309584677	0.180281330959951
0.670319945898335	0.212719010726886
-0.791910072097128	0.5253222713834
0.963982204824644	0.658434443758074
0.94807088907188	0.251931335472786
-3.46005827230016	1.23260132520798
0.949511917528176	0.252227362219882
-1.13422470394875	0.343215945535417
0.166528409127177	0.0496297620210776
-0.391907778202739	0.16328129720424
-2.577202278156	0.663064687208724
-1.51494963266618	0.540305848955056
0.166691919569473	0.0419536988970269
-0.768944294866461	0.334721769210418
-0.631960666018702	0.15447017218279
-1.79835097978106	0.382953978270685
0.162772361662218	0.0410490143575106
1.95706969381346	0.441073865263096
-0.348139745002389	0.10015256573937
0.947560352748164	0.251716891447637
-0.10251706621097	0.0406256358155601
-1.66792628810049	0.941150812679006
0.149425405767061	0.0574135894520975
-0.512774894780034	0.193916140778872
-0.485691759351583	0.254980358026641
-1.13667337212065	0.985264687997346
-0.7612546516549	0.330686409285545
-0.302830595146198	0.139070945211707
0.161782158512576	0.0785511543503289
0.68941982057982	0.32268712919855
0.668891309807139	0.480420988009326
1.66381789781458	1.57660919413371
-0.772390297871875	0.336530248145508
0.161787544386438	0.0408470066516523
-0.0179836665390314	0.008538021422969
0.332032455626577	0.202488920806602
-0.312854430581266	0.186959299584514
0.866962486773953	0.643943082399266
-1.83152257965272	1.15259010379683
-1.59402434864957	1.22248634405684
-0.143083504265613	0.0512551019499494
-1.71353687432676	1.43902727832221
0.152830907934869	0.0662551558130761
2.74237935755595	1.6803115782299
-1.48770696054867	0.753143536156734
-1.81776116330611	0.741198338740062
-0.395071670435589	0.164675396539339
1.95791760701363	0.441280139896969
0.166691919569473	0.0419536988970269
-0.720801185410545	0.247515042606667
-3.4565848348623	1.23040818352441
1.28187715105877	0.708598307729972
0.800654860759513	0.482654968866415
-0.517564039318975	0.195752224477386
-0.789639438520053	0.608348365862614
-1.51919018322957	0.542251856895701
-2.46509395433372	1.37139533177835
0.161627494153465	0.0785569957021444
0.150485089441461	0.0511733323977845
-0.343223291761604	0.0987971723984263
-1.13461598703551	0.343230613786831
1.95706969381346	0.441073865263096
-3.4565848348623	1.23040818352441
-0.342569521377039	0.0986187132378211
1.0452306767165	0.396944800699935
0.167299398578488	0.0420768316112512
1.57281895962374	0.782960786155783
-0.520991604825621	0.197343930777988
-1.022712746104	0.405179718951923
0.162479935061762	0.0485106492306684
-1.13582369620544	0.343734699942405
0.166311360817904	0.0418484681801843
-1.51395570496283	0.539857861420258
-1.79835097978106	0.382953978270685
-1.79827400712943	0.382942964938875
-1.14427153627198	0.996281743815646
0.0654228452807603	0.0406140168673947
0.0281501084112492	0.0154744224042794
-0.234469503599658	0.117371733680468
0.155911237575542	0.0757202352631316
-0.89059304357917	0.741193394367323
-0.456226294326829	0.303746129914964
-0.324477787798485	0.194799258569579
0.872404219923883	0.64981182914407
-0.0166441211712553	0.00792862683540434
-0.532157524103569	0.33678288390191
0.0654228452807603	0.0406140168673947
0.519999587916065	0.333226186174914
-1.83332018243613	1.15528572800174
0.859751566385199	0.788143054608006
-0.646507122602337	0.383425182925091
-0.519965097770059	0.43018860152697
-1.47508636144184	1.03201120614981
-0.639291941711779	0.377957628199708
-0.787963869622416	0.429745860951452
1.82923234120697	0.717272154981968
-0.237997118059901	0.119247896195905
-0.174625800119349	0.0935165830384777
-0.331013272531733	0.288605271037966
-0.391973430729729	0.221917791757451
0.0092692146509803	0.00468985253335706
0.725139419242813	0.481456168442762
-0.092424955946755	0.0541903079491763
0.482233326425981	0.331264541324403
0.309163049674776	0.224621669719674
0.425190899196555	0.339774553451556
0.0308864856546904	0.0169995332974407
-0.536355898241383	0.339866826694789
-0.0394260766467446	0.0245886166605491
0.0597092172465033	0.0350348020051648
-0.450917161948035	0.29971748046
-0.32017410681255	0.191977651194764
-0.785288190133022	0.42794464416495
-0.390841780948598	0.162864950943953
-0.662462420121435	0.463512989567089
-0.0626328074154846	0.037985920728343
-0.386419915788622	0.21817737674147
-0.390810142693215	0.220943342199761
1.24644774738841	1.37877753467179
1.96788034881442	1.23275792165952
-1.52279095320724	0.543599882963436
-0.726802235324399	0.249630182049429
0.154991711035925	0.0752703955641006
1.04572814850154	0.397008300619947
1.45868047865843	0.484047550536175
-1.79835097978106	0.382953978270685
0.153247518839476	0.0288421886814327
-3.45718548577975	1.23020251223423
-1.82433768492818	1.6669066446136
-0.390286637919128	0.162633263694202
-2.57775304544287	0.66318910114962
-3.08606373064433	0.965887782759055
0.153247518839476	0.0288421886814327
-2.57747759965585	0.66335545132302
2.75349844687128	0.768381126605175
0.165858197331239	0.049441036827577
1.33769715960399	0.586940811923239
-2.06466636020324	0.940256308265765
0.947097253557627	0.251590606337117
0.947097253557627	0.251590606337117
0.943931183072951	0.250903413595175
-0.395476446017133	0.224034237860577
1.83203983245014	0.718669237324705
-0.633409029549556	0.154789771896201
-0.629267545839357	0.153771215183604
-0.515260306744374	0.194916268075376
-0.0891130379539154	0.0354263445785917
1.67186641495099	1.58995623127191
0.450215205359741	0.181119832882834
-0.483226370245021	0.253293375891541
-0.316604914470201	0.189476249825791
-0.593276661302542	0.283533087772065
0.160902927353773	0.0780751652854195
-0.443968702741635	0.29442220125807
0.391888237491085	0.177072405478446
-0.29767394357499	0.136545774717007
-0.385847116564711	0.160532229317468
1.35167038948431	1.43553133462793
0.183470480249559	0.106861436974659
0.148799816130941	0.0571605520346205
-0.947367544942486	0.581722693931633
0.75164955612157	0.632972813853281
-0.178325809849769	0.0956432000648378
0.157155801334797	0.0681890567676786
0.546406811808388	0.317573515487669
0.39743817424851	0.179869013965184
-0.451097192803024	0.299940080461471
1.33347669524784	0.58444008385038
-1.6742431854809	0.946868725008398
-0.526539251031829	0.199502459143743
0.166691919569473	0.0419536988970269
-0.299849433371449	0.137576243113834
0.167456389266164	0.0498754746523784
0.158160912494813	0.0686419741601485
3.63887061794827	1.43264022652771
-0.633409029549556	0.154789771896201
1.78488697119401	0.999256875757298
1.8271356192571	0.716159299630045
-1.15432470982264	0.644563501933851
-3.08559782341753	0.965445184573826
-0.377762313734458	0.25932543793939
-0.768944294866461	0.334721769210418
0.153317330149606	0.0588970866053136
-0.138442383117071	0.0496040168810717
2.75446121880292	0.769079402442662
0.158323275965016	0.0473326847049123
-1.14500748998934	0.34676210015847
-0.627829060935039	0.153504607197422
1.03610681462668	0.392933684162
0.150723018578252	0.0578874948470339
-1.07871827602794	0.73500777345591
-0.493060781392256	0.259348051165225
-0.392970158943277	0.222219534932444
0.149110313200244	0.0572757439358563
-1.84243089101627	1.16419213733691
-2.58120409692147	0.664991486920107
-0.611718436434094	0.543790669279528
-0.0527513876451211	0.0230331424896915
-0.5366854565238	0.339818699303295
-0.25031201274421	0.185586414662978
-0.78930819707142	0.52309662166593
-0.294394844253828	0.237919853158242
0.153679357488054	0.066721754390136
-0.0981035067165029	0.0388842531271731
-0.858950362517946	0.855470273182906
-0.641086540630357	0.379095580495332
-0.970043135196232	0.47894746057122
-0.247829955548049	0.18342312627291
-0.00489007765416824	0.00315688843323457
0.32998257113021	0.216232190636166
-0.785356035565175	0.60319276010696
-0.0161989674628241	0.00772459306579063
0.622594713238804	0.475497725138555
-0.260849104925811	0.163082827802815
-2.1156493609459	1.62615475826674
-0.488397184970422	0.36614358054653
-0.388197675575098	0.161522746371051
-0.664091893963217	0.464853357112605
-0.289039606789127	0.132286240433061
-0.483232744206752	0.361175750893399
1.45806698971783	0.483796340944708
-1.70777706353723	1.43180828622692
1.13042882287602	1.02515892726586
0.17780858688259	0.110067481096119
0.802295586745612	0.639197961482164
-0.667546035375395	0.467507480059249
0.161172763513958	0.0618589033233582
-0.857218152132369	0.852979253465496
-0.09513410811201	0.0558130817973479
-0.443008427375005	0.293520740649164
-0.919666846061003	0.674597886021883
-1.47659211971736	0.74483686191083
-0.320883054081337	0.192509121813893
-0.783668220835848	0.518396977931031
-0.447534907333771	0.297021164719999
-0.00378157346387612	0.00245885837409305
-0.233515529185709	0.116852404668532
-0.632432130022522	0.154575713959717
-0.340124379015428	0.0979309335927298
-0.300338448597807	0.137772275218941
-0.145660451905249	0.0521326844593336
-0.340124379015428	0.0979309335927298
-3.08209765998152	0.963916510480773
-3.08606373064433	0.965887782759055
-0.627829060935039	0.153504607197422
-1.13422470394875	0.343215945535417
-0.0975367921172222	0.0386896573988339
-0.345039821196303	0.0992838353249335
-1.81405663489635	0.739163554129331
-1.79835097978106	0.382953978270685
-0.628347365301396	0.153568930486371
-0.514425029487373	0.194514818086122
0.824791885509457	0.347423104441754
-0.721072169669292	0.247553433626533
0.666057985126717	0.211344647530167
-0.342235478378113	0.0984932623692754
1.82480922054022	0.715302875396814
-0.382174889294509	0.158890278821017
-0.515889861149168	0.195150861370295
-1.26720229454899	0.570065067114721
-1.13543440488342	0.343479590196383
0.171207721440545	0.0429238305772998
-2.577202278156	0.663064687208724
0.156835118177656	0.0532837121933901
-1.51364953741781	0.539764698603452
-0.304479157517064	0.139902024501374
-1.27605282856675	0.575459260120326
-0.319745181497646	0.191700848568206
-0.0170060599243732	0.00808191997686464
1.10279875029992	0.840349218614118
0.454432327347969	0.183046639295393
0.453358879526006	0.182597486635333
-0.481005251357737	0.252069660849594
0.19639267575978	0.129560534692033
-0.0518860650772552	0.0226643289873338
1.54428208918939	1.33524028011959
1.62881293064946	1.14534612789453
-0.667000175769807	0.467191337703261
-0.781885666573401	0.670256575336287
0.871689517004379	0.649145193510658
0.155488531141051	0.0674392482437809
-0.639424819765485	0.37845738699253
0.803231095375924	0.484706816437417
-0.29851088456123	0.136952888904944
0.90429918284966	0.488395906446231
-0.0278228681384605	0.0130222478242196
-1.83987713993315	1.16208990271659
0.796885493243993	0.634254957102384
2.02713267984165	1.92417820764245
0.161787544386438	0.0408470066516523
1.82480922054022	0.715302875396814
-1.48924833017051	0.754075143999938
0.150353979836791	0.065230280679995
0.512188943592397	0.32664935794224
-1.82311617549946	0.743734674317471
2.75446121880292	0.769079402442662
-0.211570661634719	0.0683393251116937
-0.0550596611574256	0.0240068902306257
-0.0927896157019774	0.0368282351882246
-0.2250095325334	0.0725920900084867
-1.32325672472008	0.83031003723575
-1.79827400712943	0.382942964938875
0.161546088205671	0.0482379354240544
0.155986207086685	0.0292416787556187
-0.629636196854164	0.153977935518255
-0.629267545839357	0.153771215183604
-2.57775304544287	0.66318910114962
1.06842181013715	0.517858520022128
0.670319945898335	0.212719010726886
-1.13482941234436	0.34340642829894
-1.51853446946828	0.541976089171892
-0.976101141403147	0.482953123075632
0.163149905636875	0.0486839149701593
-1.02937273979507	0.408458457605582
-0.0920120072414227	0.0365206831931245
-2.06441503007623	0.940014395257253
-0.790238565760817	0.431560255443424
-0.613798664282895	0.546166948801867
0.187978903832335	0.14031616936346
-1.4440789806309	1.29382303882862
-0.921057503953862	0.675827865096546
-0.999905816550512	0.899862666956773
-0.48233378682377	0.360326773547681
-0.3287598496394	0.261412067124623
0.00476622167872281	0.00251847902698981
-1.24572469301568	1.16548046288469
-1.59663776410451	1.90028154401645
0.47908915323575	0.328393780411624
-0.379292546898094	0.260496719483059
-0.492307535593642	0.448546042072502
-0.114275893419366	0.0791420313253139
-0.177790434893306	0.11817769565968
-1.24359496678539	1.16220256473968
-0.780756528728835	0.790109615271166
-0.447959342963573	0.297566008292896
-0.0000720811190015081	0.000109554532939803
-0.172233339101204	0.0921784503408071
-0.6469473773646	0.383659402745279
-0.900399811681049	0.654371266257065
-0.0535173983444607	0.0233523963182734
-0.138847512932221	0.078510123656995
-0.126989077151874	0.0715955773818517
-0.318526109017448	0.190565546326459
-1.43331920687948	1.52816544714765
-0.100355667352119	0.058946598035597
-0.184342445633701	0.12294490993138
0.00740742909478869	0.00379390374667557
-0.0370561575010899	0.0231206032211759
1.36380307921346	1.45499415115191
-0.219934413179234	0.142549709355766
0.661016022768183	0.473210044202046
0.404684600455845	0.334828624340339
-0.599637409626921	0.287138428430173
0.0308649561596604	0.0169643243021371
-0.778882799485929	0.596946444086666
-0.535446100643053	0.338758919958652
-0.783061846161901	0.426936453154259
-0.384528767460958	0.217068599448323
-0.914086987201396	0.66833462314955
0.96852041981755	0.662349773226596
-0.890261861710744	0.741013600540595
-0.489302492676825	0.366967903130241
-0.257567071852831	0.160822749410815
-0.656461165631111	0.457977699907858
-0.835076209660314	1.05710240332158
-0.21647677986911	0.140053455907494
-0.572931177397205	0.556760945280785
-3.45598446335482	1.23025555319821
1.08505243241231	0.667600763949939
-0.390383795253524	0.162477035260582
-1.81500400399229	0.739710597985082
1.04051558933761	0.395002404087772
1.58269330126959	0.789658053885401
-2.47415346567855	1.38041745150946
-0.300338448597807	0.137772275218941
-1.02205798388654	0.404922502702426
-0.381693845805039	0.262394397592323
-1.44601919046634	1.29803616157725
0.157497731145753	0.0684042404015696
0.163386406136861	0.0411852790230607
-0.342890259454196	0.098642118615141
-0.631960666018702	0.15447017218279
-0.628807341949763	0.15371861128279
1.09432470400649	0.6753258039764
0.154616330348594	0.0593392023307753
-0.768352792297376	0.334422629290655
0.450073566049819	0.181028684301801
0.15626975600377	0.0292821097759299
-0.220273125496108	0.0711077393958585
-0.347154315531778	0.0998482429459119
-0.975840546953884	0.483006975700918
1.07703750133184	0.52303316952189
-0.483706325629852	0.253588652675229
-1.51395570496283	0.539857861420258
-3.45478455762682	1.22912473266304
-1.80197754639448	0.383903353697165
-0.6282908079904	0.153557595992093
-0.0477601214133919	0.0209287242846252
-0.383113259857657	0.159232484111762
0.32687860021117	0.198908782875475
0.33897298292935	0.207200297111959
1.00518942715954	0.82859706649503
0.547740879150656	0.318599476422946
0.364039504315869	0.184161341163758
0.364693054944712	0.184410464865036
-0.542283700333365	0.344485398150579
-0.0999408517318264	0.0586957744032464
-0.142801753920347	0.0511111283728562
0.153773948551122	0.0745601490507971
-0.784480836689551	0.602398683219905
0.399301094356218	0.180604909315299
0.855151026751331	0.781858795503825
-0.446208026490806	0.29599818071085
-0.398398243615136	0.225996020845194
-0.301678461212311	0.138432195605279
0.336687203472322	0.205782534616526
0.0335888526409069	0.0184470300385145
0.148799816130941	0.0571605520346205
0.362596733901538	0.183432478704119
-0.2116920798093	0.136700303357094
0.352438260314452	0.197949970848422
1.33465266144045	1.5730578502165
0.910253383470108	0.493290433790681
-0.337820262048895	0.0972724494375125
-0.394513529856492	0.164426177322579
-0.0941658320538557	0.0373369861060442
-1.51919018322957	0.542251856895701
-0.628807341949763	0.15371861128279
1.45575253921811	0.48289648887464
0.670319945898335	0.212719010726886
-1.13461598703551	0.343230613786831
-0.0927896157019774	0.0368282351882246
-0.0899186950434909	0.0357593976749891
-0.720404519989633	0.247290988830991
-0.719465582528739	0.247026553935257
-1.81464460056793	0.739454066743349
-1.51494963266618	0.540305848955056
-1.79827400712943	0.382942964938875
-0.633409029549556	0.154789771896201
0.152567656731362	0.0287430408348264
-2.57747759965585	0.66335545132302
-0.629267545839357	0.153771215183604
-1.13422470394875	0.343215945535417
0.674406994924976	0.214010177433492
-0.763732087298385	0.331708948671001
-0.216073906032278	0.0697456994821053
-0.774396558399586	0.337425811683154
-0.619069805131829	0.552117492611487
-0.388888146693379	0.268422862780759
0.180485527436649	0.111850535002032
-0.130535989103134	0.0736701728678856
-0.566509323705951	0.412194750043086
-0.454524514099226	0.302613787404327
0.331081071511838	0.201772158730078
-0.241127782986644	0.177836925342532
-0.600982633238907	0.490500807760467
-0.01780417212854	0.00844551474063123
0.429098970750602	0.34359418274575
-0.650978551680051	0.386665067164542
0.590127734895173	0.475035230376265
0.0418141673039538	0.0245573026199996
0.638134229941593	0.604335196068984
-0.690772311453898	0.605282230539166
0.162132460766723	0.0788047545771799
-0.238419590923553	0.119457155693599
-0.77434726171266	0.723869482100477
0.521464780996316	0.334082892042883
0.800649092345928	0.483232329312914
0.172436485079499	0.0999405274238975
-2.2268274320652	1.86584491222729
-0.488605538526423	0.256908479530347
-0.883889262482435	0.733368031621032
-0.384450811224315	0.264897961537236
-1.08797782087638	1.04698214284869
0.0367395073432089	0.0201809081520333
0.700000373875591	0.328648154888862
1.88352709656646	2.09134202052375
0.406377452037962	0.184222958311821
-0.0156018970159827	0.0100244462478068
-0.693828998916164	0.608672232104681
0.00923134626339274	0.00469159446897744
-0.281242618971987	0.203750085345659
0.333633566860986	0.203354324072456
0.00904912912321957	0.00457911606444748
0.318120620952366	0.220496312695457
-0.53472584583608	0.338814323781875
0.663022919219378	0.475185097614842
-0.27652434630991	0.199813731152583
-1.15899269140648	1.43300352329935
0.00321785547161314	0.00174188209781049
-0.619444614538719	0.552820828261533
-0.868350741033117	0.796253663611571
-0.0524122205633373	0.0327001635704234
-0.0253371035409519	0.0118896321559511
-0.786469156136394	0.519856933449477
-0.223185576323381	0.0720166844303521
-2.10938181959543	1.61539985204404
-0.72013323546054	0.247288973526613
-0.476878555474293	0.249525660499936
-0.385035671554689	0.160184885638677
-0.943703640481509	0.579083515429013
0.157990001773502	0.0685545353145526
1.53831404098538	1.32795933612941
-1.27209486028006	0.573107110806004
-1.02222925834202	0.813567270516477
-0.776290834105395	0.593854358643082
-0.594573432459067	0.483995671602891
-2.57775304544287	0.66318910114962
0.696047588021093	0.326279767661231
-0.339133418750055	0.0976611246838527
0.825425367366759	0.347866059057456
1.95706969381346	0.441073865263096
0.672433098173043	0.213363007143314
-0.721072169669292	0.247553433626533
-1.16223369315473	0.650874879741783
0.45706944271637	0.184086258675045
-2.63335892079539	1.61486405658824
-0.78730246118661	0.429083727873182
-1.28032895274866	0.577619450783634
0.153247518839476	0.0288421886814327
2.12007723433588	0.95091567676529
-0.628807341949763	0.15371861128279
-3.08209765998152	0.963916510480773
0.165704597093625	0.0417255219351786
1.96040941896093	0.441936123238363
-0.34191607535368	0.0984089732924219
0.162742974316792	0.0485792905021731
-0.719194825953782	0.246846541949292
-2.06531862965062	0.940618742098066
0.454436198656539	0.183040276989935
0.152289864541204	0.0287035071443224
1.95706969381346	0.441073865263096
-0.627829060935039	0.153504607197422
-0.632432130022522	0.154575713959717
0.446983181120893	0.179814814572325
-0.629267545839357	0.153771215183604
-2.57775304544287	0.66318910114962
-1.79835097978106	0.382953978270685
0.448509312781123	0.18044688496929
-0.0954546811948264	0.0560003686844593
-0.645607310235306	0.38272906857119
-0.627829060935039	0.153504607197422
-0.487522794054787	0.256097817510669
-0.646526855161497	0.383340706209877
-0.640211591809719	0.378638851434537
-1.51330481624892	0.539630991333106
0.163005169253914	0.0486190759293039
0.148503149870495	0.0281892610504199
-0.719194825953782	0.246846541949292
-0.763170853215986	0.33175434418017
-0.0925063881033472	0.0367134012004589
-1.27689152139331	0.575694447284378
-0.391527207777041	0.163165953087154
-1.02336778291766	0.40535272839675
1.35651095506456	1.44312721230292
-0.136554381592431	0.0771952337834876
0.604546291252668	0.316700483225636
0.961551822216826	0.655458753806127
-0.234715898438359	0.117329453309105
0.038952800702163	0.0213422601997014
1.2643335649032	0.883376245519581
-1.09080267650541	0.746547220537834
0.870808437613358	0.64809548456326
0.160857283489372	0.0780718550724384
-0.389824029514932	0.1622220446978
0.153247222778868	0.0588212060537421
0.177742241460438	0.110050355870103
0.371775320874898	0.188547312505923
0.482167525338046	0.330945703876912
0.150165099513296	0.0576790502589463
0.175040204134428	0.10832458303069
-0.262520400331754	0.164332339121375
1.24045732563441	1.36803685671899
0.175169911154687	0.101642450826516
-0.0941067654169633	0.0373762932959253
0.444153760622201	0.178507318483654
-1.13582369620544	0.343734699942405
0.155931105407061	0.0756647395333248
-2.62787588816502	1.60791529874711
-0.276276001748406	0.199638132419718
0.166084152255821	0.0418055330790301
-3.08164138813046	0.963767470359232
-0.521210980107801	0.197392065778108
-1.32136890295351	0.827203656953167
0.530455766222447	0.19070899696403
-0.0535355645823295	0.0233766566269988
-1.32381297261678	0.829924368352663
-1.13642797594247	0.343807560451606
-1.13129699285405	0.342278739405472
-1.13422470394875	0.343215945535417
-0.628347365301396	0.153568930486371
-1.79835097978106	0.382953978270685
-1.2766802053091	0.575752407916329
-0.720404519989633	0.247290988830991
-0.37124888812665	0.290039370668349
-0.677627571500547	0.537050353065916
-0.238031543208535	0.119220073275107
-0.77579684114729	0.421490221070773
1.33852478483798	1.57969335721581
-0.491568685330622	0.369040240701136
-0.641591948472257	0.379482685206859
0.167970214318269	0.0900428534141424
-0.184777295826257	0.0992750047559152
-0.399759822802772	0.226853846111367
1.25101105151746	0.870455305249998
-0.29585320576037	0.13569971406552
-0.447241266989827	0.296608625994989
-0.045721890424035	0.0284944602715169
-0.894589712235281	0.746206845579722
0.463200009962174	0.337768049650679
0.62444153428163	0.477677860695394
-0.478790591933962	0.250787437181815
-0.921491932281038	0.676252783193168
0.330823131604782	0.21682645882939
0.17422631285171	0.10115419889228
0.344213943390427	0.192831525201398
-0.37817523415132	0.259759882392842
-0.182195642197134	0.0977797391153247
0.166245434226958	0.0890506396928164
-2.4472085098968	2.40892162495077
-0.299849433371449	0.137576243113834
-1.31718707886607	0.823588736786677
-0.719194825953782	0.246846541949292
-0.949318881207591	0.583546515862766
-0.261758474688208	0.163734448391736
1.07223095415856	0.520286661325721
-0.640589735820696	0.378614414041664
-0.054861472303778	0.0239217482664691
-1.63717196088939	1.68492711072359
-0.168497832400784	0.111558947110305
-0.302830595146198	0.139070945211707
-0.381844303820503	0.26277413768438
-1.541080366654	1.48613261289584
0.336565324100461	0.205472192685524
0.313374023910509	0.238990995015868
0.345381830345978	0.211628414614639
1.2446533173313	1.22541500741427
0.169029562033449	0.090572735183079
0.161897561579225	0.0866037148486353
-0.0877747885053944	0.0349096890477682
-0.390286637919128	0.162633263694202
-0.986563442251516	0.882356559743407
-0.378664082780691	0.260183288569495
1.04035568333308	0.394789631977935
-1.8299446471679	1.1509195746583
-0.759833214909374	0.329941726361722
0.697574892959194	0.612392286319795
-0.942683975336003	0.577409695647383
-0.68247025725495	0.595317243539814
-2.10897916126099	2.34885210463671
-0.96551179419483	0.949366310087071
-0.481393444054207	0.252203558916809
-0.773944580465794	0.337367477043196
-1.13422470394875	0.343215945535417
-0.531026674223177	0.335727473626979
0.156004173205372	0.0530087596813196
-1.51330481624892	0.539630991333106
-1.80197754639448	0.383903353697165
1.0454798173394	0.397182748534993
0.168287851014599	0.0422797449011708
0.908495485689651	0.491815674425042
-0.726802235324399	0.249630182049429
-2.47239285034177	1.37871459520211
-0.0583016224956927	0.0253969252343214
-1.81500400399229	0.739710597985082
-0.342569521377039	0.0986187132378211
-0.628807341949763	0.15371861128279
-2.577202278156	0.663064687208724
-2.57775304544287	0.66318910114962
-0.6282908079904	0.153557595992093
-2.57775304544287	0.66318910114962
3.63584691762689	1.43122630608999
-0.720801185410545	0.247515042606667
-1.13482941234436	0.34340642829894
-0.21584116833564	0.0696924945480662
2.12066304185672	0.951843841296293
0.152567656731362	0.0287430408348264
0.166084152255821	0.0418055330790301
-0.343223291761604	0.0987971723984263
-0.519750069619239	0.196813590651588
1.0423751179533	0.395795368074734
-0.627367542213354	0.153354696036073
-0.342904767182509	0.0986489157334515
-1.79835097978106	0.382953978270685
-1.79827400712943	0.382942964938875
-0.344210615318698	0.0990368506115311
-0.0187023464074396	0.00885675255643754
-0.177453415626106	0.0951426151730937
-1.49150112472872	0.755539551589361
-1.159894998224	0.649119626925906
-4.21787444086407	1.98205533408971
-0.629267545839357	0.153771215183604
-1.79835097978106	0.382953978270685
-3.45598446335482	1.23025555319821
0.15551941191397	0.0754565893022232
0.152686341340135	0.0586077786643544
0.337787367278438	0.206625047042224
-0.660460185213956	0.461287312680446
0.170134585574924	0.0985982106319521
0.177331948802595	0.109760356828775
0.798721517833862	0.635566855585907
0.15566119641323	0.0528907668896057
-0.0517303530855733	0.0225988872564304
-1.2715791538244	0.57266346760598
-1.59857567848674	1.2310216531109
-0.664091893963217	0.464853357112605
-1.82285846407824	1.66182082653097
0.169947785588454	0.0910917566102655
-0.307222832459307	0.141363754626419
-0.237436870521847	0.118846941321672
-0.322648722290514	0.193555895805599
1.25003377433555	1.23381575660144
-1.54075120059263	1.48534611512937
0.86412264286836	0.641590978489
-0.390940625435521	0.221329775328506
-1.49091374164731	0.755059656941287
-0.27546822785626	0.198929984251485
-0.595379150571657	0.284849199337187
0.427137372071691	0.324750511660579
1.77825957223031	0.993773037878154
-0.33946832567862	0.0977521416130555
-0.211570661634719	0.0683393251116937
-0.720801185410545	0.247515042606667
0.56267705487917	0.329442806210197
0.670649872073233	0.212844236167521
0.153247518839476	0.0288421886814327
0.162479935061762	0.0485106492306684
-1.13422470394875	0.343215945535417
-2.06629401083574	0.941374702661412
0.535395561912051	0.192613210987845
0.661364908955382	0.473050112620139
-0.226263678479487	0.0729581836748718
-4.00264517130229	1.73724766439162
-0.6282908079904	0.153557595992093
-0.627367542213354	0.153354696036073
-1.15965534184679	0.64831252031961
-1.13482941234436	0.34340642829894
-0.379563695369145	0.260870267994445
-1.82563294552042	1.66832416978116
-0.596720961513624	0.285633666135419
1.25577408488026	0.874799972477296
-1.03323275428105	0.826450265686147
0.555390637923207	0.323791116457351
-0.177055585151448	0.117717409157192
-0.0589959282458636	0.0256879895329264
1.54000506554661	1.33043364757339
0.47110906182788	0.344604802341627
0.700559420988844	0.328841132112733
-0.511519041389722	0.193429014825003
-1.59451839496732	1.22569798621341
-0.305993014432919	0.140589930793603
-0.17907073793172	0.0959422311545925
0.728164708004187	0.484029497222658
-0.508194441200418	0.192016198412818
-1.32086799233228	0.82677321277391
-1.48688920399886	0.752482673124618
-0.784556809711219	0.51911522633935
-0.139626623650296	0.0500203007886289
0.163005467806634	0.0792569615696956
-0.643769490993039	0.380999208299761
-0.785776004626309	0.428380424422086
-1.08674874636936	0.742860731185663
-0.388128735554548	0.219265100417952
0.186067525505773	0.122195416412156
-1.81433874778204	0.739366153614294
-0.688245057998537	0.602271697021624
-1.20811524295893	0.908695942782059
-1.51128829936239	1.70292409531208
0.873295572464742	0.650811624411529
-0.475620055913356	0.248893729211664
-0.667847916667177	0.468014545570122
0.655026911975973	0.467346844451256
-0.664281235799155	0.464414325708273
0.0107769135214632	0.00545423012004575
-0.261546575745077	0.163634228114615
-1.52345223679324	0.544002420480053
0.178319913653866	0.103641702753277
-0.0587820859534135	0.0256005112505989
1.33747596774169	0.586553301943319
-1.4872339087006	0.752545881187824
0.354737571104186	0.199600129814889
-2.63502190231232	1.61532051960811
-0.976260403903207	0.482632667431988
-0.601179956528871	0.288297058653121
-0.760663837494611	0.330432690881567
-1.13521969998424	0.343544374381215
-0.6282908079904	0.153557595992093
0.66999328440441	0.21269616854207
-0.343223291761604	0.0987971723984263
-2.27819990136361	1.15068813753373
1.33791767964906	0.586771553336556
-1.03654284905783	0.411530368346079
-3.08209765998152	0.963916510480773
0.948535538575274	0.252058145640786
-1.79827400712943	0.382942964938875
-0.632432130022522	0.154575713959717
-2.57747759965585	0.66335545132302
3.26352329858721	1.1213740078214
0.166691919569473	0.0419536988970269
0.157212954461689	0.0603521678958182
-1.02116299616938	0.404658802027825
2.12225919819563	0.952782376293716
3.26152925911013	1.12000457960558
-3.08209765998152	0.963916510480773
-1.02050867103886	0.404356899215527
-0.504408191814834	0.190389564923546
1.95706969381346	0.441073865263096
-0.344210615318698	0.0990368506115311
0.168591612312643	0.0903243920130834
0.800654860759513	0.482654968866415
0.162479935061762	0.0485106492306684
-2.07071272339868	0.944118052299626
-1.02181759550244	0.404915960039854
-2.57747759965585	0.66335545132302
1.33432841091739	0.584762055165741
-0.339133418750055	0.0976611246838527
-1.79827400712943	0.382942964938875
0.152289864541204	0.0287035071443224
0.151706424698603	0.0582782084805056
-0.487652419812186	0.256378534982976
0.340477370624056	0.190490564190545
-1.83099645033824	1.15210596250102
1.78335397897293	0.997834388393201
1.07387605693016	0.521153365879796
1.57774561227073	0.786235810984496
-0.768352792297376	0.334422629290655
0.175549499876166	0.101878139022193
-2.06971291102341	0.943740604994579
-1.46842490137102	1.02423584268225
-0.94776437496415	0.581954165991732
-3.02703756121986	2.43429231295499
-0.236144739550473	0.118181766053048
0.153335897031348	0.0664786418419361
0.404238226831638	0.183065264301355
1.45905685415805	0.484042330916112
0.53313407482189	0.191800740808182
0.164753567073303	0.0801394509749369
0.399301094356218	0.180604909315299
0.160770338301963	0.0545730641617949
-0.393417561859036	0.222518340377771
-0.377762313734458	0.25932543793939
1.57973281574859	0.787416136775279
-0.0917173391396808	0.036451814828121
0.159811078024297	0.0613344723703749
0.160803134128977	0.0406203249121647
2.56562190655824	1.42708146856393
1.57891100532146	0.786935009694621
-0.764919010559274	0.332363812937212
1.03984272433899	0.394547494768611
-0.628347365301396	0.153568930486371
-1.13482941234436	0.34340642829894
-1.482973693437	0.749174838653755
0.672620264139241	0.213408873137932
-0.139034402758614	0.0498144544844224
-0.29851088456123	0.136952888904944
-0.595668068623513	0.285073594994575
-0.976655597147032	0.48331333967379
-1.08900159906982	0.744989841479376
-0.0511832293944838	0.0223794806226057
0.0614587289887796	0.0381245819547692
0.693874539216471	0.324994197720051
1.00074930742889	0.823271419930152
0.611674863779204	0.321093920335273
0.322810075435076	0.210716724762428
1.96293640577009	1.22894446690491
0.584981775413827	0.469898765852844
-0.644767434382321	0.382153199125686
-0.945537870979032	0.580250160312208
-0.389824029514932	0.1622220446978
-0.594976628428345	0.484436583419871
0.0110376247304299	0.00556031942224768
-0.476573330354769	0.249431578404947
-0.324698333446424	0.195069523815716
-1.31684316279844	0.823726650973279
0.552720617352351	0.32181583848634
0.155911237575542	0.0757202352631316
0.157497731145753	0.0684042404015696
-0.483470524065646	0.253809607022495
-1.983298473472	1.3830937010008
-0.388574756851164	0.219561972120144
-0.235178574711158	0.117570503072707
-0.0591691663769915	0.0257625639736457
-1.27179409224048	0.572572110528683
-0.174339073237381	0.115769226704585
-0.231719892865199	0.115888956638434
-0.943076619182217	0.577739608285564
-0.298009498331406	0.136708670223186
-0.991005615722805	0.888570132506263
0.702032033854433	0.329769541484265
-0.773463087701835	0.419835217776497
-0.0806663447311265	0.0565764633851309
-1.33168374097694	1.10114393130452
-0.188190918600635	0.125725673109392
-0.220343751864417	0.142839841539624
-0.393321921572956	0.272049694950994
0.956565566219345	0.651128756936231
-0.136265378198395	0.0922582974031981
-2.27443125837467	1.14789450389175
0.180709340604109	0.105142249384326
0.169703173902724	0.0984068580969052
-0.24062888983546	0.120592466765623
-0.136148460771406	0.0769155200607086
-0.0179071199277773	0.00849897546375918
-0.387921577102566	0.219299848936221
-0.719862779167192	0.247072455212921
-0.765272653406876	0.332629321268392
-0.892982582367601	0.744075063654885
1.28131624516201	0.70816927456368
2.28097957758962	1.77250042616778
-1.21499932625352	0.917629515843148
-0.329032715959131	0.233336204070011
-0.599314745812843	0.287249165252623
0.166528409127177	0.0496297620210776
-1.81339137537901	0.738819242243621
-1.81272640846626	0.738384406689963
2.12158435823691	0.952317198033751
-0.944179833606185	0.579442372270993
1.04051558933761	0.395002404087772
-0.983690896568628	0.487820366985316
0.610190683132521	0.32052365969058
-1.82151526246842	1.6611424840898
0.455845401130376	0.183645920619101
-0.216730820199361	0.0699462135090824
0.948535538575274	0.252058145640786
2.7554263517449	0.769222911089782
0.161787544386438	0.0408470066516523
-0.342569521377039	0.0986187132378211
-2.5814875372856	0.665060440379843
-3.08118534013847	0.963229045953577
-0.512146849346214	0.193682417019057
-4.21982393967863	1.98386976587577
-0.717682103574582	0.246297668028488
-1.81092155243237	0.73740971841088
-1.82003859074053	0.742440609774219
-0.387774906301557	0.161327610899125
-1.80197754639448	0.383903353697165
0.151078767063253	0.0513922453176723
-1.79835097978106	0.382953978270685
0.157771079018536	0.0605593318935867
-0.133484467490344	0.0753209848308568
-0.390688665009208	0.162610645933004
0.151149206787113	0.0580628778153935
-0.389569741096937	0.162139446571965
-1.92239711574381	1.88195998146253
-0.716074907122798	0.245725534591538
1.09382061270452	0.674834245753286
-2.57747759965585	0.66335545132302
-1.79835097978106	0.382953978270685
-0.0583016224956927	0.0253969252343214
-0.133009013515796	0.0750426624595142
-0.912401097438059	0.666842526311159
-0.32017410681255	0.191977651194764
0.950862031539505	0.252628333014658
-0.512146849346214	0.193682417019057
0.157830822565027	0.0684885666679607
-0.395929290838695	0.224333502379057
-0.724527840719668	0.248940035798255
-0.0949189066169269	0.0376857428396181
-0.0195996180028357	0.00926719741613789
-0.301508897548008	0.138330624848183
1.25624763719303	0.874386993495371
0.791491871842761	0.475575940755142
1.26908214019522	0.699047624511114
0.165594211957363	0.0493598676029419
0.531363846710871	0.191052145580113
0.155176286239454	0.0595351503150479
-0.719862779167192	0.247072455212921
-1.13849388307931	0.344614401149477
3.26252567397545	1.12093560535381
-0.0583936252756007	0.0254334786859459
-1.2715791538244	0.57266346760598
-1.54632169862481	1.49356757075459
2.12317964469654	0.953017030911702
0.168287851014599	0.0422797449011708
0.158051535276312	0.0536620083135667
0.159062227753961	0.0772621092380759
-0.385337153809647	0.160286764173767
-2.58120409692147	0.664991486920107
0.153526628680235	0.0288819285189665
2.75446121880292	0.769079402442662
-0.297508253338832	0.136455589869049
-0.602286938437855	0.288804911499511
-0.0482386103462467	0.0211291406474978
0.159014140561815	0.0772478358344828
-0.142801753920347	0.0511111283728562
-0.763606823473699	0.331689830792584
-0.72013323546054	0.247288973526613
-1.02512656072224	0.817130004147079
-0.760663837494611	0.330432690881567
-0.345039821196303	0.0992838353249335
-0.214952210282499	0.0694159656881339
-0.975701969459145	0.482325107667453
-0.98395085257884	0.487945557727819
0.156290082353034	0.0759223745972937
-0.785431898295472	0.427981902049545
-0.401126347293637	0.167310270499745
0.160875819484411	0.0480497781693361
-0.215184417856504	0.0694920488130609
-0.772979690482244	0.336808586975775
-0.218074030224809	0.0704026851228337
-0.514837284692919	0.194722873359673
0.157850726922151	0.0535992456199043
-1.48440303491383	0.750386682136879
0.699684879401934	0.328459546665053
-1.16193830934601	0.650416763229547
-1.15696001344181	0.646146016569587
-0.230754985774465	0.115305364972777
-0.512146849346214	0.193682417019057
-0.343557529393447	0.098858556674811
-0.340124379015428	0.0979309335927298
-0.141974700101701	0.0508226116299135
-0.13996244926817	0.0501063143676011
0.00692766650948368	0.00355660337887861
-0.326742531104968	0.196368018422227
-0.680394665948391	0.539902455615952
-0.479354574047141	0.250983458277174
-0.444607526127125	0.409090293307994
-0.398706668978434	0.369165103614116
0.453947878046723	0.182804279160606
-0.777623419175424	0.422647495231886
0.287939997051087	0.25841409304922
-0.599349519704877	0.286975417875332
-0.979565138712446	0.485108803116686
-0.38987409356015	0.162247484376636
1.3341376436811	0.584809568662815
-2.27694875940199	1.14968667309891
-0.718527169744358	0.246584376429975
-0.511312418026602	0.193302575730068
-1.49655427642919	0.759191162000614
-1.13521969998424	0.343544374381215
-0.347480099168433	0.0999933239977275
-0.219388531614775	0.0708318276022096
-0.138567297271063	0.0496418034222755
-1.32086799233228	0.82677321277391
-0.235727184003839	0.117949419339429
-1.34511493986384	1.54676897569816
0.71211444918498	0.9026715166652
-0.554744318458084	0.61243815984516
-0.879910910602951	0.728394351161789
-0.66461251010283	0.465303795513753
-0.848081389828805	0.904705719106485
-0.30431614004344	0.139805430686489
0.169145273771059	0.0907164392085612
-4.2191738397475	1.98346126780949
-0.776284944446839	0.422001769140181
-1.21646684545971	0.917596855048722
-0.762422509833023	0.331150796142604
-0.676738097162594	0.536093724176503
-0.939413676908657	0.575053065998458
-1.33873163180791	1.11021055095741
0.0147847621702285	0.00741004463637364
-0.395799278021541	0.224439664139595
-0.765272653406876	0.332629321268392
-0.24062888983546	0.120592466765623
-0.237997118059901	0.119247896195905
-0.533972958116501	0.337831427498862
-0.481005251357737	0.252069660849594
0.0330293291621337	0.0181408302475341
-0.60720228240115	0.29163659530553
0.147875075977534	0.0641712893338749
0.156403408531497	0.0531349651823521
0.0690060544541933	0.0428850092747691
0.800430707667964	0.638080071179174
-0.138855615353368	0.0784956693455282
-2.46424781972447	1.3706950548044
-0.842022248166931	0.956109605171275
1.06989694527242	0.518493824613893
0.15626975600377	0.0292821097759299
0.149464413960118	0.0283283450696208
-0.628807341949763	0.15371861128279
-1.79827400712943	0.382942964938875
0.161809663243855	0.0483223326687324
0.401380815292749	0.181699250042115
-1.22325495962328	0.926255720132278
-1.12585090691272	1.24191345029131
-0.702637683925065	0.669150442730866
-0.670870494981328	0.470814806412482
0.50973542807446	0.459031766782349
-0.48669981245009	0.255759570424597
-0.605150397328733	0.494825863869287
0.112499895934948	0.0833208169411943
0.147743362880974	0.0567523885010285
-0.385592301862764	0.160437798197036
-0.628807341949763	0.15371861128279
0.160489139338675	0.0479185611557889
0.670319945898335	0.212719010726886
-1.52312400022563	0.543721535310833
-1.02050867103886	0.404356899215527
-0.627829060935039	0.153504607197422
-0.720508771513364	0.247389608463745
0.16707117146508	0.0420080923591852
-0.239282875477794	0.119807935103745
-0.628347365301396	0.153568930486371
0.451264737753217	0.18161985383083
1.45377869768284	0.481973964249078
0.167299398578488	0.0420768316112512
-0.343223291761604	0.0987971723984263
-1.51330481624892	0.539630991333106
3.26252567397545	1.12093560535381
-1.13190405565215	0.342469779892572
-0.397581929583873	0.165869571894905
-0.0514059189225994	0.0224599544489457
-0.385847116564711	0.160532229317468
-1.13422470394875	0.343215945535417
0.00229904321487509	0.00130980000372488
0.390556977397378	0.333830027210791
-0.0893957968567151	0.0355291798553639
0.150153289424875	0.0727980855815404
0.158268951582354	0.060741927451571
-0.237992329648818	0.175309182125406
0.527156712725929	0.189470465882784
-1.13582369620544	0.343734699942405
3.26741012598786	1.1229997006765
2.7554263517449	0.769222911089782
-1.14439212025525	0.346557657739731
-0.141148438653951	0.0505234670574713
-4.56798549426649	2.50894087129509
0.159941194521509	0.0543013031904569
0.168996227736906	0.0424334312831713
-1.67023878434527	0.94417913162823
0.36823686728702	0.186529510396899
0.155372593274282	0.0528040448022981
-0.515466779883267	0.194997679323859
0.870075741640554	0.647052964636041
-2.46645246566724	1.37341227271993
-0.139626623650296	0.0500203007886289
-0.181600361403459	0.0974817861940373
-0.763493068016229	0.33177675339701
-0.515466779883267	0.194997679323859
-0.0909186397580199	0.0361043129394616
-1.02687494958853	0.407298435966488
0.153526628680235	0.0288819285189665
-0.0928233563472081	0.0368277087452457
0.398769864448762	0.180340970883948
-0.484481860736996	0.254394695033905
0.450669254708217	0.18134583956387
-0.764679257511663	0.332374029322147
-1.83099645033824	1.15210596250102
-1.46747260547542	1.02291165378179
-0.943780272737103	0.579111763631139
-0.143824002149619	0.051511981411986
-0.0287186924267463	0.0134099970379504
-0.646112027208125	0.383468519334123
-1.04299689440627	0.838103583421991
0.451264737753217	0.18161985383083
1.82218336418314	0.713642276138783
-0.979528739099308	0.484740446456133
-0.194912627528312	0.162025042142848
-0.398172855070058	0.225702636308567
0.69580507221124	0.325991096513076
-0.0500590432574151	0.0219026986131626
-0.762661468163739	0.331369385865934
-0.139034402758614	0.0498144544844224
0.824597524529586	0.347415264205767
0.607520523409331	0.318668285075405
-1.68434442621923	0.955601187798461
-0.596194437953867	0.285363373597128
-0.533653710911118	0.338070443799945
-1.02050867103886	0.404356899215527
0.625345969124391	0.478588766815444
0.606191380323962	0.674807827677886
-0.178463188001417	0.118667510338421
-1.41661116751555	1.49954190842777
-0.31730593225863	0.223566483021017
0.0938686764751858	0.0641515158886007
-0.386319933090429	0.160842141359133
0.343614034623999	0.210454667476086
-0.917378774695374	0.671906895301692
-2.77837678744373	1.87548146975715
-0.476656597478862	0.249296099950139
-0.458415661481293	0.305869294885614
-1.13922657901898	0.989527603103585
-0.0877747885053944	0.0349096890477682
0.365607780556882	0.185333919400336
0.311039834687038	0.214712339567947
-0.487522794054787	0.256097817510669
1.37624432690265	1.28188896802911
-1.02558641604596	0.406837006708145
0.158142875171474	0.0767648905417134
-0.178169870028398	0.0954709408490368
0.402467449828183	0.182188516454334
-0.317140037317559	0.189951191784316
0.548668448396694	0.319206783900256
0.545537409700636	0.316882082173737
-0.140194303298197	0.0501842497553189
-0.487652419812186	0.256378534982976
-0.387681148002964	0.161449861004006
0.870797997208904	0.648222116004186
0.15777874630673	0.0765504215366685
-0.329209406565142	0.1980264025507
-0.402197412026509	0.228488112351171
-0.220412856309505	0.142928539649041
0.343075109424571	0.19225426142604
-1.51395570496283	0.539857861420258
3.26540429808574	1.12204932755655
-1.80197754639448	0.383903353697165
-1.79827400712943	0.382942964938875
1.95706969381346	0.441073865263096
-0.343877386805142	0.0989458655028747
0.402439831243901	0.182247027329972
0.959168771070977	0.653749838873162
-0.570224119412912	0.415620346460461
-0.0538704804588568	0.023522949439285
-0.3889226342207	0.161993965051073
-0.786917670710029	0.51995351121991
0.967657014430984	0.661546581153582
0.61951966795593	0.472813154826251
0.15135943864824	0.0656759744042186
-1.13422470394875	0.343215945535417
-3.08652986879455	0.965774290031657
-1.48865825415413	0.75378227668086
-0.220930959687204	0.0712971275167216
-0.632432130022522	0.154575713959717
0.827899644715454	0.348991104972789
-0.627829060935039	0.153504607197422
-2.06531862965062	0.940618742098066
0.674406994924976	0.214010177433492
-1.02404152856389	0.405928813773254
-0.347480099168433	0.0999933239977275
0.404581308845447	0.183300863345749
-0.977637902131723	0.483762437254929
4.1727280087236	2.00938901776936
-3.08118534013847	0.963229045953577
-1.27073685110928	0.571951256018346
-0.304980391763549	0.140142190882895
0.158995326023102	0.0475101404657943
0.153526628680235	0.0288819285189665
-0.15170338472517	0.0542493267936134
0.0335782338757877	0.0184432769966521
0.44449881680561	0.340876593649021
-1.09122680365429	0.746907756812296
-0.515260306744374	0.194916268075376
-0.0437688541353689	0.0272939926498151
0.529356628640302	0.190322462478678
0.152289864541204	0.0287035071443224
0.668353267812949	0.212009001891351
0.948535538575274	0.252058145640786
-4.40899032477432	2.24494467513014
-0.342569521377039	0.0986187132378211
-0.628347365301396	0.153568930486371
-0.231215909823876	0.115544901880927
0.151876172846442	0.0582912127370879
-0.514837284692919	0.194722873359673
-0.320231905313584	0.19203511477302
-0.142440177804696	0.0509737826404277
2.27096801247108	1.75737343429981
-0.764109685072496	0.33228937048446
-0.30515477418509	0.140206020457341
0.167456389266164	0.0498754746523784
0.146404169548067	0.0498375050315207
0.155663355571024	0.0675013152692679
-0.769182441744131	0.334695855481558
-0.237080249794977	0.118761346364657
-0.978712787673042	0.484484813219758
-0.294016554087657	0.134769744429119
-1.15912761229326	0.647946866901507
-0.973507913250205	0.480853849153146
-1.33807295937206	1.10863359115634
-0.211147146065051	0.0682441817050335
-0.0473733388207612	0.0207657473737777
-0.624566751454544	0.152757086863399
-0.394259341388564	0.164337716770981
1.11186359868001	0.851053204711758
-0.212036192576877	0.0685029076357838
-0.0953837123164038	0.0378559678713646
-0.597298018480201	0.285831906464435
-1.09076760348021	0.746529606440363
-0.639335948901797	0.378068633071672
0.453611115677461	0.182669846803673
-0.485053777777799	0.254339176991225
-0.061328198856778	0.0266891169287614
-0.300672688912365	0.137932389561506
-0.942828567857559	0.57843584556352
-0.595379150571657	0.284849199337187
0.551685667120415	0.32159848174389
0.555210428984267	0.324127207197099
-0.578099742717647	0.563027734624137
0.449846097769576	0.180981984312599
-0.452668423205041	0.301163855810502
0.350821583336271	0.197138908459633
0.151078767063253	0.0513922453176723
-1.28463192576422	0.57997429349251
0.158995326023102	0.0475101404657943
3.43076712441394	3.34787874744051
-0.39344763955652	0.163974754883059
0.824277470711663	0.347332139196946
-4.40349154711191	2.23964398720671
0.152676160370971	0.0662758761008885
0.157212954461689	0.0603521678958182
0.172454640332029	0.100058009608548
0.173456871329457	0.0931662236573066
-0.569241756560192	0.414507814492018
1.54209662605795	1.33185882671195
0.122663892695136	0.0942508805978699
-0.463879451846532	0.390567628691129
-1.14201970867289	1.26875929821887
-0.45397601060082	0.302282566913033
0.00814185940933191	0.00413320549142151
-0.378103047369858	0.259552167375695
0.154013634311518	0.06687398354569
-0.389915965454962	0.220409037686978
-1.83182124135149	1.15220262116723
-0.662959601707553	0.464012411350285
0.00771082331650861	0.00392221054828378
-1.09127127265181	0.747483223335399
-1.81597855999324	0.740149609155373
-0.787462658963457	0.429441203299091
2.11915621681513	0.950718927010271
-0.605151413489572	0.290368674227345
0.451860015328675	0.181866942033698
-0.326636826163001	0.196255108406402
0.611666291287855	0.321406189077907
-0.483226370245021	0.253293375891541
0.0036492567446352	0.00195217468980226
-0.234768381371838	0.117353834195191
0.830813570732659	0.350577218304927
-0.0917302405851672	0.036418796385065
-0.302654775386195	0.139077492237227
0.153165327433612	0.0520592080182968
-0.481724584458429	0.252693433896997
-0.302344719394741	0.138712457398006
-0.0410580857301172	0.0181012716099237
-0.3112529556991	0.185872784875828
-0.0669711920251216	0.0406382893103912
-1.48488117255046	0.751161753085473
1.95706969381346	0.441073865263096
-3.08164138813046	0.963767470359232
-1.24247608612044	1.16138613801611
0.401910402644116	0.181983255731924
-0.460182208407532	0.386664164281675
-0.531896299414947	0.336421979226024
-0.605919915681798	0.291005388491385
1.2787322462896	0.705818476766105
0.551300436201311	0.461548387979833
0.459736921358838	0.334426630260297
-2.06376292263444	0.939652168969582
-1.81937129385307	0.742146991690708
-0.601996421906715	0.28872536034731
-1.27053823500771	0.571759547562486
3.6409027894866	1.43427384419709
0.909298383653948	0.492390033550039
2.11636802963177	0.949071130565476
-0.143034785337113	0.0511857384265564
4.56684486163649	2.5798319338154
-0.216240213481686	0.0698575300582443
-1.81566955306914	0.739965971694479
-0.510891470732261	0.193155670362405
-0.341581022610314	0.0983147602836231
-1.27095128753598	0.572333958218654
-0.695940558180471	0.611097863842614
0.355529178067443	0.179567186243262
1.95791760701363	0.441280139896969
-1.21077334519909	0.911334397871149
0.179883254677643	0.123458277125106
-0.094676270811553	0.0375816430941088
-0.663386717501018	0.464359367960131
-0.692874671770745	0.607510966926526
-2.91203417565055	2.1525143359019
0.906357656973886	0.49011996273786
1.95791760701363	0.441280139896969
-1.13422470394875	0.343215945535417
0.164346026904199	0.0490101668927593
0.165858197331239	0.049441036827577
1.46261822785671	0.485296318127314
-1.08896802816381	0.743691691733375
0.167198319746772	0.0498030771043432
-0.719465582528739	0.247026553935257
-0.718074667318621	0.246376120439738
-0.299347444066015	0.137340577512434
-0.0573410903990978	0.0249844882546785
-0.642385803086616	0.380005364837952
0.139164551969509	0.0535193905318183
-0.481580149289967	0.252231271003975
2.11313421055997	0.946956802472286
2.12399941546752	1.48096382761736
-0.265178606287185	0.166150194783597
-1.15955302145942	0.649235038156548
0.153068665402742	0.0587995504985548
0.446389407735018	0.179556225692317
-0.132466708196043	0.074789307980507
1.25773603900546	0.877125060284622
0.151709443880736	0.051599453197034
1.27533330924217	0.703358694491447
-0.0238717924598077	0.0112102792345701
-1.15777996472637	0.646985468514697
-1.02205798388654	0.404922502702426
-0.939496819861406	0.57519870626606
-1.28116835113494	0.57833483780398
-0.388481607778	0.219679340168462
-0.342569521377039	0.0986187132378211
1.97415875021918	1.23883949170921
-0.303019148507012	0.139067962484686
1.03769269331256	0.986072456740353
0.801135746137702	0.483026797016329
0.160340691347252	0.0544154009154632
-1.46457428662757	1.0191806874297
1.04118814853393	0.395160512018798
-0.150766930546289	0.0539211522388468
-1.50954059367664	0.537955828816566
-2.28474343689414	1.15590043228697
-1.13521969998424	0.343544374381215
-0.298343890309942	0.136842583214664
-1.13582369620544	0.343734699942405
-0.0148721726913649	0.0071061480783227
-1.15596353376808	0.645635797756978
-0.766106738483071	0.332905030722586
-0.394259341388564	0.164337716770981
-0.386183558101542	0.266122054655081
-0.184129280175939	0.0988567178744969
0.612360029858363	0.321449462066333
-0.534103906446553	0.202570373038302
-0.0952283019834769	0.0377481327430538
0.159627373721911	0.0774260010804011
-0.661678913030224	0.462793472896865
1.25986945170328	0.878671721646974
-0.783289947476078	0.426676836837858
-1.09073068793577	0.746023664761571
0.533792789739045	0.192056407531968
-1.67479905180253	0.947149470662499
0.166102957879924	0.0890498221262703
0.343183585341042	0.210160267154318
-0.0507062124477065	0.0221802911559875
-0.0800185031376448	0.0486733721442705
-0.389176867516154	0.162123247090893
0.00952667444027366	0.00481436486052548
-0.103331130088542	0.0409357359111118
-0.389467150446698	0.220119786884161
0.523495189623769	0.335963151837357
0.786347905972057	0.47175488049501
0.153068665402742	0.0587995504985548
0.157034388740604	0.0533466278590803
-0.218731141682158	0.0706258973624141
-0.719465582528739	0.247026553935257
0.156405419701574	0.0600373427044117
-0.787495698803049	0.521889243903523
-0.561194205874089	0.407356255602799
0.608890247811862	0.46225048364624
-0.390650293605235	0.269913855782316
0.315789046978561	0.205743010171569
-0.182773547559865	0.0981170572619395
-1.08051073324086	0.736364843468552
-0.135179141270383	0.076374860695274
-0.760904068516606	0.330455192444913
-0.397278188651684	0.225127148579577
-0.147076152891941	0.0526308419632966
-1.02219635119045	0.405138350348285
0.670649872073233	0.212844236167521
-0.21334870780939	0.0688882936971005
0.170597157616308	0.0428000407476464
-0.717859810282598	0.246260199746537
-0.0998369419771742	0.0395952077658891
-0.395233846078871	0.164875237695561
0.39743817424851	0.179869013965184
-0.519952717504097	0.196880719935875
-0.627829060935039	0.153504607197422
0.166691919569473	0.0419536988970269
-0.627829060935039	0.153504607197422
-0.627829060935039	0.153504607197422
-2.58120409692147	0.664991486920107
0.168996227736906	0.0424334312831713
-1.81367378419037	0.73893109819281
-1.13461598703551	0.343230613786831
-3.08118534013847	0.963229045953577
0.156203958783437	0.0530790256711765
0.174237394214571	0.0935290558094892
-0.00092565834994641	0.00026345921977231
-0.231215909823876	0.115544901880927
-0.915340180133401	0.670652200801882
0.666057985126717	0.211344647530167
0.5530182159377	0.322557454932327
1.09235247693314	0.673582198975332
-0.385592301862764	0.160437798197036
-3.45598446335482	1.23025555319821
1.09184712460802	0.673224096983399
0.964204999882237	0.658020926539172
-0.514630991185235	0.194661861681357
0.674079709901257	0.214036050556618
-0.0899186950434909	0.0357593976749891
-0.515466779883267	0.194997679323859
-0.344210615318698	0.0990368506115311
-0.79130866162735	0.432406911811385
-0.342235478378113	0.0984932623692754
-1.27032365700558	0.571955904152126
0.371040374094036	0.188280561510216
-0.342235478378113	0.0984932623692754
-0.720508771513364	0.247389608463745
2.12066304185672	0.951843841296293
-0.389430764490368	0.162176885610031
0.696851684035903	0.326735848657766
0.161672846499613	0.0785778537289039
-1.13521969998424	0.343544374381215
-1.27053823500771	0.571759547562486
0.151078767063253	0.0513922453176723
-1.13582369620544	0.343734699942405
-0.148132334598004	0.0529705206899947
-0.514630991185235	0.194661861681357
-1.0907731264422	0.746777608399261
-0.302493220962155	0.138977897549018
-0.130760681337225	0.0737424681144696
-0.566663438418295	0.412170246967265
-0.977210223216093	0.48363398854834
-1.2217583976938	0.925060657218467
0.151706424698603	0.0582782084805056
0.460521993357699	0.33538794422579
0.00740742909478869	0.00379390374667557
0.177592398383114	0.0954125807996613
-0.788972435836778	0.430906966619081
-0.389469565716189	0.220123777759824
-0.390810142693215	0.220943342199761
-0.211147146065051	0.0682441817050335
-0.482746545399335	0.252981957960072
-1.31968026665866	0.825485591960712
-0.304817557367601	0.140068535580747
0.369305437985135	0.187344331310249
-0.483706325629852	0.253588652675229
-0.324477787798485	0.194799258569579
-0.588358809390165	0.477287289852816
0.17464925405045	0.093751994232087
-0.600945452127417	0.288192951462126
-0.592521200334704	0.283318304233477
-0.0552185882507658	0.0240920164973833
-0.0980355530087572	0.0389119651836356
-0.771801102263367	0.336210157166223
-1.28200290504662	0.578567098487658
-0.645147713670818	0.382385626122668
0.173338268705216	0.0930215291854222
-0.512539054832746	0.193673595978726
-0.220273125496108	0.0711077393958585
-0.305319115938652	0.140319581810855
-0.760904068516606	0.330455192444913
-0.718527169744358	0.246584376429975
-0.973377885294823	0.480820428851643
1.09164610379078	0.673794994334163
-0.645982014125027	0.382277975954481
-1.66708049458944	0.94076366023866
0.533792789739045	0.192056407531968
-0.914048659634551	0.668269836738912
-0.299012412106593	0.137188243727459
-0.857500286583806	0.853082480698697
-0.382985370665843	0.159267211122578
-0.604385963324169	0.28993546473718
0.156998766951725	0.0681104889691229
0.866072994887883	0.642968277259006
-1.03215914669829	0.825736220764606
0.0247855055740604	0.0137443293208888
0.703947059973105	0.330844162578972
-0.0938844786016753	0.0372437459496391
0.690223985718919	0.323168732464495
-1.81500400399229	0.739710597985082
-0.185406223207921	0.0995767525400608
-0.235587398234699	0.117767263547939
0.174332193143459	0.101310852369673
-0.0542610967066082	0.0236892904427868
1.57561496103913	0.784837909518107
1.37228407694102	1.27521512491155
0.331123982573946	0.201832130325212
1.27346373124593	0.702119823203617
-0.494548091645142	0.371905710623546
-0.977080349739429	0.482891430276492
1.07528526453957	0.52178387770806
1.0423751179533	0.395795368074734
0.152289864541204	0.0287035071443224
-0.214295623660532	0.0692156550779169
1.46399482821035	0.916724683643812
-0.216240213481686	0.0698575300582443
-1.21634804875126	0.918921305941048
-1.16719977445998	0.654757378478893
-1.32466036674019	0.830987640513035
-0.181292314677335	0.0972714823782172
-0.301784797907521	0.138701059468992
-0.113950753286538	0.0789086247995416
-0.390943736994562	0.162719877466899
0.347255152323172	0.194531037525634
0.0492833371164263	0.0288782543143546
-0.974585621117436	0.481607307840464
-1.01800776945425	0.403095119703069
0.148503149870495	0.0281892610504199
-1.79827400712943	0.382942964938875
-2.46450368454554	1.37094225690051
-1.02308669477862	0.405545669724936
-1.15959934465043	0.649183224396337
-0.597800600511269	0.286361119391248
-0.386149105633392	0.160678716148557
2.75446121880292	0.769079402442662
0.152567656731362	0.0287430408348264
-1.79827400712943	0.382942964938875
-2.57747759965585	0.66335545132302
-1.1355628376793	0.343674610704711
-1.52345223679324	0.544002420480053
-0.6282908079904	0.153557595992093
0.94807088907188	0.251931335472786
-1.13422470394875	0.343215945535417
-0.343223291761604	0.0987971723984263
-0.597536901231714	0.286060552279904
-0.303331355809436	0.139333346704099
-0.65277809878081	0.388151022600679
2.55868746995264	1.42111008677562
0.157367234435756	0.0762885258016154
1.08851564938253	0.671026830322587
0.690784344235506	0.323574303862237
-0.0533922081460383	0.023320968973608
1.07305972081062	0.520625344193545
0.152325773898966	0.0660260124394434
-0.534688536110816	0.338770487490041
-0.142493583588299	0.0510464277530948
-0.176807591563738	0.0947077336881173
-0.787187631241634	0.521063235910338
-0.0972523012820933	0.0385785712498312
0.155056915799237	0.0752237673253613
-2.27630453478184	1.14897368796579
-0.721072169669292	0.247553433626533
-0.21850465037473	0.0705347750739078
-1.13849388307931	0.344614401149477
-1.32136890295351	0.827203656953167
1.04077275699432	0.394975733217645
-0.0925419739006504	0.0367298119405397
-0.782478838954926	0.425781425360571
-0.218731141682158	0.0706258973624141
0.536053807050566	0.19286894180571
-0.515889861149168	0.195150861370295
-0.515810187634811	0.195198678425078
-0.764919010559274	0.332363812937212
-1.66556584859182	0.939631471625103
0.454432327347969	0.183046639295393
-0.487522794054787	0.256097817510669
-0.599637409626921	0.287138428430173
-1.47173830824918	1.02806324847913
-0.765526048664462	0.33304391299691
-1.02023338945103	0.404108181015802
-1.08570707393429	1.04256873259287
-0.0708697029849848	0.0430292861029501
-0.542321062663013	0.344448918556544
-0.598032683841448	0.286535092952157
-0.0544799652702283	0.0237648388470658
0.340266386814607	0.208080902655731
0.152512159096637	0.0661663958505306
0.163575153413255	0.0794527605161307
0.16413528857974	0.0878709096836244
-0.298175008854882	0.136780784645522
0.161809663243855	0.0483223326687324
0.732495952358689	0.487840484232865
0.39877334397608	0.18055727588805
0.393213234553533	0.177650237664418
0.151876172846442	0.0582912127370879
-0.510264137195654	0.192843398325321
-0.0980355530087572	0.0389119651836356
-0.141381032056214	0.0506159875060989
-0.950197979986813	0.584265179323338
-0.762661468163739	0.331369385865934
-1.48546903151094	0.751525787664812
-0.627367542213354	0.153354696036073
0.453383499244716	0.182498952413016
-0.513796133056416	0.194260787339886
-0.178130281440746	0.0955306442249476
0.462626920672629	0.337305462692147
0.156788802323928	0.0761669000692778
0.151274573096637	0.0514384346007802
-0.483074790717705	0.25355196854113
0.954289335506584	0.649269488311136
0.909828228023594	0.492713018952127
-0.24062888983546	0.120592466765623
1.45583938420611	0.910210839277424
-0.516726487620638	0.195487204534031
-0.216730820199361	0.0699462135090824
-0.769760813998375	0.335248842053895
-1.48546903151094	0.751525787664812
-1.67257660658609	0.945546318610549
-1.01961453275747	0.403780235295886
0.164083222967104	0.0489409806828746
1.46247097012236	0.914779524969126
0.455252730075833	0.183399401788306
1.46532983221949	0.917511352351425
-0.302012171776503	0.138585388468235
0.961086618285921	0.654929867170146
-0.637541552199247	0.376753214128116
-1.33272260219223	0.838599804715697
0.028561470894949	0.0157226988333327
1.78651361703138	2.22232856366399
-0.0972523012820933	0.0385785712498312
0.162400863971746	0.0409830958055786
0.182978948022142	0.113535284205487
-0.943937815887112	0.578319227494592
-0.531026674223177	0.335727473626979
-0.223898679647834	0.14541204320525
1.03984272433899	0.394547494768611
1.0883866692285	0.669713867008864
-0.0510180758993114	0.0223034991518292
-0.388451519352422	0.161616200765838
0.358418569013496	0.18114331273201
-1.26720229454899	0.570065067114721
1.11773374316962	0.856810146154534
-0.0149457415187023	0.00715127151661729
-0.976655597147032	0.48331333967379
0.32914191002534	0.20038808039218
-0.0214655227757824	0.0101239051737184
0.793303888272611	0.477251382046965
-1.71785270316545	1.44519429614817
-0.49528793129357	0.372422971083945
-0.140453125776789	0.0502912243623736
-0.511726002675108	0.193436414632331
0.362452711609041	0.183533036983738
1.08488391737829	0.668230739098326
-0.600453579581287	0.287542894724283
0.670319945898335	0.212719010726886
-0.220500707384611	0.0711541768422124
-0.343877386805142	0.0989458655028747
0.665076092013553	0.211028905087732
0.952312839774606	0.25302018984475
2.75135171759094	1.68972422686941
-1.26698735368759	0.569984385056631
1.40503364106426	1.09424962483408
0.335824676185046	0.205166583860177
1.24777124888072	1.23014230802433
-0.0575708093715053	0.0250933055011383
0.0724571540414998	0.0450483784890416
-0.792355284030994	0.52568209323888
-1.66763690551666	0.941299324199867
-1.83671155552948	1.15912277127677
-0.191768830074846	0.128298303675258
-2.77807031305347	1.87536041130532
-0.72013323546054	0.247288973526613
-2.06441503007623	0.940014395257253
0.154184444663498	0.052405972124707
-2.06840706939649	0.94281622690595
-0.514001914291837	0.194387375528581
-3.08164138813046	0.963767470359232
0.948535538575274	0.252058145640786
3.26352329858721	1.1213740078214
0.167198319746772	0.0498030771043432
-2.58120409692147	0.664991486920107
-1.5126542472202	0.539316353407404
-3.75875127852753	1.48993252551164
-0.977637902131723	0.483762437254929
-0.973507913250205	0.480853849153146
-0.631960666018702	0.15447017218279
-4.4004961000852	2.23559521571967
-1.81433874778204	0.739366153614294
-0.716742797527227	0.245951204867122
-0.144729016317789	0.0518086814678952
0.166691919569473	0.0419536988970269
0.15626975600377	0.0292821097759299
0.449618779962129	0.180872500408506
0.162479935061762	0.0485106492306684
-1.59854109545081	1.22958548704031
-0.721072169669292	0.247553433626533
-1.02558641604596	0.406837006708145
-1.66901748289476	0.941912145553683
0.399580421539515	0.180952893176916
-2.06189396741171	0.938221719974652
-1.26720229454899	0.570065067114721
-0.221359824353786	0.0714567733526979
-0.0495095530829986	0.0216649490884408
-1.27396186256476	0.573975597113704
-2.10710261042211	1.61369458330834
-1.01800776945425	0.403095119703069
-0.392076835969025	0.221667839941449
-0.941249830208135	0.576168481794435
-1.31918026647153	0.825056435130905
-0.719194825953782	0.246846541949292
-0.719862779167192	0.247072455212921
-1.01645966379821	0.402385802038174
-0.14108348795031	0.0505332804651447
-3.7566006930685	1.48753678969738
-0.628807341949763	0.15371861128279
0.163675748818542	0.0488217197760315
-1.13849388307931	0.344614401149477
-1.48499480308454	0.750661052461869
1.4606043045399	0.912679651239226
-0.487522794054787	0.256097817510669
-0.222306280302339	0.0717201989432213
0.534018135349711	0.192121771213656
-0.21049146922482	0.0680355104001863
-0.143396196869431	0.0513133943799015
-0.39042400995749	0.162713989941196
-0.628807341949763	0.15371861128279
-2.27380729513483	1.14735105810119
0.161809663243855	0.0483223326687324
-0.644644972253487	0.381550335640789
-0.391096888732438	0.1629812476362
-2.06506740789926	0.940280629174111
-0.670518773785879	0.529348211239097
-0.0176770821101239	0.0083733699762127
1.24906958379532	1.06043811698675
-1.54048423128236	1.48278580174096
-0.517470812145273	0.195857600194182
-0.261684041040244	0.163737608223869
0.156405419701574	0.0600373427044117
-0.482838665424369	0.253085010221614
-0.0200487288047491	0.00947233562651225
-0.312680444895006	0.186914602538114
0.966731937093491	0.660586578784649
0.801003137117955	0.761717162365333
0.691830398708591	0.324046590824579
-0.344210615318698	0.0990368506115311
0.438754808914662	0.335721225620651
-0.0980656174714438	0.0388915532188351
-0.531896299414947	0.336421979226024
-1.80587688544464	2.08397302067009
-0.0875300582804724	0.0348006778351722
-0.219388531614775	0.0708318276022096
-1.32366209482834	0.830126855072988
-0.561206099184686	0.407393351258518
-0.257567071852831	0.160822749410815
-0.0920120072414227	0.0365206831931245
1.37937613544217	1.28636139580311
-0.0722493017680157	0.0438736057168105
0.690223636114333	0.603402945662091
-0.386961690828915	0.16102677941318
-0.0996926387008772	0.039501706387863
-1.0278388446383	0.820853967845399
-0.538132996164887	0.341253314728564
-1.48346633241229	0.749403545929891
1.54042176321553	1.32935344592121
-0.22336039241604	0.111356934786205
-1.16170823570646	0.650440121846561
-0.215184417856504	0.0694920488130609
1.06870254878983	0.517544629808042
1.96429039164782	1.23035587790925
1.77562404363921	1.39249919649272
-0.520991604825621	0.197343930777988
0.5273733470897	0.189534918861524
-0.762900274145912	0.331434318020362
-0.443008427375005	0.293520740649164
0.358418569013496	0.18114331273201
0.452086522919451	0.181964226074587
-0.518987619067741	0.429273210333071
-0.684318372660253	0.543769171025752
1.38086405735644	1.28896500035264
-0.21584116833564	0.0696924945480662
1.27793156796812	0.705158655511195
0.166643996295006	0.0810046394434791
0.512427697183658	0.327349945019349
0.584910982700513	0.470009224244236
0.158991738999818	0.0772567699519462
-0.139498302396374	0.078901098428421
0.60870450405821	0.319039225318738
0.459342191681965	0.33415983138636
0.716939438112398	0.474654038236637
-1.48440303491383	0.750386682136879
0.324554311755163	0.212030853931851
0.00542252412699486	0.00281888136307994
-0.0611357357480462	0.0266001338163123
0.168707824745511	0.0904708981896742
0.193915798755629	0.120796367827468
-0.530420012239581	0.33550878720385
0.509358206306889	0.324741080570254
0.929497755069556	0.814135383870741
0.169172026831218	0.0907418416165177
0.619588859217154	0.473011583958104
-0.600694902373829	0.287702017295357
-1.47221347166846	1.02865423768968
-0.147668894003962	0.0528350865223225
0.518071428767635	0.331420941887193
0.151876172846442	0.0582912127370879
-0.219388531614775	0.0708318276022096
-0.385592301862764	0.160437798197036
0.161727494236387	0.0785163308685761
0.796853437315584	0.633277887037823
1.26574188052769	0.884507442527522
0.669518316423249	0.481449348100395
0.309948699283859	0.213831259282598
1.06354344928852	1.13468920883976
-0.169589304253675	0.090682571505084
0.0343574971949527	0.0188394908554645
0.39743817424851	0.179869013965184
-0.954903856993606	0.588070467549323
-0.326683064257286	0.196328926036578
-0.888107488512428	0.737529044195964
-0.97432550347234	0.481515569107355
-2.577202278156	0.663064687208724
-2.06466636020324	0.940256308265765
-0.790238565760817	0.431560255443424
-0.646986803638188	0.383599575093656
-0.988630571293108	0.490899953002709
-0.0566978713338517	0.0247221629143851
0.610182557797739	0.320006692018547
1.82890866226964	0.717371086523666
0.155893241953084	0.0529533350331059
-3.08559782341753	0.965445184573826
-1.79827400712943	0.382942964938875
0.163149905636875	0.0486839149701593
-0.342569521377039	0.0986187132378211
1.45377869768284	0.481973964249078
-0.763014566739752	0.331435312339566
-1.79835097978106	0.382953978270685
-3.76005537586954	1.49066052927293
1.95706969381346	0.441073865263096
-0.224946347375524	0.0725429398119329
-0.480378052014862	0.251896431923916
-0.602329420103625	0.288425678022945
0.453611115677461	0.182669846803673
-0.0872476468677712	0.0347025166398394
-1.13910410688242	0.344899734416028
0.451264737753217	0.18161985383083
0.94807088907188	0.251931335472786
0.166691919569473	0.0419536988970269
-1.08632556182985	0.742997726452923
-1.08280512160902	0.739582673492181
-0.4752273207831	0.248600543209287
-0.482838665424369	0.253085010221614
-0.306322657134294	0.14078862568602
-0.94076087744426	0.575878475204619
-1.4880683745391	0.753416408870872
-0.380870270229476	0.261959991039097
-0.387311042420766	0.218676486702209
0.456780268923437	0.183977943497489
-1.48546903151094	0.751525787664812
-0.0551292885383177	0.0240551235757528
-0.448137311827408	0.297680665766764
-0.764325448413719	0.332051662812837
-0.298009498331406	0.136708670223186
-0.390129115227146	0.162381960557114
-2.28349198332068	1.15520300935061
-0.629267545839357	0.153771215183604
-2.07323090983789	0.945839152787499
-0.760904068516606	0.330455192444913
-0.536654329124528	0.339822241154059
-1.81500400399229	0.739710597985082
0.400639531299599	0.181254630717297
-0.103038452758515	0.0605595167851793
0.150054849552069	0.0510420434585411
1.28267569581257	0.709228648118582
-0.0175357631446226	0.00833471318944223
-0.979565138712446	0.485108803116686
-0.763253894263622	0.331680843347779
-0.790095937365076	0.52375577730545
-1.03631953908137	0.830961435146734
-0.39344763955652	0.163974754883059
1.07082840114642	0.51896343769388
-0.992403529188372	0.890274366463368
-1.02558641604596	0.406837006708145
-0.576688822980494	0.421638095295081
-0.0925419739006504	0.0367298119405397
-1.31634439938499	0.823249189136409
0.323777138609571	0.211679824835744
1.25253210536116	0.871841094276505
-0.0712748037467455	0.0432802777983221
0.465325408106191	0.339674652972918
0.322809369099585	0.210941536028968
0.532908190209257	0.191706726261354
-0.569233651397149	0.41473254128417
-0.979421041745377	0.485307776607033
-1.82070618223503	0.742556934543085
0.547740879150656	0.318599476422946
-0.0564736583390033	0.0246170792693851
-0.30299365621034	0.139228025529717
1.45192185596812	0.906001128394215
-0.942352905384778	0.578039349383485
0.157501891594397	0.0683228455660476
-2.22993848357785	1.87024190771929
-0.763253894263622	0.331680843347779
-0.143083504265613	0.0512551019499494
-0.0149440373705933	0.00715304543740206
-0.259942645649972	0.162466816598443
1.37755029068789	1.28378267451636
0.800926884275663	0.4832271293038
-0.152178960154318	0.0544209424602452
-0.482516326457772	0.253218723780964
-0.604096834414727	0.28983366111868
-1.46997596403423	1.02591128764749
-2.23310825887585	1.87671686700315
-1.26948218769022	0.571244736976075
-0.599314745812843	0.287249165252623
-0.645645388794286	0.382674589275762
-0.304936524881395	0.140240188440807
0.163413249256128	0.0487677019311828
-2.46730809489015	1.37427688758857
1.26347855274153	0.882474759542907
0.152263467777791	0.0584865836523203
0.670649872073233	0.212844236167521
0.0313506965319523	0.0172361798014712
0.557583416754159	0.325278956051603
-0.233473648021171	0.116816615641377
0.14861654309393	0.0571183089589071
0.00986330626267873	0.00502149892185237
-0.778963871679313	0.423634176546725
0.527189850144832	0.458266684311163
-0.664309067201323	0.464717883569023
-0.138885144067968	0.0941652810096373
0.34948418237358	0.195893486457477
0.160478046648857	0.0696560768566236
-0.778463893787913	0.42331417860196
0.0693143990822271	0.0430691734098813
-0.456641497842149	0.304393216583365
0.174212376895154	0.0935143581482308
-0.177512728803123	0.0951673066135801
0.154616986872515	0.0525240580127315
1.25491623812087	1.06829924219999
0.150882619911791	0.0513268309948059
-0.781792862567589	0.599099044899258
1.12680168795098	1.01838754022778
0.0574485324190062	0.0337213327231514
1.40158445245189	1.08944164355584
0.169145273771059	0.0907164392085612
-0.0917173391396808	0.036451814828121
-0.302654775386195	0.139077492237227
-0.30299365621034	0.139228025529717
0.325034944431136	0.212553515810824
0.545924398140597	0.317453955275106
0.486414249789603	0.334774716765733
0.396620217869713	0.179198519533086
0.5302361559562	0.190641185309064
-0.0891130379539154	0.0354263445785917
0.373213756568532	0.189387369020431
-0.301654698061974	0.138588339768243
0.00229904321487509	0.00130980000372488
-0.589809494572493	0.478773464780885
0.800041242455778	0.637129715425161
-1.15877948784566	0.648429331921407
0.178055488380791	0.0956883776727464
-1.21944558607127	0.921089426311519
0.457181449738609	0.331982240843519
0.797507441355336	0.480144706249764
-0.175961374896128	0.0942639461101265
-0.181128185471047	0.0972269911022705
-0.408993243123729	0.348134156899665
0.87373569593194	0.651295255211069
0.157201219616233	0.0840539067700235
-1.21898766040475	0.921231253793661
-2.11476627413098	1.62613100690888
-1.32052478346702	0.826541658231979
-0.294515898872298	0.135012264781216
-0.645198024387711	0.382779718940349
-0.344051246728784	0.0990141017009014
-0.344864025255158	0.0991853144395914
-0.210258805537791	0.0679543406762681
-0.215609075040396	0.0696016635663571
0.169628986070269	0.0504635339197501
-1.13521969998424	0.343544374381215
1.33011373386665	0.58253136514184
-0.389010542508637	0.161884808373538
-1.51429942551804	0.540079204882619
-0.782957728044987	0.517228583398453
-0.386149105633392	0.160678716148557
-0.635791414040505	0.375493116322394
0.349417166514183	0.195929454458467
0.666218469247913	0.478330791407986
-1.51984622148121	0.542369599603978
0.674406994924976	0.214010177433492
-1.48465000941191	0.750254071982769
-0.785472914562132	0.51986338106667
-1.08988495806943	0.745844392822889
1.61705427510325	1.13217753472195
0.556658197455442	0.324808183980346
-0.484666628292446	0.254132958298524
-1.02600721974024	0.406723598932339
-0.516096514132394	0.19525236723075
0.152503171275613	0.0661004748463406
-0.229833494467532	0.114806507179195
-0.301175503860782	0.138186771174604
-1.48664479678676	0.752116672408127
-0.77930398214642	0.423837186958328
0.157212954461689	0.0603521678958182
-1.47228214970684	1.02879319846074
-4.00550590104381	1.73880391047146
-0.783848650519418	0.517858517424566
-0.214295623660532	0.0692156550779169
-0.511312418026602	0.193302575730068
-0.338476676785739	0.0974822237690529
-0.517470812145273	0.195857600194182
-0.498608336152708	0.375588213696813
-1.32912522881638	0.835228598574687
0.158329027774158	0.0607547033120073
-0.337820262048895	0.0972724494375125
-1.97726844393872	1.37811833610894
2.27965702565079	1.77157836934388
-0.90678869081805	0.661389517211604
-0.393701773942777	0.164088841030077
-0.515466779883267	0.194997679323859
-0.389264439668591	0.161953056740971
0.157462123376921	0.060446471737033
2.12604961404141	1.48380150159633
-0.217388012846592	0.0701320045495842
-0.30515477418509	0.140206020457341
-1.67895172377218	0.951463817818863
-1.48404803966093	0.750647249830359
-1.81870429132264	0.741743820146927
-0.39344763955652	0.163974754883059
-0.0930539441493821	0.0369718407357095
-0.943555193303621	0.578118575678873
0.157402944201754	0.0534351553820693
-0.642511009645934	0.380710730102905
-0.497674879699227	0.374766523902696
0.908223326463872	0.49152217183596
-0.091447731749708	0.0363099197354823
-0.720801185410545	0.247515042606667
-0.29851088456123	0.136952888904944
-0.101220642145512	0.0401128132628269
-0.0949189066169269	0.0376857428396181
0.694356190844902	0.325735721016374
0.166194207115579	0.0890575699210396
-2.05928858142741	0.936604988422931
-0.921448773872037	0.676194158499093
-0.220500707384611	0.0711541768422124
-0.994087386808082	0.494002695636735
0.353396354772355	0.198762766166764
-0.600654917077171	0.288044191798673
-0.0217225628988668	0.0102204850435043
-0.779804419549096	0.424157606981819
1.45927041841218	0.911566993567073
0.157266782943187	0.0763501893222841
1.04455801006536	0.39678683304154
0.540978845881334	0.194742692172549
0.701870733366217	0.329842548220735
-1.1583070292035	0.647391608800646
0.171979577755788	0.0997709308396792
-0.643808373527417	0.38135188490399
0.565592812053621	0.476702907462124
-0.301005765971263	0.138064788402368
-0.0504442919763924	0.0220653569575298
0.543250365044746	0.315501666091468
-0.397026784415205	0.165611173292705
-0.915520012072764	0.670200073936671
-0.468632751563423	0.395434296257696
-0.0975107428477955	0.0387100574923889
-0.726132227916529	0.249449469641422
0.394830511937435	0.178506716414537
-0.988463529949147	0.885216897519201
-0.0909186397580199	0.0361043129394616
-0.0552185882507658	0.0240920164973833
-0.152539944063705	0.0545436169702169
0.724265582434164	0.480602785061658
1.04455801006536	0.39678683304154
-1.16831815691166	0.655202121260252
-0.778119257504524	0.513169137397872
0.39065300978158	0.176442585767731
-1.82543080180593	1.14658796080634
0.029893287086614	0.0164175303503731
-0.329930245193566	0.198597657925365
-0.300555141206566	0.243728332967507
-2.07412579425257	0.946439442110547
-0.180355881182323	0.0967098533043417
-0.269212191608712	0.168942682421998
-0.767286225461701	0.333783416084763
-0.644688234295486	0.382015944040838
-0.301654698061974	0.138588339768243
-0.233515529185709	0.116852404668532
0.450215205359741	0.181119832882834
2.0301153433209	1.92543722343536
0.157830822565027	0.0684885666679607
-0.406863778427997	0.231471763086458
1.07071467969068	0.518997529832834
0.154740770752363	0.0525923721877549
0.362866233301946	0.18330724624962
0.665327989337167	0.71288971033534
-1.91484495595903	2.80147577316892
-0.667914695343097	0.468125216098923
-1.4880683745391	0.753416408870872
-0.0477570291025415	0.0209250817647642
-1.15959934465043	0.649183224396337
0.831006822012992	0.350568707255947
0.904821035607461	0.489623205949878
-0.633224377198406	0.373756928279534
-1.67286521965355	0.946361120152777
0.556137210023951	0.324391666731686
-0.058688429210376	0.0255569971826904
-0.48185209658731	0.252878033775557
-0.147076152891941	0.0526308419632966
1.06984437307908	0.518851110368289
0.549019203142711	0.31950308716653
-0.391082329839111	0.221318392821888
-1.02451598677741	0.816860115693861
-0.595379150571657	0.284849199337187
-0.390031594989145	0.1624720218561
-0.482929015400634	0.253091539120567
1.95791760701363	0.441280139896969
-2.27780018619271	1.15033627466324
0.159432106504219	0.0775077736829724
0.446163909138925	0.179453323158192
-0.30299365621034	0.139228025529717
-0.217760293232053	0.141050958148429
0.715234246576339	0.473021699575277
-0.777551622884698	0.59567590853957
0.487747274448066	0.335801080441692
-0.528786675838394	0.333950038427481
-0.0970081236743832	0.0384843792732294
-0.214063950112808	0.069118756813684
0.395638945353767	0.178912374877141
-0.146483613250347	0.0524206738570132
-0.211803100213447	0.0684440141233586
-0.718798226358807	0.246701955031967
-0.721178105137157	0.247635434110556
-0.646569201725525	0.383769498938194
4.38261299997846	2.28576671098415
1.0778546672873	0.523529401824167
2.42110829710658	2.0822521370272
-0.141741736474688	0.0507251072219281
0.166528409127177	0.0496297620210776
-0.225382597508313	0.072706732232085
-0.348465736253515	0.100232718134072
-1.02713260840854	0.407375194722086
0.154673387654331	0.0670697432488494
-0.642846913998337	0.380358365292816
0.157328017678796	0.068270214475041
-0.224394290427172	0.145763579678671
-0.0549614474231717	0.0239689190779343
-0.778641834080456	0.423073665937309
-1.83544266309231	1.15745114055166
-0.389176867516154	0.162123247090893
-1.13904372642696	0.987638029411921
0.149050405593914	0.064717124903211
-0.643390830329317	0.381285349849095
0.161319781394684	0.0783146999609912
-0.918364880553987	0.673188134148223
-0.0549614474231717	0.0239689190779343
-0.954836083052115	0.58802261831253
0.347788179505502	0.195116861144421
-0.386149105633392	0.160678716148557
0.611666291287855	0.321406189077907
-1.80197754639448	0.383903353697165
-0.53856862219318	0.341564685286051
0.521464780996316	0.334082892042883
-2.46568441976191	1.37175127453949
0.560585766641254	0.327653221096915
-0.542283700333365	0.344485398150579
-0.0532320673717442	0.0232365980319676
-0.5407437262647	0.343535518888953
0.162706550633882	0.0790081716895915
-0.486776473537787	0.25588967394822
0.155372593274282	0.0528040448022981
0.152998897216914	0.0587123670012067
0.671285868287637	0.482557615605808
0.906864295501738	0.490944397735568
-0.247074842396225	0.124069550907824
-0.381761842551084	0.26242339602802
-0.60380694749457	0.289657827684546
-1.22435674825489	0.927985868369439
0.390899798980794	0.17660154402731
-0.534215005677151	0.338327607009452
-1.48465000941191	0.750254071982769
-1.28487415621052	0.580351911857437
-1.15777996472637	0.646985468514697
0.399300603945175	0.180806812694749
-1.08574586200962	0.740899747179833
-0.551298369015252	0.497742881936084
-0.215184417856504	0.0694920488130609
0.175086013326766	0.0939818316345082
0.344591753748511	0.192795839972261
0.604546291252668	0.316700483225636
-0.991962380550086	0.889890053386412
0.787942928684929	0.472573594457481
0.145219253349431	0.0558150779232109
0.616327562242392	0.324026874359857
-0.869182815790132	0.797632373218234
0.615482846358088	0.468641285942122
0.341846107611981	0.209201074676473
1.09235247693314	0.673582198975332
-0.596986385731823	0.286006259360821
-0.482746545399335	0.252981957960072
5.11978683212495	3.99086115970681
0.401103036482019	0.181549511392063
-0.396823138255705	0.224879211759401
-0.535631932499435	0.339451950158123
-0.95155313801062	0.585240952616607
0.359288137435136	0.181645120192674
-0.177270932288992	0.0949810036675795
-0.763253894263622	0.331680843347779
0.156825069451733	0.0680466718392824
0.348584388028432	0.195686737484711
-0.599924554013208	0.287231213747786
-0.293853211529507	0.134651031913496
1.39926125886768	1.08802834399946
0.908495485689651	0.491815674425042
0.489086871026926	0.336771162747167
1.66895279063737	1.58532366923173
1.40145156139608	1.09100265444286
-0.448982447329224	0.298413597824112
-0.265648295655087	0.166515674966787
0.157667078473126	0.0766082814504913
-0.261608606931132	0.163685460970047
-1.08984955132092	0.745632745668245
0.187043446513078	0.116213408002774
0.699757369524291	0.328370367395016
-1.09122680365429	0.746907756812296
-0.486776473537787	0.25588967394822
-1.27272029784914	0.573398795849966
-0.90631525157974	0.660982298504416
-1.51919018322957	0.542251856895701
-1.51754153600569	0.541527764023226
0.152535316970161	0.0518648992874702
-0.592231682943635	0.283120785843979
0.613838303678959	0.322548332275997
-1.81433874778204	0.739366153614294
-0.140219045929796	0.0502215736713448
-0.724793109289914	0.248887676452097
0.455252730075833	0.183399401788306
0.688615020403465	0.322173993619
0.700802354490962	0.329084154463177
0.165594211957363	0.0493598676029419
0.156217865065462	0.0599899472337467
-1.13422470394875	0.343215945535417
-0.344210615318698	0.0990368506115311
1.2619159543565	0.881412718339103
1.282115369111	0.708799855729737
0.156467044940017	0.0600919073105214
0.614341749974739	0.32286465758395
-0.720801185410545	0.247515042606667
-0.775298434161499	0.421171841403036
-0.217799329214556	0.141069912341998
-0.0620941602483388	0.0270117766359641
0.506992411310084	0.32300517446446
0.152998897216914	0.0587123670012067
0.150882619911791	0.0513268309948059
-0.778018640387003	0.339353533878607
-0.352742379173712	0.101393569891827
0.157150948993736	0.0469889516170941
-0.389430764490368	0.162176885610031
0.164441617601731	0.0880275456015884
0.511413700223652	0.326485193152141
-0.512146849346214	0.193682417019057
0.153165327433612	0.0520592080182968
-0.781638200249342	0.425213529951623
-1.01460081912264	0.401291792343274
-0.767761488763089	0.3340892272935
0.369199247203358	0.187071874175325
0.164262140536236	0.0713712758509076
-0.30766237554547	0.140039899640354
-0.763253894263622	0.331680843347779
-1.0890159095428	0.745686183600691
-0.510891470732261	0.193155670362405
0.0486061857898462	0.0285240297763158
0.171979577755788	0.0997709308396792
-0.450597825069749	0.299736456955725
-0.151113246556624	0.0540535832297715
-0.303123121368777	0.13934478600169
0.161809663243855	0.0483223326687324
0.153247518839476	0.0288421886814327
-0.216468117878063	0.0699098638062388
1.954064165964	1.21939412556465
-2.22503060075436	1.86347092836068
-0.298009498331406	0.136708670223186
0.553185058651702	0.322089655296042
0.558277958702046	0.326269451610799
-0.24197027871765	0.121290105448905
0.146934855591585	0.0564263959260108
-0.914956249689997	0.669144839214544
-0.390286637919128	0.162633263694202
-0.478312788084848	0.250494332240814
-0.939496819861406	0.57519870626606
-0.764919010559274	0.332363812937212
-0.131081888336261	0.0739867900343313
0.368530779096893	0.186874598785282
-0.144729016317789	0.0518086814678952
0.557064327322885	0.325049257515546
-0.0179784704630819	0.00853601647288715
-0.94076087744426	0.575878475204619
-0.602753716787686	0.289074692858458
0.366627915517588	0.185820869768428
-1.82543080180593	1.14658796080634
1.28051647239539	0.707475934838674
0.346444893311696	0.194316146735746
0.450215205359741	0.181119832882834
-0.980525258763963	0.486039362431809
0.181233299188467	0.105552248176615
0.161545423180964	0.0865259451085375
-1.13482941234436	0.34340642829894
-2.01991124383699	2.12160011621841
-0.091447731749708	0.0363099197354823
-0.538835594273489	0.341995587162522
1.14621908480495	1.18013770755753
0.352886303162597	0.198218709244989
0.476810336075317	0.32663176061305
0.404581308845447	0.183300863345749
-0.322283108399758	0.193124506761297
-0.393319211279937	0.222763960416708
-0.597509459020859	0.286283554846259
0.515675403936476	0.329763240229554
0.0214413123551048	0.0107164677201533
0.396168028372981	0.179162221909774
-0.534253585115401	0.338460249931751
2.41155768663204	2.06797215493655
0.174212376895154	0.0935143581482308
0.0304669394124493	0.0167748213338109
0.165756237597685	0.0888124562126327
-0.779828603135457	0.598152210143984
-1.17019865965444	1.1960936244092
-0.717014216380814	0.24607192548599
-0.450795766220018	0.2996119425738
0.538706182108427	0.193884008472894
-0.520581729618906	0.197148689128052
-0.889259921935188	0.739655350393929
-0.391198465872628	0.162770996428456
-0.233381546795548	0.116632240009177
0.148852800035751	0.0645568319280302
0.00986466123836491	0.00500366054175105
-0.233933197390773	0.117067450298648
0.723014172214729	0.479512354959099
0.401103036482019	0.181549511392063
-0.326253502810314	0.196045407859237
-0.593228429328023	0.482530445966134
0.19259785279281	0.119967190977461
0.869635030710339	0.646644037983314
-1.44066495805401	1.28976193473166
-0.152681149870866	0.104166332161981
0.159311548972865	0.0540967488137483
-1.01800776945425	0.403095119703069
-0.0101297677288862	0.00496927442549756
-2.77102911479255	3.39201696179975
-1.98287121024883	1.38443612223789
-1.27626395926511	0.575339142684756
0.158495830544173	0.0688499392365998
-1.02205798388654	0.404922502702426
0.449618779962129	0.180872500408506
-0.533670667990141	0.337679868923766
1.8261162244369	0.715575956681055
0.16707117146508	0.0420080923591852
-1.13582369620544	0.343734699942405
-1.51330481624892	0.539630991333106
0.674406994924976	0.214010177433492
1.04388504434288	0.396330532362075
2.56874050903819	1.43039075188776
3.63787278219551	1.43230843013536
0.165097545701885	0.0415776969264477
0.152289864541204	0.0287035071443224
0.148503149870495	0.0281892610504199
-1.27010940171459	0.57162221968883
0.719610475169089	0.477077992934521
0.151004764574749	0.065507375317003
-1.27073685110928	0.571951256018346
-1.27521506962447	0.574747266706149
-1.79827400712943	0.382942964938875
-0.525910318101456	0.19924571432488
-0.599349519704877	0.286975417875332
0.608198956003037	0.31912028546692
0.0523761213703539	0.0307230565176952
-1.27479878011019	0.574686410185082
-1.32182754991782	0.828540531572284
-0.719465582528739	0.247026553935257
0.177033218396191	0.102914348622027
-0.323078167264765	0.193833516556074
-0.0902065122804847	0.0358292867852547
-0.599924554013208	0.287231213747786
-0.0941067654169633	0.0373762932959253
-0.723601171891188	0.248501036925982
-1.60212948088879	1.2351044849956
0.0329597065614946	0.0180731411454092
-0.782448296806308	0.426306761539971
-3.46537741354921	1.23478996980869
-0.298343890309942	0.136842583214664
-1.28054172110541	0.578016358254624
-0.785725499201289	0.428733727217893
-2.28349198332068	1.15520300935061
-0.298009498331406	0.136708670223186
0.448794614800884	0.180450286753226
0.177515332780496	0.103253145532674
0.921880298285146	0.804365228395808
0.163005467806634	0.0792569615696956
-2.06881364971599	0.9431380459589
-0.896434361755401	0.748211652491171
-1.79835097978106	0.382953978270685
0.695242860337328	0.325796155950588
-0.0920120072414227	0.0365206831931245
-0.08649889817894	0.034417662606981
0.152676160370971	0.0662758761008885
0.161172763513958	0.0618589033233582
1.96059225713806	1.22595009791766
1.08737169474133	0.66886331155829
-0.0970081236743832	0.0384843792732294
0.178209389507218	0.110393976014488
-0.302281358916464	0.13894412707371
-0.48669981245009	0.255759570424597
-1.15566949942324	0.645677647074688
0.613512573671803	0.322329169208786
-0.301678461212311	0.138432195605279
-0.775964086547352	0.511048294736142
-0.990203713046619	0.886596755671309
0.609857474714165	0.319839075764602
-1.01645966379821	0.402385802038174
0.450215205359741	0.181119832882834
-0.719194825953782	0.246846541949292
-0.143034785337113	0.0511857384265564
-0.135626923799718	0.048632694630945
-0.0493598399831181	0.0216107223069477
-0.0922598492336672	0.0366247500539306
-0.946014896062272	0.580648244340789
-0.764325448413719	0.332051662812837
0.674406994924976	0.214010177433492
0.962293295824561	0.656906639369618
-0.238821195316963	0.119580937271296
-1.33051065122395	1.099076471635
1.10953505495772	0.848874355402325
-1.31734206373511	0.824154785431626
0.899279546618742	0.485381485140419
-0.388705025604331	0.16165476517918
-2.33856608035089	2.12801000265356
-0.0469851929170621	0.020598183770041
1.14175241313221	1.17226230924697
-0.763493068016229	0.33177675339701
0.612179388299582	0.321450364353162
0.445343832301428	0.179072239658324
1.46790942357864	0.920489792523472
1.40331495629837	1.09197846209179
0.154616330348594	0.0593392023307753
0.153247222778868	0.0588212060537421
0.160496152810008	0.0778657816352406
-0.514208028381154	0.194408794277539
-1.2183901089086	0.92172865087963
-3.08209765998152	0.963916510480773
-0.604096834414727	0.28983366111868
-0.487522794054787	0.256097817510669
-0.294852408511201	0.135165072534677
-0.305820815834773	0.140560121358743
0.721242641728398	0.477936475703256
0.900889315160942	0.486604124791445
-0.388197675575098	0.161522746371051
-0.396065265579187	0.224627625668143
0.60819807550165	0.318722599685588
0.17018033055947	0.0986539446003427
-0.302654775386195	0.139077492237227
0.532501690034208	0.191523210703971
0.393213234553533	0.177650237664418
-0.786276289400466	0.428684267911993
-0.21584116833564	0.0696924945480662
-0.979269080017141	0.4848926069164
-1.51494963266618	0.540305848955056
-0.975441068760145	0.482163989366263
-0.649208634385738	0.385721720450733
0.369098387830601	0.187038528267993
0.152697810862849	0.0662520175375133
0.151876172846442	0.0582912127370879
-1.51364953741781	0.539764698603452
-1.13422470394875	0.343215945535417
0.673092310209553	0.213658316206257
2.75446121880292	0.769079402442662
0.951331866170054	0.252756684317784
-1.52429831942648	0.544058060275961
-1.79827400712943	0.382942964938875
-1.79827400712943	0.382942964938875
-1.02558641604596	0.406837006708145
-2.27694875940199	1.14968667309891
-0.627829060935039	0.153504607197422
-1.0198546198872	0.40400953786834
0.162479935061762	0.0485106492306684
0.697655145348232	0.327160782431752
1.07644507770465	0.522660261561073
0.398493904718029	0.180392891274723
-1.51560015914977	0.540391239685252
-2.47532817158525	1.38071888048216
-1.63859825344119	1.68744400147932
-0.14326766437207	0.0512430663698733
-0.789739385598624	0.431206446836504
-0.514837284692919	0.194722873359673
-0.402214044615395	0.228436010186168
0.194192091408776	0.127880229056097
-0.0427879294716753	0.0188306503254045
0.151955561498119	0.0583759744460965
-1.0867815608715	0.743310861203735
-0.789425802076381	0.522931012531964
-0.604624046603821	0.2901142271608
0.00557198602750804	0.00290919214982357
-0.0520448881045662	0.0227471554339632
-0.390286637919128	0.162633263694202
0.146396063501265	0.0635308297165229
1.07562959364699	0.522094861817641
-1.08723900487033	0.743686952985376
-1.83070645381077	1.15264312022397
-1.21691976983917	0.917535992025689
-0.521853831344232	0.197637809701916
-2.58120409692147	0.664991486920107
0.398238474377026	0.180057025231607
-0.94680884537104	0.581114915032974
-0.187221911198252	0.100594980676241
-0.0494852399470308	0.0216559558015761
-0.516303494683392	0.195262357700911
-0.39344763955652	0.163974754883059
1.28446067249065	0.710554767003106
0.548668448396694	0.319206783900256
-0.147076152891941	0.0526308419632966
2.56461118120865	1.42632191195129
0.156964116509175	0.0602446032592551
-0.391198465872628	0.162770996428456
0.152686341340135	0.0586077786643544
-0.178604978122655	0.0958035072156727
-0.786460657491084	0.428738271415608
-0.785618454774894	0.428249977273991
2.14789611891175	2.22535142806371
0.793008827376959	0.476240585807235
-0.132456998875795	0.0747448500696683
-0.779463988889075	0.423926211718869
0.532249310589414	0.191451139948052
-0.392587160668086	0.163528890065913
-0.787068111790984	0.429614306053086
-0.391527822013094	0.22162535872072
0.606540183155317	0.317462835945891
1.09745550943709	0.678140310947605
-0.0925419739006504	0.0367298119405397
1.62628690382708	1.14417346304207
0.323777138609571	0.211679824835744
0.962016901851209	0.655889701985062
0.795562111471854	0.632637645122499
0.322377432259694	0.195787595568519
-0.0495797235249327	0.0217002812945495
0.157830822565027	0.0684885666679607
-0.0549614474231717	0.0239689190779343
1.05902390245542	1.12766942320631
0.79664989534875	0.479403981571496
-0.0574333790978502	0.0250288442631081
0.705735059468703	0.331775801621307
1.08901924365508	0.671447166005713
0.694923768942287	0.325653810863872
0.698394477481123	0.327670289397726
0.902224166816884	0.487525217347414
-0.972674310983336	0.480898936399441
0.159165451625565	0.0690724866371811
-0.173818349532177	0.115358796285329
-0.138800921990177	0.0497365758407977
-1.51819793872521	0.541803713077291
-0.632939126134277	0.15468454480873
-1.83204886089929	1.15300438025087
-1.08984955132092	0.745632745668245
-0.641673111395319	0.38026434456382
-0.0200432355828704	0.00946563381203632
-0.0144970038570515	0.0069507076906102
0.871260706975058	0.648239470346239
0.189188968868181	0.130355986989587
-0.0553432222225321	0.0241274622394166
0.155597249360398	0.0597099328081436
-1.51429942551804	0.540079204882619
-0.775799320197528	0.593775682558639
0.164924003228835	0.0491712866480455
-0.629267545839357	0.153771215183604
-3.75875127852753	1.48993252551164
0.947097253557627	0.251590606337117
0.153247518839476	0.0288421886814327
-1.47275728400785	1.02915321741605
0.155332765358234	0.0673583599134051
1.28895468665247	0.7138981062513
0.162244414904995	0.0787823381540107
-0.219388531614775	0.0708318276022096
1.95791760701363	0.441280139896969
0.167299398578488	0.0420768316112512
1.82513230176872	0.715356894962213
-1.13482941234436	0.34340642829894
-0.210914594903388	0.0681539957692087
0.152567656731362	0.0287430408348264
-0.629267545839357	0.153771215183604
-1.51330481624892	0.539630991333106
-2.07347195243914	0.945962551724422
-0.91463248104615	0.669588461366466
-0.0547397772584367	0.023891573249213
-0.398947236989961	0.166471939800779
-1.27479878011019	0.574686410185082
-0.627829060935039	0.153504607197422
-0.974065043990998	0.481194521354178
-1.6681934873708	0.941769673728646
-0.597765523029135	0.286038400623464
-0.174131990435633	0.0932233350103229
-1.79827400712943	0.382942964938875
-1.01645966379821	0.402385802038174
-0.0494852399470308	0.0216559558015761
-0.476488273733273	0.24939310881067
-0.9798255441896	0.485254683607556
-0.150523307618293	0.0538466873307719
0.154700195448901	0.0750073595625576
0.158323275965016	0.0473326847049123
1.95720166372411	1.22306302633286
0.66999328440441	0.21269616854207
-0.346493976209143	0.099688871662609
-1.51919018322957	0.542251856895701
-1.13129699285405	0.342278739405472
2.35945145057363	1.18326179292922
-0.220273125496108	0.0711077393958585
1.27929500091082	0.705937429298703
-0.0506209472862685	0.0221427204275206
-0.022199545390665	0.0104517157191169
0.157830822565027	0.0684885666679607
-0.770016488806791	0.335285011373904
0.911893693765554	0.494187152964631
1.78416812688687	0.998470164228766
-0.94345819178011	0.577905170207753
-0.227722237306992	0.113703230199926
0.152937417640883	0.0458047163258354
0.705179726527739	0.331437111268187
1.04144562491045	0.395430985542635
-0.720404519989633	0.247290988830991
0.66999328440441	0.21269616854207
0.39564500936469	0.179038807944551
-0.314383572573485	0.144813143928329
-0.976547884063962	0.483485031732564
0.163836611433967	0.0488158818972851
0.159311548972865	0.0540967488137483
1.01340936588939	0.838124947118577
0.158700262093321	0.0769690660157659
0.166691919569473	0.0419536988970269
0.162142918311415	0.0704021672449412
0.453358879526006	0.182597486635333
-1.02582176479153	0.40676668488424
0.406099451568918	0.184038028610054
0.150165099513296	0.0576790502589463
-0.718527169744358	0.246584376429975
-0.0567892688023551	0.0247360419469047
-0.220701982745366	0.0712623910786716
0.351549890855717	0.197345393950172
-0.232509057244501	0.116172307186019
-2.577202278156	0.663064687208724
-1.13069021608626	0.34196481134975
-1.82857347238231	1.14972702062301
-1.13910410688242	0.344899734416028
-0.760073221936386	0.330149047801038
-1.16532572545799	0.653431630299109
3.05810447511763	2.28457362367843
-0.647366504847638	0.383894930077736
2.74641765172806	1.68396283528329
-1.46332294973254	1.01794719613354
-0.515466779883267	0.194997679323859
-0.346493976209143	0.099688871662609
-0.139034402758614	0.0498144544844224
0.148799816130941	0.0571605520346205
0.947097253557627	0.251590606337117
-1.79835097978106	0.382953978270685
0.947097253557627	0.251590606337117
-1.13910410688242	0.344899734416028
-0.344864025255158	0.0991853144395914
-0.723858427247846	0.248624788373591
-1.13129699285405	0.342278739405472
-0.302154666650255	0.138838114292047
-0.138800921990177	0.0497365758407977
0.160803134128977	0.0406203249121647
-2.58120409692147	0.664991486920107
0.148503149870495	0.0281892610504199
0.152567656731362	0.0287430408348264
0.153526628680235	0.0288819285189665
-0.519506114025651	0.196649199431937
0.152567656731362	0.0287430408348264
-2.06401436108767	0.939809125258311
-1.51429942551804	0.540079204882619
-1.81339137537901	0.738819242243621
0.406935649874028	0.184447397773763
-0.516640021567978	0.195578035113981
-2.57747759965585	0.66335545132302
-0.786570531945675	0.429262106846232
-1.26510896770681	0.568560172610577
-1.08635536531234	0.742923919383876
-0.716074907122798	0.245725534591538
0.157466035566067	0.0534763086680417
-0.765765030793983	0.333085138267758
0.150882619911791	0.0513268309948059
-0.213407527517472	0.0689186426519193
-0.512582104073483	0.193859483869191
0.161838633058015	0.0785571392099489
-0.29851088456123	0.136952888904944
0.161139089918031	0.0481199615651925
-1.1434022229194	0.346229899812888
-0.209603293307511	0.0677458907222275
0.372734409957043	0.189124455278308
-1.48782321639958	0.752911105521393
-0.0859727266486525	0.0342163932929792
-1.02219635119045	0.405138350348285
-1.51019343351841	0.538270963770231
-0.181091098524722	0.0971951283956129
0.150251518108603	0.0511196116992592
2.12225919819563	0.952782376293716
0.614160551044546	0.323062037598086
-0.720801185410545	0.247515042606667
-0.785573201162584	0.519208093244018
0.167044817618026	0.0967740760816047
0.394830511937435	0.178506716414537
1.33388779929172	0.584486704122506
-0.229008836048701	0.114384523613242
-0.566917761991682	0.412834019091401
1.28051647239539	0.707475934838674
0.867651497757077	0.645770212795918
-0.77743092853472	0.339053778409674
0.17287741001599	0.0927564433665884
1.28342354469657	0.709338048521518
0.902224166816884	0.487525217347414
1.282115369111	0.708799855729737
-0.520991604825621	0.197343930777988
1.79050346561438	1.00408955319475
-0.0566880752661949	0.0246898688934783
-0.593045777418822	0.283606513932115
-1.81092155243237	0.73740971841088
-0.53444237346808	0.338192532927659
-3.76352019154601	1.49252369844564
-0.975286663660959	0.482647097630042
-0.322648722290514	0.193555895805599
-0.676404381882153	0.535614320090646
0.156602520327525	0.0531680909306639
-0.48625644407589	0.255318665215192
-0.458480714184484	0.305917894397296
1.07491296301041	0.521612417834789
0.673092310209553	0.213658316206257
-1.32052478346702	0.826541658231979
-0.483470524065646	0.253809607022495
-1.51395570496283	0.539857861420258
0.152289864541204	0.0287035071443224
-1.51508549869365	0.540440174431714
0.533792789739045	0.192056407531968
-0.764679257511663	0.332374029322147
-0.487522794054787	0.256097817510669
-1.46902278139916	1.02548473507771
-0.447112069612286	0.296719197312186
0.455025575438864	0.183293312831413
-3.45538437102149	1.2298802093729
1.45316902836548	0.481724936898338
0.66999328440441	0.21269616854207
0.160875819484411	0.0480497781693361
0.152289864541204	0.0287035071443224
-0.342569521377039	0.0986187132378211
-3.08164138813046	0.963767470359232
1.45575253921811	0.48289648887464
-0.389477028876739	0.162240726592513
-0.764936954517293	0.33278036663707
-1.08850924899218	0.744424856296208
-2.10673172162688	1.61252102815744
-1.1637441749529	0.652215592544528
-1.02558641604596	0.406837006708145
-0.629267545839357	0.153771215183604
-0.982582615598912	0.487085279552104
-0.392523979054397	0.221966275403248
-2.78197398722343	1.88071544608147
-1.81339137537901	0.738819242243621
-0.782603239966478	0.426479396469204
0.154169004929053	0.0668513325863638
-0.101989737936091	0.0404296113244469
0.580013111420178	0.464718591514584
0.713548217118809	0.471819538576212
-0.661002304078468	0.461682729796989
-0.95155313801062	0.585240952616607
0.168287851014599	0.0422797449011708
-0.627829060935039	0.153504607197422
-0.942352905384778	0.578039349383485
-0.297337223585923	0.136342474135856
1.07224257181781	0.520038559856794
-2.06564147994187	0.941075674107423
-0.344210615318698	0.0990368506115311
-0.013605078230749	0.00654598089259042
-0.444817055206376	0.294890912544456
-0.720404519989633	0.247290988830991
-0.971414747512708	0.479670940118914
-0.51621606652381	0.195282629261913
-0.516640021567978	0.195578035113981
-1.4823828871594	0.748778318949788
-1.52840319257262	0.545873797760971
0.53313407482189	0.191800740808182
-0.213871750896534	0.0690577255793313
1.45707753244512	0.483282553765983
-0.643390830329317	0.381285349849095
-0.599349519704877	0.286975417875332
0.146634038667338	0.0499238681090866
1.10958849940618	0.847169150151085
0.863022749517689	0.791957915682375
1.46243752606349	0.915690340433946
-0.540502371068435	0.343147554399233
-0.394664733515481	0.223567849334958
-0.0175357631446226	0.00833471318944223
1.78589191815297	1.84284851726355
-0.600654917077171	0.288044191798673
-1.5962547149355	1.22678255002528
-0.219596006818379	0.142357423539162
1.13364727493829	1.02850996951445
-0.317944931535559	0.190374728563452
0.449022148085439	0.180598376655974
0.613188000988	0.322042634973678
-0.60491353971316	0.290239302747195
-0.389315112410885	0.162019133328445
-0.595079468461616	0.484513500161825
-0.535346279960861	0.338856590213455
-0.765272653406876	0.332629321268392
0.788176623266247	0.473060268776384
-0.235178574711158	0.117570503072707
0.81139586941185	0.649704148546457
-0.609083053727342	0.292608455075041
-0.918705546798685	0.673110045645565
-0.980382180295135	0.485577017392583
-0.149087530573443	0.0533114671179991
0.149231675159569	0.0507629349618054
-0.515466779883267	0.194997679323859
-1.79835097978106	0.382953978270685
-0.647880395818139	0.384510836414277
-0.905407953393488	0.659883683509845
-0.534039225562242	0.337711121113277
-0.39323716859707	0.222549748739294
-1.51494963266618	0.540305848955056
-0.627367542213354	0.153354696036073
-0.633409029549556	0.154789771896201
-0.340124379015428	0.0979309335927298
-1.51330481624892	0.539630991333106
0.165594211957363	0.0493598676029419
-0.764086062426498	0.332088631279259
-1.48061958401468	0.747791402904068
-0.520991604825621	0.197343930777988
-0.948720417011924	0.582634591571009
-2.27842605503229	1.1508820194728
-0.785275859172774	0.42804546176086
-0.72990744568965	0.250762320843378
-1.83935409616057	1.16160523046517
-1.15907552995224	0.648798876745899
-0.391503854848713	0.162948863670941
-0.211803100213447	0.0684440141233586
-0.942352905384778	0.578039349383485
-0.13820927510853	0.049531032348743
-0.675344023641181	0.5344979075466
-0.602753716787686	0.289074692858458
-0.0546503308644821	0.0238509755552916
-0.214720650671688	0.0693043334162491
-0.143238806119921	0.0513077478725909
-0.60491353971316	0.290239302747195
-0.518726505743015	0.196302609306264
0.156654653991889	0.0601389991500927
-0.375635649710967	0.257703036712608
-0.012711163353644	0.00613712304658641
-0.211147146065051	0.0682441817050335
0.151706424698603	0.0582782084805056
-0.72146943263536	0.247682563419049
-0.0574333790978502	0.0250288442631081
-0.211380351297293	0.0682941197149795
1.57130838014172	0.781817381092609
-0.514208028381154	0.194408794277539
1.82414885065892	0.714941399976917
0.602080769470943	0.31533730917058
-0.372807776762976	0.291484448045377
-0.0378396769704819	0.0236022983558295
0.509339893613396	0.324715609439753
-0.524221021940353	0.198635348498468
-0.0859819122885406	0.0342390811601714
-0.724527840719668	0.248940035798255
1.57872157530349	0.787144638169878
0.147743362880974	0.0567523885010285
-1.13206143905362	1.25228139086289
-0.391096888732438	0.1629812476362
0.532722704176569	0.191651782960233
-1.01776700319907	0.402943187092934
-0.764586280589962	0.332455882664021
-0.14078756650129	0.0504046952906822
-0.351758442844764	0.101154571200253
-1.01670064962607	0.402447644882223
-1.022712746104	0.405179718951923
-1.2619879329059	0.566610835753402
-3.4565848348623	1.23040818352441
-1.67231026075876	0.945920698741273
-0.520784896269523	0.197143591247867
-3.08164138813046	0.963767470359232
0.820931629228735	0.345711555488893
0.696533622447931	0.326535509055973
-0.433537027811027	0.334069952393961
0.480001960938584	0.329452891300078
-0.070634366449422	0.042860861539585
0.163384050918122	0.0875166951814685
0.552556572621737	0.322234195690902
1.25400670950486	1.06804523899396
0.509068059575355	0.324745753399181
-0.0552156768103731	0.0240822064623439
-0.985615768975443	0.488774095764805
-0.489481593259423	0.257327410690291
1.33615531493037	0.585790780085288
-0.781759873720995	0.425807901275862
-0.604056808375017	0.290024647212789
0.401632985718102	0.181813336735641
-1.02154175669654	0.404862567676398
0.873390954452525	0.651447686351987
-0.384733237561681	0.159968964448854
-1.46600917869136	1.02069677225682
-0.638000523122883	0.377103644064757
-2.10794951802624	1.61367875000037
-1.21115743199898	0.912602976258536
-0.214225256387829	0.138439214769499
-0.316369680630044	0.222747990543424
-0.958907955517247	0.93966053884488
-1.01604749957747	0.402012996146716
-1.20328411628491	1.40176138010751
-0.715407313671064	0.245463795469067
-0.634458046009497	0.374545128557539
-0.323543081722691	0.194319436146563
0.670146693308096	0.21263420962492
-1.13422470394875	0.343215945535417
-0.342569521377039	0.0986187132378211
-0.141381032056214	0.0506159875060989
-0.721178105137157	0.247635434110556
0.513522989431129	0.327698989885476
-0.607493528353946	0.291771988503294
-0.172975589219492	0.0925891302791313
-0.763014566739752	0.331435312339566
-0.513167474897973	0.193986734282626
-3.75466048479637	1.48723142869904
-0.768944294866461	0.334721769210418
-0.0925419739006504	0.0367298119405397
-0.767286225461701	0.333783416084763
-0.662746463144571	0.463687236726135
-1.31668799677696	0.823055667955479
-1.15860003683574	0.647540210755094
-0.785917678846228	0.520239237163398
0.532249310589414	0.191451139948052
-0.390129115227146	0.162381960557114
-0.207755228062747	0.0671646434701178
-0.175525089489257	0.0940151617927707
-1.49150112472872	0.755539551589361
1.24682254179487	1.05846903135119
0.32909936898265	0.200355576107856
-2.61738293386794	2.90516357606291
-1.02050867103886	0.404356899215527
-0.144496554164053	0.0517417060723547
-0.785275859172774	0.42804546176086
0.330522107673792	0.216778854524427
0.532908190209257	0.191706726261354
0.188693956366014	0.117310872374497
1.00725011140571	0.830717287109631
1.33923766564693	0.587534294313214
0.158650994940858	0.0770301818734439
0.613188000988	0.322042634973678
-1.26991066017344	0.571208027682803
0.155806557342291	0.0466139175044204
-0.716742797527227	0.245951204867122
0.153068665402742	0.0587995504985548
-1.21948874954035	0.922980089900231
-2.27945197332288	1.15131522056519
-1.21792295622985	0.921287258397118
-0.725867563551232	0.249367253578496
-1.33302406539838	1.32934621625543
-1.16147682741792	0.649874833612229
-1.27010940171459	0.57162221968883
0.532722704176569	0.191651782960233
-0.306158679366283	0.1407209567511
-0.646996570837413	0.38404757055699
0.464119404844819	0.338396723316436
1.02916034257551	0.974740247661471
-1.48322009253632	0.749647504548096
-0.52846360297528	0.333796014054537
1.09317750392111	0.674338995742177
-0.391629501507971	0.221392440346183
-4.21852400687921	1.98286596020995
-0.716742797527227	0.245951204867122
0.450442155521912	0.181256071663712
-1.79953349985903	2.06998785867607
0.793785383475396	0.477580547213603
-0.0118185641796438	0.005734341309069
0.146733668160863	0.0636770594969505
0.163149905636875	0.0486839149701593
-0.386575097447334	0.160973661156631
-0.637572077543607	0.155739174733076
-0.394879004964898	0.223824628700516
-2.577202278156	0.663064687208724
-1.81092155243237	0.73740971841088
-0.98424529190162	0.488111445785559
-0.142207514098902	0.0509041851864348
-0.484425235738036	0.254325232515159
-0.967984731948326	0.477634433209068
-0.0131584267941687	0.00634369532514771
1.82513230176872	0.715356894962213
-0.0938844786016753	0.0372437459496391
-0.215609075040396	0.0696016635663571
-0.975143708565975	0.481983361314072
-0.179834977777788	0.0963939296913398
-1.21636515468873	0.918574327365289
-0.493233602046407	0.259687160557731
-0.760663837494611	0.330432690881567
-4.00683273081589	1.74054559036978
-0.782405786369181	0.517255793281379
-0.976521350600269	0.482583572204608
-0.342569521377039	0.0986187132378211
-1.02181759550244	0.404915960039854
0.39296120024251	0.177499025060886
-0.234852650206904	0.117545854217739
-0.294016554087657	0.134769744429119
1.57891100532146	0.786935009694621
-2.57747759965585	0.66335545132302
-0.453437650259717	0.302015223229063
-0.524157018120689	0.434291245011647
0.613008660747081	0.322012749294605
1.04388504434288	0.396330532362075
-1.72032598757165	1.45019366299719
-0.298009498331406	0.136708670223186
0.16677286942928	0.0894050301136236
-1.08414427744443	0.740477916229283
-1.16334851856352	0.651241924987179
-0.185690890833683	0.0996880182382749
-0.177420747456417	0.0951315536458968
-1.32098155437935	0.828199530418442
-0.595956245304819	0.285189963589044
-0.233843705090568	0.116879473569754
-0.294352740024289	0.134913446188837
0.456664413504253	0.183959946353038
0.397961322623372	0.179920072195054
0.820741251657713	0.345484369033752
-0.646569201725525	0.383769498938194
-0.147668894003962	0.0528350865223225
-1.04050600242438	0.835686054190211
-0.760073221936386	0.330149047801038
-0.667639130770192	0.468068221111573
0.827899644715454	0.348991104972789
-0.53008998114911	0.335019320325721
-0.0812223602730685	0.0323874154727562
-1.27053823500771	0.571759547562486
-1.42843926898122	1.52016043134007
-0.139705792585282	0.0789816359657042
-0.88985212010175	0.739629090411131
-0.511519041389722	0.193429014825003
-0.910625731816372	0.665305600418311
0.153068665402742	0.0587995504985548
-0.0922429931852346	0.0366585321112953
-0.632939126134277	0.15468454480873
-1.13362027945245	0.342902172857624
0.674406994924976	0.214010177433492
-1.15854013244903	0.647236651202098
-1.33737811584472	1.33658620922114
-0.340124379015428	0.0979309335927298
-0.458371424542756	0.305785964231613
0.163149905636875	0.0486839149701593
0.457600074208012	0.184388896678325
-0.979009073350107	0.484786914121384
-1.79835097978106	0.382953978270685
-0.143673624158547	0.0514580135328712
0.156835118177656	0.0532837121933901
-2.77911662419257	1.87640445512023
-1.47600532386391	0.744444103610333
-1.02624181092562	0.407113610404842
1.04330406457757	0.396058635347864
-1.71040378631741	1.43418224685411
-0.216073906032278	0.0697456994821053
-1.02766967731304	0.820157786361909
-2.11280587448127	1.62159398567242
-0.305778446944133	0.140652271890162
-0.980525258763963	0.486039362431809
-1.46468601789433	1.01947975659584
-0.604624046603821	0.2901142271608
-0.0620423280083495	0.0376110909674353
-1.16404268392444	0.652680355623344
-0.972950955045895	0.480478973053023
-0.768114862745367	0.334314347835866
-0.0909186397580199	0.0361043129394616
-1.51460691365039	0.539943633445175
-0.342235478378113	0.0984932623692754
-1.26782842660809	0.570441623693441
-1.48262891806896	0.749194787387466
0.150856780794037	0.0654562657304261
-0.771801102263367	0.336210157166223
-0.604624046603821	0.2901142271608
-1.15432470982264	0.644563501933851
0.162598392899409	0.0789553232354743
-0.764679257511663	0.332374029322147
-0.140715784396892	0.0504140657914447
-1.27095128753598	0.572333958218654
0.90766607456332	0.491595600835988
-0.021391458779562	0.0100854542894237
1.09400289463642	0.675043277868087
-2.22856960889322	1.86805737214877
0.548611268665838	0.319242240451355
2.91333760191258	1.97318324808716
-0.480137233347981	0.251587647090165
-0.674526872492789	0.533762023715403
0.0804295320714998	0.0525269574817973
-2.10029053362889	2.32967590001786
0.397687058200255	0.179960302322032
-0.175498166278707	0.0940088041551132
0.792636035581604	0.475928656437616
-0.179070987135458	0.119174414745101
-0.100408686237883	0.0398039057434213
1.76817493152724	1.38404097497894
-0.228643194380166	0.114274943768971
0.398493904718029	0.180392891274723
1.11355263418387	0.853131081942933
1.25258997495137	1.38907881913469
-0.0972561412188824	0.0570961117234336
-1.46381494425535	1.01815829527511
-1.03326067071117	0.827399591102866
-0.530813822463776	0.335785688786807
-1.97716318055715	1.37549266261625
-0.967665267370875	0.951775198071082
-1.81433874778204	0.739366153614294
-1.545716882078	1.49153328229708
-0.778803684310832	0.423490664258397
-2.43405880580146	2.38351680172279
-2.577202278156	0.663064687208724
-0.633409029549556	0.154789771896201
-0.520155700475937	0.196833671962294
-0.136071240993834	0.0769140484070536
0.155992086806561	0.0676685766555785
-0.0982205993549429	0.0576793043915697
0.661364908955382	0.473050112620139
-0.142207514098902	0.0509041851864348
-3.75401437740445	1.48667662741171
-0.717682103574582	0.246297668028488
-0.513373075884444	0.194073691559119
-2.57747759965585	0.66335545132302
0.66999328440441	0.21269616854207
1.95791760701363	0.441280139896969
-0.719465582528739	0.247026553935257
-0.78150213410038	0.51652600492761
-0.0893943364090288	0.0355536449557324
-0.101989737936091	0.0404296113244469
-1.09749422834037	0.753440297243651
-1.15696001344181	0.646146016569587
0.166307199190119	0.0418280240782314
-1.13521969998424	0.343544374381215
1.63045363453723	1.14765068495741
-1.48949407634716	0.753988442377999
-0.39000544364	0.358772578254721
-0.782104677653673	0.426145914283594
-0.647366504847638	0.383894930077736
-0.514837284692919	0.194722873359673
-0.721072169669292	0.247553433626533
-0.562178903777279	0.651463290583981
-1.03871843860919	0.833759958367383
2.27229562374353	1.75852528979014
-0.306660844402068	0.140961840218228
0.156835118177656	0.0532837121933901
-2.10407193418188	2.34046114221224
0.397961322623372	0.179920072195054
-0.0575238680023509	0.02506278152188
0.336997044674986	0.205793667906336
-0.772626639313122	0.336616262280627
-0.946014896062272	0.580648244340789
0.190406729216667	0.12528497901305
-0.767761488763089	0.3340892272935
-0.0828391455173784	0.0330014066671045
-0.526633913221606	0.43744242446805
-0.48712950543387	0.255859930931184
1.07365456854649	0.520786553220713
-0.297653134580483	0.136601449435397
1.25635904617729	0.87494486167539
-0.0186974457745162	0.00885137753752788
0.655862888137617	0.596386917892267
-0.967169984439739	0.477193860856973
1.00858418634264	0.832234310012698
-0.231215909823876	0.115544901880927
-0.394513529856492	0.164426177322579
-0.723601171891188	0.248501036925982
0.155287496833704	0.0596050724608401
-0.94457800814242	0.579500575859641
-2.46450368454554	1.37094225690051
-0.138442383117071	0.0496040168810717
-3.45538437102149	1.2298802093729
-0.372163636962129	0.290917533573659
0.153840741270984	0.0666970904168289
-0.49451618090952	0.260365762234577
0.166307199190119	0.0418280240782314
3.26540429808574	1.12204932755655
-0.138442383117071	0.0496040168810717
-0.944417565843446	0.578699284704124
-0.388574756851164	0.219561972120144
-0.517564039318975	0.195752224477386
-0.986178773758895	0.881760568267069
-0.973210630146806	0.480722158230202
-3.75530690635197	1.48758661786965
-1.27179409224048	0.572572110528683
-0.211380351297293	0.0682941197149795
-0.720508771513364	0.247389608463745
-0.342235478378113	0.0984932623692754
-0.531863407023059	0.336365577415796
-2.06946681337209	0.943437666558306
0.670977551868057	0.213013404742869
-0.595956245304819	0.285189963589044
-2.06466636020324	0.940256308265765
-0.0510180758993114	0.0223034991518292
-0.352423703329559	0.101339644800675
-1.54216044490759	1.48524714211218
-0.97226561579075	0.480382498577828
-1.16170823570646	0.650440121846561
-1.4880683745391	0.753416408870872
0.153247518839476	0.0288421886814327
1.95791760701363	0.441280139896969
-1.51494963266618	0.540305848955056
-0.013605078230749	0.00654598089259042
-1.16193830934601	0.650416763229547
-0.976260403903207	0.482632667431988
-0.765684476726556	0.333076730908387
-0.340926891852112	0.0981051026466341
-0.302154666650255	0.138838114292047
0.310452720854848	0.225892324618553
0.336691598117342	0.205468699422144
-0.764086062426498	0.332088631279259
-0.273043335114816	0.171649801311657
-0.088057561898079	0.0350140000868525
-2.23261956104344	1.8734350027915
0.167456389266164	0.0498754746523784
-0.762069242113466	0.331027410923878
-0.089924131140392	0.0357342992772802
-0.14872602711252	0.0531812505324189
0.535334953780092	0.192566688642047
-0.181564554500669	0.0974724823430632
0.0832920134540996	0.0544512104954342
-1.34059795639772	2.19556561423407
0.744513598110277	0.625326797289411
0.614819202237156	0.323079073038675
0.152289864541204	0.0287035071443224
0.158481035961899	0.0538108848974011
0.53313407482189	0.191800740808182
-0.515683537884829	0.194946036410672
-0.553370143708337	0.610139591373764
0.828531603525907	0.349434554924782
-1.81531143656286	0.739856402475655
-0.724527840719668	0.248940035798255
-2.28390681694115	1.15543568004726
-3.45598446335482	1.23025555319821
-1.02647704913709	0.407098529252962
-0.972003771366595	0.480044881155724
-2.91565461086082	2.15870040544327
-0.373495123768993	0.351189227770343
-0.483318352119068	0.253364865978665
-1.1583070292035	0.647391608800646
-0.53033650111422	0.550042487166648
0.218589669643277	0.208476759776868
-0.405265690354233	0.376629291841204
-1.32635394100437	0.831890984216402
-0.990124176248324	0.886490063056605
0.299398050850231	0.236324667326866
-0.667059580075746	0.467211914359305
0.688735498781559	0.601970994256798
-0.232919508317072	0.116378013134174
0.958300987038649	0.652870711967146
-1.15912761229326	0.647946866901507
-0.112276916006994	0.0776964668485797
0.120575817080538	0.0896531995953181
-0.691168375813096	0.605438664384448
-0.77706139072015	0.595139749527385
-0.433812603977276	0.334274108318889
-0.365280665695164	0.314426379119472
-0.778461737409988	0.596523482692122
-1.22077961382465	0.922588799292502
-0.784026546653611	0.601894588844028
-0.379151915694829	0.260568358400626
0.717025439374536	0.475028368232017
0.954680173035042	1.28965789471406
-0.440032816788763	0.403689268385041
-0.474275109489008	0.24803304798932
-0.479180693997877	0.251015482517765
0.362931168423127	0.183788896423664
0.171260664492367	0.0918380904558425
-0.936483783478869	0.572988806621529
-0.705829461342996	0.673142327615727
-0.874167558776382	0.804315623973307
-0.935909073530297	0.987358611771807
-0.534127542641024	0.445154668479719
-0.556086077494895	0.503465463957109
-0.0904526222459324	0.035937013241364
-1.02154175669654	0.404862567676398
3.93039364694432	1.72557827049993
0.156393196257714	0.075897579689069
0.147495077975616	0.0566351648493718
0.371586378603472	0.188600285722984
0.342623883334244	0.191977863041559
-0.534688536110816	0.338770487490041
-0.230294180675571	0.115059384993307
2.15685030256483	2.24463506814847
-1.15406314218397	0.644795748408285
2.56543489631082	1.42706904020547
0.824597524529586	0.347415264205767
1.78754440751999	1.00117129342832
0.149916983649413	0.057584517845971
-0.143034785337113	0.0511857384265564
-0.395071670435589	0.164675396539339
-0.218731141682158	0.0706258973624141
0.510839930075177	0.325593540315554
-0.585914442150172	0.474632115015725
-0.556375403679688	0.503608924817801
-0.660574684301872	0.461258550278704
-0.217847425991581	0.0703290667554712
1.46140464556753	0.91335550485972
0.669009496945769	0.212302346826553
1.57837424874198	0.786663799918352
0.162143626405123	0.0788019053368753
0.303121639763637	0.230054482592746
1.07268690218312	0.520204121845623
-0.214295623660532	0.0692156550779169
0.39455207286391	0.178336839083537
-0.974585621117436	0.481607307840464
0.16228365486986	0.0622600669283941
-0.14101964328108	0.0504716961736828
-0.348465736253515	0.100232718134072
-0.089924131140392	0.0357342992772802
-0.386961690828915	0.16102677941318
-0.719839729273076	0.247075530686914
-0.841599050511427	0.955131409811887
-0.717002401564968	0.825840930798148
-0.779008386434244	0.596553521079898
-0.394218361172794	0.22330301901393
-0.772390297871875	0.336530248145508
-0.389731666810382	0.162386064219105
-1.06411866780562	1.32815185280469
0.186470281181801	0.115902736599942
-0.237898192898887	0.11909949802352
-1.07686507772091	1.25917143082701
-0.520991604825621	0.197343930777988
-1.83461746599647	1.1561870835418
-2.53271392137795	2.64929050656172
0.395119811731135	0.178778982162575
-1.97960426407392	1.37998569130634
-0.21049146922482	0.0680355104001863
-0.525999874765756	0.43654525566068
-1.46802399342813	1.02396976069601
0.00912890349820569	0.00463416955562968
-0.788807058889345	0.430092163791029
-0.0220773027094759	0.0103870898407809
-0.446746958604812	0.296414600146592
-0.913927480082829	0.668981694768268
-0.790095937365076	0.52375577730545
-0.598293366468416	0.286373431144928
-0.02138877458573	0.0100779547291651
-0.710638371745628	0.679114866496094
-1.08858471182164	0.745424520382561
-0.676352381247628	0.475756156123762
-0.61629889386153	0.548940858400414
0.155986207086685	0.0292416787556187
-0.59377044801135	0.483135916922172
0.153035500291765	0.0664714635907603
-0.379489460113233	0.260805930035591
-0.263346244598487	0.164918127470397
-0.946969329031327	0.581326941842926
0.801993410063086	0.483755283869909
-0.516303494683392	0.195262357700911
-0.021923231340282	0.0103336135600709
-1.05046555766866	1.09742098411276
-1.21333504933561	0.914223482970885
-0.939413676908657	0.575053065998458
-0.209156105778582	0.157060487122912
0.166311360817904	0.0418484681801843
0.166528409127177	0.0496297620210776
-1.2766802053091	0.575752407916329
-0.21584116833564	0.0696924945480662
0.695485768570234	0.325993590968415
-1.81433874778204	0.739366153614294
0.366896851963068	0.185684613305926
0.400108980255719	0.181011258193719
-2.0703662383507	0.944040384379806
1.77825957223031	0.993773037878154
0.826391209148842	0.348358379975879
-0.211803100213447	0.0684440141233586
0.947097253557627	0.251590606337117
0.700000373875591	0.328648154888862
0.157830822565027	0.0684885666679607
0.154013634311518	0.06687398354569
1.57460112976731	0.783658047820779
0.392696350341316	0.177539767330457
-0.225930579763943	0.112774029300813
0.53650666226299	0.193022853279719
0.608846034542406	0.319052195385046
0.528697101266383	0.190116209542368
-1.16585459038264	0.653552294732726
0.871484175214581	0.6497109274028
1.04455801006536	0.39678683304154
-0.306322657134294	0.14078862568602
0.0628614604179696	0.0389625685426271
-1.03058142955598	0.822928529891897
-0.142801753920347	0.0511111283728562
1.82316587137561	0.714400972353312
0.158481035961899	0.0538108848974011
0.550990561314383	0.32051338119579
-0.720404519989633	0.247290988830991
-0.138442383117071	0.0496040168810717
-0.0222008899721548	0.0104537467484276
-0.309281517859892	0.142278850182844
-0.0941328229737851	0.0373407745384658
-0.0933383356565446	0.0370733064011173
-0.479180693997877	0.251015482517765
-0.786915558022962	0.520219514762816
-0.234450054050203	0.117367008928459
-0.386149105633392	0.160678716148557
2.11662288333808	0.949279701700066
-0.043264382427252	0.0190317977805256
-0.602227332668733	0.288745457812874
-0.782603239966478	0.426479396469204
-0.391096888732438	0.1629812476362
-0.647408605943866	0.384128952003547
-0.595956245304819	0.285189963589044
-0.487043857215014	0.255809581423326
-0.323134261146505	0.193896850855135
-3.45598446335482	1.23025555319821
-0.319745181497646	0.191700848568206
-1.3389384802105	1.10953056519142
-1.26698735368759	0.569984385056631
0.166311360817904	0.0418484681801843
-0.627829060935039	0.153504607197422
-0.772979690482244	0.336808586975775
0.74108806410326	0.620841686676083
-1.4884127200118	0.753203465824223
-0.698954504984067	0.614418630030928
-1.32316316518959	0.829608938823984
-0.773216414798489	0.336936790822328
0.166691919569473	0.0419536988970269
-0.143488279773468	0.0513893878408863
-1.13543440488342	0.343479590196383
-0.346820783252297	0.0997890928773071
-0.343223291761604	0.0987971723984263
-1.51819793872521	0.541803713077291
-0.521210980107801	0.197392065778108
-0.791929468973979	0.432398746051879
-0.232599396272252	0.116204474386831
-0.72146943263536	0.247682563419049
0.828984487885033	0.349649892574788
0.553989655079323	0.32272615919323
-0.782816768904391	0.42591920183024
-1.16434042321953	0.652644164192169
-1.81405663489635	0.739163554129331
0.947560352748164	0.251716891447637
-0.508194441200418	0.192016198412818
-0.132881354705726	0.0749867857838498
-1.45736509162534	1.01201856133813
-0.215356112182334	0.0695678163197417
0.608050406548208	0.318840658078754
-0.483318352119068	0.253364865978665
-1.67671517991529	0.949378689682928
-1.9868158146008	1.3889251953923
-0.599314745812843	0.287249165252623
-0.23794401597109	0.119126644100198
0.398526486214574	0.180364844839969
-3.08164138813046	0.963767470359232
-0.347480099168433	0.0999933239977275
-0.0533041266458526	0.0232798428876188
-0.510057880760766	0.192776572817589
0.947560352748164	0.251716891447637
-0.306660844402068	0.140961840218228
-0.981338564514002	0.486344299334309
0.798365662083572	0.480848835825377
-1.15064621055639	0.64183316277209
0.665076092013553	0.211028905087732
-0.612455660930524	0.29459645076841
1.07071467969068	0.518997529832834
-2.06466636020324	0.940256308265765
-0.769760813998375	0.335248842053895
1.27971605386383	0.706710203845169
-0.768352792297376	0.334422629290655
0.726096117760018	0.48280768820196
0.190691531713599	0.131563793757233
-1.81405663489635	0.739163554129331
0.710066389671359	0.468670365847446
-0.446692032681753	0.296545982679188
-0.450311457580551	0.299449580941284
1.53568653298434	1.323047700948
0.547662363028608	0.318847323106868
0.514248587283438	0.328399183464186
-0.392523979054397	0.221966275403248
-0.387681148002964	0.161449861004006
-0.784932077223629	0.427678583904175
-0.762900274145912	0.331434318020362
1.96347367074551	1.22722452962153
0.44861929544641	0.180463611735978
0.17038553028253	0.0913461794509912
1.06870964862002	1.14299247389677
2.11755227768938	0.949827655288359
-0.516726487620638	0.195487204534031
0.552530074797466	0.322404201248156
-1.81405663489635	0.739163554129331
-0.29851088456123	0.136952888904944
0.164924003228835	0.0491712866480455
-0.0950452536457363	0.0557537224589757
-0.973507913250205	0.480853849153146
0.349479750577743	0.196252528292451
0.531363846710871	0.191052145580113
0.534018135349711	0.192121771213656
-0.389220890491312	0.26862116737823
-0.484344189464493	0.254129215849487
-0.386219934436452	0.266297839858722
-2.44437417773484	2.40139566367134
-0.237436870521847	0.118846941321672
-0.534688536110816	0.338770487490041
-0.716074907122798	0.245725534591538
0.745036212498762	0.625877110625874
1.06925248483421	0.518338006332486
-0.980382180295135	0.485577017392583
-0.628807341949763	0.15371861128279
0.948535538575274	0.252058145640786
0.695729012477645	0.326110198390156
0.514687937357873	0.328766955813172
-1.95870479134269	2.49258676571619
-0.637125006796573	0.376297377834877
0.621750345713556	0.474663702646561
-0.0891130379539154	0.0354263445785917
-0.215417270113509	0.0695361432210389
0.690784344235506	0.323574303862237
-3.45538437102149	1.2298802093729
-1.79835097978106	0.382953978270685
-0.211803100213447	0.0684440141233586
-0.628807341949763	0.15371861128279
0.16207239788399	0.0483767472480761
-0.71835028799194	0.246465219463862
1.40510535875373	1.09424623263097
-0.0594739714591852	0.0258916738501625
-1.03173271508704	0.825265768676817
0.947097253557627	0.251590606337117
-1.81405663489635	0.739163554129331
-1.81500400399229	0.739710597985082
0.157990001773502	0.0685545353145526
-0.596194437953867	0.285363373597128
-0.770366793985718	0.335260730373746
-0.717682103574582	0.246297668028488
-0.771573776156452	0.589000838726791
-0.320231905313584	0.19203511477302
-2.28139454167916	1.15341832500121
-0.135861044175959	0.0487010047272875
-0.93989077956987	0.575464321682231
-0.300686072681212	0.137930583323547
-0.144729016317789	0.0518086814678952
0.558391963608411	0.325997596138927
-0.218074030224809	0.0704026851228337
-0.627367542213354	0.153354696036073
-2.57747759965585	0.66335545132302
-0.0540971018971297	0.0236037103052549
0.400916727413544	0.181401145807679
-0.627829060935039	0.153504607197422
-0.141974700101701	0.0508226116299135
-0.657619540333116	0.458744161180693
0.799030630055712	0.635643713863602
-0.601235233245331	0.28822318274267
1.13726526757477	1.16635156462098
0.550126558745409	0.319823632497692
0.148852800035751	0.0645568319280302
0.146634038667338	0.0499238681090866
-1.01645966379821	0.402385802038174
1.78488697119401	0.999256875757298
-0.597247639391902	0.285880056810297
2.11636802963177	0.949071130565476
0.926472133576571	0.811214575563555
-0.406789993152299	0.345708311640517
-1.71634019850657	1.44575974600957
-1.08356490095226	0.739157427012034
0.56368993019367	0.329654500661363
1.0461523665238	0.397340617252217
-0.650094610875522	0.386105912371598
-0.514001914291837	0.194387375528581
-0.220087433135978	0.180926748903535
-0.143629596355123	0.0513929708746564
-0.764936954517293	0.33278036663707
-0.342569521377039	0.0986187132378211
-0.515260306744374	0.194916268075376
-0.143905854186937	0.0515385054799117
-2.0703662383507	0.944040384379806
0.158074474787349	0.0472574922808909
-0.23702181945096	0.118645904673959
1.03794125892168	0.3937132286134
0.914738068338701	0.49606376889517
-3.4565848348623	1.23040818352441
0.151004764574749	0.065507375317003
-0.478951531881417	0.25109928397556
0.185942979700979	0.122146764516472
-0.0849929651387459	0.0497507157114529
-0.21911938029057	0.165379490764083
-0.773632255810043	0.780134562831867
-0.536346782240553	0.339953768797982
-0.915862940165802	0.669902453481634
-1.15248158314648	0.643442532521743
-0.681163330004634	0.540374113678313
-0.040488576626262	0.0252270709305277
-0.0183282004653271	0.0117297133524134
-0.549140619130599	0.349763970283697
-0.302515588736306	0.138831168276516
0.188693956366014	0.117310872374497
-0.912585133128741	0.667694776216873
0.156405419701574	0.0600373427044117
-0.13927225669587	0.0787571717605587
-0.306727173408552	0.141128414348741
-0.399759822802772	0.226853846111367
-0.656257947965697	0.390703095384589
0.345550625586657	0.193738712456209
-0.645607310235306	0.38272906857119
0.163253158978843	0.055373071248357
0.159311548972865	0.0540967488137483
-0.150766930546289	0.0539211522388468
-0.544415514909436	0.346279857874424
0.445569555469994	0.179194625806487
-1.71387505367789	1.44098883679134
0.162336212145319	0.0868481222752643
-0.0260214821669259	0.0121939882225183
-0.381620668983935	0.158651101890206
-0.555611259992719	0.502778049816547
-1.24652433545577	1.16723303767836
0.169755420992301	0.0984443421350899
0.613008660747081	0.322012749294605
-0.591813443751534	0.480879747364321
0.0780597549026944	0.0509449099345073
0.17247912964249	0.0999766489990302
-0.544009160940936	0.489239681558825
-0.223005949884364	0.14474664983523
-0.293018283662068	0.134256494363529
-0.533972958116501	0.337831427498862
-1.22147920136153	0.924235228152502
-3.08209765998152	0.963916510480773
-2.62870640811504	1.60863848024057
-0.627829060935039	0.153504607197422
-0.0933538382176465	0.0370371647062229
-0.186653869389174	0.100311755205175
-0.57329839964385	0.418365247972487
0.165858197331239	0.049441036827577
1.09132082771714	0.673423147487251
-1.02818632075853	0.407809878095017
0.948535538575274	0.252058145640786
-1.51429942551804	0.540079204882619
0.947560352748164	0.251716891447637
0.166311360817904	0.0418484681801843
-0.180465447738627	0.0968445744815907
0.805124692021615	0.766995014155611
-0.318609951012367	0.251729744841896
0.340697292174642	0.20834105911193
-0.780635536769961	0.424490242011543
1.32769730255579	0.581123287624221
0.362931168423127	0.183788896423664
-0.210258805537791	0.0679543406762681
-0.765175557038133	0.332787545954992
0.454191867944834	0.182968950364669
-0.21850465037473	0.0705347750739078
-0.215609075040396	0.0696016635663571
-1.14009620739235	0.345227889980206
0.537596443695132	0.193449679434614
2.1291825976071	1.49093934990247
-0.214295623660532	0.0692156550779169
-1.16802148621799	0.655315391242559
-0.389315112410885	0.162019133328445
-0.3743649068898	0.292857967829775
-0.293964773056722	0.277199899075652
-0.178630839571175	0.150665652305587
-1.14663254311014	0.998335403549227
-0.341581022610314	0.0983147602836231
-0.477833184342374	0.250095479677128
-0.442986005671084	0.407160315647488
-0.172914536073254	0.131124614239994
0.318523424384628	0.207820129087662
0.0299557502105258	0.0164801036000831
0.74467407443489	0.624975610361465
-0.327567016822686	0.232097867208749
0.013034042210765	0.00656875335499421
-0.233536662536502	0.116864218824033
-0.60380694749457	0.289657827684546
-1.32827572110998	0.834559918748592
-0.784507776476752	0.517449673826882
-1.0303870450495	0.823837567753203
-0.180387980999241	0.0967558714452042
-0.279578730434032	0.202334724195784
-0.787912206101552	0.799944034414059
-0.79144841252313	0.524938866273685
-0.893912496199455	0.744795483234082
-0.150459398697397	0.115866272051221
-0.318544712559302	0.224577952386355
0.0325398754744206	0.0178476931329616
1.49384633532893	1.51678208682566
-1.15696001344181	0.646146016569587
0.394021941179025	0.17808674998791
0.294383459843014	0.24915697634087
-0.689950481619387	0.604076567011246
0.300284506731276	0.227507068187749
0.476342223121173	0.471407609483659
-0.19469444922586	0.161764471189111
-1.19358990596701	1.38334067265116
-0.515889861149168	0.195150861370295
-0.523468787133344	0.433935448507906
-0.390716777008515	0.221060353716833
-0.537697485641921	0.340921804700896
-0.782537300407278	0.600892238857832
-0.705261893805681	0.718658793541776
-0.520581729618906	0.197148689128052
-1.79827400712943	0.382942964938875
-1.48262891806896	0.749194787387466
-1.34067908442211	1.11236909934931
0.453838875551382	0.182772785031551
1.07294288271322	0.519959635486185
-0.395071670435589	0.164675396539339
0.450442155521912	0.181256071663712
1.95706969381346	0.441073865263096
0.156635510732265	0.0532014513857662
-0.347480099168433	0.0999933239977275
-1.33319936620362	1.10281883013549
-0.778305748860976	0.786536620904506
0.447208451970293	0.179898638123333
1.0876872289177	0.670268278706768
-2.27819990136361	1.15068813753373
-2.06466636020324	0.940256308265765
-0.717405811053465	0.246130943587765
-1.48262891806896	0.749194787387466
-2.27905215658492	1.15133868444626
-0.627367542213354	0.153354696036073
-1.51494963266618	0.540305848955056
-0.342235478378113	0.0984932623692754
1.04118814853393	0.395160512018798
-0.598533088035599	0.286442127184834
-0.219615570186308	0.0709016531943509
-0.515810187634811	0.195198678425078
-0.717405811053465	0.246130943587765
0.152289864541204	0.0287035071443224
0.528697101266383	0.190116209542368
-0.338476676785739	0.0974822237690529
-1.27136453604805	0.572225306311328
-0.521210980107801	0.197392065778108
-0.0208303502189226	0.00981478228008659
-0.536555888934694	0.558758099697364
-0.458111168710913	0.424737878763821
-0.517267324903781	0.195820217382209
0.453838875551382	0.182772785031551
0.067173622347157	0.041689217002153
-1.00473722313834	1.19893010135768
-1.55056065075027	1.50161041794042
-1.02848738242628	0.407882806929183
-0.385287120101836	0.265421965955023
0.755024475723899	0.637080116101881
0.348518924411956	0.19541069761871
-0.788660981452802	0.522945881562559
-0.52141433065344	0.197411751800862
-1.4685000569247	1.02444473004659
-0.653209963301526	0.388456276920015
0.397966118148372	0.180143231410491
-0.086255438347971	0.0606473535054922
-0.0251267015886079	0.0117821002592859
0.904546479526573	0.489413764048801
-0.136794080270488	0.0490262213442867
0.317516249121201	0.206964349932203
-0.427229046662429	0.328171590150089
-0.455370979833066	0.303387789391714
-0.0496271716401741	0.0309472118160985
-0.1035320056966	0.0608739366622394
-0.38314628631924	0.263812263378658
-0.343223291761604	0.0987971723984263
-0.629267545839357	0.153771215183604
-3.08164138813046	0.963767470359232
-0.26284919286294	0.164577975176157
-1.02243193496015	0.405269729651974
-0.604580021003204	0.290315004313803
-0.640671593104101	0.378947039946086
-0.08649889817894	0.034417662606981
-0.787621167510624	0.429522356652288
0.167679655711552	0.042156489933972
-0.979565138712446	0.485108803116686
-1.2904279260087	0.583230626229582
-0.973919679632823	0.48164169110472
1.04295848162481	0.395810684576853
-0.596194437953867	0.285363373597128
1.04051558933761	0.395002404087772
-0.21334870780939	0.0688882936971005
-1.51819793872521	0.541803713077291
-0.342569521377039	0.0986187132378211
-1.48120915369265	0.748131631207961
-0.911197483651052	0.666079213228185
0.00995084752500733	0.00675924460465175
0.15860122996506	0.0770351109459426
1.33615531493037	0.585790780085288
0.905075197816354	0.489611553077287
0.445595343957698	0.179230526829094
-0.775639193969214	0.421233669961122
-1.83626797470664	1.15754503658598
-0.663725312236158	0.464416717930438
-0.21049146922482	0.0680355104001863
1.57891100532146	0.786935009694621
-0.716074907122798	0.245725534591538
0.169606362252511	0.0425824743634164
-1.79827400712943	0.382942964938875
-2.06946681337209	0.943437666558306
-0.51849312861348	0.19623662262084
-3.08164138813046	0.963767470359232
0.66999328440441	0.21269616854207
-0.72013323546054	0.247288973526613
-0.897532095820586	0.749379987876506
1.07585244967576	0.522084504606844
-0.783945377943211	0.427308566097898
-0.451943938855632	0.300888271080795
-1.02766967731304	0.820157786361909
0.180183001545822	0.111728945665021
-0.867041605183532	0.866899264875021
0.513190668527744	0.327881856299241
-0.517267324903781	0.195820217382209
-0.918318825788928	0.673178084174903
-0.9798255441896	0.485254683607556
-0.650978551680051	0.386665067164542
-1.03659282014078	0.831330985940566
-0.785275859172774	0.42804546176086
-0.385278345914964	0.265407900351463
-0.299497782759967	0.137527913152917
-0.600945452127417	0.288192951462126
-1.16305429075171	0.651431133105286
-0.922975863442921	0.67759843659167
-0.487043857215014	0.255809581423326
0.553889407374642	0.323169416341499
-0.136612208686961	0.077203233514984
0.551740256803454	0.321546029772152
-0.646996570837413	0.38404757055699
0.403775279342115	0.182904842307936
-0.778803684310832	0.423490664258397
-0.0239915386149835	0.0112739059532307
-0.422573294756136	0.323770194772793
0.419820964285793	0.334679359178177
-0.302012171776503	0.138585388468235
-0.324752633929163	0.229698168675237
-0.225982926298919	0.112710888845557
0.164036767203248	0.079671859556878
-0.342890259454196	0.098642118615141
-1.13422470394875	0.343215945535417
-1.80197754639448	0.383903353697165
-0.72013323546054	0.247288973526613
-0.138800921990177	0.0497365758407977
-0.510891470732261	0.193155670362405
0.829357632482683	0.349871102086347
0.451860015328675	0.181866942033698
-0.603858541844289	0.289605298529074
-0.215184417856504	0.0694920488130609
-1.15965534184679	0.64831252031961
-1.13521969998424	0.343544374381215
0.548204725007755	0.318922780825048
-2.63169744764601	1.61306963279195
0.444522954364434	0.178652908942434
-0.0912007896628042	0.0362100182642575
-0.391082329839111	0.221318392821888
0.165858197331239	0.049441036827577
2.53046893317831	2.3702330986986
1.1143793262978	0.853059995456295
-0.132590534648797	0.047569218267731
0.90348856533046	0.488525390458796
0.717136775192583	0.475115335403931
0.0112602499755319	0.00569352656547419
0.557120868007855	0.32508137456317
0.159165451625565	0.0690724866371811
2.1289721977314	1.48943512002891
0.0643753497949042	0.0399615554323291
-0.302012171776503	0.138585388468235
-0.979009073350107	0.484786914121384
-0.0899186950434909	0.0357593976749891
-0.724527840719668	0.248940035798255
-0.638876462856015	0.377739241642076
-0.941075078391558	0.576786932409356
0.171883338104963	0.0922674309835975
-0.09856299868441	0.0578549970580846
-0.778963871679313	0.423634176546725
-0.783854290797714	0.517739155581937
-0.401733507199533	0.228177843362379
-0.241509145610101	0.178221733863698
0.792173161885853	0.476432607661071
0.79244310172588	0.476463261534771
0.960962781370881	0.655753586498252
0.183449633104018	0.11388058167891
0.0131135598977328	0.00658499838021704
0.162742974316792	0.0485792905021731
-0.211380351297293	0.0682941197149795
0.154869188597318	0.0672773374995546
-0.310783718746577	0.143018037937504
-1.44520885358923	1.29580597575262
-1.32950942350684	1.09738285208615
-0.510685030941215	0.193049519773074
-0.512821467319669	0.193934140503169
2.35768834257036	1.18170679045419
-2.07323090983789	0.945839152787499
1.04077275699432	0.394975733217645
-0.982582615598912	0.487085279552104
-2.07323090983789	0.945839152787499
-1.84017947465269	1.16169640230959
-2.07323090983789	0.945839152787499
-0.94345819178011	0.577905170207753
-0.0909070563323409	0.0361318589652054
-0.91452156393321	0.668757269374782
0.162081946537912	0.0483609353278891
0.167456389266164	0.0498754746523784
-0.609070218903112	0.292648778966887
-0.386260983483904	0.266293110519994
-1.81464460056793	0.739454066743349
-0.0520528404782811	0.0227459853591423
-0.788078256394708	0.521848574355622
0.153247518839476	0.0288421886814327
-0.629267545839357	0.153771215183604
1.04455801006536	0.39678683304154
0.160300421201481	0.0779407422147091
-0.52980172539254	0.334746768892503
-0.142801753920347	0.0511111283728562
-1.13190405565215	0.342469779892572
-0.768918311327184	0.334747696818182
-0.150766930546289	0.0539211522388468
-0.394259341388564	0.164337716770981
-0.719839729273076	0.247075530686914
-0.142207514098902	0.0509041851864348
1.25949650184932	0.878311690863888
-0.0930539441493821	0.0369718407357095
-0.146844577524397	0.052546453265397
1.96999216949781	1.23507993095355
0.527156712725929	0.189470465882784
0.159829636193949	0.0694187948311796
-0.0204965265278867	0.00967527890617222
-0.308003249279784	0.141575873442339
-0.720404519989633	0.247290988830991
-0.648293180498804	0.384798336738334
-0.393866114888963	0.222787381717401
-1.02753049770938	0.407603964357704
-0.176370999583952	0.0944813641399192
-0.516726487620638	0.195487204534031
0.94807088907188	0.251931335472786
1.62631795181594	1.14235540976784
-0.768918311327184	0.334747696818182
-0.603280255033303	0.289377678994227
-1.15965534184679	0.64831252031961
-0.302493220962155	0.138977897549018
-0.97488319956805	0.481856856064848
-0.207988655848996	0.0672377639920048
0.0623098530595926	0.0386453814354852
-0.213407527517472	0.0689186426519193
0.155846546513865	0.059824112236972
0.0737002894129199	0.04581589506045
-1.59406246805785	1.22514304385484
0.170597157616308	0.0428000407476464
-0.6282908079904	0.153557595992093
-0.211380351297293	0.0682941197149795
-0.02577858714061	0.0120885252247882
0.00808605284042903	0.00414806901992337
-2.63197668824031	1.61365790062605
-1.3416834747574	1.11216651815051
-0.387681148002964	0.161449861004006
0.155442497593271	0.0528071951153374
0.166691919569473	0.0419536988970269
0.152289864541204	0.0287035071443224
0.951331866170054	0.252756684317784
-0.0953837123164038	0.0378559678713646
0.148799816130941	0.0571605520346205
-0.214295623660532	0.0692156550779169
-1.16012331040918	0.649519131528609
1.27953228657246	0.706424180275948
-1.67148917278405	0.944891177161515
-0.768944294866461	0.334721769210418
0.151876172846442	0.0582912127370879
-1.67286521965355	0.946361120152777
0.533792789739045	0.192056407531968
1.8282452886897	0.717007372542503
-1.024931295921	0.406505232933835
-0.782641425300325	0.425828273732807
-0.717682103574582	0.246297668028488
-0.390031594989145	0.1624720218561
-0.0518860650772552	0.0226643289873338
-0.60491353971316	0.290239302747195
-0.29767394357499	0.136545774717007
0.151876172846442	0.0582912127370879
1.40283781322417	1.09083001000035
1.82792138819967	0.716884894355695
0.562770218760002	0.329187402143902
-0.398410255082831	0.225988366019526
-0.326534269722395	0.196198640375563
-0.943304356953443	0.578794249508611
-0.395482543189199	0.224039549024308
-1.02558641604596	0.406837006708145
-1.9868158146008	1.3889251953923
-0.0165598324449429	0.00787916236006958
-1.33293450467774	1.10110664266365
0.172862569138632	0.100196725838924
1.00209388777921	0.823170819520179
-0.541373517345085	0.343812560311798
-1.08578818015311	0.741246217353789
-0.29767394357499	0.136545774717007
-0.525710790907429	0.199241087661846
-1.13422470394875	0.343215945535417
-0.321327050755787	0.192556412843814
0.150353979836791	0.065230280679995
-1.47644629164634	1.03330373602625
-0.4378714739748	0.337991264967814
0.158974061400232	0.0772790886868511
1.14360268628184	1.04188012471932
0.956502417697036	0.651768569448475
-0.223539657513658	0.145057077255524
-0.781606794218263	0.51610468374503
-0.389826436945712	0.220518839624455
-3.09005031168239	0.967298189535081
1.33432841091739	0.584762055165741
-0.348139745002389	0.10015256573937
-0.605441271100967	0.290520234541977
-2.0703662383507	0.944040384379806
-0.346820783252297	0.0997890928773071
0.161415729852303	0.0407561524608698
-0.628807341949763	0.15371861128279
0.942957371619669	0.25056334066046
2.75446121880292	0.769079402442662
-0.628807341949763	0.15371861128279
0.94904571537762	0.252100131683616
0.163149905636875	0.0486839149701593
-2.2832694227321	1.15496174182842
-0.390943736994562	0.162719877466899
1.09580483333785	0.676750943668201
-1.31784110226791	0.824533593844972
0.156467044940017	0.0600919073105214
1.03543214514454	0.39263444657528
1.46261822785671	0.485296318127314
0.897231715172317	0.484125517653145
1.82579336426267	0.71571883696401
-0.752883743036428	0.326260851304097
-3.45598446335482	1.23025555319821
1.0461523665238	0.397340617252217
-1.0806139349103	1.03518138075553
-4.00198333838944	1.73672681142965
0.354217645467161	0.199106497155538
-0.97930438440025	0.484720818493155
-0.383540335979836	0.159493232574354
-0.725462519324565	0.249202983263282
1.0883866692285	0.669713867008864
-0.301154869544191	0.138326633321101
-0.970043135196232	0.47894746057122
-0.297662619806488	0.136643790714677
-0.452950965251679	0.301631079904029
-1.03453781027834	0.828811311002039
-0.38228372047693	0.263035746551563
-0.868602466949328	0.796848115891106
-0.386961690828915	0.16102677941318
-0.215094448240945	0.139141966907924
0.405571988809976	0.183795432583376
-1.81092155243237	0.73740971841088
-1.8219503860397	1.66422711764583
-1.33413590102281	1.32993891187457
-1.08758639793263	0.742774630180727
0.90188018236991	0.487244702117471
0.967573370248589	0.662095201176012
-1.04006538596871	1.08169069231564
0.314725635173301	0.217750480133385
-0.141381032056214	0.0506159875060989
-1.13521969998424	0.343544374381215
-1.24501150218492	1.16326222971058
-1.23952896203962	1.15551109832614
-1.27095128753598	0.572333958218654
-0.628807341949763	0.15371861128279
-0.342890259454196	0.098642118615141
-0.217847425991581	0.0703290667554712
-0.638417094014322	0.377388284276557
0.32872091052976	0.215240815932765
-0.645607310235306	0.38272906857119
-0.938624935101302	0.574342343582775
-0.3534069395508	0.101578475904711
-0.627829060935039	0.153504607197422
0.166307199190119	0.0418280240782314
-3.08164138813046	0.963767470359232
-0.627829060935039	0.153504607197422
-2.06245951802953	0.938660446621569
0.94807088907188	0.251931335472786
0.152567656731362	0.0287430408348264
-0.390541341742192	0.16273368506513
0.158160912494813	0.0686419741601485
-0.767286225461701	0.333783416084763
0.53313407482189	0.191800740808182
-1.51330481624892	0.539630991333106
0.447576750710124	0.180023448633605
-1.02116299616938	0.404658802027825
-1.81433874778204	0.739366153614294
-2.27882582100941	1.15105579530687
0.163420372366361	0.079474988959915
0.94807088907188	0.251931335472786
-0.943937815887112	0.578319227494592
-0.234715898438359	0.117329453309105
0.156393196257714	0.075897579689069
-0.722931655342073	0.248186129920582
-0.34191607535368	0.0984089732924219
-1.98030648676082	1.38023978495883
-1.98456918241694	1.38676053784504
-0.137384952304455	0.0492359429034367
-1.59134002595694	1.22064250070672
0.921031739135998	0.803395199333451
-1.83987713993315	1.16208990271659
-0.976260403903207	0.482632667431988
1.04035568333308	0.394789631977935
-2.06376292263444	0.939652168969582
-0.308597291321994	0.141960849150251
-0.659177622128016	0.460161677374899
-1.0867815608715	0.743310861203735
-0.594853297715689	0.284559923184184
-1.0324087671682	0.824778552276774
-0.235124444694221	0.117519309893651
-0.483470524065646	0.253809607022495
1.66089461564982	1.57103421627294
0.143856894582748	0.0552974127488249
-1.27095128753598	0.572333958218654
-2.27842605503229	1.1508820194728
-0.688130200454322	0.602113207857078
-0.178325809849769	0.0956432000648378
-1.00209704306336	0.90267843357323
-0.419561559478172	0.320831077235218
-0.270198191363152	0.169603937989513
-0.446629663492006	0.29657152035497
1.58181624003929	0.788624244769119
0.671634827760764	0.213161681695785
-1.21595509821469	0.919043968723558
0.829163317967424	0.349753041955828
-0.51621606652381	0.195282629261913
0.94807088907188	0.251931335472786
-0.982582615598912	0.487085279552104
0.161787544386438	0.0408470066516523
1.45951116496445	0.913349581838466
-0.775308090339901	0.593129210613107
-0.784448456184919	0.602319839446662
-0.765272653406876	0.332629321268392
-1.79835097978106	0.382953978270685
-2.577202278156	0.663064687208724
-2.577202278156	0.663064687208724
-0.628347365301396	0.153568930486371
2.74337608772858	1.68031778052679
1.8282452886897	0.717007372542503
-2.63142342852311	1.6130631563436
0.533792789739045	0.192056407531968
0.407987903897675	0.184994186439792
-3.08164138813046	0.963767470359232
0.166311360817904	0.0418484681801843
0.674079709901257	0.214036050556618
1.04118814853393	0.395160512018798
0.533792789739045	0.192056407531968
-1.66831301034803	0.942820537927015
-0.343557529393447	0.098858556674811
-0.21584116833564	0.0696924945480662
0.0325398754744206	0.0178476931329616
-1.08670789413998	0.742094610538802
-0.216730820199361	0.0699462135090824
-0.33946832567862	0.0977521416130555
-0.088867619302192	0.0353213087974956
-1.83987713993315	1.16208990271659
-0.970337843228409	0.479137162112077
-1.00563206356678	0.906689019635927
-0.0975367921172222	0.0386896573988339
-0.174425813680871	0.0934320270917944
-1.13461598703551	0.343230613786831
-0.147436941924418	0.0527406562830086
-0.980938988438565	0.485854045140289
-0.514425029487373	0.194514818086122
-1.02713260840854	0.407375194722086
-0.306495360202862	0.140853818501813
-0.300840945838107	0.138017313471569
-0.768332039831378	0.33447145183148
-0.143034785337113	0.0511857384265564
1.57561496103913	0.784837909518107
-0.17076741446856	0.0913591931403607
-1.09119005395516	0.746495792171382
-0.659142074903056	0.46050715502719
-1.09303148255318	0.749173635458489
-1.03277651762013	0.825274968725423
-0.523078866934089	0.433478732996446
-0.183817877021487	0.0987166782080497
-0.666355706512728	0.467026751746423
-0.100809745407684	0.0591861880653355
-1.0312051140761	0.823371179317263
-1.98456918241694	1.38676053784504
0.33491459799261	0.204510958847494
0.155870099041693	0.0757170984598047
-1.79827400712943	0.382942964938875
-1.26885520886245	0.570811288966091
-0.0235448646890678	0.0110677497470816
0.166691919569473	0.0419536988970269
-1.13190405565215	0.342469779892572
0.537822771634915	0.193597818709898
-1.8102563556085	0.737065861487772
-0.397581929583873	0.165869571894905
-1.33622614048803	1.5318932930408
-0.678121111526724	0.537521331589093
-1.32550735618149	0.831653510457896
-1.79827400712943	0.382942964938875
0.168287851014599	0.0422797449011708
1.95791760701363	0.441280139896969
-0.211380351297293	0.0682941197149795
0.156478904710375	0.0468116239715086
0.150251518108603	0.0511196116992592
0.166691919569473	0.0419536988970269
-0.0496724325136474	0.0217360100478768
0.163386406136861	0.0411852790230607
-1.13190405565215	0.342469779892572
0.672433098173043	0.213363007143314
0.674406994924976	0.214010177433492
0.169986302676761	0.0426507049603473
-2.06376292263444	0.939652168969582
1.95706969381346	0.441073865263096
1.95706969381346	0.441073865263096
-0.38670608297446	0.160905952605778
-0.332674074132627	0.236208565444265
0.451860015328675	0.181866942033698
-0.32236565599429	0.193454747014499
-1.21513241992914	0.916033401886809
0.348683948685632	0.195719039311976
-0.135626923799718	0.048632694630945
-0.325127644712061	0.195339408491955
0.369395698726736	0.187399034104052
-0.0579134364741226	0.0252321356710428
-1.31282780004891	0.820046470494787
0.606062591831041	0.31803661414911
1.03543214514454	0.39263444657528
-0.0930720986797624	0.0369360906603901
-1.67175547128961	0.94540819075879
-0.520581729618906	0.197148689128052
-1.16305429075171	0.651431133105286
-1.82804931847571	1.14939337471891
-0.886200210656692	0.735746069532856
0.664250816818211	0.476351485199118
0.514819773401068	0.329138851046551
-0.318945645083054	0.1911002397425
-1.97954365006021	1.3813473822577
-3.08559782341753	0.965445184573826
-0.389824029514932	0.1622220446978
0.156217865065462	0.0599899472337467
-0.0542610967066082	0.0236892904427868
-0.0488834914573746	0.0214087394351013
-0.790669129590492	0.43211720049591
0.184780120763545	0.114690436647018
0.489086871026926	0.336771162747167
-0.657250849513695	0.458086085742363
-0.448917450140817	0.298066107934869
1.03958501510884	0.394462216304235
-0.531026674223177	0.335727473626979
0.408235434682273	0.18507110795554
-1.27305089405553	0.573176439405336
2.75819631171964	0.770700477263471
0.166691919569473	0.0419536988970269
-0.718527169744358	0.246584376429975
-0.39252362011783	0.221952279510834
-0.454284126658571	0.302627144761878
0.155357052579173	0.0830415393863305
-0.301007541363703	0.138033510470888
0.166084152255821	0.0418055330790301
0.167679655711552	0.042156489933972
0.152289864541204	0.0287035071443224
-0.62503342749082	0.152907838403333
-1.51019343351841	0.538270963770231
-2.11104604375133	1.61968266569661
0.396351227744078	0.179241432084369
0.150089350755633	0.0510431587517415
0.670977551868057	0.213013404742869
-1.81272640846626	0.738384406689963
2.12377595625849	0.953322582031882
-1.13582369620544	0.343734699942405
0.166691919569473	0.0419536988970269
0.153526628680235	0.0288819285189665
0.161809663243855	0.0483223326687324
1.95706969381346	0.441073865263096
-1.79827400712943	0.382942964938875
0.689980758598187	0.323092638225825
-0.671104394941408	0.470872874507577
0.158236523811813	0.0767328344983526
-0.342569521377039	0.0986187132378211
-0.601996421906715	0.28872536034731
-0.382182656734558	0.263021561847996
-0.237538625377861	0.119009175352027
-0.599080715884947	0.287136250405128
0.162086937301362	0.0787969991054243
-0.977637902131723	0.483762437254929
-0.60176100903409	0.288525428152901
-0.597800600511269	0.286361119391248
-0.0938557923535071	0.03728954480435
-0.084637493146804	0.033704459149001
-0.516096514132394	0.19525236723075
0.702032033854433	0.329769541484265
-0.482516326457772	0.253218723780964
2.74876987986439	1.68724269735541
0.0622709104143466	0.0386496837710816
-0.786373898685196	0.520377857045955
-4.2191738397475	1.98346126780949
-1.024931295921	0.406505232933835
-0.0838284290891281	0.0333888456429802
-0.151357735220451	0.0541400230435956
-0.179229866477912	0.0961464631186293
-0.538635844276918	0.341486756056494
-0.782405786369181	0.517255793281379
-2.46907215289216	1.37577271978228
-0.385529255210979	0.217621903804135
-0.0554430621314386	0.0241716421643552
-0.511312418026602	0.193302575730068
-1.15907552995224	0.648798876745899
-1.8102563556085	0.737065861487772
-1.08670789413998	0.742094610538802
-0.304817557367601	0.140068535580747
0.14718353851438	0.0565368961355523
-1.03100813494334	0.823418958329114
-0.641219345544796	0.379543934867827
0.554402382225081	0.323148775393944
-1.02181759550244	0.404915960039854
-0.512146849346214	0.193682417019057
-0.716346626154106	0.245810055243264
-1.02675382300733	0.819077943905149
-1.15484963846236	0.644926405054018
-0.139626623650296	0.0500203007886289
-0.0933383356565446	0.0370733064011173
0.0377346773739524	0.0206880568062002
-0.317515916945536	0.190092561623404
0.756426130847127	0.742914764565847
0.0098049866314776	0.0049882805602137
-0.447437428020781	0.29715184383844
0.0758691699901219	0.0494562247420452
-0.219388531614775	0.0708318276022096
-1.51819793872521	0.541803713077291
-2.91367157460874	2.15588705608635
-0.646996570837413	0.38404757055699
-0.517894865013359	0.196022700641736
2.75446121880292	0.769079402442662
0.158481035961899	0.0538108848974011
0.67818871429907	0.215276668097008
-0.138364600232034	0.0782163083482731
-0.150442277877347	0.102550499140428
0.0366537453074964	0.0200868547892741
-0.0896410105767752	0.0356287695912577
0.162479935061762	0.0485106492306684
0.161546088205671	0.0482379354240544
-0.521616479880851	0.197598440313405
-0.975026130874952	0.482405669082278
-0.759833214909374	0.329941726361722
-1.81870429132264	0.741743820146927
-1.48003021054625	0.747396111649981
-1.13422470394875	0.343215945535417
1.33727365525907	0.586376473931946
-1.51364953741781	0.539764698603452
-1.26657639672791	0.56963266079013
-0.216730820199361	0.0699462135090824
0.15626975600377	0.0292821097759299
0.152567656731362	0.0287430408348264
-0.519952717504097	0.196880719935875
-0.21505469918826	0.139110485177696
-0.10485376345256	0.0415425943475818
-0.144496554164053	0.0517417060723547
-0.389020895129077	0.219846878214498
-1.6681934873708	0.941769673728646
0.15566119641323	0.0528907668896057
-0.186603394918628	0.100287847173727
-0.143629596355123	0.0513929708746564
-0.604860795420285	0.29011226993527
0.15866325352339	0.0688602778933149
-0.0891130379539154	0.0354263445785917
-0.336674929481933	0.0969239720174005
-0.514425029487373	0.194514818086122
0.512174954696316	0.32665512171915
-0.179808428193668	0.0963808617192844
0.00611403043734107	0.00317886969717876
-0.491310168380839	0.258461680452248
-0.302654775386195	0.139077492237227
0.957445153010283	0.652901025438089
-0.971414747512708	0.479670940118914
-0.721072169669292	0.247553433626533
-0.386149105633392	0.160678716148557
-0.343223291761604	0.0987971723984263
0.364512067221296	0.184557292478092
-0.605730369439272	0.290557323660158
-0.138800921990177	0.0497365758407977
0.612780819419578	0.465923335652337
-0.392333825511445	0.163462028851127
-0.484820138167528	0.254564251873345
-1.46237028724417	1.01711787282064
-0.0170060599243732	0.00808191997686464
-2.28012662018379	1.15261938216129
-0.0221967078031356	0.0104453610472945
-0.152178960154318	0.0544209424602452
0.951841444348566	0.252891357699991
0.669518316423249	0.481449348100395
1.78395209523312	0.99788972557256
-0.79101999440297	0.524492045232693
-0.9798255441896	0.485254683607556
-0.217668501831863	0.140925809787848
-1.03904886813544	0.833138265936117
-0.382174889294509	0.158890278821017
-0.214646239621891	0.138822533300957
-0.90674805656447	0.661401340303921
-0.322648722290514	0.193555895805599
-1.21194003658269	0.914213817024664
-0.535782185748817	0.339196371175004
-0.627829060935039	0.153504607197422
0.670977551868057	0.213013404742869
1.03984272433899	0.394547494768611
-0.946889989913596	0.581362335769429
0.363238194363716	0.183909476361497
-0.174897109201771	0.0937142410763251
-0.183999285221434	0.0987716587197222
-0.143034785337113	0.0511857384265564
-0.628347365301396	0.153568930486371
-1.03157124844251	0.409434064232195
-0.723858427247846	0.248624788373591
-0.763253894263622	0.331680843347779
-0.725893626398728	0.24929421456428
0.152567656731362	0.0287430408348264
-0.53095942624896	0.335641097903803
-1.13582369620544	0.343734699942405
0.15626975600377	0.0292821097759299
-1.33172916419388	0.83757343598402
-0.588569446117561	0.477602852998624
-0.629267545839357	0.153771215183604
-0.342569521377039	0.0986187132378211
0.147991992981596	0.0568516227579697
1.04480696921869	0.396726217486042
1.04051558933761	0.395002404087772
0.159941194521509	0.0543013031904569
-0.025125184535158	0.0160095801722622
-0.516640021567978	0.195578035113981
-1.47600532386391	0.744444103610333
1.07224257181781	0.520038559856794
0.152686341340135	0.0586077786643544
-0.721072169669292	0.247553433626533
-0.213639314943098	0.0690063709749365
0.401380815292749	0.181699250042115
1.82725871051587	0.716521694707993
1.45415502686182	0.482281800899209
0.698637946443475	0.327891418746038
1.06795776597357	0.517462167643025
-1.16795260168842	0.655693542115984
-0.211803100213447	0.0684440141233586
-0.665654908885426	0.465996745776096
-0.297007149505279	0.136191587569544
-0.317139072152099	0.189785038495953
-0.378326872934729	0.259868238181069
0.154849822244799	0.06723980574998
-0.627829060935039	0.153504607197422
-0.220273125496108	0.0711077393958585
0.531114960608428	0.190915118124563
-0.513610688012862	0.194197498523362
-1.02140349604103	0.40462053419898
-1.81405663489635	0.739163554129331
-0.594853297715689	0.284559923184184
0.664681512408647	0.47641618048079
0.606210584936848	0.317818336959666
-0.858766393415112	0.855123665728491
-0.29225560422638	0.235851016494186
-0.0264641584296414	0.0197539288928348
0.529576761964437	0.460753412184207
0.190366233377295	0.136946362377125
0.194105959562717	0.134140381244819
-0.32157558034535	0.19292676248174
-0.77232172178258	0.659084398909969
-0.763846520547542	0.331965855437583
0.163149905636875	0.0486839149701593
-0.518384243260325	0.196197881941051
-0.0938844786016753	0.0372437459496391
-0.768692346404018	0.876147949681764
-1.18113767787475	1.60677270388107
-1.22145841584532	0.92456461384447
-0.495610925624914	0.372606539010033
-0.132456998875795	0.0747448500696683
0.723890336316372	0.480176317537841
1.24737344452709	1.05912735839092
-0.272170696389813	0.170941921836402
0.395360119557451	0.17875669532558
-0.783854290797714	0.517739155581937
-0.778596167512957	0.72922946696545
-0.486227811090141	0.363966302732935
-0.53008998114911	0.335019320325721
-0.260262389551379	0.162717716604826
0.312470460248189	0.216006797233085
-1.03166784949572	1.35069169272347
-0.62503342749082	0.152907838403333
-0.142568570776744	0.051024586720645
2.13135809309892	1.49240611410948
0.337597941579872	0.20642414629881
-0.212983283899145	0.0687817460409594
-0.342890259454196	0.098642118615141
0.818222064786117	0.34424146932049
-0.564190490879208	0.410356953769443
-1.9799559680564	1.38090813566191
-0.942978693458888	0.577453009828153
-1.33147127658848	0.836225523160216
0.157501891594397	0.0683228455660476
-0.0631586969140192	0.0274603290874589
-0.302493220962155	0.138977897549018
0.696533622447931	0.326535509055973
-0.97432550347234	0.481515569107355
-0.520754451826558	0.197203271050781
0.170597157616308	0.0428000407476464
-1.71387505367789	1.44098883679134
2.11662288333808	0.949279701700066
-0.386404316735073	0.160785514924726
0.369579239311281	0.187317812123101
-0.767761488763089	0.3340892272935
-1.14009620739235	0.345227889980206
1.78967609310482	1.00335662403471
-0.516096514132394	0.19525236723075
-1.66363501271176	0.938201348412576
-0.764586280589962	0.332455882664021
-0.482597905677788	0.253283595439176
0.157402307591701	0.047080036463379
-0.126444441124229	0.0712332957825952
0.72086809846505	0.477319885007363
0.181658839792926	0.112677069495044
-0.240873638211857	0.177726578441666
-0.0524360537364163	0.0229122092230065
-1.1841310354387	1.21862255869141
-0.315961716426831	0.189019743574172
-0.22988225664039	0.114851320463469
-0.393701773942777	0.164088841030077
-0.782478838954926	0.425781425360571
-0.387128037581531	0.161219443399673
-0.0541715037671415	0.0236450313122112
-0.320717412056083	0.192339837763371
-0.494101933158562	0.371311032872733
-0.957222421928777	0.937055016145748
-1.44812599112557	1.2996984324609
-0.769182441744131	0.334695855481558
-1.81842816932896	0.741601322947527
-0.907840906065785	0.662669869659852
-0.388574756851164	0.219561972120144
0.306145593482624	0.232715342777236
-0.563359871478651	0.409289163859135
-0.881517565609425	0.813641633995491
2.40689594917798	2.06116720907513
-1.51919018322957	0.542251856895701
-2.06376292263444	0.939652168969582
-0.917731865808998	0.672642589625689
-0.635042844035061	0.375166256336504
-0.760580296986428	0.330415092051958
-0.782603239966478	0.426479396469204
-0.787621167510624	0.429522356652288
-1.4649601225259	1.02142317295465
-0.638000523122883	0.377103644064757
0.972023210811215	0.665601503478559
-0.488128915217061	0.256655383723312
-0.958156632685826	0.938364009341326
-0.447167428687964	0.296929206676007
-0.139877608565787	0.0501352808411556
-0.267348973415204	0.167682002674902
-0.0245082281181969	0.0114870948241177
0.395109703983226	0.178638181600002
0.700559420988844	0.328841132112733
0.942957371619669	0.25056334066046
0.40851379679994	0.185236286273464
-1.26782842660809	0.570441623693441
-1.81500400399229	0.739710597985082
-0.0179677671846855	0.00848856007123245
-0.391523902044598	0.163059975418173
-1.02535171461533	0.406536532978507
-0.599895095240692	0.287562924833513
-1.13422470394875	0.343215945535417
0.53313407482189	0.191800740808182
-1.6681934873708	0.941769673728646
-0.628807341949763	0.15371861128279
0.163413249256128	0.0487677019311828
-0.0583016224956927	0.0253969252343214
3.92939233650521	1.72468629625562
0.16262521966381	0.055161447726895
-0.137976024592439	0.0494411312521156
-0.789715388072231	0.608437818930984
0.16593836478793	0.0888759058285117
-0.176271945073917	0.0944757069024052
-0.127992380970519	0.0721278577660407
0.155037804021813	0.0594966888596224
-0.348465736253515	0.100232718134072
0.156329509949468	0.0759457915483815
-0.788047789217805	0.42992713507589
-0.513167474897973	0.193986734282626
0.693375148139196	0.325060428425533
0.553418837943321	0.323040150820071
-0.570464566344118	0.416175442749015
-0.6452297045296	0.702266818248903
0.208327005374522	0.16831781361919
-0.137460813134548	0.0777212808406865
-0.493234288367496	0.370681651156374
0.78058372249876	0.962337829568782
-1.08716792622736	0.742455384177287
-0.298175008854882	0.136780784645522
-0.650483148595675	0.386020919684062
-1.83830845610291	1.16033575419265
-0.387774906301557	0.161327610899125
-0.981199840888374	0.485833522403223
-0.449950003373205	0.298811074673771
-0.779451758159865	0.51424565318913
-0.530379550674684	0.335476769661024
-0.487725691189932	0.256223581148786
-1.82804931847571	1.14939337471891
0.807777367397879	0.646221386569759
-0.943555193303621	0.578118575678873
-0.385847116564711	0.160532229317468
-0.442586360359675	0.293190634015016
0.159062227753961	0.0772621092380759
0.614160551044546	0.323062037598086
0.550990561314383	0.32051338119579
-1.22145841584532	0.92456461384447
-0.449948169587925	0.299033740965531
-0.0943918941535666	0.0374848643386508
-0.518098540358184	0.196099975558502
-0.321760806521752	0.193107886721559
-0.661181899437535	0.462386046215277
0.00966155696621228	0.00490245921667146
-0.646906107072376	0.38355058328655
0.179321505843614	0.104371387082925
-0.409284581512088	0.348110706453841
-1.09580496140419	1.05756679315205
-0.770976372377171	0.335679683296314
-1.79827400712943	0.382942964938875
-0.758892586095015	0.329498751771327
-0.510281302000482	0.192769872650018
0.167299398578488	0.0420768316112512
1.82203389234223	0.713656267024027
0.161410373272502	0.0481834890034794
-0.142568570776744	0.051024586720645
-0.10064968729674	0.0399126998409697
0.186755938167712	0.128601157863908
-0.140219045929796	0.0502215736713448
0.158995326023102	0.0475101404657943
1.33681578405904	0.586406825513233
0.67196229909328	0.213260403734251
1.57789827485225	0.786479757755199
0.821753992690835	0.346118851347505
-2.58120409692147	0.664991486920107
-1.27458834884304	0.574392686547494
0.149669208692586	0.0574727602497813
-0.485693907119966	0.254996416813219
-1.3383560521278	1.10974036169798
-0.324758188510673	0.195078109312457
-0.447015217751882	0.296838036414426
-0.721740116381346	0.247779502726497
-0.719465582528739	0.247026553935257
-0.14326766437207	0.0512430663698733
-1.13129699285405	0.342278739405472
0.801135746137702	0.483026797016329
-0.34191607535368	0.0984089732924219
-0.217756939661075	0.141043859649144
-0.437308247161516	0.400527738671235
-0.238712408736389	0.175757716105886
0.17167140119388	0.0995833318877761
-1.2051117472227	1.40435656127167
0.851103508363053	1.00872651546824
-0.239235704816781	0.119785706408093
-0.237898192898887	0.11909949802352
-0.142801753920347	0.0511111283728562
-0.981891504400305	0.486634232513668
-0.763188232111724	0.764719499347473
-0.395482543189199	0.224039549024308
-1.50922122701976	1.69967221394825
-0.791442478342441	0.610086622401417
0.178911263290398	0.104013215341403
-0.777664903067989	0.512833126907013
0.364416116500449	0.184524612037396
-1.23853119697863	1.15471510795913
-0.465949372190781	0.392748203746383
-0.521593996836574	0.511366362929664
-0.237080249794977	0.118761346364657
-1.33296622340237	1.32944560825262
0.063974838516005	0.0397151644952073
0.919327537222643	0.802345298860124
0.161365621955103	0.0783009381769593
-0.0388671373909093	0.0242242189968448
-1.08490976301384	0.740399431365109
-0.135282044515219	0.0764025385458307
-0.450349175651263	0.299528187474002
0.398769864448762	0.180340970883948
-0.534290962556991	0.338463806837284
0.304170329887207	0.249979402568578
-0.134754779150896	0.076126751850661
0.858163735631754	0.78542123405139
0.695160541927753	0.609768415784731
-0.192401156406406	0.159661028108219
-0.3889226342207	0.161993965051073
1.03518847361878	0.39240103645686
1.27568684015735	0.704514108682235
0.536938645245252	0.193260647952111
-0.627829060935039	0.153504607197422
1.0423751179533	0.395795368074734
0.157771079018536	0.0605593318935867
-0.277017961540976	0.200156317923065
-0.515889861149168	0.195150861370295
-0.216730820199361	0.0699462135090824
1.04025757139702	0.39462037836431
0.170597157616308	0.0428000407476464
-0.0383909761779654	0.016979212150692
3.9367779272391	1.72886284296048
-2.06597116964629	0.94088510772594
-1.14070599952463	0.345337330024218
-3.08164138813046	0.963767470359232
-1.02558641604596	0.406837006708145
1.45316902836548	0.481724936898338
0.162479935061762	0.0485106492306684
0.16014111548401	0.0543685528719876
0.160875819484411	0.0480497781693361
-1.59764948197008	1.22986762708405
-0.78076381728698	0.425111124548446
-0.320660882243584	0.192322916265427
-0.23217863251433	0.116138943038223
-0.529367131109707	0.334445346506122
-0.639795552209149	0.378376430349397
-0.342904767182509	0.0986489157334515
-1.02116299616938	0.404658802027825
0.15672984402438	0.0468820705997684
0.168287851014599	0.0422797449011708
-0.763493068016229	0.33177675339701
-1.13482941234436	0.34340642829894
-1.28139545192139	0.57825555332238
-0.351758442844764	0.101154571200253
0.518400780702525	0.331937710377632
1.82284235164019	0.714002514687227
0.168115422642068	0.0899945548916416
0.530631209348978	0.462022354432372
-0.00587347264709893	0.00448435844717412
-0.639335948901797	0.378068633071672
0.193209177214011	0.133409961994156
-1.08489854244594	1.04168157086424
-0.387639219669718	0.161254570311703
-0.728985188347722	0.250504530952487
-1.93043889704787	1.89947507101631
-2.06441503007623	0.940014395257253
-0.323222355113448	0.228489600683886
-0.0956678615367183	0.0379637063348422
-0.142851509596977	0.051162150469241
0.156485222075046	0.0396411457671424
-0.300840945838107	0.138017313471569
-0.327970673952407	0.23241231707103
0.191179001842312	0.131936865303511
-0.0192440544249096	0.00911122542012818
-0.0254153638610055	0.0119045860130215
-0.382430577300268	0.159027639534903
0.163113419283259	0.0792269512446663
-0.308433621698813	0.183882092682116
0.175040204134428	0.10832458303069
0.0444336587265524	0.0260856606601401
-0.487999467488545	0.365608752369498
0.361731215019452	0.182931802719534
1.04707331050621	0.397622620290395
1.28051647239539	0.707475934838674
0.48407984619344	0.3327684047613
-0.659846344018685	0.461109504985108
0.172417747420133	0.0924779010553365
-0.44792855704471	0.297661024389797
-1.1584427847334	1.43196869722425
-1.08589832225544	0.742548321084379
-0.649199008950698	0.385794619248898
-1.33764036718116	1.10808005857392
-0.140715784396892	0.0504140657914447
0.154616986872515	0.0525240580127315
-1.27293177363782	0.573562930226194
-1.27521506962447	0.574747266706149
0.515566276972511	0.329420034347886
-0.0152094925544842	0.00726232574496428
-0.0504442919763924	0.0220653569575298
-0.0213908627476715	0.0100844386514517
0.616979714194417	0.324572453780573
-1.15721005287501	0.647121689478961
1.57479077921744	0.784231980002317
-0.396690270461046	0.224996660714881
-0.142440177804696	0.0509737826404277
0.153335897031348	0.0664786418419361
0.157741350459836	0.0766691699630613
-0.0978205268571473	0.0387928962094175
-0.484822059430218	0.254456466048813
-1.3281288766947	0.834300296965657
-1.92776220989139	1.8944878634075
-0.600654917077171	0.288044191798673
-0.396443511719729	0.165202500079027
0.175409410979993	0.0941621872850509
-0.0935802772284631	0.0371756898766286
-0.0578212906678818	0.0251916598763217
-1.15912761229326	0.647946866901507
-0.389315112410885	0.162019133328445
-0.517470812145273	0.195857600194182
-0.0620941602483388	0.0270117766359641
0.162424476058477	0.0550903274876667
-0.0210017726637792	0.00987765334916689
0.157665127156854	0.053551257115328
1.77825957223031	0.993773037878154
-0.22648140257291	0.113128823841679
0.341846107611981	0.209201074676473
-1.15959934465043	0.649183224396337
-0.0970081236743832	0.0384843792732294
-1.32833712606865	0.834990938137797
-0.784556809711219	0.51911522633935
-0.0935802772284631	0.0371756898766286
-0.387774906301557	0.161327610899125
0.455252730075833	0.183399401788306
0.168572240455815	0.0902949543345634
-1.16305429075171	0.651431133105286
0.360523587676237	0.182435833401921
-0.629267545839357	0.153771215183604
-0.342569521377039	0.0986187132378211
-1.79827400712943	0.382942964938875
-1.79835097978106	0.382953978270685
-0.340926891852112	0.0981051026466341
0.166084152255821	0.0418055330790301
0.670649872073233	0.212844236167521
-0.306660844402068	0.140961840218228
0.69763613921886	0.327494281553077
-0.636208058208266	0.375619854724991
0.529356628640302	0.190322462478678
-0.339133418750055	0.0976611246838527
-0.627829060935039	0.153504607197422
-0.476488273733273	0.24939310881067
0.318172781499485	0.207433061252393
-0.892274587655861	0.743503139916982
-0.440720942057888	0.291656316912232
0.151274573096637	0.0514384346007802
1.11097412244305	0.850139484187194
-0.30833971535407	0.141698538785299
-0.172074125466327	0.0920866390241872
-0.639751708031495	0.378309038098824
-0.784224220461688	0.518028352990317
0.604894347544696	0.317248132692478
0.327310983751665	0.199197933363797
0.331513184820049	0.202055595651392
-0.0687004170926632	0.0416862392313205
-0.103579693217079	0.0410557769215297
-0.971970848390944	0.480045085491414
-1.33985450780002	1.11076622116732
-0.154464448863798	0.0552180094866692
-0.942352905384778	0.578039349383485
-0.936713995674964	0.572713755829876
-0.390541341742192	0.16273368506513
-0.129808308856761	0.0732077587390403
0.868558639837401	0.799128366820796
-0.530524646171881	0.335339315583138
0.16834122556949	0.0974356127746909
0.150882619911791	0.0513268309948059
0.368820609835459	0.186790254265173
-0.515260306744374	0.194916268075376
-0.133724561066523	0.0755408277721024
0.0340674581546529	0.0187098334975356
-0.234809425524838	0.117511784034287
-0.789871666570767	0.523240153796862
-0.453996212816037	0.302190504076733
-0.419844627101319	0.32107416854504
-0.443438015855109	0.293987567169488
-0.266577027101152	0.167084457525351
-1.21898766040475	0.921231253793661
-1.19527096818756	1.38696332525294
-2.46424781972447	1.3706950548044
-0.910764442628473	0.665599070151411
-2.46509395433372	1.37139533177835
-0.143629596355123	0.0513929708746564
-0.917168518671365	0.672411704467914
-0.320717412056083	0.192339837763371
-0.915561556356676	0.670263844004119
-0.0205837666544286	0.00972270851194434
-0.141613477265566	0.0506925453352637
0.398769864448762	0.180340970883948
-2.577202278156	0.663064687208724
0.947097253557627	0.251590606337117
-0.352742379173712	0.101393569891827
-0.754888092598883	0.327381185613808
-0.989632855551303	0.885638884849299
-2.29206606079407	1.16124766842892
-3.46005827230016	1.23260132520798
-0.72013323546054	0.247288973526613
0.149916983649413	0.057584517845971
-4.21236271878315	1.97586022644564
-2.77468268007587	1.86933932189116
-0.130472640984861	0.0736219406960311
0.0592186860848352	0.0347437898169483
0.700243705728726	0.328798949934782
-1.83514163203325	1.15663157981514
-0.298343890309942	0.136842583214664
1.36509289168138	1.26565677129276
0.159112159029177	0.077235773754167
-1.27032365700558	0.571955904152126
-0.767523934479266	0.334015614821553
-0.590426696807672	0.28200843230206
-0.517564039318975	0.195752224477386
-0.305481767081862	0.140370361298482
1.53863700793064	1.32670783124296
0.166683430623218	0.0893262000310452
-0.298500899915025	0.137041475132008
-0.29884559640504	0.137096023510432
-0.795274104488158	0.528175525117787
-0.538167272735699	0.341237197530052
-1.48356469713133	0.749516205115112
-0.446746958604812	0.296414600146592
-0.332195745333312	0.235866350736194
-1.7299442258009	1.8933084832563
-1.01394764579245	0.401035955536872
-0.305319115938652	0.140319581810855
-0.785618454774894	0.428249977273991
-0.374168480705197	0.256381797385481
-0.0531350717678705	0.0231948543463917
-1.08218903018164	0.737534640116383
-0.331491534939841	0.264014478612221
-0.40264328842929	0.22876685674218
-0.395488154884604	0.164916744226521
-0.781606794218263	0.51610468374503
-2.06971291102341	0.943740604994579
0.153526628680235	0.0288819285189665
1.06505285317505	0.515854866022059
0.529356628640302	0.190322462478678
-1.21794736690166	0.921196574115603
0.163052600857019	0.0552946395308048
-2.44770475366601	2.40808865317479
-1.67325597190324	0.946983844917827
0.152686341340135	0.0586077786643544
0.536280565569087	0.193004774479639
-2.57747759965585	0.66335545132302
-0.204585777158562	0.0661516753375766
-0.344210615318698	0.0990368506115311
0.670977551868057	0.213013404742869
-1.26969626205909	0.571521770859234
-1.81433874778204	0.739366153614294
-1.81405663489635	0.739163554129331
0.164083222967104	0.0489409806828746
-1.13521969998424	0.343544374381215
-0.725462519324565	0.249202983263282
-2.28201927050571	1.15404576819802
-0.764086062426498	0.332088631279259
-0.213456527094647	0.137995655493626
-0.393144380405344	0.16382418057789
-0.05608491545216	0.0244541313331578
-0.779729020409939	0.668119909691435
0.148376093411047	0.0643858843404031
0.345999255614076	0.19402986967412
-0.716742797527227	0.245951204867122
-0.39848652147061	0.225997767229754
0.444579978268309	0.340993874268001
-0.389824029514932	0.1622220446978
-0.101462565243239	0.0402263455998725
-0.0891130379539154	0.0354263445785917
0.792270529296262	0.749730512569744
-1.59360665432499	1.22451190993938
-0.0157491960503382	0.00752171434193213
-0.180654778897957	0.0969564867719543
-0.298009498331406	0.136708670223186
-0.690732069250804	0.604450020443487
-0.165309890630966	0.0882814495151783
-0.944179833606185	0.579442372270993
-0.343557529393447	0.098858556674811
-0.383559214858311	0.264166460808691
-1.24442485102226	1.16327625835164
-0.316604914470201	0.189476249825791
-0.0987851725752619	0.0391742828811094
-0.342235478378113	0.0984932623692754
-0.721072169669292	0.247553433626533
-0.216468117878063	0.0699098638062388
-3.08559782341753	0.965445184573826
-1.80197754639448	0.383903353697165
0.948535538575274	0.252058145640786
-0.391096888732438	0.1629812476362
-0.139626623650296	0.0500203007886289
0.801616497689865	0.483331117700827
-0.141845773618067	0.050752565243232
0.156835118177656	0.0532837121933901
-0.637572077543607	0.155739174733076
-1.80197754639448	0.383903353697165
-1.13482941234436	0.34340642829894
-3.08606373064433	0.965887782759055
-1.51084659522504	0.538498609405326
-0.135861044175959	0.0487010047272875
-1.51819793872521	0.541803713077291
0.1540561970176	0.0591317209177012
1.90996135613737	1.65645292926725
-0.32157558034535	0.19292676248174
-1.27584181672093	0.57519263095823
-0.39395556364935	0.1641611423219
-0.134214386049623	0.0481381918930928
-0.39395556364935	0.1641611423219
-1.27605282856675	0.575459260120326
-1.21556783987275	0.916801375537549
-0.383241131092063	0.159338612613641
-0.641971526771337	0.379752646396669
-1.81842816932896	0.741601322947527
-0.0179836665390314	0.008538021422969
-0.215184417856504	0.0694920488130609
-0.234809425524838	0.117511784034287
-3.03144389686417	2.44357307222692
-0.483612715838391	0.25345116145061
0.449618779962129	0.180872500408506
-1.33605743246244	1.10605538262735
-0.0564736583390033	0.0246170792693851
0.154740770752363	0.0525923721877549
-0.596230720264837	0.285354609905524
-1.4880683745391	0.753416408870872
-0.768114862745367	0.334314347835866
-0.151948739680961	0.0543474280362867
-1.16779314833313	0.65478683609097
-0.975840546953884	0.483006975700918
-1.27105559335108	0.572256055805949
-1.51429942551804	0.540079204882619
0.345845588546727	0.193580285005758
-0.013605078230749	0.00654598089259042
0.172052839504085	0.0997034520093535
-0.175498166278707	0.0940088041551132
-0.143629596355123	0.0513929708746564
-0.0877747885053944	0.0349096890477682
-0.515889861149168	0.195150861370295
-0.0938181963116998	0.0550249194867216
-0.95155313801062	0.585240952616607
-0.044605682841553	0.0195907830381248
-1.84031097845543	1.162823795376
-0.724527840719668	0.248940035798255
-0.769535996603665	0.334986965517515
-0.303494231937818	0.139467728398359
-0.788411400370292	0.430302738656195
-4.71071505241377	2.79577731906486
0.157660768713607	0.068480623096022
0.160738504231491	0.0479850328827505
-2.63169744764601	1.61306963279195
-0.887531426087343	0.73774773793762
-1.51364953741781	0.539764698603452
-2.577202278156	0.663064687208724
-1.16456513364147	0.652972686909987
-0.0612214772544309	0.0266406247154452
-0.481724584458429	0.252693433896997
-1.09346057996569	0.749411854532649
-1.66363501271176	0.938201348412576
-0.142493583588299	0.0510464277530948
-0.139034402758614	0.0498144544844224
0.156004173205372	0.0530087596813196
0.160809355731103	0.0781481383267611
-0.769760813998375	0.335248842053895
-1.51019343351841	0.538270963770231
-0.13336132195876	0.0753188831026409
-1.2169118833745	0.918018504684579
-0.377684249943792	0.212486294757018
-0.394817082850977	0.164570915301435
-0.942598173753073	0.577326671327305
-1.81937129385307	0.742146991690708
-3.75809970882141	1.48903887292909
-0.42816282386996	0.328951603189611
-0.976260403903207	0.482632667431988
-1.66901748289476	0.941912145553683
-0.599637409626921	0.287138428430173
-0.395071670435589	0.164675396539339
0.388246533392928	0.175325402057471
-0.765175557038133	0.332787545954992
-1.71557582893671	1.44233071520648
-1.03068484294637	0.409174747267586
0.398238474377026	0.180057025231607
1.07223095415856	0.520286661325721
-0.140555342964598	0.0503172089801336
-1.15543773075821	0.645231108777397
-1.5126542472202	0.539316353407404
-0.33946832567862	0.0977521416130555
-0.602813021545142	0.289058407246944
0.947560352748164	0.251716891447637
-0.302012171776503	0.138585388468235
-1.13971461971555	0.345009438584009
-0.730578580192813	0.251061657936625
-0.604385963324169	0.28993546473718
0.958825712369151	0.653479081630605
-1.27095128753598	0.572333958218654
-0.490832286289494	0.258183573266545
-0.787495698803049	0.521889243903523
0.14908692536687	0.0647485046433834
0.182344525589573	0.119545959571968
-0.541412226111778	0.343819737450481
-0.319558987011126	0.191353501838013
-0.720801185410545	0.247515042606667
-1.02624181092562	0.407113610404842
-1.81909546969486	0.741894858619222
1.28469979758152	0.710491448662861
-1.31634439938499	0.823249189136409
-0.143629596355123	0.0513929708746564
-0.787462658963457	0.429441203299091
0.456072320074005	0.183713635992162
-0.312609784871518	0.144022447076301
-2.90969075555609	2.14988835726788
-0.304462141803425	0.139938302879115
0.15243762427523	0.0585046911358224
-0.235269497347068	0.11775521841196
0.167711424470279	0.089971609309777
1.08488391737829	0.668230739098326
0.698637946443475	0.327891418746038
2.56296092388369	1.42445060330863
0.163413249256128	0.0487677019311828
-1.32585381591904	0.831487600628691
-0.645107622573137	0.382221902592872
-0.386659192979276	0.160832500888345
-1.44598399460249	1.2966286746057
0.79932924177074	0.481525608924784
0.336304476793463	0.205472412794856
-0.608777856220068	0.292397164083293
1.35257795305307	1.43629970018128
-0.306997847881457	0.141105580585831
-0.603280255033303	0.289377678994227
-0.720801185410545	0.247515042606667
-0.988370603932843	0.490744000253195
-0.267718992678461	0.167926581551167
0.0120664663121667	0.00608759302919912
0.162086937301362	0.0787969991054243
0.862834549143989	0.640735373251037
-1.22477151315565	0.928253281036842
-0.0552185882507658	0.0240920164973833
-1.978261726883	1.37908248914207
-0.179397730521804	0.096143736316558
-0.639751708031495	0.378309038098824
-0.5402622306301	0.343173129344886
0.155056915799237	0.0752237673253613
-0.570146737642997	0.415606543540108
-1.32400877434371	0.830273138031267
-0.641172652649429	0.37972815726212
-0.386827543678986	0.160853702209681
-2.9106216032881	2.15311740204199
-0.640749246738783	0.379322805130643
-0.535595957763464	0.339455411436825
-1.72258213063296	1.88075723104785
-0.23488200455888	0.117549577706154
-1.16772404165933	0.655051201939417
-0.235124444694221	0.117519309893651
-0.781136798351403	0.424865941033009
0.326067899525315	0.21340097249776
-0.320417699391432	0.191948077320092
1.90185988235801	1.64489772898172
-0.395029845031345	0.223754357085005
-0.608159041637988	0.539601348752711
-0.482359109069084	0.252790140985755
-0.0192484732616052	0.00911120947264979
0.902416926276195	0.487051211732701
-0.765175557038133	0.332787545954992
-0.787803853504738	0.4294510906898
-0.53722648049988	0.340549161200883
0.031216323522862	0.0171327156658653
-1.97910671918043	1.37936977889785
-0.391963770360121	0.22186584215469
1.00809187665226	1.11439688719717
-0.21049146922482	0.0680355104001863
-0.566433697212083	0.412011736472567
-0.763846520547542	0.331965855437583
-0.0554430621314386	0.0241716421643552
0.151149206787113	0.0580628778153935
-0.0504442919763924	0.0220653569575298
-0.255255406819249	0.159263803617782
1.28469979758152	0.710491448662861
0.346444893311696	0.194316146735746
-0.0509240148133251	0.0222680861902599
-0.916061271183709	0.671378890258842
0.154184444663498	0.052405972124707
-0.535477394351141	0.339292647440697
-0.519323943583458	0.196571027657527
-0.0495797235249327	0.0217002812945495
0.153008476524145	0.0663189403278178
-0.635791414040505	0.375493116322394
-0.395476446017133	0.224034237860577
-0.60491353971316	0.290239302747195
0.15233987937513	0.0517938708023709
0.162479935061762	0.0485106492306684
-0.397722204650406	0.225436893925285
0.437246189072429	0.333919125949338
0.0247312849291379	0.0136745486116942
0.453358879526006	0.182597486635333
-0.780635536769961	0.424490242011543
-0.393765318604916	0.223028523355736
-0.483318352119068	0.253364865978665
-1.02181759550244	0.404915960039854
0.164876638180531	0.0632528495154905
-1.33341020659879	1.10145474251043
0.530704520139972	0.190734498567339
-0.151357735220451	0.0541400230435956
-0.14078756650129	0.0504046952906822
-1.024931295921	0.406505232933835
-0.0558251048973952	0.0243318275719906
0.721692966985961	0.478236614583384
0.16659301543248	0.0809914870855777
0.158994183199138	0.0690074039019436
-0.527882492943315	0.333144762106897
-0.948720417011924	0.582634591571009
-1.16358041719965	0.651817732691739
1.0054327940473	0.829278789414382
0.00494277679160172	0.00258272010339697
-1.16275930294306	0.651260975396066
-0.953478011000205	0.587016738681446
-0.524847974739208	0.198891122280494
-0.384479214601374	0.159918153754782
1.91431475886199	1.66247003096651
0.456417048285319	0.183797926329872
-3.14603983436756	2.75562625608272
-1.81367378419037	0.73893109819281
-0.478951531881417	0.25109928397556
-0.785460139100747	0.519898488086861
-0.0147707004558815	0.0070641139638882
-0.445844210332777	0.295724600161404
-0.136554381592431	0.0771952337834876
-0.777221112390447	0.512446597844811
-2.469326803804	1.37607925477216
-0.175836043812815	0.0942290587953326
0.422159701484111	0.336957349732218
0.369199247203358	0.187071874175325
-0.299681313533203	0.137449841372068
-0.794334816404814	0.434398121480634
0.162598392899409	0.0789553232354743
0.15233987937513	0.0517938708023709
-0.272746269403041	0.171406452188731
-0.601411920038621	0.288211084942193
-1.21762384133569	0.91990202237075
-2.28772796842715	1.15828724592239
0.159474851217086	0.077480846781015
-0.783101940438567	0.426781885595185
-0.39413699457177	0.223152586863903
0.336523080439541	0.205470444827641
-0.304333299412963	0.139823725086274
-0.487914699749065	0.256282904667548
-0.0969182312230313	0.0568941638163687
-0.75748082714219	0.328698241025322
-1.46766817976054	1.02451776946774
-0.662190208069333	0.462830408198821
-1.6677607892413	0.942310995485124
-0.979269080017141	0.4848926069164
-0.143629596355123	0.0513929708746564
-0.642385803086616	0.380005364837952
-0.387892671518571	0.161318348516233
0.151955561498119	0.0583759744460965
0.444748898940011	0.178813466023454
-0.974472820600168	0.482046396659233
-0.75665157138364	0.328308710710438
0.14955061601593	0.0649393364635053
-1.67231026075876	0.945920698741273
-1.51442679709979	0.540163579778039
-0.783784926980309	0.517668443918192
-1.16387500803374	0.651677503380305
-1.67286521965355	0.946361120152777
-1.22190214796514	0.925036658263376
-0.0558242235585686	0.0243485429294793
-1.3286451385723	1.09611535554636
-1.08539613939225	1.04198079668443
-0.261128425996647	0.163358169706422
-0.652320849170454	0.387836377222896
-0.483706325629852	0.253588652675229
-0.779804419549096	0.424157606981819
0.904559769926278	0.488770510564931
-1.03081320661333	0.824353120679222
-0.0961958516660323	0.0381720029501695
-0.504408191814834	0.190389564923546
-2.63114395800024	1.61220331658903
0.154108705452745	0.052369640632667
-1.14344047342103	0.993715407840199
1.09035053576315	0.672323572461584
0.616653060362893	0.324337514555528
-0.542319997567295	0.344513441543825
-0.221268958934125	0.143540010003902
-0.791660333414866	0.609860152511186
-1.15146387826926	0.642350326273391
0.552658225835685	0.321786459207985
-0.913668473261196	0.668801710423308
-0.389824029514932	0.1622220446978
-0.645147713670818	0.382385626122668
-0.66524641703159	0.46516295536336
-0.762661468163739	0.331369385865934
-0.4752273207831	0.248600543209287
-0.0941490463255399	0.037373954189363
0.0851429087884554	0.0556820886309747
-0.337361094925706	0.269454452384632
0.401964894450781	0.345948911927775
0.0149999841869949	0.0075418332777868
-0.283625344012051	0.205689323565583
0.478660545504524	0.441276865023308
-0.789739385598624	0.431206446836504
-1.92336155213783	1.88627069265023
-0.724270980279016	0.248747351366331
-1.67490979574805	0.948162831145088
-0.600420197116524	0.287891011615717
-0.388197675575098	0.161522746371051
0.00572903976104968	0.00358025461541579
0.139920169183727	0.111752176014604
0.325047050917889	0.212482560057506
0.181736962595815	0.119076557212934
-0.176422907947055	0.117232990186184
-0.392523979054397	0.221966275403248
0.1629755709943	0.0872877823404622
0.533792789739045	0.192056407531968
-0.595956245304819	0.285189963589044
-1.81206173391041	0.737772890219594
-3.08118534013847	0.963229045953577
-0.138800921990177	0.0497365758407977
-0.341080825104563	0.299117254341029
0.299674829172445	0.245696058774772
0.162085405023641	0.163788960280827
-0.0991158406340717	0.0582137029198532
-0.0409798002707256	0.0255246677736527
-0.719194825953782	0.246846541949292
1.26024375609406	0.878652931620893
0.402162775898637	0.18205657906434
-1.02713260840854	0.407375194722086
-1.26969626205909	0.571521770859234
0.161139089918031	0.0481199615651925
-0.627829060935039	0.153504607197422
-1.15748656641907	0.646551425586653
0.669009496945769	0.212302346826553
-0.236656944358806	0.118547510502087
-1.51885466658535	0.541921809220855
-1.46997074231779	1.02643223467301
-0.180387980999241	0.0967558714452042
-0.533102294163325	0.337135327881268
-0.0166464635592769	0.0079270207030969
-0.390701485713875	0.162846853922573
-0.72013323546054	0.247288973526613
-0.53095942624896	0.335641097903803
-0.488873510710508	0.256842103753225
-0.520581729618906	0.197148689128052
0.344141319360294	0.192512764134569
-0.786118923525928	0.428616616401926
0.162479935061762	0.0485106492306684
-0.454346471862613	0.302679443996214
-0.759833214909374	0.329941726361722
0.172850878274543	0.112835993857069
0.403692628664645	0.182894545525587
-1.16195438158126	0.650823501410432
-0.302012171776503	0.138585388468235
-0.382418088538531	0.215639407204746
-1.48688920399886	0.752482673124618
-1.16195438158126	0.650823501410432
-0.603042873768937	0.289200479461177
-0.102560215910524	0.0602743116604794
-1.48488117255046	0.751161753085473
0.453017086926378	0.182395940611143
-0.219830527943583	0.0709760077984187
-0.490832286289494	0.258183573266545
-3.46066411507937	1.23287376992561
-1.66708049458944	0.94076366023866
-0.777551622884698	0.59567590853957
-0.779804419549096	0.424157606981819
-0.606600197203653	0.537575867663005
1.07246982830335	0.520276917595046
-0.240159751342006	0.120250053872762
-1.26761330153312	0.570312266968185
0.158323275965016	0.0473326847049123
-0.176256904820362	0.0943741617011019
-0.134633013967169	0.0760690152659862
-0.236198978492694	0.118300080555751
-0.104425535961372	0.0613999593962768
-1.21590453016458	0.918534999222524
-0.950270939406406	0.584259777064165
0.537822771634915	0.193597818709898
0.362212679704311	0.183201550375656
-0.221728342066176	0.14383909255057
-0.536861220512452	0.340559129811219
-0.332077316650801	0.235821581841796
-0.482121148882205	0.252997469436711
-0.483864871791417	0.254008244158298
-1.024931295921	0.406505232933835
-0.785618454774894	0.428249977273991
-0.975026130874952	0.482405669082278
-0.515466779883267	0.194997679323859
-1.02469648429794	0.406260196260825
-1.09303148255318	0.749173635458489
-1.08942627262229	0.745419860439091
0.148680628012621	0.0644892210381013
0.365761776756049	0.185325043046891
-0.51849312861348	0.19623662262084
-1.08184549587729	0.737754255114285
0.401900962934568	0.182113767545943
0.145765346492399	0.049614997920305
-1.01711319677622	0.40268673384294
-0.215184417856504	0.0694920488130609
-1.8069692865066	2.08511962073678
-0.787217239797555	0.429675812644248
-0.174625800119349	0.0935165830384777
-1.27095128753598	0.572333958218654
