x	y
1.25016547621881	0.867608618558699
0.507725042245783	0.323573545866467
0.488387957790741	0.452863485098357
0.166691919569473	0.0419536988970269
-3.08118534013847	0.963229045953577
-2.57775304544287	0.66318910114962
1.01188512781527	0.836153262246883
0.317739414925761	0.220041101396945
0.298831430033537	0.216037484096287
0.0701753151921857	0.043585758125497
-0.0766707567218571	0.0466116157739966
0.349926408401748	0.196566438777307
1.04304768303814	0.395953390308167
0.153526628680235	0.0288819285189665
1.95706969381346	0.441073865263096
-1.79835097978106	0.382953978270685
0.153526628680235	0.0288819285189665
-1.79827400712943	0.382942964938875
0.947097253557627	0.251590606337117
1.95791760701363	0.441280139896969
0.0550408856970555	0.0322660703907866
0.163420372366361	0.079474988959915
-0.30299365621034	0.139228025529717
1.45086090685868	0.481039409485759
2.75349844687128	0.768381126605175
0.170597157616308	0.0428000407476464
1.45707753244512	0.483282553765983
0.166311360817904	0.0418484681801843
-2.577202278156	0.663064687208724
0.153526628680235	0.0288819285189665
0.153247518839476	0.0288421886814327
-0.632939126134277	0.15468454480873
0.152289864541204	0.0287035071443224
1.95791760701363	0.441280139896969
1.95791760701363	0.441280139896969
0.947560352748164	0.251716891447637
1.83236434117257	0.718638791439644
1.95706969381346	0.441073865263096
1.45184554016218	0.48122826717761
0.670977551868057	0.213013404742869
0.943931183072951	0.250903413595175
1.11606061289174	0.855152353941813
-0.0656976570249338	0.0398649610493632
-0.0643412766723871	0.039025016297399
0.729844910527962	0.827172050067635
0.617983271024711	0.325163377946729
0.208217308136496	0.178459034153159
0.389444240605869	0.332768918153248
1.45806698971783	0.483796340944708
0.94807088907188	0.251931335472786
1.95791760701363	0.441280139896969
0.152567656731362	0.0287430408348264
0.94807088907188	0.251931335472786
-0.631960666018702	0.15447017218279
1.45415502686182	0.482281800899209
-0.342569521377039	0.0986187132378211
-1.79835097978106	0.382953978270685
-3.08118534013847	0.963229045953577
0.952312839774606	0.25302018984475
2.75349844687128	0.768381126605175
-0.342569521377039	0.0986187132378211
-3.08652986879455	0.965774290031657
0.171207721440545	0.0429238305772998
1.96040941896093	0.441936123238363
-1.13582369620544	0.343734699942405
0.153247518839476	0.0288421886814327
3.63988648920879	1.43371818867798
0.304984670312468	0.241573231831714
0.157665127156854	0.053551257115328
0.320653932955999	0.20939528482865
0.162379464807724	0.15824447941888
1.11216140063099	0.850569069600781
0.405950791257647	0.350130519012075
1.45280255866496	0.481676211868722
1.95706969381346	0.441073865263096
0.947560352748164	0.251716891447637
0.152289864541204	0.0287035071443224
0.153247518839476	0.0288421886814327
0.153526628680235	0.0288819285189665
-2.57775304544287	0.66318910114962
0.152289864541204	0.0287035071443224
2.7554263517449	0.769222911089782
2.75446121880292	0.769079402442662
-2.5814875372856	0.665060440379843
2.75446121880292	0.769079402442662
1.95791760701363	0.441280139896969
1.96040941896093	0.441936123238363
-0.633409029549556	0.154789771896201
0.152567656731362	0.0287430408348264
0.152289864541204	0.0287035071443224
0.34611117726803	0.194210022658222
0.349407025804602	0.19599967132145
0.0549579997570137	0.0340920827827587
0.0698749497479326	0.0433897027241535
0.468041292839739	0.341765039525095
0.146797446300909	0.127357364687448
-0.524284836088912	0.434838219923836
-0.0687138327101174	0.0417000114760716
-0.426670567203067	0.327571042520444
0.117067243750361	0.0896710735969628
0.312259126477631	0.22731853106631
0.703905580181619	0.816377687905897
1.0796521296609	0.524440329314212
-1.80197754639448	0.383903353697165
0.149464413960118	0.0283283450696208
1.95791760701363	0.441280139896969
0.170216206297202	0.0427061060191571
1.95706969381346	0.441073865263096
1.45905685415805	0.484042330916112
0.94807088907188	0.251931335472786
1.04388504434288	0.396330532362075
-1.79827400712943	0.382942964938875
-1.13362027945245	0.342902172857624
-0.632432130022522	0.154575713959717
-3.08164138813046	0.963767470359232
0.948535538575274	0.252058145640786
-3.08559782341753	0.965445184573826
1.95706969381346	0.441073865263096
0.152289864541204	0.0287035071443224
0.152289864541204	0.0287035071443224
2.75349844687128	0.768381126605175
-3.4565848348623	1.23040818352441
0.947097253557627	0.251590606337117
0.158577402299565	0.0608665916613508
0.347788152485456	0.195171567348486
-0.130708911670079	0.07373197046619
0.189377437654714	0.130568977497353
0.18165533780668	0.119002911024062
0.346816255761804	0.194232543019674
-0.482359109069084	0.252790140985755
0.94904571537762	0.252100131683616
-0.632432130022522	0.154575713959717
0.152567656731362	0.0287430408348264
0.152567656731362	0.0287430408348264
3.26352329858721	1.1213740078214
0.536938645245252	0.193260647952111
2.75349844687128	0.768381126605175
0.162400863971746	0.0409830958055786
-1.51364953741781	0.539764698603452
-0.627829060935039	0.153504607197422
-0.632939126134277	0.15468454480873
3.63787278219551	1.43230843013536
2.75819631171964	0.770700477263471
3.26352329858721	1.1213740078214
-1.13521969998424	0.343544374381215
0.161415729852303	0.0407561524608698
-0.628807341949763	0.15371861128279
1.95706969381346	0.441073865263096
0.152289864541204	0.0287035071443224
0.669009496945769	0.212302346826553
0.352431597283712	0.197953187337651
0.304085763287999	0.220455145608656
0.341172305367677	0.190825466924085
-0.0907353641242552	0.036034670584998
0.405044368808461	0.183531990620571
0.667295793982533	0.610331966716595
0.322077244414649	0.223652006752009
0.741024725637505	0.621365261350254
0.951841444348566	0.252891357699991
0.170597157616308	0.0428000407476464
-1.79835097978106	0.382953978270685
2.75349844687128	0.768381126605175
-1.79827400712943	0.382942964938875
-0.6282908079904	0.153557595992093
-1.79835097978106	0.382953978270685
0.166691919569473	0.0419536988970269
0.155986207086685	0.0292416787556187
-0.628807341949763	0.15371861128279
0.671634827760764	0.213161681695785
1.95706969381346	0.441073865263096
0.152289864541204	0.0287035071443224
1.95706969381346	0.441073865263096
0.35990224564242	0.181801907416511
0.665493330700951	0.608127226773446
-0.0282709737794513	0.0132275847783622
0.452106531255991	0.327960109644011
0.374871222534086	0.341291397378237
0.0543766064660785	0.0319232965865986
0.318272483427163	0.232409544112878
1.33376506967227	1.571458518108
0.17038553028253	0.0913461794509912
-1.0440083782502	0.839063059093452
0.866173890171517	0.643889988171138
-0.0718918926717731	0.0436648780907246
-0.0540512120258778	0.0337076125003396
0.201318562171258	0.156780619566568
-0.629159511493121	0.153871316504896
0.153247518839476	0.0288421886814327
0.166691919569473	0.0419536988970269
-1.79827400712943	0.382942964938875
-0.631960666018702	0.15447017218279
-0.632939126134277	0.15468454480873
-1.79835097978106	0.382953978270685
0.153247518839476	0.0288421886814327
-2.577202278156	0.663064687208724
0.152289864541204	0.0287035071443224
-1.51429942551804	0.540079204882619
0.166691919569473	0.0419536988970269
1.45612824040965	0.482835979244752
1.95791760701363	0.441280139896969
-0.6282908079904	0.153557595992093
0.746029073831984	0.626438464032066
0.913971084404594	0.795175132905779
0.177852649044701	0.116333541566229
0.167402290021793	0.0896221774164838
0.446204861090428	0.342637511119671
0.721242641728398	0.477936475703256
0.17524913423693	0.101725710671417
-0.591512387792168	0.480217346162145
-1.22323402716926	0.926037035158578
-0.949794846953193	0.583925812754933
-1.08482655956245	1.04150629648699
0.616442998795673	0.469369377960675
0.602650337228951	0.58594113311521
0.187679943759536	0.129292020042289
-0.843659390166674	0.898059564672099
0.416152331840756	0.346239501687908
-0.0657572805272711	0.0398888068093126
-0.343223291761604	0.0987971723984263
0.161410373272502	0.0481834890034794
1.95791760701363	0.441280139896969
-1.13069021608626	0.34196481134975
-0.724527840719668	0.248940035798255
0.170597157616308	0.0428000407476464
0.94807088907188	0.251931335472786
0.951331866170054	0.252756684317784
-1.79835097978106	0.382953978270685
0.673419805718654	0.213740169092851
-1.13362027945245	0.342902172857624
-0.627829060935039	0.153504607197422
-0.217190479909736	0.0701061645859235
-1.79827400712943	0.382942964938875
-1.79827400712943	0.382942964938875
-0.721435304125973	0.247731476182057
0.152567656731362	0.0287430408348264
-0.625500335572602	0.152962089117453
-0.628807341949763	0.15371861128279
0.312000113808463	0.227128787078991
0.322586049961127	0.223935299873862
-0.136130158814785	0.076939584983806
0.0651223075185703	0.0404057226496044
0.16262521966381	0.055161447726895
1.04144562491045	0.395430985542635
1.82513230176872	0.715356894962213
0.166307199190119	0.0418280240782314
-1.47142224985177	1.02871697659001
-0.973507913250205	0.480853849153146
-1.26969626205909	0.571521770859234
-1.09391840452696	0.749863339220509
-1.21423418543052	0.915239259555755
-0.029518796674104	0.0188049310755308
0.338026290929028	0.206475155421813
-0.526988212316919	0.332825602989323
-0.326215025015154	0.25895308922216
-0.598293366468416	0.286373431144928
0.700802354490962	0.329084154463177
-0.519121480217459	0.196545928752658
-2.57747759965585	0.66335545132302
-2.57747759965585	0.66335545132302
0.949511917528176	0.252227362219882
0.155033518363628	0.0526840217885624
-0.516096514132394	0.19525236723075
0.552256052964417	0.321506246093187
3.26152925911013	1.12000457960558
-0.142801753920347	0.0511111283728562
-0.715407313671064	0.245463795469067
-1.02177744930251	0.404938885053013
-1.51299996807781	0.539299955595401
0.157665127156854	0.053551257115328
0.161399320899091	0.0547651772106257
2.12066304185672	0.951843841296293
-0.214952210282499	0.0694159656881339
-2.57747759965585	0.66335545132302
-0.627367542213354	0.153354696036073
2.12041605569515	0.95168550356035
-0.62503342749082	0.152907838403333
0.165704597093625	0.0417255219351786
1.97237423528744	1.2379242470343
0.0999585456787104	0.0710977687955382
0.330915368416016	0.201636198379348
1.01948944674037	1.22341908590116
0.828342764331275	0.349152513984802
1.45772573704158	0.483434673035337
0.165097545701885	0.0415776969264477
0.162479935061762	0.0485106492306684
0.15951165226116	0.0541568637053404
0.66999328440441	0.21269616854207
-1.02624181092562	0.407113610404842
0.150447848737376	0.0511729703307111
-1.82003859074053	0.742440609774219
0.453017086926378	0.182395940611143
-0.302344719394741	0.138712457398006
0.300763514439607	0.217649606314554
0.66999328440441	0.21269616854207
1.04640087890442	0.397464840971431
2.75446121880292	0.769079402442662
0.320202597168376	0.222118656600857
0.479516718815077	0.32877768368529
-1.0853691674788	0.740843517751874
0.61748156436755	0.324888512642261
-0.484573292944512	0.254058607852369
0.156661725264315	0.0680348623060046
-0.211380351297293	0.0682941197149795
-0.143083504265613	0.0512551019499494
-0.781475261045454	0.425057103037386
1.0461523665238	0.397340617252217
2.11636802963177	0.949071130565476
0.951331866170054	0.252756684317784
3.26452213570095	1.12136276907474
0.165318598359952	0.0416114067368304
-0.390943736994562	0.162719877466899
-0.393701773942777	0.164088841030077
1.04051558933761	0.395002404087772
0.166691919569473	0.0419536988970269
1.45476541507032	0.482531337515686
0.821753992690835	0.346118851347505
1.82579336426267	0.71571883696401
0.160875819484411	0.0480497781693361
-1.48782321639958	0.752911105521393
-0.769173953164105	0.334972135741439
-0.767523934479266	0.334015614821553
1.04211818703896	0.395589048045566
1.04025757139702	0.39462037836431
-0.628807341949763	0.15371861128279
-0.632939126134277	0.15468454480873
3.64496927066615	1.43565673102566
0.86621479240279	0.644059958391952
-0.144496554164053	0.0517417060723547
0.149607004903123	0.0574637301826746
-0.104041275945603	0.0412284228361208
1.06338591920983	0.51456019585082
0.16707117146508	0.0420080923591852
-1.72370319908477	1.45443165491085
0.153526628680235	0.0288819285189665
-0.642432359911243	0.38008348097778
-0.785460139100747	0.519898488086861
-1.48275692695266	1.8736577687205
1.09134162506125	0.672732273753272
1.57112339446841	0.781717589381663
-0.790558636044375	0.524184067499355
0.159163878709131	0.077200147821585
0.151078767063253	0.0513922453176723
-0.791743450873924	0.52558128846727
-0.0929061368795079	0.0544755384768464
1.2456839447267	1.05568986842287
-0.395208352958631	0.223583033099156
0.362596733901538	0.183432478704119
3.93039364694432	1.72557827049993
0.15672984402438	0.0468820705997684
0.166691919569473	0.0419536988970269
0.670319945898335	0.212719010726886
1.04455801006536	0.39678683304154
-0.725197552734606	0.249186509576262
-1.79827400712943	0.382942964938875
3.63787278219551	1.43230843013536
1.95791760701363	0.441280139896969
0.152289864541204	0.0287035071443224
3.26452213570095	1.12136276907474
-3.46005827230016	1.23260132520798
0.162479935061762	0.0485106492306684
0.94904571537762	0.252100131683616
0.168287851014599	0.0422797449011708
-0.342235478378113	0.0984932623692754
-0.213639314943098	0.0690063709749365
0.951331866170054	0.252756684317784
1.04640087890442	0.397464840971431
0.537596443695132	0.193449679434614
-1.52411385012543	0.544169156623983
-1.51364953741781	0.539764698603452
-2.57775304544287	0.66318910114962
-3.75530690635197	1.48758661786965
0.148503149870495	0.0281892610504199
0.152289864541204	0.0287035071443224
1.04077275699432	0.394975733217645
0.949511917528176	0.252227362219882
0.167299398578488	0.0420768316112512
0.148503149870495	0.0281892610504199
1.95791760701363	0.441280139896969
0.397060276044742	0.34076866834804
0.158160912494813	0.0686419741601485
0.576730359318104	0.575550587407161
1.24303181627981	1.50870568431877
0.0434627057726968	0.0238066079742889
0.336523080439541	0.205470444827641
-0.780638262605724	0.669227822924955
-0.649199008950698	0.385794619248898
0.727716291560602	0.48367117034139
-0.330225887798068	0.234316936833304
-0.788402408011213	0.522578332512192
-0.176663623468801	0.0946010349885849
-0.94466477331603	1.00108837843373
0.366057948479804	0.352972144352035
-0.340482666709964	0.272395103268677
0.406580971835098	0.364061490077139
0.409362557002475	0.459943914106427
-1.21014135195935	1.413636585688
0.309828974625187	0.225171218341952
0.301213933407721	0.237996825068648
-0.199272392598971	0.181631278657816
-2.577202278156	0.663064687208724
-1.79827400712943	0.382942964938875
0.153526628680235	0.0288819285189665
-1.79827400712943	0.382942964938875
0.950862031539505	0.252628333014658
-1.79827400712943	0.382942964938875
0.155986207086685	0.0292416787556187
2.75349844687128	0.768381126605175
0.167679655711552	0.042156489933972
-1.80197754639448	0.383903353697165
0.152289864541204	0.0287035071443224
0.94904571537762	0.252100131683616
-0.632432130022522	0.154575713959717
2.75819631171964	0.770700477263471
0.152567656731362	0.0287430408348264
0.155986207086685	0.0292416787556187
-1.79835097978106	0.382953978270685
2.7554263517449	0.769222911089782
0.15626975600377	0.0292821097759299
0.670977551868057	0.213013404742869
-1.81405663489635	0.739163554129331
0.670977551868057	0.213013404742869
0.670977551868057	0.213013404742869
0.153247518839476	0.0288421886814327
0.170597157616308	0.0428000407476464
0.053460169497257	0.0403926345859154
0.351990097651696	0.197666079588049
0.695242860337328	0.325796155950588
0.715614561970557	0.835343015346567
0.313548239796344	0.228284577853844
-0.179574737847128	0.119537742158599
0.0711219093362437	0.0442201445721639
-0.785573201162584	0.519208093244018
0.902579956660427	1.05064400325847
0.964176352230901	0.956918058269078
-0.0964796120501683	0.0382757369954287
0.970298505396847	0.663881568698571
-0.938048123746381	1.288504235243
-0.0918797810143829	0.0733761951055643
0.0674775770860487	0.0418805781502591
-0.252398461725675	0.205512128508782
0.700514889569778	0.616000026273086
-0.282147112067625	0.204439831108844
-1.66343379535564	2.07185534478114
0.0778007438875347	0.050749129259458
0.162772361662218	0.0410490143575106
-1.79827400712943	0.382942964938875
-0.633409029549556	0.154789771896201
-2.577202278156	0.663064687208724
-0.628347365301396	0.153568930486371
1.95791760701363	0.441280139896969
-3.46066411507937	1.23287376992561
0.947560352748164	0.251716891447637
3.26352329858721	1.1213740078214
2.75446121880292	0.769079402442662
0.152567656731362	0.0287430408348264
0.948535538575274	0.252058145640786
0.149464413960118	0.0283283450696208
0.171207721440545	0.0429238305772998
-0.632939126134277	0.15468454480873
-1.79827400712943	0.382942964938875
-1.13948670365002	0.344942610687521
3.26352329858721	1.1213740078214
-0.628347365301396	0.153568930486371
3.26252567397545	1.12093560535381
1.82382554957858	0.714761900200066
-2.57747759965585	0.66335545132302
-2.58120409692147	0.664991486920107
-0.343877386805142	0.0989458655028747
-0.627829060935039	0.153504607197422
1.04455801006536	0.39678683304154
2.75819631171964	0.770700477263471
-3.08255415585823	0.963691003677911
0.153526628680235	0.0288819285189665
1.82414885065892	0.714941399976917
0.670319945898335	0.212719010726886
0.190065644405893	0.136742725181992
1.11517745291194	0.854091254858432
0.316435535853813	0.218988640390201
-0.0904526222459324	0.035937013241364
0.301948212166224	0.228891298236555
-0.383081200502864	0.263729133484236
-0.0896778175599047	0.0356211282262474
-1.04798751615042	0.843129277258075
-0.491318537915976	0.368460886047804
0.808154751515895	0.770886357957918
-1.01194224498774	1.12855634948336
-0.873281654297049	0.803126902919385
0.0277208149711397	0.015270247981267
-0.693998716695742	0.608432852327756
-0.324698333446424	0.195069523815716
-0.365062942273417	0.341470181851812
0.830182706808353	0.350258866431055
-1.51429942551804	0.540079204882619
0.167299398578488	0.0420768316112512
-3.08164138813046	0.963767470359232
0.535559873099342	0.192653298005135
-1.13482941234436	0.34340642829894
-2.57747759965585	0.66335545132302
0.669826712236336	0.212585182521199
-0.718798226358807	0.246701955031967
0.169606362252511	0.0425824743634164
1.95791760701363	0.441280139896969
-1.13642797594247	0.343807560451606
-0.515466779883267	0.194997679323859
-0.211147146065051	0.0682441817050335
0.165097545701885	0.0415776969264477
-0.35077402464112	0.100849762988938
-1.13129699285405	0.342278739405472
1.04170224709555	0.395339897652291
0.824597524529586	0.347415264205767
3.26252567397545	1.12093560535381
-3.75466048479637	1.48723142869904
2.76098151426891	0.771684650801264
-1.51395570496283	0.539857861420258
-1.51330481624892	0.539630991333106
-3.08118534013847	0.963229045953577
0.943931183072951	0.250903413595175
0.669336367317634	0.21240221601861
0.170216206297202	0.0427061060191571
0.693131365092675	0.324961773585518
1.06561374213039	0.515920962739469
0.948535538575274	0.252058145640786
0.149464413960118	0.0283283450696208
0.549945938739192	0.320250335090099
0.152205036588648	0.0584553524143483
-0.231215909823876	0.115544901880927
0.0654228452807603	0.0406140168673947
-1.21769649687149	0.919725113182928
-0.4428847603499	0.293539895316494
-0.943227574247749	0.578686523924447
-0.0925277660886406	0.0367647652287992
-1.97860930978999	1.378654955776
1.50565586263672	1.99348872964936
-0.590207650771428	0.479316398287627
0.0349084648250283	0.0191393328884706
0.168153543985118	0.090070366396639
-0.785618454774894	0.428249977273991
0.669161192101413	0.212364907391867
1.043976632643	0.396216625660344
2.11662288333808	0.949279701700066
-0.349124689538762	0.10039174648187
0.160875819484411	0.0480497781693361
1.96040941896093	0.441936123238363
0.697412750377321	0.326930083622118
-2.28669770171951	1.1570350433198
-0.632432130022522	0.154575713959717
-0.627367542213354	0.153354696036073
-0.628347365301396	0.153568930486371
1.45806698971783	0.483796340944708
1.33857781519291	0.587388164181981
-3.08255415585823	0.963691003677911
2.12041605569515	0.95168550356035
0.15626975600377	0.0292821097759299
-1.13521969998424	0.343544374381215
1.06766082936195	0.516968085333025
0.165704597093625	0.0417255219351786
0.166084152255821	0.0418055330790301
0.167679655711552	0.042156489933972
1.82890866226964	0.717371086523666
-3.08606373064433	0.965887782759055
-1.48061958401468	0.747791402904068
3.63685963656738	1.43190397098036
0.161546088205671	0.0482379354240544
1.03634985973926	0.393056068426466
-1.27584202508144	0.575040012393624
2.12066304185672	0.951843841296293
0.170216206297202	0.0427061060191571
-1.81842816932896	0.741601322947527
2.7554263517449	0.769222911089782
0.201000108253132	0.150989751566468
0.51229232189822	0.327164283033691
0.189119568048767	0.130281324330693
1.40807963734059	1.09817499665185
-0.149637056341195	0.101982563412732
-0.47990241798837	0.251651020581015
0.0652899451852343	0.0405475176235785
-0.0943038897825935	0.0665609315932629
-0.233943346186835	0.171917227022453
0.297277010667825	0.234461248101946
-0.363952062533016	0.340161805209088
0.936730630962822	1.36826239886531
0.19778234352583	0.153709636421313
-0.910670656422373	1.15351188159543
-0.191282390499067	0.173339594796097
0.826058603447256	0.34818473678636
0.673419805718654	0.213740169092851
0.948535538575274	0.252058145640786
2.7554263517449	0.769222911089782
3.26640660082579	1.12286745021344
0.950862031539505	0.252628333014658
0.947560352748164	0.251716891447637
3.63584691762689	1.43122630608999
-0.342569521377039	0.0986187132378211
-1.13971461971555	0.345009438584009
-0.627829060935039	0.153504607197422
1.95706969381346	0.441073865263096
-1.13422470394875	0.343215945535417
1.45415502686182	0.482281800899209
1.82284235164019	0.714002514687227
0.162479935061762	0.0485106492306684
-0.627829060935039	0.153504607197422
3.26540429808574	1.12204932755655
0.161809663243855	0.0483223326687324
0.943931183072951	0.250903413595175
-1.80197754639448	0.383903353697165
2.56874050903819	1.43039075188776
3.26252567397545	1.12093560535381
0.166691919569473	0.0419536988970269
-2.57747759965585	0.66335545132302
-1.13948670365002	0.344942610687521
0.149464413960118	0.0283283450696208
1.04430377856912	0.396424318995768
0.948535538575274	0.252058145640786
0.949511917528176	0.252227362219882
-0.0902065122804847	0.0358292867852547
0.557988904526681	0.325699079117031
1.33300648117334	0.583999950109349
-2.577202278156	0.663064687208724
1.95791760701363	0.441280139896969
2.75446121880292	0.769079402442662
0.153526628680235	0.0288819285189665
0.670977551868057	0.213013404742869
0.399301094356218	0.180604909315299
0.367755477461039	0.186232001893311
0.702157919562638	0.329872727537288
1.09659381961709	0.677762670037654
0.479216067514395	0.328858638258316
-0.149319922100232	0.0533859966265653
0.802851745220049	0.484441198106998
0.557064327322885	0.325049257515546
1.28107795691223	0.707905162126171
-0.346493976209143	0.099688871662609
-0.0544799652702283	0.0237648388470658
0.158700262093321	0.0769690660157659
0.153840741270984	0.0666970904168289
0.00403312873447182	0.00213717760661551
-0.223080592619868	0.144838086546437
-0.054348882936243	0.0237231204974939
0.323231614561069	0.211044927664008
0.717326164359794	0.474242786403236
0.346893255264877	0.194607405182042
-0.943555193303621	0.578118575678873
-0.333789291275592	0.237237605338522
0.154740770752363	0.0525923721877549
-0.211147146065051	0.0682441817050335
0.152567656731362	0.0287430408348264
1.95706969381346	0.441073865263096
-0.341581022610314	0.0983147602836231
0.452086522919451	0.181964226074587
0.943931183072951	0.250903413595175
2.12133800034702	0.952308998445296
0.670649872073233	0.212844236167521
0.670977551868057	0.213013404742869
0.955131306752333	0.25366825133602
0.66999328440441	0.21269616854207
-3.08164138813046	0.963767470359232
0.152289864541204	0.0287035071443224
0.152567656731362	0.0287430408348264
0.16707117146508	0.0420080923591852
-1.13521969998424	0.343544374381215
0.947707476517323	0.251863651931386
-3.08255415585823	0.963691003677911
-0.344210615318698	0.0990368506115311
-1.81158704205843	0.737664856226095
0.952312839774606	0.25302018984475
0.532475077834663	0.191482542601689
-3.08652986879455	0.965774290031657
-1.01842108328986	0.403115944789866
1.3345487412554	0.585101958973942
-3.08209765998152	0.963916510480773
0.950862031539505	0.252628333014658
1.95706969381346	0.441073865263096
1.96040941896093	0.441936123238363
-4.01238035069541	1.74382971411748
-1.51754153600569	0.541527764023226
1.95791760701363	0.441280139896969
0.532249310589414	0.191451139948052
-0.721740116381346	0.247779502726497
-0.629267545839357	0.153771215183604
-0.633409029549556	0.154789771896201
0.15746741605397	0.0398665556302216
2.75819631171964	0.770700477263471
1.95706969381346	0.441073865263096
1.95706969381346	0.441073865263096
-3.09052621849641	0.967478563051375
1.96040941896093	0.441936123238363
0.163386406136861	0.0411852790230607
0.148503149870495	0.0281892610504199
0.152289864541204	0.0287035071443224
-1.79835097978106	0.382953978270685
-0.211380351297293	0.0682941197149795
2.76098151426891	0.771684650801264
1.95706969381346	0.441073865263096
-1.79835097978106	0.382953978270685
-1.80197754639448	0.383903353697165
0.951331866170054	0.252756684317784
-0.34780711222598	0.100028606261835
-2.57747759965585	0.66335545132302
0.451264737753217	0.18161985383083
2.75446121880292	0.769079402442662
0.947560352748164	0.251716891447637
-1.81367378419037	0.73893109819281
3.26252567397545	1.12093560535381
0.94807088907188	0.251931335472786
3.26252567397545	1.12093560535381
3.63988648920879	1.43371818867798
0.153526628680235	0.0288819285189665
0.165318598359952	0.0416114067368304
1.45707753244512	0.483282553765983
0.152289864541204	0.0287035071443224
0.153526628680235	0.0288819285189665
-1.79827400712943	0.382942964938875
-1.79835097978106	0.382953978270685
0.152289864541204	0.0287035071443224
0.94807088907188	0.251931335472786
0.952312839774606	0.25302018984475
1.95706969381346	0.441073865263096
0.951331866170054	0.252756684317784
-0.627829060935039	0.153504607197422
-1.79827400712943	0.382942964938875
0.94807088907188	0.251931335472786
1.95706969381346	0.441073865263096
1.45806698971783	0.483796340944708
2.75446121880292	0.769079402442662
-3.08164138813046	0.963767470359232
-3.08606373064433	0.965887782759055
0.666721180805514	0.21156384557497
1.95791760701363	0.441280139896969
0.167299398578488	0.0420768316112512
-2.57747759965585	0.66335545132302
0.153247518839476	0.0288421886814327
1.95791760701363	0.441280139896969
1.95791760701363	0.441280139896969
-0.715407313671064	0.245463795469067
1.95791760701363	0.441280139896969
0.951331866170054	0.252756684317784
0.153853653569882	0.0460553468924526
1.8282452886897	0.717007372542503
0.160803134128977	0.0406203249121647
0.153526628680235	0.0288819285189665
2.75446121880292	0.769079402442662
-2.5814875372856	0.665060440379843
0.161809663243855	0.0483223326687324
-0.594140859206642	0.48349134152103
1.04211818703896	0.395589048045566
-0.729656205414228	0.250803779141173
0.949511917528176	0.252227362219882
-0.302848452401005	0.138967568191301
0.159311548972865	0.0540967488137483
0.174698008372751	0.101359284433508
-0.911018885482691	0.665406811791969
0.902688439686268	0.487171978260139
-0.231635872710585	0.115700904003422
0.631332770861273	0.595987775097924
1.03634822302042	0.984279211146432
0.160349171679355	0.0779211825985361
1.2459930188634	1.22652941877132
0.16659301543248	0.0809914870855777
-0.0988790637706398	0.0392006323109598
0.333852376535614	0.203765092976738
-0.0896410105767752	0.0356287695912577
1.28051647239539	0.707475934838674
0.318163693140927	0.220444248537679
0.161172763513958	0.0618589033233582
-0.480137233347981	0.251587647090165
2.11974097879103	0.951220462633918
-0.389824029514932	0.1622220446978
-0.024318736857061	0.0114144634308863
-1.32147918469037	0.828600376866097
0.317867680134821	0.207127106844276
0.157328017678796	0.068270214475041
0.534676685393129	0.192377474764699
-0.490433786948425	0.257949958752948
0.168490925561772	0.0903272665600446
-0.783224098767035	0.517990219764631
1.33681578405904	0.586406825513233
0.149916983649413	0.057584517845971
0.480841867806114	0.329884118757133
0.162479935061762	0.0485106492306684
-1.79827400712943	0.382942964938875
0.152535316970161	0.0518648992874702
-0.768705989684847	0.334579180836752
0.697094473512955	0.326875033033671
-0.76031308089941	0.330144921181328
-0.13820927510853	0.049531032348743
0.454432327347969	0.183046639295393
1.06907840983834	0.517944608681236
-0.220046200254686	0.0710211291721289
-0.389010542508637	0.161884808373538
-0.216730820199361	0.0699462135090824
2.27541777052791	1.76396361829437
0.695729012477645	0.326110198390156
1.09214807450527	0.67421483956483
-0.625500335572602	0.152962089117453
0.668176168576197	0.211989237575833
-1.14070599952463	0.345337330024218
1.33727365525907	0.586376473931946
0.66999328440441	0.21269616854207
0.450073566049819	0.181028684301801
0.153247518839476	0.0288421886814327
-1.13129699285405	0.342278739405472
0.153526628680235	0.0288819285189665
1.07562959364699	0.522094861817641
0.850927630520282	0.89905072245245
-0.232597121971833	0.116359267009922
-0.21176992317158	0.0684212533057215
0.536280565569087	0.193004774479639
-0.0952036511103784	0.0377860520106031
1.04011254131511	0.394696182042935
-0.972821664688511	0.480646448464988
0.327753607001168	0.214517166549871
0.540978845881334	0.194742692172549
0.552658225835685	0.321786459207985
-0.380045190057499	0.298323288620737
-0.0964961513256901	0.0566332745737842
-0.995992821907696	0.894701948493246
0.435898714066476	0.333049409984451
0.553711845144606	0.464046166563095
1.10691992439883	0.843904129494174
-0.061614882656704	0.0268071072684676
1.24201615466988	1.50607568731498
-0.647424477073769	0.384307642966863
-1.46505245995751	1.01974495453804
-0.393701773942777	0.164088841030077
1.4016603409401	1.08873221567529
-0.389985967030364	0.162470470682988
-0.975441068760145	0.482163989366263
0.33897298292935	0.207200297111959
-0.257500530313072	0.160827454860586
-1.21691976983917	0.917535992025689
-0.0988477613851589	0.0392222638045715
0.00922475627402847	0.00466607821398066
0.800173841480649	0.48221677802039
-1.48262891806896	0.749194787387466
2.14657183550837	2.2225017536732
-0.386022327495721	0.160712410586552
0.398215213193658	0.18016843692036
1.54042176321553	1.32935344592121
0.0477476792981444	0.0280388626820998
-0.0495797235249327	0.0217002812945495
0.527580835359583	0.189613867713059
1.33150663492539	0.583156682464787
-0.484427100310946	0.254160419800706
1.11651118610794	0.855647156237919
-0.0993109799764051	0.0393883195178103
-0.178793447839267	0.0958987772001113
0.157665127156854	0.053551257115328
0.906864295501738	0.490944397735568
0.0535785405825312	0.0314092341555757
0.326429559306011	0.213521047412183
-1.08589477710956	1.04234091915237
0.155033518363628	0.0526840217885624
-0.214295623660532	0.0692156550779169
0.439795820860891	0.336616649800493
0.900882535230846	0.487054159657773
1.45707753244512	0.483282553765983
-0.344210615318698	0.0990368506115311
-0.624566751454544	0.152757086863399
0.153247518839476	0.0288421886814327
0.943931183072951	0.250903413595175
1.96040941896093	0.441936123238363
0.94807088907188	0.251931335472786
0.156940156206885	0.0469034675170628
1.95706969381346	0.441073865263096
-1.79835097978106	0.382953978270685
2.75819631171964	0.770700477263471
2.16013251908975	2.24921399951288
-4.00749658051746	1.74098643138457
-1.80197754639448	0.383903353697165
3.26640660082579	1.12286745021344
0.526935562810046	0.189373151981166
1.04051558933761	0.395002404087772
-1.02116299616938	0.404658802027825
1.27816930942743	0.705388905336782
0.666057985126717	0.211344647530167
-1.47483231374372	0.743480579482887
1.00393930735354	0.82628916606967
0.00341897291504343	0.00185921988392329
0.436845644162065	0.333751685478572
-0.298343890309942	0.136842583214664
1.62568892725585	1.14186047068348
-0.215224919800133	0.1392186918717
0.611023157004744	0.321029692431022
0.663780167172009	0.47553861479328
0.664213517328905	0.47593893874048
0.158832761878953	0.0689866972182057
0.616653060362893	0.324337514555528
0.334237122419184	0.204031556746847
1.40158445245189	1.08944164355584
-0.604624046603821	0.2901142271608
-0.324904563082696	0.195115343854333
-1.16562787920284	0.653505676229481
-0.0175357631446226	0.00833471318944223
-0.327601871707697	0.196947927567676
-0.301678461212311	0.138432195605279
-0.231264184665285	0.115546077710226
0.612683767341109	0.321766847158027
-0.260360818411665	0.162762486233087
-0.173695954611726	0.0929849296514885
-0.134807876069576	0.0760931892489166
-0.178325809849769	0.0956432000648378
1.45868047865843	0.484047550536175
-2.11145119192877	1.62104630259469
0.15485917632278	0.0594583673157358
1.27995480672453	0.706749878543998
0.612022951770566	0.321174710284149
0.46109908141768	0.335470281806693
0.695972592036741	0.326109593409599
0.181134270326691	0.105411503757966
-0.787362076346763	0.5205527467135
-0.72013323546054	0.247288973526613
-0.343223291761604	0.0987971723984263
0.670977551868057	0.213013404742869
-1.66886539884427	0.943258245536759
0.455845401130376	0.183645920619101
-0.0972523012820933	0.0385785712498312
1.45316902836548	0.481724936898338
-0.638918815876267	0.377739900443226
1.34085556860038	0.588476795145047
4.18295254791539	2.01700434625812
-0.211380351297293	0.0682941197149795
-2.46627508095628	1.37198283430634
-0.393020541460639	0.163716214766587
0.532681652834723	0.191496961173815
0.162772361662218	0.0410490143575106
0.453017086926378	0.182395940611143
1.04455801006536	0.39678683304154
-3.45598446335482	1.23025555319821
0.171207721440545	0.0429238305772998
2.75722496636877	0.770257049482932
1.95706969381346	0.441073865263096
0.162400863971746	0.0409830958055786
0.152289864541204	0.0287035071443224
-1.80197754639448	0.383903353697165
0.153247518839476	0.0288421886814327
1.96040941896093	0.441936123238363
1.45514143110378	0.482646568994266
-0.512774894780034	0.193916140778872
-0.212692311337293	0.06870282462309
0.152567656731362	0.0287430408348264
-2.577202278156	0.663064687208724
2.35878846447229	1.18271409533286
0.158481035961899	0.0538108848974011
0.537822771634915	0.193597818709898
1.0461523665238	0.397340617252217
0.669041201678511	0.48096539803077
-1.09030851938765	0.746104583312572
0.321353985681539	0.2228867840446
0.373117006142806	0.189349064469272
0.720788026217775	0.731260377147499
-0.596178895703846	0.485388320757173
-0.172736714096139	0.114581286172292
0.00879391020410615	0.00445485628110263
0.606344572140724	0.675295026034564
0.694069732490489	0.325588134141376
1.59311375614229	1.73662872903817
0.338509672728362	0.207051248741085
-1.26252037296823	1.37286314413433
0.967657014430984	0.661546581153582
0.559258051057688	0.32672200352999
-1.33625242573951	1.53090357344603
0.319746002474658	0.208703905929937
-0.564424592224105	0.410264351718603
0.584886659956726	0.469560215765019
-0.780753465090622	0.598918731375766
2.4506229170826	3.11547186348519
2.1406594497948	1.50334321521212
-0.213871750896534	0.0690577255793313
0.695722631440896	0.326214617137118
0.516158918695684	0.33024135904787
0.0679410454112688	0.0422034140099376
0.462246815685189	0.33689568105574
0.431107996708814	0.328455968786036
0.665267551936129	0.477419708928473
0.338028867416849	0.206708360736523
-0.237080249794977	0.118761346364657
-1.03343083385804	0.827509416158735
-0.953478011000205	0.587016738681446
0.793977048401979	0.477049956261738
0.348949328922105	0.195676137289395
-0.764086062426498	0.332088631279259
-1.14070599952463	0.345337330024218
1.53695280246644	1.32388032349935
0.566617544449394	0.331981839736491
-0.391182618576751	0.22109440921126
0.560585766641254	0.327653221096915
-0.724270980279016	0.248747351366331
0.399580421539515	0.180952893176916
-0.917378774695374	0.671906895301692
1.7748663873409	1.39029914237152
0.965467517168176	0.659303324527636
-1.03287272643828	0.826046919432258
4.73060228413883	2.89011500341444
0.685282662755699	0.320515332751007
-1.13521969998424	0.343544374381215
0.159311548972865	0.0540967488137483
0.154013634311518	0.06687398354569
0.167456389266164	0.0498754746523784
-0.342569521377039	0.0986187132378211
0.698637946443475	0.327891418746038
0.66999328440441	0.21269616854207
0.533359303411039	0.19180342761516
0.170216206297202	0.0427061060191571
1.95791760701363	0.441280139896969
-0.628347365301396	0.153568930486371
1.95791760701363	0.441280139896969
2.75446121880292	0.769079402442662
2.76098151426891	0.771684650801264
0.155986207086685	0.0292416787556187
0.948535538575274	0.252058145640786
2.75446121880292	0.769079402442662
-1.79827400712943	0.382942964938875
-0.343557529393447	0.098858556674811
-0.632939126134277	0.15468454480873
1.96040941896093	0.441936123238363
-2.57747759965585	0.66335545132302
0.947707476517323	0.251863651931386
-0.724270980279016	0.248747351366331
0.904559769926278	0.488770510564931
1.95791760701363	0.441280139896969
-0.342890259454196	0.098642118615141
0.616017372230255	0.469435448840584
-0.226344750035627	0.112990021733294
0.173419928551848	0.100536265062039
0.906062354920098	0.490187040267746
-0.39395556364935	0.1641611423219
1.09330264677089	0.675187955347165
-0.512146849346214	0.193682417019057
0.157034388740604	0.0533466278590803
0.533792789739045	0.192056407531968
0.904292529031288	0.489099086997529
0.156835118177656	0.0532837121933901
-0.0961958516660323	0.0381720029501695
0.559258051057688	0.32672200352999
0.0277208149711397	0.015270247981267
-0.301992926115802	0.138715804797546
-2.06564147994187	0.941075674107423
0.453838875551382	0.182772785031551
-0.393196003517804	0.222754186988295
0.39877334397608	0.18055727588805
0.453611115677461	0.182669846803673
0.537164857593467	0.193341885349058
0.151078767063253	0.0513922453176723
-0.394259341388564	0.164337716770981
-0.764348057314127	0.332483080084793
0.693874539216471	0.324994197720051
0.15243762427523	0.0585046911358224
0.145894234561345	0.0633086919921634
-0.627829060935039	0.153504607197422
0.156835118177656	0.0532837121933901
0.156670673798736	0.0679320506836145
0.156654653991889	0.0601389991500927
1.3345487412554	0.585101958973942
-1.51853446946828	0.541976089171892
-0.0927582054908748	0.0368643816232735
-0.924713307308557	0.679525995380178
-1.27730781729237	0.575928354026756
-0.726564164914808	0.249592554109046
-0.142207514098902	0.0509041851864348
-0.0928233563472081	0.0368277087452457
1.96347367074551	1.22722452962153
0.158074474787349	0.0472574922808909
0.149423323210191	0.050834864602947
-0.144224610998782	0.0515954998895758
-0.342569521377039	0.0986187132378211
-1.51460691365039	0.539943633445175
0.453017086926378	0.182395940611143
1.57872157530349	0.787144638169878
1.33593369265101	0.585724024842606
0.152289864541204	0.0287035071443224
0.537402151539188	0.193294223067484
2.12041605569515	0.95168550356035
1.27482333924032	0.703358793261369
0.158481035961899	0.0538108848974011
0.446983181120893	0.179814814572325
-0.387385431772182	0.161121365928577
1.82725871051587	0.716521694707993
-0.629636196854164	0.153977935518255
-0.627829060935039	0.153504607197422
0.153247518839476	0.0288421886814327
0.153247518839476	0.0288421886814327
0.15626975600377	0.0292821097759299
0.165318598359952	0.0416114067368304
1.96040941896093	0.441936123238363
0.152567656731362	0.0287430408348264
-0.340124379015428	0.0979309335927298
0.0363067521286155	0.0199262469247971
-0.218074030224809	0.0704026851228337
-0.627367542213354	0.153354696036073
-1.79835097978106	0.382953978270685
-2.577202278156	0.663064687208724
-2.577202278156	0.663064687208724
1.58118571719616	0.788508924543383
4.38261299997846	2.28576671098415
3.63685963656738	1.43190397098036
0.152289864541204	0.0287035071443224
-0.958512700842221	0.939196300150611
-1.1384762120036	0.988281155311271
-0.419299898378863	0.32035394145758
0.792810478898704	0.629988220260821
0.0137145002276631	0.00688001291298381
0.191622505088238	0.132159222953921
0.329141573453214	0.215584994901008
0.612360029858363	0.321449462066333
0.661920604312802	0.474123177234848
0.441152492419322	0.337739282370186
-0.459095913271103	0.306463214132321
0.186628332984133	0.115926354353496
0.455845401130376	0.183645920619101
0.405302847372786	0.183770270485366
0.396447239948702	0.179301764234139
-0.230802765787923	0.115349440309765
0.423996384706408	0.338543874515544
-0.485529999005977	0.255151946713501
-0.486565050064821	0.255503398290211
-0.220262519812181	0.142756842086979
-0.307119098015261	0.141289424880118
-0.782940814782924	0.671680325784611
-0.211698966302519	0.13674247975498
-0.0192484732616052	0.00911120947264979
-1.60123009463772	1.23358117134167
0.608364759296115	0.319500481239949
0.15135943864824	0.0656759744042186
0.156825069451733	0.0680466718392824
-0.782067268395108	0.516478596112347
-0.602041594387769	0.288355439299627
0.162742974316792	0.0485792905021731
-0.0967239982170199	0.0383769640539295
-0.343223291761604	0.0987971723984263
-0.511519041389722	0.193429014825003
0.399300603945175	0.180806812694749
0.964607137711814	0.65837210598509
-0.238369355816064	0.119335260674577
-0.78064458068645	0.424526994098068
-0.142440177804696	0.0509737826404277
1.5770740219206	0.785634273858427
0.528037291229889	0.189817364251845
0.527816689171872	0.189769137536265
0.153247518839476	0.0288421886814327
3.63988648920879	1.43371818867798
0.147722239539039	0.0502514993874779
-0.0945717071142965	0.0375330818535862
0.448509312781123	0.18044688496929
-0.0896778175599047	0.0356211282262474
-0.3534069395508	0.101578475904711
-0.719465582528739	0.247026553935257
2.75349844687128	0.768381126605175
0.152567656731362	0.0287430408348264
3.26352329858721	1.1213740078214
0.674079709901257	0.214036050556618
-0.347154315531778	0.0998482429459119
-0.723601171891188	0.248501036925982
0.158995326023102	0.0475101404657943
0.948535538575274	0.252058145640786
2.75446121880292	0.769079402442662
0.951841444348566	0.252891357699991
2.75722496636877	0.770257049482932
0.67818871429907	0.215276668097008
-0.384780920926598	0.160046262443722
1.04363128297175	0.39626638096639
-1.81092155243237	0.73740971841088
0.0501779613458603	0.0294028346035486
-0.688301082780335	0.650243212083868
0.472437925602696	0.45061290500094
1.45174024503373	1.65346094148937
-0.379213825459372	0.260589149380717
-0.53125151892366	0.442125761338709
0.798511759115354	0.862323109372959
1.00743340900078	0.83170644783048
0.182970168480875	0.119982588782716
0.438145706449391	0.334785467161486
1.12992302403783	1.02409788013026
0.550815456149506	0.320939080940585
1.57726048225718	0.785825020871894
-0.322059974316886	0.193220888007764
-0.426153498277298	0.327136812891462
-1.08624797880064	0.741690924050984
0.626735755313218	0.479595474166912
-0.783189333000838	0.672174950690782
-1.43958869950388	1.28639953037265
-0.389469565716189	0.220123777759824
-0.677973848154793	0.537235591635237
0.343401420956675	0.192275775798707
-0.0166441211712553	0.00792862683540434
0.444986554299739	0.341368583320591
0.799578529738477	0.636553795096922
-0.389010542508637	0.161884808373538
1.63077011475621	1.14809979766283
0.327210759333569	0.227728373936188
-0.145320295788574	0.0520121167150978
-0.482838665424369	0.253085010221614
-0.225590007144962	0.112638982061241
-0.922493764653442	0.677395728143952
0.361974123720022	0.183252568343576
-0.147076152891941	0.0526308419632966
1.28107795691223	0.707905162126171
0.166691919569473	0.0419536988970269
-0.910192271204974	0.664884810467188
0.445351897311158	0.179163843318866
-0.489956314090516	0.257672231310171
-0.399759822802772	0.226853846111367
-0.513796133056416	0.194260787339886
-0.392864998022919	0.222460919192848
0.903214015624668	0.488433323064396
0.903214015624668	0.488433323064396
0.950862031539505	0.252628333014658
0.371020996527477	0.188030050887681
-0.343223291761604	0.0987971723984263
0.150523503025892	0.0653077753415023
-3.45718548577975	1.23020251223423
0.52627542012844	0.18907476083089
0.153526628680235	0.0288819285189665
0.943931183072951	0.250903413595175
1.95791760701363	0.441280139896969
-0.142207514098902	0.0509041851864348
0.164905654328373	0.080110798704401
1.04211818703896	0.395589048045566
-2.57747759965585	0.66335545132302
-0.62503342749082	0.152907838403333
-0.624566751454544	0.152757086863399
-0.628807341949763	0.15371861128279
-0.967431194412525	0.477262703904627
0.957030079534358	0.651615582225201
-0.213407527517472	0.0689186426519193
-1.67313196297406	0.946059111870797
-0.130656162639562	0.0737007389780076
-0.1731028694187	0.114858432158783
0.297222614377784	0.243368546378573
1.00678591394419	0.830073365646004
-0.965402664849448	0.948677176500721
0.633575615729404	0.598400257058268
1.49881623474418	1.52453874474263
0.0101306976851712	0.00511287892370721
-0.0969860863616227	0.0385039973994116
1.24329341141619	1.22184194113389
0.16014111548401	0.0543685528719876
0.796820824611263	0.633251965685431
-1.23861724050646	1.15494965121981
0.402969101187946	0.182490153188217
-1.32509740051107	0.83217612320521
0.0176626988597041	0.00883628717509885
0.485950198719555	0.334409171032897
-0.38850173160245	0.161616854088429
-0.49370985032354	0.259975554495212
0.346295538338195	0.193878168371703
-0.142440177804696	0.0509737826404277
-0.777008055652549	0.664164426092441
-0.776084892184363	0.726303133546691
0.00771082331650861	0.00392221054828378
-1.81937129385307	0.742146991690708
0.605728619120871	0.317811422208524
-0.328401906016215	0.232699449490771
0.167446363199147	0.0896198590727156
0.607520523409331	0.318668285075405
2.56709494275244	1.42889020502984
0.907692434891209	0.491198743123056
0.551215027913839	0.321343149805405
-1.14217852703287	0.99239985384596
1.04211818703896	0.395589048045566
4.56361699151448	2.57522106292012
-0.97554685588127	0.482547391828562
0.722114218019319	0.478745130598189
0.324554311755163	0.212030853931851
0.156835118177656	0.0532837121933901
-0.0551292885383177	0.0240551235757528
-0.215184417856504	0.0694920488130609
0.669009496945769	0.212302346826553
0.913223346085098	0.495142411675571
0.149916983649413	0.057584517845971
1.96134675309734	1.22686478244216
3.26252567397545	1.12093560535381
-0.515260306744374	0.194916268075376
-1.79835097978106	0.382953978270685
-0.297007149505279	0.136191587569544
0.153624955922203	0.0589958564344621
2.7554263517449	0.769222911089782
2.75722496636877	0.770257049482932
3.26352329858721	1.1213740078214
-0.628347365301396	0.153568930486371
0.404303870357372	0.183107423055213
1.04011254131511	0.394696182042935
-0.343877386805142	0.0989458655028747
0.952312839774606	0.25302018984475
0.153526628680235	0.0288819285189665
-1.79827400712943	0.382942964938875
-0.139034402758614	0.0498144544844224
0.156635510732265	0.0532014513857662
3.63685963656738	1.43190397098036
1.82792138819967	0.716884894355695
-0.040345715012015	0.0251637732436693
-0.0940780666631433	0.0551614396349
-0.0976705538698351	0.0573405284771854
-0.064889521476978	0.0393695091596505
-0.607733066626259	0.538849947467051
-0.101260407645757	0.0595061087656024
-0.176075996441819	0.116998942974407
-0.0927688018518389	0.0368620520998232
-0.103876955067765	0.0610671401329011
0.341172305367677	0.190825466924085
1.09003764784702	0.671221713453794
0.85589075322985	0.783129871170983
0.178992072759934	0.104148695879537
0.450669254708217	0.18134583956387
-0.257222038266674	0.160581987699963
-0.0230967542025331	0.0108636239385662
0.158650994940858	0.0770301818734439
0.552720617352351	0.32181583848634
0.321279309880917	0.222894778589824
0.178218569279479	0.110366406159086
0.351990097651696	0.197666079588049
0.1812239944971	0.112268769511402
-1.08360434882942	0.739563480433474
1.25721379065725	0.875849939196482
1.48739117669664	1.506119387204
0.80237167818593	0.484069495501289
1.2411937206057	1.05106216937259
1.48837938244918	1.50906590539827
0.483784101373057	0.332674383972725
0.1540561970176	0.0591317209177012
0.798365662083572	0.480848835825377
0.152830907934869	0.0662551558130761
0.00746240044678235	0.00384016287561944
0.872582017018488	0.6500271443054
-0.342569521377039	0.0986187132378211
-0.520581729618906	0.197148689128052
0.701870733366217	0.329842548220735
-1.2766802053091	0.575752407916329
-0.392523979054397	0.221966275403248
1.96741354566674	1.23201218877422
0.532249310589414	0.191451139948052
-0.646067024046375	0.383048034972947
-2.63197668824031	1.61365790062605
0.789504865372399	0.474473010949489
1.07387605693016	0.521153365879796
1.04480696921869	0.396726217486042
0.15566119641323	0.0528907668896057
1.04144562491045	0.395430985542635
0.94807088907188	0.251931335472786
-1.51754153600569	0.541527764023226
-0.143034785337113	0.0511857384265564
0.690784344235506	0.323574303862237
0.69473491261727	0.325935633795311
1.95706969381346	0.441073865263096
0.167299398578488	0.0420768316112512
1.45707753244512	0.483282553765983
-0.722408360382404	0.247946983425694
0.959814584536175	0.653535293009034
0.152567656731362	0.0287430408348264
0.948535538575274	0.252058145640786
-2.577202278156	0.663064687208724
0.948535538575274	0.252058145640786
-1.51330481624892	0.539630991333106
-0.309878389123243	0.142683119439763
0.672280251659241	0.213273643929587
1.78308870858936	0.998240266267587
-1.4224823510915	1.51039380393592
-0.194110761723329	0.144454126071303
0.328234077745185	0.199742991349436
0.326429559306011	0.213521047412183
0.510399882421382	0.325226900628975
-0.236165735392917	0.173780420249793
0.573213565330709	0.570890281054189
1.39926014294877	1.08768936828256
-0.381211339961316	0.261984848540988
-0.262876024593446	0.164509277970561
1.39706703713289	1.08494672724317
0.65979908476511	0.704710386058293
-0.137954130882907	0.0779741476463733
0.660149165246074	0.472517209283243
-1.92391391509131	1.88908817038145
-0.781952957434602	0.670741345767691
-0.53934461478028	0.342432052081431
0.604041115166046	0.316362059955923
0.366896851963068	0.185684613305926
0.331394025894206	0.201771251124925
0.0676558611037675	0.0419793750432784
-0.787803853504738	0.4294510906898
0.927362577082523	0.812297781443687
1.03852589144703	0.987756652045157
0.163882373324719	0.087798365463366
1.54306025668703	1.33308741212065
-0.679852422229208	0.538939352904606
0.310642933507636	0.225954831230004
0.00109374698085495	0.000914572416510788
0.482708651396445	0.331621218556738
0.340741376585739	0.208441346196059
-0.0954546811948264	0.0560003686844593
0.155002495029819	0.0672192935567482
-0.0583936252756007	0.0254334786859459
0.729061178709132	0.484504400585573
0.178990474266525	0.110879527208118
0.402181718562018	0.182243654220829
0.825425367366759	0.347866059057456
2.12843855989347	1.48805195047009
-1.27689152139331	0.575694447284378
0.511873051105157	0.326811225596307
1.09874911328154	0.678930550835705
-1.81776116330611	0.741198338740062
-0.476401434003947	0.249217467227485
0.698637946443475	0.327891418746038
0.703390442617444	0.330559659306264
1.77588798188428	1.39400480553597
0.512614508512923	0.326967397808683
0.677197674373577	0.214945829616813
0.153495886133074	0.0589183681974845
1.82400325818434	0.71486256582523
-1.66901748289476	0.941912145553683
-0.215184417856504	0.0694920488130609
-0.631960666018702	0.15447017218279
0.905503576876078	0.489969096249072
1.95791760701363	0.441280139896969
0.948535538575274	0.252058145640786
0.161809663243855	0.0483223326687324
0.955131306752333	0.25366825133602
0.162479935061762	0.0485106492306684
0.152567656731362	0.0287430408348264
0.823134419011316	0.346442901493327
1.45692272820615	0.910096608299203
-0.768944294866461	0.334721769210418
0.170597157616308	0.0428000407476464
0.672433098173043	0.213363007143314
0.16014111548401	0.0543685528719876
-0.725867563551232	0.249367253578496
1.82627260695742	0.715797133923797
1.45514143110378	0.482646568994266
0.00590348165231957	0.00305546036332322
1.16900292793593	1.56597505146281
0.0710761556835539	0.0441522060553397
0.799578529738477	0.636553795096922
-1.03280613295263	0.82597961190442
-0.0708489437310876	0.0430224170932187
0.557322698041686	0.468076681810173
0.303720890584602	0.220179473388289
0.0289816361558517	0.0159478190417787
-1.21735703608343	0.918387119128017
-0.601937784683018	0.288539697950597
-0.447169600192113	0.296760677793045
-0.230854730784965	0.115435866862747
-0.537151410493404	0.340007441527102
-0.662084504937482	0.462462195374418
-0.238914454956444	0.119682652018482
0.66440218545744	0.476619692240927
0.166194207115579	0.0890575699210396
-0.395785097412667	0.224424535854744
-1.4425062463753	1.29281599472263
-1.48404803966093	0.750647249830359
-0.310723039211862	0.143077571158583
0.791871653537492	0.475934696478668
-0.138800921990177	0.0497365758407977
0.796927672779961	0.479342768846185
0.181248790462034	0.118723615799594
-0.0165543038719458	0.00787463177508302
-0.233843705090568	0.116879473569754
0.793493005984199	0.476677895546816
0.366872340252347	0.186047711600292
1.35078595560534	1.43423125950344
0.167559068101547	0.0898370627536597
0.688615020403465	0.322173993619
0.166528409127177	0.0496297620210776
-0.949594897388229	0.583015028664877
0.33648200962014	0.205399940176035
0.551632922830698	0.32143483851413
2.12950567024572	1.4892963473493
0.156203958783437	0.0530790256711765
0.155172296687638	0.0527212354131156
0.695242860337328	0.325796155950588
1.33238436977426	0.583835036782427
1.06795776597357	0.517462167643025
1.95706969381346	0.441073865263096
1.45415502686182	0.482281800899209
2.75446121880292	0.769079402442662
1.46261822785671	0.485296318127314
-2.27694875940199	1.14968667309891
0.407182757584879	0.184627393775162
-0.149319922100232	0.0533859966265653
0.529356628640302	0.190322462478678
0.153247518839476	0.0288421886814327
0.508900121383039	0.324392280603089
-0.717014216380814	0.24607192548599
0.403524695239033	0.182794477072064
0.160803134128977	0.0406203249121647
0.166691919569473	0.0419536988970269
-1.4823828871594	0.748778318949788
0.605706348096794	0.317479936081538
0.153247518839476	0.0288421886814327
0.161809663243855	0.0483223326687324
2.7554263517449	0.769222911089782
-1.79835097978106	0.382953978270685
0.947097253557627	0.251590606337117
-0.100123197425541	0.0397054516780148
1.04455801006536	0.39678683304154
0.950862031539505	0.252628333014658
-1.13069021608626	0.34196481134975
-1.79827400712943	0.382942964938875
-0.628807341949763	0.15371861128279
0.154864543949474	0.05943628677518
0.694923768942287	0.325653810863872
-1.27479878011019	0.574686410185082
-0.604872284261957	0.290453121761154
0.0828983610378717	0.054179176809906
-0.13420900638446	0.0758233721871062
0.0491471418251352	0.0288608290997591
0.514528810585964	0.32886606683482
0.465890267418083	0.339892562961156
0.874175697948719	0.651704810387207
0.443091981602685	0.33973227934647
-0.131132914888097	0.0739804003299631
0.516460000730257	0.330135275032598
-0.118532294644919	0.0822728914394257
-0.380870270229476	0.261959991039097
0.0105612687141988	0.00532410498159347
-0.782630557080363	0.600348082587154
0.15551941191397	0.0754565893022232
-0.389315112410885	0.162019133328445
-1.15696800136435	0.646949882416579
0.368452317245967	0.186818663237085
0.341277176855931	0.191082693194596
0.340477370624056	0.190490564190545
0.48594031115019	0.334406348210333
-0.391182618576751	0.22109440921126
0.162132460766723	0.0788047545771799
0.364588191555046	0.184346083595751
0.518984617220754	0.33215222044077
-0.389816144499364	0.220511387038752
-0.690770851682544	0.604965656565403
-0.394004806853958	0.164207604994645
-1.21852841573219	0.920927939029979
-0.0770903717148666	0.0468573243681413
1.35428697027902	1.43925883210865
1.76993423527698	1.38399073680527
0.686643055418411	0.321370073089044
0.157328017678796	0.068270214475041
1.45377869768284	0.481973964249078
2.75722496636877	0.770257049482932
-0.974845396788175	0.481446535413349
0.319900442878862	0.221787001587084
0.181084709203053	0.105371024175674
-0.0936023816727726	0.0371398786885616
0.166115371422727	0.0494833604091499
1.35032341229429	1.43356144994844
2.7554263517449	0.769222911089782
1.95791760701363	0.441280139896969
0.534676685393129	0.192377474764699
2.11662288333808	0.949279701700066
1.08422421366869	0.666823215104208
2.42110829710658	2.0822521370272
0.166643996295006	0.0810046394434791
0.395363444871279	0.178858658530585
-1.13582369620544	0.343734699942405
-0.0508281817419171	0.0222238557932999
0.532249310589414	0.191451139948052
0.155372593274282	0.0528040448022981
0.166691919569473	0.0419536988970269
0.535395561912051	0.192613210987845
0.159474851217086	0.077480846781015
1.33347669524784	0.58444008385038
1.09580483333785	0.676750943668201
-0.397835615695759	0.165973732684536
0.152567656731362	0.0287430408348264
0.153526628680235	0.0288819285189665
2.75349844687128	0.768381126605175
1.4596710675352	0.484293847194448
-0.294852408511201	0.135165072534677
0.16659301543248	0.0809914870855777
-1.51364953741781	0.539764698603452
-0.390383795253524	0.162477035260582
0.320176272251615	0.208911422928125
0.0278040226353749	0.0153386200019713
-0.0551292885383177	0.0240551235757528
-0.025785863754164	0.0120934643077587
0.333201282004376	0.203048105425313
0.0357475595126222	0.0195957245876908
0.344299796500824	0.192840470409629
0.157466035566067	0.0534763086680417
2.15173440759402	2.23396432105379
-0.148261836724003	0.0530295378311601
0.554288988612766	0.323441361670805
-0.779622324951319	0.423689843236911
1.3729234387692	1.27697218622819
0.445569555469994	0.179194625806487
0.185672077113134	0.115298205508053
0.166964099755602	0.0893795551116704
0.158140112403217	0.0768021272435503
-0.386865420818865	0.218435806906527
0.362596733901538	0.183432478704119
-0.390286637919128	0.162633263694202
-0.329838989470583	0.198481074624215
-0.764679257511663	0.332374029322147
0.0181423961206308	0.00907714843315194
-1.81339137537901	0.738819242243621
1.33212445527916	0.583441346223377
-0.516096514132394	0.19525236723075
-0.669692464479823	0.469748343577312
0.605227456975828	0.317499661008836
0.149858497230273	0.0509770663263026
0.53848040462536	0.193786780960442
2.12133800034702	0.952308998445296
2.75349844687128	0.768381126605175
3.26252567397545	1.12093560535381
2.75819631171964	0.770700477263471
-1.79827400712943	0.382942964938875
0.948535538575274	0.252058145640786
1.95791760701363	0.441280139896969
-1.82285328531092	0.743753150051307
-1.15965534184679	0.64831252031961
0.962878540634956	0.656814073558505
0.66019709243248	0.601321189000263
-1.79827400712943	0.382942964938875
1.04455801006536	0.39678683304154
0.916798471124417	0.497005877261973
1.45769029797448	0.483533280097753
1.95706969381346	0.441073865263096
-0.78674249206088	0.52061886952273
0.154148002495858	0.0748793193489783
0.94904571537762	0.252100131683616
-0.0170060599243732	0.00808191997686464
-2.27443125837467	1.14789450389175
0.153247518839476	0.0288421886814327
3.6409027894866	1.43427384419709
-1.51429942551804	0.540079204882619
-1.82352196222375	0.744104973929954
-0.139290200962898	0.0499280318191481
0.151709443880736	0.051599453197034
0.168996227736906	0.0424334312831713
0.540321571114426	0.194486652256984
-0.890348107049237	0.740288568875694
0.724265582434164	0.480602785061658
0.797989705712639	0.480516746468569
-0.23213809492448	0.116099355138135
0.826885083784757	0.348595039349664
1.09086369229126	0.671906098260433
0.152786759409674	0.0741381544640491
0.521217480695713	0.333855650611737
-0.478312788084848	0.250494332240814
1.62701662093299	1.14294591910432
0.449554137900589	0.180977843806072
1.27915380966652	0.705984510551695
0.826885083784757	0.348595039349664
-0.76031308089941	0.330144921181328
-1.08455784586191	0.741066017343211
1.46300357532398	0.914832726807906
0.400568879943197	0.181413175582522
-0.519952717504097	0.196880719935875
0.66704035312139	0.211590816937753
-0.392523979054397	0.221966275403248
0.160875819484411	0.0480497781693361
0.906889232765235	0.490532698820163
2.75446121880292	0.769079402442662
1.25806920494281	0.876689661752914
-0.0278228681384605	0.0130222478242196
-0.402214044615395	0.228436010186168
-0.767761488763089	0.3340892272935
0.670977551868057	0.213013404742869
0.94807088907188	0.251931335472786
0.368339215543365	0.186545833386303
0.951841444348566	0.252891357699991
0.452180282176445	0.18203374412038
0.166084152255821	0.0418055330790301
1.45575253921811	0.48289648887464
1.54340184555648	1.33394872845754
0.518196609003486	0.331798690515537
0.323387419583993	0.224680609157764
0.395638945353767	0.178912374877141
0.903221986685294	0.487727217314656
-0.216498197122892	0.0698782653003517
0.60458831875877	0.588485901125241
1.37005546443986	1.27207162483736
2.75446121880292	0.769079402442662
0.535622204428391	0.192685925418963
-0.0251194160408973	0.0117784882966811
0.533792789739045	0.192056407531968
-2.57747759965585	0.66335545132302
-1.02404152856389	0.405928813773254
0.670649872073233	0.212844236167521
1.33388779929172	0.584486704122506
1.40596422031555	1.09534560183528
0.795562111471854	0.632637645122499
-0.0469851929170621	0.020598183770041
-0.788078256394708	0.521848574355622
0.0717930633224316	0.0446146215065396
0.163931811412341	0.079616997826721
0.623016730402558	0.475858049251395
1.09317750392111	0.674338995742177
2.74795778388299	1.68617482317197
0.160809355731103	0.0781481383267611
0.149358487897967	0.0573759536116166
1.78792309119305	1.00160803870262
-0.303522851168226	0.139293692728623
0.36823686728702	0.186529510396899
-1.48465000941191	0.750254071982769
-1.14133776060898	0.991254338645321
-0.041768872635643	0.0260121538790156
-0.17642353890214	0.0945042271562752
0.800654860759513	0.482654968866415
-0.0978205268571473	0.0387928962094175
-1.51330481624892	0.539630991333106
-0.141381032056214	0.0506159875060989
2.12158435823691	0.952317198033751
1.95791760701363	0.441280139896969
2.91231558382243	1.97146746692919
-2.46907215289216	1.37577271978228
-0.54046231378463	0.343102904543558
1.8282452886897	0.717007372542503
-0.303494231937818	0.139467728398359
0.149110313200244	0.0572757439358563
0.913223346085098	0.495142411675571
0.157850726922151	0.0535992456199043
0.394300745563332	0.178232456221431
0.348144724013479	0.195085938952382
0.897484661955357	0.484285430779345
0.370441035188404	0.187812140253204
0.868418405719597	0.646353397464907
3.93458270867333	1.7286866438442
-0.62503342749082	0.152907838403333
0.668840989017682	0.212209123194429
0.168287851014599	0.0422797449011708
1.45806698971783	0.483796340944708
0.947560352748164	0.251716891447637
1.0454798173394	0.397182748534993
1.96040941896093	0.441936123238363
1.45905685415805	0.484042330916112
1.48834631640632	1.50692499659996
0.911075531998693	0.493083521389606
1.45316902836548	0.481724936898338
0.158323275965016	0.0473326847049123
0.153526628680235	0.0288819285189665
3.63685963656738	1.43190397098036
0.53313407482189	0.191800740808182
-0.211147146065051	0.0682441817050335
0.155488531141051	0.0674392482437809
0.342956983513116	0.191997470351519
-0.046102116852515	0.0287403022427988
0.5609303042476	0.328221687191836
0.153664477679935	0.0666278528198068
0.156856081236546	0.0761173524002621
0.453017086926378	0.182395940611143
0.398493071197486	0.180184081984467
0.451633653248067	0.181704491616
1.33300648117334	0.583999950109349
-0.778606547972603	0.339576745796167
0.403775279342115	0.182904842307936
1.0778546672873	0.523529401824167
1.58417577354317	0.790311814157871
-0.632432130022522	0.154575713959717
0.673419805718654	0.213740169092851
-0.515889861149168	0.195150861370295
0.94807088907188	0.251931335472786
0.162742974316792	0.0485792905021731
-0.600166078004423	0.287430036059165
1.00369604992157	0.827152617986074
0.405044368808461	0.183531990620571
0.152567656731362	0.0287430408348264
-0.520176400570609	0.196858074207258
-4.00396970287742	1.73775772676385
0.669336367317634	0.21240221601861
0.14751350733507	0.0639473328603094
-0.089924131140392	0.0357342992772802
1.04455801006536	0.39678683304154
-0.0492845933351375	0.0307237300527341
0.175204801918073	0.101681607479394
0.159915433483354	0.0477485376305238
0.153526628680235	0.0288819285189665
0.828757781573848	0.349437942365772
1.33432841091739	0.584762055165741
3.26741012598786	1.1229997006765
-0.213871750896534	0.0690577255793313
-0.768944294866461	0.334721769210418
0.165690756490165	0.0416910272978735
-1.13543440488342	0.343479590196383
0.533792789739045	0.192056407531968
0.153744887218639	0.0590040332863171
-0.674455790544879	0.533408518347648
-0.971448290873087	0.479781368787154
0.454204940217567	0.182916641096981
-0.0488834914573746	0.0214087394351013
-0.136794080270488	0.0490262213442867
0.155172296687638	0.0527212354131156
0.176856306819176	0.109442577125187
0.392247468190615	0.348332670300631
-0.382538078608871	0.300648990711188
0.0224063780889426	0.0112012004299251
-0.332364568080493	0.235998317842409
-0.0620068860954336	0.0269680680823334
1.78112377799933	0.995376170247035
0.366036057221842	0.18518537436208
1.03543214514454	0.39263444657528
0.160770338301963	0.0545730641617949
0.166264119494978	0.049533131724672
-0.515260306744374	0.194916268075376
0.365175945287126	0.184673606604109
0.829357632482683	0.349871102086347
1.46870679500817	0.921255367982226
1.45476541507032	0.482531337515686
-1.02247246926207	0.405088924708776
2.75446121880292	0.769079402442662
1.95706969381346	0.441073865263096
0.6737511905791	0.213807078926834
-0.720404519989633	0.247290988830991
-0.212692311337293	0.06870282462309
0.825133380768998	0.347736014768134
1.04011254131511	0.394696182042935
0.534018135349711	0.192121771213656
0.458809044815707	0.333849616480657
0.805853531005099	0.767691691025581
1.54206438977449	1.87264363664285
0.806080069995556	0.970928538550715
0.365070947677446	0.184643177108263
-0.437254506106099	0.337501600573299
-1.0324087671682	0.824778552276774
0.15866325352339	0.0688602778933149
-0.650099703832641	0.38638691634131
0.698318407031431	0.613428875220747
0.331439202282457	0.201926091666179
-0.536218202119068	0.339518534985158
0.321840691102392	0.21007696854654
-0.462561918971291	0.389149678374885
-0.13969711125999	0.0789993683067811
-0.941727750200608	0.576618870945328
-1.73736582945897	2.26801762405012
-0.118327968693979	0.0821213624973137
-0.918206440486406	0.672835035474757
-0.0617320881529848	0.0374346962992985
0.760370455489286	0.749044661052339
0.628213685607862	0.591989335623182
0.131932020545374	0.10784345623485
-0.641335050343041	0.856387253746201
-0.778803684310832	0.423490664258397
1.82579336426267	0.71571883696401
-0.0920017429552408	0.0365513841571184
2.11636802963177	0.949071130565476
2.35768834257036	1.18170679045419
0.673092310209553	0.213658316206257
0.669336367317634	0.21240221601861
1.45316902836548	0.481724936898338
0.451264737753217	0.18161985383083
1.32857499812398	0.581678467569879
0.162742974316792	0.0485792905021731
1.45415502686182	0.482281800899209
-0.223185576323381	0.0720166844303521
0.165097545701885	0.0415776969264477
1.95791760701363	0.441280139896969
1.33098981300592	0.58294525750487
2.75446121880292	0.769079402442662
1.03891215300373	0.394007867391054
0.669009496945769	0.212302346826553
2.11848112309116	0.9502542327476
0.619038947492168	0.472313427139088
0.182410900031309	0.125356586640402
0.311161060533352	0.214954049865628
0.440357058986112	0.337093367971506
-0.0161137226407175	0.00767606253786159
-0.144729016317789	0.0518086814678952
0.532249310589414	0.191451139948052
-0.0494852399470308	0.0216559558015761
-1.31597426346044	0.823541542278822
-0.943227574247749	0.578686523924447
-1.01961453275747	0.403780235295886
-1.01961453275747	0.403780235295886
0.693802967950926	0.325503193405752
0.353845313575789	0.199071437484991
-0.786469156136394	0.519856933449477
0.424661309294689	0.339428078409897
0.61591264598492	0.469156726395064
-0.654937883127936	0.456342844910977
1.03760229108921	0.986179131624409
-1.31649808013707	0.823221348248932
-1.64191233121268	1.69322600032267
0.190131099032636	0.147040424085851
-0.138789320088866	0.0784582256547929
-0.422425764076662	0.447523937603234
-0.765765030793983	0.333085138267758
0.797883670340588	0.48041081201985
-1.02469648429794	0.406260196260825
0.831444191290182	0.350763035812767
0.445343832301428	0.179072239658324
2.27435131679592	1.76479405853687
1.8271356192571	0.716159299630045
1.79050346561438	1.00408955319475
1.97293342501215	1.23788899809918
0.696851684035903	0.326735848657766
1.331903164911	0.5833553632749
0.947560352748164	0.251716891447637
-0.724270980279016	0.248747351366331
-0.720801185410545	0.247515042606667
0.149110313200244	0.0572757439358563
0.151709443880736	0.051599453197034
0.451214918482946	0.181653564300894
2.12041605569515	0.95168550356035
-0.720801185410545	0.247515042606667
0.166691919569473	0.0419536988970269
0.6737511905791	0.213807078926834
1.08091542289284	0.664391331704345
1.10913589103176	0.84667495019509
0.944906190121193	0.251072355848773
-0.631960666018702	0.15447017218279
-2.5814875372856	0.665060440379843
0.165704597093625	0.0417255219351786
-2.577202278156	0.663064687208724
0.15626975600377	0.0292821097759299
-0.33946832567862	0.0977521416130555
-3.45538437102149	1.2298802093729
-0.394259341388564	0.164337716770981
0.160969730994387	0.0546270291122943
-0.0955995287746491	0.0560925083754639
-0.308117766487229	0.141726729797482
-2.06750813492524	0.942214241335458
-4.56446140737531	2.50289525552394
-0.72146943263536	0.247682563419049
-0.146844577524397	0.052546453265397
0.725650939654099	0.482413505943157
-0.236144739550473	0.118181766053048
0.614341749974739	0.32286465758395
-0.918598419449597	0.673932492600893
0.165282299330217	0.0717826341685963
-1.02181759550244	0.404915960039854
-0.479180693997877	0.251015482517765
0.167679655711552	0.042156489933972
-0.215184417856504	0.0694920488130609
1.04832936767532	0.398054220315362
0.154304804183893	0.0592230318132772
0.674079709901257	0.214036050556618
1.33300648117334	0.583999950109349
-0.342569521377039	0.0986187132378211
2.1244504337776	0.953787688048285
0.155597249360398	0.0597099328081436
1.82382554957858	0.714761900200066
-1.79827400712943	0.382942964938875
1.03610681462668	0.392933684162
-0.305319115938652	0.140319581810855
0.952312839774606	0.25302018984475
0.533566787823661	0.191896078067119
0.828342764331275	0.349152513984802
1.78172326612573	0.996327241108851
-1.13422470394875	0.343215945535417
0.526935562810046	0.189373151981166
-0.215184417856504	0.0694920488130609
0.823420767914512	0.346879978044335
-0.720801185410545	0.247515042606667
-0.21049146922482	0.0680355104001863
-0.299849433371449	0.137576243113834
1.82316587137561	0.714400972353312
2.75349844687128	0.768381126605175
1.45476541507032	0.482531337515686
1.58417577354317	0.790311814157871
0.53848040462536	0.193786780960442
1.78253902415145	0.997120275096832
0.949511917528176	0.252227362219882
1.46261822785671	0.485296318127314
0.53313407482189	0.191800740808182
1.82382554957858	0.714761900200066
0.166311360817904	0.0418484681801843
-0.628347365301396	0.153568930486371
-0.627829060935039	0.153504607197422
0.170216206297202	0.0427061060191571
-1.51299996807781	0.539299955595401
-0.214527945453891	0.0692825908233493
0.164083222967104	0.0489409806828746
0.152567656731362	0.0287430408348264
0.399053532185934	0.1806788196106
-0.0198026798801039	0.0126325103285615
0.154013634311518	0.06687398354569
0.670977551868057	0.213013404742869
-0.782790733657805	0.426273304017851
0.816738841133915	0.343551694675298
0.15672984402438	0.0468820705997684
0.65520319264678	0.46789235681408
-0.783183050704093	0.600945298242279
-0.0156553012976422	0.00746414901675381
-0.0937544860513829	0.0549783694625074
0.170483879562124	0.0914789011827932
0.797989705712639	0.480516746468569
1.25635904617729	0.87494486167539
0.39877334397608	0.18055727588805
-0.311125016785797	0.143172292336843
1.2757636448337	0.703232700878206
0.156825069451733	0.0680466718392824
1.33278572894675	0.584055913334951
-1.13422470394875	0.343215945535417
-0.300672688912365	0.137932389561506
-0.973507913250205	0.480853849153146
-0.519121480217459	0.196545928752658
1.8282452886897	0.717007372542503
-0.390943736994562	0.162719877466899
-0.14542947957694	0.0520431982921303
0.668840989017682	0.212209123194429
-0.981199840888374	0.485833522403223
0.795508190293046	0.479029916231137
1.07305972081062	0.520625344193545
0.671634827760764	0.213161681695785
-0.514630991185235	0.194661861681357
0.401380815292749	0.181699250042115
0.17875623893718	0.0960351559974501
0.611194565590859	0.321019908730689
-1.82445347427367	0.744643935357567
0.152325773898966	0.0660260124394434
1.83038440849751	0.717634461368427
0.533566787823661	0.191896078067119
0.670319945898335	0.212719010726886
3.26252567397545	1.12093560535381
0.160205249240814	0.0478476569439353
-1.79827400712943	0.382942964938875
-1.13521969998424	0.343544374381215
-1.51330481624892	0.539630991333106
-1.81272640846626	0.738384406689963
-0.344864025255158	0.0991853144395914
0.165016003775978	0.0491834127411745
1.82301833990899	0.714378390982833
1.97844084161466	1.24264178750022
0.513673722949663	0.328181345729906
-0.768705989684847	0.334579180836752
0.827072240612443	0.34847144161566
1.04363128297175	0.39626638096639
-0.632939126134277	0.15468454480873
0.167679655711552	0.042156489933972
1.12774080282193	1.0211447543222
0.000616416287202976	0.000508285896912369
0.344127789004198	0.192489512640286
0.907964956842255	0.491402984013685
0.423459686079217	0.338204196002905
1.78232254231413	0.996384013580153
-0.511312418026602	0.193302575730068
1.25272729822579	0.870571900325198
-0.0547397772584367	0.023891573249213
0.149184364319295	0.0647151944482509
0.916338531896349	0.497262365762931
1.33278572894675	0.584055913334951
0.401380815292749	0.181699250042115
0.169947785588454	0.0910917566102655
-1.51853446946828	0.541976089171892
0.399580421539515	0.180952893176916
-0.342235478378113	0.0984932623692754
-0.717014216380814	0.24607192548599
0.450669254708217	0.18134583956387
0.531363846710871	0.191052145580113
0.670977551868057	0.213013404742869
-0.383922930895146	0.159622492922483
-0.397835615695759	0.165973732684536
1.08473022125145	0.666997043916226
1.33326137407242	0.584365390984281
0.906152132170556	0.490512768417198
0.156203958783437	0.0530790256711765
-0.141381032056214	0.0506159875060989
0.689737874711977	0.322889798276764
-0.142207514098902	0.0509041851864348
0.947097253557627	0.251590606337117
-0.341581022610314	0.0983147602836231
-1.48061958401468	0.747791402904068
0.665076092013553	0.211028905087732
1.45415502686182	0.482281800899209
1.33300648117334	0.583999950109349
1.33542918143198	0.585518840032983
1.78335397897293	0.997834388393201
0.696092682760891	0.326679559909262
0.69500028779949	0.325475980194239
-0.769774518033546	0.334995267894291
0.16014111548401	0.0543685528719876
-3.08209765998152	0.963916510480773
-0.385592301862764	0.160437798197036
1.04051558933761	0.395002404087772
-0.773452979704375	0.336887554444134
0.157462123376921	0.060446471737033
0.0190523443418404	0.00952998641932794
-0.642710452949966	0.661218692536818
-0.682445523294076	0.595121427729162
1.58120860594568	0.788221097175882
-0.180418889554271	0.0967689937411793
0.318221375891127	0.220435006402408
-1.26782842660809	0.570441623693441
0.315453624931125	0.229991520217434
0.299280728346731	0.236324857677649
0.159977174848843	0.0776078180528937
0.191818076381017	0.153398149105385
0.865613301331803	0.643630142722572
-0.226263678479487	0.0729581836748718
0.16014111548401	0.0543685528719876
0.165318598359952	0.0416114067368304
0.697834101611107	0.327384517324711
-0.389264439668591	0.161953056740971
-0.722104754812606	0.247977448104565
0.948535538575274	0.252058145640786
-1.51494963266618	0.540305848955056
-3.76005537586954	1.49066052927293
0.948535538575274	0.252058145640786
-1.2724223749879	0.572901819199514
0.404766369449656	0.183328709818888
0.827704624415871	0.348914560526735
0.153247518839476	0.0288421886814327
-0.140219045929796	0.0502215736713448
0.149184364319295	0.0647151944482509
1.45476541507032	0.482531337515686
0.169628986070269	0.0504635339197501
0.452422853821834	0.182078591715383
1.47465864568962	0.926035713335227
-2.57775304544287	0.66318910114962
-1.5126542472202	0.539316353407404
0.669336367317634	0.21240221601861
1.81892370521347	0.712261250406347
0.826885083784757	0.348595039349664
-0.346820783252297	0.0997890928773071
0.699441148839261	0.328362729428968
0.162400863971746	0.0409830958055786
-0.335356520627326	0.0965946296543176
0.168996227736906	0.0424334312831713
0.689288566740525	0.60249514234889
0.66712809360432	0.479134821109612
1.24178804026912	1.37151968838877
0.191870369322404	0.132472266404272
-0.188224105091184	0.125715546504
-0.258128110178642	0.16122346644984
1.28724048322308	0.712370565957443
-0.333414074932877	0.291053030092752
0.336997044674986	0.205793667906336
0.435679732439071	0.332860322982857
-1.0271798662809	0.819566710711732
0.512822241770896	0.564062919394446
0.386459793485667	0.342197324478902
-0.321374518064912	0.192820340027299
0.0418267538797543	0.0305177391065107
-0.464369872101341	0.455229042169086
1.05797176330772	1.12443363706264
-0.127640047008595	0.0994992649065544
-0.261178678132159	0.252679954264573
0.156203958783437	0.0530790256711765
-0.627829060935039	0.153504607197422
1.95791760701363	0.441280139896969
2.75446121880292	0.769079402442662
2.75349844687128	0.768381126605175
-0.346493976209143	0.099688871662609
2.75722496636877	0.770257049482932
0.675727856461394	0.214455585681223
3.26640660082579	1.12286745021344
1.95791760701363	0.441280139896969
3.93879479758782	1.73076427375476
1.95791760701363	0.441280139896969
0.828535207680524	0.349263222423679
-3.08606373064433	0.965887782759055
-0.632432130022522	0.154575713959717
1.04263119075399	0.395603143328571
1.95791760701363	0.441280139896969
0.166691919569473	0.0419536988970269
-2.57747759965585	0.66335545132302
-1.13582369620544	0.343734699942405
1.95706969381346	0.441073865263096
0.170597157616308	0.0428000407476464
0.163386406136861	0.0411852790230607
0.948535538575274	0.252058145640786
-3.08164138813046	0.963767470359232
0.165704597093625	0.0417255219351786
1.95791760701363	0.441280139896969
0.153526628680235	0.0288819285189665
-2.577202278156	0.663064687208724
-1.13948670365002	0.344942610687521
0.153247518839476	0.0288421886814327
2.7554263517449	0.769222911089782
1.45316902836548	0.481724936898338
0.67196229909328	0.213260403734251
0.153526628680235	0.0288819285189665
0.94807088907188	0.251931335472786
0.162961456847816	0.079241913447202
0.67190235731583	0.483629376331597
-0.0541715037671415	0.0236450313122112
-0.916254862153271	0.671600212362123
-2.46450368454554	1.37094225690051
1.33857781519291	0.587388164181981
0.903221986685294	0.487727217314656
-0.177426381254015	0.11794651426644
1.54597138501621	1.33752730073481
0.711861847833223	0.47024729563401
0.963721840982605	0.954671110486788
-0.176363097402951	0.117163533641089
0.0421554274113314	0.0230890177668734
1.33438103475706	1.57248644291478
0.722422281481488	0.733428356133649
-0.961151023113705	0.943074647264587
-0.682165479701184	0.594870813802324
1.07837388226459	1.68814658749001
1.4637305487	0.916135030707412
2.75446121880292	0.769079402442662
0.950862031539505	0.252628333014658
0.169606362252511	0.0425824743634164
0.670977551868057	0.213013404742869
-3.45478455762682	1.22912473266304
0.161546088205671	0.0482379354240544
0.670319945898335	0.212719010726886
0.949511917528176	0.252227362219882
1.07305972081062	0.520625344193545
1.33432841091739	0.584762055165741
1.95791760701363	0.441280139896969
2.75819631171964	0.770700477263471
0.67196229909328	0.213260403734251
0.673419805718654	0.213740169092851
1.45612824040965	0.482835979244752
0.152289864541204	0.0287035071443224
1.33835717675948	0.587087104209911
1.58036530094534	0.788197961251042
0.171207721440545	0.0429238305772998
0.534018135349711	0.192121771213656
-0.216498197122892	0.0698782653003517
-1.79835097978106	0.382953978270685
2.75446121880292	0.769079402442662
3.26452213570095	1.12136276907474
-0.627367542213354	0.153354696036073
-3.08209765998152	0.963916510480773
0.94807088907188	0.251931335472786
-2.58120409692147	0.664991486920107
-3.08209765998152	0.963916510480773
0.155986207086685	0.0292416787556187
0.168287851014599	0.0422797449011708
1.04051558933761	0.395002404087772
0.168287851014599	0.0422797449011708
0.670977551868057	0.213013404742869
0.153247518839476	0.0288421886814327
1.95791760701363	0.441280139896969
0.153247518839476	0.0288421886814327
1.95791760701363	0.441280139896969
0.94807088907188	0.251931335472786
0.670146693308096	0.21263420962492
1.95791760701363	0.441280139896969
1.82890866226964	0.717371086523666
3.63584691762689	1.43122630608999
0.157665127156854	0.053551257115328
0.152289864541204	0.0287035071443224
-0.98395085257884	0.487945557727819
3.26640660082579	1.12286745021344
-1.27230614673154	0.573209237266735
0.16262521966381	0.055161447726895
-1.27170629470393	1.55529066352348
-0.0205837666544286	0.00972270851194434
1.04118814853393	0.395160512018798
0.166311360817904	0.0418484681801843
-0.392333825511445	0.163462028851127
1.82400325818434	0.71486256582523
-0.941952789317451	0.577572966039706
0.362694011139307	0.183450993030483
-0.488128915217061	0.256655383723312
-0.138800921990177	0.0497365758407977
-0.141845773618067	0.050752565243232
-1.3255937213465	0.83253919775954
-0.141613477265566	0.0506925453352637
0.160205249240814	0.0478476569439353
0.154616330348594	0.0593392023307753
0.695849850272461	0.326454362153707
0.53313407482189	0.191800740808182
-0.221359824353786	0.0714567733526979
1.46140464556753	0.91335550485972
3.93139544004406	1.72622670090374
0.942957371619669	0.25056334066046
1.44987667304504	0.480675917422322
-0.632939126134277	0.15468454480873
0.531183635792365	0.191017735991031
1.06338591920983	0.51456019585082
0.534018135349711	0.192121771213656
-0.979009073350107	0.484786914121384
0.830182706808353	0.350258866431055
0.531590148724862	0.191133156883517
0.15626975600377	0.0292821097759299
-3.76005537586954	1.49066052927293
0.540321571114426	0.194486652256984
-0.515260306744374	0.194916268075376
-0.343223291761604	0.0987971723984263
-0.516640021567978	0.195578035113981
0.153526628680235	0.0288819285189665
-2.58120409692147	0.664991486920107
-0.94345819178011	0.577905170207753
-0.764439347150145	0.332220800378231
0.698077967192142	0.32755178837222
-2.06401436108767	0.939809125258311
0.669336367317634	0.21240221601861
-1.13582369620544	0.343734699942405
0.695485768570234	0.325993590968415
-0.763493068016229	0.33177675339701
-0.348139745002389	0.10015256573937
1.04051558933761	0.395002404087772
0.164508000610724	0.0490146039214182
3.63685963656738	1.43190397098036
0.949511917528176	0.252227362219882
-1.79827400712943	0.382942964938875
1.95706969381346	0.441073865263096
1.45514143110378	0.482646568994266
-1.9799559680564	1.38090813566191
0.670319945898335	0.212719010726886
-1.81339137537901	0.738819242243621
1.33703685718049	0.586324404119723
-0.979009073350107	0.484786914121384
0.166183628880847	0.0807789551600692
0.335346084817006	0.204826602562051
0.166691919569473	0.0419536988970269
-0.723858427247846	0.248624788373591
0.158577402299565	0.0608665916613508
0.161787544386438	0.0408470066516523
0.162546261832453	0.0790300588736396
-0.640291820625311	0.37898202347871
0.374075017116884	0.189891251649593
0.400134845165605	0.180888601825711
2.35349811566247	1.17875264108291
2.27460135649452	1.76245295842815
0.157850726922151	0.0535992456199043
-0.216240213481686	0.0698575300582443
0.528697101266383	0.190116209542368
-0.235178574711158	0.117570503072707
0.157212954461689	0.0603521678958182
0.696460444708322	0.326829287509279
0.155663439658243	0.0597820370134089
0.452769680948612	0.182339853830579
2.56791820522833	1.42970730183673
1.06561374213039	0.515920962739469
-0.725462519324565	0.249202983263282
0.537164857593467	0.193341885349058
-0.142851509596977	0.051162150469241
-0.628807341949763	0.15371861128279
2.7554263517449	0.769222911089782
0.153247518839476	0.0288421886814327
0.827710620012205	0.348965796964443
-1.79827400712943	0.382942964938875
-0.388451519352422	0.161616200765838
-1.15855186622984	0.648366010503737
1.33476840557985	0.584903436651052
-0.719465582528739	0.247026553935257
1.82316587137561	0.714400972353312
-0.348139745002389	0.10015256573937
0.151905065586114	0.0516577328804664
-4.0033072927183	1.73759879224949
2.11662288333808	0.949279701700066
-1.81566955306914	0.739965971694479
-0.975701969459145	0.482325107667453
0.152820336134973	0.0586830456810156
-0.62503342749082	0.152907838403333
0.166691919569473	0.0419536988970269
-0.627829060935039	0.153504607197422
0.165097545701885	0.0415776969264477
1.28815925932283	0.713183717580844
-0.346493976209143	0.099688871662609
3.64394936195785	1.43543119455299
-3.45598446335482	1.23025555319821
1.8282452886897	0.717007372542503
0.665076092013553	0.211028905087732
-1.13582369620544	0.343734699942405
0.94904571537762	0.252100131683616
-0.72013323546054	0.247288973526613
-0.718527169744358	0.246584376429975
-0.513796133056416	0.194260787339886
-1.32424802476005	0.831231911296231
-0.466929602600822	0.458485601712149
-0.182473314266184	0.0979799158725511
-0.211147146065051	0.0682441817050335
-1.02009534257052	0.40383692503631
-0.143162644220242	0.0512176210034937
1.06929985127949	0.518119516931828
-0.324048129852608	0.194510178062158
1.00614309516578	0.828687683712247
0.550354143769669	0.320466990478219
1.90286563720537	1.64555943133452
0.485893891019693	0.334317692785895
0.411633438418378	0.186774318292767
2.91084828973819	1.97136069898614
1.04051558933761	0.395002404087772
0.719079582253034	0.475829109104335
0.154574268319046	0.0750462753292494
1.07703750133184	0.52303316952189
-0.0482356839517952	0.0211297859371122
0.508826935520527	0.32428272885195
1.04051558933761	0.395002404087772
0.697080049907367	0.327185030261549
-0.234715898438359	0.117329453309105
-0.490576477800594	0.368169476377203
-2.06816075697255	0.942730672003646
0.449846097769576	0.180981984312599
-0.78730246118661	0.429083727873182
-0.146844577524397	0.052546453265397
1.09164610379078	0.673794994334163
-0.528498287191591	0.333788856792112
-0.313473170815259	0.187453705867845
0.536280565569087	0.193004774479639
0.339282122552374	0.189905262059213
-0.146252414230362	0.0523425133241546
0.671634827760764	0.213161681695785
1.25721379065725	0.875849939196482
0.165097545701885	0.0415776969264477
-0.646140411816308	0.383387804429435
-0.719465582528739	0.247026553935257
-2.06401436108767	0.939809125258311
-0.627829060935039	0.153504607197422
0.540321571114426	0.194486652256984
0.148791554554617	0.0506157660399734
-0.629267545839357	0.153771215183604
0.146443000018781	0.0635792907340137
0.167679655711552	0.042156489933972
2.75446121880292	0.769079402442662
0.165858197331239	0.049441036827577
-1.01645966379821	0.402385802038174
-3.08209765998152	0.963916510480773
-0.510891470732261	0.193155670362405
1.03279633572658	0.391258166412032
0.160803134128977	0.0406203249121647
0.162400863971746	0.0409830958055786
0.153247518839476	0.0288421886814327
-0.389371182878124	0.220248158520433
-0.399302789425191	0.226580141883492
-0.267137596679949	0.167445444096561
0.675067592191977	0.214306398275368
-0.628347365301396	0.153568930486371
-1.02713260840854	0.407375194722086
1.57561496103913	0.784837909518107
-0.222513163313641	0.144387361053778
0.178842898287981	0.104075350039002
0.16659301543248	0.0809914870855777
-0.390129115227146	0.162381960557114
-0.771046048818311	0.719572385788379
-2.11002656819612	1.61886370374883
0.15717361722373	0.0681506732759597
-0.514557140031849	0.194625059659684
0.167513062115111	0.081448318848558
-0.05608491545216	0.0244541313331578
-0.601799568518197	0.288153076385921
4.17973575538165	2.01519730946891
0.397961322623372	0.179920072195054
0.69449160272101	0.325776198168538
0.163149905636875	0.0486839149701593
-0.0933171584852685	0.0547195584263834
0.820741251657713	0.345484369033752
-0.484186411622677	0.253868885014479
0.446983181120893	0.179814814572325
0.15566119641323	0.0528907668896057
1.96741354566674	1.23201218877422
0.823963619440764	0.346972500738107
-1.02558641604596	0.406837006708145
-1.02404152856389	0.405928813773254
-0.148494010120486	0.0531167923480848
-0.388197675575098	0.161522746371051
0.537164857593467	0.193341885349058
0.949511917528176	0.252227362219882
0.164924003228835	0.0491712866480455
1.03702441124382	0.393355390405294
0.365761776756049	0.185325043046891
-0.721072169669292	0.247553433626533
0.161809663243855	0.0483223326687324
0.162479935061762	0.0485106492306684
0.948535538575274	0.252058145640786
-1.1434022229194	0.346229899812888
-0.089924131140392	0.0357342992772802
0.155986207086685	0.0292416787556187
0.153247518839476	0.0288421886814327
-0.624566751454544	0.152757086863399
0.53848040462536	0.193786780960442
-1.13362027945245	0.342902172857624
1.82792138819967	0.716884894355695
-0.142801753920347	0.0511111283728562
0.532249310589414	0.191451139948052
3.9335777281584	1.7278790696178
0.670319945898335	0.212719010726886
-0.597009861333974	0.285789886368716
0.420690457593467	0.335480589794806
0.716874577638262	0.473884648258251
2.11636802963177	0.949071130565476
-0.725462519324565	0.249202983263282
0.531842803938449	0.191317098366628
1.04102963664621	0.395089191585647
0.150251518108603	0.0511196116992592
-0.564752903879287	0.410735331807508
-0.971414747512708	0.479670940118914
-0.635373396901142	0.375221033916343
0.160919883742022	0.0860980132904214
0.450145859423865	0.181236132023085
0.151955561498119	0.0583759744460965
0.549538024180408	0.319849389615143
0.397966118148372	0.180143231410491
-2.46848394005383	1.37538134380962
-0.978712787673042	0.484484813219758
0.529356628640302	0.190322462478678
0.349032129016902	0.195978226301976
0.446389407735018	0.179556225692317
0.161809663243855	0.0483223326687324
-0.978193225168376	0.484123370622311
-0.0269270132583076	0.0126090685599935
0.449022148085439	0.180598376655974
0.161782158512576	0.0785511543503289
-0.511726002675108	0.193436414632331
0.158323275965016	0.0473326847049123
0.691904525498531	0.324095013251426
-0.211803100213447	0.0684440141233586
-1.27626395926511	0.575339142684756
1.28863795995661	0.713360419554828
-0.21984326569233	0.0709305957045652
0.157034388740604	0.0533466278590803
-1.48865825415413	0.75378227668086
1.33344671637715	0.584203230267866
-0.216730820199361	0.0699462135090824
-0.347480099168433	0.0999933239977275
-0.787803853504738	0.4294510906898
0.534676685393129	0.192377474764699
0.153526628680235	0.0288819285189665
0.161809663243855	0.0483223326687324
3.26252567397545	1.12093560535381
1.03984272433899	0.394547494768611
0.155572557197279	0.052867342174464
1.04321119961113	0.395804172758563
1.03543214514454	0.39263444657528
0.170597157616308	0.0428000407476464
-0.515889861149168	0.195150861370295
1.61706943368948	1.13422410968526
-0.327875340776246	0.23226555551065
0.0605267673396728	0.0355179275633579
-1.80197754639448	0.383903353697165
1.45575253921811	0.48289648887464
1.33150663492539	0.583156682464787
-0.145891274941205	0.052200464910533
0.157212954461689	0.0603521678958182
0.797711041112734	0.634263366944997
-1.27970373565347	0.577302049618793
2.5693747235789	1.43100957202569
-0.263086121731706	0.164678900972666
0.694680467931084	0.325509804917401
0.16439294139947	0.0798600728834201
-0.100935548040968	0.0400187598474219
0.528476382778789	0.189975415538032
-0.645147713670818	0.382385626122668
-0.780797168890544	0.424516807877029
0.534451222825175	0.192245698269146
0.798173868268265	0.48123512518269
0.454204940217567	0.182916641096981
-0.516933647184975	0.195517224842632
-0.478951531881417	0.25109928397556
1.09086369229126	0.671906098260433
0.158019850561132	0.0606595504222323
-1.02026869500549	0.40408181312214
-1.01645966379821	0.402385802038174
-0.784788421211217	0.427679557328381
-0.218074030224809	0.0704026851228337
-0.391907778202739	0.16328129720424
2.5685528501622	1.4303263628497
0.619457781700922	0.325894801044508
1.04304768303814	0.395953390308167
0.825425367366759	0.347866059057456
-0.60176100903409	0.288525428152901
-1.71694706913753	1.44499515117313
0.449554137900589	0.180977843806072
-0.153000993169576	0.0546890297465864
-0.392890645811615	0.163726265183229
0.826252270975154	0.34827642903147
1.46213081514933	0.913766997764048
1.04170224709555	0.395339897652291
0.168996227736906	0.0424334312831713
-0.207333614133129	0.067029819722431
-0.134447888532281	0.0482194870091232
0.803410964939242	0.870324873438204
-0.60491353971316	0.290239302747195
0.688615020403465	0.322173993619
-2.64073223886213	1.62335477817343
0.962005438232197	0.655526746126791
0.960524675030733	0.655432358819409
0.185739586334105	0.115315387964097
0.853325659870322	0.780050439433624
-0.391527822013094	0.22162535872072
0.870797997208904	0.648222116004186
-1.03701906555381	0.83180311799277
0.157830822565027	0.0684885666679607
-0.0574333790978502	0.0250288442631081
0.528476382778789	0.189975415538032
-0.516933647184975	0.195517224842632
-1.48381146477455	0.750044721804023
0.697094473512955	0.326875033033671
0.535334953780092	0.192566688642047
0.1540561970176	0.0591317209177012
2.11476246325844	0.947687866485692
-0.220273125496108	0.0711077393958585
-0.516726487620638	0.195487204534031
-0.767523934479266	0.334015614821553
1.96923727351515	1.23469072789957
0.451038007299901	0.181503296233176
-0.969782875869313	0.478763978367064
0.675067592191977	0.214306398275368
0.94904571537762	0.252100131683616
0.161809663243855	0.0483223326687324
0.155372593274282	0.0528040448022981
-0.214952210282499	0.0694159656881339
0.670319945898335	0.212719010726886
-0.97432550347234	0.481515569107355
-3.08209765998152	0.963916510480773
0.403709926476038	0.182781459157248
0.613512573671803	0.322329169208786
0.53313407482189	0.191800740808182
-0.764086062426498	0.332088631279259
-1.48747869119683	0.752986436506107
1.03610681462668	0.392933684162
-1.16088827609454	0.649597399857481
0.168591612312643	0.0903243920130834
-0.165983491799866	0.109708527615335
0.396161886753022	0.339812141837672
0.618616593053177	0.471939415199108
0.588299929302545	0.473514325333014
-0.269410153602022	0.169078968569815
0.305824806496385	0.242337241610433
-0.787081038195391	0.60513413305857
0.790496179297732	0.747381071826251
0.490835869971717	0.338191975606636
-0.773980005783433	0.661225962273767
0.196901203755237	0.157979960693809
-0.0531350717678705	0.0231948543463917
-1.48747869119683	0.752986436506107
0.153526628680235	0.0288819285189665
0.165704597093625	0.0417255219351786
0.153526628680235	0.0288819285189665
0.677197674373577	0.214945829616813
1.8282452886897	0.717007372542503
-0.342890259454196	0.098642118615141
1.07246466651492	0.52025153016617
-3.46537741354921	1.23478996980869
0.165704597093625	0.0417255219351786
0.161546088205671	0.0482379354240544
3.26352329858721	1.1213740078214
0.164346026904199	0.0490101668927593
-1.5126542472202	0.539316353407404
-0.343223291761604	0.0987971723984263
0.66999328440441	0.21269616854207
0.167679655711552	0.042156489933972
0.948535538575274	0.252058145640786
0.165097545701885	0.0415776969264477
0.670319945898335	0.212719010726886
0.166084152255821	0.0418055330790301
0.165690756490165	0.0416910272978735
1.37965232213235	1.28823628452004
0.546957173692753	0.456878936646576
0.315137095528462	0.218092544500918
0.527152311141405	0.458331956801546
0.360398958740987	0.346250235999992
-0.054739426178399	0.039819464311516
0.0738910462334001	0.0481291209870115
0.0337708239353406	0.0237467370884002
-0.694089768939047	0.608854992698814
0.711161761457069	0.717687767917754
-0.0991857830937642	0.070161150549694
-0.214527945453891	0.0692825908233493
-1.13129699285405	0.342278739405472
-3.08559782341753	0.965445184573826
-0.629159511493121	0.153871316504896
-1.51429942551804	0.540079204882619
-1.51819793872521	0.541803713077291
0.166691919569473	0.0419536988970269
0.670977551868057	0.213013404742869
2.75446121880292	0.769079402442662
-1.51853446946828	0.541976089171892
-1.51429942551804	0.540079204882619
0.1540561970176	0.0591317209177012
-0.724527840719668	0.248940035798255
3.63888635387512	1.43228475390014
2.11662288333808	0.949279701700066
0.167679655711552	0.042156489933972
0.674079709901257	0.214036050556618
-0.338476676785739	0.0974822237690529
3.26640660082579	1.12286745021344
2.11848112309116	0.9502542327476
-1.13543440488342	0.343479590196383
-0.343877386805142	0.0989458655028747
1.82579336426267	0.71571883696401
0.671304003309683	0.212965720540022
0.92557064415084	0.810126384936819
0.0619085230110344	0.0383957560717431
0.506067977327856	0.454971822775575
0.76523788463748	0.755768053978001
0.275850764323097	0.245603422002456
-0.496378988754471	0.520696437015828
-0.436136235717385	0.433862291520312
-0.328527724078785	0.232920718745098
0.0801120228184428	0.0663623397946282
-0.218731141682158	0.0706258973624141
-0.221359824353786	0.0714567733526979
-0.33946832567862	0.0977521416130555
-0.348465736253515	0.100232718134072
1.45769029797448	0.483533280097753
-1.51200399758817	0.538851635748943
0.167679655711552	0.042156489933972
0.167299398578488	0.0420768316112512
1.45905685415805	0.484042330916112
-3.08559782341753	0.965445184573826
3.26352329858721	1.1213740078214
0.165704597093625	0.0417255219351786
-3.45538437102149	1.2298802093729
1.33542918143198	0.585518840032983
-0.141613477265566	0.0506925453352637
0.153526628680235	0.0288819285189665
1.46162455821865	0.484901016923351
-3.08209765998152	0.963916510480773
1.95706969381346	0.441073865263096
-1.51395570496283	0.539857861420258
0.162330854953818	0.0484266272065399
1.82792138819967	0.716884894355695
0.162772361662218	0.0410490143575106
-3.4565848348623	1.23040818352441
0.37446256800658	0.340856685569055
0.393106503369038	0.349411162026374
0.280121295985525	0.250101906871905
0.214340480973349	0.184415348241701
-0.0383799274317526	0.0282870381979957
-1.69478588446484	2.73908184788402
-0.200136736486734	0.149507591226184
0.163413249256128	0.0487677019311828
0.161415729852303	0.0407561524608698
-0.220273125496108	0.0711077393958585
-1.80197754639448	0.383903353697165
-2.57747759965585	0.66335545132302
0.452789098841775	0.182252095327819
0.160875819484411	0.0480497781693361
0.672620264139241	0.213408873137932
-0.631960666018702	0.15447017218279
0.528476382778789	0.189975415538032
0.166691919569473	0.0419536988970269
0.947560352748164	0.251716891447637
-2.57747759965585	0.66335545132302
-0.62503342749082	0.152907838403333
1.95706969381346	0.441073865263096
-0.631960666018702	0.15447017218279
-1.51885466658535	0.541921809220855
2.11129917726432	0.945754517598935
-0.632432130022522	0.154575713959717
0.946727864932674	0.251600896374185
0.665076092013553	0.211028905087732
0.161415729852303	0.0407561524608698
0.66999328440441	0.21269616854207
0.951841444348566	0.252891357699991
0.584187252899481	0.585440610699355
-0.296055657075813	0.260353675031611
-0.838826328867429	1.00851239306492
0.372619981519632	0.338806602165841
1.25184083163916	1.23463273539243
-0.403791383854824	0.433471817903947
0.152289864541204	0.0287035071443224
-2.58120409692147	0.664991486920107
-3.45538437102149	1.2298802093729
0.148503149870495	0.0281892610504199
-1.50954059367664	0.537955828816566
-1.79835097978106	0.382953978270685
2.12133800034702	0.952308998445296
-3.08209765998152	0.963916510480773
1.45476541507032	0.482531337515686
0.166691919569473	0.0419536988970269
0.67196229909328	0.213260403734251
-0.215184417856504	0.0694920488130609
1.45575253921811	0.48289648887464
2.75819631171964	0.770700477263471
3.26252567397545	1.12093560535381
-1.79835097978106	0.382953978270685
-2.57747759965585	0.66335545132302
0.943931183072951	0.250903413595175
0.166311360817904	0.0418484681801843
1.96040941896093	0.441936123238363
-2.58120409692147	0.664991486920107
3.26540429808574	1.12204932755655
1.95706969381346	0.441073865263096
0.152567656731362	0.0287430408348264
1.45514143110378	0.482646568994266
0.152289864541204	0.0287035071443224
-1.79835097978106	0.382953978270685
0.149464413960118	0.0283283450696208
0.152567656731362	0.0287430408348264
1.95706969381346	0.441073865263096
0.361139993198674	0.357243010657033
-0.0674560062863576	0.0482343138856226
0.0128504740101361	0.00866806542228392
0.462173977219677	0.453707517575122
0.77274380805392	0.860823075951634
-1.13521969998424	0.343544374381215
1.45476541507032	0.482531337515686
0.94904571537762	0.252100131683616
-3.46005827230016	1.23260132520798
-1.51330481624892	0.539630991333106
0.153526628680235	0.0288819285189665
0.152567656731362	0.0287430408348264
0.156835118177656	0.0532837121933901
-1.51754153600569	0.541527764023226
1.57935466927394	0.787257527339487
-1.0198546198872	0.40400953786834
1.4596710675352	0.484293847194448
2.75446121880292	0.769079402442662
-1.51494963266618	0.540305848955056
2.75446121880292	0.769079402442662
-0.627829060935039	0.153504607197422
0.943931183072951	0.250903413595175
-0.627367542213354	0.153354696036073
0.947560352748164	0.251716891447637
-0.719194825953782	0.246846541949292
0.948535538575274	0.252058145640786
0.165704597093625	0.0417255219351786
-4.00198333838944	1.73672681142965
-1.13849388307931	0.344614401149477
-0.346493976209143	0.099688871662609
1.45477753319069	0.482433279925562
3.2693078088647	1.12355954880503
0.560472022607451	0.327898753348257
-0.0455889401863887	0.0284193889980383
0.437417532933669	0.351774359989303
0.00182126865853944	0.0010901198716323
0.172523487286947	0.100134323091916
-0.181471830253647	0.097355331571472
1.03852589144703	0.987756652045157
0.152567656731362	0.0287430408348264
0.947097253557627	0.251590606337117
0.948535538575274	0.252058145640786
0.152289864541204	0.0287035071443224
-2.57747759965585	0.66335545132302
-1.79835097978106	0.382953978270685
1.96040941896093	0.441936123238363
2.7554263517449	0.769222911089782
-2.57747759965585	0.66335545132302
-1.13461598703551	0.343230613786831
0.152289864541204	0.0287035071443224
0.951841444348566	0.252891357699991
0.161787544386438	0.0408470066516523
0.531569769786111	0.191033675868866
0.673092310209553	0.213658316206257
3.63685963656738	1.43190397098036
0.166084152255821	0.0418055330790301
3.26452213570095	1.12136276907474
0.947097253557627	0.251590606337117
-4.0033072927183	1.73759879224949
0.168958982800728	0.0502746287941419
0.161809663243855	0.0483223326687324
-0.348139745002389	0.10015256573937
-0.632939126134277	0.15468454480873
1.95706969381346	0.441073865263096
1.95791760701363	0.441280139896969
1.95706969381346	0.441073865263096
3.26540429808574	1.12204932755655
0.748588463252144	0.629049490957636
-0.395035912834189	0.223730902801101
0.308942100050486	0.224478637271305
-0.0879573378853314	0.0700533021994412
0.605160506344722	0.771046924769253
0.812627979719411	0.884807663435501
0.461912725115735	0.453396666778199
0.198898653353739	0.154690927036795
0.294637147653795	0.222455050385238
0.0482767930908078	0.0283369906613877
1.82513230176872	0.715356894962213
-0.342235478378113	0.0984932623692754
0.15626975600377	0.0292821097759299
0.153526628680235	0.0288819285189665
0.168287851014599	0.0422797449011708
0.94807088907188	0.251931335472786
-0.6282908079904	0.153557595992093
0.671634827760764	0.213161681695785
0.948535538575274	0.252058145640786
-2.57747759965585	0.66335545132302
2.7554263517449	0.769222911089782
0.952312839774606	0.25302018984475
0.669826712236336	0.212585182521199
0.165704597093625	0.0417255219351786
3.26352329858721	1.1213740078214
-0.627829060935039	0.153504607197422
1.96040941896093	0.441936123238363
1.45868047865843	0.484047550536175
0.968971014998045	0.96375505232001
0.671757152081342	0.483095356558351
0.994795784822981	1.09337623882843
0.299092164946675	0.236123072629561
0.987731072619682	1.08129182369934
0.408578797689594	0.338817648004454
1.15907950954512	1.324371214317
0.152567656731362	0.0287430408348264
-0.628807341949763	0.15371861128279
0.153526628680235	0.0288819285189665
-0.6282908079904	0.153557595992093
-0.628807341949763	0.15371861128279
-1.13422470394875	0.343215945535417
1.95791760701363	0.441280139896969
-0.342569521377039	0.0986187132378211
-0.627367542213354	0.153354696036073
0.947097253557627	0.251590606337117
0.67196229909328	0.213260403734251
1.45868047865843	0.484047550536175
-0.13025729973757	0.101702467565843
0.373555855238869	0.339687306038878
-0.0965814068948134	0.0682505340947106
0.280256241243086	0.242778888057093
0.949511917528176	0.252227362219882
0.170216206297202	0.0427061060191571
-2.57775304544287	0.66318910114962
0.153247518839476	0.0288421886814327
-0.629267545839357	0.153771215183604
0.153247518839476	0.0288421886814327
2.75349844687128	0.768381126605175
0.94904571537762	0.252100131683616
-1.51330481624892	0.539630991333106
-1.13422470394875	0.343215945535417
0.635585198517102	0.695426704839565
0.431657278527112	0.442713525855888
-0.094226695562478	0.055282382054761
-0.0881707910054738	0.0785835637362153
0.299160613944814	0.245158579604986
-0.378251547381423	0.259852740801168
1.01287712351029	1.21153017872552
0.463598816995555	0.455292702240912
1.82284235164019	0.714002514687227
-1.79827400712943	0.382942964938875
-1.51560015914977	0.540391239685252
0.949511917528176	0.252227362219882
0.94807088907188	0.251931335472786
0.152567656731362	0.0287430408348264
0.170597157616308	0.0428000407476464
-0.628807341949763	0.15371861128279
0.513212048956573	0.327898971811125
0.529356628640302	0.190322462478678
0.708961083952198	0.467707526010415
0.895624253974311	0.483384162679338
0.186271169315347	0.122364690006623
0.66440218545744	0.476619692240927
0.148018032493378	0.0641670694269445
-0.628347365301396	0.153568930486371
-1.13129699285405	0.342278739405472
-0.628807341949763	0.15371861128279
3.26452213570095	1.12136276907474
1.83038440849751	0.717634461368427
0.951331866170054	0.252756684317784
0.621272808630971	0.474226970931277
0.188823886671657	0.117381342981415
0.324243075802225	0.212075202596498
0.847670323750093	0.894214479229842
0.878468232830577	0.655983409382619
-0.0920120072414227	0.0365206831931245
-1.02914313042809	0.408292194963719
-0.719194825953782	0.246846541949292
0.168287851014599	0.0422797449011708
-0.715407313671064	0.245463795469067
0.670977551868057	0.213013404742869
-1.01580640404231	0.402039683595048
3.63584691762689	1.43122630608999
0.159243500678224	0.0475711313965371
1.04304768303814	0.395953390308167
0.15672984402438	0.0468820705997684
-0.624566751454544	0.152757086863399
1.08999102356629	0.672141535752961
-0.724270980279016	0.248747351366331
-0.214063950112808	0.069118756813684
-0.223843768396601	0.0722366853055712
1.95706969381346	0.441073865263096
3.26741012598786	1.1229997006765
1.04118814853393	0.395160512018798
0.153247518839476	0.0288421886814327
-0.213081865270193	0.0688474348075011
0.162742974316792	0.0485792905021731
0.450140464733107	0.346188718994002
0.947560352748164	0.251716891447637
0.94807088907188	0.251931335472786
-0.628347365301396	0.153568930486371
0.677859553614299	0.215095503371154
0.153247518839476	0.0288421886814327
-1.79827400712943	0.382942964938875
0.948535538575274	0.252058145640786
-3.08118534013847	0.963229045953577
3.63787278219551	1.43230843013536
-0.627829060935039	0.153504607197422
0.949511917528176	0.252227362219882
-2.57747759965585	0.66335545132302
-0.342569521377039	0.0986187132378211
3.26352329858721	1.1213740078214
-1.81367378419037	0.73893109819281
-0.62503342749082	0.152907838403333
0.152567656731362	0.0287430408348264
0.166084152255821	0.0418055330790301
1.8261162244369	0.715575956681055
1.95791760701363	0.441280139896969
-2.57747759965585	0.66335545132302
-0.632939126134277	0.15468454480873
0.162400863971746	0.0409830958055786
-1.13422470394875	0.343215945535417
0.829357632482683	0.349871102086347
0.152289864541204	0.0287035071443224
-1.79835097978106	0.382953978270685
2.75349844687128	0.768381126605175
0.161787544386438	0.0408470066516523
2.76098151426891	0.771684650801264
0.165097545701885	0.0415776969264477
3.26640660082579	1.12286745021344
2.75446121880292	0.769079402442662
-0.628807341949763	0.15371861128279
0.165858197331239	0.049441036827577
0.160803134128977	0.0406203249121647
-2.577202278156	0.663064687208724
2.75819631171964	0.770700477263471
0.152567656731362	0.0287430408348264
0.155986207086685	0.0292416787556187
-0.627829060935039	0.153504607197422
0.94807088907188	0.251931335472786
0.948535538575274	0.252058145640786
0.947097253557627	0.251590606337117
-0.627829060935039	0.153504607197422
0.94807088907188	0.251931335472786
0.166691919569473	0.0419536988970269
-0.628347365301396	0.153568930486371
0.153526628680235	0.0288819285189665
-2.57747759965585	0.66335545132302
2.75349844687128	0.768381126605175
0.152289864541204	0.0287035071443224
2.75349844687128	0.768381126605175
1.95706969381346	0.441073865263096
0.153247518839476	0.0288421886814327
-2.577202278156	0.663064687208724
-0.624566751454544	0.152757086863399
2.75819631171964	0.770700477263471
0.167299398578488	0.0420768316112512
1.95791760701363	0.441280139896969
-0.340124379015428	0.0979309335927298
1.82480922054022	0.715302875396814
0.152567656731362	0.0287430408348264
0.943931183072951	0.250903413595175
1.45476541507032	0.482531337515686
1.95791760701363	0.441280139896969
0.165704597093625	0.0417255219351786
2.7554263517449	0.769222911089782
0.149464413960118	0.0283283450696208
2.75722496636877	0.770257049482932
1.04011254131511	0.394696182042935
-0.224065600069808	0.0722916606553217
-1.79827400712943	0.382942964938875
1.45476541507032	0.482531337515686
-1.13362027945245	0.342902172857624
0.951331866170054	0.252756684317784
0.169606362252511	0.0425824743634164
3.63685963656738	1.43190397098036
0.944906190121193	0.251072355848773
2.7554263517449	0.769222911089782
1.82480922054022	0.715302875396814
-1.82352196222375	0.744104973929954
-0.221816427469634	0.0715497660587192
-0.33946832567862	0.0977521416130555
-2.57747759965585	0.66335545132302
-1.80197754639448	0.383903353697165
-3.45598446335482	1.23025555319821
-0.141974700101701	0.0508226116299135
-1.83461746599647	1.1561870835418
-0.516012954828724	0.195311472335776
1.78974238756384	1.00331191838654
-0.514630991185235	0.194661861681357
-0.520581729618906	0.197148689128052
-0.724527840719668	0.248940035798255
-0.346820783252297	0.0997890928773071
-0.348139745002389	0.10015256573937
0.161809663243855	0.0483223326687324
-0.716742797527227	0.245951204867122
0.166311360817904	0.0418484681801843
0.825619212793805	0.347833366414085
0.827517651414872	0.348782006378552
1.96923727351515	1.23469072789957
0.166084152255821	0.0418055330790301
-0.627829060935039	0.153504607197422
0.168126456300357	0.050048821022647
-0.512353993368551	0.193709985793353
0.166084152255821	0.0418055330790301
0.158323275965016	0.0473326847049123
0.160875819484411	0.0480497781693361
-0.347480099168433	0.0999933239977275
0.153526628680235	0.0288819285189665
1.33696922957687	0.585952372928147
-0.712961923361336	0.244465863933162
1.45868047865843	0.484047550536175
0.169986302676761	0.0426507049603473
-3.08255415585823	0.963691003677911
-1.2715791538244	0.57266346760598
-0.346820783252297	0.0997890928773071
-0.633409029549556	0.154789771896201
-1.51330481624892	0.539630991333106
0.152567656731362	0.0287430408348264
0.452455087578574	0.182067894264148
-1.02647704913709	0.407098529252962
-0.142207514098902	0.0509041851864348
-1.81405663489635	0.739163554129331
0.161415729852303	0.0407561524608698
-1.13971461971555	0.345009438584009
0.168287851014599	0.0422797449011708
-0.627829060935039	0.153504607197422
1.95706969381346	0.441073865263096
1.45575253921811	0.48289648887464
1.45415502686182	0.482281800899209
-1.13362027945245	0.342902172857624
1.0452306767165	0.396944800699935
-0.340124379015428	0.0979309335927298
0.153526628680235	0.0288819285189665
1.45769029797448	0.483533280097753
2.12225919819563	0.952782376293716
0.948535538575274	0.252058145640786
0.173530750601275	0.0434258550533535
0.170597157616308	0.0428000407476464
-0.628347365301396	0.153568930486371
0.152289864541204	0.0287035071443224
-1.79827400712943	0.382942964938875
0.153247518839476	0.0288421886814327
-0.627829060935039	0.153504607197422
2.76098151426891	0.771684650801264
0.153526628680235	0.0288819285189665
0.152289864541204	0.0287035071443224
0.148503149870495	0.0281892610504199
3.26452213570095	1.12136276907474
0.670977551868057	0.213013404742869
0.152207512413174	0.0287281007494042
1.46200161799251	0.485043607977997
-0.633409029549556	0.154789771896201
-0.631960666018702	0.15447017218279
-3.08164138813046	0.963767470359232
0.153247518839476	0.0288421886814327
1.95791760701363	0.441280139896969
1.95706969381346	0.441073865263096
-0.633409029549556	0.154789771896201
-1.79827400712943	0.382942964938875
-2.5814875372856	0.665060440379843
-1.13422470394875	0.343215945535417
0.153526628680235	0.0288819285189665
0.94807088907188	0.251931335472786
0.94807088907188	0.251931335472786
1.45575253921811	0.48289648887464
0.153526628680235	0.0288819285189665
1.95791760701363	0.441280139896969
1.96040941896093	0.441936123238363
0.94904571537762	0.252100131683616
-2.57747759965585	0.66335545132302
-1.13482941234436	0.34340642829894
-2.57747759965585	0.66335545132302
-0.342235478378113	0.0984932623692754
1.96040941896093	0.441936123238363
-0.627367542213354	0.153354696036073
0.153526628680235	0.0288819285189665
-1.79827400712943	0.382942964938875
1.45769029797448	0.483533280097753
1.96040941896093	0.441936123238363
0.165318598359952	0.0416114067368304
3.63584691762689	1.43122630608999
3.26640660082579	1.12286745021344
1.45514143110378	0.482646568994266
2.75446121880292	0.769079402442662
0.949511917528176	0.252227362219882
0.171207721440545	0.0429238305772998
-3.08559782341753	0.965445184573826
-0.716742797527227	0.245951204867122
-1.79835097978106	0.382953978270685
0.152289864541204	0.0287035071443224
0.15626975600377	0.0292821097759299
0.166528409127177	0.0496297620210776
0.537822771634915	0.193597818709898
-0.343223291761604	0.0987971723984263
0.670649872073233	0.212844236167521
0.153247518839476	0.0288421886814327
3.6409027894866	1.43427384419709
1.45476541507032	0.482531337515686
0.168287851014599	0.0422797449011708
1.95706969381346	0.441073865263096
0.152567656731362	0.0287430408348264
0.674079709901257	0.214036050556618
-0.627829060935039	0.153504607197422
0.675727856461394	0.214455585681223
-0.628807341949763	0.15371861128279
-0.721072169669292	0.247553433626533
0.950862031539505	0.252628333014658
0.670319945898335	0.212719010726886
0.152567656731362	0.0287430408348264
1.45575253921811	0.48289648887464
-2.06750813492524	0.942214241335458
1.8267779804798	0.715938237415135
-0.215184417856504	0.0694920488130609
1.8267779804798	0.715938237415135
0.826058603447256	0.34818473678636
0.152567656731362	0.0287430408348264
-0.627829060935039	0.153504607197422
0.165704597093625	0.0417255219351786
0.168996227736906	0.0424334312831713
-1.79827400712943	0.382942964938875
-0.211147146065051	0.0682441817050335
0.166084152255821	0.0418055330790301
-1.13422470394875	0.343215945535417
-1.02140349604103	0.40462053419898
-1.51754153600569	0.541527764023226
-0.13820927510853	0.049531032348743
0.537164857593467	0.193341885349058
0.670319945898335	0.212719010726886
-0.138800921990177	0.0497365758407977
0.908223326463872	0.49152217183596
-0.217125035480824	0.0701153429967156
-0.34437786413669	0.0991240395491601
2.57088390896178	1.43183047331753
1.82316587137561	0.714400972353312
0.161139089918031	0.0481199615651925
-0.214295623660532	0.0692156550779169
1.83137413625852	0.718303982282656
0.824597524529586	0.347415264205767
0.948535538575274	0.252058145640786
-0.34780711222598	0.100028606261835
-0.343557529393447	0.098858556674811
0.67196229909328	0.213260403734251
0.168287851014599	0.0422797449011708
1.03891215300373	0.394007867391054
-0.141974700101701	0.0508226116299135
-0.335356520627326	0.0965946296543176
0.449846097769576	0.180981984312599
0.161410373272502	0.0481834890034794
0.168126456300357	0.050048821022647
-0.348465736253515	0.100232718134072
1.27793156796812	0.705158655511195
0.166084152255821	0.0418055330790301
0.168287851014599	0.0422797449011708
0.165594211957363	0.0493598676029419
-2.57747759965585	0.66335545132302
0.536938645245252	0.193260647952111
-0.102767218444065	0.040753392444288
-0.724527840719668	0.248940035798255
0.157212954461689	0.0603521678958182
0.157034388740604	0.0533466278590803
-1.51084659522504	0.538498609405326
-1.13521969998424	0.343544374381215
2.11623613123944	0.948962502898558
1.45378984515444	0.482188083152346
-0.342569521377039	0.0986187132378211
-0.718527169744358	0.246584376429975
0.155572557197279	0.052867342174464
0.671634827760764	0.213161681695785
-0.764348057314127	0.332483080084793
-0.143315353927409	0.0513295091165195
-0.341581022610314	0.0983147602836231
-1.82003859074053	0.742440609774219
0.398769864448762	0.180340970883948
1.0423751179533	0.395795368074734
-0.300815787053256	0.138179061037765
0.153526628680235	0.0288819285189665
-1.51494963266618	0.540305848955056
0.153807926197237	0.0590287956660926
1.82513230176872	0.715356894962213
1.82382554957858	0.714761900200066
-1.51330481624892	0.539630991333106
0.168287851014599	0.0422797449011708
4.17878862353177	2.01475890584611
-0.214952210282499	0.0694159656881339
1.45377869768284	0.481973964249078
0.163880859280481	0.0555773798404558
2.11822736872309	0.950292276417873
-0.208948057982482	0.0675224059794646
-1.66418905182525	0.938668903902254
0.163413249256128	0.0487677019311828
0.162081946537912	0.0483609353278891
3.93239771555821	1.72663889812751
-1.81272640846626	0.738384406689963
0.949511917528176	0.252227362219882
1.4596710675352	0.484293847194448
-0.343223291761604	0.0987971723984263
0.153358080820019	0.052122814995084
0.668353267812949	0.212009001891351
-1.51494963266618	0.540305848955056
2.7554263517449	0.769222911089782
0.153526628680235	0.0288819285189665
0.673092310209553	0.213658316206257
-1.79835097978106	0.382953978270685
3.26540429808574	1.12204932755655
0.669336367317634	0.21240221601861
1.33432841091739	0.584762055165741
0.952312839774606	0.25302018984475
0.167299398578488	0.0420768316112512
0.159311548972865	0.0540967488137483
-0.714740016915776	0.245140359576086
0.152567656731362	0.0287430408348264
-0.338476676785739	0.0974822237690529
0.152567656731362	0.0287430408348264
1.33542918143198	0.585518840032983
-0.627829060935039	0.153504607197422
-1.51395570496283	0.539857861420258
0.153526628680235	0.0288819285189665
0.94807088907188	0.251931335472786
0.946727864932674	0.251600896374185
0.152567656731362	0.0287430408348264
2.75446121880292	0.769079402442662
1.95706969381346	0.441073865263096
1.95791760701363	0.441280139896969
2.75722496636877	0.770257049482932
2.75349844687128	0.768381126605175
2.75446121880292	0.769079402442662
2.75349844687128	0.768381126605175
