x	y
-1.79835097978106	0.382953978270685
-1.79827400712943	0.382942964938875
-1.79835097978106	0.382953978270685
-1.79827400712943	0.382942964938875
-2.57747759965585	0.66335545132302
-1.79835097978106	0.382953978270685
-0.946969329031327	0.581326941842926
-0.588969897322995	0.478053514246487
-0.875409881029685	0.805496762048706
-0.260634617976057	0.163008380376478
-0.775251729011073	0.835748124449233
0.179822102049481	0.111397258155319
-0.477050159964919	0.249672201573266
-0.450734430146256	0.299774800156296
-0.243534256402691	0.179871758599624
-0.022634824203934	0.0144441387294223
-0.363956478841793	0.312957807659525
0.0985078253928021	0.0700624830557781
-0.911967160716241	0.666493942402807
0.187801049813311	0.116692604260024
-0.55734623698908	0.504853145357682
0.311138144932824	0.226355770796017
-0.279306494222315	0.202158991705061
-0.567043109005617	0.549354518366054
-0.519616203391804	0.602403546878215
-0.236569658571361	0.2111626859445
-0.0682723514167804	0.0499113700213849
-0.296599524413803	0.287130024878786
-0.458065962527565	0.517009214054462
-0.548833653689805	0.494970227649957
-1.13582369620544	0.343734699942405
0.904026907102766	0.488357757904387
-0.299919991719402	0.2644201936486
-0.179175165967278	0.119248364627103
-0.0938939767979524	0.055071701847409
-0.010926436181272	0.00533086013824581
0.0533301096249039	0.0402838492874477
-0.136225478791232	0.106765195846914
-0.697631021861428	0.662454969305794
-0.134826610459418	0.126575379154572
-0.323618584139568	0.194210313686082
-0.0275542432108475	0.020280466190978
-0.569906781086087	0.415469862559446
-0.156185977327277	0.106738216548495
-0.501166089320561	0.378015003480681
-0.0631285882401566	0.0382880607362999
-0.0639369491446976	0.0387807068143906
-0.521378959845478	0.197412865785541
-1.48629991281683	0.751825329963155
-0.333165851756018	0.314197760216146
0.289027216551831	0.235490529413761
-0.526779871695062	0.517701023596799
-0.0363546142562384	0.0267878819954343
-0.217677028029406	0.140971615836427
-0.127005494347564	0.0990003095081387
-0.643810908317632	0.381402615861312
-0.177420747456417	0.0951315536458968
-0.287308285607568	0.23123423223332
-0.473150652937331	0.400308059831857
-0.565474029850681	0.547287810070311
-0.436385117498875	0.434076189888489
-0.151890494792463	0.1287975079121
-0.935253358685293	0.986425477426727
-0.0843366296277321	0.0670320128434809
-0.451055321868092	0.416491691974202
0.966383413841192	0.958919328232042
0.627070398175013	0.590532342439369
0.173195430580176	0.107107658583553
-0.261684041040244	0.163737608223869
-0.707098956921746	0.674885889464161
0.17646696051995	0.115356297976218
0.419199829700426	0.333633726398869
0.394030581204425	0.178231209368539
-0.917602266730608	0.672835216523004
-1.08762708649285	0.743572300267319
-1.03123947690283	0.824823157093992
0.0985646157714183	0.0700627240484439
-0.291586023685822	0.235273565605491
-0.0581597431340913	0.0472936308960836
0.073114898192854	0.0588543416418596
-0.491788179356935	0.258715870019332
-0.183999285221434	0.0987716587197222
-0.724941080754783	0.248928107914991
-1.98498434761653	1.38772270507125
-0.0933201156021971	0.0547224913936501
-0.0975081149242335	0.0689188189028124
-0.0368483577433165	0.0276096894238633
0.7403482856241	0.6196866787439
-0.293242230375648	0.23682269125013
-0.293304010799216	0.300975118190252
-0.515770253878597	0.503910067940932
-0.466739979339048	0.393663625709229
-0.0311043320024502	0.0261154892486637
-0.377389752927127	0.382320123086752
0.108753355827993	0.0803488569235426
-0.0896577514054807	0.0714588428770538
-0.780513353961308	0.668726127129398
-0.987895820446451	1.16970027022168
0.312973312924866	0.216282396453719
-1.20197894597946	1.3993058570494
-1.59401113971761	1.89503829394947
-2.46894303570492	1.37611092646128
-1.81300911296951	0.738319190977208
-0.509712932254254	0.495508299137968
-1.0248062518465	1.14988715427614
0.0940032945342306	0.0642872944314862
-0.114036129519483	0.0789694991740998
-0.94506097340944	0.579811080346305
-0.643427823349765	0.381319703316888
-0.499379656815827	0.37624698337796
-0.25510256290707	0.22454591436906
0.0832115873338239	0.0690762661916223
-0.586605790561819	0.60734316552558
-0.592466848219187	0.832024818330931
-0.0735404111194644	0.0592603937368275
-0.770433839776824	0.878849391189507
0.802396013401446	0.964588058597757
0.399241408500076	0.343048580780128
-0.176286329473449	0.133992602513222
1.25225778467626	1.23678771155164
0.555527236673165	0.465951008961351
-0.075908369345882	0.0544736844465657
0.803575706302165	0.640888016584174
-1.51200399758817	0.538851635748943
-0.339133418750055	0.0976611246838527
-0.266485281222726	0.167105913498525
-0.28697301544232	0.230830891097971
0.603344192710375	0.586579499934889
-0.600740335564304	0.287548847602364
-0.102556725640385	0.0602655982652316
0.206765940901704	0.17206261937472
-0.887475872459761	1.17123602589359
-0.625455979812024	0.600001164121553
1.08712210281588	1.27679516412291
-0.0961574322926381	0.0679232498422371
-0.687222326574803	0.600572494864631
0.998332327254439	1.09872014862951
-0.233943346186835	0.171917227022453
-0.415504607148943	0.354964065722557
0.967819564538834	0.961576971023896
-0.322227354971019	0.255260408709746
-1.08842896599528	1.04769670296818
0.51229232189822	0.327164283033691
0.700985364876845	0.329047111516529
-0.211380351297293	0.0682941197149795
-0.214527945453891	0.0692825908233493
0.164083222967104	0.0489409806828746
-0.391082329839111	0.221318392821888
-0.489102925828153	0.444747378266083
-0.530459268678866	0.335390586294305
-0.975998884364099	0.483147489694105
0.0381810394492989	0.0209453127632726
0.069414432830497	0.0451827081218886
-0.698722678249489	0.71036971388349
-0.0867185170022074	0.0690073389379641
-0.833098274144604	0.940959525388137
0.304698970026217	0.241204378607284
0.0678392507642085	0.0421391327622793
-0.179899856343783	0.15186906851716
0.859939604005674	0.787921494866144
0.0527050109290003	0.0309169683231744
-0.615640710031439	0.548394720900831
-0.556520739838828	0.503741192157006
0.533693245976884	0.465580513372714
0.826058603447256	0.34818473678636
0.947560352748164	0.251716891447637
-0.100620133121664	0.0399225148086401
-0.397492776830122	0.225386992250028
-0.385361233206147	0.265610410324794
-1.16305429075171	0.651431133105286
-0.212150574931649	0.137064234017458
-0.0235736571232107	0.0150263129950525
-0.381359683911399	0.331300548598191
-0.600177273447977	0.489687235163655
-0.0598035282987428	0.048667294407975
-0.4200425891593	0.321309686078005
-0.200203424805684	0.149513086524874
0.793705184933233	0.630939926796872
0.853458526284002	0.903309013176986
0.297922004672223	0.235044657857964
1.00165207670369	0.824351998581573
-0.127183920636796	0.0991364921185347
1.06427914613262	1.13592695784177
-1.58386815387258	1.87457040041403
1.45947493189495	0.913614312131331
0.452961599946436	0.328537075070429
0.378354983282698	0.192386170440858
-0.0257829651330718	0.0120940622120306
0.453611115677461	0.182669846803673
-0.276445127304546	0.246809526848063
-0.408701388852709	0.347391178411441
0.390559616293226	0.333938149428938
-0.864703510172931	0.863274284192039
0.0851510413705105	0.0580593032696824
0.18248095989992	0.113251606028449
0.595610307619285	0.576789623308886
-1.14248573071937	0.993373265449009
-0.00367082571045679	0.00240661472012874
0.315428601965098	0.205499623507456
-0.040135320234862	0.0250170050123497
0.441413909483809	0.337855837968473
-0.0477570291025415	0.0209250817647642
0.121005115224308	0.0928807608561058
0.0337104814234427	0.0245403493348886
0.188591224721246	0.117323756774915
-0.244413003571554	0.180668072956182
-0.566815520851527	0.412647408258287
0.798365662083572	0.480848835825377
-0.60491353971316	0.290239302747195
-0.832971088466709	1.05336760692921
-0.0452811860819817	0.0328360698455662
-0.426284608847871	0.421349847849228
0.208591814481099	0.229706624999737
-0.176397777125699	0.0945079690873259
-0.173554647633862	0.0929568316026597
-0.887029742759169	0.7372221574159
0.170653335448704	0.0989501325185285
-0.180140498411723	0.119922269931289
1.24207838051106	1.0525688844889
0.613655135559704	0.599744874667572
0.343406377762599	0.192271372581543
0.404529331569843	0.334521731225957
0.0340674581546529	0.0187098334975356
-0.137998357590743	0.078002324622185
0.215118414359125	0.190314638105696
0.208871524972078	0.202183415270355
0.00914711851473952	0.00816239960219381
0.256273019673266	0.297649161530872
-0.460702800359348	0.571696641321756
0.903476739211085	0.927147770496811
0.771941251322615	0.764084683971113
-0.106577638641378	0.0626948550994586
-0.488640698669304	0.444196012844088
-1.05678714817296	1.31508342484682
-0.53444237346808	0.338192532927659
-0.202425814783277	0.151351923836753
-0.402829226829443	0.403844486243003
0.161269420599483	0.0783680437507676
-0.262343519927451	0.214729030778124
-1.97512174954876	1.37381094734257
-0.0248884626540009	0.0116849837626195
1.70515335813359	2.30964430772488
0.871238517807277	0.648631406192411
-0.381769511784688	0.262689449349466
-0.305820815834773	0.140560121358743
-0.101729924963242	0.0597739136184207
1.05942993912918	1.12820589487553
-0.488450320249166	0.366092696149273
0.12985070809653	0.103141918354864
-0.83863033101188	1.00720587125012
-0.245116541215996	0.181160102136857
0.000683125702781327	0.000375225139476242
-1.49732704527634	1.90412091305709
-0.323294296381186	0.228478257715323
-0.403379897991363	0.229219814670598
1.69426808059733	1.97877935477661
0.331603309209208	0.231136425742407
-0.33887782518524	0.270865751171003
0.191273884725715	0.137663237796637
-0.64474119597277	0.382385310135513
-0.303504111060532	0.268136201976102
-0.0915506431049688	0.0645176064944254
0.300758135002115	0.237631263644576
0.584805466423589	0.469961022320842
1.03890320102315	0.987892555154587
-0.409442949922449	0.348373056274292
0.346893255264877	0.194607405182042
-0.153461690944651	0.118427200649069
-0.958409012595998	0.938640416612384
-0.335960938655087	0.26825161315569
0.317173488850378	0.219704135582874
-0.530844127850599	0.441669188232083
-0.0633429744808621	0.0462322879196248
0.0273003242036964	0.0150428970884194
-0.281005156894917	0.203562769803423
0.197742590785873	0.148423423167317
0.345478668579187	0.19338594637561
-0.17036224372694	0.0910731882744212
-0.264260370512566	0.165529875602628
0.895071119657986	0.482393475982417
-0.644133695110151	0.380996283374179
0.177992930809546	0.10354932883528
-0.27262443049558	0.171357186138283
-1.08893456664171	1.0482072320959
-0.613273109020802	0.295003851904334
-1.07913938510204	0.7350411922702
-0.177826066927504	0.118232810978315
-0.0673383500672476	0.0408667363096826
-0.247305291442288	0.183006407197064
-0.588276095790861	0.609938568221796
0.186533105133368	0.128396442619852
-0.0571459984784836	0.034638626229758
-0.787643502618015	0.521354794587752
-0.383657131386698	0.21649996168032
-0.177856956083198	0.095373213365146
0.0463137192639469	0.0338425549380471
-0.667925367681063	0.774976589552958
-1.04783737076569	1.09334390493169
-0.320682065108915	0.277575921538619
-0.681088720015472	0.540280563622666
-0.0570951483963467	0.0415637176960612
-0.695634361806047	0.610812713977838
-1.18241252768947	1.21533630479306
0.181081479071448	0.11226128979842
-0.13647170835872	0.0771385850134353
0.165723142006837	0.0805477705864705
-0.21049146922482	0.0680355104001863
1.11474627403828	0.853458202429825
0.923295125053569	0.807033888625212
0.148015450043647	0.0718040253046164
1.66294013502912	1.57466535601483
-1.15438658262079	0.644277527372896
-0.772171988719735	0.830825706715632
-0.555171695755076	0.502363273793505
0.023261590988958	0.0163579669119092
0.529932665540762	0.461173414562695
-0.0989210314388497	0.0699696016539125
-0.0662214132886163	0.0401753548139663
0.518634761934694	0.332155304952956
-0.125868904842752	0.0980560478396482
0.0789782784217315	0.0515468655780189
-0.525034913371966	0.43564457043319
-0.186544719808065	0.158086074216318
-0.69953939475564	0.755122058391296
-0.784495186551315	0.736914582273056
-0.146487624652015	0.0996613815610712
0.048253285930457	0.0282864534842581
-0.549998679987802	0.496102947125215
1.09368224089867	0.674468755504322
0.792810478898704	0.629988220260821
0.548123527173282	0.319144656762855
-0.790238565760817	0.431560255443424
-0.525910318101456	0.19924571432488
-1.27116604563861	0.572193864598171
-1.48322009253632	0.749647504548096
0.305102765491671	0.241602214988435
-1.20661409597057	1.54783221274238
0.721677785420358	0.478381950011841
0.347344425721734	0.194772079650525
-0.785959866525711	0.428332762765238
-0.775113765646069	0.724786103816777
-0.590279148309376	0.479428027040894
-0.626053386573336	0.600645999295429
0.407173998277766	0.351457911708056
-0.405629676256845	0.377088416648155
-1.1922747535161	1.38090025596714
-0.460990258497866	0.387451485364799
-0.869596113890007	0.797924233392874
-0.593843043642421	0.483150689142589
-0.134750747005713	0.0760816655239597
0.337980135011191	0.206552355545834
-0.756063548905246	0.32802699396131
-0.181164059988274	0.0972213628802988
-0.135626923799718	0.048632694630945
-0.227823297382107	0.113820515316164
-0.790238565760817	0.431560255443424
0.155372593274282	0.0528040448022981
-0.147885590638314	0.0529408011142971
0.698954674481218	0.327863974793786
-0.920026934633363	0.674145588956703
-0.352742379173712	0.101393569891827
-1.79827400712943	0.382942964938875
-2.27757421421721	1.15023191568929
-0.495043504738699	0.372142491292786
-0.332315468751236	0.289961851041633
-0.275286457870763	0.198656919427026
-1.15748656641907	0.646551425586653
-0.179114735129167	0.0960261548744686
0.349034404903015	0.195900482904471
-0.225868850781884	0.186311816062401
-0.188580830935074	0.174249762494217
-0.49897171163279	0.375836639194011
-0.145192147616621	0.0987386041786705
-0.236031546704444	0.173678876770262
0.896557714738345	0.917042256997219
0.583579962814737	0.46852928125829
0.168911272179313	0.097938794683797
-0.0986466777636081	0.05793062320313
-0.641555877544457	0.379423590132862
-0.629159511493121	0.153871316504896
0.150900005448868	0.0579529434764277
-0.230396557733212	0.115186504510009
-2.5814875372856	0.665060440379843
0.163413249256128	0.0487677019311828
0.15868166261938	0.0538850546392354
0.157212954461689	0.0603521678958182
2.35878846447229	1.18271409533286
1.82414885065892	0.714941399976917
0.164727030681042	0.0882658209563581
-0.454346471862613	0.302679443996214
-0.889750447155018	0.74042777333711
-0.946607647106069	0.5817124576035
-3.08118534013847	0.963229045953577
-1.79827400712943	0.382942964938875
0.148503149870495	0.0281892610504199
-2.58120409692147	0.664991486920107
-0.352742379173712	0.101393569891827
-0.0700008526750725	0.0424856426300011
-0.28114107695036	0.203540644836385
-0.943881990376361	0.999723378790949
-0.617089838864847	0.749800635618832
0.194133412800337	0.177753495944102
-0.150155270610021	0.102360215436003
-0.260415052950361	0.21307472120438
-0.262102167413174	0.164039157546639
-1.42905063468489	1.52089961851641
0.00874926416704435	0.00445312243226784
-0.720776776165098	0.956610713265917
-0.206659203229401	0.154957842800973
-0.906343576737132	1.08109664222349
-0.436465393625865	0.336833808728133
0.112411954011277	0.0858725073133046
0.745092412067447	0.625427387257888
-0.309911899186146	0.184975034183104
-0.524767655617516	0.515202607281124
-1.21162500819963	0.912256209463014
0.452455087578574	0.182067894264148
0.166307199190119	0.0418280240782314
0.165704597093625	0.0417255219351786
-0.0948562442147589	0.0376480394954317
-0.341581022610314	0.0983147602836231
4.39003358213436	2.29268228354723
-0.214295623660532	0.0692156550779169
-0.516726487620638	0.195487204534031
-0.0464173011107315	0.0203643205680627
-0.568816459945551	0.414333956655538
-0.910625731816372	0.665305600418311
-0.378588158817074	0.259986585286783
-0.450250967487765	0.299387547984734
-0.00173978382926605	0.000656347220793827
0.186514058867074	0.122385636442421
-0.636595009299526	0.155524812409654
-0.34191607535368	0.0984089732924219
-0.34191607535368	0.0984089732924219
0.16207239788399	0.0483767472480761
-1.01394764579245	0.401035955536872
-0.48004791038719	0.251496765511263
0.152937417640883	0.0458047163258354
-1.79835097978106	0.382953978270685
-0.985410747598894	0.880515540877761
0.0656255618505423	0.040728948361377
-0.383978908979991	0.264408901041416
0.0876396415583325	0.0573608136666503
-0.287072792311376	0.230953903965249
-0.127537783754867	0.0994166621226855
0.357134927608535	0.352347332433968
-0.628847928074356	0.60434906137724
-0.276499026557214	0.199730329192831
-0.887909322828329	0.73832462189656
-0.536826810883351	0.340196124798855
-1.48287405216268	0.749718971295909
-0.391082329839111	0.221318392821888
-0.682986729456425	0.542653378061893
-0.576121950860324	0.592816153065366
0.288642786997467	0.251397292269538
-0.116631915063785	0.0808184510651407
-0.535085517610554	0.626864180272725
-0.572033481362807	0.555607631137329
-0.466883720816231	0.393778849655995
0.0793458222674829	0.0539642516867266
-0.318249228993773	0.190689876228234
-0.436067133062116	0.336451598192824
-1.65805118748206	2.0623547147778
-0.515466779883267	0.194997679323859
0.166786027725508	0.0496866477008084
0.827704624415871	0.348914560526735
-1.13582369620544	0.343734699942405
-1.13422470394875	0.343215945535417
-0.343223291761604	0.0987971723984263
0.5302361559562	0.190641185309064
-0.141613477265566	0.0506925453352637
-1.01645966379821	0.402385802038174
1.34553234704893	1.59326322314754
-0.0657908650279836	0.0399212107599571
0.660432279917854	0.472149531100408
0.485004544593352	0.333256155194671
-1.59802230262221	1.22793137919169
0.463652917334685	0.337871191343903
-0.177175701377068	0.0949508356635304
-0.627367542213354	0.153354696036073
1.45377869768284	0.481973964249078
1.82890866226964	0.717371086523666
2.75446121880292	0.769079402442662
-2.577202278156	0.663064687208724
0.149464413960118	0.0283283450696208
-0.519750069619239	0.196813590651588
0.152289864541204	0.0287035071443224
-1.50608265862103	1.69398650390438
-0.378714629083267	0.297070992528564
0.0322704987922364	0.0177526867520535
-0.835881836895685	1.00332243726884
-0.205334301110328	0.153855375700987
-1.50330596385274	2.35870902098115
-0.180877017823641	0.120462708685856
-0.0904739980251054	0.0637446133600135
-0.779142311047064	0.423484587015315
0.961939379436086	0.655529838660108
1.7805677065837	1.39840682383899
0.153495886133074	0.0589183681974845
1.11304432973083	0.851594812651364
-0.103797993645223	0.071496970361834
-0.778148106955161	0.666064779885466
-1.08533528801657	1.2757865516503
-0.0889273173372724	0.0625870626100946
-0.772921643585952	0.932253671164204
-0.358681292786568	0.358774722276273
-0.151539271048846	0.128480207476312
-0.290364242618464	0.234108946711898
-1.96855877575022	2.51619107933234
-1.95777467217341	2.49113657586474
0.177619172041702	0.0954442574689242
-0.77529482716868	0.662817266275139
1.78249522118869	0.997760509630804
-0.138442383117071	0.0496040168810717
-1.13521969998424	0.343544374381215
-0.340932333232492	0.0981240992107495
-0.217847425991581	0.0703290667554712
0.162479935061762	0.0485106492306684
-1.01842108328986	0.403115944789866
-0.768587287399247	0.33465387569698
-1.71557582893671	1.44233071520648
0.933978201219334	0.81951504565714
0.339990842859868	0.208066002583257
0.0549562635846446	0.0322466974743445
-0.673211999450639	0.532418983242312
-0.0611357357480462	0.0266001338163123
-0.396443511719729	0.165202500079027
0.167513062115111	0.081448318848558
-0.0862144448816731	0.0343069933660626
-1.79827400712943	0.382942964938875
-0.62503342749082	0.152907838403333
2.75349844687128	0.768381126605175
-0.629159511493121	0.153871316504896
-1.13362027945245	0.342902172857624
0.170597157616308	0.0428000407476464
0.169606362252511	0.0425824743634164
-0.499848340695685	0.376813774198635
-0.051496720671918	0.0374069567044586
-0.0701386125554517	0.0502144984612979
-0.0947785734577423	0.0669130492377465
0.105130740252134	0.0775380158570995
-0.134977634997099	0.117987387340578
0.213759018354383	0.183856121588171
-0.0891130379539154	0.0354263445785917
-0.877329779520747	0.807905844840564
-0.217125035480824	0.0701153429967156
0.14718353851438	0.0565368961355523
-1.15592382697195	0.646233562436974
0.171539769452401	0.105931683043326
0.365342189315939	0.351997020532351
0.0453068850629375	0.0341209427519417
-0.25482946820716	0.207632504571204
-0.697051313756467	0.707304538704186
-0.24943143869363	0.258025049561169
-0.774458086208497	0.934739637843706
-0.340086030513766	0.322176560187817
-0.522440378121211	0.606931032532122
-0.32778170799764	0.232251360702537
-0.102632095396071	0.0603158293940323
-0.329550692141093	0.262204499305663
-0.96167146144284	0.943871975746596
0.515236796875892	0.329475784455993
-3.75401437740445	1.48667662741171
-1.2754256868914	0.575104153105112
-1.03091489329319	0.409127661825582
0.00230515697523371	0.00170831039878193
0.9063045840499	0.49071100267861
-0.695781747920124	0.659944268800817
0.187172732227482	0.123018938138315
-0.914361119170683	0.669423344036119
1.09713280243652	0.677837176484856
0.369305437985135	0.187344331310249
2.76098151426891	0.771684650801264
-1.13521969998424	0.343544374381215
-1.79835097978106	0.382953978270685
0.162479935061762	0.0485106492306684
-3.45538437102149	1.2298802093729
0.162479935061762	0.0485106492306684
-1.13582369620544	0.343734699942405
-0.335836476847375	0.267927736618697
-0.315578333659606	0.272174601881783
-0.425100089109025	0.326173048876466
-0.165315183779139	0.141445268295352
-0.109080931028709	0.0753375028667771
-0.0491402693609893	0.0306098254085556
0.944633674880375	1.06947046570007
0.402717622734649	0.182398172349761
0.829837689870644	0.349992621607774
-0.215218791242253	0.139245917362414
-0.453572792396916	0.301848184070369
-0.129882072903997	0.113148588692575
0.0232937253299013	0.0163819742164492
-0.0760135427958532	0.0545578109176717
-0.455966022718869	0.56382941134662
-0.256489992548792	0.209307688903432
-0.362227177276881	0.338127550671905
-1.03094622522541	0.823133191836963
-0.783267180690348	0.672130394385194
-0.17654995291325	0.117358895104659
-0.327280253284674	0.231886797886636
0.697426890245983	0.611709382660358
2.3666627562819	1.18851493231385
-0.139267738887124	0.0498744236123017
-0.174029222154913	0.115531372798517
-0.465421735851104	0.392212287054792
0.0938688038997066	0.064188031227819
-0.392970158943277	0.222219534932444
-1.51395570496283	0.539857861420258
-0.445785428825825	0.295681172916531
0.149687956850686	0.064934970211133
1.57460112976731	0.783658047820779
-0.628347365301396	0.153568930486371
-0.339602708385323	0.097759164273545
0.166311360817904	0.0418484681801843
-0.627367542213354	0.153354696036073
0.16707117146508	0.0420080923591852
-1.02624181092562	0.407113610404842
-2.28286660464987	1.15469324870339
-0.211541605787251	0.0683711766000951
-0.98395085257884	0.487945557727819
-1.60478410953356	1.23808506914737
-0.630123133309917	0.605821775400497
-0.298999271853395	0.137289829714451
-0.770016488806791	0.335285011373904
-0.890076671602336	1.17683661731794
-0.111819633360793	0.0884145201168121
-0.542683235706539	0.566993336464003
-0.0433268231161687	0.0319385552335822
-1.33551251098256	1.70727020545102
-0.688949193450436	0.603051083080289
0.179472902593367	0.111160037603758
0.339990842859868	0.208066002583257
0.962209947957727	0.953942210402712
1.15529054380059	1.31792072999432
0.559619881070334	0.32723827924964
-3.08559782341753	0.965445184573826
-0.346493976209143	0.099688871662609
-1.33187046895723	0.837928516784145
-0.511312418026602	0.193302575730068
-0.183381059819766	0.0984772918611787
-0.0907824444601375	0.0639655306610162
-0.602227332668733	0.288745457812874
0.323852725312479	0.211815553088492
-1.4440789806309	1.29382303882862
-0.781136798351403	0.424865941033009
-2.57747759965585	0.66335545132302
0.153526628680235	0.0288819285189665
-1.13422470394875	0.343215945535417
0.162400863971746	0.0409830958055786
-1.13422470394875	0.343215945535417
-1.51429942551804	0.540079204882619
0.151876172846442	0.0582912127370879
-0.62503342749082	0.152907838403333
-0.767523934479266	0.334015614821553
-0.628807341949763	0.15371861128279
-0.597997581530844	0.487457916691496
-0.143034785337113	0.0511857384265564
-1.0198546198872	0.40400953786834
-0.773230320784067	0.932527728234259
0.579104778576702	0.578335056705663
0.316436874758573	0.363781969739304
0.0672616707161169	0.0539859872250751
0.032784039475118	0.0278969121841079
0.0315116772166752	0.0229431727476506
-0.584876154154299	0.605206469075102
-0.429078785943121	0.424891696134617
-0.146627579180018	0.0997154526283458
-0.335216547671643	0.293030898507396
0.187231647060747	0.128932153078653
0.286944563155459	0.249639046040804
0.470743742386435	0.448250380077046
0.0244164445360328	0.0171485644199426
-0.320288495692417	0.192029097162403
0.66999328440441	0.21269616854207
-0.343557529393447	0.098858556674811
-2.07257723304586	0.945362560628568
-1.66846033956982	0.941441489488571
0.606210584936848	0.317818336959666
-0.424586217469785	0.325574640960065
1.32689666827045	1.55700637930466
0.199096782752605	0.143855958517928
-0.0951248501423522	0.0558216304690176
-0.0204015510605315	0.0130405373651735
-1.08272527176299	0.738806782137066
0.148503149870495	0.0281892610504199
-0.342726271867257	0.0986497538337671
-1.13521969998424	0.343544374381215
0.166311360817904	0.0418484681801843
-2.07192382747806	0.944662982400141
0.153247518839476	0.0288421886814327
-0.268374340990975	0.168350445917508
-0.532331284759907	0.33674266020988
-0.603533747156033	0.289704932966888
0.151513479989601	0.0515213325333355
-0.373107725075433	0.291764050259886
0.201671498378895	0.157102423505262
0.214359931033963	0.189456313238229
-0.381753830808909	0.262629303148097
-0.329019804440329	0.261685099656513
-0.0510427291521432	0.0420287408870266
-0.468049539128036	0.394871590166095
-0.0188523069334176	0.012059801438244
-0.210442545245871	0.158142051894077
-0.155429966415929	0.132114485487398
0.120116917064109	0.0921605480359733
0.378110317381365	0.356232673946515
-0.129110356614879	0.0727916873556107
-0.359561326516617	0.335049909813712
-1.14091531159425	1.39787101203461
-0.323697541239311	0.228825535505304
0.00857409999320896	0.00438917516026478
2.04130370590202	1.94936342238802
-0.0251194160408973	0.0117784882966811
0.151274573096637	0.0514384346007802
-0.767761488763089	0.3340892272935
-1.13422470394875	0.343215945535417
-0.143083504265613	0.0512551019499494
-0.228961564850984	0.114353262369179
-0.0938844786016753	0.0372437459496391
-0.488001860652102	0.256368102780648
-0.37963873471568	0.260910979147123
-0.387385431772182	0.161121365928577
-0.794742951996404	0.434895605653972
0.102688623269313	0.0756164118713755
0.0101448014514437	0.00514143712384894
0.331123982573946	0.201832130325212
1.48612741071466	1.50521535121941
-0.79101999440297	0.524492045232693
-0.140127789038819	0.0502065341207036
-0.633409029549556	0.154789771896201
-1.79827400712943	0.382942964938875
-0.767523934479266	0.334015614821553
0.153247518839476	0.0288421886814327
-0.348465736253515	0.100232718134072
-0.631960666018702	0.15447017218279
-0.29973666639457	0.264244336452696
-0.389020895129077	0.219846878214498
0.00697677678946178	0.00358315385493964
-1.48664479678676	0.752116672408127
-0.779142311047064	0.423484587015315
-0.779642927752992	0.423859449473136
-0.893711210666523	0.744186940786625
-0.394610955288451	0.364282773936627
0.0159639373487684	0.0107501010348015
-0.112237300893861	0.0887279063341916
-0.402729565239757	0.373671934063627
-0.0181906270156264	0.0153874381845336
-0.960651111952844	0.942319677718796
-0.300231464577275	0.243354999370029
-0.379784672618929	0.297955771508214
-0.468183513488201	0.395135658232158
-0.59417292524945	0.650439528184299
-0.041068705441754	0.0302688405381486
0.665432445670128	0.608221174562708
0.107969188499167	0.0797557061466746
0.407986684941726	0.338088898226117
-0.475389699896616	0.402640276716478
0.513729184572137	0.463873366132483
0.330006873076455	0.201001065715639
-0.781638200249342	0.425213529951623
-1.34123749878668	1.34191378293664
-0.388577117608146	0.219515827636807
-1.51299996807781	0.539299955595401
-2.63663057812579	1.6189464316161
-0.766354701989017	0.33334897510596
-0.59432759861124	0.284251161971714
-1.08712608859488	0.742370474995094
1.53395744275575	1.85482344371209
0.800448600674284	0.482899182055814
-0.338476676785739	0.0974822237690529
-0.482993361037167	0.253523060136524
-2.27905215658492	1.15133868444626
-0.0956678615367183	0.0379637063348422
0.182883771929577	0.106488045266208
0.321797826943515	0.209880618177939
-1.03130639229259	0.824749751556404
-0.497211446518361	0.374239158942089
-0.0930539441493821	0.0369718407357095
-0.783945377943211	0.427308566097898
-0.627829060935039	0.153504607197422
2.11636802963177	0.949071130565476
-1.80197754639448	0.383903353697165
0.446758058502917	0.1796621823424
0.66475647791666	0.210855781457285
3.26252567397545	1.12093560535381
-0.6282908079904	0.153557595992093
-1.79827400712943	0.382942964938875
-0.0691395398125151	0.0419777149933327
0.696851684035903	0.326735848657766
-0.763493068016229	0.33177675339701
0.048323331394768	0.0283658384927157
0.0931701834904739	0.0637134838231981
0.699208741383667	0.808592670675423
-0.0272965512223961	0.02066047361881
0.467858836117725	0.542457956312039
0.118546299570413	0.117794500553606
-0.260307419451871	0.251673660420923
0.530854678589247	0.651858131744943
-0.339509013357525	0.297533683719091
-0.703038915073322	0.760211571315266
0.0109285712121649	0.00889034504760289
0.207331607817402	0.187115477695141
-0.389561926730757	0.413972506561424
-0.389029255534755	0.462839169396498
-0.636101829571882	0.814516833947153
0.379918517644314	0.358375818041865
0.248424728085776	0.26696024328476
-0.0399532530980744	0.0294668891859271
0.283994749177115	0.246597804129229
0.406191503635265	0.336322536321415
0.288261037772101	0.26621143317178
-0.533537571030064	0.337492519070119
0.531594719866229	0.463247758126607
-0.378079757103272	0.296398430202116
-0.176950722580044	0.0948519582344506
-3.45598446335482	1.23025555319821
-0.628347365301396	0.153568930486371
-0.221816427469634	0.0715497660587192
-0.334697810548957	0.096384887869908
-1.08769656384367	0.74401064519209
-3.08118534013847	0.963229045953577
0.15629287474826	0.0835382116577437
-0.243270031277656	0.121912792854088
-0.567005204262819	0.412460649114656
-0.330265634095998	0.234317871273256
0.152376878059725	0.0739883202412713
-1.84113626509429	1.16346625790528
-0.389010542508637	0.161884808373538
-0.993251925805215	0.49373637059172
0.306338160107011	0.211061757368919
-0.524039288835001	0.33044830394643
0.0535586187421918	0.0314401675246058
-0.0967635210093817	0.0567793093789876
0.00138345377509424	0.000862719725304701
0.964669020647648	0.658157426145151
-0.0983497166595668	0.0389984690848497
-0.6282908079904	0.153557595992093
-1.13422470394875	0.343215945535417
1.45707753244512	0.483282553765983
-0.628347365301396	0.153568930486371
-2.07477990767957	0.946784087871086
-1.1355628376793	0.343674610704711
-1.79827400712943	0.382942964938875
-0.725197552734606	0.249186509576262
-1.02205798388654	0.404922502702426
-1.13422470394875	0.343215945535417
-0.72013323546054	0.247288973526613
-2.58120409692147	0.664991486920107
-0.628807341949763	0.15371861128279
-0.176581487762551	0.0946043800331802
0.535395561912051	0.192613210987845
0.168287851014599	0.0422797449011708
0.149464413960118	0.0283283450696208
0.523365180729802	0.187998618697933
-0.481171289020623	0.252315481473299
-0.321262240209589	0.320973471876595
-0.183966577379301	0.122698136958439
-0.373447985112925	0.29201062998452
0.307403246462858	0.22332495616906
-2.28201927050571	1.15404576819802
0.609029825422012	0.319714020559403
0.460131929494263	0.450959108150249
-0.0708653319863692	0.0507480224185941
-0.587243535685426	0.608540441167824
0.435197561931752	0.46042617911358
0.473465205554147	0.550966151447792
0.724257677183815	0.736284424128547
0.0634924262193812	0.0592776600708844
-0.295963792221757	0.26024957284071
-0.740164252456642	0.993735863263352
-0.239865835679612	0.233445854448233
-0.021767092484138	0.0184278928877521
-0.495470633100492	0.580674357773235
0.29880940103895	0.244878771475658
0.0355793208575417	0.0309073343131883
1.37414579767773	2.13079185207661
0.635589363610159	0.780981270771078
-0.133014559104195	0.113756804583037
0.0198772771073421	0.0184612632828296
-0.870129349820961	1.2507414241355
-0.376453371237116	0.258271344397394
0.3352285875982	0.360005635723274
0.300718250682273	0.227816525216795
0.503812516584948	0.452572268801283
-0.547557934909859	0.493531354545359
0.19915064876783	0.169674032028855
0.0646555697852325	0.0400921651685173
-0.722774497263927	0.248158081194853
0.167198319746772	0.0498030771043432
-0.341581022610314	0.0983147602836231
0.156203958783437	0.0530790256711765
0.15243762427523	0.0585046911358224
-2.46424781972447	1.3706950548044
-0.987006241334878	0.489767348370145
-0.786118923525928	0.428616616401926
-1.02154175669654	0.404862567676398
-0.717859810282598	0.246260199746537
0.157990001773502	0.0685545353145526
-1.59855552864183	1.23045888255041
-1.24298408577209	1.16227539935326
-0.265152505796429	0.166177356687317
-0.176822518934278	0.117509756420002
0.189879960373808	0.12485657646768
0.188257226961715	0.123659312007252
-0.601179956528871	0.288297058653121
0.170597157616308	0.0428000407476464
-1.13482941234436	0.34340642829894
-0.629159511493121	0.153871316504896
-1.79827400712943	0.382942964938875
-1.27733268075425	0.576060634882267
-1.51299996807781	0.539299955595401
0.158333484191624	0.0687008601425699
3.26252567397545	1.12093560535381
0.528697101266383	0.190116209542368
-1.22810756329837	0.932267147691539
0.0564870250500834	0.0331079234741715
-0.516933647184975	0.195517224842632
-0.35077402464112	0.100849762988938
-2.57747759965585	0.66335545132302
-0.720766144955182	0.247417143311658
-3.08164138813046	0.963767470359232
0.155037804021813	0.0594966888596224
-1.15146387826926	0.642350326273391
3.26152925911013	1.12000457960558
-2.57747759965585	0.66335545132302
-0.627367542213354	0.153354696036073
-1.79827400712943	0.382942964938875
-0.181787029398351	0.0975141369566097
-0.385592301862764	0.160437798197036
-0.359701858251866	0.360048531274774
-0.0078207119932933	0.00593619664786522
-0.0768074883982904	0.0690045424551212
-0.196620368679647	0.178902360884874
0.363359518486116	0.34973169926114
-0.267398740975521	0.167730988515044
0.618259569312595	0.471728186792456
-0.494618421277858	0.371958419018163
-0.211147146065051	0.0682441817050335
0.967113363963407	0.661729511818119
0.32998257113021	0.216232190636166
-0.188442251386049	0.155933149652577
-0.0985498478885817	0.0870768358574853
-0.0552804572748095	0.0402090198853173
-0.260574263534492	0.251823410255949
0.392314913597945	0.445424787433531
-0.0168598751679451	0.0126132385873596
-0.224675394131343	0.220785116084303
-0.271543645163762	0.241765445886028
-0.0946957006275339	0.0740829351230126
0.807594912211531	1.06481316371521
-0.110312633669999	0.0947445194157906
-0.246674471334233	0.25942101602576
0.380969804032753	0.438887262837607
0.0648726734440234	0.0506721729006224
0.0563495646171364	0.0438369131441325
0.505593953426693	0.569675106415418
0.0249952525376787	0.0175668575683106
0.46478053130761	0.457002174208753
-0.655461079793692	0.717294605549948
-0.689379321052318	0.652039638107551
0.193206748952611	0.144657611707779
-0.104359314234829	0.0613641561798392
-0.282368072308665	0.226519284273181
-0.487850956044273	0.443244370184433
0.0356811861525678	0.0195570793494121
0.166311360817904	0.0418484681801843
-0.725197552734606	0.249186509576262
-1.81367378419037	0.73893109819281
-0.156385008901197	0.0558915431399629
-0.636595009299526	0.155524812409654
0.697655145348232	0.327160782431752
-0.397835615695759	0.165973732684536
-0.144224610998782	0.0515954998895758
3.93879479758782	1.73076427375476
1.33326137407242	0.584365390984281
-0.328872529812221	0.233133207142146
0.0538922718053725	0.0316152975744342
-1.13988448288705	0.988627342644635
0.171994542737397	0.0998427814999041
-0.391384631345398	0.221614399384053
1.26659596850264	0.885562519291871
-1.81907530963295	0.741454987058046
-1.79835097978106	0.382953978270685
-0.347665318950405	0.100012844891269
-1.81907530963295	0.741454987058046
-1.51919018322957	0.542251856895701
-1.51429942551804	0.540079204882619
0.455025575438864	0.183293312831413
-0.218958293525578	0.0706782121263062
0.449846097769576	0.180981984312599
-0.51684332092659	0.195590817716156
-0.539631686242031	0.342380182221564
-0.940845368199063	0.576185280050984
-0.229206400833508	0.0739100940333339
0.665738591316948	0.211247784564273
0.829357632482683	0.349871102086347
-0.101748030341114	0.0403280385797184
1.79026982458503	1.00340660103647
0.536938645245252	0.193260647952111
-1.81397805176756	0.738866279680876
0.449920096072737	0.181069859699705
0.66999328440441	0.21269616854207
1.45316902836548	0.481724936898338
-0.629267545839357	0.153771215183604
0.668840989017682	0.212209123194429
0.158481035961899	0.0538108848974011
-0.76787677701995	0.334047796070827
-0.299073040191358	0.36311648166114
-0.33023817835035	0.569360616651101
-0.174231877257575	0.225892514234565
-0.249410281042525	0.319653860451286
0.344181115037375	0.567497621261358
-0.196889651260617	0.241411568697285
-0.22691600717219	0.29225587158373
-0.179822956949924	0.272494371348719
-0.504538683575565	0.794062251272177
-0.65932870351249	0.831884933212098
-1.14601272455221	2.13926978438847
-0.96576893100298	1.20551124514573
-0.967345085408411	0.951836288361984
0.528356886018952	0.703857500193659
0.0132063542566003	0.0122465749818149
0.172249528664999	0.217809920246503
0.66120012156341	1.25251250611235
0.0475627149484165	0.0526503591832643
-0.300511731125407	0.415395621294899
-0.0417703722287168	0.0412622681542279
0.100320249365878	0.0981558982312925
-0.392542810504581	0.418097550958581
0.0689140717353722	0.0762294777428332
0.27263647542031	0.376054701716774
-0.00438422963834314	0.00419437297007757
0.452285365512775	0.77174614909214
-0.134215718067361	0.135963636567014
0.68486559511343	1.26798804592547
-0.184678002945218	0.247467098561166
-0.42410675032286	0.635497459178145
-0.0386335041930911	0.0389082772392933
-0.0498034267375764	0.0518537972220192
0.822983029953513	1.82529305842525
-0.0651944192575317	0.0725455824852734
-0.31444827742325	0.380256216937595
-0.422126054471629	0.5969995492721
0.0065598808009206	0.00554758592151883
0.395304085344647	0.450158070841794
0.055284537583843	0.0504332956380133
-0.365824832197647	0.436165820173882
-0.0805252065100448	0.0651552076952209
-0.947367544942486	0.581722693931633
0.448962214217549	0.18067148242492
-1.32400877434371	0.830273138031267
-0.787098860632965	0.67641529445155
-0.0264690501549249	0.0123987745175082
1.03747575151961	0.987158104387695
-0.335050144753621	0.26738239233516
0.164598165235466	0.0881309176164229
-0.488202216168926	0.256521134585112
-0.227823297382107	0.113820515316164
-0.675116606272645	0.786221433235298
-0.240737060829125	0.234536484997446
-0.0378452812343326	0.0314350959422161
-0.194767511233168	0.161896223633301
-0.439153646122608	0.489058530969448
-1.02470080666839	0.816725418347913
-3.08209765998152	0.963916510480773
-0.344210615318698	0.0990368506115311
-3.08209765998152	0.963916510480773
-0.191448149323379	0.199398454790154
-0.39553254062761	0.42222509683432
-0.224913949505671	0.185443301310785
-1.48890362539534	0.753622251788968
-0.946889989913596	0.581362335769429
0.621218581951936	0.474088441660103
0.702259951267452	0.813179065489844
0.00999473765974749	0.00758378688895051
0.201236390927842	0.156722677596305
0.0785587204138585	0.0512724290351472
0.486850130962486	0.451055153635102
-0.782104677653673	0.426145914283594
-0.716074907122798	0.245725534591538
-0.219615570186308	0.0709016531943509
0.163149905636875	0.0486839149701593
0.689787109288919	0.323254945043805
-0.143341938448214	0.0973698340005746
0.156635510732265	0.0532014513857662
-0.522732195436732	0.197916802315859
1.09184712460802	0.673224096983399
0.347704677489638	0.19479952993677
-0.761238994964951	0.330498548940373
1.6312745126096	1.1486491234906
-0.396443511719729	0.165202500079027
-1.27084468491175	0.57233810057235
-0.442225050292004	0.292813075332865
-1.7310298063266	1.89668350440077
-0.391399894560726	0.4165158247233
-0.566602470160566	0.903805265628741
-0.392886311307641	0.603119446665022
0.376969088092781	0.579536106723944
-0.204666478450653	0.267630852161788
0.291175331552462	0.484542059534785
-0.0385086504202474	0.0437157129752653
0.0247435623127314	0.0378068162948694
-0.164391807623288	0.198740025100172
-0.0330192368774901	0.0273704626884302
-0.380571906684178	0.5031644837108
0.193990557656256	0.134056009141526
0.589195896988538	0.474437512835048
-0.271147960924518	0.264144949902011
-0.640441372573823	1.02608374086448
0.29169063808945	0.353075659440765
-0.073211484819146	0.0804063898641193
0.368232115650025	0.553741255235786
0.252424980640182	0.360259556696272
-0.0182647291544208	0.0191731915385255
-0.266017262229723	0.278628468763132
-0.313428604868985	0.344493030405511
0.272989392960433	0.366604967715312
-0.427074401577267	0.580943687993677
0.337200739220232	0.442978075360423
0.968444955488428	2.08043983591302
-0.334879319929867	0.422642107904683
0.504001774363559	0.810455526020869
-0.15748400784406	0.201524510400294
0.254866149832428	0.305435394927355
0.330283527379809	0.438354083765436
0.686151788692956	1.37972596885403
0.718441622561018	1.1422423619636
-0.110508042852572	0.106761531867382
-0.301836311915106	0.351547501442122
-0.407670049745553	0.579168679104513
0.26282012370658	0.285868066742733
-0.0138525557136179	0.0118187540082185
-0.282524079703035	0.293797241759179
0.443671969628933	0.542115133181963
-0.172241396387426	0.144651419995088
-0.604348696301278	0.290132953413609
-1.51364953741781	0.539764698603452
-1.27458834884304	0.574392686547494
0.159888868383505	0.0776881649777581
-0.0801761853530391	0.031981709987985
-0.514837284692919	0.194722873359673
0.155109109614118	0.0752381399806905
-1.33692212688601	1.10723308640663
-0.228548163354227	0.11409715792591
-0.0500590432574151	0.0219026986131626
-0.148620698592176	0.101190497892794
-0.388115996588573	0.267769159365946
-0.67547256524963	0.861952380279982
-0.520096162376651	0.579091458862187
-0.202393918260012	0.169046521505135
-0.116126174330516	0.0805030471609954
0.305027823127446	0.210018055231338
-0.474275109489008	0.24803304798932
-1.5126542472202	0.539316353407404
0.282076438228476	0.259516191968476
-0.32485697318961	0.229835389348964
-0.104840665262818	0.0616541417926953
0.382095679764749	0.34944521041665
-0.0149408650193332	0.00715104907095772
-0.394463661554072	0.223448020765088
1.09559423909287	0.677177053658636
0.950862031539505	0.252628333014658
2.75722496636877	0.770257049482932
0.700802354490962	0.329084154463177
-0.976101141403147	0.482953123075632
0.302631047353782	0.229588888870842
0.161546088205671	0.0482379354240544
1.09297568645706	0.67494580177063
2.90626197882467	1.96274408201222
-0.0549614474231717	0.0239689190779343
-0.0925277660886406	0.0367647652287992
0.692146891506566	0.324338706437818
-0.520581729618906	0.197148689128052
0.162479935061762	0.0485106492306684
0.867508615797307	0.645254166477561
-0.879589188095103	0.810806889107647
-0.479798654580572	0.798113000043989
-0.464275824861896	0.390694596578937
-0.717280856796958	0.910101885439843
-0.194461712661267	0.190315429557792
0.0616602099193721	0.0480978792676992
-0.419742610615592	0.500218680004318
-0.247872285042413	0.273483715655904
0.333738857545412	0.349669080211346
0.501805532661933	1.0756926702624
0.149623978621379	0.141781165304867
-0.778882799485929	0.596946444086666
0.185220287574129	0.107955933157022
1.37264334568093	1.27794983883838
-0.970043135196232	0.47894746057122
0.557987005285598	0.325690650840713
-0.280254174031567	0.224542130072747
0.279271175087952	0.283380562227497
-0.59030297236597	0.725679749500218
-0.364278622759603	0.365763159203238
0.375705529217383	0.353545318950552
-0.398251777391171	0.368594146121375
0.601890884917312	0.584877742217398
-0.179705885109141	0.119624498627487
-0.135603927306279	0.116198942730379
0.449173709805488	0.451884756687889
0.60123573531348	0.584157085043033
0.0173182203093458	0.0140261785332334
0.520599473545966	0.558080742594897
0.346857472173791	0.33975097115767
0.266289269433276	0.279292019151474
0.914229373424257	1.25500875523692
0.867268741230853	1.2003129723057
1.00232970715857	1.61172894789901
-0.00888281207704297	0.00573074115838336
1.29771174042343	2.15792854429021
0.0583141562678483	0.0441631043325634
-0.0092558440692743	0.00700127767423263
0.0616678375591744	0.0480998189211522
-0.204017513661156	0.152721179491095
0.11036600776186	0.0842146149939356
-0.454822596770371	0.302933302132342
-0.779416606190568	0.424254664727529
0.677859553614299	0.215095503371154
-0.35077402464112	0.100849762988938
3.6409027894866	1.43427384419709
-1.50954059367664	0.537955828816566
-0.593570507356915	0.283875371571293
0.951331866170054	0.252756684317784
-3.46005827230016	1.23260132520798
1.09317750392111	0.674338995742177
-1.81597855999324	0.740149609155373
-0.381356469304701	0.262344764759586
-1.27928916342184	0.577098834883985
-0.281807463264089	0.204209016590284
0.0448763269530522	0.0337905131012669
-0.112134314716111	0.0775873942325743
-0.184342445633701	0.12294490993138
0.159977174848843	0.0776078180528937
1.7910964554506	1.00413866886037
0.86901536889239	0.647138547089722
-0.783789299957845	0.427042134131408
-0.475317602049498	0.248842909403859
0.15626975600377	0.0292821097759299
0.102763667849063	0.0705550568381804
0.0504568088450197	0.0295949804436422
-0.60983396205249	0.293227582052453
-1.79827400712943	0.382942964938875
-0.639795552209149	0.378376430349397
0.159667506882163	0.0692718935836371
0.402439831243901	0.182247027329972
0.153853653569882	0.0460553468924526
0.152289864541204	0.0287035071443224
-0.62503342749082	0.152907838403333
1.04304768303814	0.395953390308167
1.45514143110378	0.482646568994266
0.153840741270984	0.0666970904168289
-0.338476676785739	0.0974822237690529
0.164702884100979	0.0414746335821988
0.66999328440441	0.21269616854207
0.170216206297202	0.0427061060191571
1.45868047865843	0.484047550536175
-0.347480099168433	0.0999933239977275
1.34556250991346	0.590558397235929
0.152289864541204	0.0287035071443224
-0.400397041292816	0.227282968770755
-1.01896064431893	0.403433301964411
-0.720248471341031	3.7277697381798
-0.640314250730484	2.85668646252821
-0.924569108457523	4.60886217018066
-0.501729928672187	1.40155956881837
-0.200367757773843	0.348601208985834
-0.241271195141793	0.438551019571297
-0.294884852635411	0.504848371652103
-0.155061124756401	0.203341945328099
-0.930427667965625	3.76811662519801
-0.885264562744316	3.56953540166965
0.058777440218485	0.0808312207951848
-0.561334619631815	1.46494767460351
0.106058727665142	0.16612524237636
-0.228330041706522	0.42232721348251
0.241821069336957	0.629005144060077
-0.143436778507087	0.235612812308183
-0.406172036119652	0.665927767719026
-0.84908038867306	2.10282890196801
-0.85649388252911	1.37573105008986
-0.566141289727329	0.548171914492344
-1.07042403623979	2.12425606131565
-0.265720814772871	0.390159261112846
0.0989958118702213	0.142121925427431
0.245673987785737	0.424428415153873
-0.000600335322969052	0.000703479225912297
-0.197443702077559	0.304074678611416
0.223157694820069	0.347155858816278
0.885238341627408	2.02984274538903
-0.173316210835473	0.227027740118321
0.00114716649558655	0.00118080800007205
-0.303271977049422	0.518534453074626
0.193353795297181	0.257640798815567
0.250897013076379	0.385104984942936
-0.0834837029345926	0.105657888419414
-0.218498269614895	0.307199499372484
0.367452622032059	0.706527325802329
0.037458014998317	0.0436092387976695
-0.12181038953919	0.140043600645584
0.424006024378055	0.761576455540386
0.112649773957112	0.136155653053118
0.328597495995167	0.523718969750991
0.117416098704461	0.12392242563879
0.0770171929619526	0.08886242941052
-0.11439953476389	0.132904842679681
-0.380199327513369	0.54457909101003
0.113713797835256	0.121347455480902
0.382828404925118	0.591570390225239
-1.15918227342181	1.77896411938771
-0.656727080328379	0.45805732906858
-0.232597121971833	0.116359267009922
0.488706202725508	0.336736142826564
-0.0337884516890488	0.0210974845181594
0.0370053913086204	0.020273751106282
0.372130251669697	0.349428568844919
-0.392971239863506	0.222252612587729
-0.440932646952477	0.404751444855178
-0.83870207497978	0.950586348845386
-0.222884535537517	0.244844450941338
-0.338127015784137	0.445696797993174
0.209722766850963	0.219679802402039
0.205705995123457	0.218594057787225
-0.57596133412432	0.799144819761445
-0.477434050894399	0.618972950429758
0.875813647982744	1.11553938707193
-0.835188665239827	0.944446286971816
-0.686778056697051	0.600001837122731
-4.00264517130229	1.73724766439162
-0.320364293361324	0.346923513666202
-0.177368058985189	0.117947267780364
-0.181625914785395	0.138493431019829
-0.443438015855109	0.293987567169488
-0.995087444208318	0.893474535207322
-1.49292042945465	0.756808448685987
-0.983690896568628	0.487820366985316
-0.373886881185462	0.292537962122602
0.179406340866735	0.111142978333708
-1.67532294242023	0.948175513547163
-1.67120085114532	0.944806911757151
-0.941075078391558	0.576786932409356
0.610687739555343	0.320362855420129
-0.286504085424998	0.20799469927869
0.166065501087507	0.0888700490660943
0.366720988334481	0.185844030741477
-0.238828476879544	0.119616385824184
-0.433423971648975	0.334012656398875
0.170189294986026	0.0986991652805643
0.158994183199138	0.0690074039019436
0.908768379081494	0.491977442900966
-1.48144716192656	0.748002835307351
-0.304482050997941	0.269189198846002
0.111609945295269	0.0852113611427427
-0.0389153795646801	0.0286766373000358
-0.28672557064404	0.230666370801898
-0.718798226358807	0.246701955031967
-0.582601777183378	3.40641018213205
-0.794946704099525	5.03902588704753
-1.48695264485229	13.4060171119016
-1.29546968932107	7.42387915637406
-0.587984888518137	1.70652013860476
-0.667904790978699	1.87755250984546
-0.276817527484845	0.446413931535115
-0.987770665140432	2.90834563315469
-1.54348738569433	10.356692017578
-1.40194446415966	8.6537711234036
-0.348009664429025	0.736932985812122
-0.446045357820552	1.12584164218583
-0.0947342675452405	0.149568528162371
-0.655035488845468	1.79461323148958
0.14628546450089	0.250602544621921
-0.29120893082115	0.479362080668358
-0.845410732280754	1.53979996019319
-0.829006843199239	1.84443294261854
-0.441476445452028	0.405322141139346
0.0759866161605022	0.0472983846755867
-0.352202634669092	0.488717876675498
-0.242303349814107	0.337352967480604
-0.524596133131592	0.912863754355707
-0.0918669388856508	0.118098253901307
-0.772949121586941	2.02994395322498
-0.650514363607475	1.32080114908651
0.16310995126593	0.206687077576044
0.158121729759281	0.185172252952096
0.159787062099767	0.169475387636908
-0.0453577356258062	0.0480254636963139
0.571084813431828	1.00183813953948
-0.469654984462175	0.713025137766886
0.0818704539586228	0.0883807886513714
0.2689799073195	0.364802852040633
-0.0860460352997502	0.0838695623033077
-0.232348550370687	0.28280240989391
-0.247048101323367	0.311479822209225
0.356694504542428	0.481065226681738
0.518119344914959	0.842796278799341
0.324030546270968	0.420844173097814
0.352827346507837	0.430734847196218
-0.193304149173373	0.205003738398362
-0.321891199029223	0.348999907790166
-0.429176570259467	0.503771341006707
-0.0226649433037402	0.0189702315667845
0.0927609040391226	0.0826271388048181
-0.00119269830645751	0.000779864463415155
-1.33961988463218	1.53808597114824
-0.973507913250205	0.480853849153146
-0.09469698751767	0.0375438253599801
0.157034388740604	0.0533466278590803
1.12541796891743	1.01758608949043
1.2533912104178	0.872749903464085
-1.46062281393669	1.0155810592834
-0.344210615318698	0.0990368506115311
-0.85683120104955	0.852424926094566
0.0128544418260352	0.00645699275663775
-0.174870355548645	0.132818882678188
0.156835417996947	0.146449481423983
-0.43209890132681	0.42829148481626
-0.0662765752090494	0.0531696132372807
-0.340491368581784	0.29853887746253
0.0468804779852868	0.0353190511868757
0.855308517220068	0.905703500319889
-0.0230967542025331	0.0108636239385662
1.6231661505598	1.14053951104428
-1.51019343351841	0.538270963770231
-1.82003859074053	0.742440609774219
-0.177175701377068	0.0949508356635304
-0.17446141980188	0.0934734861628618
-0.71673724571439	0.245817966860718
-0.0450747388706874	0.0197969299748594
-1.1607112635927	0.648899600358711
-0.669328387561788	0.46930222415787
0.0368076960028451	0.0202164490330659
2.2750594754605	1.76339709687079
-0.347480099168433	0.0999933239977275
-2.78249543586157	1.88136540094517
0.943931183072951	0.250903413595175
0.158017342833085	0.053603019626294
-0.387679053844941	0.218973142221021
-0.0922429931852346	0.0366585321112953
0.406377452037962	0.184222958311821
0.157220176492594	0.0533763241023395
-0.2158114783221	0.0696872968087198
0.66475647791666	0.210855781457285
-0.627829060935039	0.153504607197422
1.81892370521347	0.712261250406347
-0.717859810282598	0.246260199746537
0.66708316811644	0.479131405770209
-0.771821259947703	0.658504896638061
0.333805503182954	0.203747740837562
-0.293680863513262	0.134663181578336
-0.0687693480225831	0.0874911518140121
-0.255035200819277	0.37024687295913
-0.433951440083807	0.785893569097072
-0.863108113967036	3.16565897843407
-0.736762873229264	2.60175835098965
0.293990053814251	0.600675750589246
0.520810340678728	1.3906169718791
0.202048583387894	0.31656893666241
-0.0800051648286439	0.113751146050598
0.239790106830286	0.402059608354257
0.395450327650574	0.681789258374255
0.213066590385044	0.197740462374903
-0.353647937673619	0.483893561607008
0.400102552724132	0.43571326286003
0.613008660747081	0.322012749294605
0.316733329689256	0.371299364702215
-0.439127917162926	0.731989635520429
0.153804663696663	0.183964083921322
-0.134831656343318	0.161905400373608
0.0707829375629608	0.0820064923764632
0.392231273702507	0.57703838771486
0.704842995651985	1.52712406288967
-0.143419352997214	0.162330678651969
0.267030078278359	0.302292784397083
-0.532241782505309	0.917241775508204
-0.0862280999773339	0.0884958754663509
0.212530395971233	0.227170617827855
0.325704879527665	0.456992431836887
0.65974109959946	1.04024410803651
-0.0836870105547729	0.0878437758440941
0.454274293044424	0.776581718256333
0.563093846437678	0.734472034400701
0.111600214668721	0.113768155774829
-0.480383904086323	0.723266091699791
-0.502204828721951	0.703583420928834
0.116091935496617	0.113190979133995
-0.109979684884697	0.10461923734802
-0.0823081824248304	0.0731060996587416
0.576574604040762	0.671580914887097
0.438693692420883	0.452059323528332
0.00790612153967834	0.0059900869580574
-0.714246968165999	0.821236558887712
-0.332020377465423	0.264540726264357
-0.146483613250347	0.0524206738570132
0.377126401707878	0.191620704292761
2.12607693257877	1.48705556519366
1.11127934516569	0.849488269733307
1.24700996906128	0.866099557247454
-0.214699527041316	0.0693626399041178
-0.78601934453887	0.519570342100718
-1.08858471182164	0.745424520382561
-0.0144101685938435	0.00691197653357769
0.31329448697264	0.258727394791989
0.749427952478492	0.940394769116904
0.20718065361527	0.191508877404045
0.104028846414661	0.0741812940653451
0.592014252229245	0.572012769644825
-0.637281485461091	0.653778240657024
-0.168810326754981	0.127760636055095
0.868670035787821	0.646428129251363
2.9125459220953	1.97204044523817
-0.721740116381346	0.247779502726497
-1.27733268075425	0.576060634882267
-0.313765741308167	0.18756483062186
-0.288647480230088	0.232485637794428
-1.27670916685818	0.575668468512256
0.163141332474034	0.087343293677093
-0.143218252556789	0.0972655221605382
-0.840325962868605	0.953210147740866
-0.0205379062112903	0.013120368375094
-0.945458091642887	0.580031605624067
-1.82070618223503	0.742556934543085
-0.724527840719668	0.248940035798255
-0.514837284692919	0.194722873359673
-0.340780759226789	0.0980802617963696
-0.767761488763089	0.3340892272935
-0.781606253425508	0.425781410351007
-1.82003859074053	0.742440609774219
0.153526628680235	0.0288819285189665
-3.08164138813046	0.963767470359232
-1.79827400712943	0.382942964938875
-0.719737167086007	0.24696632136127
-1.32777794229255	0.834129292974093
1.04144562491045	0.395430985542635
1.57112339446841	0.781717589381663
0.826391209148842	0.348358379975879
1.57515499507091	0.784670311589158
0.151513479989601	0.0515213325333355
-1.01645966379821	0.402385802038174
0.157402307591701	0.047080036463379
-1.02582176479153	0.40676668488424
-0.600694902373829	0.287702017295357
-0.947890516659384	0.582405922410809
-0.0248884626540009	0.0116849837626195
-1.79835097978106	0.382953978270685
-0.186587972549976	0.311754232680625
-0.191418754084997	0.402490576858298
0.0822347267276122	0.148787101457533
0.378555707682866	0.859147057033208
0.096500846113192	0.158820153573385
0.204948306348307	0.372916656573276
0.181687925522715	0.308591206578906
0.441854803377181	1.05489062880462
-0.00650640843518978	0.00849312325462362
-0.346909490198523	0.434511426107867
-0.319208587691893	0.387511401358978
0.944687468955028	1.26929377914848
-0.341917018331799	0.273758900146714
-0.163822534729152	0.172108849963107
0.217259959164596	0.264467238601129
0.263429517248563	0.383145756956288
0.313741661548796	0.532323713634266
0.333036174503479	0.561530980835196
-0.0151236606156845	0.0174672579064965
0.255652583928253	0.398443173486305
0.084076110486065	0.0920681828505457
0.116761027057963	0.123163642392132
0.259793953449577	0.327133009027068
0.471501195121367	0.633444611083624
-0.410727305203921	0.51200022012481
-0.10392089479606	0.121306568606218
0.936376511842702	1.79758161963412
0.310174609234734	0.435082121231174
-0.267886059513707	0.356628660523784
-0.574169298579388	0.770296053382751
-0.839595240147551	1.52317721398808
-0.0822211170361014	0.0841048380682834
-0.167334993432313	0.176347650519088
-0.45804568533029	0.567415634337811
0.306484668657699	0.342806590230872
0.30123314259826	0.37379146093528
0.49275349747634	0.565680518125212
-0.515477761969088	0.635158431849931
0.533940331173668	0.640204123302695
-0.00176900045183361	0.00132759740570062
-0.96911767685447	1.21132176466596
-0.607679672832528	0.292004602507916
1.33857781519291	0.587388164181981
-0.981495968724792	0.486037931361404
0.333373768985917	0.203448159594024
0.156203958783437	0.0530790256711765
-0.44892069851795	0.298353141700222
-0.510891470732261	0.193155670362405
-0.765100275156822	0.332801951386534
-0.148023550644258	0.0529808014477618
-0.627367542213354	0.153354696036073
-1.1535686434052	0.643956884574887
-0.00333413522482976	0.00216465542012432
0.358259244672741	0.372789768222173
-0.419550272918871	0.359208042436825
-0.259687244309397	0.212402226601673
0.402820522573863	0.34680795194468
0.764045789468029	0.754111720807287
-1.47316417448947	1.02960585299503
1.33366758907542	0.584614927374746
0.153247518839476	0.0288421886814327
-1.79835097978106	0.382953978270685
-0.943227574247749	0.578686523924447
-0.237718609669741	0.175079586885417
-0.395325910484107	0.164719249144553
0.00605753001240035	0.0031490240199969
0.663534135262873	0.710443411068327
-0.176841671905763	0.117525866195845
0.372204814568822	0.338210584355727
-1.0926615961603	1.28864127843902
-0.242397806310041	0.217245517783506
-0.531461429255021	0.336083830696429
-0.600982761439057	0.287834878587552
-1.13482941234436	0.34340642829894
-0.175120850744574	0.116300824041595
-0.447959342963573	0.297566008292896
0.156964116509175	0.0602446032592551
0.397525315016581	0.179971462925594
-1.26845479307781	0.570769833026671
3.26540429808574	1.12204932755655
0.612683767341109	0.321766847158027
0.153840741270984	0.0666970904168289
0.173757325106464	0.100762049305646
1.57479077921744	0.784231980002317
2.75446121880292	0.769079402442662
0.695242860337328	0.325796155950588
1.04363128297175	0.39626638096639
-1.15461876686819	0.644909797753092
1.07328158265377	0.520779732646976
-0.389010542508637	0.161884808373538
-3.45945271347814	1.2319108744944
-0.0990282835286489	0.0581295490566577
0.928743298373499	0.814013328240298
-1.16252831702977	0.650995830708606
-0.66003255386493	0.460935322042386
-2.5814875372856	0.665060440379843
-0.636595009299526	0.155524812409654
-0.414092092045285	1.22921768588159
0.0125499380754574	0.0211655686016671
0.503005802198745	1.611819593301
0.571106688408687	1.93300133075547
0.436984524960352	1.31309152509052
0.463411623822611	1.14144731430746
0.274259660930391	0.589710856671474
0.290393545934771	0.574984519369723
-0.304281584743675	0.436522808233234
-0.137817201087048	0.181002036493473
0.526304200573967	0.644373533808322
-0.124419517547455	0.0865777165759574
-0.137662757110801	0.137787549844662
-0.22084291015325	0.338201483327999
0.0847854423280085	0.103887644981979
-0.0708030048316391	0.0943700421207922
0.258928139440568	0.365879325581601
0.470520848398213	0.96416647259445
-0.416128054046029	0.723882269736954
0.115198161769124	0.11224134734957
0.491023131279635	0.690017600149964
0.48845700102933	0.890686247891249
-0.112608987512344	0.11363798305117
-0.43468882293821	0.61048130948991
-0.00914549914296804	0.0100626874809989
-0.0221499326015108	0.0228643969044948
0.725110328347901	1.36949414672213
0.0817527530122597	0.0882117879272127
-0.572150947740151	0.858594584526513
-0.094693349551548	0.109480567252699
0.312172117604375	0.432554010450965
-0.198140785475684	0.207542943660373
-0.0610427307909076	0.0590556516174245
0.107326314594001	0.102132968054169
0.683074233910886	1.21823533772885
0.380960515468151	0.438705435567016
0.013676402484548	0.0110860128979118
-0.0577723414447533	0.0527096211618344
-0.110397582023875	0.105019303556973
0.120036141380957	0.0973899318322913
0.169628986070269	0.0504635339197501
-0.675568301197113	0.474642279513163
-0.776640593519785	0.594717568310245
0.435083784014387	0.332179755812172
-0.091447731749708	0.0363099197354823
0.801826197353825	0.639095522607279
-0.0188032056826251	0.0089052123972849
0.56053141533075	0.327593816187769
-0.390638133543831	0.162515731812202
-0.325085849824432	0.195354746911645
-0.0169113702568154	0.00803802437468114
0.145791412312931	0.140323894641811
0.584529586232719	0.754698453255513
-0.768699272913875	0.972002940294677
-0.258377615128927	0.211064199546194
0.20015850442785	0.155776838987514
-0.0402989972259467	0.0297245477614739
0.183954828583584	0.114059612732328
0.450971274207082	0.181590642900547
0.169606362252511	0.0425824743634164
-1.50954059367664	0.537955828816566
-0.72013323546054	0.247288973526613
-2.57747759965585	0.66335545132302
-0.391828752693253	0.221883024674867
-0.176782985533528	0.0947717092846135
-0.0925419739006504	0.0367298119405397
-0.0238215990555838	0.0151900935962324
0.12410091215779	0.0982320625362123
-0.270942222566938	0.241143614955718
-0.331530589763732	0.289164453795704
-0.335914008979598	0.339425883152804
0.142721473463429	0.120535743591801
0.0268145465694037	0.0147816278771965
-0.428124396416361	0.328791089025055
0.34502849665301	0.193102765936248
-0.639001043873983	0.378168391023313
-0.783821542249307	0.426589962739569
-0.091447731749708	0.0363099197354823
0.700426836516447	0.328707911719303
-1.2754256868914	0.575104153105112
-0.000524810709021938	0.000387547893383487
-0.233473648021171	0.116816615641377
0.149687956850686	0.064934970211133
-0.392970158943277	0.222219534932444
-0.342890259454196	0.098642118615141
-0.628347365301396	0.153568930486371
-0.141483991774133	0.0800755628986101
0.158759283748485	0.0769816372810777
0.161546088205671	0.0482379354240544
-0.786118923525928	0.428616616401926
-0.489079624389651	0.25712748113991
0.904559769926278	0.488770510564931
1.57752391095466	0.78601161844282
0.454191867944834	0.182968950364669
0.444974997353432	0.178888426439317
-1.16223369315473	0.650874879741783
-0.096504477270103	0.0566431777842063
0.801240937960982	0.482727179816275
-1.03204005341019	0.823590995261725
-1.48429350815869	0.750733838561026
0.58505252683892	0.469521942728369
0.860121400394302	0.637809850395083
-0.0940328311321949	0.204366286181553
-0.124520746378153	0.29845972651258
0.494729592958298	1.77803819758709
0.870730641177473	4.15836028426716
0.386767604110009	1.00035081850078
0.354799126124673	0.822283715150343
0.153326621158928	0.283461716712238
-0.114453662014089	0.203415191832215
0.0147984197755638	0.0151978978122708
-0.633415343776765	1.38445674422257
-0.294746391952356	0.285187672444726
0.0987599512693974	0.070205667850709
-0.040554296723994	0.0469333934780945
-0.0445177143178757	0.0517483718049072
-0.0786728243727312	0.106727561968976
0.336661836076065	0.595057189089425
0.24389156579264	0.424093975207379
-0.343226746913763	0.547728339612412
0.223680722737663	0.306414628035863
0.583258666600296	1.01649668877354
0.0924020401612531	0.0822581249524217
0.394411842654581	0.503344525170799
-0.848320742408996	1.73323169928994
0.62373209267886	1.04667354158354
0.00218663756217111	0.00228533452624846
-0.0184491183034053	0.018345120988585
0.249039660673496	0.296971532392033
0.403414080506215	0.599090513817595
-0.198260239465526	0.207738223468215
0.887464280825279	1.77977107651955
-0.311769661101127	0.414205688541567
0.0603865992170957	0.0571745012140366
0.216792568112641	0.256152618448554
0.270783857618695	0.273010275266038
-0.0429708713197512	0.0424942690377437
0.544169569521712	0.789390896810421
-0.21405945443919	0.208691121244503
-0.044175274853926	0.0399228968856597
0.242944866953233	0.283505112123918
-0.23772166128135	0.212371282611157
0.345916558505986	0.193680799734023
0.92470155594302	0.809061658201476
-0.141381032056214	0.0506159875060989
-0.447592350763773	0.297092557039685
0.5561954050332	0.324498779919158
1.10565588055236	0.843251337664695
0.39877334397608	0.18055727588805
-0.201665832134523	0.129576943836314
0.513797478151694	0.328501629437774
-1.95763711622281	3.34065556509585
-0.778481418903403	0.666564443530618
-0.493685139679149	0.370965085219475
0.928505543742347	1.16777943277869
0.011058681566304	0.00870905501894368
-0.304727199994278	0.269433599264065
-0.261757067880128	0.214241134899167
0.661760365246132	0.603831839904529
0.414027428676441	0.328875206801399
-0.771801102263367	0.336210157166223
-0.773216414798489	0.336936790822328
-0.137026583464733	0.0491018683695711
0.157402307591701	0.047080036463379
-0.142207514098902	0.0509041851864348
0.665076092013553	0.211028905087732
-0.102080978740985	0.0599820157920458
-0.497848698746134	0.45498800316516
-1.12525021211596	1.24180429119004
-0.176585980352734	0.117376051154444
1.00287825393135	1.41201637221498
-0.161487803985661	0.137806355297902
-0.402557407436164	0.373612173160806
-0.390688665009208	0.162610645933004
-0.271036574000242	0.170197574945347
-0.0486214768859016	0.0212915772611421
-0.490433786948425	0.257949958752948
0.554865823132755	0.323524693631031
-0.391652608107764	0.163213264252746
-1.03068484294637	0.409174747267586
3.9335777281584	1.7278790696178
-1.51787907990257	0.541534829420545
0.321419384182782	0.209802819781761
0.696271213730923	0.610402206837181
-0.913451975087966	0.668617482044121
-0.216240213481686	0.0698575300582443
-1.2754256868914	0.575104153105112
-0.482039420260376	0.252892500432474
0.153247222778868	0.0588212060537421
0.531114960608428	0.190915118124563
2.56034915159938	1.42273338163973
-1.66708049458944	0.94076366023866
1.57430333891467	0.784076299234419
-0.211803100213447	0.0684440141233586
0.15566119641323	0.0528907668896057
0.449022148085439	0.180598376655974
0.344299796500824	0.192840470409629
0.0045603901887136	0.00239809587132614
-0.0691395398125151	0.0419777149933327
-0.393310956715783	0.222706372837949
-0.628347365301396	0.153568930486371
-1.81272640846626	0.738384406689963
-1.13069021608626	0.34196481134975
-0.213639314943098	0.0690063709749365
0.157830822565027	0.0684885666679607
0.435817012690527	0.332980481860757
0.203054617421245	0.178182538050181
0.363462949118287	0.183920808182735
0.620075098749806	0.473482649413706
0.553979917144895	0.464192134963645
-0.556740012952871	3.21008533303732
-0.305349760439112	1.1359237732757
0.250250074412165	0.619950711531237
0.481702091990174	1.64030060871307
0.400894786785505	1.05813888204001
0.116926481707105	0.200558611465084
0.213351175960166	0.420964786976699
0.343425722017805	0.770526905489551
-0.374598871796564	0.611854929610964
-0.677203777470009	1.60093680120395
0.094933736334557	0.0879141605018547
0.778846157909744	1.04328958634996
0.251739277087255	0.363333883031817
-0.282633730906231	0.406872467990048
-0.170293853304534	0.236799597454897
0.157078083916137	0.236826228590349
-0.349376195801094	0.610761647579186
0.170508989749196	0.179582060988898
0.0462687901751842	0.0458016846080349
0.36539525369369	0.450565008729664
0.870486609679909	1.30504480579904
0.0723534950683396	0.0783832300493396
-0.00371787433550222	0.00319816485597252
0.101506104627715	0.0978117525586307
0.487110953550546	0.63584882976876
0.137441744135223	0.128975343157429
-0.148625356090345	0.158649793217033
-0.218456607559181	0.256747320468691
0.162705822931572	0.167460118508637
-0.0275430154997467	0.0233781541852185
0.0166897338519134	0.0135193255496997
0.0229508718421401	0.019476137696785
0.729531370910855	1.23213671695712
0.282329248972417	0.287098803089887
0.445167982241478	0.51957425261185
-0.724180894923307	0.922765316877921
-0.705471870446664	0.76426299622951
-0.114801148761541	0.117697461211337
-0.1582777189513	0.134805954601071
-0.193793438992522	0.175928236615234
0.327287328377676	0.199024853429148
-0.395488154884604	0.164916744226521
-1.48429350815869	0.750733838561026
0.353334226258353	0.198468655103376
0.662159201364247	0.604324558383999
-0.997719570708067	0.896944419844326
0.329213120663665	0.215721443740112
1.03498499728634	0.983001359608901
-1.60615016127243	1.23950080056285
-0.258861877043682	0.21154711988254
-0.100839882241001	0.0592422070377764
-1.51442418536838	1.70722764474922
-0.867065263863225	0.866667382028225
-0.161389680298091	0.137755671643234
-0.334743665140629	0.292469153478351
-0.0941483842956239	0.0552097271332151
0.1932112147679	0.139200134688291
-0.568510331401646	0.414333850728629
-0.566019301568724	0.411965346053057
-0.568239046975352	0.414061298411999
-0.513373075884444	0.194073691559119
0.151905065586114	0.0516577328804664
-1.13422470394875	0.343215945535417
1.4488928394285	0.480121145077694
-0.627829060935039	0.153504607197422
0.14811964588201	0.0569112051950784
-4.57680845622146	2.51876088385616
-0.599924554013208	0.287231213747786
-1.27970373565347	0.577302049618793
0.314678553482459	0.229479139701719
-0.288718229153448	0.232552833196783
-0.266577467101618	0.16704615247332
-0.370081364933128	0.288936567761381
-0.505510817292522	0.533179780290354
-0.131659232350453	0.0742536709762861
0.720846205694453	0.478166163449465
1.09713280243652	0.677837176484856
-0.179078442381871	0.096058567467639
2.12950567024572	1.4892963473493
0.15768159620228	0.0765320711214618
2.35790709789433	1.18200234368711
3.26352329858721	1.1213740078214
-0.599637409626921	0.287138428430173
-0.147885590638314	0.0529408011142971
-3.09052621849641	0.967478563051375
0.180033119903704	0.111482755341979
-0.183562027431884	0.0985225076454321
0.160913438369286	0.078100152139079
0.165858197331239	0.049441036827577
-2.11062695193422	1.62069889953155
-0.101462565243239	0.0402263455998725
-0.720801185410545	0.247515042606667
1.25178191851605	0.870446030642447
1.07305972081062	0.520625344193545
-0.340124379015428	0.0979309335927298
1.06360637166417	0.514645906857066
-0.13820927510853	0.049531032348743
-0.725462519324565	0.249202983263282
1.00346056286038	0.826377244102309
0.912421876773352	0.494599465007198
-0.257149239081395	0.160542854841401
-0.0954460746788619	0.0378802357953701
0.156467044940017	0.0600919073105214
0.951331866170054	0.252756684317784
-2.06401436108767	0.939809125258311
0.155925589951699	0.0756639845583237
1.07283799847005	0.520200234598361
-0.220273125496108	0.0711077393958585
-0.536218202119068	0.339518534985158
0.355902406313566	0.200175413342621
-0.0938257428374627	0.0550266351220309
0.299324167684253	0.216467534391922
-0.596276654669566	0.485511502519368
0.47117278457708	0.344561138635054
-0.0135296380788268	0.00649807184099733
0.528596810775726	0.459867356147521
0.0372416083566744	0.153553154420676
-0.111138314688091	0.542659425231192
-0.23826472402508	1.35966351937873
-0.381270496791733	2.65425846749045
-0.522194776085283	3.66170546813216
-0.801732792808158	9.44241954902688
-0.0865754132020793	0.231641887000257
0.725008762379399	3.15609719621269
0.164894465765059	0.339563204960455
0.733700492850638	2.72922733554742
0.564652540406643	1.7066017662233
0.405309119998743	0.948505271332613
0.055726080354643	0.0843786623502171
-0.023470585256472	0.0322109986075754
-1.13705250425561	4.98115400986972
-0.370764554146797	0.782218504251955
-0.213579608861077	0.327570803315748
-0.230191603748402	0.462522623522583
0.19880986541022	0.296317961413776
0.118669272035211	0.152229690135216
0.0918695697592559	0.10137933127348
-0.232314394123883	0.314365722124847
-0.0503721800383649	0.0495262290396802
1.19324302741564	2.41404393114127
0.703864257508043	0.815996265218865
0.388749809228892	0.440413303495509
0.761697985327791	1.11725746277238
0.826967466068253	1.15513292960322
0.00234392762910787	0.00183013685689558
-0.450832728789495	0.58491233296792
-0.0841676527383522	0.0682534005979542
-0.560157686767931	0.719240168402722
-0.0181510773435998	0.0153498029939142
-0.775701834833052	1.07677153250413
-0.0101932728335229	0.00770200580879445
-0.199315539627159	0.209018690713287
0.349890555411432	0.379617989825096
1.46779914225455	2.5986603481598
0.56648926177464	0.655749151726151
0.588468152882675	0.690457448464504
0.501023023255759	0.449186157001311
0.00469694852526316	0.00355145738534638
0.0405658668239339	0.0339422150226425
0.111180126211083	0.100326223055048
-1.28079662418829	2.52373334683278
0.275852284994149	0.297299783304807
-0.424160106898992	0.479252742448466
-0.955070499778897	1.25640433098898
-0.410671069414895	0.349817389989609
0.05804234571711	0.0451764973383748
-0.300703322405714	0.243813033998492
0.371281365474455	0.359111197470303
-1.05340713342765	1.30812939742778
-0.187603687877114	0.143525635688353
-0.227270817113475	0.166352612830166
-0.183258614821663	0.139868176564363
0.601926025967375	0.585024650630438
-0.660081939050231	0.762511930046256
-0.391617893453611	0.389735850102306
-2.27018461573915	2.80397200878128
-0.527595080524559	0.333140139451581
-0.251777969752534	0.156795446162118
-0.279926672733007	0.202623583762405
-0.234859552001074	0.117568264423032
-0.129138134037811	0.0728424144803335
-0.944656153686691	0.579760293683441
-1.08578818015311	0.741246217353789
-0.126614149815856	0.0713501913224534
0.213830748287434	0.178623392388453
-1.26049763345592	1.37046899655687
-0.0214655227757824	0.0101239051737184
-0.703706190686372	0.670468649578706
-0.0912215185305351	0.0642919352330819
-0.92525301789275	1.0443116992899
-0.494101933158562	0.371311032872733
-0.222187334811907	0.144150034472416
-1.03982342103783	1.08085779314595
-0.000834477080326188	0.000603918052209776
-0.715595764855992	0.823512192854493
0.623674905448277	0.58629671494454
0.442791801399909	0.33928284248051
0.0819659647125244	0.0535587472834769
-0.209482536056304	0.135177343333829
0.0966375670521958	0.0661982214876967
-0.424506493059113	0.325420345269178
-0.451822173696882	0.300427746057505
0.148348740934898	0.0643370534112194
-1.04043603107161	0.835139758140244
0.44941891613868	0.325542895594476
-0.0973291902199966	0.0571137551090214
-0.173289667813298	0.0927564256572804
-0.787963869622416	0.429745860951452
-0.721072169669292	0.247553433626533
-0.395035912834189	0.223730902801101
-0.236621991253704	0.118503095204108
0.0236848671751921	0.0131167568682328
1.62419916117502	1.13979500645862
-0.543192864392539	0.345115140870932
0.700243705728726	0.328798949934782
0.879785550755359	0.657447735391614
-0.380829423406566	0.299003814582129
-0.0977388731607834	0.0573909986594778
-0.120148118463382	0.0675880180032694
0.0509073931033346	0.0298624162133901
0.159890026282437	0.0777286993118927
-0.292182982379843	0.133828136776893
-0.323563756661923	0.194185594250395
-0.566853035776302	0.412652749419594
-0.021923231340282	0.0103336135600709
-0.0255497763194782	0.0162656070006773
0.163258521409505	0.0873754200979205
-0.0378457565577347	0.023612660790154
1.10870697661675	0.846123620492424
0.803185329868903	0.641236804906986
0.308011203275506	0.212449749558098
0.00848946056644187	0.0057659124412313
-0.0455357603590808	0.203388187637705
-0.123262259771012	0.641177154449259
-0.205219071482625	1.14974431798639
-0.20872475876057	0.969335523305584
-0.307001325464861	1.83849508401891
0.665022234072924	3.97494590590275
0.745080456421391	2.91070435541846
0.774521266849529	2.98292003672648
0.922034941623833	3.21169937362432
0.576971952784899	1.50384971950405
0.0723908758392144	0.0983391372211921
-0.119609437375206	0.191443956017173
0.144439094735637	0.245889982923485
-0.293240740983742	0.632815576575332
-0.46489069150375	1.18420084175046
-0.652026865173141	1.80965892591077
0.223490462891504	0.452768967353127
0.269559623084523	0.365774033220387
0.637661450940111	1.30990127125471
0.583534911711155	1.03391322796456
-0.330054346496275	0.462311013785843
0.256831487361814	0.267339764383951
0.183098789008399	0.197256352584266
-0.629717320597192	0.770584126350824
0.207630359888872	0.172782884930526
0.815909295829269	1.2521764930794
0.205787992103803	0.206780313753427
0.66876484228453	0.876259153034185
0.25387965367413	0.294296549139581
0.3570787112243	0.429251264834088
0.752945653391362	1.16872917332778
-0.439155532953543	0.519283567807851
0.351111936968589	0.344831879778142
0.413410972277925	0.454533126377212
-0.252822786867834	0.205846332256818
0.197053355687327	0.153094658699492
-0.072346828126638	0.0518351525623891
-0.715918192157657	0.866547410520542
0.735073931566207	0.835412782124002
-0.717697564362482	0.950462486406238
0.380911654239371	0.348073678528824
-0.0732920899969964	0.0590445438904323
0.85609992920631	1.27167566700309
0.240766154629238	0.298097370721423
-0.145101035385658	0.156653519210038
0.114611882744071	0.135368149477791
-0.00601258711181832	0.00568837301132549
0.204711350482428	0.193131737494143
0.0855634960660646	0.0772551000153959
-1.33979512346975	2.19447322058421
-0.988357401282209	1.4123564902118
-0.578539952702291	0.596243825954458
-0.246115494655326	0.182019851503258
-0.391973430729729	0.221917791757451
-0.821246510575011	1.0313981594233
-0.556924230249512	0.615420527262391
-0.67895242741652	0.538248530923308
-0.920067282275378	1.03568906643283
-0.455370979833066	0.303387789391714
-0.0748661922748054	0.0454979828893758
0.0876126796581582	0.0597968611949182
-0.514630991185235	0.194661861681357
-0.226848217727309	0.113242297212721
0.0598572569522354	0.0466452528079858
-1.87140205954488	3.39200737987045
-0.270198191363152	0.169603937989513
-0.328056982394433	0.197230024067147
-0.115710256898748	0.0916435353755118
-0.114211168374692	0.0790698213993285
0.0143549809482658	0.00719852873348554
-0.7663300342468	0.920436258004164
-1.39550519612298	2.03634042567017
-0.286129599562299	0.230083031195947
-0.679518559564681	0.591629757918009
0.279956771788482	0.249811628240017
0.378822275754884	0.345760912649155
0.871340854094811	0.649294535320093
-0.124637077451262	0.0970031178068526
-0.0364241352726249	0.0227303214948347
0.184602794199419	0.11464721881418
-0.177329121782352	0.134874467975143
-0.647834971372055	0.38440214073839
-0.784112457798566	0.51877199826867
0.0480508184430003	0.0281506566336668
0.163880859280481	0.0555773798404558
-0.395799278021541	0.224439664139595
1.4057098778574	1.91052113531662
-0.386163255868856	0.266255913211694
-1.80545589018119	2.46157317019746
0.533342115695349	0.486055743304566
-0.576358753765014	0.421236134798924
-0.0987674264441245	0.0698624478937298
0.0322537753385627	0.023492918087756
0.0851065235991662	0.0556273102244166
0.085857709301076	0.0585577965060163
-0.774078168601795	0.661427798885732
-0.146620449362164	0.0997891006292946
0.365152532150382	0.362120847584645
-0.0637500208499451	0.038658868795044
-1.10439841974612	1.30844575347963
-0.293462393704441	0.237007563169578
-0.491391416302964	0.368883450676234
0.31090292592468	0.226291818983096
0.628427998095166	0.481061691478575
0.669086444170782	0.481023565612705
0.771916853400863	0.764505217977669
0.200397228833771	0.150623609894541
0.443834134732567	0.340190312267768
1.24782383100004	1.06000418211604
1.59713548333363	1.74491746393823
-0.0098039481342663	0.0377214506561251
-0.00643095703718019	0.0222758720650868
-0.134221226000635	0.556871859032026
-0.422225362792391	3.20474499553433
0.61910391137128	3.75744869763623
0.772772187874146	3.19825250461345
0.599976547375169	1.84105893892568
0.364452230857854	0.725376141072852
0.646613921183887	1.66278956508229
0.255033025041501	0.41382907802577
0.354444420737767	0.661783004667261
-0.205689312957102	0.335675804098132
0.0418817954374794	0.0611348388084136
-0.292603637252514	0.574234798183374
-0.191724693537839	0.328594303233936
0.209043658948711	0.373232779321837
0.279743172532054	0.372682561399518
-0.175300751069039	0.233910372434518
0.779932683081609	1.62494281716151
0.409882797727593	0.626398284555992
0.558833809141244	0.786407545061727
1.3262617764672	3.41614824558506
0.762350208378374	1.04283779642185
0.809538375252785	1.23815245094184
0.369710367594375	0.439784869979222
0.215938713730022	0.205538918760337
0.455266824076696	0.459647705620322
0.455845652034574	0.549696094225675
1.34648823977969	2.32272499417005
0.896251434510655	1.32288414031213
1.53927646613754	3.38613974876533
-0.495365849312113	0.601290019471499
0.433586087196236	0.445203020507372
-0.0916723694390302	0.0731917537794727
0.214069380347228	0.184106777238005
0.778793725259241	1.04347641825357
-0.265464382284342	0.166391960584986
0.703073002346507	0.980587167259556
-1.23230533556196	1.14557321978073
0.0649811703623024	0.04034667278688
-0.890665735845356	1.1772627017769
0.135759523801106	0.116948478716339
0.105706713504309	0.100489410477038
-0.741416145001523	1.15538494855784
-0.63521951117232	1.06324810389348
0.513791606348303	0.706627038999512
-0.723570109079279	0.879437636387851
0.436096234116486	0.518419842101076
-0.250168436844749	0.22541414934461
-0.473610537834983	0.59296768160457
0.199028348495957	0.149503353656796
-0.61384714283732	0.930343601352677
-0.566997905836026	0.412915853366512
-0.327742073252538	0.260355653783143
0.0297874056082386	0.0247832123606795
-0.2418170186741	0.178482648376556
0.27385052555909	0.243367855308311
-1.19939654527764	1.39464367791031
-0.678191146165932	0.537527237226134
-0.217760293232053	0.141050958148429
0.360714405205747	0.182493539300769
-0.423995509460107	0.325061205203709
-0.088867619302192	0.0353213087974956
-0.571237672855635	0.41680058043466
-0.0961818017732364	0.0564118349923355
0.0567649716347945	0.0441713849679781
-1.33514230911917	1.10551687047941
-0.333646842975718	0.314364871983077
-0.453945152791613	0.419867514189141
-0.196597564917791	0.16361924026336
-0.234454099774339	0.172371942164195
-0.14108348795031	0.0505332804651447
-0.177017393428681	0.0948819540655912
-0.0964961513256901	0.0566332745737842
-0.534910484702332	0.338498444859128
0.114081865210053	0.0845534837991111
-0.291853486374664	0.255847479060414
0.388669477833323	0.344641397553411
-0.9853432814784	0.880952461612437
-0.322409214218084	0.22787572471577
-0.206540267183044	0.154861095115874
0.774058917495315	0.950834653192497
0.402430652535554	0.346496959446537
-0.851558082775514	0.844591382273176
-0.0993321844144121	0.0796789219673809
-0.840830198196347	0.953670609905487
0.312302352457845	0.227469703014709
1.03971199216981	0.990210114683927
-0.472093118695906	0.399091357839023
-0.0418940742198992	0.0260928137534671
-0.690689506164575	0.65372775013613
-0.646906107072376	0.38355058328655
-0.488429631457908	0.443890973616862
-0.0710826139536993	0.0431523760609565
0.295198727243853	0.232560132835285
-0.234253342300271	0.117081845636392
-0.037040115179959	0.0230921923243721
-1.2592371257409	1.36788442842261
-0.398617050139638	0.22588745255527
-0.560270826661633	0.540573347697618
0.0114220700790115	0.00574581762941398
0.00232338403478039	0.00141979140540766
-0.543980410653079	0.345895076320019
-0.187526606047726	0.100815780403627
-0.178318026472512	0.135701903222212
-1.3417559771011	1.54166650439267
0.0872894815287951	0.0595358369341345
0.620136381766198	0.581661217862826
-0.247692403352483	0.183351228690952
-0.61158098094029	0.543641436233888
0.306145593482624	0.232715342777236
0.0154313154389797	0.0104016264293681
0.207949267362222	0.173179498858641
-0.511040530811127	0.497791960639646
-0.174846551068647	0.116138719747371
0.872237335321912	0.650248645576051
0.0501244049607104	0.0293895124600808
0.318073902551373	0.220369643286107
0.512174954696316	0.32665512171915
-0.0357112549540086	0.151701783836168
-0.0665070297375688	0.26909801110628
-0.0191077256962842	0.0595907694129318
0.659195054014036	4.04486963429335
0.911340896868988	4.12277658253708
0.87390909173102	3.29729487158704
0.602097123727427	1.47319978249556
0.750695905946008	1.88937822072815
0.121625979031331	0.167293832162459
-0.189877973823386	0.269936124271837
-0.457672382130579	1.02832846785213
-0.408242232474883	0.959678403148942
-0.535017489021258	1.37286722996998
-0.484974560741498	1.2175665001337
-0.157443650763172	0.262468256488751
0.723757674065069	1.46019796605634
-0.163801156932249	0.174754910000269
0.736319987707356	1.24900265360521
0.730376353069436	1.42076693419658
0.814683421490981	1.45423102606683
0.753517176136776	1.37111125684823
0.0128783837237633	0.0101354849851596
1.25213739996166	2.11930531341551
-0.257584353364575	0.267993956800312
0.0337052515722505	0.0286945660171804
0.851317877653076	1.11061561847512
-0.0625335365201032	0.0509706194365161
0.834259286212342	1.17023351596841
-0.606275630742445	0.668571322063701
0.530647587237787	0.761010417494221
0.940657899907271	1.44260947614966
1.01237621571624	1.21043425326876
0.982000481629701	1.29245287356488
0.469482733079297	0.462707182839013
0.682310313336765	0.809383015907607
2.09255314429543	2.65661378971646
0.595922040637165	0.681409776911999
-0.213944730847779	0.138240607488971
0.319417900832035	0.221369619935486
0.0235119161465543	0.0165274565521561
1.0020618257734	1.10525452305144
-0.0406488242363087	0.0371214408800881
-0.117152672628243	0.120405023154645
-0.518881472033592	0.84603719079215
-0.451566530196576	0.556541764182972
0.133245584963944	0.114575152125575
0.358672191008316	0.354133073810802
-1.08382406445165	1.27264862833717
0.274218217861103	0.300966354998878
0.38019917293263	0.358737709429412
-0.0217741085359852	0.0162511221994268
-0.532404968698401	0.685846601207859
-0.585513175875826	0.474167369466445
-0.371584897600772	0.321017644575047
-0.324119332136181	0.388025849650211
-0.477995760052571	0.47240412490842
0.0876126796581582	0.0597968611949182
-0.169545738380929	0.128368783810773
-0.394733879986028	0.223801768078193
-0.212878962722241	0.137574018156167
-0.582905259993605	0.602163130478937
-0.878463846089729	0.809620481888083
-0.775794048795634	0.725991359069027
-0.894646314910951	0.746045949273475
-0.152577908427329	0.117650306542172
-0.316909556323514	0.189793410857863
0.0573547326286907	0.03367689521997
-1.08564141356747	1.04215124363677
0.198521999712108	0.143445858419399
-0.757430242460676	1.1214155546465
-0.14885576794336	0.114568169675658
-0.422965734780205	0.324081388799665
0.196043289545318	0.147019162860552
-0.0628743452465063	0.038120734722888
-0.313337573605249	0.187253968104352
-0.484983960059147	0.362867918990879
-0.0677429040106084	0.041112825590032
0.529471813224394	0.460841572888026
0.395267442889342	0.439215444323924
0.0738580843345739	0.0481256954261317
0.14955061601593	0.0649393364635053
-1.21592160152289	0.918077212011892
-0.171546310878429	0.0918094478072448
-0.184095190505407	0.0988593859373185
-0.446070517008345	0.296185450025206
-1.13255895485711	0.979994701962632
0.110590309236286	0.0790976628146585
0.438972109217478	0.335880557049761
-0.139665368999697	0.0947153196363969
-0.898338843300322	1.06658907818501
-0.410735520709585	0.349824072112463
0.814082058960335	0.985056226435044
0.629917301863664	0.594238993953084
-1.33539217034882	1.87184702030304
1.51109650368264	2.00554996025644
-0.00537917283896113	0.00346799718076532
0.403423389888209	0.347492386991361
-0.281396288243476	0.269674630892157
-0.443869265044091	0.408126983206231
-0.395929290838695	0.224333502379057
0.551659668505514	0.462005596134994
-0.137319786727144	0.0776410185871787
0.071630265362443	0.0445459812394101
0.314314071647813	0.217394003043864
-0.168857667846416	0.111770681870442
-0.872344982369302	0.802066739361088
0.61947587868336	0.472405083409643
-0.848302578002368	0.905259144314001
-0.403424207189166	0.374472534303965
-0.173903304372995	0.0930712017092626
-0.548091607450675	0.494104960299069
-0.139754126119536	0.0790454896595396
-0.0649122276955097	0.0393739214259231
0.0548167090704365	0.0321739481925443
-0.488188528190986	0.509538608211271
-0.0758120478938287	0.0460651814707381
-0.0599391045661981	0.0363197124292018
0.0749563774345976	0.0466179898982226
0.997039925308079	1.09665043403231
0.578847968798059	0.463632644818553
-0.260292445799647	0.162781292873943
0.799706007877464	0.481888313994962
-0.476573330354769	0.249431578404947
0.15808343396803	0.0768195322752502
0.0629806227092937	0.0390851876250504
-0.0506832158470833	0.208459522836566
-0.0777094205890518	0.308671415027387
0.972855574222567	7.7911076492056
1.00217737216455	5.04749702552352
0.692888033764028	2.2885148276786
0.862509245379679	2.83201350282988
0.857131991805311	2.43900398076333
0.586362086545085	1.21198398923878
-0.25977236083867	0.442038805727941
0.444478978939171	0.716759497255996
-0.396736901300025	0.793399829927966
0.115251949748407	0.159120907432174
-0.300274010491769	0.414982097922055
0.194883378920443	0.300200006137693
0.411625040738426	0.567684258157165
0.528331331236417	0.838147650367464
0.496986699130492	0.775110243627948
0.555193326574881	0.851387897785231
0.57715450144191	0.823001651261097
-0.308151037776738	0.312525633731251
0.728749188430107	0.741726907790451
0.804955416793309	0.766801619306192
0.545641035484094	0.641423582799363
1.41708498117151	1.93414972121197
1.39287290633375	2.03293628357475
0.575272109223447	0.669353933117549
0.190017918347793	0.136677570456343
-0.132443882766169	0.103548427303177
0.469425986169202	0.462690381458368
-0.202126581775812	0.151022302848514
-0.470927269684458	0.463545476309528
0.206276625288398	0.166423151924911
-0.140712124711887	0.0954906169267929
0.0902063718181565	0.0616093099797063
0.000900167997966805	0.000625978887793532
-0.381738955162479	0.299941105410186
0.20049805620974	0.150690488261116
1.0414866647837	0.992605234680352
1.24786501678502	1.51732661351129
0.0427724023206051	0.0312160555945359
-0.0111369655913447	0.0084040235052991
0.134989668714634	0.113440867575887
0.398544052984531	0.342391719415841
-0.516681575147126	0.504993394925259
-0.775724045545623	0.782911231373196
0.0659240905605589	0.0409244422366583
0.189383067697471	0.124596707922685
0.0964667055694233	0.0660477953498527
-0.773584665095631	0.722866763493385
-0.771570689946484	0.776828635487405
-0.662808965345304	0.463683486107883
-0.686030227154791	0.599618488943822
1.58269330126959	0.789658053885401
0.621806584336713	0.474512212480442
0.154514692286149	0.0670936924901878
0.164508320751161	0.0557690568966588
-0.642015275506516	0.380172369934782
-0.388124930335924	0.2192576556806
-1.03435628046141	0.828608150032724
-0.133724561066523	0.0755408277721024
-0.0613282263768692	0.0371884586140017
0.908166842262108	0.933885520794068
0.0949709520310932	0.067418857305096
0.184839252018621	0.132602864499052
-1.16141321674325	0.650031364430144
-1.26672461679231	1.38070841697007
-0.644228872051888	0.381612565367607
-0.170495126705344	0.0911961812853705
-0.0969186644892337	0.0568871720083598
-0.386404316735073	0.160785514924726
-0.379309250132662	0.260513368082092
-0.455370979833066	0.303387789391714
-0.482359109069084	0.252790140985755
0.0277446167879601	0.0152989573554633
-0.131081888336261	0.0739867900343313
0.459739232726851	0.33429783872715
-0.663368588524622	0.463590821828164
-0.394312721403235	0.223079530788083
0.365376412312231	0.185084494226465
0.912421876773352	0.494599465007198
-0.130658199335469	0.0737361903279839
0.164289343252686	0.0880329446407165
0.518988531810453	0.449084933144034
0.319354051116896	0.221442323378573
0.607691499927874	0.318366468730969
0.321484433320787	0.209929716162069
-0.220014803398102	0.142660311342511
0.319746002474658	0.208703905929937
-0.0907285600877648	0.0360607852755066
0.570889015045661	0.455300976397945
-0.0226487626504573	0.0106589440275709
0.0321316805635039	0.0176293853265136
-0.536183924411222	0.339980716900104
-0.219615570186308	0.0709016531943509
0.403246530166326	0.182661858543197
-0.01442656471927	0.00690419147288329
0.188245686679992	0.117068894099235
-0.642511009645934	0.380710730102905
-0.495478237043124	0.372731148063599
-0.179229866477912	0.0961464631186293
0.173906894379111	0.101056106943628
-0.0241704263271557	0.0113305967402734
-0.482449598323127	0.252828185341853
0.332729609713885	0.202720941359647
0.152844405786542	0.0663436314576924
-0.0468952549363241	0.0205656073245646
-1.21467862241992	0.915811475172005
1.77875155801361	1.3969122803076
-0.325824053446426	0.195749699018839
0.616457261513465	0.324495063754458
0.148551241333892	0.0570670819556719
0.164612192078162	1.0310215625089
0.468224304172394	4.05703122885973
0.584936296650712	3.1472303080918
0.828202666740021	4.96711120362168
0.0462411811039263	0.0804268990036442
0.177832599876249	0.334883578315686
0.0596095491195825	0.0927150941045387
-0.0441540683079157	0.0696790465593465
-0.326896915107759	0.720234256008595
-0.436177324734805	1.36837098310104
-0.248996025407315	0.509669555913806
-0.0146693282948707	0.0177266553265665
-0.287676211524948	0.646275679070136
-0.0155527727812483	0.018211293067597
0.819839333983376	2.3544506776239
-0.201665545407467	0.290466996653035
-0.50757120550384	0.901929030475191
0.675028661758641	1.29323313581216
0.685123288742702	1.02917574455051
-0.16093771164632	0.161639661936147
0.327366606179799	0.357120921059327
-0.047372311475695	0.0434547703835365
0.153765694598115	0.143296020146514
0.584120136937639	0.662819476564221
0.39228837658912	0.52731533279071
0.560184473792248	0.745782468780749
-0.203146241482612	0.213712897712485
0.0393924302719004	0.038788321971816
-0.283824085272004	0.288880452536257
0.365349064092482	0.351965941102378
0.910372813023638	1.41454409481972
0.5427446689859	0.570558589812089
0.592108273397923	0.880331224296195
-0.071779959735269	0.0577794036123554
-0.0579523503896841	0.0471273747416111
0.422990121275255	0.443807314732475
-0.157394053270218	0.144968682190326
0.0278579703452225	0.0202857175082652
0.157077925037763	0.146697242566933
0.00519307500140273	0.00466162618151547
-0.916099850513981	1.36522131191763
-0.0164890268031146	0.0140686786960747
-0.504061483235611	0.531417149241985
-0.421608087167649	0.361410503187409
-0.606572978464497	0.537614848014749
1.23929707061498	1.50158904673827
0.119403500836995	0.0942354658717842
0.845491080914266	0.89031871150864
-0.635064458423007	0.650516885429658
-0.487449338962042	0.364985412737802
0.0749484002711847	0.0604050624968091
0.312468280375191	0.227583757350778
-1.33995093607878	1.11008666020105
-0.0184316888736423	0.00874096199931458
0.166183628880847	0.0807789551600692
-0.660053880962294	0.461024302449678
-0.784571022414297	0.519179378951857
-0.781584104208354	0.599924532513385
0.60213399862786	0.585312090882433
0.0689098157533814	0.0428014093029551
-0.211629367354279	0.159062725735746
-0.838627505983625	1.00798759291584
-0.0158498105972649	0.0119527101138589
1.54386013711467	1.87661494495783
0.0956740638023259	0.0654391248771394
-0.671430824755425	0.471360884678482
0.0343574971949527	0.0188394908554645
-0.0456092325111093	0.0284209883038335
-0.472439026287632	0.399447905397491
0.170046713355455	0.0912395929377289
-0.599583273820334	0.287457682873812
-0.788877313861176	0.607142550883617
-0.325615425338321	0.258487100890134
-1.13206661339635	1.25275499929332
-0.497701587804108	0.374810992459297
-0.40170594036672	0.37262650258247
-0.204926134157242	0.171457822295295
-0.0266244476400305	0.0169327296280297
0.921523125185111	0.804039308719552
0.312934953172475	0.216304915182777
0.437534207612311	0.334611924713459
1.38057868566307	1.28791664908157
0.191295627971357	0.13198865602067
0.412948589846162	0.343132990143795
-0.327230331006898	0.196660418149196
-0.0213908627476715	0.0100844386514517
-0.564841328164191	0.410690607180635
-0.216531816513512	0.14018870927783
0.174698008372751	0.101359284433508
-0.173725515050646	0.0930098330517661
-0.679813662948667	0.539307206251705
-0.23702181945096	0.118645904673959
-0.786961588278445	0.429105349763274
-0.856727558627334	0.852095633217985
-0.133003543383951	0.0750965950421367
-0.588764046257243	0.477560681364708
-0.372961425200406	0.291330644083332
0.156203958783437	0.0530790256711765
0.328303254926336	0.21513828511295
0.695242860337328	0.325796155950588
-0.782512440395281	0.516867533800189
-1.45130268124532	1.30356729663804
-0.483947815610344	0.254078360527989
-0.884862396559955	0.734206283853244
-0.218328925100984	0.164721973440493
-0.697881343571753	0.613413883150557
-0.789435045521893	0.522862976034573
0.167532645534224	0.0898116654481623
0.182226102957417	0.119419081778371
1.27852207160046	0.706351485148668
-0.319078102369203	0.191032052540082
0.857412665898547	0.784346645012657
1.24861855427997	1.05980406226233
0.338335204103745	0.206718010253978
0.872695124464213	0.650806151697431
0.197282650808875	0.142406786994697
0.175226633963054	0.10182001700823
1.07009583906771	1.14531446982934
0.207302372309018	1.34650240509169
0.214916477985154	1.05157331788958
0.166809956732451	0.560289968472764
-0.118429985645438	0.299307279258974
-0.302539817974008	0.888008871795614
-0.34742460077123	1.10237489236375
-0.696752480546387	3.34827965441838
-0.826507167013327	2.88717644029691
-1.6381230027803	15.0395496687254
-1.1118744448763	3.66625935614373
-0.566479697645208	0.887035828543771
-1.37098343569303	7.85930681792851
-0.45420133081162	1.09967209994536
-0.391065808002567	0.898791582259563
-0.709696866630569	2.29263850141021
-0.717639020525953	2.48176346749192
-0.217774089221357	0.332412179355011
-0.386666883803586	0.670467947011399
0.337957889952223	0.43717053674572
0.114758380297215	0.119040201089083
-0.0643262707911194	0.0624154568695555
-0.17289958020221	0.179961767815977
-0.23891392251269	0.277391353364815
-0.38450209496868	0.544359010136227
-0.716767924482317	1.23148344910752
-0.0363194193747142	0.03388938369029
-0.188752605316436	0.242833938801658
-0.315186090930372	0.381348359310751
0.28139330272475	0.359649009910593
0.432720903090992	0.596901356182354
0.103613767145824	0.0965790463340419
-0.659579705539383	0.797713136313999
-0.308728330866407	0.355117834610393
0.305119275571489	0.367312827958224
-0.210121063526583	0.208220573329031
0.127668549029452	0.101286082663805
0.526947224992304	0.645381684545269
-0.166382228641833	0.1542732358156
0.803777306057406	0.871199759036916
0.957157727668642	0.650751496959518
-0.06922929827449	0.0420310004121869
-0.102560215910524	0.0602743116604794
1.1578278472734	1.32194475164761
0.161796574367373	0.0866010540014533
1.04363670121033	0.995363413159163
1.69747138358931	1.98432835055643
0.452046881190308	0.327815444708674
-0.728839873187573	0.971389165544806
-0.629762374218519	0.605558151365827
-0.693068528458023	0.656876524017722
-0.659386963337781	0.460083791345496
-0.402343209263756	0.373179562383651
-0.707215339038921	0.722098021361575
-0.701907324821107	0.714756911190969
-0.476573330354769	0.249431578404947
0.0321218982267018	0.0176485986847902
-3.08209765998152	0.963916510480773
-0.214295623660532	0.0692156550779169
0.148503149870495	0.0281892610504199
-0.627367542213354	0.153354696036073
-1.16334851856352	0.651241924987179
-0.112716302756193	0.078018354316506
0.0263939235807877	0.0145545154427552
-0.484427100310946	0.254160419800706
-0.297508253338832	0.136455589869049
0.343401420956675	0.192275775798707
-1.59939616561275	1.22984600118044
-0.665792547237073	0.466383135678719
-1.48346633241229	0.749403545929891
-3.75466048479637	1.48723142869904
0.48126519685131	0.625533456855388
-0.432755488925503	0.492001156760292
-0.479532344717238	0.474591016025239
0.369459699801576	0.346115283122478
-0.0951248501423522	0.0558216304690176
-0.711003602091686	0.772732268206498
-0.517174890055322	0.427305559464321
0.0582751954271526	0.036162933012246
0.76318188653259	0.752487830922245
1.06047654307254	1.12954580171377
-0.0610738338434204	0.0445257456442707
0.181736962595815	0.119076557212934
-0.581900479393379	0.56792085997223
-0.784507401370595	0.6737183130424
-0.408518446194809	0.380479013989936
0.377765275944363	0.355822299783357
-1.13988448288705	0.988627342644635
0.00499151408176808	0.0026085292215655
-0.0756003038114004	0.0459322794921777
-0.322298673862139	0.227680572688291
0.0731925831526515	0.0476680171817564
-0.703624511221358	0.761546654445765
-0.375710605910889	0.294256005887936
-0.021896239306779	0.013954849963181
1.03847067970078	0.988261000226337
0.105060157703478	0.07490600684496
-0.987083114902259	0.883102123730336
0.0912251759037223	0.0623334170839232
-0.669375299327281	0.469730515306922
1.37804126990537	1.28438850874314
-0.482993361037167	0.253523060136524
-0.0509240148133251	0.0222680861902599
-0.21049146922482	0.0680355104001863
-0.764348057314127	0.332483080084793
-0.627367542213354	0.153354696036073
0.15318020451798	0.0458683668193207
-0.228961564850984	0.114353262369179
0.148680628012621	0.0644892210381013
-0.212036192576877	0.0685029076357838
-0.601439452204302	0.288552796175517
-0.346820783252297	0.0997890928773071
-0.479180693997877	0.251015482517765
-0.516096514132394	0.19525236723075
-0.215583462022983	0.0696521523969918
-0.336674929481933	0.0969239720174005
-0.520991604825621	0.197343930777988
-1.02154175669654	0.404862567676398
-0.661191909926952	0.462230572733368
-3.75530690635197	1.48758661786965
3.93039364694432	1.72557827049993
-1.51429942551804	0.540079204882619
2.76761278418242	3.07054904932041
-0.321327050755787	0.192556412843814
0.738944494731938	0.618623519456647
-0.534688536110816	0.338770487490041
-0.87050319650939	0.799151673319338
-1.16358041719965	0.651817732691739
0.185132066763439	0.121561597348271
-1.83514163203325	1.15663157981514
0.656262709147791	0.596878059731449
0.534375076851087	0.466275034145938
0.561732730836969	0.472638824970943
0.114602150169517	0.534038524515425
0.0368457633228752	0.114072600380522
-0.436194407752999	1.97532223083433
-0.355639011188624	1.2385507319893
-0.367833090513568	1.2383678646833
-0.718360615457896	3.43072948119908
-0.691940709971764	2.05650647939782
-1.28189344437641	6.90246102558499
-0.594545749756177	0.93301092078936
0.476143026234362	0.629541645604952
-0.560089741488236	1.45957795182129
0.103032885296486	0.168090906254672
-0.556352200904811	1.54624244483234
-0.469399815690387	1.15515503213378
-0.681422842473991	2.22857694779611
0.162809988466581	0.242971561963218
0.0239690945519761	0.0259555736112372
0.381970199563734	0.573436477352335
0.0714082168065142	0.0682098199092183
-0.308081571670767	0.428949757047785
0.164881754870908	0.183873799876409
-0.381619685025172	0.526283764209349
0.665465210919397	1.31637025478965
-0.287390374005613	0.365084726419222
0.119010263353839	0.132866854883297
0.133818390271918	0.147526631177624
-0.532307437946738	0.841995493985061
-0.313664648986986	0.378977569257543
-0.20946423814061	0.231201598779725
-0.298933506404977	0.347387830140275
-0.0849990629929387	0.0912772290651632
-0.242614044295174	0.217490046185948
-0.540779667738489	0.938989091027907
-0.414598461922037	0.51777937789549
-0.582479640343131	0.712582001531891
-0.493103991593962	0.612668215696632
-1.18593924710821	2.0771447781252
-0.702215800274611	0.715339898520866
-1.21927593239188	0.922608260294057
-0.0276606698828295	0.012935869198489
-1.46171872617314	1.01768586142729
-0.64154693947205	0.37940406635733
-0.393701773942777	0.164088841030077
-0.0936023816727726	0.0371398786885616
0.345999255614076	0.19402986967412
0.341826528077371	0.191360906337617
-1.48865825415413	0.75378227668086
0.201377111770177	0.166979706364797
-0.485276538226581	0.440015206480483
-0.692989527108424	0.60769760510067
-0.342327137989985	0.300471363508818
-1.15108608141517	1.41737794412881
-1.51088943312233	1.7022251852594
-0.960763532128697	1.26724045693807
0.272786946855361	0.269062097460123
-0.565714522726601	0.547491633912566
-0.280553787787841	0.268818858725571
-0.345392068889006	0.303681644441114
-0.492141690118476	0.448321095337998
0.280016085944871	0.250037172354808
-0.456217882515133	0.30407626087915
1.06907840983834	0.517944608681236
-0.340926891852112	0.0981051026466341
-1.27220725604507	0.572937879775848
-0.769774518033546	0.334995267894291
-0.0896329675329101	0.0356520261674301
-1.6691326992463	0.943374337661137
-0.0949740463039167	0.0557041450560508
-0.327856595078214	0.232126258832166
-0.871053669381966	0.799322590349196
0.449846097769576	0.180981984312599
0.165187684093923	0.0492379178847392
0.165626935135117	0.0886222571915064
1.59671662331183	1.74373364493014
-0.766933204753768	0.333682664077871
-0.971448290873087	0.479781368787154
0.152289864541204	0.0287035071443224
0.29415921727282	0.231573994055252
0.419497776994618	0.535615151695583
-0.0686144597455385	0.0416355798044528
0.509888880547968	0.542827569462143
0.304032627749944	0.220520266878341
-0.242463499822868	0.178975690390355
0.393120606354579	0.336641985983104
-0.209420555578679	0.157230593291342
-0.773210415000915	0.660219672480213
0.484504716054217	0.448057766281224
1.10306079383085	1.40601682771197
0.578754881764064	0.57823251477501
0.184277340451472	0.120941506877881
0.327801103553271	0.214671298323077
0.214694202517421	0.204233544506597
-0.177426381254015	0.11794651426644
-1.69945397961315	3.03198817991261
-0.197003492789934	0.163921650945288
-0.171197253105095	0.129755602581098
-0.0957597755461029	0.0379495010979488
0.405021567258099	0.183627631090634
0.19209023796551	0.138232387882024
-0.283235656107531	0.205429529817601
0.102279391179941	0.0753474913906153
0.437998141327856	0.334942697439852
-0.942012708837452	0.996879012088081
0.650078734399625	0.589345655546074
0.172047425954612	0.0999054452525198
-0.021923231340282	0.0103336135600709
-0.233843705090568	0.116879473569754
-1.27417210805003	0.574147134662387
-0.661891612210764	0.462882119727219
1.575425828411	0.78434691068906
-0.514630991185235	0.194661861681357
-3.45538437102149	1.2298802093729
-1.46570996760945	1.02160653633524
-0.147297721390346	0.0527350181346736
2.74898391577091	1.68749655285803
0.162330854953818	0.0484266272065399
-0.142440177804696	0.0509737826404277
-0.389915965454962	0.220409037686978
-0.146714660868555	0.052481223816664
-0.919232743840441	0.674173674066794
-0.730327515563939	0.2510045661779
-1.47978310913972	0.747275389667597
-0.346493976209143	0.099688871662609
-0.763759356923981	0.33215173832306
-0.600982761439057	0.287834878587552
-0.625500335572602	0.152962089117453
-1.51395570496283	0.539857861420258
-0.21584116833564	0.0696924945480662
-0.302181561046257	0.138668660985349
0.173801213419654	0.100803784482198
0.421921983630599	0.352203492023667
1.40331495629837	1.09197846209179
0.665114699245347	0.476816708873849
-0.608835721396799	0.292500112738037
0.953964928099958	0.648443844421097
-0.5376596752585	0.448651603127923
0.0691416948135047	0.0429615689641838
-0.234768381371838	0.117353834195191
0.511316873285068	0.326499547438563
0.751094285867122	0.63222904405371
-0.150766930546289	0.0539211522388468
0.92500759681212	0.808410396337158
0.309105435444595	0.224733317201834
0.073775060309395	0.0458906333774637
0.0755808225107432	0.335423418709186
-0.169151015136156	0.826238659267239
0.0130494942737512	0.0313551578569789
-0.558607269599687	3.11798512724834
-0.510127888552876	2.43560591813758
-0.241786253465067	0.533877931257698
-0.922280996582724	5.30154987839681
-0.479582550208657	0.899814369429577
-0.398946421374055	0.549187983404397
-0.453061072513771	1.22946428151011
0.0654190752024794	0.117413519571796
-0.136063886881146	0.273057065574782
0.271421385549701	0.673602383595981
-0.146938281591895	0.290551168582176
-0.223799986070441	0.404129236857422
0.470550910573227	1.12813887969011
0.506705190737481	0.989411233143423
0.109922958668048	0.130644533562151
0.38932492050811	0.703561924733041
0.253188478884073	0.376941594976389
0.350698530478684	0.568136109144903
0.373332457005942	0.645308582040043
-0.167347797838018	0.206759150130787
-0.676937349855042	1.32843886722177
-0.3871217263204	0.65134031814023
-0.149192264285011	0.17761319757499
0.0214211468722453	0.0220828389659177
0.283703749656798	0.400682783443443
-0.0833007810160632	0.0923716680939679
-0.177597986173785	0.21902054502308
-0.164464777224186	0.196350331631367
0.744582472114283	1.37359883253851
-0.391103739095857	0.489672903409927
0.168316086123603	0.170989820965593
-0.393481423231883	0.52990815613461
-0.727933466361965	1.22429634410674
-1.87088280950294	4.03306676584098
0.484070654875881	0.33239067226995
-0.607493528353946	0.291771988503294
-0.238419590923553	0.119457155693599
0.190963324782941	0.11883890403539
-0.782084437373693	0.60021814623644
0.17524913423693	0.101725710671417
-0.644133695110151	0.380996283374179
-1.08620679775306	1.0432366870715
1.46737978081346	0.92000187144081
-0.665005995803668	0.465812078956618
0.600398604636571	0.582665007722424
0.0411896957575311	0.0352182133196816
-0.521920051685034	0.432426234183519
0.0358037793636637	0.0298777703995609
-0.0710652701620571	0.0431496159138724
-0.370609214328627	0.320056030555028
0.208455833095563	0.168401962120088
-0.235124444694221	0.117519309893651
-1.30008105012593	1.9193910077072
0.551620426433038	0.651225448051368
0.485130297247445	0.539576576685458
-0.563534694454963	0.725509690951825
-0.699792975817635	0.755474951343234
0.779599393111517	0.960534373705603
-0.175430056480886	0.133305241961887
1.45719116633062	0.910704054354902
-0.789918666920314	0.524092445670919
-1.01837696193392	0.403207674008432
-0.71362969964602	0.24469116005462
-0.722104754812606	0.247977448104565
0.346816255761804	0.194232543019674
-0.29220342300347	0.256341164773356
-0.0764766766611505	0.0548922911874788
0.187284523284623	0.123034993527275
1.45476541507032	0.482531337515686
0.609351827841559	0.319482887797197
0.717759004081675	0.474696933906852
-0.545984917400753	0.491521359366592
0.39743817424851	0.179869013965184
-0.092188870650218	0.0540349725348342
-1.8340934501511	1.15566420049686
-0.155548941678551	0.143065410490351
-0.0284851996229875	0.0261441542031247
0.577694645062908	0.57661457719782
0.531853413746083	0.636752566588054
0.0328392635050935	0.0180602815823811
0.128478354646087	0.101987110994866
-0.175403470507948	0.147623053854895
0.508737360649493	0.458168113327241
-0.0704330754660117	0.0566521874477861
-0.254863539158261	0.207673367417541
1.24264404465049	1.75512296391265
0.032347150826937	0.0235556707012994
-1.02792362383046	1.34318611384521
-0.0610423762503416	0.0445106906620163
0.638533868666763	0.699458157543795
-0.725077587837688	0.838827082053125
-0.834330744867669	1.10949376364728
-0.0703214267865246	0.0426808910338194
0.34931977117692	0.332928450742074
-0.172123705525411	0.130537483307101
-0.128495223240094	0.100253909611516
0.615232063176769	0.688859162550292
-0.711105543458271	0.772796335845479
0.166499108990373	0.0810227266657303
0.489163191207053	0.337131627839517
0.198951150936917	0.149394234641841
-0.244223000322657	0.219151689883392
0.0806121334829201	0.0668077626358477
-0.614354520132298	0.713658258627483
-0.01143007592293	0.00861313758555418
-0.925947008209432	1.38895846609247
0.773512055920138	0.861820919257279
0.613263285701603	0.466618985321966
-0.655852203097335	0.457174103231585
0.672005970861858	0.615930995447894
-0.320651072292831	0.192303140234566
0.701787712435151	0.329614533565531
-0.604872284261957	0.290453121761154
-0.519121480217459	0.196545928752658
-0.390182163917552	0.220724904500686
-0.786073089333673	0.428868586998632
-1.16615169331653	0.653984760173552
-0.273242066752617	0.171733079081919
-0.779756047656167	0.598107101756066
-1.02116299616938	0.404658802027825
-0.214527945453891	0.0692825908233493
-0.719465582528739	0.247026553935257
-0.21049146922482	0.0680355104001863
-0.779804419549096	0.424157606981819
-0.605163781975793	0.290465084511162
-0.599236132642362	0.488653617033888
-0.387383277288574	0.161283999419387
-1.81367378419037	0.73893109819281
-0.347480099168433	0.0999933239977275
-0.296672235896868	0.136049250063878
-0.0168964584597664	0.00801568034771367
-0.497201569540564	0.374379258976174
-1.01961453275747	0.403780235295886
-1.13910410688242	0.344899734416028
-1.03277651762013	0.825274968725423
-0.466729644131676	0.393597450400058
-0.106968760137368	0.073815737171005
-0.25738033075087	0.160689473871145
0.487210206292996	0.335161254347412
-0.0623490173207519	0.0378131919138131
0.301213933407721	0.237996825068648
-0.864668908504723	0.863307842453514
-0.450240435963769	0.29946846377491
-0.326360671382958	0.259130197331081
0.412264695718316	0.342336108205661
0.459226060939282	0.334209360431355
1.96040941896093	0.441936123238363
-0.146844577524397	0.052546453265397
0.303907973757956	0.230752840675414
-0.493708747073823	0.37112609226448
-0.855779776968643	0.850355288696143
0.189242993979204	1.1658459830373
-0.0565773072862714	0.193748978304133
-0.169267948313422	0.553166151116
-0.187687498940388	0.572036128035994
-0.74935569327679	3.25644028476644
-1.08670440280918	7.04927412322447
-0.43934423788702	0.870582082972858
-0.0377116925039542	0.0339547857825855
-0.00586258681173042	0.00921223824652524
0.332416839868345	0.848221176898987
0.330313917312535	0.917823869129978
0.0386871796365291	0.063357144163601
-0.18432378802854	0.404407678089969
0.353641366197241	0.733689550948499
0.235553075967685	0.410199997928271
-0.171255978636833	0.23477237483139
0.433623611192992	0.722495853012473
-0.164911828020526	0.224505305795034
0.264682821498078	0.380771183822534
0.228960688225687	0.333711949718501
-0.0251182704574665	0.028837870887174
-0.753124373691794	1.44907809609303
-0.74765151580834	1.35912798178198
0.832054857187699	2.08073304510696
0.307467923979686	0.447675679051149
0.407208196903245	0.524841553210343
0.315560746887615	0.402751273800855
0.294505381035787	0.363322431722581
0.157904922309537	0.189659048262264
-0.097883236286621	0.10024991071172
0.0887828133567715	0.0952252916596936
-0.630096949271771	0.945601670820902
-0.289630313074618	0.333749510983044
-0.291475327839452	0.336599139090001
-0.342551409720943	0.408793940331258
0.278906465557919	0.269835439116131
0.394830511937435	0.178506716414537
0.398493071197486	0.180184081984467
-0.452013677649976	0.300948650675602
0.701898821742203	0.617404553685411
0.00451171734788784	0.00237261137383049
-0.603280255033303	0.289377678994227
0.436388738109045	0.333447077816009
0.398493071197486	0.180184081984467
1.25635904617729	0.87494486167539
1.57460112976731	0.783658047820779
0.295426845761305	0.274141397557851
-0.171543580140753	0.143959873059516
1.8608643097061	3.41232134767872
-0.135007133996342	0.105731175689071
-1.50955219066579	1.69939776399724
0.852070013327733	0.778026127182161
-0.066125276900388	0.0401191017270231
0.164262140536236	0.0713712758509076
-1.02341693871732	1.33274763259791
0.271867023555911	0.248341703906568
0.194277005753442	0.155595639517177
0.482413775013727	0.614189661513272
-0.947849488948798	1.24194983258155
-0.69700088299094	0.707793506382774
0.0653700221632302	0.0510706286212239
1.24610884583202	1.37762776894399
0.915264792922235	0.49638528683902
-1.81776116330611	0.741198338740062
0.162479935061762	0.0485106492306684
0.203532096977468	0.14742705082895
-0.386585993803614	0.304406021315384
-0.070937503522622	0.0430798645274868
0.534018135349711	0.192121771213656
-0.60491353971316	0.290239302747195
0.153720406765919	0.0745390431026056
0.329435909931346	0.21569832495038
0.167402290021793	0.0896221774164838
-0.960651111952844	0.942319677718796
-0.97432550347234	0.481515569107355
-0.874098979670215	1.25881856069864
-0.366354922825949	0.39249711120215
-0.549090475402473	0.494879370566549
0.113130737116111	0.0864591531849526
-0.0635327196818506	0.0385350300286335
0.807339447893205	0.87669632985383
0.589008740290191	0.670340930869176
0.141140256764166	0.122046216741961
-0.0606090447848087	0.0441763537397047
0.337005636226162	0.336824369132781
0.197169558502007	0.180915905723497
-0.379251750325232	0.329056536845893
0.0401931998307771	0.0292966928974678
0.286327139457897	0.256719976819707
0.283544396513666	0.261114625034931
0.139136988925593	0.117211404438496
-0.281466320904883	0.269845882273755
-0.181447981442591	0.12087410547114
0.204631151450735	0.159645614077599
-0.858032813151575	0.854138761996643
0.892518229281595	1.3139868912152
0.379226935526046	0.346183319174003
0.705526320839859	0.918974568261375
-0.78437219259794	0.60277629670623
0.413716696439312	0.34388318635484
0.0990265188817059	0.0704434359698988
0.18922103225071	0.124359568724704
-0.384499378382217	0.363829239422051
0.135594658235595	0.113996421780211
-0.609575943586604	0.541178376164215
-1.18463362136601	1.61396156330148
-0.575616612858913	0.560242533753979
0.741547002258795	0.621843399059682
0.176138076636386	0.102367105006199
-0.021391458779562	0.0100854542894237
0.342064196119403	0.191417393195855
0.399832164196581	0.180848431784281
-0.632939126134277	0.15468454480873
0.169905105899281	0.0910528849787546
-0.324269134065497	0.194786581971113
-0.139626623650296	0.0500203007886289
0.167456389266164	0.0498754746523784
-0.717014216380814	0.24607192548599
-0.716346626154106	0.245810055243264
0.670977551868057	0.213013404742869
0.346444893311696	0.194316146735746
-0.0495797235249327	0.0217002812945495
0.441296624410101	0.177351995745552
3.04714379968664	2.26839609791749
-0.339602708385323	0.097759164273545
-0.239720800153421	0.120181040518234
1.46261822785671	0.485296318127314
0.149686891957537	0.0726226956049432
-0.196804008729258	0.146682406938474
-1.0395077938936	0.834117240873929
-0.724527840719668	0.248940035798255
-0.395325910484107	0.164719249144553
-0.224065600069808	0.0722916606553217
-0.141381032056214	0.0506159875060989
-0.182294703717689	0.0978627406287097
-0.0947109786071979	0.0555728067730253
-1.13521969998424	0.343544374381215
-3.08118534013847	0.963229045953577
0.100365314520778	0.0688314828658933
0.0120435069266795	0.0060552812142879
0.306804549302168	0.252561749095445
0.44044031921834	0.336983990967792
1.28895468665247	0.7138981062513
0.411252825786049	0.341274823317086
-0.0949077870478643	0.0670071894577185
-0.777702337279488	0.785569519329594
0.170823156563517	0.0915948479445419
0.844061169808966	0.996559362074915
-0.878654324872083	0.809497852053084
0.963111362711626	0.953837202708769
3.63685963656738	1.43190397098036
0.152512200631439	0.058591261045569
0.0602551939101188	0.0373749685723893
0.534225183723544	0.465984525816832
0.033937849796196	0.0186128538008366
0.664207553492235	0.476360859513391
-1.01025079224255	1.12569165632926
-1.33764036718116	1.10808005857392
0.0521605707517425	0.0306167222941986
0.0542906508873529	0.0318669708534189
-0.117905072546689	0.0818159927007623
0.0553835435082804	0.225515396973168
-0.120852612316348	0.517867364276566
-0.0876363288074135	0.256217358870873
-0.322541009450935	0.984697978534019
-1.04529270478604	7.62189701428859
0.258916718193712	0.538617341673571
-0.0737066050466639	0.0835544057088228
0.122861274956968	0.267678907189241
0.142301847178863	0.340548256614792
0.238825856124459	0.65388044282335
0.26994270527489	0.734755660517231
-0.0447612422336362	0.080811027263023
0.0119808959288639	0.0174566781783746
0.556354834133377	1.34035343455624
0.471198368337691	0.895371338799233
0.439132858024867	0.704620411801876
0.325201209388875	0.52270396963539
0.664830574759252	1.28428913705506
0.230185866670444	0.286248455881703
0.350144705338603	0.590983709826861
-0.12969052569806	0.160023921813514
-0.300527362887963	0.401204321995782
-0.140141028027139	0.186365477592838
0.430693961533831	0.650626895576331
-0.00600027194770965	0.00622274507198832
0.100446207220306	0.122429349923281
0.376590949904106	0.570815916550942
0.130872432547821	0.145812537619171
-0.775054088662311	1.24476380204753
-0.0225511360138962	0.0234902370103836
-0.330184465481826	0.414887780535885
0.165468107190364	0.167765998236008
-0.533092794696717	0.807765386629616
-0.608100356340639	0.990219820420015
-0.124802297951661	0.127313440047707
-1.2183901089086	0.92172865087963
-0.377839114098261	0.259509774213182
-0.138379031433958	0.0782191477867801
0.485431441224275	0.333625895000472
0.394021941179025	0.17808674998791
-1.43846756649656	1.2861375732126
0.308747879374547	0.224504888536087
0.0632212096076143	0.0370939280271696
-0.790734434323674	0.432208668980699
0.164728961453765	0.0881081394740307
-0.00188920098342343	0.00153061037808625
1.09733537847504	1.90486551038079
-0.392048841968152	0.39026081647759
0.0192616645254979	0.0159924907929957
0.290390821080375	0.245193727708238
0.485286519678824	0.449235943053525
-0.547557934909859	0.493531354545359
-0.27259934794143	0.171308190784765
0.558273723366893	0.661893797494421
0.212021909451351	0.205744944889705
-0.0264641584296414	0.0197539288928348
1.11716017727416	2.3651706500408
-0.964963298559343	1.55883445335434
0.0200087400980971	0.0134743954970578
-0.00511581712290084	0.00385220794355334
-0.891093533278407	0.741876498027809
-0.0546503308644821	0.0238509755552916
-0.718798226358807	0.246701955031967
-0.599637409626921	0.287138428430173
-2.47155441492038	1.37802068352901
-1.83386952453235	1.15560285363575
-0.174625800119349	0.0935165830384777
-0.295143006836327	0.238634268028051
-0.369675066669506	0.319009227087634
-0.543428922285731	0.488409965250879
0.163113419283259	0.0792269512446663
1.08736372285734	0.669877906927709
0.181178004117255	0.105531563642266
-0.178690531693791	0.11889396444585
-0.389916938249152	0.220360167416666
0.317121100104581	0.206751886882728
1.07503638280696	0.521519260914522
-0.207785045738077	0.219241970569562
-0.134435715427132	0.136278783850115
-0.591759978737631	0.64645797207858
-0.441219826776019	0.404706651415016
0.458596831908798	0.449188224263351
0.413061335535175	0.343133952287682
-0.0426787875828898	0.031468223562486
0.0721254856967573	0.0448485714660069
0.0983651098130311	0.0699519715137389
-0.364624528679981	0.340764312745119
0.210892622565535	0.19544933177692
0.13899091239019	0.120009413583231
-0.279337421916883	0.267289675224507
-0.613088591621192	0.711547594172878
0.218836635659505	0.239244225455875
-0.0986832356914775	0.0791014603248794
0.136831939364735	0.11221045699519
0.391447283942823	0.347664421810407
0.191953407883182	0.126403934755597
0.995299531850376	1.09376953804315
-0.940066074918596	1.29265290498086
-0.428600779415745	0.424290703602861
0.14469896696443	0.119209226006198
0.614167056309756	0.467577234181179
-0.5335022359482	0.337411693953876
-1.2729907638826	1.55680241107265
0.553174455373984	0.463347334969159
0.263196434244605	0.251720094300746
0.116777462720551	0.089432089159177
-0.463612957227577	0.4908248835103
0.509120556139993	0.45854351222018
-0.184926795280972	0.141253815482176
-0.324261242827609	0.194590722719245
0.92983188543376	1.16985182483875
-0.668831475655317	0.468682833417801
-0.776777436413361	0.512031228705886
-1.82445347427367	0.744643935357567
-3.45598446335482	1.23025555319821
-1.15825619229421	0.648045621871126
0.157034388740604	0.0533466278590803
0.555732490677334	0.324158116223017
0.477773519436969	0.3275269206965
1.45086090685868	0.481039409485759
0.166311360817904	0.0418484681801843
3.9335777281584	1.7278790696178
-0.52141433065344	0.197411751800862
-1.91788029440824	1.87700727692361
-0.0220678885722148	0.0103826049179034
-0.522044003808066	0.197655299296464
-0.60830978690309	0.292177907487842
0.673419805718654	0.213740169092851
-0.301508897548008	0.138330624848183
1.46658171174099	0.919151770361903
0.797989705712639	0.480516746468569
-0.671073022765526	0.529960879769337
-0.447652903017438	0.297331752668903
-2.07257723304586	0.945362560628568
-0.523104993759684	0.198102735197384
0.535334953780092	0.192566688642047
-3.45598446335482	1.23025555319821
-1.47455022252758	1.03069623334906
-1.22411415769377	0.928505689975216
-0.471194647777009	0.398156817305183
1.24375707089137	1.50987421219136
0.0950745153146901	0.0650861563374834
-0.380457366470595	0.261615738112216
-0.52663537383647	0.437259333315058
-0.373998016222628	0.323459151421643
-0.258369534166146	0.211114458496222
-0.231398925427925	0.191545893061974
-0.492757832121414	0.370018899111667
-0.241902193038261	0.178461079860951
0.799784780137282	0.759396829314339
-0.522665600524653	0.512731246895365
0.380671643219892	0.335793911997872
0.614341749974739	0.32286465758395
1.33769715960399	0.586940811923239
0.948535538575274	0.252058145640786
-0.604860795420285	0.29011226993527
-0.0736949539158737	0.0593871742693644
0.306826418660828	0.233299642834956
-0.142032962952393	0.0964405311277465
0.584538798646146	0.469310256147256
0.203643825760823	0.153298678124708
-0.450852240418001	0.299618786170257
0.659506761584011	0.600694819406109
-0.217799329214556	0.141069912341998
-0.524441631731114	0.434647002260835
-0.381356469304701	0.262344764759586
-0.0355885544574451	0.026222364579209
0.0439772994346121	0.174336354318034
0.0566098148351131	0.211236545786873
-0.232374974004272	0.91015762690368
-0.707524588927015	5.70659403407208
0.325424791325196	0.887170239221116
0.929323199882411	3.02264463068863
0.182298195978975	0.538333799267934
0.709243800410143	4.44546843597489
0.794517737652298	5.308459944345
0.185640640683421	0.489430877382618
0.0258227369534955	0.049239207082401
0.432218130202727	1.24888942725373
0.109710055511299	0.158084748394263
0.660008648605678	1.64208079941658
0.587318986445562	1.14273917461206
0.576085014992905	1.24996679828243
0.447180784133411	0.722651282534417
-0.184069071466556	0.231257312489817
0.558163054366826	1.20612517525393
-0.147633121306902	0.177601462145886
-0.272726507551793	0.410426421394729
0.244419145089916	0.425081801164939
0.102276030493583	0.119621570974763
0.204488111898826	0.245926770360494
0.347180035141107	0.500768436169728
0.245205783861454	0.343321433451185
-1.08713295503738	2.67886100819788
-0.104184914403278	0.115347200736602
0.227727597340074	0.309493160215398
-0.471636158836623	0.717349003723513
-0.0699474889365401	0.0690744120922204
-0.665166345206864	1.20615523799743
-0.431054212680506	0.639701342482876
-0.25818295960351	0.31217824149518
-0.328031710331175	0.197218579447927
0.735402968925873	0.614388804737401
0.406536086133379	0.33666430486463
0.307090598474481	0.22306468172068
1.15833632060868	1.32252554034134
-0.667487898991036	0.467603010847475
0.160013806209219	0.0855923144879436
-0.381605675440247	0.299789351174959
0.713905706992623	0.471800109914215
-0.385287088435422	0.26556594083641
0.0242080563611316	0.0196269570468838
-0.0543397133547271	0.0448362069147939
-0.199446139860955	0.166249327860659
0.134962958087419	0.113428072403667
-0.433054671611653	0.429716280699
-0.0684000780123949	0.0415138046068142
-0.0682287878294125	0.0488013491787858
0.818739316927268	0.784701730220042
0.340967072872897	0.359258085775957
0.0756976560391515	0.0748618305461147
0.141687334860297	0.125365181189378
0.658749991267872	0.796062319382632
-0.060354918098295	0.0440007675904287
0.717078989703262	0.910910009678162
0.28541037298755	0.277281319230967
-0.28961751774583	0.233416691725932
-0.519952717504097	0.196880719935875
0.162479935061762	0.0485106492306684
-0.917451288976334	0.672193747059767
-0.297842325702203	0.136578190551479
-0.653640387102412	0.388669840412121
0.0313586803827358	0.0172576355557721
-0.782442414094834	0.516407174781217
-0.0961958516660323	0.0381720029501695
0.00490241324102039	0.00306132703138136
0.315665049234735	0.341357298699149
0.411077090836571	0.451289715958717
0.282669045064816	0.260186253957955
2.28357647190282	1.7771806292121
-0.182909965831424	0.0982190774397859
0.703034986485603	0.61859866202648
0.310152323323776	0.225653977198017
-0.332862202278716	0.236389536687579
-0.151050770253877	0.102974384732685
0.151571855041603	0.0515249676578255
0.36302551978566	0.429898563122093
-0.473684360124432	0.612473709895669
0.382911905582291	0.350297636855573
0.896048550374561	1.03983742082347
0.333633371800302	0.219108743594584
0.422898555943472	0.337471559266124
-0.154530194776647	0.119276990562635
0.282648944766902	0.267069174781432
0.0644130569742584	0.0503043024059237
-0.573506215482525	0.557445811486674
0.197261183884122	0.158317843864452
-0.0879208821176676	0.0618782305841026
-0.176064795140617	0.133806320854874
0.0855618935871682	0.0711356151111967
-1.00856539011707	1.61705623791268
0.200245039789951	0.192546380560212
0.658504691968706	0.795719488046092
-0.216450522811335	0.140124617647924
-0.081691834068616	0.0587841482946641
0.944608345686689	1.2696787650381
1.33305459309045	2.40720237604564
-0.246749889072815	0.221809069164837
0.207917906794197	0.187780790670466
0.348069622518863	0.195127142115536
0.562109819260995	0.577422972921738
-0.850865402999643	0.908691608607788
-0.777712370138302	0.988551457408114
-0.588428941817519	0.721791875896294
0.276272069842214	0.266680076761589
0.0294432644949269	0.0206821989610841
0.207816327672721	0.20098677687151
0.418141125089388	0.449511269359274
-0.680329780636572	0.539892270825072
0.966331397440587	0.660259205267899
-1.46814156755263	1.0251060042185
0.589304202745434	0.474275276804883
-0.642385803086616	0.380005364837952
-0.390182163917552	0.220724904500686
0.146453597633902	0.0562804751574643
-0.218958293525578	0.0706782121263062
-0.979160981456488	0.485097389866449
-0.483706325629852	0.253588652675229
-0.537558118127055	0.340445208502224
-0.483226370245021	0.253293375891541
-0.219615570186308	0.0709016531943509
1.33344671637715	0.584203230267866
-0.214926988436609	0.0694297469164798
0.532908190209257	0.191706726261354
-0.469907569175948	0.39693911426195
0.158236523811813	0.0767328344983526
-1.02427645032579	0.406079762098266
0.909544986315036	0.492811033339383
-1.15754534785814	0.646582127865094
-0.395116607132977	0.223786763383203
0.155597249360398	0.0597099328081436
-0.130285018902519	0.073480146255621
-1.23777625207157	1.1542389010701
-0.329321774680299	0.233575601547638
0.365065459257519	0.184956498853528
-0.142207514098902	0.0509041851864348
1.24770509750526	1.05998105361481
0.161809663243855	0.0483223326687324
-0.524847974739208	0.198891122280494
-0.221158427899559	0.071360347088866
-0.76031308089941	0.330144921181328
-0.890261861710744	0.741013600540595
-3.45538437102149	1.2298802093729
-0.989600493103359	1.17291606195469
0.928669520882698	1.04297671155646
-0.132077655087942	0.103270340144782
-0.0949469324167055	0.0670226320743129
0.313773346277218	0.228709085526309
0.0404428331319528	0.0294939055937666
0.0329928307682571	0.0240292424175601
-0.521169513095365	0.580762944677283
-0.942201505966769	0.997044476061167
0.417880290496549	0.348077472572085
-0.300848067186135	0.243802091417536
0.660885305617221	0.706629268646409
0.702795908773534	0.618281424637729
-0.777401158008445	0.595578158889862
-3.75466048479637	1.48723142869904
0.153526628680235	0.0288819285189665
-0.952123339103863	0.585918297182644
0.147805908096908	0.131371683013527
0.198526627313884	0.154369363965307
0.0940241519466206	0.0643360239950113
-0.0723874697644112	0.0530452086622345
0.193328522811688	0.127375960178473
0.696458385870857	0.611050041833928
0.459688314914586	0.33459523191754
-0.319461841968068	0.225430694318628
-0.0703214267865246	0.0426808910338194
-0.88180764861745	0.730678394612412
0.175310281144379	1.1173898956586
-0.0574979572432687	0.211125195597584
-0.339192367120802	2.2031580270445
0.434808161683474	1.93783230778294
1.41762476183621	12.1265856525065
0.649471454268086	5.29879995703693
0.595447521682727	3.93055621013938
0.740879795692236	5.32678470174056
0.120447037926543	0.314157184349603
0.0159934197226475	0.0320625210731534
0.197873029400072	0.423431219104941
0.273588490282618	0.528549741270838
0.825139368236919	2.09542601432666
0.488251637989135	1.00645210757841
0.379307657251344	0.686518425300204
0.0720272607222333	0.0921141007126512
0.0118771604854846	0.0135484790683739
0.22907592577043	0.389346412038495
0.0809419546784586	0.0927298513803486
-0.370749021820102	0.573451641234947
0.180993974540672	0.254885501445108
-0.478693513987186	0.749602056715946
0.294385157827567	0.403353072237163
0.13993362730201	0.177563639175433
-0.290282566417863	0.35533631704835
-0.425580573232337	0.628640680973912
0.0806780305344776	0.0880742693559766
-0.118003431953337	0.147748421215111
0.109951821449043	0.110223018742384
0.301393938347161	0.355241060580502
-0.463775263833525	0.821307391354351
-0.296816717886053	0.455026968965077
-0.607118143647822	0.968140016328799
0.298509945726215	0.235532057505029
-0.0412486874431129	0.025725522359088
-0.148311896922631	0.101003943911756
-0.769376240130913	0.926096700561247
0.294918831574124	0.222750017189304
0.592156755334342	0.572246753922078
0.418190398522631	0.437353267971922
0.202809087894871	0.16330475507746
-0.604348696301278	0.290132953413609
0.802693098984032	0.763514730515622
0.661102382361855	0.885830048078188
0.265444902752304	0.300147132765386
0.571577183865225	0.663827698292683
0.326508087540371	0.34037015642195
0.197340826016516	0.153316671956701
0.484219185786302	0.464719551797633
-0.0894358042462963	0.0713105336430914
1.11415874943536	1.52629373375234
0.614483249930265	0.766811845805716
-0.072000463756554	0.0644749458617643
0.0572174328778284	0.0522874340754399
-0.418790424262457	0.525388421407595
-0.412684136086002	0.433989077811301
-0.200693332273979	0.183130896451812
1.24399508361562	1.87427187684491
-0.215499543607741	0.139383333638023
-0.42717735669768	0.32793920539898
0.166115371422727	0.0494833604091499
-0.305778446944133	0.140652271890162
-0.768918311327184	0.334747696818182
-0.485000569166425	0.362943509101009
0.162946078675378	0.0872757843694174
-0.21128389305842	0.13640506879726
1.58269330126959	0.789658053885401
-0.233381546795548	0.116632240009177
-0.425202256469592	0.326157485865084
-0.0296190578564989	0.013844762860794
0.181814495750635	0.112688071764865
-0.30079528088351	0.2653421884536
0.715034681747622	0.834544738432257
-1.08313093514946	1.47503599105958
-1.14933096935765	1.63793632820622
-0.041044256464165	0.0255872590541885
-0.444036006581347	0.294251293151345
-0.020276476540326	0.0129600096110952
0.494028514275634	0.441078155638173
0.0366817772138773	0.0267271082136367
-0.22552581327494	0.1860182601583
0.399047399068427	0.180463512898126
-0.216815879139052	0.211792533687993
-0.445075434103602	0.630576296686885
0.0207016220675627	0.0145721723120616
0.139525608653429	0.11758879566531
-0.0713035430908982	0.0433035787055482
0.313139490235741	0.24904215804354
-0.173967397437548	0.132037318331755
0.201092569698063	0.161743999123401
0.00094430801684735	0.000816178434132985
0.373786797610161	0.340029066083624
0.513842231901007	0.463990515909737
0.444993133253811	0.446495024310833
0.597333352945213	0.578582305223688
-0.372439037488642	0.291047286751016
0.201784582530331	0.162363966856161
-0.223428992181279	0.184036372291488
0.27121305810241	0.267316124973162
-0.917065688391213	1.36852448716602
0.280809981115829	0.265165419115386
0.128010760635923	0.101582843958251
-0.178194685924762	0.150206217230616
0.0766514582954497	0.0633481018992797
-0.42177873896352	0.475908690725154
0.0465224663550078	0.0273117013108537
0.916496966931431	1.14453490188842
-0.494824838863454	0.518351358625738
-0.392895768411429	0.418541985013036
0.198582724438343	0.213322016397136
0.283522947251735	0.281972791911383
-0.0986308675087955	0.0856391947371703
0.463042528938591	0.454822850852418
-0.174596418785078	0.132603023971752
-0.923604983349037	1.041411475891
0.30240948905535	0.229303076444515
0.625114439941506	0.588167186104622
1.25536557377725	1.0689459311132
0.171458569835001	0.0994076138441063
-0.795183581201545	0.434892141050227
-0.72990744568965	0.250762320843378
0.148551241333892	0.0570670819556719
0.702903083141817	0.330091465216729
0.405571988809976	0.183795432583376
-1.13521969998424	0.343544374381215
-0.238878493129841	0.119696210024269
-0.323348219602947	0.194052496035877
-0.516303494683392	0.195262357700911
-0.308536653511785	0.142015344836264
-1.48747869119683	0.752986436506107
1.12627843993415	1.01857193012711
0.799459010252384	0.635969958478076
-1.3281288766947	0.834300296965657
1.0839028513789	0.666172635285009
0.450442155521912	0.181256071663712
0.967194537020287	0.661116132026926
0.40299615155674	0.182510567068825
0.203519449470183	0.163931142919189
-0.222187334811907	0.144150034472416
-0.0415578644205177	0.0259111138142868
-0.181413969919925	0.138303490489752
0.0202781257500575	0.011325378303702
-0.0416442846977331	0.0259720802794545
-0.603569776832878	0.289530217732636
0.366084828568237	0.185589551217348
0.349034404903015	0.195900482904471
0.165756237597685	0.0888124562126327
2.12352821318104	0.952950347407427
0.827078230918429	0.348647296918383
-0.522044003808066	0.197655299296464
-0.778119257504524	0.513169137397872
-0.213639314943098	0.0690063709749365
-0.024091281074113	0.0179880955447222
0.296425744872093	0.242455698079231
-0.486858700373179	0.50762038063735
1.0165985538531	1.21890920790599
0.802287574995195	0.640288561510214
0.29092142136367	0.269155141419398
0.304015048668211	0.240668212641347
0.390003782739451	0.346136664560467
0.60188508067336	0.584837246614857
0.0130185937156144	0.00878875025472208
0.0821049635576623	0.0559215894934582
-0.270961734354075	0.241049783811105
-0.78104442288258	0.669711079840638
-0.141388695595913	0.0959798420968182
0.394830511937435	0.178506716414537
-0.211147146065051	0.0682441817050335
0.156321977802616	0.067817298544639
0.0620820497287178	0.0496884127271802
-0.0913160470313042	0.0643670513175287
-0.00606035708250644	0.00390428454669838
-0.0282755427026806	0.0180019189733634
0.313314195051186	0.216471582146832
-0.648751505867408	0.385158814511906
-0.183858280730523	0.122613843815093
0.0505082287732163	0.20869697714262
-0.0259038960901708	0.0922185242117732
0.472864079928915	3.35006226956172
0.742965758303411	5.89492101933528
0.714451904783383	6.72155330613146
0.842363922899101	6.3888913371942
1.04801693682869	7.12128501073053
0.381519118317341	1.1323485865982
-0.0129167035394106	0.0207774289401184
0.603630924479219	1.54196793131993
0.580413274218958	1.19377751139326
0.546580218089471	0.864637101384243
0.496911393235878	0.625371707484608
0.137875339750774	0.154653802567169
0.399180241503947	0.530233289850917
-0.690526259235661	0.962248318113706
0.138189543341841	0.132096047655411
-0.269407646984008	0.329211096049807
-0.503888484941419	0.706817681334151
0.204284709687753	0.201224940247526
0.69290430565057	1.04689874544238
-0.00768351426199075	0.00580718028470693
0.054423981522973	0.0504612438582936
0.785138296470441	1.0558415623803
0.270494310867872	0.290343434403914
-0.107705622782359	0.0849223972420339
0.511758953790627	0.635752700888977
-0.155101707281196	0.131814061900457
-0.426284109907317	0.498950684984446
-0.0299073883227818	0.0280936389319907
0.472230222979665	0.691183191772091
-0.187455793940215	0.258943555535277
-0.310559367417788	0.333757381825518
0.272322671682244	0.389765547033026
-0.62691624150015	0.879998178571596
0.446013539878321	0.447775716742158
-0.607623023694317	0.670337548837061
-0.189800521851618	0.171826434764084
-0.10712779817863	0.0935533346219117
-0.782359521222713	0.948589229638304
-1.51618319769643	1.71193066835251
-0.169243501705813	0.16521060328898
0.204620368717769	0.193213873890519
0.404238988719098	0.44118675610216
-0.022663009830034	0.0144494338793708
0.554410303108624	0.464921654870344
-0.377811011095978	0.296104428532517
-0.647266835554393	0.704853487621881
0.0823076485542806	0.0560480224698502
-0.163997651251404	0.140145575881058
-0.567150731219404	0.5492099850135
-0.123875121280363	0.0861519489528018
-0.21595739331502	0.139766699808362
0.18491301272587	0.12723177124708
0.0649225720635767	0.0403005923057532
0.00954413097830819	0.00648287309789573
0.282124405420029	0.236949781257866
0.695232742053534	0.609520453194882
0.438811103522128	0.452034022110457
-0.230803423198888	0.115322758029695
0.173375124357663	0.100658142085554
-0.23203676980317	0.115914597238062
0.803282872166663	0.64138318631254
0.509745307760144	0.325108679813804
-0.25896318773634	0.161856064296464
-0.0501439082791893	0.0219384271250129
0.871021735566545	0.649103882332172
0.477723723055621	0.327227920120594
0.614589764446996	0.467912884050507
0.66329984842651	0.475537784952895
0.40333496119551	0.333433606076961
0.718302130192023	0.72746574508699
0.195721355715145	0.146726880333014
-0.0936370384668102	0.0660745788974126
-0.433304803957727	0.333791094706658
-0.848847761661301	0.905751032913341
-0.114122559995038	0.0790345358259493
0.286637860362581	0.233134818229515
-0.656675924287828	0.719013595298097
0.0736085074725248	0.0479758249499229
-0.519766515534301	0.50896260585024
-1.4155924720621	1.7096658257587
0.159941194521509	0.0543013031904569
0.0479950989708151	0.0281479569025933
-0.892498985273213	0.743138840362548
-0.0975107428477955	0.0387100574923889
-0.603042873768937	0.289200479461177
0.157034388740604	0.0533466278590803
-0.394129490852421	0.223150611048967
0.700847468046424	0.616411202044469
2.27680910963888	1.76881251444708
1.28187715105877	0.708598307729972
0.744146656922676	0.624855020282295
-0.176984655440588	0.0948844871903939
0.906889232765235	0.490532698820163
-0.446629663492006	0.29657152035497
-0.397952185608157	0.225708681854843
-0.148991056990309	0.101472853662412
-0.536937760186645	0.340381833483807
0.136115497294321	0.117277356680198
-1.40260160006793	2.22407079655609
-0.173931645415353	0.146215305370585
-1.275960136438	1.71662034075873
0.803231095375924	0.484706816437417
-1.32282387186646	0.829283395942124
-1.21618153141609	1.56855331521319
0.594825317698095	0.679616103338198
0.0083060219322779	0.00565409870920829
0.46335059315076	0.337511997736543
0.165732468520675	0.0887745137323681
0.481431634080623	0.33067322039851
-0.133958875162932	0.0755904631274945
-0.0491315001942833	0.0306276587010826
-0.321756735331738	0.192839775015723
0.00124572568773134	0.000715736550102895
-0.169790241514813	0.128518821314207
-0.487041847517817	0.442209990907061
-0.833570926385674	0.999236821328295
-0.869304245938028	0.93671492444389
-0.293401025277085	0.23694894867771
-0.998672696229989	0.898146082128194
0.675476744447135	0.486365626455556
-0.322858353232162	0.193833549930532
0.615132042662567	0.468575870513441
-0.0688570412969225	0.041798767209812
-0.482842465725613	0.253498933583462
-0.389176867516154	0.162123247090893
-0.175483483504824	0.116562005908269
0.407461854953504	0.18473108507496
-0.138422879915133	0.0782586056200258
-0.783976929973539	0.518902729615332
-0.170487075458185	0.112958440646429
-0.386187957504151	0.26627740722207
0.510348431136146	0.45983642982605
0.66562106523768	0.477144586916952
0.800565172675417	0.482510779455217
-1.72187176435649	1.453103577563
0.801654508958898	0.762627590246972
-1.0836112108503	1.03996915000565
-0.837501537200897	0.948255570747589
0.174332193143459	0.101310852369673
0.909025853928532	0.492138895608826
0.718719238141312	0.476302437203256
-0.177595641205418	0.0951408144016969
0.161319781394684	0.0783146999609912
-1.4690887154686	1.02605281819677
-1.92256107207606	1.88615882461398
-0.181292314677335	0.0972714823782172
-0.56832178335739	0.413876024333846
-1.2459781514793	1.16567797804798
0.166503953377541	0.0891125994887313
-0.845877980038357	0.901367974896731
-0.277692101342491	0.200789860057349
0.58573525820355	0.470866644348287
0.427906374776016	0.342301449431873
0.94331979666088	1.06813716637328
0.502038646408026	0.450377539951865
-0.536621711238578	0.33969215428515
-0.36733137075519	0.31659245143442
0.298847809104746	0.226188308943152
-0.386260983483904	0.266293110519994
1.14653579547797	1.17998253594442
1.10915972600917	0.84647976103614
-1.54362028386446	1.48885610988195
0.463636232615151	0.33768309398953
-0.778704313575366	0.729768147107045
-0.274511803726406	0.172581854203059
0.155913028388947	0.0598769087240587
-0.0526331419658809	0.0382546447822557
-0.114676267513111	0.0794347171863822
-0.0192440544249096	0.00911122542012818
0.713454507724297	0.471418612984992
-1.15937081626947	0.648686418184352
0.149517108687971	0.0648620346525549
-0.752883743036428	0.326260851304097
-1.27116604563861	0.572193864598171
-0.951954017235072	0.585242699288445
0.299408301861559	2.70622558266318
0.884967125893172	14.4421106233256
0.894953700139061	11.00977693728
0.251762744904115	1.46035917433534
0.401192718755364	2.30938315916958
0.511532959131898	2.74296300959903
-0.0822925930627255	0.179059940627307
-0.6045140185474	2.81590626450222
-0.00724668467015881	0.00980949532930168
0.345210258622371	0.631938509298071
0.205450253753284	0.240358822581011
-0.401703462318522	0.482464446379944
-0.115285052537362	0.13458522782055
-0.110726560391022	0.111563264770216
-0.172932677202996	0.183101197034127
0.0328541321384819	0.0358448642279552
-0.723592912589856	1.00109470877821
-0.78574368329232	1.31370374576019
0.467858221477022	0.75833389730408
0.146019571923169	0.132509585278746
0.0123394347425963	0.0116592071835701
-0.0479901922347594	0.0476523906934677
-0.94107091189111	1.55898180744129
-0.488196327740732	0.657341186744878
-0.120101563308081	0.113357694945874
-0.29334777497015	0.388983489129324
-0.327037921994499	0.284347037255664
-0.315546954347876	0.398347950733115
0.1533667722441	0.159204030484748
0.0312441192166478	0.0296855609341398
-0.271439994041224	0.408019887053931
0.0588944004805989	0.0629737161821149
-0.228119113507074	0.303504426216038
0.211949648676972	0.234108647527804
-0.224806717445729	0.22089157149772
0.775162438209891	0.952854864957046
-0.639389274530579	0.821077626904611
0.139241107298281	0.117337501387749
0.874151623367248	1.31283870681335
0.707107125640815	1.2598591175632
0.554101697909796	0.734996691393252
0.05445370423145	0.0434043135072166
-0.251454397020029	0.204587057012692
0.299650964192686	0.254337414312218
0.212715158353395	0.201976790839771
-0.609358832487765	0.705414292787936
-0.268738877111517	0.238846910646077
0.012104287541454	0.00983010602374022
0.268316182868138	0.269840474478204
0.382055310746472	0.349378637269063
-0.0991176773097752	0.0794892081707309
0.188076994213808	0.129591555964162
0.0423878342191775	0.0298785334075214
0.103604259953323	0.0711565004652333
-0.270830519949248	0.240895167465929
-0.850229749624177	0.908377539698916
0.108399942189319	0.0774523046526872
0.142062610952423	0.13381598596204
1.04366680735334	0.994733021916982
-0.150014004187864	0.11552000154468
-0.566657594728203	0.412093132822813
-0.387901831496914	0.219350844679432
0.555923715953196	0.466488252146221
-3.03335748232537	2.44795787550993
-0.918681554368106	0.673237840318987
0.370921348483834	0.188075152008407
0.741914906972851	0.62204912602318
0.907174128582906	0.931662618040027
0.300815255243425	0.246743756623818
-0.375710605910889	0.294256005887936
-0.317567911689878	0.190097674153368
-0.260802009513607	0.213416989268227
-0.515231998645235	0.503237002213452
0.0323202560638371	0.0235283731382429
0.192099148321242	0.13835069600699
-0.606484626686527	0.668520018481362
0.292837722968444	0.247474523472944
0.124541717138882	0.0986245556865095
0.62044158119531	0.672514407697898
-0.0294595892089881	0.0187506234705783
-0.300559194379094	0.310069104546491
-0.0518565374441209	0.0376792599791367
-1.51754153600569	0.541527764023226
0.729313710819579	0.743181936930258
-0.541810121822408	0.5660271630003
-0.212692311337293	0.06870282462309
-0.877984937844013	0.808585578542891
-0.783656166073938	0.426263604082622
0.797989705712639	0.480516746468569
0.619528786913725	0.472422370626443
-0.779367576112903	0.596969719151388
-0.785122232482123	0.518839114811724
-0.208777694942866	0.156735493314479
-1.03701906555381	0.83180311799277
0.178055488380791	0.0956883776727464
0.169813852108211	0.0985136759629939
0.32329317171367	0.211182264556236
0.191381251305475	0.137712287406521
-1.08701784237504	1.04431032671632
-0.615902590824838	0.548686667738887
-0.0343396965766544	0.0252843656394919
-0.241127718763348	0.215904981348066
-0.690772311453898	0.605282230539166
-0.219485735656816	0.198421800055115
-0.321418647509809	0.254456346499566
0.0517302246587388	0.0390616729259025
0.079923923052209	0.0676530445962117
-0.708417479500841	0.768675255756152
-0.453437650259717	0.302015223229063
-0.180418889554271	0.0967689937411793
-0.874070623402168	0.803335526870857
0.805275947028833	0.873461196377045
0.188220874073416	0.129605090837668
-0.781500092732419	0.791281377750023
0.00742576343950565	0.00508534768235034
-0.0805913539604027	0.0490233175505008
0.217265638941731	0.181938213510239
0.0579508090777231	0.0339915807107914
0.30951196424533	0.225123753325124
0.889725503403344	1.14129832512867
-0.0399369617898599	0.0249077103008412
0.723366325025576	0.479835416771313
0.196619681191483	0.135992815707204
0.535780131895327	0.467853988104561
-0.497363054433855	0.374353111128368
-0.115093857546961	0.0797421507009982
-1.03506634982318	0.828740925877411
-1.17569282882302	1.20470201329019
-0.791003466659963	0.524579442160165
0.450818627560503	0.181439748349665
0.184678707263555	0.121205897245133
0.179384682118983	0.104305614827503
0.620320818103631	0.473163779966834
-0.0438886933533572	0.0273591121785844
0.454979662939737	0.444495966849614
0.320202597168376	0.222118656600857
1.32718193326675	1.70840960711088
0.552809806723952	0.463073541044303
0.725088547325011	0.737302670425604
-0.18251096454653	0.0979829476997903
-0.768565660702157	0.71607441510078
0.337787367278438	0.206625047042224
-0.209114104398406	0.134854534146679
0.166070568463793	0.0889927266138535
0.666449764222692	0.478022914887991
0.610868329520382	0.32043165622459
0.326423697220375	0.213683652622597
-1.15985139252702	0.649344040731734
-0.182749706546897	0.0980870311874481
-0.259303876842198	0.162092266198231
-0.0895067378275308	0.0524235488256166
0.157728306959213	0.0765831220608979
-0.371791476701684	0.290482627756919
-0.175803038748429	0.0942209243993375
-0.0951942536548814	0.0558560840423832
-0.779752180298585	0.731126557863983
-0.537488413384872	0.341009602483538
-0.482121148882205	0.252997469436711
0.654422137135382	0.594878014051372
-1.21204465874583	0.91349108212934
-0.0752224362879628	0.053923206453347
0.422997964351138	0.337612999211486
-0.780725532080806	0.515383014801664
-0.556590836482244	0.403167475554031
-0.238663458311268	0.17586488840861
0.0470219007052032	0.0275788024453523
-0.3134950009514	0.187262435810871
0.80726747810096	0.644914094696856
-0.183623046923382	0.0985857104470082
0.028919007816953	0.0203033192688213
-0.014050088630833	0.00674814153577163
0.456437869126106	0.183845773938832
-0.179407526723915	0.179891415877794
0.398885669671017	0.342770589259303
0.163235251192709	0.0873618050227552
-0.0553432222225321	0.0241274622394166
-0.926552352073769	0.681532913700376
-0.384663357687081	0.160045256950307
0.345101875459451	0.193428326015883
-0.640714939211761	0.379360687214142
-0.305993014432919	0.140589930793603
-0.980382180295135	0.485577017392583
0.0520722056424725	0.236574240774714
-0.104092787497564	0.524802681871983
-0.432507275364779	4.20430794672284
0.207480910468944	0.796336242281491
0.212566881422964	0.609018699600332
-0.124281231448691	0.255649090518097
-1.37851287496723	8.75926440832042
0.201842234928452	0.315069542752638
0.866833553515925	1.7007496779378
0.212685292044172	0.223252647684831
1.1870379553527	1.71249533338968
0.578738513318264	0.654223651248037
-0.214326680893549	0.208959129721168
-0.3309618901385	0.263462404028659
-0.0439779538470388	0.0360901340980638
-0.602224510440763	0.662334673547746
-0.504589618480379	0.555970866485285
0.535194868495987	0.659025832126162
0.939215716191899	1.06162173431428
-0.489544132279031	0.445251631988875
0.842823212173228	0.994560314917723
0.809214436300652	0.879131835641447
0.182565973729471	0.140529430250065
-1.12081089759017	1.45979621227023
0.0407914217715763	0.0306789320199189
-1.34143097731531	1.7183332813754
-0.524343046284895	0.514723668206995
-0.121827660663432	0.0846558103311145
-0.589445497091372	0.752499031946985
-0.464221576507345	0.947053982819887
-0.506344810479873	1.20890283982661
-0.59933699896393	1.54149896763699
0.202355958558693	0.296830303880175
-0.669695769861831	1.04152523954854
-0.545238260187787	0.709782611512749
-0.345029929631932	0.37238106003233
-0.332800308335128	0.446556639888714
0.161100858043156	0.156957404208934
-0.379247494634296	0.563274762288328
-0.243306160909042	0.343067382389181
0.6123554353188	0.836070230997369
-0.275080227626541	0.198608949431925
-0.541412226111778	0.343819737450481
0.311507769954423	0.215217523341751
0.0650569341482291	0.0403465826560411
-0.316507380182603	0.341776540327074
-0.646472446465939	0.666375214630355
-0.361467386699735	0.489865365696924
0.309896041153634	0.213875147065157
-0.0267119160521222	0.0170066118944577
-1.21457465603049	0.917042012704107
0.00879391020410615	0.00445485628110263
-0.0569534530763569	0.0248238997905419
-0.317033768083772	0.189758085683208
0.101693559529758	0.0724168877192933
1.0414866647837	0.992605234680352
-0.0600210849542935	0.0670464963956463
-0.767186128769153	1.01472929076538
0.467211868374497	0.600499625810723
0.720941019652163	0.918798338592333
-0.133585805442183	0.104539065627584
-0.571381035080159	0.41699269289371
0.1943490397665	0.145579912498288
0.201877274412417	0.167454388006857
1.62003592545599	1.13632242206063
-0.223497730974331	0.145089661738822
0.133455817229156	0.117394188958161
-1.19548426796181	1.38755258914052
-0.592935434041519	0.482276917509047
0.148520592783642	0.132094006128376
-0.0818681965829621	0.0794922907683152
-0.490279791821308	0.51206827947089
-0.692803047960351	0.65648485284497
-0.788402408011213	0.522578332512192
1.17631684877734	1.58263645810321
-0.166667597353544	0.180870314079112
-0.536276932744057	0.716605915032424
-0.632413202980854	0.950529952891822
0.556134099932797	0.569459128963884
-0.231119520603119	0.274739738379521
-0.526121427857298	0.436767523179488
0.164924003228835	0.0491712866480455
-0.381356469304701	0.262344764759586
1.36168643421344	1.45181616854408
-1.83047047287142	1.15155194327569
-0.385035671554689	0.160184885638677
-3.46005827230016	1.23260132520798
-3.75401437740445	1.48667662741171
0.163384050918122	0.0875166951814685
-0.142207514098902	0.0509041851864348
0.155846546513865	0.059824112236972
-0.979565138712446	0.485108803116686
1.9662873877992	1.23089346585259
-1.27584202508144	0.575040012393624
0.53313407482189	0.191800740808182
-0.348465736253515	0.100232718134072
-0.485691759351583	0.254980358026641
-0.084637493146804	0.033704459149001
0.18988227221764	0.124939714493479
-1.16006672417857	2.47544830755505
0.482990317113315	0.551168663503412
-0.213639314943098	0.0690063709749365
0.61052147320192	0.32069130238757
0.406656184419747	0.184364125534212
-0.561361074690171	0.509401354215336
-0.598910745322709	0.968545656362305
0.271731649997671	0.267935915111795
-1.32416116198758	0.830585068969409
-0.376448292213963	0.258343193257594
1.66744789388848	1.58327316741983
-0.661827777277641	0.46281864728528
0.156964116509175	0.0602446032592551
-0.13385166994521	0.0756041201391323
-0.946607647106069	0.5817124576035
0.396413996038512	0.339970366510735
0.798125059398046	0.861638238904771
-0.366431666916553	0.368455800776933
0.100829942561814	0.0717733112798508
0.200179035679937	0.200412569414668
-0.527570447411838	0.518916398654924
-0.229118019582267	0.167852595070321
0.61726824776017	0.771456747439913
0.0277096947379505	0.0194751333164135
-0.363198681999476	0.339143096992534
0.84642625103208	1.10099261859942
-1.16170823570646	0.650440121846561
-0.567597832197731	0.549942518300171
0.343523032373974	0.192557225285859
-0.878167494626133	0.809497926505559
-0.120934517258851	0.0840357186281544
-0.0498444614425882	0.0361646527004441
0.353685154831512	0.34808541725946
0.901693984968936	0.487160745741421
-0.465319133122596	0.39192452733899
0.0309849655382239	0.021779280156538
0.0597012853752742	0.047723281832159
-0.757681028549589	1.08152283858408
-0.421053071927377	0.445642039419296
-0.532474481808342	0.553057002848524
0.322100654084148	0.223555975772477
-0.0662173732484401	0.0401653608142408
0.484963998414124	0.333192118805166
-0.303994948222162	0.139695489114178
-0.908054417285977	1.08378357829457
-0.203643705744944	0.170214968592553
-0.0364147990108389	0.0268172288898063
-0.0627493344508751	0.044773326231469
0.618136887067424	0.471413903760926
-0.546248195194353	0.491936049366417
0.00336962598029221	0.00241551616913377
0.0442990218095354	0.0242642861081102
-0.386183558101542	0.266122054655081
-0.228339038126339	0.188671074870734
0.366014679816773	0.373017912701144
0.0111759329144841	0.00756695542342417
0.200915571574668	0.171329194647978
-0.494509373120476	0.371354661141853
-0.326010985323544	0.258784368710875
0.0621335685969741	0.0364970654389668
-0.134524879608986	0.12620021845176
0.0890332866959005	0.058270281753671
0.0572912924545006	0.0445935632061897
-0.484078961515851	0.438580308587286
-0.890750911759652	0.740994092700438
-1.34033636416439	1.1113022163295
0.792636035581604	0.475928656437616
-0.230342780543764	0.1150904985085
-0.326240782995646	0.230826322596543
1.17471213712931	1.46759997608797
0.794546713943525	0.478291532546591
1.97495108978066	1.23972657541183
-0.482121148882205	0.252997469436711
-0.297173019281657	0.136301929101247
-0.0172176520704786	0.00816087957360591
-0.0888295396954375	0.0353162708936696
-0.013605078230749	0.00654598089259042
0.59282769794644	0.573095577298284
0.372571256755258	0.371042770732983
0.456414678828869	0.461131803967119
-0.498177407404247	0.375180723787379
-0.093119074278262	0.0833657146167223
-1.83194569155621	1.6803245026072
0.148551241333892	0.0570670819556719
-0.515466779883267	0.194997679323859
-0.599349519704877	0.286975417875332
-1.81538803273722	0.739507126418687
0.162081946537912	0.0483609353278891
-2.07071272339868	0.944118052299626
2.75446121880292	0.769079402442662
-0.348139745002389	0.10015256573937
-0.0230506522024155	0.0922274357586591
-0.133002498009478	0.699394884476081
0.697337426757137	4.06381131176214
0.164700235211478	0.340862895803176
0.0236638325595733	0.0313528914018506
-0.394979485811541	0.858165143233132
0.280328677086848	0.384354053827588
0.0834756279209257	0.072405342454133
0.635877072194732	0.601736936520987
0.663758655726731	0.606296120383889
0.0917446448247706	0.0627063278751167
0.311479492386927	0.215228845628052
-0.181600361403459	0.0974817861940373
-0.0670933227526025	0.0479669866338759
-1.14928882269528	1.41434148425368
-0.7683906027268	0.875304761035849
0.746396539452164	0.626824618769365
0.345550625586657	0.193738712456209
0.532420626600246	0.463989538184287
-0.0196924427267858	0.00931549049571706
0.482708651396445	0.331621218556738
0.8865059955302	1.02399004699625
0.437739689595245	0.334559073268037
0.631475190839431	0.595824633579077
-0.56782237583535	0.413648496678043
0.0160734275304029	0.00804088166898505
0.189398917422932	0.136148114947982
-0.708746716768595	0.768960772451251
-0.710820399594048	1.49784768356785
-0.16866866354722	0.260817418380578
-0.64099246793429	1.99358882311961
-0.445696765037512	0.875207362957756
-0.383345231849544	0.463363139476904
-0.684384654046603	1.20443759274376
0.207317592410928	0.208742946661278
0.452090998307052	0.610287567525895
-0.192542438456984	0.15978999067565
-0.0853505209564841	0.0959199439151206
-0.11049884228302	0.130613686300394
0.95383250101211	1.28795984973147
-0.0699103598907432	0.0500429869908491
0.155015608432854	0.0673068309340581
-0.422568053020539	0.323720459285482
0.20144948553118	0.151469044332525
0.151625061027192	0.14934285679056
0.896048550374561	1.03983742082347
-0.436077572847658	0.664930688247583
-0.483706325629852	0.253588652675229
-0.180289610057406	0.120012805842801
-0.306120987012933	0.140785586182796
0.489622290913378	0.337113170126101
1.79348315417735	1.00565719850962
-0.784324140559236	0.426884074637347
-0.175644315331952	0.116708892195931
1.00524423477596	0.827655107021278
0.142982880536448	0.158348779331417
-0.369791670657118	0.346854157716886
-0.576338987067354	0.701996944062896
0.218993100120886	0.199216899891154
-0.510179180545611	0.564182934503565
-0.278040463148558	0.265953993372712
0.395749396088285	0.339409890558181
-0.628046961578218	0.768199087572042
0.373979758712708	0.189833851669935
0.932627846275948	1.35972586768639
-0.124826778582038	0.108343621844612
-0.690306379145013	0.653155695909346
0.0606090307218868	0.0375800025717563
-0.643997837890995	0.700333634934627
-0.891416500729384	1.47523353026181
-0.0913618460708763	0.0729307171777822
0.197707658385969	0.148380402002296
0.167795745922582	0.0816247561485962
-0.22398515718564	0.145472212551261
-0.171255869695166	0.191050905816328
-0.326281154191522	0.373443974276231
0.205695192333202	0.237103475452966
-0.51680324919762	0.505238519509128
-0.43200219175309	0.616121818331619
0.289487634431872	0.259977060132277
0.152567656731362	0.0287430408348264
1.11127934516569	0.849488269733307
0.160496152810008	0.0778657816352406
0.153526628680235	0.0288819285189665
0.673092310209553	0.213658316206257
-3.75940316744871	1.49041694177376
1.04211818703896	0.395589048045566
2.11822736872309	0.950292276417873
0.669665397318181	0.212450186666999
-1.01896064431893	0.403433301964411
-1.27626395926511	0.575339142684756
-0.213639314943098	0.0690063709749365
0.535334953780092	0.192566688642047
-1.02074928234359	0.404273099261885
0.66999328440441	0.21269616854207
-1.81433874778204	0.739366153614294
0.66999328440441	0.21269616854207
0.1603959140629	0.0779278130968304
0.26684881321961	0.268238994218677
-0.253929016134159	0.188476602457076
-0.223843768396601	0.0722366853055712
-0.378739343242454	0.260224980371479
1.04950057901387	0.398703247375928
-0.787495698803049	0.521889243903523
-0.123628422704839	0.12413844267248
0.500476763317236	0.546228718125192
1.25673078210242	0.875270753786205
1.82218336418314	0.713642276138783
-0.39395556364935	0.1641611423219
-0.0930539441493821	0.0369718407357095
-0.13820927510853	0.049531032348743
-0.394259341388564	0.164337716770981
0.60870450405821	0.319039225318738
-0.433822235261097	0.334384487769546
0.515469904136474	0.584020600058615
0.0483054867154755	0.0364196860104672
-0.179328344380508	0.119326643653211
0.631290659558261	0.773558861401325
0.0625581343118684	0.0488126035186687
-0.497574180819343	0.454537626502741
0.447025238473438	0.523235471502578
0.0198913688575413	0.0133873853781599
-0.458368305688716	0.384721529992921
0.580240255563606	0.677492958492479
-1.32416116198758	0.830585068969409
-0.987265738242763	0.490059552091721
-0.600740335564304	0.287548847602364
-1.59812080498624	1.230586400023
-1.34262792089906	1.5433625788372
-0.501060474103918	0.484544905026589
-0.222630899515202	0.183250748831353
0.913223346085098	0.495142411675571
-0.674115524763562	0.533354892953401
-0.135417617585991	0.106095528054447
-0.184963493794647	0.156631151589189
0.0345829891322925	0.0316757720707416
0.075338312752345	0.060748811928737
0.305699578822598	0.221842029478591
0.0650925615217516	0.0403972862481232
0.627525102429618	0.48028186259686
-0.0600908057878781	0.0364336964709817
1.463195843148	0.915846282072091
0.0353986319412513	0.0194469480347585
-0.302493220962155	0.138977897549018
-0.312165356625935	0.186464075837653
-0.159452274739968	0.123397483779474
1.06807599032364	1.49199672279652
0.00390863365400155	0.00241861432848747
0.369623026008838	0.187612945525269
1.09391974728851	1.3885703470411
0.318984709127616	0.232967477601712
-0.537503675652403	0.560126217401918
-0.0846521746068239	0.033721812405812
-0.288372287285838	0.209626675683276
-0.368009771090612	0.317260797830331
-0.0171912804046745	0.0128532409828502
-0.141595348337824	0.111314944835566
-0.0211645641424466	0.00996737283868335
-0.212672202097543	0.137299969375905
1.24895227337318	1.38378518909414
0.886012751761263	1.2992925686726
-0.064367049109581	0.0534573798762771
-0.27312339298702	0.243446261685277
-0.50349097729924	0.6859040981943
-0.0269781076392647	0.0171755823373362
-0.066466339286249	0.0402760930470259
0.0539676630973215	0.0316825143838081
-0.214760912211579	0.0693111282263225
-0.0952283019834769	0.0377481327430538
-0.432906166478862	0.333411486087029
-0.249260623103458	0.202538672219619
1.06929985127949	0.518119516931828
1.82414885065892	0.714941399976917
-0.343388592876165	0.0988541310686696
-0.0628773265074888	0.0273305928070913
1.34019590900986	0.587859803066338
3.26352329858721	1.1213740078214
0.158333484191624	0.0687008601425699
1.10870697661675	0.846123620492424
-0.447082596620643	0.531572178466786
-0.661436848464442	0.764519745710355
-0.20389926562221	0.170369063733759
0.565599605876496	0.738344460503057
0.54733543941527	0.318258768550139
-1.01961453275747	0.403780235295886
0.538706182108427	0.193884008472894
3.63888635387512	1.43228475390014
-0.717682103574582	0.246297668028488
-0.627367542213354	0.153354696036073
-2.57747759965585	0.66335545132302
-1.02140349604103	0.40462053419898
0.153201872977967	0.971343963534859
0.313892032973117	2.14626933605489
-0.0723845645922478	0.206933410684026
-0.316677885719626	1.24002870651549
-1.08359713804953	8.82416459138826
-0.092225588873175	0.15638534907854
0.396769351236853	0.794740951745196
0.61045364942103	1.23670016287473
0.106717591644911	0.117980529417882
0.0472137561909428	0.0499522400755308
-0.44461417257511	0.698095987114407
-0.0199903912257359	0.0186661050764174
0.224652440514514	0.304340257666148
-0.782952986249123	1.17948005903049
-1.51515321441149	4.39755017611773
0.14499454297644	0.178848518722962
0.605409707046657	0.771591530914154
0.148621833528639	0.158483522061741
-0.203759735038654	0.214460525553839
0.150245933901167	0.133754441264966
-0.508128070925189	0.714924923813095
-0.336497403987239	0.380489263591257
0.40199334977668	0.506392544657537
-0.840234512304417	1.32307498940844
-0.0918744212293286	0.0793797236138475
-0.608526870860795	1.0870811393536
-0.074201160573822	0.0850359074721317
-1.03169898565632	3.0338448631141
0.0876258772412044	0.114182321792447
-0.343605958093648	0.641016683780443
-0.309924365174076	0.388961454497259
0.12314112122766	0.128699011994155
-0.568205958305601	0.733448551426098
-0.0326996510323224	0.0297238519314304
-0.107378245744658	0.109382452140421
0.472316574419311	0.549262994253342
0.766171478727882	1.4753335345218
0.210291444432859	0.232069894308247
-0.139471901982711	0.119836960565693
-2.34165994236663	3.74694444993621
-0.564860162445674	0.546525923896342
-0.172123705525411	0.130537483307101
-0.604163030379557	0.697234352891513
0.403160033407342	0.461583188484
-0.83602817296744	1.00346770280022
-0.502601253390997	0.757029164130349
0.291560109708764	0.237939107028469
-0.42626211359789	0.452751376126805
0.111340082028324	0.0796370813556736
0.278143701259196	0.262160620219506
-0.596002507700032	0.620271678529792
-0.257881724182051	0.161091021037733
-0.104986389924308	0.0915532753558703
-0.220706179111103	0.143067862465751
0.49325139093367	0.694524453056425
0.75762207776496	0.745406368404804
0.196535496475289	0.147376063932349
0.182669834269882	0.125526937873922
-1.47862817743567	1.86487534220119
-0.773020179550592	0.722007347549265
1.23835330304069	1.36397758576249
-0.77803821856754	0.728725470983739
0.806417208288062	0.768971656585692
0.312958428374464	0.238716997078228
0.299095076116699	0.226472386357082
-0.465824217346445	0.39268053458428
-0.0893990700205351	0.0523781463104963
-0.329748575135629	0.233629937297208
0.440964377664927	0.454889734956038
-0.0565742883582366	0.0459744766813055
-0.858419978826987	0.854728884831926
-0.700604449533659	0.666536060266781
0.281117016135395	0.265540663720211
-0.302208512172017	0.305094155158075
-0.0824256770639353	0.0667704086953894
-0.735648608947058	1.02566952443727
0.455627243126546	0.445425481177117
0.160485935246289	0.164824279055784
-0.917696116855119	1.36961204747316
-0.343557529393447	0.098858556674811
0.745353204397219	0.85192881174785
-0.157048666824087	0.144554268017182
0.164879942901865	0.0883024308769743
-0.390809116594728	0.220941964546121
0.163475729959699	0.0709757564284794
-0.78340313140082	0.517560441776188
-0.0880614695799631	0.0350328513323736
0.623598462605643	0.476886180042433
-1.32595065102296	1.51186293153772
0.342963396631137	0.191945759173919
0.349032129016902	0.195978226301976
0.154594298900301	0.0749843544752899
0.951676966218021	0.647144408957619
1.25758936678897	1.07167738272066
-0.860920629051272	0.85756867314169
0.458335434091426	0.333410985027756
-0.0411707671037367	0.0337223369776876
-0.308762092839154	0.331181404432755
-0.0218233269991514	0.0164722610992234
-0.589668832681348	0.478557065415172
-0.370261500301909	0.319624400823521
1.06459657865447	1.1359308713619
0.433505818950065	0.445136550414669
0.213435320659213	0.202793837636435
-0.0728683739808748	0.0597767126964422
0.169943289252783	0.0986477846291991
0.319381603959047	0.221472079923177
-0.276892785015683	0.200085407735035
-0.175056936942012	0.132959296874937
0.311044895976188	0.22629543324802
-0.0469714312152369	0.0292673820224801
0.293158790833448	0.24793207827771
-0.231236034326796	0.191403432660391
0.340604520711998	0.332157144089203
-0.892521826753764	1.11996659741388
0.491741610134258	0.456831819631491
0.0206924487112828	0.0145600286455809
-0.0447901598373029	0.0279304747239064
1.34222422379024	1.58726161491781
-0.365199746697859	0.284066407468802
-0.231771428152982	0.115911675754757
-0.482920252431956	0.437337631360472
0.329985843511453	0.20120610523718
0.699441148839261	0.328362729428968
0.20588723416698	0.171198258151787
-0.325569194589873	0.230465250607945
-0.962603688293568	0.945037401617252
-0.376747874414608	0.295164057873669
1.88518488148678	2.49512267081986
-0.569712836222398	0.415265847077126
0.179143228551333	0.110888937172484
0.179885857592105	0.117771515187789
-0.206430175946442	0.154689372293506
-0.333670482091032	0.237065578499349
0.0483237738839557	0.0264716085051651
0.412436713750725	0.327388974783652
0.687356583216565	0.715973444022521
-0.190267311522781	0.172304768504189
1.24657954515054	1.51424110401334
-0.287681646912884	0.231571810479035
0.640797048504343	0.702788875932753
-0.0220678885722148	0.0103826049179034
0.103659027306122	0.0738800757702272
-0.178604978122655	0.0958035072156727
-0.447743536330293	0.412733778433647
-0.513096311604693	0.422790822248863
0.0970987419947288	0.0665130220807437
0.388781919094875	0.344784131600424
-0.570464566344118	0.416175442749015
-0.180877017823641	0.120462708685856
-0.788088903818055	0.52179968255197
0.464371093388721	0.338669704707158
0.881374256906984	0.659090598469696
0.182148228797528	0.113000449001133
1.04242433572318	0.993355421883169
-0.243639875792921	0.180008146691127
-0.169934365828249	0.11254258020143
0.326790253536348	0.213792364884237
-0.706183400452299	0.673752077087802
0.0935491685822218	0.0663533376097065
0.200542495235077	0.161232162343302
-0.213742852144658	0.138154707174455
1.12959529288992	1.02373576453875
-0.135723936495448	0.0766671648134023
-0.287845350619616	0.231749279044803
0.182057808356105	0.112986228193147
-0.0575708093715053	0.0250933055011383
-0.0322116246988445	0.0201278608707142
-0.0939508156162573	0.0662889496707082
0.210615166807642	0.180792569185953
1.16496505120358	1.4497193329898
-0.00284185363725907	0.0018699619081602
-0.137857317442558	0.0933954262419678
-0.667980241250185	0.468035395933336
0.175601173816487	0.102040516373727
-0.279821977828811	0.202586964727718
0.153177830051709	0.0665020105437734
-0.421790884196554	0.361566954767704
0.140451697400687	0.126899262168923
0.0696446996523337	0.0432809640400429
-1.03374811461673	0.825832034069659
-0.273255720389081	0.260394041792007
0.0829242777736943	0.0564676763023397
-0.187347763696688	0.100674479018544
-0.385592301862764	0.160437798197036
1.37333628789402	1.27654618276783
-0.178934118354807	0.09589576955991
-1.49448348103304	0.757683691148712
0.149011676674306	0.82709556026475
-0.0103438299943069	0.0317156803138492
-0.0587501465894986	0.164840379183074
-0.620590623151223	3.88200602357344
-0.00431589534459531	0.00702480468637401
-0.12714698061705	0.23678055287564
0.318186394501442	0.620302341298417
0.0327798082658266	0.0379647035353522
-0.0906541868240825	0.115382160382721
0.100397268604958	0.117140327456904
0.621447659836818	1.25225071026225
-0.170456982429199	0.252079516681857
-0.0015633635642209	0.0017052368314101
-0.475923552602818	0.862069607760395
0.41082147292023	0.801519237315947
-0.19114359495278	0.214076471150309
-0.207955935961269	0.272844182324316
-0.166682283778426	0.230812306966368
-0.307990145020868	0.457815130412507
0.20194619480413	0.245633396771663
-0.578457866598769	0.955263617233184
-0.405634877658579	0.620780170011279
-0.0395891511529155	0.0390327818031109
-0.642305191813457	1.19286968396455
-0.689076312267664	1.36661069803599
-0.383315754279846	0.61178566603834
-0.504366064340343	0.760275954288433
-0.136515882984886	0.0924465341931579
-1.33346251798872	1.52593633150294
-0.270853517066752	0.257702816035978
0.189874134472514	0.130960983765062
-0.663028482652582	0.463994652090269
0.194355545258273	0.150709179189854
0.460254176723185	0.435629949450737
-0.2664461310666	0.218747791595083
0.480001960938584	0.329452891300078
0.334282793819603	0.20386557713959
0.150368880084552	0.145269912952336
-0.278062598993187	0.282057977466198
0.546370649908758	0.555999740427642
0.52700345364435	0.645377363590546
-0.832910864598804	0.9404973119247
0.109917384099313	0.0812825688102302
-0.125513950285142	0.10896718538482
-0.32005726069121	0.25309703308338
0.205639589813608	0.185397863560668
0.544003389936071	0.638692476196849
-1.15040089872526	1.64077634227251
-0.0657463886205303	0.0536757606989329
-0.219928858035916	0.198658541567152
-0.525113276303419	0.515850142000032
-1.11481617276534	2.02895840400787
-0.218903830787146	0.141708616853134
0.484098152253257	0.332687399283855
-0.144729016317789	0.0518086814678952
-1.27563663242186	0.574921211984683
-0.215583462022983	0.0696521523969918
-0.213639314943098	0.0690063709749365
-1.98045397075792	1.38152514643932
1.09447613454972	0.675468834876315
0.696047588021093	0.326279767661231
1.57853179581211	0.786593108338459
1.00381818394495	0.82697612931286
-0.307333670097824	0.141205050567766
0.401659332721684	0.181792173908564
-1.22391369230461	0.927404368111092
0.155350410241596	0.0674594563442885
0.904979421520427	0.489494228147172
-0.427340073502607	0.328288788981264
0.408654612007449	0.338665345876153
0.0760929964797254	0.0496011290292804
-0.0454824438367101	0.0283123907795953
-1.44812599112557	1.2996984324609
-1.48440303491383	0.750386682136879
-0.886698487326654	0.736473899165741
-0.281794405701542	0.204170630728866
0.335626749374752	0.204999728372799
0.46621983783003	0.34046064490661
-0.946607647106069	0.5817124576035
0.151626658445992	0.141003473732397
-0.918878126658196	1.43152313829442
-0.178793447839267	0.0958987772001113
-0.285320550097997	0.207079139154626
0.553525773302707	0.322385743167507
-0.566676598505672	0.548889380295533
0.30719937649772	0.223125867490793
-0.0935539838145649	0.0660225380268591
0.163384050918122	0.0875166951814685
0.0633183164838992	0.0392741219948371
0.559523878925638	0.47043684952604
-0.357794778480503	0.306400049730847
-0.0995955957548625	0.0584896120298603
0.404180274194077	0.334066492662363
-0.417460868580049	0.440714629190996
-1.15814303871026	1.43177784173387
-0.848337926679122	0.905268373253736
-0.564207889239478	0.545323639218259
-1.41844074206367	1.71539054121558
-0.305682404210565	0.290656035971333
-0.0537781639565329	0.0391033315512917
-0.0901924277598041	0.0635506473437968
-0.33791668266462	0.319637900060834
0.319916140666709	0.221917018071573
-0.489306672158256	0.445028209554695
-0.881080167440953	0.812785375532809
0.561188417902974	0.471978760235677
-0.370475512620018	0.373651568358186
-0.723900002159357	0.880040845980281
-0.156752758192697	0.121179991740943
0.109931205851069	0.0813109803305248
0.751409104389712	0.73646093682141
-0.246540094413275	0.182424019726177
-0.0179836665390314	0.008538021422969
-0.260598441932016	0.162983875712551
0.171115017377442	0.105683214370936
0.795692212223545	0.478451728426895
0.16529445374499	0.088535772565982
0.165628661197062	0.0805623857119434
0.900615738663385	0.486375910944395
1.0452306767165	0.396944800699935
-0.0893957968567151	0.0355291798553639
1.58269330126959	0.789658053885401
1.28030595544361	0.707909570776342
1.24350473935385	1.50854374878375
-0.394126650063013	0.164328025697032
-0.537296506170949	0.340458410505087
0.162081946537912	0.0483609353278891
-0.302654775386195	0.139077492237227
0.158323275965016	0.0473326847049123
0.155992086806561	0.0676685766555785
0.0543631279917147	0.0318648281828455
0.178670657659054	0.11056976353446
1.46631417472618	0.918693003703843
0.905349383321622	0.489987361729791
-1.59851154064811	1.22963486658519
0.459009689189827	0.185000451776751
0.152263467777791	0.0584865836523203
0.80237167818593	0.484069495501289
0.582291841527414	0.467190061682913
0.182549866708171	0.113300790708158
-0.320655188633275	0.226354265139503
-0.0795235534711278	0.0483577153452791
-0.0569534530763569	0.0248238997905419
0.399301094356218	0.180604909315299
0.791007270595705	0.627978121708595
1.33344671637715	0.584203230267866
-0.220046200254686	0.0710211291721289
2.14409984531272	2.21681887199859
1.28501953905397	0.710982955824583
0.162742974316792	0.0485792905021731
0.614341749974739	0.32286465758395
0.453611115677461	0.182669846803673
-0.603858541844289	0.289605298529074
0.0780597549026944	0.0509449099345073
-0.184401141506692	0.122930817759329
-0.13155702861029	0.0742255550135605
0.964607137711814	0.65837210598509
-0.725893626398728	0.24929421456428
1.27624178457185	0.704915411436127
-0.145068690411639	0.0519128737160176
-0.0975107428477955	0.0387100574923889
-1.49198734375648	0.755491560687837
-0.558998544167687	0.538743675040395
-0.130177036992517	0.0734626620002899
-0.0248594516182717	0.0158463693107358
-0.386592985163573	0.266512316379813
0.0312401895306936	0.0219562466933601
0.0674818087656133	0.0419279248607933
-0.690888408834531	0.605362391134732
-0.786917670710029	0.51995351121991
0.0340082990131489	0.0186739836121393
-1.89036553153806	2.30309529195099
0.527807225965375	0.458978368423885
0.302792009366808	0.239477662471826
-1.03070717111878	0.824218586326794
0.1540561970176	0.0591317209177012
-3.46066411507937	1.23287376992561
-0.777969025454903	0.595857900296358
-0.568865815368286	0.551640154871276
-0.0896410105767752	0.0356287695912577
0.612305332540924	0.465378299771771
0.0605267673396728	0.0355179275633579
-0.32381453443613	0.229001723714595
0.139633491471675	0.771951764489873
-0.00544992459558317	0.0164468392679021
-0.179156865880837	0.649729259385946
-0.0139484065623592	0.0263584492098971
0.281497084177698	0.71446822246813
0.390380656699913	0.919177190996676
0.523739527614051	1.27184664403589
0.0847829422731236	0.130225866842648
0.0567698163036698	0.0806987068858254
0.0692852653249379	0.0915383690748703
-0.122098496635507	0.194846731757198
0.259493184841769	0.439583205280804
-0.542632613471818	1.11378432972769
-0.193299966071626	0.294955160435099
0.260783965350998	0.408882805613842
0.683257863881005	1.44541047533658
-0.0127640529809458	0.014997491637626
-0.237966868638808	0.347229921922487
-0.00782554865228252	0.00860629572262615
-0.501454516830252	0.836697254827536
-0.0644304965348474	0.0778528505289209
0.0103319104101406	0.0112616487518524
-0.495956460039181	0.836992104976535
-0.487187851017329	0.89201329324188
-0.382892831990899	0.582512621787312
-0.271078675409728	0.362042091172948
0.00179011322879628	0.00108051363701849
-0.183185650387564	0.122102768475704
0.320515845634548	0.209121741870894
0.385617164851825	0.364939713707086
0.0346700106205831	0.0190448772849195
-1.12355680182776	1.23853793212297
-0.0728269753957402	0.0442336309060859
0.597252334695173	0.578733669879114
-0.0185919200045583	0.00878995319773646
0.153011092558892	0.0664096165974774
0.549574394765081	0.647708819991465
0.197794733443405	0.215852965582219
0.0826061235498259	0.071582742429726
0.104702414859829	0.102851562306494
-0.711887513276535	0.81741474786921
-0.1511725139166	0.116483135609084
0.289730411265737	0.267846245692282
0.854218741530696	0.781161082399308
0.538657679070728	0.722910956024394
-0.0552426401635243	0.0496094382505481
-0.220246490461929	0.180999454063479
-0.358910615411631	0.453990874953117
-0.0483933145515725	0.0397983469893808
0.230074735243314	0.226086439053674
-0.087953416444464	0.0700467288711592
-1.59408809621394	1.22477194513562
0.671285868287637	0.482557615605808
-1.81206173391041	0.737772890219594
0.154616986872515	0.0525240580127315
-4.00683273081589	1.74054559036978
-0.0854467101516197	0.0340128276954404
0.399301094356218	0.180604909315299
-0.220273125496108	0.0711077393958585
0.453611115677461	0.182669846803673
1.77440681259188	1.39081644872631
-0.144909587034686	0.051883250481508
0.152289864541204	0.0287035071443224
-0.0922598492336672	0.0366247500539306
-0.78323821015604	0.51783930644712
0.164083222967104	0.0489409806828746
-0.519750069619239	0.196813590651588
0.803912706991177	0.765680686108238
0.522878048680797	0.561243687714493
-1.14013862232506	1.61764922503841
-0.39389731158417	0.363478261376161
-0.716346626154106	0.245810055243264
0.53313407482189	0.191800740808182
-0.21595739331502	0.139766699808362
1.59575531865856	1.74092361695554
-0.524472406291162	0.330774497670955
0.62311636423099	0.476356821560098
0.537164857593467	0.193341885349058
-0.119174249282776	0.114217479243686
0.473437457380544	0.681368848400947
0.291398568066286	0.262022237929902
0.184994441504849	0.13267861944458
0.172463688271655	0.0925039533893966
-0.294498074994624	0.258641397826558
0.710296748761633	0.899478015402506
0.751847300075003	1.0220917589744
-0.0983637102317861	0.0884124253450683
-0.770977410203571	0.7193418787323
-0.0249426069332565	0.018603385000428
-0.360437627739214	0.336064518167952
0.195192390450008	0.146295672221571
0.4989971448587	0.560126069908547
0.0644253764605685	0.0516303767558048
-0.0428760266946576	0.0357153201223621
-1.0165442922508	1.31851115152447
0.503297997900219	0.451950766136494
0.810499874833058	0.648708394564614
-0.12543945978218	0.097684644615944
-0.296846296176762	0.24019453479624
-0.16934555947086	0.157363173124183
0.221629053604777	0.225603340442781
0.319115513702105	0.221142484048135
0.550636867035556	0.460747921003689
0.798184141548087	0.757969475453647
-0.473213082422971	0.466629811122962
-0.427952698991623	0.472613517901574
-0.779688198338199	1.03898029146577
0.108077513540788	0.0798589557087611
-0.359658896011097	0.360054042935398
-0.00429988003144822	0.00323329236607004
-0.183059353604699	0.122037474821625
0.620899376516185	0.474241466663661
0.661959975069724	0.474310854926447
0.321983795332484	0.210374480735976
-0.475392359149387	0.248874816142979
0.158812053497391	0.0609548751084409
0.152730409176862	0.0519118678167454
0.157402307591701	0.047080036463379
1.45316902836548	0.481724936898338
0.449846097769576	0.180981984312599
1.57954391882248	0.787716824587837
-0.30716315117274	0.141190653203614
-0.116998673995331	0.0811523096647864
-0.656921966253111	0.457898072522647
0.173002721343462	0.100479082902558
-0.489556687542173	0.257404789664351
-0.144073875025081	0.0516048740137449
1.4712868775269	0.923558530896644
-0.75865332496854	0.32934909721446
-1.32947561514977	0.835034639885071
1.24961109595051	1.0624167737301
-0.860538480404322	0.857297024827319
0.088851130677574	0.0628980275173145
-0.345039821196303	0.0992838353249335
0.150882619911791	0.0513268309948059
0.870357354796994	0.647739196733461
0.826252270975154	0.34827642903147
0.670649872073233	0.212844236167521
0.791625513761649	0.476087486056443
-0.397148702506364	0.22526952739539
-1.01896064431893	0.403433301964411
-0.51684332092659	0.195590817716156
-1.13521969998424	0.343544374381215
-1.81776116330611	0.741198338740062
0.156495498716282	0.0678921116124394
0.916574393806106	0.798331162708216
-0.0454387370980912	0.0283046760204811
-0.965236604854066	0.94877624326871
1.77744709590001	0.992984081437539
0.536938645245252	0.193260647952111
-0.210914594903388	0.0681539957692087
-0.0544799652702283	0.0237648388470658
0.189937101903842	0.136636622669179
-0.284440201233908	0.206352315463829
0.914736488921077	0.943864484152329
0.0870918690225152	0.0570054635140079
-0.497701587804108	0.374810992459297
0.314821299673059	0.217607765813613
-0.288036641815252	0.231806878615798
0.103961600219524	0.0741227931210521
0.440054944213604	0.453832951682068
-0.101844594872228	0.072121235190723
-0.37884113265507	0.297093562971627
-0.867065263863225	0.866667382028225
1.04195960583432	0.992560171266556
-2.06401436108767	0.939809125258311
0.903743422293457	0.488797786759354
3.63988648920879	1.43371818867798
0.716239463880196	0.474370579260806
-0.33254841890427	0.265041832368905
-1.12278369225105	1.23626332315264
0.0213135836205111	0.0143486559037299
0.652617424730076	0.694426973895467
-0.247664735083764	0.183360292846929
-0.780012908005998	0.731434536380257
0.0170251247091556	0.0626496061293834
-0.0482161400807378	0.159117402113855
0.191651372912533	0.614359849985753
0.458196188211644	1.74152825790898
0.354000177010791	0.876475815120289
0.0439956005355373	0.0635869853403922
0.0710221071566334	0.11232377325886
-0.0351297620128652	0.0484607643656976
-0.00254774636885691	0.00315589355605666
-0.192914833119655	0.362883073478781
-0.411109663568804	0.825811875361373
-0.0453417060987046	0.0598586406143716
0.0664305686203786	0.100631432567078
-0.248052122739223	0.393545923539793
0.0726866265969611	0.0888824923755527
-0.17737176974585	0.272696365037721
0.377826733259653	0.617267431325494
-0.0229795672540123	0.0253877172403841
-0.629304369701682	1.22236941722438
0.0542178377810207	0.0679801690411119
0.22004277853956	0.285808325728404
-0.459829375606349	0.774726126455062
-0.520537739334083	0.902842308757318
-0.913496254749717	1.93398599469483
-0.304342008541923	0.386679881300458
-0.103124043208353	0.0606216121984023
0.00851595569305946	0.00435870671582826
0.664661230574787	0.607381627773996
0.20820946998072	0.162761367808465
-0.329351681929333	0.261874255680522
-0.372570875319272	0.291218929603456
-0.965390143705674	0.949016363345921
0.619053242008396	0.471970849794859
-1.46530743966031	1.02170304416172
-1.17702972126932	1.20663806168588
-0.17685570585999	0.161968182108101
0.397059078408137	0.442314222786473
-0.430608650749333	0.426876136934107
-0.148555167042523	0.12566307415524
-0.0838858776706189	0.0604046327510771
0.309268450561855	0.213403680697548
0.00821886992286033	0.00516219733091026
-0.8907612307789	0.741456261242529
0.495271303585817	0.554286441963712
0.0607822475920165	0.0575750830476128
-0.940651593825574	1.29397878985284
-0.289800730755436	0.354805195345537
-0.494022102224518	0.517525769979827
-0.533144795032707	0.553985009192736
0.27040795077965	0.278634441035295
0.0824399006235721	0.0561401510528328
0.195293819405285	0.135043748850332
3.26352329858721	1.1213740078214
0.155572557197279	0.052867342174464
-1.13582369620544	0.343734699942405
0.541635840205329	0.194931356137401
0.540751653624692	0.194552211747005
0.159496059861067	0.0692256362942552
-0.304188680461182	0.139563611141713
0.186003624134564	0.115548421870403
0.717828892924222	0.475495232286577
0.156835118177656	0.0532837121933901
0.00499445253509828	0.00258962502893495
0.806902782514341	0.644750377607494
-1.03002865371859	0.408868411482043
-0.214699527041316	0.0693626399041178
-0.685918842893375	0.59898923424058
0.109149349677362	0.0780013806400627
-0.266216500636265	0.236216138216479
0.190863608243277	0.125559220459
-1.08666589619939	0.741925268475743
1.46395087339808	0.917270514521059
0.661798732192951	0.473492309529761
-0.451274412729553	0.299824014612504
0.61597724998667	0.469405692201007
-0.639824721775908	0.657303383398379
-1.81339137537901	0.738819242243621
-0.429245724050354	0.558522492822347
0.508557682544027	0.696255040858831
-0.609472033772129	0.673205570973039
-0.531604174135451	0.621560003544971
0.395127978433962	0.338653189486363
1.31523013704897	1.68235453745145
0.0114388225504501	0.00900880249026419
-0.0502722585211688	0.0365103933110936
-0.40229068028676	0.373279416853497
0.84276279258836	1.09413952612542
-0.431134544189105	0.459465747320413
0.631110115578863	0.773054835821541
1.00615794178402	1.69227595797489
-0.851350758330938	0.909751554736151
0.409945661592511	0.438179944204723
0.639740278890663	0.701393385309679
-1.18380325410585	1.83756389525935
0.38734508867727	0.343203575183133
0.108025120919414	0.0771732703505015
-0.415762249376649	0.355143924720969
0.208071443082379	0.183160725919756
0.421433240393609	0.453975096301831
0.587097033319081	0.824868866852816
-0.151357735220451	0.0541400230435956
0.851655236382905	0.777491713432292
0.434388299116302	0.446331869505884
-0.207993510733741	0.190808712815381
-0.327643649977467	0.307824669032275
0.859566741280203	0.787449671938319
1.40147644231477	1.90135523250745
-0.29225560422638	0.235851016494186
-0.0392058186380439	0.0289092323357837
0.449482830738731	0.325504862656902
0.922841380703228	0.805898224387922
-0.917168518671365	0.672411704467914
0.182563640989555	0.113271387310627
-0.980382180295135	0.485577017392583
0.327760102929288	0.199399700002872
-0.300351564399927	0.137800963955311
-0.719465582528739	0.247026553935257
1.82316587137561	0.714400972353312
0.166691919569473	0.0419536988970269
0.404216905354719	0.183168198817771
0.150523503025892	0.0653077753415023
-0.666849225949196	0.467358669646105
0.16501158083303	0.0883404147263669
-0.0491933855873982	0.0215351318763433
-1.09099023115103	1.28538232522562
-0.137905691745379	0.0779722119696542
-0.597247639391902	0.285880056810297
-0.1479006917775	0.0529122719445307
-1.6679033676194	0.940905558304738
-0.604624046603821	0.2901142271608
0.0268145465694037	0.0147816278771965
-0.783847620938575	0.602326976705001
0.0252570006766379	0.0139826380538501
-0.484511200566266	0.362387858156808
-0.980642634603263	0.485510889516647
-0.216730820199361	0.0699462135090824
0.166691919569473	0.0419536988970269
-0.140214295676471	0.0502316522437426
-0.300672688912365	0.137932389561506
4.1727280087236	2.00938901776936
-0.515183545822702	0.194932496197455
0.156403408531497	0.0531349651823521
0.6737511905791	0.213807078926834
-0.211734538559092	0.136759492325644
-1.59144350950396	1.22150143585385
0.615869746454025	0.468626119504827
0.164083222967104	0.0489409806828746
-1.97910671918043	1.37936977889785
1.04455801006536	0.39678683304154
-0.628347365301396	0.153568930486371
-2.577202278156	0.663064687208724
-0.596770772695194	0.285521857836075
-0.274156140766179	0.172341349877565
-0.0933407790355082	0.0547384042933936
-0.944147845572975	0.999673610282188
0.715400282326139	0.723850106449823
-0.157211830841037	0.121575015770686
-0.0269226323824928	0.0126086060609479
0.400825995099776	0.181342787816858
-0.371502385179517	0.290264189895186
0.0130690802928344	0.00881480410848092
-0.763403182969959	0.86735334888752
-0.496108117952805	0.452782619452891
0.593819048607792	0.574405469436423
0.0779353333530097	0.0508612045955019
0.190476836412872	0.136999283437623
-0.78680755328655	0.520891366647568
-0.967169984439739	0.477193860856973
0.157771079018536	0.0605593318935867
-0.628347365301396	0.153568930486371
0.173898970046475	0.100991467820459
-0.143600255080229	0.123732800453699
-0.288759774278418	0.252686026586126
0.515631787392322	0.465925436051641
-1.09178516355438	1.05218105969918
-0.0973245287215162	0.0571411312069912
-0.120979549909009	0.08405474123562
-0.878132105521714	0.809047328029029
0.179435570035571	1.10373484795062
0.180349565868106	0.860904145683488
0.478714911832281	2.52262356871917
-0.0486336855666474	0.0971780881285048
0.494347119307504	1.42303623839734
0.148386810396065	0.286407491331081
-0.14938072982887	0.27984192685429
0.133788816512918	0.228676559570691
-0.34505744395048	0.915047270516452
-0.787077411428171	2.91231600953901
-0.740319508113986	2.59315399563194
-0.243377741590262	0.476739077958132
-0.0429761850976862	0.0591003306778218
-0.0318039417618351	0.0385580012825919
0.299814871240766	0.574519285595519
-0.257276850519414	0.385303492881913
-0.101629136517902	0.142523951944787
-0.676047445671743	1.26669905152692
-0.106072569247877	0.146210988518423
0.145925432595256	0.182220124008656
-0.663006141156592	1.28001982633603
-0.728471193764647	1.89368884044469
-1.11952269859356	2.92034417011455
-0.662768510345171	1.44372931888468
-0.549023846602879	0.495020511860787
-1.62364653864556	2.24578957374361
-0.686908939786586	0.600497140873369
-0.405445008885054	0.344285965155988
-0.270141188030998	0.169479766714939
-0.767209379647583	0.873792393625985
-0.266087971246938	0.16675510058307
-0.638417094014322	0.377388284276557
-0.43678974776815	0.544176058346023
0.0395641171310941	0.0344459660941183
0.207040492976994	0.200112452765653
0.00168938769207746	0.00143691661788486
0.380207633277799	0.335423102836826
-0.037568252804227	0.0276682354322673
-0.068358305987585	0.0489035108296168
-0.330288518803004	0.26290410546304
-0.968749356021813	1.436754403996
-0.441339469389782	0.596152407546386
-0.821078973065075	1.03036772882964
-0.32717694439861	0.284577297075999
0.0358323801646047	0.0305315788553558
-1.17885369797123	2.1500366547053
-0.183853433586322	0.169288306074986
-0.779538825903635	0.666907542842456
-0.393144380405344	0.16382418057789
-3.46005827230016	1.23260132520798
0.15243762427523	0.0585046911358224
-2.06433722891929	0.940153898818823
1.45476541507032	0.482531337515686
-0.975143708565975	0.481983361314072
0.404053080970234	0.183058046780863
-0.342235478378113	0.0984932623692754
-2.06245951802953	0.938660446621569
-0.486650843198932	0.255590005594999
0.532249310589414	0.191451139948052
0.508883053915477	0.324281057721118
-0.541495735947001	0.343719341332426
2.35614224322967	1.1800407016207
-4.00749658051746	1.74098643138457
-1.09102366896598	1.05085832044123
0.294496820420501	0.231921583011609
-0.099672362872796	0.0705288034004374
-0.409905813074663	0.349108327538564
0.170298695159105	0.0506367765218754
-0.0272268573790918	0.0127362565137318
0.669557073276957	0.480856089028315
-0.441115433339348	0.404934690565405
-0.012165817835046	0.00787900677290741
0.0156929699541218	0.00786052167831993
-0.52846360297528	0.333796014054537
-0.373492877414711	0.425661002925526
-0.49912275148609	0.643354462715447
-0.596790041885038	0.486313274246473
0.663102482896458	0.889853285208635
-0.0153052305296162	0.00984519736083908
0.55822562364883	0.572276125107035
-0.0274507131463503	0.0227207753105124
-0.515469764353652	0.572172546670314
0.384563588105795	0.352158335408646
0.143625387266007	0.124405700019021
0.438474528472265	0.438099714948455
-0.0141011224731311	0.0107113595930325
0.109939155762782	0.0838550404108247
0.263047168669971	0.263607311882583
0.212564035576994	0.1877122972562
-0.036131876898492	0.0299901967804073
0.275961729110556	0.272972884085282
0.585364034970588	0.470136471243633
-0.374395127751982	0.293032107129135
-0.490620931057986	0.446427056243717
-0.510511520861752	0.564621302772425
0.210402639394293	0.190302355905975
-0.228864904005154	0.189028045881316
-0.0228181636584322	0.0107114898041374
0.39818435214533	0.341873586847242
-0.551298369015252	0.497742881936084
0.529902198720715	0.461316141225413
0.353841951357773	0.35787277776741
-0.234608873917132	0.172411276428835
-0.491229518686872	0.447222299062576
-0.114773490539219	0.0795248696352187
0.437770465683678	0.45065055274122
-0.0675000788539102	0.0409672904754931
-0.180938278939193	0.120508175704551
1.11269001035573	0.850356585238021
1.25598866117297	0.874369794494184
0.39689734368511	0.179314750724427
0.01232851285818	0.00619366062609426
-0.479658898983094	0.251309020470923
0.949511917528176	0.252227362219882
0.158074474787349	0.0472574922808909
-0.628347365301396	0.153568930486371
-0.767745962903748	0.334153736517496
-0.0462067089421994	0.0202747047103019
-0.0935802772284631	0.0371756898766286
-3.4565848348623	1.23040818352441
-0.0941067654169633	0.0373762932959253
0.151908221308894	0.0736961391111708
-0.388197675575098	0.161522746371051
-0.222306280302339	0.0717201989432213
0.151568077232892	0.0658095329707902
-0.391096888732438	0.1629812476362
-0.213639314943098	0.0690063709749365
1.04211818703896	0.395589048045566
-1.81433874778204	0.739366153614294
-0.720404519989633	0.247290988830991
-0.449370685111096	0.298653119427773
0.464119404844819	0.338396723316436
0.00719568026638924	0.00368652140183818
-0.0990282835286489	0.0581295490566577
0.146634038667338	0.0499238681090866
-3.45945271347814	1.2319108744944
-1.79827400712943	0.382942964938875
-1.02140349604103	0.40462053419898
-0.213639314943098	0.0690063709749365
0.517354709293456	0.330829548815529
-0.662940450009415	0.463237944616111
-0.0777092310217549	0.0544214958373048
-0.377762736025188	0.259442178171571
0.192900981578925	0.159086334134978
-0.373363522911695	0.292020495132079
1.03852589144703	0.987756652045157
-1.25616134782225	1.36251367053338
-0.584525753988794	0.604723451578093
-0.241902193038261	0.178461079860951
0.688250266309743	0.60147270473233
0.079253953478674	0.0517315151304312
-0.775962879803528	0.836536246622332
-0.779096349274131	0.730218016392949
-1.13582369620544	0.343734699942405
0.173530750601275	0.0434258550533535
0.14602356832672	0.0561164814201556
0.213182408962748	0.183235873599581
-1.54620690688352	2.04148746495054
0.435787881609027	0.448100216753131
-0.846626733962759	0.9020243597998
-0.135134986179919	0.739801038140008
0.176471348931018	0.84954549580817
-0.152719626230519	0.446616727038893
-0.345865389307611	1.12788271417693
-0.0277112075183856	0.0526618553141366
-0.58934451756035	2.15740913303363
-0.331644137046613	0.81743294174781
-0.677496711922874	2.71725643594666
-0.437541075773005	1.2353356381326
-0.556125619979086	1.69465225088211
-0.869934142444084	3.22698833138983
0.111807798029552	0.166444974947557
-0.413309198872012	0.844611173841612
-0.23689204977596	0.411560492727798
-0.330285085362945	0.578241872739967
-0.225152377736601	0.348114252895204
-0.202206741842578	0.271562779650491
-0.00384350968620528	0.00424192484776911
0.117952655890693	0.139814485765774
-0.429770669880372	0.601116043674718
-0.627298616051638	1.14471393307156
-0.679619362502191	1.0317002591716
-0.852545266060376	1.36537833432661
-2.23039500056507	1.87075185245129
-1.98449068229149	1.38707923129823
0.55957515	0.470242464349663
-1.54173455164001	2.03064674666121
-0.664091893963217	0.464853357112605
-0.692472501984712	0.606890318053519
-1.14240661967039	0.993846825176553
-0.0503483192156994	0.022018064587601
-0.119573334884183	0.12486974072316
-0.606275630742445	0.668571322063701
-0.0682065075612797	0.0547797520683773
-0.0092558440692743	0.00700127767423263
-0.541304730966344	0.486030616983003
-0.777003986968394	0.7269897959626
-0.341581022610314	0.0983147602836231
0.207602612390376	0.172863024856633
-0.13828592374317	0.138499340455343
-0.0879208821176676	0.0618782305841026
0.281619606323209	0.266089104610635
0.0930995894287541	0.0636444630040448
-0.0981575551481816	0.0694006480340553
-0.0526331419658809	0.0382546447822557
-2.53114707848619	2.64770817726058
-0.56782237583535	0.413648496678043
-0.729656205414228	0.250803779141173
0.168287851014599	0.0422797449011708
0.949511917528176	0.252227362219882
-3.46005827230016	1.23260132520798
-0.72990744568965	0.250762320843378
0.670977551868057	0.213013404742869
-1.02308669477862	0.405545669724936
1.09267262015175	0.673981135771002
1.0461523665238	0.397340617252217
-0.640129374799836	0.378131425183997
0.951841444348566	0.252891357699991
0.161809663243855	0.0483223326687324
0.154368451709063	0.0592249169339485
1.26659596850264	0.885562519291871
0.458400427764639	0.333274772169586
-1.1668320412953	1.19077040192749
-0.0398367120830895	0.0248405449301147
-0.0925419739006504	0.0367298119405397
0.163575153413255	0.0794527605161307
-0.086304608448915	0.0505284175563963
-0.017010121302581	0.00808395991084176
-0.917812925890523	0.672390370320423
0.332768881678079	0.202727750834796
-1.31734206373511	0.824154785431626
-0.182301494472232	0.167661545607353
-0.0861507565449537	0.0895782420613771
-0.652245907697679	0.877539785194055
0.148890121957131	0.132350947889214
-0.105189813942297	0.0618560629400348
0.527400221146948	0.645799172928903
0.150171993566781	0.145053748141246
-0.0350282006490049	0.0257916990171082
0.322219455045148	0.350063835160285
-0.0273615709049901	0.0226437589561445
-0.440861712353206	0.439802159744962
0.576439231569478	0.865194459842014
-0.379069288173953	0.409829011975308
0.340992065930612	0.33246304698994
-0.0780810520999803	0.0691488279688757
-0.0891247788125922	0.0627569744769582
0.205318714603181	0.160213331601557
0.409780771345321	0.185895107120902
-0.86799265526426	0.8679900776526
-1.33569715471448	1.53110937515656
0.836292422235124	0.982727399276592
-0.126475019020439	0.0985498320708123
-0.426000684590689	0.420882643818571
1.79517493962087	2.23963721756917
1.35298626243651	1.43698082682259
-0.529525736470494	0.440363147637826
0.128904475354631	0.102327737802094
-0.841840636017518	0.955709389055852
-0.322717366843427	0.255541896237829
0.887633214397646	1.02595302171974
-0.293089343295911	0.236670163340767
-0.936127664467288	1.28524187854628
0.361249617011637	0.182642068160485
-0.316967885452175	0.189746802523116
0.659480888149176	0.47200227925237
0.399300603945175	0.180806812694749
1.57922377322213	0.787204722065759
0.665738591316948	0.211247784564273
2.76098151426891	0.771684650801264
3.93778611828984	1.73008995194383
3.63483462600451	1.43007047098243
-1.02647704913709	0.407098529252962
-1.22551169244307	0.929452566789146
0.535334953780092	0.192566688642047
-0.15158757314499	0.0542017166239209
-0.0862560785452541	0.0343133273002131
0.952312839774606	0.25302018984475
-3.45945271347814	1.2319108744944
-0.217782231361865	0.0703043786348636
-0.214720650671688	0.0693043334162491
-1.02848738242628	0.407882806929183
0.151709443880736	0.051599453197034
-1.0198546198872	0.40400953786834
0.170597157616308	0.0428000407476464
-0.240589762297908	0.120540244120875
0.963611370385918	0.658286662109348
-1.02338684718843	0.40550394600681
0.163143353961125	0.0708320525533123
-0.628807341949763	0.15371861128279
0.169606362252511	0.0425824743634164
0.66999328440441	0.21269616854207
-1.01580640404231	0.402039683595048
-0.628347365301396	0.153568930486371
-0.214043219597972	0.0691405186433273
0.33155616177499	0.202146873344059
-0.389731666810382	0.162386064219105
-0.78759087180092	0.604984176460211
-0.101407664929086	0.0595854381636146
-0.322492083687139	0.193575802806636
-0.448559825152512	0.298056575308634
0.408699176055606	0.185337077198796
-0.322298673862139	0.227680572688291
0.555766795910267	0.46613970369692
2.03577483903275	1.9391046640345
0.302974276470276	0.239731704559867
0.726027284462309	0.482209661838924
-0.631254603469404	0.607057638060051
-0.344210615318698	0.0990368506115311
-1.16854627622222	0.655609646536074
-0.53472584583608	0.338814323781875
-0.331475588894155	0.235330000777228
-1.59743119420046	1.90175701015701
-0.490318501210439	0.446181531904293
-0.568250591164451	0.550741556220757
0.0223833436304377	0.0859569511111054
0.0134539663813406	0.0408939691416772
-0.277994716527517	1.13111332263505
-0.345849874469898	1.40284644019433
-0.205922660571706	0.579670775262622
-0.0776876114372277	0.155071890756611
-0.453153168174568	1.55397696088929
-0.323708505216642	0.831164558920251
-0.189706460223171	0.392085920779183
0.0415426006242629	0.0637867363540768
-0.452635823813613	1.03170694750655
-0.290877057372274	0.524196715688326
-0.135130744159038	0.197156501792187
0.111937931640257	0.148117619564703
-0.046367076918073	0.0609583947559915
0.025118255080745	0.0256388735072449
-0.320523485245673	0.532604842623466
-0.020303957266501	0.0193346931171859
-0.719341425664599	1.23833955156482
-0.290661922825458	0.40348450751356
-0.316744981303092	0.383691446385984
-0.920232190095087	1.37591046216198
-0.0161137226407175	0.00767606253786159
-0.644644972253487	0.381550335640789
-0.996320098734116	0.895096987873573
0.66440218545744	0.476619692240927
-0.314622411130952	0.188154992020843
1.03365650927972	1.3358089411555
-3.03049553699585	2.44237628139341
0.0933581225740055	0.0662376331980756
0.851152254026262	0.899714713029277
0.684868578518683	0.712513886616075
0.689422865758449	0.719002155316931
0.583167505411242	0.468156263363808
-0.568520686685012	0.581876618340552
0.578057859454869	0.653424616156045
0.0202118204503742	0.0163705983246963
0.675765170967357	0.88942559737845
-0.168270792176404	0.144264102163153
-0.63830977731385	0.655226323327619
0.381076527206989	0.348273060850289
-0.0725779642941928	0.0440838592939927
1.58183951396361	0.789002208885304
-0.62503342749082	0.152907838403333
-1.13582369620544	0.343734699942405
0.66475647791666	0.210855781457285
0.161139089918031	0.0481199615651925
1.04504510719588	0.396604821983994
0.154616330348594	0.0593392023307753
0.154405609260092	0.0524648874942541
3.63584691762689	1.43122630608999
-2.0703662383507	0.944040384379806
-0.211147146065051	0.0682441817050335
-0.0925419739006504	0.0367298119405397
-3.08606373064433	0.965887782759055
0.911054195040618	0.493922285925933
-0.396702995998436	0.22498258517256
-0.468071246018111	0.394871884632296
0.312546277774888	0.216027875543285
0.830813570732659	0.350577218304927
1.0461523665238	0.397340617252217
-0.481644520264027	0.252693594467713
0.177463873346646	0.103196753326244
-0.382179719670077	0.263028196473293
0.158995326023102	0.0475101404657943
-0.482032407159461	0.53842348198358
-0.0405156685568829	0.0337041037920067
-0.394837301429883	0.447132394063359
-0.224376453569407	0.23606600543145
0.370696171211399	0.347761470047682
0.372915632997859	0.426948909370029
-0.442998944918913	0.525290832542634
0.197873104911457	0.23655362649969
0.466209713947044	0.611777117370714
-0.051595465299634	0.0474990896225377
-0.132441119031854	0.12622866407181
0.000408550450159915	0.000307019820226502
0.521822243843047	0.652550580156286
-0.918762802385436	1.37219366035115
0.288458083575542	0.251212617918789
-0.89364725645964	1.12175976118617
-0.596581726934465	0.485761811452349
0.174318009588892	0.101086570537787
-0.0968505064718302	0.056847738537292
0.84318422578833	0.995079347364176
0.00472497742798584	0.00292853061348488
-0.159945292304316	0.123869329338803
-0.132160536382162	0.0745412496697837
-0.344210615318698	0.0990368506115311
0.173020159067404	0.0929134684180989
-0.765175557038133	0.332787545954992
0.10212303298254	0.0701041242575812
0.205267700155683	0.165558291551564
-0.0231553189284982	0.0147730297105331
-0.790985962044555	0.859134168727246
0.46583627516655	0.44228564114996
0.507187052297235	0.456420805652874
-0.98395085257884	0.487945557727819
-1.02730609849068	0.819319372860842
0.788910470059331	0.473312194331201
0.157728306959213	0.0765831220608979
2.11662288333808	0.949279701700066
0.170597157616308	0.0428000407476464
-0.342569521377039	0.0986187132378211
-0.627367542213354	0.153354696036073
1.04118814853393	0.395160512018798
-0.519952717504097	0.196880719935875
-0.133625544269131	0.0479297289395226
-0.146252414230362	0.0523425133241546
-1.1434022229194	0.346229899812888
-3.45538437102149	1.2298802093729
-0.220273125496108	0.0711077393958585
-1.13849388307931	0.344614401149477
-0.637572077543607	0.155739174733076
0.670649872073233	0.212844236167521
-0.0512107156207985	0.0223756529265486
0.728175924891323	0.483636859909059
1.78335397897293	0.997834388393201
0.794165360357128	0.477994418179591
-0.633409029549556	0.154789771896201
1.45377869768284	0.481973964249078
-0.627829060935039	0.153504607197422
-0.215184417856504	0.0694920488130609
1.45806698971783	0.483796340944708
-0.343223291761604	0.0987971723984263
-0.763732087298385	0.331708948671001
-0.784126636681441	0.518772107288842
-1.08632423179233	0.742888077561625
-0.399313346967015	0.226549398658682
0.617155235172506	0.324612550622903
1.08737169474133	0.66886331155829
-0.306277099789882	0.140897068245538
0.158179647119712	0.0845496102783688
-0.661891612210764	0.462882119727219
0.172432500239151	0.106534457451508
-0.29851088456123	0.136952888904944
-0.0253371035409519	0.0118896321559511
-0.053998615601141	0.0235594321710418
-0.594872075250488	0.484015298206952
-3.08652986879455	0.965774290031657
1.79348315417735	1.00565719850962
-0.433682715592386	0.396076431529707
-0.537011275243544	0.559027876156811
-0.453355194592619	0.419136473133167
-0.661388414991535	0.764689450069661
-0.709672359315908	0.770556496038469
-0.759833214909374	0.329941726361722
-0.631851190590461	0.608091704757118
-0.433277350761961	0.430236344500711
-0.625534402158481	0.763917170686047
-0.700371128160785	0.666277706694926
-0.198772248430814	0.165628420192747
0.119584197957043	0.0888720704889075
-0.303239058683358	0.2679136598839
0.0340295701002203	0.127233662139163
-0.182013849988155	0.85955495914598
-0.0440695872739211	0.106544074532843
-0.0151741000264574	0.0300709716175429
-0.230853890088125	0.60404168966119
-0.19641367356342	0.455639515070879
-0.0413071924219396	0.0624951316187711
-0.523975109894166	1.37887019655879
-0.193765651498978	0.349785759147835
0.521553528338157	1.05142089648066
0.0543428838512391	0.0675545239898572
-0.192171765106624	0.273906237373155
-0.0224778484787482	0.0244260583490792
0.0803170834084178	0.0989237516635347
0.220194289970331	0.249160150175186
0.652189897809989	1.14841046039286
-0.341936533631926	0.368301926862292
-0.104925489059863	0.10093594523407
-0.256168462537319	0.297163469229434
-0.539073592029285	0.760907602152335
-0.896074415538812	1.06246293138574
-0.721178105137157	0.247635434110556
-1.16223369315473	0.650874879741783
0.175226633963054	0.10182001700823
0.45480062897202	0.330340972728606
-0.628807341949763	0.15371861128279
-0.0585180148822001	0.0254821047852021
-0.512539054832746	0.193673595978726
-0.0450713719249548	0.02810726899736
-0.145942365364357	0.11209772958089
-0.119843940630882	0.0832215856353717
0.559464286701029	0.57356083223154
-1.33465812264132	1.10506146930782
-0.641050214784188	0.379023349169458
2.15212345813583	2.23402882160549
-0.608835721396799	0.292500112738037
-0.201849872084835	0.150940813090561
0.543499146771559	0.571681190843909
0.414356539307286	0.344485695175996
-0.0461249670358195	0.028743434176689
-1.24369354248445	1.16300127077079
0.506404890135367	0.45549321160334
-0.180855543616506	0.0970231942839135
-0.0510180758993114	0.0223034991518292
1.07049383091777	0.518656679919071
-0.628807341949763	0.15371861128279
-0.211380351297293	0.0682941197149795
1.33278572894675	0.584055913334951
-0.719839729273076	0.247075530686914
1.04051558933761	0.395002404087772
-3.75401437740445	1.48667662741171
0.448509312781123	0.18044688496929
0.66999328440441	0.21269616854207
0.153526628680235	0.0288819285189665
0.156023681219626	0.046640910932971
1.4488928394285	0.480121145077694
0.154813591090059	0.05261311136075
0.723380883477395	0.479726383783476
0.865912276794768	0.643436183635881
-0.445648581120674	0.29585443485007
-0.942888742054809	0.578325419119333
-0.71835028799194	0.246465219463862
-1.81870429132264	0.741743820146927
-0.398391340164656	0.166232543938586
-0.534910484702332	0.338498444859128
-1.27646921538747	0.575215791257776
1.94172685214404	3.05277331520158
0.312994055285553	0.365750357754902
0.472825267114253	0.450871771347268
0.658602810097021	0.881409318129841
-1.04336386233544	1.08701089823979
0.12539313685823	0.0964741687475794
0.285548107674461	0.270531422272475
0.137967532076088	0.116157653422491
-0.677477396472769	0.865594118550032
-0.263791889631992	0.270238299316849
-0.123223081150921	0.116580187522875
1.30227035815758	2.0487922425106
-0.640449253181025	0.658005613862874
-0.634568439552455	0.649781746340064
-0.370048024854463	0.288873417974704
-0.421381721028937	0.322604716495758
0.62558518029661	0.5888286897039
0.488660536726865	0.336400506406116
0.557930081115869	0.325731319374352
0.187301072073378	0.123086370988
0.173375167440436	0.100536350153499
0.729051371969916	0.484846712815997
-0.324597297351631	0.229541535964706
0.154368451709063	0.0592249169339485
1.4712868775269	0.923558530896644
0.141951300815439	0.0616006319562843
0.657303234949735	0.469630229005502
0.721104577720667	0.731548557754907
0.20484424879394	0.135546439878549
0.620075098749806	0.473482649413706
-0.0522685582462237	0.0228328856694266
0.608198956003037	0.31912028546692
2.56917657170756	1.42947412228075
0.828726099112738	0.349427492378278
0.164346026904199	0.0490101668927593
-1.51150007908796	0.538585616915022
1.45477753319069	0.482433279925562
-1.51508549869365	0.540440174431714
-0.347154315531778	0.0998482429459119
0.535622204428391	0.192685925418963
-0.34780711222598	0.100028606261835
0.156203958783437	0.0530790256711765
-0.302493220962155	0.138977897549018
-1.50954059367664	0.537955828816566
-3.08559782341753	0.965445184573826
-1.81433874778204	0.739366153614294
-1.28179521551927	0.578529019403612
-0.762900274145912	0.331434318020362
0.152289864541204	0.0287035071443224
-1.80197754639448	0.383903353697165
0.166311360817904	0.0418484681801843
-0.719194825953782	0.246846541949292
0.536938645245252	0.193260647952111
0.163149905636875	0.0486839149701593
-3.08559782341753	0.965445184573826
1.26852212977955	0.698644305014247
0.152289864541204	0.0287035071443224
1.34336502692502	0.589179513997852
-0.62503342749082	0.152907838403333
0.677859553614299	0.215095503371154
-0.519750069619239	0.196813590651588
0.45406677822438	0.182808234650658
-0.946969329031327	0.581326941842926
-1.02907196916716	0.821134035351431
0.0161224758242678	0.00807174565830875
0.160875819484411	0.0480497781693361
-0.948914619055657	0.583012279916374
-1.46570996760945	1.02160653633524
-0.0964276274613317	0.056599561941112
1.35733420320343	1.44453961830018
0.611674863779204	0.321093920335273
-0.183972508509452	0.098760967490712
-0.512982221754869	0.19396359228403
0.157462123376921	0.060446471737033
-0.515841807492831	0.425935062885849
-1.48193530453846	1.87415161757002
-2.10566571020835	2.92882738126753
-0.303856347671678	0.139450765969341
-1.81397805176756	0.738866279680876
1.99776333336117	2.38261632080145
-0.244907664460356	0.181012496724577
0.463187972151865	0.454613806330179
-0.619055815116572	0.552324956615259
-0.0325851505412184	0.0203472542785053
-0.227368263248995	0.187797673881361
-0.0927900843865677	0.0741113045455261
0.153592572396673	0.813403827361242
0.00605727612510957	0.0179688678469574
-0.17106362305909	0.520242830268384
-0.230503452062817	0.607175170556234
-0.29728449855538	0.850322921294192
-0.471760474734634	1.25776799386806
-0.439927027300916	1.05714096818746
0.0474407348774691	0.0700728844874276
-0.0837997997708539	0.111210936847462
-0.0724282772650298	0.0912333020220123
-0.115354176595864	0.146867894326293
-0.696617291830106	1.30189913514485
0.407559942794314	0.630638972608504
0.0992509002390103	0.110336393036047
0.343859334571533	0.494692139782446
-0.209843241140632	0.218094286648366
-0.117429228448321	0.110588295924734
-0.735129117303547	1.17853172985116
-0.514307581105731	0.670141564161449
-1.04977406511556	1.30121850256514
0.159165451625565	0.0690724866371811
0.447916426727801	0.180188481748788
0.151078767063253	0.0513922453176723
-1.32152611103545	0.827247129796233
0.362694011139307	0.183450993030483
1.96393951748727	1.22803842759707
-0.305820815834773	0.140560121358743
0.0767303316352132	0.050066443803577
1.24729791957578	1.2288312489687
0.190212649570066	0.131132690831554
-0.328915641843262	0.197857765263845
0.899811310050219	0.485746411086526
0.9205983084064	0.80367782873739
1.07071467969068	0.518997529832834
0.747871735848018	0.731690565156692
-0.200885733992596	0.167565995480526
0.191145045149164	0.137553072476384
0.283469402941474	0.253452411320524
-0.0253997456771009	0.0118967291477944
0.0371415896803187	0.0203491934298722
0.862785375579029	0.792024331586188
-0.484342440585466	0.254295160997527
1.07246466651492	0.52025153016617
-1.13910410688242	0.344899734416028
-0.629267545839357	0.153771215183604
-0.342569521377039	0.0986187132378211
0.166084152255821	0.0418055330790301
-1.51395570496283	0.539857861420258
-1.81300911296951	0.738319190977208
-0.344051246728784	0.0990141017009014
0.670977551868057	0.213013404742869
-0.724527840719668	0.248940035798255
2.56709494275244	1.42889020502984
-0.0983497166595668	0.0389984690848497
0.167299398578488	0.0420768316112512
0.66475647791666	0.210855781457285
-0.146714660868555	0.052481223816664
0.606539541605622	0.318004677714323
-0.781962044705545	0.516913495656316
1.78651488034344	1.00088515423696
0.164924003228835	0.0491712866480455
-0.632939126134277	0.15468454480873
-0.000542065327800619	0.000416817435454354
-0.399930656653051	0.479798276486776
-0.498376252153646	0.455637577158132
-0.265438588686161	0.257443354908975
-0.602865987014504	0.663398968826381
-0.144514271086835	0.0982503753289372
-0.228940265031832	0.225684255918386
0.146574456700142	0.143728968458272
0.509451787875788	0.559114672643286
-0.0441086255217921	0.032571944007371
0.129997229143482	0.106105573605264
-0.242719728640841	0.217609110167818
-0.121081799862868	0.0962866701940734
-0.372708350784339	0.322127548026525
-0.043652525717237	0.0272165334105981
0.444937982660177	0.341512411600989
-0.688193943512021	0.65028250309577
0.155911237575542	0.0757202352631316
0.34984723722259	0.196291430186441
-1.71606081273689	1.44394194675848
0.0854811237899811	0.0582704896457723
0.0348422614433126	0.0191043366540883
-1.03258568717724	0.826161004421915
1.82579336426267	0.71571883696401
-0.763253894263622	0.331680843347779
0.171415637357531	0.09201847812725
-0.106151652785235	0.0624425174613784
0.167863067477896	0.0898843441620265
-0.453129860992506	0.301557462795685
0.874355436205025	0.651595916079005
-0.594646836431755	0.483985008408085
1.14605670355773	1.18017854170999
1.53996859799088	1.32890049003263
0.822386078781447	0.346338733150108
-0.147076152891941	0.0526308419632966
-1.01800776945425	0.403095119703069
-1.81937129385307	0.742146991690708
-0.343223291761604	0.0987971723984263
1.45476541507032	0.482531337515686
-3.08255415585823	0.963691003677911
-1.79835097978106	0.382953978270685
-0.627829060935039	0.153504607197422
0.151346740550853	0.0453524810292228
-1.51299996807781	0.539299955595401
-0.134447888532281	0.0482194870091232
0.670649872073233	0.212844236167521
-0.763493068016229	0.33177675339701
-0.152770547454844	0.0546286420653266
-2.57747759965585	0.66335545132302
0.665076092013553	0.211028905087732
0.160803134128977	0.0406203249121647
-0.225219591904715	0.0726703492947661
1.04321119961113	0.395804172758563
1.46426218323308	0.917041318765298
0.147991992981596	0.0568516227579697
-0.723858427247846	0.248624788373591
-0.343877386805142	0.0989458655028747
0.153526628680235	0.0288819285189665
-0.637572077543607	0.155739174733076
-3.08606373064433	0.965887782759055
0.167299398578488	0.0420768316112512
0.158995326023102	0.0475101404657943
0.149184364319295	0.0647151944482509
0.911578852027571	0.494285221764344
0.791330681754045	0.475801433648664
0.792353717347433	0.47626391499233
0.147991992981596	0.0568516227579697
-0.760073221936386	0.330149047801038
-0.298316673155014	0.13692207040237
-2.07257723304586	0.945362560628568
1.95963544461537	1.22607072248232
-0.518726505743015	0.196302609306264
0.345554929684193	0.193713104428021
-0.640678695251514	0.378664547128071
-0.51621606652381	0.195282629261913
-0.632939126134277	0.15468454480873
-2.57747759965585	0.66335545132302
0.157665127156854	0.053551257115328
-0.303494231937818	0.139467728398359
-0.307118003838169	0.271991949479834
-0.776707920075123	0.726569684836398
-0.520284080609507	0.509634789774829
-0.242056157741563	0.178705025123716
-0.243222695563293	0.179627004405234
-1.21284557389009	0.914800369831369
-0.665924554973226	0.466187420484711
-0.308003249279784	0.141575873442339
-0.628807341949763	0.15371861128279
-0.764919010559274	0.332363812937212
-0.595429668994702	0.284856098989897
-0.332649910431242	0.290221547299664
-0.364220883683555	0.313252605903322
-1.58432137314744	1.87658816506296
-0.845895067076565	0.961467188593964
-0.366774241135481	0.316044997322115
0.103993360764022	0.517950534125006
0.0140339328434128	0.0430132021822157
-0.0814505011473744	0.22166538186302
-0.116247726105152	0.3064847712296
-0.269991191321269	0.727120062239696
-0.015006538515987	0.0258586460690781
0.163568373531	0.321339047567574
0.24219795323171	0.476438001651888
0.523746281468537	1.35041355132658
-0.0894498162341509	0.133719974218345
-0.12089110248864	0.164598167760154
-0.0783479939279186	0.100829224166108
0.333369133142303	0.514605428676727
0.064589763766084	0.0719608615238875
-0.0470989643704659	0.0514915051996774
-0.414239087860473	0.605881207223759
-0.479863515937142	0.704365166703496
-0.646805009106535	1.12116858686372
-0.179344136214629	0.164624661846327
0.826058603447256	0.34818473678636
0.607695528751581	0.318830326989282
0.724764520007011	0.481229489182802
0.310464244891319	0.236433404848509
0.517811782524401	0.331188284427277
-0.916469622932071	0.671141327613182
-0.116858038777507	0.0810500646907102
0.407981430141917	0.337889297680375
0.49149094339006	0.56405464905338
-0.758627442619894	0.859062982255865
0.0309391940166749	0.0170317970303925
-0.60709936518212	0.538191627241238
-0.0517883011865386	0.022631140102838
-0.0323033765450517	0.0241579150258717
-0.712524904905516	0.860569668062188
0.0415572426869752	0.0312606684198313
0.547192168835983	0.577081999029681
0.186961027249304	0.148995756586319
0.418728070923464	0.33360164777923
-0.333789291275592	0.237237605338522
0.454422881944119	0.329804598424112
-0.0930539441493821	0.0369718407357095
3.26640660082579	1.12286745021344
-1.13069021608626	0.34196481134975
-0.628807341949763	0.15371861128279
-0.769774518033546	0.334995267894291
-0.512982221754869	0.19396359228403
1.33857781519291	0.587388164181981
0.944906190121193	0.251072355848773
0.152020426161402	0.0455392923701021
-1.13362027945245	0.342902172857624
0.15746741605397	0.0398665556302216
-1.82823093008695	0.746205708210353
-0.178793447839267	0.0958987772001113
0.0771666740920611	0.050329836102042
-0.134754779150896	0.076126751850661
-1.01735407284408	0.40279400157508
-0.47752711792397	0.249867126012158
-0.941641668706273	0.576374261840219
-0.34191607535368	0.0984089732924219
0.720310459369666	0.730735723424438
-0.472659307138493	0.702106156082376
-0.250190771728631	0.245420658557288
0.272823287429745	0.287558974623186
-0.0672860433106354	0.0481007429098462
-0.650809150519957	0.747070731427114
-0.48179961014746	0.538067917671359
0.973711154391167	1.65493840291134
-0.673205224225098	0.857199888244565
-0.110730783238466	0.106999959599803
-0.735468012510239	1.10366514869838
0.271134694131084	0.254271846568392
0.187810005293562	0.18605351483517
0.0719073127507675	0.0578591324790729
0.331450653776925	0.370476205577536
-0.781513020549571	0.670224755534531
0.715520545235667	0.723923107905792
0.373125542616165	0.189238202575397
0.85410169725342	0.781031243971482
1.15082162677706	1.18695540755438
0.974146720493921	1.19976651445741
0.592440249270539	0.572298397689577
-0.144011413934886	0.097875885370098
-0.512146849346214	0.193682417019057
0.720358193920772	0.477098465721884
0.00580455424698718	0.00300246594267073
0.330942065449616	0.217088943241234
-0.428932897536025	0.329738897125681
-0.284366738179249	0.228421570599936
0.275508597914151	0.245251931599621
0.138912354727422	0.119901824584546
-1.12733008722759	1.2452903986787
-0.538909861593171	0.342100329610405
1.09494142217529	0.676157013090569
0.165704597093625	0.0417255219351786
-0.177420747456417	0.0951315536458968
0.164083222967104	0.0489409806828746
-0.215184417856504	0.0694920488130609
-0.627829060935039	0.153504607197422
-0.215417270113509	0.0695361432210389
-1.51364953741781	0.539764698603452
-1.79827400712943	0.382942964938875
0.153853653569882	0.0460553468924526
0.156326160781651	0.06788387440154
-0.0938557923535071	0.03728954480435
-0.0883395983841615	0.0351075988153094
-0.147668894003962	0.0528350865223225
-0.213639314943098	0.0690063709749365
0.15626975600377	0.0292821097759299
-0.778445653652735	0.423637788831289
0.395082045488164	0.178545764832155
0.393223145511269	0.177799870175337
-0.214527945453891	0.0692825908233493
0.669665397318181	0.212450186666999
-0.219388531614775	0.0708318276022096
-0.0504442919763924	0.0220653569575298
0.152512200631439	0.058591261045569
-0.394583361235727	0.223460797465632
0.149669208692586	0.0574727602497813
-0.230754985774465	0.115305364972777
-0.242396077042107	0.121529185774548
0.443753191107448	0.340119030472935
0.0567229269061765	0.0332662298079263
0.00795157526393248	0.00408112049768926
0.609861072107732	0.320276967492308
-0.0176770821101239	0.0083733699762127
0.166643996295006	0.0810046394434791
-0.632432130022522	0.154575713959717
-2.57775304544287	0.66318910114962
-1.13910410688242	0.344899734416028
-0.612082721364087	0.544236952185989
-0.964213880937939	0.94702328489315
-0.538579247581643	0.561215171806084
0.393008957066736	0.336513750378518
-0.557446905783705	0.504939539307988
0.941760575702008	1.06573591984489
-0.427059386819843	0.327835732414367
-0.0192440544249096	0.00911122542012818
-0.0487144694234299	0.021333046821574
-1.32450816375646	0.830791655943291
0.159111103797053	0.0540154278332666
-0.54487758003794	0.489993878351684
-0.596178895703846	0.485388320757173
-0.551567236806737	0.607560573631144
-0.697923577951367	0.662875278980686
-0.487981963919553	0.443223943559353
0.0480530548562094	0.194928930831346
-0.138999851502231	0.590665631155031
-0.0109558867471403	0.0260887053200124
0.0402574686805282	0.0797944472391317
0.199497999896317	0.501799020485084
-0.0516283825648521	0.0916166033930997
0.0786585609018804	0.12383412458615
0.0217012447520736	0.0297081957658137
0.341789950210276	0.696394563252692
0.0997667077311388	0.138595572603139
-0.0738899527309057	0.10113042016155
0.0811556865529257	0.0940115902141503
-0.197502287875717	0.262406271139359
-0.245737261460789	0.302870434090502
-0.65822659768846	1.23818874455648
-0.634978811837717	1.0626458711045
-0.572501810854088	0.90051920048882
-0.114043844961326	0.0903132607849149
0.171415637357531	0.09201847812725
0.5490771139204	0.319496527171771
0.906152132170556	0.490512768417198
0.561232058270417	0.472209648351768
0.188343659394223	0.117075029346502
-0.0964656044291452	0.0681267762593671
-0.0377188450316934	0.0278023432983206
-0.477776579366077	0.472446268966769
-0.549799204962523	0.496064753149948
-0.0718006032502968	0.0436128812879315
0.102528349988585	0.0730487502056529
-0.629325576498036	0.604789425119926
-1.54040923556609	1.48459364428245
0.661399915090204	0.707323863894711
-0.0149554007839893	0.0126512581665255
-0.338723816009644	0.296618953445594
0.440104828236183	0.440177241563565
-0.438452930080851	0.401604208597984
-0.777599000246642	0.727958444652342
-0.865373406255606	0.864325636505335
-0.376525481349702	0.258271266009605
0.913477766581142	0.495090176817538
-3.08559782341753	0.965445184573826
-0.342904767182509	0.0986489157334515
-2.47415346567855	1.38041745150946
0.161546088205671	0.0482379354240544
-0.143629596355123	0.0513929708746564
-4.00616917107184	1.73988655786059
-0.726132227916529	0.249449469641422
0.166264119494978	0.049533131724672
0.553428173624767	0.322846229019762
-1.4840580717848	0.749856548238907
-0.0975367921172222	0.0386896573988339
-0.784902476707242	0.602878797972148
-0.328450668945182	0.232741989497045
-1.02285121989656	0.405325189308983
-0.910155467610555	0.665004495378646
-0.089924131140392	0.0357342992772802
0.955131306752333	0.25366825133602
-0.333244606519271	0.314042293582913
-0.00398536058222797	0.00339908257287917
-0.824458211113926	1.09016345368105
-0.41700006398332	0.522381599290034
-0.878459337363791	0.810087102552695
-0.20144635835851	0.198328642732334
-0.284731040278643	0.290257048754026
0.0922105323390942	0.0804554541021251
0.0838177446518795	0.0741723764944799
-0.402937684419191	0.420585732404386
0.480604147733873	0.547737680496627
-0.0723787427149295	0.0593584635453448
-0.290847265163283	0.280657294178039
0.0296838201879472	0.0252201706668177
-0.973916128628821	1.2200390396804
-0.44906145309052	0.41415928954184
-0.206090937892498	0.154469162584764
-0.637039690139684	0.376125275605711
0.494015626101216	0.340827349418881
0.616390349681441	0.469698174875903
0.0647551489504724	0.0402164575794698
0.745969986164015	0.626432018233953
0.922447314248092	0.806087810032385
0.487794201935298	0.335940277814981
-0.383796496945335	0.159578474679445
0.797742490031931	0.635179554598479
0.0913602062181076	0.0624353980075844
-0.0687665309440078	0.0491720457746837
1.35775962872402	2.22298850165796
0.309557806820439	0.213520942814327
-0.52440299211993	0.435024630179319
-0.605436394713097	0.536078619769437
-0.782104677653673	0.426145914283594
0.364896330568515	0.18481467503894
0.694361589019866	0.325227919419028
-0.600945452127417	0.288192951462126
-0.224946347375524	0.0725429398119329
1.45476541507032	0.482531337515686
-0.343557529393447	0.098858556674811
-0.790747003911409	0.609062996665745
0.607691499927874	0.318366468730969
-0.767761488763089	0.3340892272935
0.66999328440441	0.21269616854207
-0.598005448186993	0.286151475176839
-0.346493976209143	0.099688871662609
-1.22388537179575	0.927452582370169
-0.342569521377039	0.0986187132378211
1.2829138411825	0.709359205598783
-0.179397730521804	0.096143736316558
-1.16328506515741	0.651598487222512
0.69919774718211	0.328177033610307
-0.343557529393447	0.098858556674811
-1.82311617549946	0.743734674317471
-0.632939126134277	0.15468454480873
0.153247518839476	0.0288421886814327
-1.15907552995224	0.648798876745899
-1.13461598703551	0.343230613786831
0.155572557197279	0.052867342174464
1.24523919992514	1.05509663449635
-0.0587820859534135	0.0256005112505989
-1.82445347427367	0.744643935357567
1.28581654640313	0.711646332636786
-0.988459157077193	0.885118252565454
-0.571517204114806	0.416755460509534
0.185774589256018	0.133312688416984
-1.95921438736235	2.49462701169741
-0.899080920096466	0.750995752651819
-0.0519662137270396	0.0227065229034338
-0.633409029549556	0.154789771896201
-0.214527945453891	0.0692825908233493
0.701322941071365	0.616567864859133
-0.477357567447602	0.249855670459513
-0.330017683521544	0.233978969535691
-0.662586849545196	0.765992136287647
-0.579921211620125	0.598082323172129
1.01631999116756	1.21841658781472
-0.060088472174075	0.0437814221440314
-0.334372598322861	0.266608495386672
-1.60075083421727	1.23270505027225
0.17897507029398	0.110909253522215
-0.0965772017850192	0.0566718933210438
-0.975840546953884	0.483006975700918
-1.32036722068622	0.82629328158319
-0.298316673155014	0.13692207040237
-0.549902213632256	0.49570735801049
-2.35025646726388	3.04921112008836
-0.0159730049580404	0.0121562331979747
-0.026689403375476	0.0170025563449568
-0.129384746969028	0.100975956342106
-0.774647339279376	0.724227474117708
0.0211946686942912	0.0760386729404386
0.169568910915065	0.817688386008639
-0.000317591626401798	0.000627919789081701
0.275630049298892	0.839997187559121
0.207205517006048	0.517699973365849
0.243922994308954	0.535988163228959
0.0045401006051882	0.00644811385562772
0.131400687469102	0.23494767674337
0.123527278149711	0.185410383270867
0.259824224541802	0.440300082395046
0.123781624163554	0.150968020475919
0.131664593098977	0.184927273012125
-0.511364079610795	0.827825994655864
-0.330284640685205	0.415157781392968
-0.205669392423254	0.229848075846611
-0.655662162631295	1.09264837541783
-1.00717784235267	1.6133977745156
0.156835118177656	0.0532837121933901
-0.57337221485358	0.418226208012058
-1.08766408990208	0.74375360094834
-0.784101046813443	0.673288906781732
1.0631386300942	1.13425986579876
-0.260772511917575	0.163091555929679
-0.104549112048121	0.0823147751829796
-0.597329322618728	0.655091613562514
-0.428767743537046	0.32963115956837
-0.296947475362259	0.305544423256591
0.302515954545798	0.239305901527697
-0.199473109816588	0.148914547007869
0.799493943353246	0.636707822223401
-0.921782165242812	0.677149411096453
-0.903580575923269	1.07578175869738
-0.184506527830156	0.156208127691087
0.0802598700153893	0.0680160307992242
-0.430085299143507	0.330739301474234
0.847331570727676	1.00224507644083
0.185108277451319	0.114952917950668
0.351990097651696	0.197666079588049
0.167198319746772	0.0498030771043432
-0.3957877001043	0.165113388354904
0.156478904710375	0.0468116239715086
0.165704597093625	0.0417255219351786
1.82316587137561	0.714400972353312
-0.214295623660532	0.0692156550779169
-0.147307575406356	0.0527017957649261
1.24523919992514	1.05509663449635
0.163114640566359	0.0873918800116081
0.158160912494813	0.0686419741601485
-0.765175557038133	0.332787545954992
-0.482121148882205	0.252997469436711
-0.392080148539301	0.163323709397772
-0.297894056789526	0.306707238594289
0.0526929780692535	0.0479924324984541
0.0422797574579621	0.0308481198196516
-0.330718069279406	0.311367377546424
-1.27564579968399	1.56229510623737
-0.18678373059019	0.172385284003531
-0.0779993758168738	0.0678947198816915
-0.0128467541316782	0.0110448891037924
-0.212767745100819	0.207210030082774
-0.381809941498707	0.360806262867759
0.147664861215437	0.134120252217789
-0.12473731675902	0.108268464308685
0.114298959239452	0.0899416641221047
0.203672645563786	0.164112977434841
0.303141166042735	0.230048156611262
-0.772556852479874	0.931587635501965
0.0267176179598546	0.0194617696498993
1.27552573489866	0.702734146428212
1.03697973701472	0.986222571982219
0.0108071173855748	0.00732173274225558
-0.595082887516227	0.484568104786235
-0.990614479452614	0.887171830283548
0.962619767272375	0.954537431766583
-1.01920084249092	0.40357345336649
1.07246466651492	0.52025153016617
0.693668514864974	0.607628491919341
-0.492734504221032	0.370175478078408
-0.212965861616063	0.137598419085557
1.59443821833408	1.73857326637775
0.0692446178309012	0.0430280334916998
0.17709015862582	0.102987179134622
1.40185101054255	1.09156619419904
-1.15994831418737	0.648194729337701
1.07142461370908	0.51933741146651
-0.389010542508637	0.161884808373538
1.76962800332564	1.38453629632229
-0.768944294866461	0.334721769210418
0.369487770886442	0.187332061462581
-3.75875127852753	1.48993252551164
-0.34191607535368	0.0984089732924219
-0.515183545822702	0.194932496197455
-0.76787677701995	0.334047796070827
-0.491310168380839	0.258461680452248
-0.967723122127511	0.477531181349982
-2.28264423080098	1.15455504777513
-1.13582369620544	0.343734699942405
-0.226803794676283	0.11323424250014
-0.233473648021171	0.116816615641377
0.156203958783437	0.0530790256711765
1.82725871051587	0.716521694707993
-0.628347365301396	0.153568930486371
0.168287851014599	0.0422797449011708
-2.0703662383507	0.944040384379806
-0.679898964213088	0.539473768819508
-0.60720228240115	0.29163659530553
-1.09214383492934	0.748313439827749
0.187343952737429	0.123038361437746
-0.535705991467639	0.33961221195615
0.484029076129924	0.332243871772203
0.157317016645858	0.0763446458461328
-0.328820248795733	0.233137040244047
-2.06905985477759	0.943332987473435
0.170597157616308	0.0428000407476464
1.95706969381346	0.441073865263096
-2.06466636020324	0.940256308265765
-0.328721190701678	0.23296074275458
-1.04676269496969	1.09235553870338
-0.0909414266907495	0.064096835814868
-0.240227334870085	0.177127239585286
-0.0959482758951881	0.0677709125286296
0.470693688792431	0.344208860665282
-0.378714629083267	0.297070992528564
-0.442946954899095	0.293395386409443
-0.179371217244351	0.0961407571770547
0.967113363963407	0.661729511818119
0.149358487897967	0.0573759536116166
-0.393701773942777	0.164088841030077
-0.233343336966246	0.193421282990324
0.529892913105341	0.552705869304893
-0.0709912043773637	0.0431105089632807
-0.595451010729652	0.484720608087372
-1.05150729368518	1.09929925800829
0.0397072708286673	0.163183206875618
-0.00766201011693041	0.0225227829286045
0.055085279241601	0.142923396396134
0.321730778702761	1.23714052049846
-0.0818174374454193	0.158578989870091
0.22706699127755	0.553317500182306
0.244885729459802	0.592085846231119
0.203471184170692	0.396197936237276
0.133987749781276	0.244513777091762
-0.0800152098895092	0.113274152837612
-0.0347426901645269	0.0489547374972851
-0.59290649981568	1.19958241326662
-0.570709009452852	1.04469124314317
-0.771440049567721	1.95152511629859
-0.460254620611875	1.00938242327218
-0.254845620890793	0.307293665664393
-1.29215654805128	1.75005275998839
-0.681715976105912	0.540923058442548
-0.447593404354981	0.412470607662826
-0.364746243832313	0.313835341166355
-0.87671708032235	0.807742290694346
-0.38929177162737	0.268684934050289
-0.687450904842688	0.601195706131448
-0.382651926862168	0.300776922242769
-1.2647525887708	2.22091372159538
0.0450897938329109	0.041538481058302
-0.759681014399873	0.955047374864344
-0.213877462419123	0.19255949690875
-0.0873139118645023	0.0695208702602161
-0.672307627815626	0.531407946842294
0.365658701243075	0.184918293213832
-0.213871750896534	0.0690577255793313
-0.383540335979836	0.159493232574354
0.169244143137115	0.0424535983384504
-1.83076842259751	1.15101575005272
0.00874926416704435	0.00445312243226784
-0.367076084636092	0.286027105643234
-0.438885649377827	0.402191818349208
-0.625777803887866	0.600318843287823
0.160478046648857	0.0696560768566236
-0.0922598492336672	0.0366247500539306
0.169029562033449	0.090572735183079
-0.173818349532177	0.115358796285329
-0.515466779883267	0.194997679323859
-1.2638062111289	2.57224136656907
-0.64891769771502	1.01657993576508
-0.680154246148442	0.906334213628352
-0.567395048146585	0.800138718591877
0.0663493188533243	0.0518681448978197
-0.146605297641309	0.147816583969794
-0.349628148384803	0.399540674568144
0.670878678771324	0.964430773409691
0.512596467088454	0.718621926436021
0.0905520566025298	0.0835666961575728
0.591514752467307	0.833692350667291
0.157301492223625	0.14387223942014
0.094848366504979	0.086219053899419
-0.0186245398399827	0.0140509442274327
-0.695382091306813	1.0417314682355
-0.227767705497356	0.23598656092758
0.136468674820093	0.125485763774486
-0.864503946530266	0.862813885398703
0.626686593269471	0.479919183005459
0.442061958312469	0.469605453846109
0.445576436944923	0.447052341248418
0.133589800174246	0.112148040130905
-0.373909445866003	0.323550318718875
-0.394218361172794	0.22330301901393
0.350737371962542	0.196853339655601
0.617274909973486	0.578035096634373
-0.604392504050559	0.66565501186766
-0.640575577438751	0.885394105742308
0.814844014655196	1.07863820872278
0.488194255796811	0.452738541748848
0.0118066018561017	0.00797221605028101
0.305022748491452	0.22123947204466
-0.481400387102145	0.252147469877836
1.25864259778637	0.877300060905835
-0.184129280175939	0.0988567178744969
0.0395364850192244	0.0232614883159754
0.0379777801546449	0.0208104882405094
-0.605396024026527	0.290743889424045
-0.382985370665843	0.159267211122578
-2.57747759965585	0.66335545132302
-0.10064968729674	0.0399126998409697
-0.0166441211712553	0.00792862683540434
-1.59451839496732	1.22569798621341
-0.0941658320538557	0.0373369861060442
0.162400863971746	0.0409830958055786
-2.5814875372856	0.665060440379843
-0.767170384130397	0.333689367521823
-0.6282908079904	0.153557595992093
-0.598266474444589	0.286621153777948
0.190326315989824	0.136932342484853
-0.647827020382285	0.384214728901211
-0.0622050197389045	0.0270605915264635
0.561668732711803	0.576935200877998
-0.2720312581881	0.196029357052622
0.177331948802595	0.109760356828775
0.801411144032033	0.483067681271331
-0.213374659835276	0.137944658487296
-0.0406390445622587	0.0253207127891161
0.0625030058780545	0.0387640288344761
-0.349124689538762	0.10039174648187
0.166691919569473	0.0419536988970269
0.369199247203358	0.187071874175325
-0.612747251689267	0.544855906822915
-0.375969397074449	0.257925065416518
-0.215971321789361	0.210731131949799
-0.275420231992989	0.245808064305414
0.45271747479116	0.441757078636523
0.808381262713908	0.878229033147851
-0.96341133633851	0.946379005752095
-0.180014237267728	0.119849139850964
-0.394433988847669	0.223554922302111
-0.308940006286089	0.14213529727552
0.175123810258301	0.101621469023198
-0.386163255868856	0.266255913211694
-0.121415634690127	0.105129525480727
-0.518772205887626	0.428961741598661
-0.261873804544135	0.253380340689156
-0.542000517242043	0.566148343600224
-0.112293733090113	0.0966020399878273
0.0277188261130518	0.0194786763438643
0.139409377157793	0.117513923286042
-0.779771231226518	0.668067223764198
0.198858092141909	1.22030543428788
0.143442235043997	0.626963944625884
0.281333456840209	1.13378076675082
0.00476496859078435	0.0083699464654861
0.203904957822984	0.495681153606764
0.0998791255044349	0.19174620354337
0.113810958544849	0.193881060653368
-0.0405792306769835	0.0595539663592727
0.222753773389824	0.35309264847798
-0.0148202951333466	0.0201882145880485
-0.0413511271803008	0.0483004023318358
-0.622356324579595	1.20241236554832
-0.455756945304206	0.817082519890418
-1.29640143365194	3.91152098619627
-0.16040547138215	0.182170354081713
0.800962838159987	0.638870770155729
-0.782096205334537	0.733738028040898
-0.558704752214426	0.618314915285092
-0.0752080385370126	0.0716207370545808
-0.227961550368432	0.219976934930365
-0.185966118843505	0.184168820824402
0.195624997800405	0.156848946445205
-0.116474816018534	0.0807690448545982
-0.77241088432244	0.831359134769761
-0.435516131981625	0.335860607221311
0.162424476058477	0.0550903274876667
-0.211147146065051	0.0682441817050335
-0.0959512571519062	0.0380605212628921
0.168958982800728	0.0502746287941419
-0.299179146840281	0.137196112424978
-0.516096514132394	0.19525236723075
-0.372298750084564	0.291049638816142
-0.212062882670077	0.137006388375563
-0.914473679912952	0.669670342840979
-1.13543440488342	0.343479590196383
-0.645147713670818	0.382385626122668
-1.21214692045184	2.26889483851875
0.531430855095169	0.636145307565033
-0.0121513663242178	0.00917554448645761
0.776404163037092	0.955120421278104
0.0722014325928288	0.0595172356157096
0.287067663943538	0.241818600303326
0.291347265128747	0.262071882487476
-0.798287594824152	1.26870156115152
-0.102866735016601	0.0972933712006041
-0.0230960096782083	0.0191169557234101
0.45352813971208	0.533514611549404
-0.608938882314902	0.704888053862078
0.206591453623421	0.166741572240585
-0.59346618170049	0.616956055302332
0.63227834244539	0.690295754570337
-0.465182226703755	0.39161065266129
0.0496772157167485	0.029143767069988
0.863029560955517	0.791969930062215
0.0772495365674317	0.0504100449369427
0.0442046411748129	0.032261306232387
0.21224893619671	0.192226902147511
0.715588138107063	0.473262606300227
-1.48629991281683	0.751825329963155
-4.71362499311835	2.8023968030285
0.506603991882892	0.455768740860577
0.402312376765224	0.332341294244952
-0.210708579102021	0.208883625627453
0.126030388993317	0.0998768973005531
-0.163239773769082	0.126656871672863
0.465235526372192	0.457420675714923
0.0884581367685257	0.060380121743389
0.450442155521912	0.181256071663712
0.161728296038685	0.0620655366466359
0.146396063501265	0.0635308297165229
0.820931629228735	0.345711555488893
0.166528409127177	0.0496297620210776
-0.386575097447334	0.160973661156631
-0.950766124437318	0.585143565992688
-0.389824029514932	0.1622220446978
-1.17140402942412	0.657939490985408
-3.45478455762682	1.22912473266304
-1.02088743619142	0.404531942763255
-1.13521969998424	0.343544374381215
0.155870099041693	0.0757170984598047
-0.176271945073917	0.0944757069024052
1.96764678321232	1.23302371406642
-1.02815827680023	0.820530949531133
-0.0393278805639115	0.0245274815320004
0.795372885676181	0.753740183620835
0.717922723607634	0.475788213020559
-0.898664472125502	0.750545869588397
-0.0528467524567695	0.0230692739919322
-0.235178574711158	0.117570503072707
-1.9736274207437	1.37260516069121
-0.344210615318698	0.0990368506115311
-1.13521969998424	0.343544374381215
-0.213639314943098	0.0690063709749365
-0.794829416157792	0.527701578898569
-0.381761842551084	0.26242339602802
-0.436863747681079	0.337197231804693
-0.328495158765757	0.232741188263361
-0.690036406016477	0.652925656699892
-0.464232077029097	0.390822202716769
-0.780272491977924	0.515025185805942
0.347182139800759	0.19452150901148
1.25113737982513	0.868578922055952
-1.81937129385307	0.742146991690708
-0.0396805763981609	0.02474165102934
-0.563225345178014	0.544419105021365
-0.259381106731478	0.162059413494287
-0.372060427187062	0.321588067356959
-0.023684636015646	0.0176671488242946
0.197526092595121	0.136686697922337
-0.327288655074094	0.259892762690325
-0.0574398449905952	0.0418098264275312
-0.186445792118996	0.12446166226522
-0.288859057897648	0.232669405224122
-0.469966168988928	0.462478823111796
-0.530177163446951	0.440972833197443
0.195113621401236	1.2210207295701
0.0160283065247608	0.0480242598165418
0.127236772377388	0.331249987384569
-0.093983706507683	0.219178302057499
-0.21903373912486	0.590387348340195
-0.171031532488044	0.352556283932225
0.390201811430458	1.03660970283942
-0.0510914431091096	0.0743417006646692
-0.364727282560494	0.907853233457781
-0.421733118347802	0.885067281670625
-0.450127176304934	0.999720928458679
-0.546937482020156	1.28182322429732
-1.23208551347644	5.20839000508463
-1.11874524700318	3.07092870363897
-0.115184085134118	0.079815367051402
-0.539501249670921	0.562879705447887
-0.714025433924413	0.82044714592366
-0.367229510637345	0.316419353189913
-0.278773723288756	0.304047312126756
-0.742331285436081	1.233824492689
0.0341627948395708	0.0296664951858654
-0.555535173692757	0.710983221751856
0.201375656660276	0.162015481031426
0.0212114353939459	0.0149310155111847
0.161598530636796	0.0548314464506357
0.167679655711552	0.042156489933972
-1.27584181672093	0.57519263095823
0.403246530166326	0.182661858543197
-0.764586280589962	0.332455882664021
0.144911109920643	0.0493367590741794
0.508767437704926	0.324574864721652
-0.528427732497029	0.33367258774008
-2.22629464271908	1.86300336626476
-0.214243324988256	0.138425243037718
0.294240739685908	0.231647881688309
-0.534290962556991	0.338463806837284
-1.27084468491175	0.57233810057235
-1.82070618223503	0.742556934543085
-0.252158463419139	0.227489154302503
-0.126604978835157	0.134370787179865
0.492704270022486	0.534789853439304
0.780839523069408	1.12744511949052
0.706132248543089	0.819782818527497
-0.578423173632018	0.705638411262354
-0.0498316861344422	0.045206681053542
-0.202157374121915	0.168758018743359
0.0860816333055911	0.0777199391821601
0.35992373725132	0.433506647525626
0.273932650541432	0.276833925151505
0.0365641541665384	0.0311579795565853
-0.601040035452745	0.801529927383595
-0.724745104962455	1.00377812294636
-0.501553555166708	0.715793958047208
-0.152972790269983	0.129787551905535
-0.176903862604524	0.134488358070651
-0.207404001531606	0.133688431088381
-0.187227759214424	0.143183394355507
0.684994971965778	0.71253736770159
-0.603614284102283	0.664539875072689
-0.0504485973175476	0.031458324167402
0.0108283972013915	0.00732770188713694
0.165704597093625	0.0417255219351786
-0.314622411130952	0.188154992020843
-0.0618033975118988	0.0441024524494292
0.46268691380045	0.454359835544941
0.632710476998799	0.690939941997085
-0.324006890696049	0.229077186495342
-0.772287940009328	0.831013940704053
-0.299033100486178	0.263363530255942
1.24552785952124	1.6405572817204
2.0370184628107	1.94162495486783
-0.648287653734172	0.384508155252767
0.608023768428076	0.319085619873856
-0.178357145946017	0.0956452493248029
1.04363128297175	0.39626638096639
-0.943227574247749	0.578686523924447
-0.519750069619239	0.196813590651588
-1.13582369620544	0.343734699942405
0.0116367284370391	0.00587677565231847
-1.03246690474516	0.824226832701978
-1.79835097978106	0.382953978270685
-0.719737167086007	0.24696632136127
0.0433708624823915	0.0254802682899784
0.152263467777791	0.0584865836523203
0.425294201522181	0.339835656483808
-0.0600908057878781	0.0364336964709817
0.623941162604609	0.586719431288814
-1.08900159906982	0.744989841479376
0.0726294700394664	0.0451608063398052
-0.7847853073624	0.60321653296471
1.41679823633043	1.10867963776764
-0.0468952549363241	0.0205656073245646
-4.22340771816774	1.98665049888582
1.45415502686182	0.482281800899209
1.04295848162481	0.395810684576853
-0.49035453301554	0.257884577310318
-0.689436210937349	0.603556585578335
-0.262090799225214	0.21462701260344
-0.539163465404214	0.562414703942
-0.986891048086611	1.16798257577612
-0.775231069242792	0.936173370025021
-0.699201445432216	0.710780892094246
-0.281024095258999	0.203492392927093
-0.0760464832984863	0.0545867203030285
-0.265890311127748	0.218246927702562
-0.370261500301909	0.319624400823521
-0.702477933042033	0.715776275347968
-1.19358233049238	1.38390689976111
-0.591333032989733	0.480389584292961
-0.0964961513256901	0.0566332745737842
0.863830870819974	0.641518033229107
-0.39395556364935	0.1641611423219
-0.147944269599262	0.100747813174557
-0.616761729955507	0.717388809637085
0.303814806158833	0.240372361371094
0.191846017213992	0.119416331255305
-0.186613508377542	0.124590186015426
-0.500350578665264	0.37723483985303
-0.367259492056148	0.343785907216457
0.524512923517262	0.45533179265242
0.198272151337046	0.143248088155136
-0.394664733515481	0.223567849334958
-0.699404580571669	0.711232583552436
0.458895025582614	0.449554337029717
-0.332811789645249	0.265168359516735
-0.0725471527703009	0.0519982880211958
-0.784746935795764	0.737125714182853
0.0789446502946375	0.380975054721027
-0.0862652129836513	0.344675875375426
0.128148659655569	0.44143757700513
0.0107451182056614	0.0241164972013409
0.145818750749349	0.39323838798025
-0.335132004252147	1.14775750976907
-0.278064398225122	0.718366494907953
-0.42129744587125	1.44286065252814
-0.552003608160958	1.85523879132746
-0.466461971588608	1.27546950412726
-0.608920857016662	2.15550001756224
-1.04831928719164	5.25419170144695
-1.32918194975096	5.5503697892112
-0.971601372583919	1.4443588800453
-1.03454187660894	1.77041338535072
-0.492026703041425	0.574923258232187
-0.963927475544589	1.94664489315042
0.0395628558860965	0.0389606432204627
0.170052971869839	0.196001460342903
0.121443177969242	0.132317928956564
-0.127292475801393	0.120792027987724
-0.314225204705344	0.338740702360426
-0.21049146922482	0.0680355104001863
-0.216468117878063	0.0699098638062388
-1.51429942551804	0.540079204882619
-0.567653681857259	0.41353750499877
0.372734409957043	0.189124455278308
-1.04096976824531	1.08223199535252
-0.503063334244611	0.592308794818503
-0.97432550347234	0.481515569107355
-0.18485811781007	0.219501117867542
-0.286929940872188	0.415178499735232
0.00393918446007729	0.00317080754676287
0.203065963653867	0.233539546701743
-0.251435968323367	0.260470948670539
-0.308053486904189	0.312525501862277
0.447910476409143	0.590990767539742
-0.596742834815696	0.765886306685956
-0.341665716096403	0.41475802469123
-0.0576554076581189	0.0518652268715518
0.0505928404056635	0.0451957900605811
-0.30872538461484	0.371423250450741
-0.107833050423644	0.108341118846623
-0.29599087394102	0.399120744860788
-0.0585709892556657	0.0572813559709844
-0.644227680017743	0.861748906389998
0.179437050065296	0.117529306066822
-0.596827832928491	0.765924638942302
0.477187484762758	0.542258139878654
0.0279854921997904	0.0237603411958234
-0.0360318543968735	0.0299080663018709
0.847362852949399	1.10331236534634
0.517674486603387	0.331434934934817
0.636042378049156	0.601724897495413
0.347740374681844	0.350060540269066
-0.607873501778481	0.670669474070725
0.47962131594636	0.622591808977091
0.65574921510091	0.790832012950745
0.0742870377265854	0.0613238095967609
0.0284358508716346	0.0199828850182879
-0.306672274056368	0.27142791454098
0.0147847621702285	0.00741004463637364
0.185655725722101	0.115346878891272
0.165912291425212	0.0888453965899557
0.397713456206656	0.341500236325798
1.78813951439821	1.00212407223813
0.864712574141896	0.642700071083894
0.612683767341109	0.321766847158027
-0.211147146065051	0.0682441817050335
-0.262796047970797	0.164510566109992
-0.942395747167312	0.997368173871898
-0.188294685988676	0.12579735414358
-0.173630630342191	0.115249369079409
-0.142308412010371	0.0966362401646608
0.435083784014387	0.332179755812172
-0.178273833833886	0.135696251168295
-0.0901051240260793	0.0634464349940212
0.420033544427063	0.439911790046075
-0.33603090851617	0.317497063093896
-0.642762485336442	0.698514228846721
-0.0343110168422593	0.0252680225235255
0.489595630545974	0.337504469051508
1.46790942357864	0.920489792523472
-0.215184417856504	0.0694920488130609
-0.624566751454544	0.152757086863399
-0.226895410340976	0.113334019818729
-0.108746553615659	0.0858195494041606
-0.463482636851535	0.490587613006123
-0.502004747162087	0.459829995211975
-0.585047952823885	0.60519571292667
-0.369554422708325	0.31897056165753
-0.0455765410434471	0.0336747269708632
0.289976988547153	0.244702259948792
0.00523555581660692	0.00396206413612605
0.96511786343888	1.18372465879501
-0.88222250397263	1.10046894813001
0.176571635016682	0.102560470870134
-0.892392054330275	0.74362189227693
0.501322523369692	0.449699691359441
0.270212211957373	0.259779061271228
-0.460547117432337	0.486521166259987
0.383607940924039	0.339160789983342
-0.0407465853598926	0.0254082989960818
-0.0675602649704719	0.04830252487765
0.281054553488493	0.251145287479962
0.503902555447955	0.55127096514826
-0.0084637992410599	0.00545464569248107
0.0840548111298131	0.05728225600372
-0.409491967629475	0.381704154108339
0.438757424012678	0.438412542547536
-0.90127578614097	1.07153290891527
-0.890689265430566	1.11624964176339
-0.0710899711576427	0.0509039021830468
-1.26491838238486	1.54191831032608
0.0766482289950161	0.344480459981996
-0.0118203367402855	0.0364198738868344
-0.146923383444298	0.481991016504888
-0.0699149723198154	0.157437712147481
-0.137381359761772	0.319709511499756
-0.175542970919042	0.35359947803102
-0.0201941735525818	0.0332354857963971
-0.0366028591185424	0.0527832838795435
-0.736289324136001	2.42137754003761
-0.244487003490403	0.456228355966959
-0.963887067985176	3.89021128694878
-0.719719286007615	1.81777315444783
-0.0405730890166303	0.0299284503688267
-0.710334269114816	0.771726675111515
-0.673553034805805	0.858151209778833
-0.449346195018921	0.503963853393798
-0.470934742541888	0.39792607161765
-0.533997215133637	0.750740325709425
-0.242788187950978	0.309201101477515
0.00677297095072622	0.00590243954007717
-0.290602488405214	0.297555207684154
-0.823308743926899	1.03538071317236
-0.543724867299022	0.595703742077908
-1.66886539884427	0.943258245536759
-0.948367329582954	0.582641580774965
-1.66308114250492	0.937668708022356
-1.2001611890234	1.39646233746425
-0.717014216380814	0.24607192548599
-0.819951391334551	1.32219454245487
0.00947205538199347	0.00845870698768628
-0.635210125238728	0.844407288379687
-0.593960409090377	0.834792390741288
-0.102085173545841	0.0888389860530435
-0.476421326546173	0.530258477629393
-0.225720272341522	0.204899526070988
-0.204984424910312	0.153541549790806
-0.643845483397541	0.892297136339201
0.53033509894037	0.553340755399588
0.201453350827469	0.19791431896721
0.716205030915111	0.724152178587691
-0.381766960193219	0.262718027108198
-0.299206267868768	0.263666081750102
0.140657858592587	0.121563851929188
-0.319837032464422	0.276784870232322
0.215568305778047	0.169198742328136
-0.660518032084202	0.461354787701841
-0.919031866092587	0.674434069274125
0.378461108511223	0.345270079943896
-0.518361632118787	0.428631498368077
0.654559803405447	0.788640745697654
-0.0549164658569217	0.0399409344861699
0.108502026862499	0.0801879869090545
0.521171433096779	0.451389933201559
0.270078153037071	0.253081629145044
-0.777350662216307	0.785419024991567
-0.784432395145642	0.427344218454854
1.45873555291897	0.911077226473918
-0.944925590794666	1.00111797173367
0.159627373721911	0.0774260010804011
-0.143034785337113	0.0511857384265564
0.154616330348594	0.0593392023307753
-2.57747759965585	0.66335545132302
0.553849709864406	0.323299395739621
-0.39682782969556	0.224890571815497
-0.216897243043965	0.0700465211869778
-0.346820783252297	0.0997890928773071
-1.2715791538244	0.57266346760598
-0.0980656174714438	0.0388915532188351
1.32628757475954	1.7065111234472
-0.231933732524779	0.192017108505969
-0.373639834102008	0.292058270076403
0.508734032828426	0.458174373083379
0.190372325586438	0.142264782054712
-0.524525634657049	0.435162783985791
-1.342532737937	1.54246214088994
-0.919232743840441	0.674173674066794
-0.296672235896868	0.136049250063878
0.947560352748164	0.251716891447637
0.671304003309683	0.212965720540022
-1.16772404165933	0.655051201939417
-0.182987406540717	0.154779792802519
-0.971054090899778	0.956202276721117
-0.491581534971495	0.514206861447883
-0.0998160138932541	0.0706327560453894
-0.127331168100247	0.0886893109354542
-0.321790168587035	0.192968445835061
-0.395482543189199	0.224039549024308
-0.286358907231133	0.207963685780841
1.33834448351237	2.42386560445767
1.92677818582569	3.34540071640062
0.0544395099796394	0.0319171388483121
0.200510145339416	0.166168825454274
-0.0206805326339741	0.0131993036251809
-0.279230263119677	0.249771585046631
-0.434527222411791	0.334832194617886
-0.890758834793611	1.11675071825606
-0.181206617383282	0.138164022946575
-0.682877448384516	0.595656164700519
-0.688634999631793	0.602141441281512
-0.276511589326233	0.199806466724863
0.440823822154056	0.337331203089336
-0.367680925854861	0.286576726554612
-0.217390289447809	0.140703351442922
-0.0665992722781923	0.0404173856333119
0.0876604341551457	0.410959728122262
-0.0656700286240671	0.245569225495757
-0.166471901472756	0.559461172886177
-0.179894282756829	0.530982515366682
0.0778558523060758	0.154341551035206
-0.0580634756579729	0.115721255786993
-0.0868907363026537	0.151994060623076
-0.406944367965315	1.05031012600626
-0.69945636259955	2.83038667235323
-0.884887450326529	3.83611035937329
-0.732528236724604	1.87853058398888
0.081358736358076	0.0674637917133339
-0.56706218389467	0.731421914949476
-0.223296854857423	0.27712030887353
-0.427197905739377	0.528130339937599
-0.633793600759192	0.154925137930548
-0.142440177804696	0.0509737826404277
-0.0938844786016753	0.0372437459496391
-1.16410669645992	0.652155707969821
-0.758892586095015	0.329498751771327
-0.395071670435589	0.164675396539339
-0.598387980797095	0.487598379517328
0.452086522919451	0.181964226074587
0.576277180589169	0.758164626060296
-0.00744122664912696	0.007657749926498
-0.196573924520633	0.17878440717233
-0.722142664431786	0.918541046189741
-0.218501819891598	0.228758024362928
-0.27084777472593	0.299141728408539
0.0955428014142389	0.0852561692912044
-0.52441808846473	0.672345718668337
0.204912740611822	0.175276969013728
-0.0171388279895815	0.0109823269263615
-0.0440310550269227	0.0366929310490337
-0.578935872198948	0.706634228210358
0.429440919545351	0.452687812306344
0.809861087423311	0.977715447349615
-0.592231682943635	0.283120785843979
-0.16573679657272	0.109565751756808
0.109769395784156	0.0837068223672571
-0.360069829106039	0.335606068100341
-0.123422655327701	0.107004118661915
-0.0954698368416444	0.0674131572337745
0.215117819027224	0.190279436463673
-0.706735676386541	0.766149682390097
0.198487471588039	0.148955119545777
0.187389375630195	0.123121378461178
-0.170259563917507	0.128935368631014
-0.180218575850346	0.0967113041391035
-0.665654908885426	0.465996745776096
1.83104940548172	0.717999079596031
-0.943076619182217	0.577739608285564
-0.218958293525578	0.0706782121263062
-0.720508771513364	0.247389608463745
-0.0517883011865386	0.022631140102838
-3.08559782341753	0.965445184573826
-1.27479878011019	0.574686410185082
1.57891100532146	0.786935009694621
0.871701265378312	0.648976976273586
0.697273546754482	0.32704484516564
0.163696964389853	0.0876261967808764
1.09516388412064	0.675586376320895
0.169606362252511	0.0425824743634164
-1.02050867103886	0.404356899215527
-1.02404152856389	0.405928813773254
-1.01580640404231	0.402039683595048
0.158160079451321	0.0686934974370955
-0.943304356953443	0.578794249508611
-0.392523979054397	0.221966275403248
-0.700521271614113	0.666543864748028
-0.380464259992317	0.26158597693308
-0.428937079787459	0.32965819007332
-0.368777073684585	0.318098159295035
-0.701933744235626	0.714917444196384
0.114684659548436	0.0821633048150106
0.0661789504645473	0.0410586064981627
0.543688626304799	0.572164495760474
-0.289091361770787	0.232902497362457
-1.01331609426102	1.13095951327029
-0.128786198167708	0.0726124920252009
0.348069622518863	0.195127142115536
0.665076092013553	0.211028905087732
2.75446121880292	0.769079402442662
0.79683202972668	0.480094672491982
-0.27407290381678	0.244449759295741
-0.413944875168161	0.353303627176746
-0.183983484241735	0.155698993332035
-0.214464914602484	0.193176396859662
-0.0971595292602063	0.0761455221979924
-0.225082825018693	0.204195045921793
-1.01896064431893	0.403433301964411
-0.3329306302608	0.265406575378866
0.118293689669676	0.0906680321252679
0.04836666761088	0.0364621445369728
0.296273574994999	0.242428124077472
-0.401576269547558	0.340117584508685
-0.10286987037505	0.0728803649457423
0.848270798652741	1.00248547622641
0.0137190351387985	0.0107943461151374
-0.151853468763481	0.117059087350786
-0.287384915461151	0.251254149474381
0.687053992478061	0.715435210457548
0.898070703167457	1.04302435829666
-0.973593884682663	0.960114103429183
0.080037764392834	0.0522640239447192
0.288556910162671	0.243239681294037
0.595060926970356	0.575941204654228
-0.0412605150347853	0.0257300112961333
-0.322648722290514	0.193555895805599
0.1725269955791	0.100201163644775
0.00766666045084406	0.00389872739787074
-0.32984732890462	0.233793529139171
-0.200094981530493	0.149425807562236
0.0796343516951468	0.377528826373673
-0.0514659969740795	0.181881759022869
0.16198151461699	0.572155678311795
0.100999801194119	0.239947286132846
-0.082314555240496	0.199493294976885
0.0270882291531915	0.0507905095311376
-0.5074784646119	1.94237602910538
-0.293271073525727	0.843527230798195
-0.846462539724806	4.3906648243369
-0.480604033664084	1.38171194854114
-0.250451929165409	0.271978242218485
-0.503983216145174	0.686266685540536
-1.27032365700558	0.571955904152126
-0.891859246756821	0.743010317722747
1.3345487412554	0.585101958973942
0.00794003384816798	0.00405776758268694
0.0353986319412513	0.0194469480347585
-0.0980355530087572	0.0389119651836356
0.165211837129441	0.080359036706781
-0.552003088832934	0.498563219801126
-0.604286991011866	0.290057157923843
-0.20975410369926	0.27236132357373
-0.434462512876556	0.696724406835092
-0.130797047297601	0.122432241456102
-1.09607016771801	2.05273465654838
0.0580233070753452	0.0539599532580095
-0.498508180545838	0.585532524570158
0.256918729679407	0.293544104778819
0.200054857804683	0.165713948823605
-0.404529910692216	0.343261877195297
-0.12901305208612	0.112299059389415
-0.685311958586244	0.91589169843932
0.282086897243836	0.273539415038019
0.0190460447433604	0.0154221048668347
1.46060495605095	0.91252245821813
-0.0774629407293223	0.0556435272137597
-1.08069817162208	1.65781283413714
0.648943866199918	0.863282729931276
0.0612019493281572	0.057047079308175
-0.207754573044132	0.205522118654384
0.164052516580943	0.160146596576496
0.4763752424822	0.555407767590918
0.417383737285994	0.460067894849239
-0.0506255049884611	0.0315613297716353
0.112338442373001	0.0804081178319956
1.37352222366782	1.27913785203951
0.0570526596690173	0.033461402492246
0.621112049857353	0.327115651410371
-0.796031930375665	0.435240599098019
0.162400863971746	0.0409830958055786
-0.764086062426498	0.332088631279259
0.192088802123406	0.119622210243058
0.325104574440073	0.212670985060466
0.362974071767852	0.183320795782306
0.152009837119475	0.0659531188418386
0.533792789739045	0.192056407531968
0.0174553281586948	0.00877884243372787
0.792252813462243	0.476180955501884
0.159941194521509	0.0543013031904569
-0.975962525466467	0.482241534323902
0.166084152255821	0.0418055330790301
-2.63552754453461	1.61773672130062
-0.787415164110856	0.429633747223575
-1.2715791538244	0.57266346760598
0.532475077834663	0.191482542601689
-1.83596734364611	1.15789643592512
0.0522730360566098	0.0306413834383228
0.187887634449737	0.129392969252188
0.611815097489248	0.683170243755242
-0.195365599570541	0.162385333774658
-1.03701906555381	0.83180311799277
0.412533486730503	0.342561382396976
-0.440086705479475	0.403783209369571
-0.771217349191135	0.776132877515355
0.033313142848852	0.0277553533367048
0.13216973273641	0.108069415608007
0.623679644662117	0.677479072159144
0.263133727414505	0.269644961037447
-0.0903773895684613	0.0636761989080919
0.0788916394513426	0.0491487248153392
-0.762661468163739	0.331369385865934
0.162479935061762	0.0485106492306684
2.11569294390872	0.9486068887636
-0.791237341594645	0.432154144476155
-0.600558024914927	0.660058107964697
-0.178273833833886	0.135696251168295
-1.90614644968776	3.15183616126201
-0.0635167999143331	0.0453396677723428
-0.177889554413531	0.0953958122001321
0.437451214337523	0.33451281518003
-0.5214979775618	0.431959012505958
-0.435259200400467	0.513295814969652
0.0825733518446459	0.0562432731292792
-0.0656689045383139	0.0398411861467419
-0.120568269695296	0.0837159395906788
0.769827662217221	0.943278977607558
-0.307992342261094	0.27290905788543
-0.206200322618569	0.172657748088027
0.626527915467212	0.681458215747363
-0.538876031124535	0.342021813626967
0.464774724224031	0.441237981406245
-0.51263965521918	0.499875221174267
-0.200003001368929	0.166802901513469
1.10273559835573	1.40567862683397
0.85802144033224	0.785767604875024
0.195368763622869	0.146389235523335
-0.664893483860137	0.770280594896973
-0.293242230375648	0.23682269125013
-0.784168304400162	0.794676910930768
0.0283070001629351	0.106999298097314
-0.0531384151904784	0.184201494356684
-0.0929470401287636	0.24963233244144
0.0381293066553493	0.0869524549022011
-0.165954150920859	0.42127434225226
-0.378262172085744	1.20132042356178
-0.374728671908474	1.16152548573063
-0.686194287805532	2.92906273338711
-0.612040140502308	1.76616806493433
-0.550316371156482	0.67720927002264
-0.686499431350056	0.987917288244397
-0.474394330746309	0.645110634372431
-0.186634955296447	0.232333894980278
-0.0882595583329163	0.0895867371249778
-0.22272744387324	0.23405378651956
-0.695855177951258	0.749285068152061
-0.514837284692919	0.194722873359673
-1.26698735368759	0.569984385056631
-0.142440177804696	0.0509737826404277
-0.974027707007284	0.481188924144763
-0.230294180675571	0.115059384993307
0.151149206787113	0.0580628778153935
0.824050985418665	0.34728411056886
0.618239334807258	0.471330202805011
-0.178678449409582	0.0958140031057054
-3.08209765998152	0.963916510480773
-0.256513761618334	0.285023728105236
-0.338580762702752	0.342772433195863
-0.232221736189327	0.224692830362546
0.167468110765963	0.181623002817536
-0.0443493291229443	0.0443958705358227
-0.675768631928773	0.862282510041014
0.532128733594886	0.463585139834342
0.0751723163519885	0.0490094445602923
0.870078696527205	1.20674111579445
-0.687665318892982	0.95600614540675
0.143602114456894	0.130065813400177
-0.228339679504626	0.207683667511966
0.903191626246642	0.926242310426301
0.0607039528239237	0.0376374954409583
0.457512662330297	0.462462461719274
-0.251558809089679	0.25531440280534
-0.15228660798876	0.151866748321912
0.283187962887638	0.260752403012334
0.429008525017371	0.452052920117204
0.139845583224755	0.12081957966613
-0.202465813975274	0.151406981506692
-2.10184337406079	2.33079874199288
-0.616061139671259	0.296587806972132
-0.015089567394662	0.00719197720250259
-0.0583016224956927	0.0253969252343214
-1.16667565837399	0.654399225417638
-4.56622731256794	2.50628282997977
-0.685203801211395	0.598403342817366
-0.0956081613558521	0.056107764154111
-0.489478969776171	0.257373657895991
0.166657152966513	0.0893274046005728
-1.83069739381181	1.15133075288787
-0.340780759226789	0.0980802617963696
0.951331866170054	0.252756684317784
-0.633409029549556	0.154789771896201
0.305191427660529	0.221501542297905
0.0303942624941389	0.0167303630944546
1.33278572894675	0.584055913334951
0.692389596495978	0.324452121918897
-0.209836069462463	0.0678117289314428
0.451038007299901	0.181503296233176
-0.953002981007158	0.586550178462771
0.167299398578488	0.0420768316112512
-0.143315353927409	0.0513295091165195
-0.143905854186937	0.0515385054799117
-1.13849388307931	0.344614401149477
-0.0638373915433565	0.0277433871784525
0.176664872648208	0.102714560503824
0.66373272177487	0.475855923487894
0.598816957060385	0.580841764985802
-0.176057345594701	0.148248015202837
-0.0416729376231951	0.0259734607860519
-0.235684222738266	0.117930027313992
0.900837600286751	0.923682370260856
0.0997566464899353	0.070927630163219
0.45935663660772	0.450165960649661
-0.0700701455726439	0.0425407635260521
0.0278814950662038	0.0195911230445987
-0.339018536270758	0.320911432740826
-0.678539125194219	0.537650637833961
-0.599665666868762	0.488933936938632
-0.980642634603263	0.485510889516647
1.82480922054022	0.715302875396814
-1.79827400712943	0.382942964938875
0.537402151539188	0.193294223067484
-0.376762607318465	0.295211005247582
-0.324477787798485	0.194799258569579
-0.949794846953193	0.583925812754933
-0.36303956442925	0.33913756573978
-0.393417561859036	0.222518340377771
-0.415575464565045	0.355065996930232
-0.210063913161502	0.157822222299942
-0.150048530623473	0.10223067861198
0.0935543412780014	0.0639847899239104
1.40058951701276	1.08876302198353
1.15399462597526	1.3156044913948
-1.04554607573301	1.0901397291142
0.757963754797294	0.837435831097093
-0.233171585753564	0.171264354032743
-0.960881145628239	0.942685730789878
0.401156128769778	0.345003107237998
-0.677204601643482	0.536516708801232
-0.324698333446424	0.195069523815716
-0.0700389242933193	0.0425300469675065
-1.04087253792035	1.08274568136701
-0.382667916873094	0.263396660407344
-0.398847431895036	0.398953117529701
-0.335334768914685	0.267554549826806
-0.333405090997403	0.23690482745719
0.197284460755549	1.30231472313571
0.0463018897939364	0.159585185034584
-0.0363431693093848	0.100285901937855
-0.175732834079982	0.529169044259947
-0.196684347052719	0.553258176477845
-0.416728212748114	1.72380216128709
-0.579981167622846	2.68364196860551
-0.446270371675661	1.3873231059204
-0.282814182567203	0.344171428358513
-0.784360140226522	1.90004150556573
-0.199788341070376	0.273768550809767
0.255177610248289	0.286198247847778
0.0781280899572611	0.079699880946903
0.0506460645558291	0.0452519679516607
-0.432515367859842	0.508866620199311
-0.939013889587756	0.992305946876485
0.83163726000592	0.350886881523798
1.32325130204814	0.578458699335087
-0.599395684643886	0.286895240610009
-0.975403874231334	0.481865195999647
-0.300316425376266	0.137917785896365
-0.723858427247846	0.248624788373591
-0.025219589051766	0.011826923823501
-0.0859277700439606	0.0604024237393496
-0.539038501242957	0.341920996277963
-0.403358499767072	0.593798726040639
-0.571069848124161	0.738997661604085
-0.630907705959166	0.805547893509849
-0.364700744504607	0.434451807012043
-0.0761752883472333	0.0614722358518298
0.0949066852487003	0.087885794811513
-0.27376429451671	0.297473692291783
0.0283362824289935	0.0264472947203069
0.457020899041858	0.551563776979909
0.429642691696228	0.51950065232644
-0.762769237124123	0.914033706936376
0.289722302755262	0.252559457922929
-0.242284006162137	0.236255827108274
0.112921579168141	0.107956444205333
1.07668541800436	1.98136931102445
-0.0149637060786716	0.0112878383060984
-0.78311818567288	0.600949609063012
0.122039963300215	0.0936929418610652
0.644293518779234	0.876813839091889
0.149107029366682	0.138454602688266
-0.118845016760063	0.122334050993322
0.156798508125555	0.157853856639517
-0.443912089718556	0.496135567370165
0.579745528260175	0.74579921616619
0.556953519104022	0.740184031142157
-0.287461951289373	0.208852661395193
-0.72146943263536	0.247682563419049
0.533792789739045	0.192056407531968
0.450145859423865	0.181236132023085
0.161598530636796	0.0548314464506357
0.919947764331853	1.15186227297133
1.00391132566169	0.82623200065481
1.58017658535242	0.78782928766197
-0.315104500651072	0.188447691565179
0.454659855820964	0.183125643414665
0.167679655711552	0.042156489933972
-1.01920084249092	0.40357345336649
1.33260025719858	0.583995919548712
-2.62870640811504	1.60863848024057
0.294626679255256	0.232027857551294
0.167678691628437	0.0899293306294505
-0.763521365008921	0.33199257640622
0.152844405786542	0.0663436314576924
-0.336015560170029	0.096773828663037
0.159890026282437	0.0777286993118927
-0.338476676785739	0.0974822237690529
0.694437504010704	0.325280693858728
-0.723601171891188	0.248501036925982
-0.187309100787953	0.100669774269303
-0.302154666650255	0.138838114292047
0.437808889455521	0.334580957738351
0.417665961642413	0.332244381833817
-0.685951547585738	0.917497046576575
-0.544205161459881	0.596468992262414
-0.290890522084979	0.23453966517042
1.73441926655696	2.66818844760105
-0.306050533756844	0.291045359943354
0.78398595993244	0.968316744416873
-0.396605128183748	0.396047883384073
-0.0623003342693065	0.0454496986578745
-0.162715886577063	0.147442040771948
0.140661871654149	0.121593547612051
0.266400624336134	0.261526167537304
0.393047927322374	0.349217761492086
-1.60343541711997	1.23646608049697
0.169884476269569	0.050532053807675
-0.627829060935039	0.153504607197422
1.11349578964495	0.852089457453994
-0.711590883803847	0.85902625417887
-1.59015530907008	1.88871743482032
-1.04516155313423	1.08984053446748
-0.67197897630265	0.531039516527997
-0.0686327683595598	0.0297959931574481
-0.204883155740619	0.171254451026124
0.304434866445883	0.220858838677895
0.349492147864734	0.195814178763684
1.62999402788649	2.09926560832802
0.537229199963251	0.469289010455314
0.177592398383114	0.0954125807996613
0.681463062229751	0.707596452288532
1.04059892457801	0.991436168111996
1.14796427669337	1.30485562220142
0.31090292592468	0.226291818983096
0.107816296498047	0.0796158399489784
-0.24108877239245	0.120832357616108
0.306686918067448	0.233154512063245
-0.896434361755401	0.748211652491171
0.00182126865853944	0.0010901198716323
-0.44974922773233	0.415072069832216
-0.689058564234278	0.603181598653639
-0.29825132055234	0.262698408048906
-0.547938417400543	0.493972440809226
0.0588486799081108	0.242800789252934
-0.0536667138800428	0.189532074939133
0.019147691257826	0.0443994637668652
-0.0839192336023938	0.191561013815796
-0.373123837776157	1.46627637531259
-0.202887656910195	0.582207355983193
-0.520746423763709	1.70106327814109
-0.422219195970125	0.646083206108927
-0.163447297545224	0.209466779982754
0.0657832399179272	0.0644886009246075
-0.164088667619365	0.184466055786408
0.0388503101795683	0.0344607547308972
-0.473558613168412	0.467052413958696
0.802757734088621	0.640808759944832
-2.27905215658492	1.15133868444626
0.169606362252511	0.0425824743634164
0.168287851014599	0.0422797449011708
0.524456035698372	0.188409753325844
-1.81367378419037	0.73893109819281
-0.23572968749486	0.117990851864003
0.674079709901257	0.214036050556618
0.166525795986803	0.0891316578972452
-0.718058237703818	0.870197001395231
-0.315631049611902	0.340571123226835
-0.325566864666351	0.282836625426148
-1.25911363556207	1.36761304629992
-0.604333794260515	0.289911902876348
-0.483068511131515	0.540162589631669
-0.242291596554515	0.265974348124886
-0.372858122784287	0.322369336120776
-0.0762451076048031	0.0674245328864667
0.63469837623248	0.8585114647376
0.162846185108719	0.158830509900862
0.422423934366294	0.443152357610006
0.514645749778998	0.549305150632414
0.042200737708668	0.0307901339241579
0.368789952641144	0.438746289984915
0.411367106013129	0.451704319837994
-0.0658251307603377	0.0586809482370781
-0.0789784914216653	0.0638161525528841
1.33691361718525	1.57644703716827
0.436030217541841	0.332966215876686
-0.60545546587101	0.699144595036366
-0.177218954991044	0.177374785301078
0.134845291069112	0.11875425006192
-0.00789463559637436	0.00677264811930019
-0.290516482491552	0.234218046052258
-0.061609499600709	0.0555809715251866
-0.133532241788049	0.116597602404024
-0.389467150446698	0.220119786884161
-0.728985188347722	0.250504530952487
2.11974097879103	0.951220462633918
0.156635510732265	0.0532014513857662
-0.0999408517318264	0.0586957744032464
0.760154178302214	0.748778348752845
0.962238275993518	0.656777057571744
0.912949901012826	0.494921655762484
0.793008827376959	0.476240585807235
1.28501953905397	0.710982955824583
1.45575253921811	0.48289648887464
0.617155235172506	0.324612550622903
1.33681578405904	0.586406825513233
0.829357632482683	0.349871102086347
-0.209534598925908	0.157379840558859
-0.0188002276152486	0.00890759244087833
-0.597009861333974	0.285789886368716
0.405571988809976	0.183795432583376
0.156835118177656	0.0532837121933901
-0.142801753920347	0.0511111283728562
-0.343557529393447	0.098858556674811
1.46631417472618	0.918693003703843
-0.346820783252297	0.0997890928773071
0.0632630899921698	0.0392164808227634
-0.468171605203604	0.394926455385341
0.00741572865161646	0.00506413127108367
-0.00741469275703286	0.00478204732923201
0.466258671499163	0.34024123397556
0.347341497349241	0.194881617555347
-1.11250486284122	1.64799696813642
-0.020950204669163	0.0133798290175028
0.628541397340566	0.684515412386531
-0.415146825959254	0.354388410585514
-0.109600339052569	0.0865665427784814
0.507340461703752	0.556107805733675
0.285431442674612	0.263178289556499
1.08921197351357	0.67048990728837
0.689176537349267	0.322579379129039
-0.0885852217584644	0.0352215356911798
1.45769029797448	0.483533280097753
0.718644310616527	0.475481184550143
0.683208637653265	0.810613833821171
-0.325719780296434	0.282964396868902
-0.336865335657857	0.294761397808208
-0.296097415657295	0.239441906102892
-0.260711479487053	0.162970102117842
0.0730402589953418	0.0476083049575463
-0.474450971083565	0.40165008607576
-0.333367818815426	0.314404250399367
-0.374019718744703	0.292631181140368
-0.876316044831078	0.807232383688146
-1.92171436317188	1.88461691710813
0.695502836628301	0.610093940554147
-0.282602979520298	0.204812880068735
-0.384479214601374	0.159918153754782
0.334011882640999	0.219255857003443
0.334065736306627	0.203647258214955
0.67103577258224	0.482772014504515
0.659549180834509	0.471803661051682
0.0313797688473494	0.0172671007736418
-0.567321898443545	0.413281216183761
-0.340297115713606	0.242509041458586
0.564502917865259	0.330428659700225
0.0106071016720684	0.00534872116305057
-0.430269649593492	0.331034699615297
0.115761221359428	0.0858553496044225
-0.782608122747574	0.600973768764394
-0.0327495863798422	0.130225198526792
0.086087898397768	0.340689645288101
-0.279753818721464	1.28365540130068
-0.14298118708505	0.475767635539151
-0.218262057345705	0.810189198815771
-0.572448696806275	2.87136802528113
-0.335626323444319	0.623324509022326
-0.494885363223147	1.08929045452148
0.0775276913894706	0.100679608327437
-0.0411965144926904	0.0460114031186049
-0.562376352734953	1.05991990849191
0.244051960828741	0.303187013387628
0.436298050970024	0.592790860207351
0.417491159558544	0.347718325373301
0.819475125657336	0.344859844709171
-0.768944294866461	0.334721769210418
-0.298009498331406	0.136708670223186
-1.15907552995224	0.648798876745899
-0.517445645776464	0.427571907084218
0.188605836249345	0.12402065561353
-0.216240213481686	0.0698575300582443
-0.32131166890283	0.192777866067822
-0.184215219920771	0.205014872641222
0.207038401519606	0.22410755667247
-0.162684579462973	0.150448624909994
-0.0963670865927958	0.0565526644251676
-0.433158902418389	0.480199442057386
-0.0975367921172222	0.0386896573988339
-0.26073274151149	0.328146375851991
-0.1117877728172	0.136766252299446
0.118593292769388	0.0908874496986774
-0.203893597953907	0.152649430902969
-0.129259019144272	0.132371243414966
-0.347064599193598	0.472007733044952
0.217140508580727	0.224584390379261
-0.292529738789125	0.353144013209212
0.0781520640179526	0.0646637817646472
-0.217190970614447	0.212135406671046
-0.523555563977462	0.608703283473725
0.0384683335550175	0.0393980602736091
0.104834117808271	0.101256435124175
0.360065024435862	0.442147271993162
0.291507813824523	0.262256666733885
0.220877231784943	0.190833810103118
0.331594948212618	0.370818272100097
0.395961990791637	0.429836383967051
0.0261998051324757	0.0251922982902195
0.535648797187109	0.78730609600586
0.517330249446056	0.698522701377081
0.329613937104843	0.416357807870744
0.00106662295185941	0.00104213359001491
-0.707312833202495	0.722231693596105
-0.627442488708634	0.602502128231545
-0.306495360202862	0.140853818501813
0.163680486424242	0.0554863922082261
-0.215417270113509	0.0695361432210389
0.96553120041003	0.658987438492573
0.180183001545822	0.111728945665021
0.0606353190770876	0.0472603065373091
-0.319374286787753	0.191426330342688
-0.209725584442187	0.157519553267261
0.0298216415370427	0.0163950725820702
1.25369573279026	0.87335115039872
-0.53856862219318	0.341564685286051
0.949511917528176	0.252227362219882
0.670977551868057	0.213013404742869
-0.124625656276111	0.0866767610462084
-0.133795961272307	0.0755670667686616
-0.760663837494611	0.330432690881567
-0.0113724413134058	0.00553267723018173
-2.22902578779337	1.86889861618689
-0.46252700513213	0.489296804860877
0.141538839815946	0.119474880449997
0.125677005578158	0.102279089079302
0.0490464536395622	0.0369935280348446
0.317739414925761	0.220041101396945
-0.157445388110958	0.134022441857593
-0.39684548468243	0.423889368494487
0.348338945840401	0.36010705796954
-0.191212898165172	0.21088550022614
0.272094625424456	0.268393245535831
0.00470608430657261	0.0041047890475689
-0.358993176236724	0.359134260515357
-0.0560229391144791	0.0503425224291662
0.0267528952653403	0.0187984571933996
0.552256052964417	0.321506246093187
1.28446067249065	0.710554767003106
0.533381423092331	0.191857858909081
-0.439815472962796	0.29097718662207
-0.595269771551567	0.762753229174185
-0.215545653816096	0.194315913700047
-0.206052039788775	0.172522057848411
-0.911858070699249	1.09064434640105
-0.116369582916699	0.0922904782896468
0.424553992927993	0.339281516207943
-0.0708694019389325	0.0507576748062277
-0.261933124707861	0.163933447062495
-0.136637127036391	0.107127941546302
-0.223940033980123	0.184516520174498
0.0470219007052032	0.0275788024453523
-0.63270382516071	0.647262827873961
-0.301005765971263	0.138064788402368
-0.241514943752887	0.178152104889983
-0.242745467279499	0.196315649651127
-0.723582232602123	0.96219815062111
-0.56783180795396	0.41369072383436
-0.48805828129302	0.443401812682874
-0.149029351696428	0.114702787438043
-0.0928356602332693	0.0544272931373637
-0.215626826601754	0.139544603832486
1.36872388732296	1.26985462180494
0.0884129963763384	0.0578758656008443
-0.11983155295438	0.0831972225840979
-0.0299628254738883	0.0190757569477158
-0.518884385276101	0.429228631537774
-0.0350436804289957	0.0163131068421078
-0.506391345778045	0.382756838729008
-0.103515865704504	0.0608242847455678
-1.40438771878404	1.87711484201781
-1.3380697069418	1.53563229144669
-0.553353859779377	0.500058122244124
0.137480876394989	0.739462949700153
0.0564148293148136	0.191227944417325
-0.207347011006236	0.848414875795711
-0.125710448934235	0.397174319170522
-0.212942276117185	0.644965870566327
-0.386429304824636	0.745389888005816
-0.387747308715347	0.7814353080698
-0.0806359156001744	0.0834187727421189
0.0583262559535603	0.0695071810136037
-0.0311641526862089	0.0366307813260365
0.197666515771572	0.229594500373871
-0.311182992141439	0.413254810308215
-0.0622010308753196	0.0655065880158984
0.516930352599089	0.628604855885326
0.902181337490129	0.9252397754517
1.26206220724561	0.880896522962246
0.67196229909328	0.213260403734251
-0.719194825953782	0.246846541949292
-1.44315740192027	1.29242507131219
-0.235684222738266	0.117930027313992
-0.317462733560974	0.190030220343168
-0.538167272735699	0.341237197530052
-0.0289931673328987	0.0246165792239292
-0.153307890517324	0.140741621221216
0.121464578930794	0.0960150101803485
-2.3372165793292	2.1247459721593
-1.1188636071563	1.45591508237831
-1.32509740051107	0.83217612320521
-0.112832080260854	0.115471492850465
-0.127871702178651	0.139593826317064
-0.407476215972321	0.379314829781861
-0.776084892184363	0.726303133546691
0.893949313291873	1.03662814704249
-0.0613382026242226	0.0447268852310247
-0.707065751493952	0.674459195495752
-0.299504278886751	0.283537794515001
-0.775565135406456	1.16263356162244
-0.428349602315914	0.502477994864171
-0.670834805895308	0.779669798551519
0.134222632173655	0.112748274331039
-0.142949666243982	0.123125673095283
0.285187708961533	0.283922589491131
0.155289816013628	0.158726212186443
-0.0417636944500515	0.0376780000288145
1.32569648915547	2.50419185734286
1.14213600928497	1.17407340273502
-0.108516289032074	0.0749567456702053
0.0321228060063007	0.0273332553277813
0.26052431007434	0.271909876056972
-0.104830790860955	0.100845626010813
1.14896950158981	2.07400586864827
-0.152279841691499	0.129157841488171
0.269406048633313	0.26523127962187
0.665067740252378	0.806653616855938
0.311099745350872	0.236902902160561
-0.473150652937331	0.400308059831857
0.170665709008169	0.0990291340760258
0.338681634966651	0.189367759901706
0.10598783022252	0.0756378395221461
-0.0674632063658419	0.0409362273420638
-0.0577273503079668	0.0251378685421894
0.160971399760966	0.0780919391270221
0.329574449286205	0.200702259908748
-0.52531028201549	0.199041456087563
0.154514692286149	0.0670936924901878
-0.712294437154192	0.244204737038081
0.156096177497257	0.059919986762722
0.338811464244778	0.207010667827951
-0.780436440387851	0.731707369583193
-0.282635974348665	0.226777862876034
-0.258886098880459	0.161808483004871
-0.466344319765425	0.393211044117178
-0.0354822110750135	0.0265711194763841
0.654952695932235	0.697627322970163
0.203915316968278	0.169294931763081
-0.784294142988257	0.602673956572867
-0.457027997424293	0.481693142632718
-0.382321027464582	0.484258139014511
0.368391509236945	0.345112684561299
0.266832236758678	0.262040944255956
0.00776713609784853	0.00588028965718083
-0.367281223116763	0.316515558000604
-0.240905018901896	0.21571304645749
0.489214161053162	0.453884857397731
0.336091312107467	0.205163500987699
-0.627829060935039	0.153504607197422
3.26452213570095	1.12136276907474
-0.914753089315278	0.669698663098522
0.206431393694468	0.199493588585409
0.204294289040798	0.153822111159477
0.421122169467512	0.33597749633314
-0.378326872934729	0.259868238181069
1.08940682296043	1.28147172946321
-0.238158568278251	0.175387096554089
-1.26357749512261	1.37539785653121
0.961997125413993	0.953321336718247
0.0881231059813994	0.0576665518903393
-0.661891612210764	0.462882119727219
-0.231836841543249	0.170159829074111
0.0876276993196647	0.0597654062515574
-0.687452035206888	0.601327802541784
-0.61300015332757	0.545282459557211
-0.991910383307717	0.889732878540469
-0.381081234109514	0.299242276436717
1.03758385642458	0.987118077997309
-0.844025744846236	0.95923943358275
-0.253864311417336	0.22926290517344
-0.425335047108363	0.326375401136919
-0.331865947231824	0.235580296328211
-0.324475390714567	0.194807034786932
-1.08796315282621	1.04631687890449
-0.23702181945096	0.118645904673959
1.13807157186775	1.03430104269906
0.797507441355336	0.480144706249764
0.696851684035903	0.326735848657766
0.155372593274282	0.0528040448022981
1.45476541507032	0.482531337515686
-0.226803794676283	0.11323424250014
-0.21850465037473	0.0705347750739078
-0.386022327495721	0.160712410586552
-0.789435045521893	0.522862976034573
0.662393130904898	0.474685790954528
-0.914794871838929	0.669826461311405
0.611458353258866	0.464508390548541
-1.13164353873384	1.25244398812598
0.157157040273173	0.88175623964059
-0.100415516498948	0.419038883585879
0.00745105173036118	0.0198528616520654
-0.4357354298272	2.41284618212755
-0.249928863457582	0.465928255029697
-0.225575665964592	0.458266441394695
0.129754592303738	0.153863504662761
0.163320496182768	0.206925072199184
-0.0375137685453729	0.0341831874317734
-0.101627382005742	0.122082844434062
-0.0158604794735951	0.0186979649352685
-0.715735979785013	1.39023484279462
-0.488386619620915	0.77111163236077
-0.26638231349438	0.365769129173708
0.314585303348616	0.354282888822289
0.292652050197564	0.255501639992491
0.559634766680873	0.327235265547603
0.533601873830588	0.191936039776769
0.534451222825175	0.192245698269146
0.404053080970234	0.183058046780863
-1.26636163986412	0.56960819755595
-1.21466793173399	0.91578378518217
-0.341581022610314	0.0983147602836231
-0.0675760066030708	0.0603273614862023
0.475129846176453	0.453734681730281
-0.482449598323127	0.252828185341853
-0.235269497347068	0.11775521841196
0.205357524838596	0.17072583465491
-0.97432550347234	0.481515569107355
-0.476456912974485	0.697754204039456
-0.486149195079673	0.363833158022834
-0.160039709730482	0.136478497765179
0.209028244848197	0.174207976587811
-0.178945177023736	0.119009768517785
-0.000624645205193458	0.000600567841889049
-0.312073762757641	0.298026346353685
-0.0256341994889906	0.0217391300573339
-0.0172722511827877	0.0144708919535166
0.572298699273333	0.684316792827913
0.427417309551141	0.538293952615674
-0.482597600568302	0.539390339635053
0.555338441377411	0.737239784037819
-0.269708276159769	0.32442018473363
0.0813596666008858	0.074554667616209
0.0955017054199129	0.0626781943169257
-0.466022114994208	0.457389558726589
0.506360031569991	0.641297747614166
-0.512144632885629	0.629611803969359
0.276819768882716	0.286462083701494
0.450394048499017	0.658938136115484
-0.249374306101725	0.275436130942595
-0.375153176590869	0.428089910817806
-0.162947581131434	0.13921698561736
-0.491888100446645	0.369379772714118
-0.22988225664039	0.114851320463469
0.0462834100539578	0.0338181699888743
0.19868530528361	0.159598117752633
0.181669113328489	0.112681296255597
0.484110053175572	0.332476753004313
0.405044368808461	0.183531990620571
0.531842803938449	0.191317098366628
1.33923766564693	0.587534294313214
0.169243421337987	0.082313137100423
0.155372593274282	0.0528040448022981
-0.708982148434469	0.769541536323722
-0.156873353198904	0.107220857292352
0.304217021514986	0.240867910733564
0.161315990257795	0.0864169030132147
-1.13422470394875	0.343215945535417
-0.467897598355975	0.551728514530493
-0.141026620361509	0.133062926449952
0.640587518436783	0.789479619542884
0.552805249946512	0.564849384722047
-0.465219346726015	0.456334605365962
-0.103509800800733	0.0901716034776604
0.895935177262453	1.21669973044005
0.367253830568687	0.354286442398111
0.213633067945343	0.188801159174742
0.485350537215011	0.539815359739009
0.00927005757960066	0.00731438584153749
-0.0713953649412414	0.0511390264441677
0.803710414976863	0.641882306010388
0.163413249256128	0.0487677019311828
1.95706969381346	0.441073865263096
-0.280489597309379	0.203109086600381
-0.0909925927168248	0.0641285780759434
0.129947423506161	0.10609760791103
-0.687570610606243	0.601236490898056
0.0837144945402959	0.0570483580747091
-0.31424773128164	0.187836243545899
-0.38714546911102	0.267069408713569
1.37575820875777	1.28095038573592
0.864694398707933	0.642310815827061
0.159935442363796	0.077707833429025
0.581861740118136	0.466830502090346
0.445673908764755	0.342135642582157
0.593677344197315	0.574150841574497
-0.00888281207704297	0.00573074115838336
0.0702535775952738	0.0457575008812831
-0.264406364006587	0.216835737102241
-1.98456918241694	1.38676053784504
-0.633417126968413	0.648140078566796
-0.999096688868065	1.18885679577208
-0.40020641571142	0.227141910359665
-0.0977388731607834	0.0573909986594778
-0.97488319956805	0.481856856064848
-0.7827544424097	0.599516770186059
-0.0579652837046718	0.0252560360664666
-0.29816052270885	0.13689177324061
-0.391096888732438	0.1629812476362
-1.13763654850025	0.987139103705504
0.159986093880662	0.0855848216029483
0.903221986685294	0.487727217314656
-1.59353116276553	1.22253108614475
-0.641790136292887	0.659874833437645
-1.03500663740716	0.828402271623186
0.0517849628971039	0.223814221471922
0.0582591206691475	0.231740014094947
-0.171970894454302	0.775590562323289
0.155032175200428	0.386795301042532
-0.245981040449733	0.713467030517512
0.0979641263376636	0.144678123508335
0.263271789563541	0.420628938673574
0.150525233770857	0.211625488980999
-0.0571898811335304	0.0702114759028389
0.0637074168088642	0.0785886342152684
0.190757348798761	0.265952485121216
0.366370827368465	0.692490228775249
0.549981132313244	0.872255243486537
0.283219065411045	0.245877792865656
1.46262485263701	0.916262008508183
0.825231183436736	0.347733965292547
-1.4786056941325	0.746430520194697
0.550001218701205	0.320056824862868
-0.0961958516660323	0.0381720029501695
-0.144969126476385	0.158685947531574
-0.506158062210788	0.797677051081106
-0.221644881808893	0.232645221309364
0.033586656103136	0.0184116979645059
-0.625684296824978	0.84850308637784
-0.00257367810520593	0.00169997667237301
-0.230627078003298	0.210072748882665
0.0592036778489824	0.0347578388612407
-0.602069814532366	0.662246780505308
-0.702036935163553	0.7151170549878
-0.447700354186413	0.412673755033076
0.0221383648266358	0.01793333533142
-0.699986562676191	0.665937990307155
-0.44438571427032	0.408750346563302
-0.582646919195951	0.601992540327723
-0.197824566357007	0.194072172643286
-0.0391285495613573	0.0329954709501186
0.308049614383776	0.358580168483215
0.207718320127699	0.232430733174344
0.0490179631599658	0.04294457238903
-0.455666883058254	0.532290794762472
0.0551949574942913	0.0503483944676179
0.0339360880913721	0.0337458945333095
-0.0187970523784496	0.0157420931614311
0.0509689018234123	0.0527805852335226
-0.0400754208902531	0.0249901558939511
0.768443224654812	1.02277451334895
0.138686102689172	0.125160255532597
-0.336643864496532	0.380754815107507
0.647262924612697	1.18491870617125
0.261581086823195	0.294917401339134
0.153359080439826	0.156583642121643
0.110582707726016	0.107338512237464
-0.471818448943182	0.609053142915433
0.0138775404444207	0.00695995558580571
-0.120826914089422	0.114055529644652
0.610149387522877	0.681174441698918
-0.0614454396629633	0.0372613649374228
0.171698054130003	0.0920754408895437
0.314630859372855	0.217738758889888
-0.142801753920347	0.0511111283728562
1.09120965405642	0.672029904450423
1.46300357532398	0.914832726807906
-1.32798030869829	0.833204433467513
0.0468230806316753	0.0342175118208605
0.202384260897068	0.157735854145397
1.0305712652429	1.55177530831978
-0.0683581153894306	0.0414926676159983
0.107275243181645	0.0766073886914219
-0.213639314943098	0.0690063709749365
-0.139034402758614	0.0498144544844224
-0.0183476354958174	0.00870151360311012
-0.133908892430583	0.0755702917813085
0.192660256509426	0.138776333402896
0.00887282380402141	0.00672792526177989
0.0421747314406138	0.0367881403601342
0.0272031200849192	0.0253666104553091
-0.141923154985063	0.131650351500934
0.8476995519972	1.10307933811936
0.109439488167876	0.111341740848968
0.886007024004805	1.39785563184806
0.0146660341427333	0.0133622289791694
0.62951942694455	0.685922298976887
0.21576271919978	0.218701257965781
0.372001158978555	0.443557883212252
0.0562472310667151	0.0437485929560857
0.506555908795461	0.554751750580618
-0.862888728553017	0.789082505868078
-0.236513666553758	0.118242910967544
0.66999328440441	0.21269616854207
-0.153335651873533	0.130122478461158
-0.0917645909990143	0.0806906883040124
-0.822127699462827	1.18569773670187
-0.293775451515595	0.237289595997541
-0.858673201214222	0.854911373416158
0.182226102957417	0.119419081778371
-1.03769919784865	0.830825076915081
-0.21743377408608	0.140791005168041
0.95789793605493	0.652429443826795
-0.774949335469497	0.662156524817648
0.283563974808514	0.238100896395623
-0.500807027284648	0.458359200857383
-0.399593839978334	0.370020189170815
-0.0472664240811906	0.0388511555502413
0.297007193953002	0.23420946890163
-0.544226951769253	0.489440311669222
-1.32466036674019	0.830987640513035
-0.094381974227628	0.0553570365255787
-0.185179895309447	0.123524260653387
-0.382295505650838	0.215564733954854
-0.223005949884364	0.14474664983523
-0.920188989021181	0.674840574475881
-0.0904432072911696	0.0359620371472857
-0.531428466584623	0.336063476612831
-2.11280587448127	1.62159398567242
-1.4472747107415	1.29848348606921
0.171970581339159	1.14097028360364
0.217721752973575	1.40656739556265
0.138894443780862	0.446554587065195
0.0054972366784969	0.0121957020530862
0.311543114806673	0.546738055088244
-0.198694250766376	0.325402002464686
-0.29130487997965	0.436386324436082
0.261433084658259	0.418759800159599
-0.113420396257262	0.158963512283504
-0.400444028894665	0.609290525728606
-0.107880004659856	0.10404879418355
-0.4191551932249	0.320360865494356
0.0567229269061765	0.0332662298079263
0.716135451313448	0.473721098249925
-0.849633459416967	0.906765059907743
0.493774826197961	0.340919351548887
-0.32901544141188	0.233289981823865
-0.00636244298625245	0.00410699303846338
0.131920997995446	0.107804114765669
0.0112018840547358	0.0113479205120506
-0.149211325775995	0.150808826311784
0.0252350677812378	0.0242552571879008
-0.0569534530763569	0.0248238997905419
-0.657741701807497	1.23546424859029
-0.0523614392948329	0.038047928306477
-0.101514325699812	0.0718811003458715
0.292141141980688	0.238490307960272
-0.147523289973092	0.113429785992285
0.046269673252759	0.034839971840948
-0.268000126389579	0.275684597161825
-0.585133744149782	0.790938619252826
-0.225698426270763	0.266965790844712
-0.993134797236713	1.6455533141315
0.0186003355879103	0.0166497593368249
0.303660881833112	0.352134022121499
0.094174751169512	0.0822867243242465
-0.14233092204435	0.148826566027965
1.21666877742519	2.97629843931555
-0.147366209375477	0.127302257351773
0.557759070760923	0.660869637239437
0.202639109422724	0.168210833688732
0.714388493427669	1.13244030743353
-0.0659786215060381	0.0640934656661556
0.588354637077239	0.827425789203543
-0.0316980085568453	0.0291420968480975
0.201451166496096	0.19796270011242
-0.0758046477467895	0.075236905416265
-0.0217514387034889	0.0182114829651016
-0.248242915426966	0.223375827984257
-0.115011076726135	0.0796539311652674
0.160969730994387	0.0546270291122943
-0.526121249951073	0.436734562524609
-0.0924214426925126	0.0738235192502808
0.202019303165135	0.177115620018362
1.50063544112919	2.5352966594769
-0.0456218249542801	0.0330735472180928
0.589602160362625	0.568738667369287
1.24420727985887	1.22372405561611
0.907420647136771	0.490856302415969
0.179466698945755	0.111215143926859
0.205950492141831	0.185700591314855
-0.369336555252235	0.346402059869172
0.11260156721155	0.0833893396110649
-0.134447888532281	0.0482194870091232
-0.38314628631924	0.263812263378658
-0.282308885759546	0.204621548811047
-0.672320790481506	0.531186266225461
-0.179482639545637	0.0962314980578082
-0.394817082850977	0.164570915301435
0.0856613243141322	0.0560398970527621
0.103961600219524	0.0741227931210521
-0.368321011867825	0.345247095545122
0.208242871890481	0.197160701008869
-0.24690657048028	0.25487828604292
0.121387784095918	0.118805611550912
0.324825366364659	0.401462621491453
0.571936501762022	0.730774333337944
0.142718209104367	0.141980551139717
-0.280559920429321	0.285201172776246
0.0671051784247172	0.0648808973173812
-0.225452824958148	0.262584829903594
-0.157251680439823	0.166782903954015
0.78495261513161	1.13639277348182
0.120754718287201	0.100510247710945
-0.902720945977586	1.44942061580851
-0.342196810869024	0.368668493494422
-0.324845253866655	0.229667232093418
-0.0173625202187417	0.00824298956439865
0.149050405593914	0.064717124903211
0.202795980859624	0.158054369211615
-0.46680127873415	0.581898341108856
-0.287253551470863	0.276560473141669
-0.895919498359682	1.06217779674495
1.06960437259367	1.14445589274946
0.0403872019005519	0.0237638236295444
0.337316229367036	0.188642274469568
-0.395929290838695	0.224333502379057
-0.0891084449307191	0.0627048999527705
0.196873577904977	0.142059652534109
0.169056541404668	0.0907237001262515
0.79724958602715	0.633653523730605
-0.590211111540026	0.479258661466429
0.285732578036178	0.263505871125696
-0.0881763605966892	0.0702501280703335
-0.208087832618957	0.186552982833061
-1.11503234787563	1.65430371701766
-0.66129024349304	0.462344674604706
-0.390119926908776	0.269325706112141
-0.391096888732438	0.1629812476362
0.361830002915909	0.182938023280471
0.00317056991022108	0.00171720178107913
0.0352617778327196	0.0193311426187212
-1.72835629497599	1.89189010925805
0.0632269595297664	0.30663804578205
-0.0191648134703893	0.0703007053897809
-0.159237583651432	0.794555787035539
0.18036699579957	0.335641650339638
-0.782421626162661	1.30534914681132
-0.327863147044866	0.483919610527033
-0.153430674750342	0.232868061830316
-0.625440527248009	1.11313847216665
0.518893759986425	1.0817061018503
-0.778843189782933	1.08214276089789
-0.279034436386363	0.304418427585996
0.772528318400387	1.28592094448437
-0.28854365278914	0.232343855558012
0.0461927659303577	0.0348044820093482
-0.53493628388152	0.556538134844744
-0.206631120791097	0.217952670704178
-0.168270212047727	0.169920528850865
-0.0771285773994008	0.0735966502560827
0.00500289986333566	0.00436221430219833
-0.241023645881702	0.310548413592989
-0.199126595817481	0.236420208241226
0.204865964217853	0.228676659737436
0.551721011484494	0.651289780402365
-0.356720779296257	0.450560714842959
-0.241655143790459	0.285668036537429
0.00259498424780413	0.00258549543094241
-1.45172847503007	1.30417973446803
-1.549345137804	1.49856419003823
-0.249629115925353	0.224818733330432
-0.111571058788822	0.0977796271170871
0.475959545307321	0.554632857197594
0.0681758848738447	0.0735500866757949
-0.651733788383865	1.02348244561919
-0.259732951541087	0.251044438287606
-0.105790252960741	0.0923200324890245
-0.152249553614478	0.14233508884717
0.184161940234996	0.220207731339925
-0.120184991073729	0.137912917357806
-0.0886829095090763	0.077835133950097
0.52030698482443	0.557752377127423
0.473210576087699	0.451412800221078
0.0886276142242855	0.0802231725084198
-0.0257776206133417	0.0215969924914983
-0.726266393879794	0.840042136878729
0.844848375428031	0.997893285992847
-0.561499019796555	0.62217749529581
-0.781320297257919	1.13209943309985
-0.625860815517353	0.764877982166273
-0.0324986469961231	0.0239261823254503
0.079467891228803	0.0518758970211029
-0.101966514751986	0.0818655718039107
0.206494679966001	0.190786549128103
0.84848201578727	1.10526501727701
0.775643479830559	0.865138837065112
0.424629875433444	0.446097449779329
0.0400134551190336	0.0291717616781922
-0.15109176309207	0.103021575188347
-0.116232375018495	0.0805752564462359
-0.525521298285124	0.611865432800508
0.00922997763806256	0.00626675560202078
0.207013930346443	0.186736903642035
0.308126023736269	0.234468275113772
0.630965531307522	0.595175936350682
0.302527159578216	0.257108881651417
-0.251139662407724	0.204307286283875
-0.40264328842929	0.22876685674218
0.626741726966738	0.682219330177613
0.287257416642341	0.249863797841171
0.0649225720635767	0.0403005923057532
-0.335131899577911	0.267446565186566
-1.07961332469748	1.46688565717927
-0.305962030896759	0.270697594823281
-0.261328480682241	0.21389818432724
-0.33254841890427	0.265041832368905
-0.194549655304556	0.176747093520356
0.0149200894289988	0.0100480411912432
-0.16793747155593	0.166685894788838
-0.11006228092076	0.0963412790800081
-0.122377374626748	0.132895175718652
-0.583334737366228	0.713947498957646
0.338920094199699	0.356561861905203
-0.0445245781154614	0.0365474826687286
-0.207095504473378	0.204705676507945
-0.0384633592013171	0.0355219788114061
1.18312376072726	1.90896872291403
-0.71103075903978	0.816233847847232
-0.635407042033638	0.651123132021061
0.143242234073833	0.124040084689525
-0.261512340356522	0.214056960936906
0.650849067839867	0.782758541691627
-0.259224632636817	0.250427936795121
0.13863974918824	0.12243557319972
-0.184970533146082	0.194741764266118
-0.780414574897362	0.789553352556613
0.328286882805907	0.215067763425863
-0.730561167618927	1.01585846929304
0.46519126496136	0.457470642840681
0.0827937800438418	0.0540979945269323
0.308358617263066	0.223975192812461
-0.309281517859892	0.142278850182844
1.09216758950391	0.673489342914159
-0.217782231361865	0.0703043786348636
-1.81367378419037	0.73893109819281
-1.3226643729985	0.82901434360373
0.153068665402742	0.0587995504985548
-0.176112821006663	0.0943713843731565
-0.0361171159419787	0.0266059835799025
-0.468873146605696	0.460880152290135
-1.48381146477455	0.750044721804023
-0.21984326569233	0.0709305957045652
-0.729656205414228	0.250803779141173
-0.720508771513364	0.247389608463745
-2.28139454167916	1.15341832500121
-3.46066411507937	1.23287376992561
-1.51429942551804	0.540079204882619
-1.13482941234436	0.34340642829894
0.0838135276244032	0.443046912351728
0.116621906799711	0.634409222344618
-0.08216241962062	0.229476537605812
0.105399137605112	0.302910100022576
-0.000118646464127849	0.000298828958175932
0.0945565560387476	0.153324201384097
-0.540235356357603	0.800714236320574
0.140749900381994	0.214259693212366
-0.0599201363447815	0.0579262185333177
0.174779028528585	0.101419389381908
-0.994128446010852	1.18087265510933
-0.63091663904564	1.05262298243596
-0.0585945145318137	0.0417606389762667
0.227566002814995	0.429827402028028
0.211967875660047	0.249384762455697
-0.358408789003922	0.54799897607169
-0.22522627643199	0.309883327302742
0.123581762860961	0.162572731152983
-0.0542858030069118	0.0487025968056514
-0.767695096636191	0.922850304130804
-0.0304918823096004	0.0330738239096013
-0.104752565362868	0.131786991356158
0.0301319932874519	0.0290438160479229
0.200039849783591	0.155682730220768
-0.0587820859534135	0.0256005112505989
0.689124452499572	0.718561409307056
-0.0929559043577866	0.100512367632649
-0.259471913634766	0.404445166353982
-0.628347365301396	0.153568930486371
-1.13482941234436	0.34340642829894
0.160803134128977	0.0406203249121647
-0.351758442844764	0.101154571200253
0.166084152255821	0.0418055330790301
0.15149212512635	0.065647914972496
0.150191405688354	0.0651484108905712
0.908743168185543	0.492371034415941
-0.787637506150626	0.605739083507528
0.205711158658503	0.237137550535993
-0.516843516935299	0.505269209925119
0.157212954461689	0.0603521678958182
-0.325523441468422	0.230381558455744
-1.21944558607127	0.921089426311519
0.0627727276536694	0.0389638818996206
-0.0138305099265975	0.0143982833862558
0.0501908415394283	0.0378569169000516
2.74880423905266	1.68797298408214
-0.767761488763089	0.3340892272935
0.178959113266738	0.110909501946595
-0.23434947196903	0.11726057356225
-1.02247246926207	0.405088924708776
0.359767996859186	0.181901069391267
-0.327567016822686	0.232097867208749
0.0395449376868536	0.0356972641854788
-0.236559331526141	0.21118913435615
-0.399732992000959	0.57295071559753
-0.232299026269274	0.245847610781301
-0.176861704359264	0.176838886098176
0.946202740470519	1.62496363533283
0.874175697948719	0.651704810387207
0.365932548948023	0.185142450367777
0.304567718017555	0.231289195316305
0.44306563893267	0.457703444730289
0.512312376982704	0.327202461088833
-0.0523729613232218	0.0380583971535083
0.332325889126458	0.34772219680182
0.349434763317687	0.352375877202021
-0.168897817809478	0.167887263684128
-0.111661883823245	0.097820379154598
-0.641216506721956	0.65925056091692
-0.522942333755754	0.433462310001799
-0.53472584583608	0.338814323781875
1.90996664515787	1.65579835344586
0.451345472575506	0.181617511347998
-0.00404960881303724	0.00263065361191875
0.515258573778224	0.329531007895081
-0.0856610188957436	0.0617319544249304
-0.138628985182428	0.09397880029482
0.11343930133008	0.108520681466499
-0.0686041034052928	0.0550519144067194
-0.367778370730607	0.417268356731736
0.357549708005472	0.180629289789317
-0.63921087000854	0.656473320530377
0.124765973114401	0.0959734514983945
0.0111759329144841	0.00756695542342417
0.0325398754744206	0.0178476931329616
0.137775436077338	0.118844462016487
0.608978682062288	0.778352592112812
-0.0315369683724293	0.0264783351295382
0.276702092265824	0.273497768509883
-0.0556055267141881	0.024247678985234
-0.326829006950124	0.231357464649949
0.200951659191601	0.180523706545032
-0.507705535282213	0.560122328107248
-0.110805199760943	0.105475443941779
-0.243886510429508	0.197456825662252
0.0749100567296384	0.0488489662042106
-0.0896329675329101	0.0356520261674301
-0.181128185471047	0.0972269911022705
0.291361433658276	0.237692230445183
0.91771460098719	1.59132596273151
-0.452527915868344	0.301315232379853
-0.922493764653442	0.677395728143952
-0.129266347744097	0.0729099367644988
-0.764348057314127	0.332483080084793
0.345042066790087	0.193064238009402
-1.59451839496732	1.22569798621341
-1.08498458008627	0.74165725121276
-0.572805684652312	0.417974712746847
0.255026711015321	0.300642135177354
-0.416122202927206	0.494621571043456
-0.63148601898732	0.645411832965864
-0.0153406002839611	0.0130911616527817
0.0496772157167485	0.029143767069988
-0.520581729618906	0.197148689128052
2.56627072603857	1.42791865752388
1.03919468846427	0.394181482456398
-2.57747759965585	0.66335545132302
-3.08118534013847	0.963229045953577
2.75349844687128	0.768381126605175
1.95791760701363	0.441280139896969
0.157402307591701	0.047080036463379
-1.13521969998424	0.343544374381215
-0.855261921276865	0.915683406698409
-0.536502368996777	0.340093585119116
-0.989410409305993	1.17262683691298
-0.788495600679416	0.606755811610531
0.942957371619669	0.25056334066046
-3.08559782341753	0.965445184573826
-2.57747759965585	0.66335545132302
-2.57775304544287	0.66318910114962
-1.13582369620544	0.343734699942405
0.153526628680235	0.0288819285189665
-3.76417793513578	1.49289621426023
0.0910155064315716	0.523548340979902
0.0468255102474912	0.200016378233796
-0.259299294599085	1.44180196090514
-0.160659320445543	0.743578638412231
-0.0960725225006258	0.342193269761487
0.163525409734426	0.686141530590836
-0.0645709672361447	0.103994593193459
0.255844832228396	0.321191234078131
0.128845239159538	0.216900417169829
-0.171546310878429	0.0918094478072448
-0.176569733703343	0.117355354351519
-0.946365424513614	1.82149706843828
0.0952402168013777	0.0676204744381783
-0.0992342908582678	0.176974069505441
-0.058182558293793	0.0685995273842688
-0.301602876878481	0.588543726658561
0.0879887535872275	0.118719198090041
-0.417935179528244	0.650548667318698
-0.570217948927499	0.871384472550987
-0.0847991390950509	0.0754406793236957
-0.4102589956414	0.349288232213312
0.156750976135323	0.175930549345509
-0.12933441651083	0.12293829758203
0.452246960052344	0.78219403469987
-0.316796996717144	0.639820722111303
-0.221152796397701	0.232007852025004
-0.496816854962047	0.521463402799801
0.168619601182209	0.0904820654160684
-0.776812045535472	0.784687696715511
-0.324305170858321	0.534010032053019
-0.628807341949763	0.15371861128279
0.166264119494978	0.049533131724672
-0.62503342749082	0.152907838403333
-1.48713345258593	0.752030395450486
-0.342904767182509	0.0986489157334515
-2.577202278156	0.663064687208724
-0.644688234295486	0.382015944040838
-0.772626639313122	0.336616262280627
-0.391527822013094	0.22162535872072
-0.00479335667776528	0.00455787200777259
0.199546655438404	0.187672656597763
0.372832792964564	0.189108148125419
-0.645985664568677	0.382775460586432
-0.1479006917775	0.0529122719445307
0.0976940693296029	0.0669252152873961
0.0590148247914912	0.0689711927265363
0.0811423173137681	0.0687905327733719
-0.29851088456123	0.136952888904944
-0.307836621566715	0.14145708717147
-0.144729016317789	0.0518086814678952
-0.0537825465256815	0.0234854498816434
-0.975701969459145	0.482325107667453
0.449988404832979	0.180899296766675
-0.256354818922523	0.108535954780294
-0.137176310323873	0.128928416326447
-0.722183387663674	0.877119516627251
-0.809868159800525	1.38636202106297
-0.24592763485707	0.240493755737417
0.00844267938695157	0.0075340807187489
0.203030547100593	0.207565708205
-0.138534185745195	0.118947519778632
-0.353284552513095	0.589180495033847
0.0597703893576766	0.0565643778721056
-0.460346091363452	0.647884740088482
0.0209476492728454	0.0183953979573024
-1.32282387186646	0.829283395942124
0.620423624593828	0.473659847072027
-0.412549336015579	0.3518930122726
-0.52485829298387	0.610672561671748
0.167840366841945	0.0898590703648685
0.433202581515919	0.444647935966392
0.381155337486704	0.603529338387119
0.496435637488208	0.556274831236783
0.129780059080525	0.1424275820181
-0.189321806196334	0.256439612963819
-0.26396921406875	0.189334087870409
-0.366934224649155	0.534973466297322
-1.21615327672025	0.918994249440088
-0.382493227895739	0.215637018704648
0.426708594709536	0.435989379129543
-0.666172312344123	0.524701409129423
0.197139451523428	0.142343138160137
-0.512441358323298	0.422223387259446
-0.919648450706675	1.67311019464974
0.0439758364014249	0.0397812999228783
0.333964929754355	0.389185857860344
0.171517117351145	0.099500881581454
0.0891331134735056	0.0930179257092218
-0.749598278352446	1.21241055685821
0.174044302611872	0.16783349727195
0.282491014984223	0.266986903936422
0.371741097275618	0.568728792886758
-0.205599940036128	0.229711450210563
0.0755093996814395	0.0820030520321715
0.569265117531222	0.865941478489754
-0.0144970038570515	0.0069507076906102
-1.2671457399845	1.38093965763788
-0.564980644214249	0.752668794084651
0.199876715943139	0.174996035688058
-0.0156034425749261	0.0149330097806542
0.113615241626898	0.129354664390665
-0.0844386795023789	0.0995142115516022
-0.66037105286612	0.988910089640498
-0.508780541345338	0.562361162015422
0.765778377163899	0.756211078301577
0.401910402644116	0.181983255731924
-1.02778844283048	0.407562375330325
0.458037256976438	0.448345693785002
-0.127081420741142	0.127964076789444
0.158140112403217	0.0768021272435503
-0.175257614108398	0.0938531740436418
0.95922816844693	0.654039364345786
-0.302515588736306	0.138831168276516
-0.486086372536107	0.255175134084633
-0.938543284474922	0.574411012931382
-0.777464355658457	0.422594045993416
0.296129699010117	0.242322480389368
0.01082921962268	0.0108062225548941
-0.10471758001631	0.115991470905658
0.0306890176883007	0.0260965593882373
0.0713718549613012	0.0791358954964319
-0.322458643935473	0.227775359877795
-0.604674335404369	0.289922736345541
0.162479935061762	0.0485106492306684
-0.726132227916529	0.249449469641422
-2.57747759965585	0.66335545132302
-1.52345223679324	0.544002420480053
0.450442155521912	0.181256071663712
-0.844516019634257	0.960006494788523
0.326844249697586	0.213977747069395
-0.416086191351856	0.467325721188575
0.967657014430984	0.661546581153582
-0.285573483671182	0.381322961199413
-0.290059273689049	0.319056884127463
-0.628347365301396	0.153568930486371
-1.13461598703551	0.343230613786831
0.166311360817904	0.0418484681801843
0.153526628680235	0.0288819285189665
-1.51688545813115	0.541086496398081
-2.57747759965585	0.66335545132302
-0.624566751454544	0.152757086863399
-1.13678833986081	0.344070782443639
-0.768332039831378	0.33447145183148
-0.624566751454544	0.152757086863399
-2.58120409692147	0.664991486920107
-0.718798226358807	0.246701955031967
0.0335859313082819	0.148931243595031
-0.167727973694847	1.0426685106797
-0.132395163682413	0.681277100692588
-0.115388299104264	0.449682816316091
0.142493199736329	0.569478942660791
0.216660935841381	0.487581643815592
0.0524926734713652	0.0590328029309313
-0.210977351920608	0.393647871077299
0.134795032041943	0.166369785420433
-0.115624592075951	0.202109628326485
-0.140728276327518	0.0954855777391553
-0.425718927196669	0.420552381637865
-0.128047176129552	0.144543531335505
-0.183270840458212	0.181114687956713
-0.0780261592635961	0.121613389823964
0.605080932096806	0.954607563420646
-0.0118695420288067	0.01385196743679
-0.113785442643749	0.143169117576322
-0.230778524823128	0.270106158420548
-0.0283699893003474	0.026331263405378
0.211941304570307	0.209923433941997
-0.146319632157379	0.166080609692536
-0.376453371237116	0.258271344397394
-0.194346396719018	0.246674016797557
0.0217527561295322	0.025416537536645
-0.0711516371307215	0.0636688014346235
-0.254979497396845	0.264909366968661
-0.0486543986930865	0.0511260432346264
-0.415157658981511	0.756311655518614
-0.813072704459951	1.1648407097845
-1.08238493542953	1.26918726687842
-0.535436695710492	0.446547898294006
-0.108943003835596	0.0860002357971571
-0.473616585533583	0.767040095644739
-0.218958293525578	0.0706782121263062
-0.772001927792946	0.720969152553779
-2.90600769073752	2.14553465630244
-0.473799195592892	0.247726159107618
-1.13422470394875	0.343215945535417
-0.340926891852112	0.0981051026466341
-2.63142342852311	1.6130631563436
-1.79827400712943	0.382942964938875
-0.978453179463435	0.484425320262514
-0.599494205146314	0.872246358471189
0.472307077174431	0.548646716140157
0.556658197455442	0.324808183980346
0.403246530166326	0.182661858543197
0.511988975773474	0.327051373408534
0.27912863945067	0.241671732311283
0.200992726850869	0.250956773902252
0.402878759061601	0.439708334879815
0.789504865372399	0.474473010949489
-0.177566300459038	0.0951219237042807
0.716489126798441	0.474272176697923
0.041648568108292	0.022837657081366
-1.2716807533598	0.572793163347261
-2.27780018619271	1.15033627466324
-0.457992084580331	0.305543663913159
-0.709334920388188	0.725083196926203
-0.236185702297743	0.241651938268445
0.353544361916082	0.431784683081442
0.45544567444009	0.536366363758564
-0.00941897053297545	0.00804313781142764
-0.0243547746486744	0.0181623100928127
-0.828139304667186	0.989535314676109
-0.0420838873395545	0.0420224012513889
-0.292338292201119	0.256349972822374
-0.0118984138918201	0.010150348945783
0.0930999625312726	0.0829051863512307
-0.135647042647589	0.0766634197443838
0.031216323522862	0.0171327156658653
-1.14919865418909	1.00260182512629
0.840914544204146	0.990801377014539
1.00858418634264	0.832234310012698
0.2175761702656	0.192703994788761
0.474551361549916	0.552397676682262
0.340535894872467	0.358677718886665
0.0269912481024383	0.0219038749284575
0.271054752896497	0.290973892901572
0.180359718126207	0.111815354535898
-0.517455956882525	0.506046880886537
-0.520055969838733	0.738329811082967
-0.786245272362003	1.05132961733737
0.318531401782465	0.22081282395483
0.533625238491495	0.558024216811415
0.302600716001593	0.248520885956203
0.205554439302549	0.202490874580367
-0.0111441417731955	0.00840451134918642
0.109393537430437	0.0808843819465568
1.06556463023931	1.13755958343069
-0.0628243409599488	0.0567166708897469
0.421093668764685	0.453461063893532
0.957087797575488	1.16801166307885
0.716956404759895	0.726056792060414
-0.149184368917296	0.13644946509441
-0.2593422936221	0.264884462401479
0.441515903857936	0.538327393794656
0.831351426375732	1.25371471104251
0.801338294848745	0.762190377706262
0.579182293897445	0.578823513263123
0.0920971149436153	0.0835740734726632
-0.0447231482793136	0.0367127275650794
0.020129884204535	0.0163037547503416
-0.0355685058204514	0.0299365697985712
0.539228696322546	0.723424404194058
-0.893254145527141	1.47949200345482
-0.227193979779293	0.269068811708989
0.472881557860331	0.692481100387393
0.290613021881142	0.268758104498489
-0.376592780775383	0.32633576139523
-0.210724787268037	0.068070166638378
0.34611117726803	0.194210022658222
-0.52716572896031	0.437891187723551
-0.201222054249065	0.183678561988613
1.13728021253311	1.03356672678114
0.962954113211704	0.955183382858923
-0.319129799043496	0.19104009194669
-0.0904432072911696	0.0359620371472857
0.00654429983918918	0.00338920782873347
-0.512146849346214	0.193682417019057
-0.787495698803049	0.521889243903523
-0.494955757875303	0.372262438449218
0.0210808619916788	0.0202119582307376
0.377939757625255	0.452767364282319
-0.572550300498822	0.556401691238621
0.516979494498057	0.839933065855234
0.563636230849736	0.329826078965516
-0.147885590638314	0.0529408011142971
-1.27479878011019	0.574686410185082
0.152567656731362	0.0287430408348264
-0.514837284692919	0.194722873359673
0.948535538575274	0.252058145640786
0.445351897311158	0.179163843318866
-0.215417270113509	0.0695361432210389
0.0486867360179123	0.0285781216028506
0.156393196257714	0.075897579689069
-0.118878243719268	0.0824965502940318
0.0568730862089899	0.0333647165779434
-0.513659308842309	0.652770027411804
-0.628347365301396	0.153568930486371
0.669161192101413	0.212364907391867
-0.346820783252297	0.0997890928773071
-0.627829060935039	0.153504607197422
0.166311360817904	0.0418484681801843
4.72976864321802	2.88865155080544
-2.58120409692147	0.664991486920107
-0.0143898265696548	0.0568874265906917
-0.0123342802774477	0.0442066233535314
0.0585444932392925	0.176337121359941
-0.179979324754143	0.745741278239092
0.145327427950865	0.437100381354668
0.225133760338568	0.529834942848209
-0.0836255518114521	0.113323583123804
-0.00476293295566552	0.00494303670800506
0.251615998340355	0.416017485277154
0.583269860252248	1.17052465405267
0.0425380532341274	0.0526132649401173
-0.278513294515359	0.303576216809256
0.0850623187714283	0.0767797121172011
-0.352737734611379	0.382758540365362
0.518831313869917	0.55562029079815
-0.161485308889114	0.149191647786842
-0.293130287928901	0.421451611382221
-0.176773854807861	0.161832765192699
0.12059735092905	0.157579663034978
0.0637700331168027	0.0614778839272357
-0.0683224372850698	0.0664920160035767
0.0482105852134162	0.0430019608170004
0.14747164283236	0.133949526600818
-0.50082650072822	0.646280476539063
0.202057404462526	0.190373503563128
-0.20133686343841	0.214913400003423
0.212268959827584	0.177219997581683
-0.235846665066566	0.228965698550348
-0.416290378072575	0.546307874640905
0.0389509662600883	0.0283916259110866
1.18620551398701	1.7111005661311
-0.904107732711562	1.39638224699956
-0.741649051462517	1.19299344742197
-0.283292741910219	0.310100022389588
-0.169737408143896	0.168870171511557
-0.37530044146829	0.472766848203044
-0.498614000912815	0.523924417969893
-1.01735407284408	0.40279400157508
-0.261126573113156	0.163238772830809
-0.24661778286739	0.182451209441837
-0.512353993368551	0.193709985793353
-1.0198546198872	0.40400953786834
0.155572557197279	0.052867342174464
0.145055199072322	0.0629358846687276
-0.651012044752816	0.386975432048554
-0.444458255482432	0.294596145656827
-1.14291746753068	1.62369707100716
0.815526787345858	0.888862885125301
0.484577534269535	0.332861176581905
-0.0311728834591691	0.0145528752715719
0.308575548679696	0.212859674898907
0.189928865571152	0.124934298733313
-0.0826315954101618	0.0721996932537755
-0.850224016292025	0.90790080753814
0.169050169640938	0.0905837542464818
0.157831372779687	0.0765247051495202
2.08094703658894	2.62945439651426
0.472526800612113	0.32309680390103
-0.641050214784188	0.379023349169458
1.7782687798751	1.39555996319133
0.807554256724807	0.769871834499481
1.05434465142439	1.11963355369909
-1.03307734269405	1.52917412647174
-0.157497869250515	0.145077620679725
-1.00695994111609	1.37796608822117
0.0970919214468683	0.085017777610305
0.128821959638711	0.107783214451126
-0.354008207193957	0.352888464732818
0.478508195961371	0.544064251229381
0.366336472322968	0.363480230520097
0.207602612390376	0.172863024856633
-0.42093371534353	0.414408158495748
-0.652962530474089	0.454489132355594
-0.239695728841783	0.176615687636297
-0.446449933455882	0.411189178997286
0.618155953738653	0.471015661811022
0.594490887352965	0.57519706932068
0.368425098043224	0.334044146831244
0.187819153035377	0.1349057769395
0.312470460248189	0.216006797233085
-0.0100980110907178	0.0064898638748975
-0.774694776925051	0.834667880588201
0.187679943759536	0.129292020042289
-0.0155697202727923	0.0100155990280959
-0.658645180817373	0.760006900636765
-0.116051010774112	0.0898250316629782
-0.239566371082323	0.176634947124714
0.00519677115689591	0.00272878893110178
-0.0471258645124085	0.0293675348285952
0.0891827364111431	0.0609016994025835
0.368825407656446	0.345485641102486
0.0298883988892308	0.0164372033483941
-0.275985421596457	0.246447358444584
0.0859471776679737	0.0562161275986645
-0.100809745407684	0.0591861880653355
0.173375124357663	0.100658142085554
-0.152002079508943	0.103683919048044
0.0997302404198559	0.0683735634389883
0.19046825812724	0.131363323085476
0.192416845469046	0.138607795172225
0.103710754080521	0.0739354178948204
0.0875848950272906	0.0619715551348131
-0.670097637091386	0.815640271436967
-0.553115079804557	0.49982607004297
0.582342277183596	0.467299919205675
0.607626574174748	0.592201431876038
-0.248558325275702	0.201735788561312
0.46268691380045	0.454359835544941
0.771345679682245	0.946303327036477
-0.365838585035929	0.342184960660132
0.482922554024521	0.446292571076846
-0.128149098325518	0.0999637452939387
-0.774332908850997	0.780973369451525
-0.594115143086249	0.760852211733276
-0.18010992157888	0.152070762982831
-0.415925262115426	0.35546717321644
0.552155308379048	0.462565712757065
-0.387957578654561	0.267573201394162
0.300125882591093	0.237103283677175
0.300116282982177	0.227401275047984
-0.333172771642026	0.236650915646464
-0.142207514098902	0.0509041851864348
-0.792355284030994	0.52568209323888
0.723527971504351	0.480546834652957
1.25111146572548	1.06324455251236
-0.389020895129077	0.219846878214498
-0.674044004502249	0.533012215468146
-0.273366622965277	0.197220217316663
-0.1360291263196	0.106576749115123
-0.77922869118888	0.730500495538679
0.619207104517063	0.472486162282483
-0.570197949500375	0.69119112342429
-0.175677424957412	0.116708599839012
0.165704597093625	0.0417255219351786
-0.215184417856504	0.0694920488130609
-0.213407527517472	0.0689186426519193
-3.08606373064433	0.965887782759055
0.691102097433656	0.323613794540089
1.33347669524784	0.58444008385038
-0.783224098767035	0.517990219764631
-0.642511009645934	0.380710730102905
-0.374541309446006	0.293071912174655
1.28446067249065	0.710554767003106
-0.409670610971116	0.381774367203935
0.678851289250749	0.215426557227367
0.157771079018536	0.0605593318935867
-0.628347365301396	0.153568930486371
-0.0922429931852346	0.0366585321112953
-0.631960666018702	0.15447017218279
-0.216468117878063	0.0699098638062388
0.152730409176862	0.0519118678167454
0.0461986349468069	0.204987424149049
0.182503912161284	1.0843322853746
-0.121529435307656	0.562573366759133
-0.633238258437888	6.50862134545065
-1.0159827406045	16.9970131108389
-0.521212366796098	4.22719864917457
-0.0383793980120231	0.0747900752187091
-0.107750900089129	0.171248330763163
-0.0983616581243355	0.131473475055096
0.12672702095256	0.200951923546334
1.0214597297466	1.80326079593633
0.17392472842791	0.195566982316014
-0.650429819399688	0.710347748862723
0.358555680961678	0.373172147452683
-0.201467133850983	0.183922372513587
-0.163275573438437	0.174011056350821
-0.0879986475614264	0.0892953635320476
-0.827997065285004	1.14817303253013
-0.0823256730391426	0.108177933980313
0.523634358818361	0.709890683882877
-0.166235444989016	0.189762702881046
-0.0441421208138165	0.0398878101734351
-0.11002840810882	0.104618635603427
-0.113526110464042	0.108288903082804
0.630066670015754	0.771119895849528
0.348145201999754	0.341322079616124
-0.661307065630827	0.726643250383694
0.361149172510695	0.435525232170808
0.58474888571824	0.754614285168934
-0.252886030027786	0.205933045614357
-0.204145646608186	0.152803002445891
-0.478318819516392	0.651930413233608
-0.732086515584891	1.05801882153217
-0.628895756382106	0.604122225616364
-0.390908828073348	0.48933146692363
-0.257110761328013	0.20994514098944
-0.0959254567414542	0.0993596760695227
-0.533986309368199	0.555171543922237
-1.13849388307931	0.344614401149477
-0.514837284692919	0.194722873359673
-0.516096514132394	0.19525236723075
-0.520991604825621	0.197343930777988
-0.21049146922482	0.0680355104001863
-1.14259906954667	0.992893906870417
0.146627508937176	0.124161078546925
0.991732086055434	1.31207345091779
-0.59590515726783	0.285119035258114
0.955296446707601	0.649868532969745
0.44861929544641	0.180463611735978
-0.640547773157643	0.658211327931186
-0.818303844623597	1.1778043521956
0.474476260830403	0.453080208317429
-2.63690494977973	1.61912556404931
0.0539883718930099	0.0316475316875717
1.0119190523176	0.836376083276742
-0.455732504316098	0.303676577985936
0.32287152761363	0.211000624380352
0.696047588021093	0.326279767661231
0.658485872888022	0.471153641127893
0.803647281829505	0.96633246503301
0.278272928203806	0.248081176914835
0.382572854383764	0.349879456539969
-0.5571939529118	0.615682318736693
-1.28565727586558	1.88513038543859
-0.337494053783496	0.341419860069792
-0.109916066691701	0.0943873551198146
0.434836099869151	0.446842658685604
0.308506420115472	0.234801850226768
0.118111570458369	0.0877255949313259
-1.4698542916208	1.02566237054535
0.193898322924059	0.127716865670625
-0.0920277746341759	0.0539591948036833
0.370168382865905	0.347096682137515
-0.0235736571232107	0.0150263129950525
-0.0709401951374298	0.043055723380923
-0.147649810233647	0.113533556634242
0.618671675721295	0.471911223938211
-0.279543175019399	0.202321499465536
-0.0109576018154329	0.00827751737986403
-0.375145245384395	0.257305197040423
0.177096946629189	0.11586312283873
-0.333028043190004	0.290655472116228
0.195410350646449	0.140990143579258
0.426885554922047	0.341370148348668
-0.398183176032332	0.368473725672516
0.721664058054606	0.478279137087491
0.944043506911938	1.26811668441125
0.0835560730147814	0.0546159194576709
0.53818891246656	0.470349181748286
0.658171284408221	0.470531329914597
0.662356811122146	0.70867239428217
-0.335216547671643	0.293030898507396
0.18894668287479	0.150793182088587
0.59231399951225	0.572290874179798
0.0135584468121704	0.00914018319244566
-0.267892485574716	0.168048253518392
-0.397134095829521	0.396625498161516
-1.14166746133622	0.992748819194143
-0.267219593243373	0.167584402815654
-0.999905816550512	0.899862666956773
-0.0529811698360231	0.0384987547916411
-0.274587456553135	0.198153789320411
-0.0597606472235234	0.0435403444129377
-0.365702338613215	0.342216403550058
0.124255560278449	0.110835152039651
-0.154710308719802	0.131459132062849
-0.767412215281147	0.969173927902503
-0.903832843729567	1.14077797498379
-0.252139867119068	0.157009161176177
0.163521658013219	0.0794348340914224
1.04013113027032	0.990601819886385
-0.46386324294294	0.390532069629668
0.408622879842206	0.338761041444137
-0.787187631241634	0.521063235910338
-0.685830592157623	0.598552154535045
-0.63903226642401	0.377990927884998
-0.767761488763089	0.3340892272935
1.37469131855665	1.27933061119781
1.07268690218312	0.520204121845623
1.25927745301409	0.878869096004331
0.311941900084528	0.227048287923807
-0.361324318954838	0.385407586308007
-0.228160392135139	0.1885098012837
0.345140700572288	0.211477941643452
0.0183743422822038	0.0148810658151658
0.154013634311518	0.06687398354569
-1.02205798388654	0.404922502702426
0.665738591316948	0.211247784564273
0.406377452037962	0.184222958311821
-1.27479878011019	0.574686410185082
1.02836890899977	1.23949436203046
-0.600453579581287	0.287542894724283
-0.579238300683352	0.596978553971396
0.337428650224925	0.206100775854297
-0.52251055869396	0.512428641276878
-0.641397178121811	0.659499817353758
-0.6282908079904	0.153557595992093
3.26452213570095	1.12136276907474
-0.347480099168433	0.0999933239977275
-1.81870429132264	0.741743820146927
-0.0487380810486313	0.21913414683451
-0.265337615656796	2.11896423861138
-0.624057675278877	7.24131563677539
-0.840675849256161	12.0269409300603
-0.130676582370879	0.461051137420813
-0.0955389685444445	0.122284447634164
-0.107025591957924	0.150757000255944
0.0913948756144456	0.0995684274535118
-0.263677196641318	0.332795535546431
0.0124604336317575	0.011122537785008
-0.198869998335694	0.211943102154565
-0.0668571651568615	0.0536558415939483
-0.257943803062808	0.328437543044066
-0.108266840638222	0.0946110991321855
0.065017839771308	0.0771968877981499
-0.313652197085112	0.319468496618945
-0.0941545573441391	0.0985548720376979
-0.630589116147165	0.916945195514651
0.0474787566584618	0.0423297938438961
-0.675593747304104	1.055608207788
-0.979295487742121	1.52812984723254
-0.293569680423035	0.339563694280299
-0.239103830786398	0.213791800276957
-0.295054484943811	0.341678852553818
-0.0770742226794955	0.0755801929720014
-0.335613615362359	0.359546679272764
-0.165436823706655	0.186180262998903
-0.335211459522254	0.316559702362804
-0.0776730291003319	0.0639126192346795
-0.37124888812665	0.290039370668349
-0.566982678872618	0.730998391913316
-0.228182362078079	0.25177846141975
-0.370008983971525	0.397525624835506
-0.762761619889617	0.960766543985948
-0.276676474369969	0.199924180279987
-0.765272653406876	0.332629321268392
-1.16305429075171	0.651431133105286
-0.14078756650129	0.0504046952906822
-0.211147146065051	0.0682441817050335
0.162661584865919	0.0623855960269086
0.165259276641578	0.0956845891653464
0.396630275203352	0.179436309889633
0.0270896460175273	0.0149666492226511
-0.514696331797462	0.571010711751551
-0.111637367440881	0.0772109432767363
-0.897326188491764	0.74893691692233
-0.927425267517827	0.682305301130726
-0.450373173026961	0.29914388433122
0.633653555700239	0.692602227328532
-0.539816674055323	0.634515576849446
-0.173520723458691	0.115164288977431
0.159521031740927	0.0853104997166767
0.964466722119571	0.659476495308733
0.0492250027337254	0.0288922710327255
0.860394332544753	0.788523204156678
0.317471078181935	0.231736638443921
0.481806583763822	0.33096041415584
-0.134700238507942	0.0760959163340674
0.975880249556556	0.972741454168979
0.366784328422972	0.353855702442642
-0.30332537966951	0.313543888474931
-0.629990510791848	0.803727219474519
-0.36865529343418	0.345551797163426
-0.106038254872035	0.0925445937267142
0.701806196593813	0.6172043557547
0.248424728085776	0.26696024328476
0.619207650659073	0.69489231158959
-1.43321419765534	1.52778460177768
0.194119023103298	0.139909328910324
-0.143515543562042	0.110063772941074
-0.0459884093614387	0.0286718252316695
0.192504448800447	0.132928018567688
0.451697032249781	0.327517391270609
-0.899585624692245	0.751564880926372
-0.0529681386305643	0.0330354559138312
0.0822666795905691	0.0537131082505221
0.130996112144438	0.104141745352828
0.572490425888023	0.569558605159826
-0.685969843827747	0.6469839366773
-0.419256169333189	0.358900847100317
-0.0242048949160959	0.0153866188687868
-0.861135168221288	0.924800353285663
-0.00215740388647008	0.00143411036982391
-0.333374975682576	0.265768478985569
0.182646327449471	0.113266500576871
-0.639566199525164	0.656702678713445
0.443622381947331	0.34020755263308
-0.787565828943259	0.429930479599503
-0.623587454322889	0.597351620902291
0.346509752429553	0.357736059016046
-0.181321892251571	0.097276596900543
-0.332364568080493	0.235998317842409
-0.3177207976341	0.223975790407965
0.632832288324381	0.597915569177758
0.906583727025386	0.931559568223066
-0.0205639831385172	0.0131264032314585
-0.0780304029447136	0.0560168160227706
0.202250184276348	0.146344965250885
0.20447352949045	0.169902904693899
0.189759363113968	0.13088215113191
-0.121177686507543	0.0842124582610449
0.627441291867965	0.591152451649465
0.283418829535755	0.26800380104176
-0.0206805326339741	0.0131993036251809
-0.637948891408487	0.654738914409896
0.365272571065932	0.330294228054806
-1.14660795311286	1.63127080836432
0.131683957701893	0.110427063645689
-0.65722912115667	0.720288906264254
-0.215463258898337	0.139392264733439
0.51229232189822	0.327164283033691
-0.393866114888963	0.222787381717401
0.00366811986789923	0.00225430668479258
0.317471078181935	0.231736638443921
0.101732324466282	0.0724482001954192
-0.0944035655803676	0.0666359341767598
-0.565522030987981	0.411544213587079
-0.130570276545592	0.0736630981089396
0.321206239740163	0.20984831060459
0.183893284202086	0.114090440646789
-1.21792295622985	0.921287258397118
-0.613670999507599	0.546075605736951
0.196567379810577	0.147456330701512
-0.425611117499284	0.32667641610505
0.155681719862338	0.0674822935913888
-0.00676840403338523	0.00436736066880135
0.177043781885099	0.102853265060796
-0.785118125519786	0.427844945234342
-1.13910410688242	0.344899734416028
-0.145068690411639	0.0519128737160176
-1.07963182803292	0.735847597389362
0.695242860337328	0.325796155950588
-0.0645087126157681	0.0391266234702015
-0.199020637114659	0.148542363542679
-0.450796451983585	0.299462344054438
-0.553173349507568	0.499908338334789
-0.464564979321945	0.455500296134176
-0.147076152891941	0.0526308419632966
0.535334953780092	0.192566688642047
-3.45598446335482	1.23025555319821
-0.721072169669292	0.247553433626533
-0.147668894003962	0.0528350865223225
-0.0944152775936752	0.0374478151240738
0.166311360817904	0.0418484681801843
0.0553375690225538	0.26527831011746
-0.292695400692626	2.35963993553883
-0.0774602033473522	0.326052542572547
0.0919532170348844	0.355412957665478
0.105550751184661	0.173659432472218
0.162867051641851	0.201515425053815
-0.270299028754401	0.330411555498561
-0.176786889120311	0.148925842963545
-0.28997092596836	0.426027717433086
-0.783825792193841	1.3087482867866
-0.343794900655516	0.730101066319497
-0.238484501757476	0.306504609395529
0.0378510891661026	0.0423998723787271
0.171935556838644	0.217233714977468
-0.299462918891278	0.392951601221353
-0.590436883213277	0.827262977307094
-0.255179527412739	0.300556406848756
-0.593321014878402	0.832446867325114
-0.900660682035688	1.07092951693682
-0.603350850949776	1.0040287491128
-0.0530797280528988	0.0566150029522668
-0.34175549212745	0.407561818094489
-0.187353644805429	0.197590937736393
-0.56151796956733	0.788409541700855
-0.309435529011444	0.446154548008481
0.0125496471136688	0.00632821759696845
-1.42100583630444	1.50627401591587
0.929582784972581	1.35239347991391
0.322589277488997	0.365591980898595
0.176023379285188	0.108884561672108
-0.260180839521536	0.162686540475456
0.196175363141642	0.122326801863546
-0.114183313469268	0.0790787259638036
0.362503724784205	0.507190418182372
0.209256185620592	0.179454169128526
0.66329984842651	0.475537784952895
0.530010013953517	0.340682668433672
0.761491223992031	0.84323102944536
-0.102560215910524	0.0602743116604794
1.13178929735976	1.02580997303477
-1.02882890502165	0.821622697903312
0.699134575219276	0.614400307078252
0.478425629316693	0.544409864142398
-0.368452528550676	0.440138486238379
-0.392136434087428	0.390368968937311
0.022502603804842	0.0205712202369218
-0.972368175673192	1.2180488728018
-0.116223349050556	0.100224016955398
0.636730984291553	0.86219221147055
-1.09347820409102	0.749752579250731
-0.42746084889069	0.328406000035906
-0.0363205056957439	0.0267599578370353
0.834937259139326	1.17197185981676
-0.591484540900654	0.480609267340803
-0.652595823590433	0.750362222668709
0.211473508916158	0.217696734555462
-0.195217931796701	0.162196259344556
-0.453802761789412	0.510684316126655
-0.297374277024381	0.305954160631065
-0.765960839517947	0.82084423097022
-0.77332319971537	1.11569400606373
-0.0278933774032614	0.0233857241900616
0.0916629736774205	0.0875534065027001
0.517446744111934	0.645367106994507
-0.445190593283281	0.409756136181327
-1.13037278016902	1.24971370838457
-0.531026674223177	0.335727473626979
-0.721396449409928	0.832732750560416
-0.327009259033361	0.259598073596244
-0.377411889244656	0.327173847625306
-0.620569076049744	0.593560368334621
0.753495091862934	1.09894988059936
-0.500914462316484	0.589344679800122
0.202639782122421	0.163170767611644
-0.0451934207560222	0.0281736523657511
-0.497804714341646	0.522856232333262
0.919383319451401	1.43634085656483
0.470141610727879	0.447595047892523
0.619122260777178	0.694407884654137
-0.824680777979604	1.03767104188842
0.775731608844048	0.954154127315174
0.271690930734539	0.286105685442202
0.667004584317184	0.956426157586034
0.443622381947331	0.34020755263308
0.0772869544264227	0.0504096941454858
-0.11199521649873	0.0885790294947451
-0.857789042701913	0.853462653576504
0.261626938751946	0.267703524029894
0.942595011550919	2.08804391533824
0.080231751395095	0.0679834608555309
-0.00759243749136445	0.00649092784096504
0.00573300235550962	0.00433661704938937
0.249628662239502	0.293029055444484
-0.135874516652385	0.139835804710856
-0.27059185610239	0.257425385294337
0.000879674494151107	0.000502396061520493
-0.177889554413531	0.0953958122001321
-0.682540366332043	0.541928620651526
0.082380995276808	0.0538343640478649
-0.715678517004757	0.906834470139717
-0.638000523122883	0.377103644064757
0.0290637918943372	0.01601465416038
-0.328527724078785	0.232920718745098
-0.107944270162674	0.063529613135667
-0.231627024370906	0.115746234814009
0.173378039129832	0.100717593532052
-0.0374509103139038	0.0233670004727446
-1.33591879294331	1.3339017167188
-0.409102919544506	0.483787311762931
0.640210358380799	0.788858562933456
-0.768569022544344	0.772689511779818
-0.147858312611557	0.146832856944325
-0.569233651397149	0.41473254128417
-1.79827400712943	0.382942964938875
0.531363846710871	0.191052145580113
-0.143905854186937	0.0515385054799117
-1.83748423149439	1.15907066858477
0.402410506119435	0.346272361794341
-0.0429778448083778	0.0267993578959956
-0.488012078062602	0.443375738933201
-0.173524266593163	0.115133912493198
-0.426406752503574	0.452817938644539
-0.372927510910059	0.350479412172481
-0.140453125776789	0.0502912243623736
0.153247518839476	0.0288421886814327
0.152567656731362	0.0287430408348264
-0.627829060935039	0.153504607197422
0.152567656731362	0.0287430408348264
-0.343877386805142	0.0989458655028747
1.82382554957858	0.714761900200066
-1.79827400712943	0.382942964938875
-1.79827400712943	0.382942964938875
-1.14047026004454	0.345288312871852
-1.02558641604596	0.406837006708145
0.0637915816077905	0.297664562985303
0.16196897909082	0.94256502478537
0.0277034064803152	0.0447710030110336
-0.662615844627884	1.52628512759417
-0.10659852000284	0.149370797394749
-0.832881551099421	1.85808502855597
-0.710974186750345	1.11125544463544
0.0407897371318298	0.0458150234091373
0.262349681847877	0.274314955481222
-0.180637083152139	0.192600182533216
-0.0174818673690305	0.0146448244111613
-0.00971580441388141	0.00734948422368439
0.419770159589828	0.35007950774486
-0.188571074394512	0.183641072856438
-0.2681228422764	0.275852055627403
-0.605158766655299	0.697968017569726
-0.541429398570467	0.636822585211799
-0.696565946792162	0.973517995420544
-0.255711870342156	0.27889970850669
-0.636857462496975	0.847885897775411
-0.633180936128204	0.809597218527721
-0.791299811299983	0.525161644088258
-0.568824181816466	0.414159882748643
-0.699218009474558	0.66483238197706
-0.708929529855155	0.81277390088552
-0.2543763543088	0.207298031538351
-0.915708294494374	1.0283434467067
0.900288239921278	0.922952672643954
0.188650407574354	0.163833669102729
-0.0208141591976601	0.0132820600595014
-0.48022477841505	0.251569614223597
-0.997238334105123	0.896662473411769
0.176182474070348	0.102360879747768
0.315176006400056	0.217988309279027
-0.697852387669313	0.708778112601937
0.89430323422712	0.91386381911591
-0.0428613781129698	0.0267260938936302
0.101087784282429	0.0719375762918442
-0.282200969701145	0.270747726860362
-0.275140572984983	0.245551001733049
-0.78393954039758	1.04723675999793
0.0239589044433491	0.0168408293283226
-0.0122255221270103	0.0092236891220957
0.607260691898255	0.676673943894798
0.170431888624481	0.0989419077691631
-0.23824635785636	0.175535742282241
0.0507385502043132	0.0382924313789655
0.192479713700542	0.138542030105619
0.0524565487529412	0.0307319484286466
0.204628892378529	0.184352287863791
-0.52179316691481	0.432288158508831
-0.491310168380839	0.258461680452248
-0.702526883477791	0.715592206903948
-0.134383320218906	0.0758435756505037
0.782839957667145	0.966104288789678
-0.266720528539519	0.218969958732771
-0.90036740719264	1.13473626517376
-0.122778205158786	0.0853514909751896
-0.205114055056056	0.171613554458147
-0.381354302868217	0.262393365279647
-0.463736470719672	0.390466456850716
-1.21013501277348	1.55559351883142
-0.429984096683859	0.330774032647454
-0.0181351704545948	0.00858312900193618
-0.686659380459727	0.600263799593245
0.530182646111315	0.461685804063132
-0.109064435715529	0.0753517109197019
0.191088129729881	0.131870109204971
-1.59279127961112	1.89365167517294
-0.56468877047926	0.410813779526345
0.201157057770145	0.151267729471414
0.371221980973765	0.337148313612317
0.373969885728943	0.35154840716742
-0.250789284265461	0.226028232978871
0.624399960098796	0.477348875891682
-0.779936571381922	0.424633139036973
-0.858766393415112	0.855123665728491
-0.0883813352533465	0.0704176905104321
-0.706420872849606	0.765741854688898
-0.83167320304863	1.05098568143747
-0.542334757279595	0.566599647608911
0.188144429802308	0.135223515104949
0.188610203551493	0.11729490165947
0.420855297861086	0.440992153075592
-0.246367064051139	0.199788436278286
-0.522804060553423	0.512734332511678
-0.31195960185963	0.335388377113057
-0.111304813727983	0.0879359704347372
-0.0489098213913831	0.0304895777592198
0.498189082657051	0.344302193823003
0.100754733206639	0.0717077527548383
-1.04579178044269	1.08986319410875
-0.39107490607563	0.360158841326162
-0.15159289111629	0.103371093794727
0.0887315914874711	0.0605737397252296
-0.398169568548785	0.225683591050617
0.167094958437279	0.0895726733226411
-0.587154915949553	0.476044836850008
0.0101306976851712	0.00511287892370721
-0.681163330004634	0.540374113678313
0.0977229254411452	0.06696706009925
-0.57023659863922	0.553210638883857
-0.109789851096708	0.0646372953891442
-0.383165432127397	0.159411249355405
-1.12956031081219	1.2490474736498
-0.627367542213354	0.153354696036073
0.157771079018536	0.0605593318935867
0.166311360817904	0.0418484681801843
-1.13422470394875	0.343215945535417
0.689737874711977	0.322889798276764
0.162216055669742	0.0484111379512858
-1.51919018322957	0.542251856895701
-0.232597121971833	0.116359267009922
-0.392873220777312	0.222484756450171
-0.418304222120596	0.357735992809946
-0.229873204676518	0.168503722812933
0.198553145888617	0.154337965825919
0.907472529553854	0.932765130307827
-0.942828567857559	0.57843584556352
-2.27819990136361	1.15068813753373
-1.51330481624892	0.539630991333106
-0.767523934479266	0.334015614821553
-1.01920084249092	0.40357345336649
-0.729656205414228	0.250803779141173
-0.629267545839357	0.153771215183604
-1.2813758501201	0.578248412710879
-0.719465582528739	0.247026553935257
0.165704597093625	0.0417255219351786
0.541635840205329	0.194931356137401
-0.510891470732261	0.193155670362405
-0.348465736253515	0.100232718134072
0.162479935061762	0.0485106492306684
0.947707476517323	0.251863651931386
-0.347480099168433	0.0999933239977275
0.118473567719632	0.709418113538279
-0.282032573798038	2.43493628880103
0.028890731990138	0.069133675554639
-0.19878320159433	0.38852593160615
-0.025827934103372	0.0387192182970432
-0.0193172330461961	0.0222320958631191
-0.0391885659139664	0.0679814682008715
-0.680791980555791	1.5126695003585
-0.699709897215399	1.08574965530371
0.0657785194502798	0.105635195439866
-0.245163804478046	0.338124873535576
-0.136578485815502	0.199406291320534
0.020481239570561	0.0253421909220023
-0.434985147611555	0.636871561825208
0.111432866358496	0.116969392071547
0.162099701749485	0.175008021581139
0.14912733757995	0.14899062321893
0.125789215106082	0.0996853129051612
-0.480299449117631	0.251887481057145
-0.501017816649724	0.76722305937829
-0.982102301682268	1.15941273600766
-1.70912184056923	1.43408581869263
0.481917523708687	0.445002011413226
-0.673591911864133	1.0186094685296
0.656642625396375	0.792462214421215
-1.24118053998107	1.15922532386557
0.0317046012691503	0.0174162061696881
1.08638609324755	0.668507022702738
0.907964956842255	0.491402984013685
0.393043584005771	0.177609702600941
0.369098387830601	0.187038528267993
-0.104432756522274	0.0614187539929026
0.0685517988055118	0.0550406007595377
-0.419172822515272	0.358848924617902
-0.645116964812966	0.831109145612756
-0.544331690379788	0.665830179793703
-0.0978185767544746	0.0574364694477891
1.37953108465764	1.28699373401797
-0.0218636909446204	0.0139472324196638
0.661430999937121	0.800325514140417
-0.317766356578599	0.190377370959208
-0.367643772723139	0.316854400258973
0.477268366726069	0.542171321570264
0.544602473361751	0.639629955734568
-0.00280740139416654	0.00242028038942715
0.184767835033959	0.211990294936394
-0.895478804215483	0.746760766526855
0.362406790797817	0.33805054981916
-0.134966474482567	0.11558468613283
-0.119377066095226	0.0925980413534897
-0.460424456286127	0.57115752707115
0.638151526703533	0.785409126181814
0.394272374986834	0.350728698674391
0.0565964157139343	0.0428281206545615
1.25222244528925	1.23614096304546
-0.443859890606431	0.294325779825656
0.0477650371043829	0.0370167084090716
-0.330697854568092	0.234543842484643
0.308260853825184	0.234501443143137
0.69640131020832	0.611153579029226
0.378224578341096	0.51112814191396
-0.336566042272953	0.380449302784492
-0.56113474493281	0.621981400580592
-2.18558126096089	2.56243496477443
0.60458831875877	0.588485901125241
-0.395134500298825	0.421502146971131
-0.0637365079423009	0.0455146469440299
0.183576399239536	0.131557401238242
0.0240277439789265	0.0203845199562551
0.114820310671888	0.109891651322684
-0.101392674933218	0.0882198366451361
0.093344263611672	0.084747132572581
0.659510241053208	0.471766165488176
-0.772873875912728	0.779143682170934
-0.159345049251832	0.123302106279786
0.112075497562944	0.0829810168773317
0.254622897879493	0.280208197972815
0.163296344133441	0.176490423898992
0.079228376154713	0.0819860264351331
0.16616072772789	0.162478626626532
-0.0367710032204738	0.0343265917275161
0.0994605534788774	0.0924012442222894
0.0846874755639096	0.075009927189097
0.337642619473078	0.354781663670978
-0.433423971648975	0.334012656398875
-0.785725499201289	0.428733727217893
0.0148336191763361	0.00743689263941027
-0.522549705583455	0.432990138912909
1.01217038814491	1.50852343035569
0.315530664121356	0.218454622823251
-0.787175547562529	0.521031002396565
0.607695528751581	0.318830326989282
-0.0580482813352692	0.0252965984062799
-0.088867619302192	0.0353213087974956
0.712306644049263	0.470696720029635
1.27378774664775	0.70229507469437
-0.382254735787987	0.263051578408655
-0.362578975153442	0.451844546653544
0.463916409821371	0.535900456082608
-1.21013322550408	1.55363011790801
0.160803134128977	0.0406203249121647
2.75446121880292	0.769079402442662
-3.08209765998152	0.963916510480773
0.947560352748164	0.251716891447637
1.95791760701363	0.441280139896969
1.04304768303814	0.395953390308167
-0.685194657181626	0.544982278933604
0.609688526529895	0.320185180615296
0.558844240871032	0.573069653244601
-0.576853664092654	0.421512016630212
-0.0283563119196093	0.0237737603332314
-0.10746372762855	0.084750326373991
-0.59432759861124	0.284251161971714
-0.716074907122798	0.245725534591538
-0.141903861991072	0.0508279867588126
-1.27095128753598	0.572333958218654
-0.341581022610314	0.0983147602836231
-0.721072169669292	0.247553433626533
-0.342569521377039	0.0986187132378211
2.75722496636877	0.770257049482932
2.75446121880292	0.769079402442662
0.94807088907188	0.251931335472786
0.153526628680235	0.0288819285189665
-1.79827400712943	0.382942964938875
-1.79835097978106	0.382953978270685
-0.628347365301396	0.153568930486371
3.63685963656738	1.43190397098036
-0.723601171891188	0.248501036925982
-3.08559782341753	0.965445184573826
-0.0100811527896242	0.0410372078250107
0.0972460241893323	0.423561073761387
-0.131634468006001	0.252324358289683
-0.064517869381046	0.175587675971653
-1.12969901238069	4.82662418508051
-0.83704714992043	1.60693126462737
-0.158108557324017	0.415953089388395
0.00327074477574813	0.00465947947501097
-0.0989683188019898	0.170877715987542
-0.56200978712454	1.76775445200351
-0.302182868098762	0.595152238779296
-0.0215176098889182	0.0249921119017383
-0.499131872810802	0.697563717029009
-0.0679608986021193	0.0891560635436939
0.0499976736517816	0.029348648434309
-0.27578339297723	0.246205779457674
0.544929756319126	1.1969947888108
0.103839215187	0.103494434492539
-1.67243860872138	0.946431457093012
-0.642511009645934	0.380710730102905
-0.94457800814242	0.579500575859641
-0.0510981156092097	0.0223453588079382
0.518965978462445	0.332154167760057
0.153247222778868	0.0588212060537421
-0.531722974029974	0.336495922210721
0.556955660215418	0.887951822860304
-0.00579213221578358	0.00496872030413282
-0.168547763183187	0.207053010949883
-0.0417626187201289	0.0381701475801674
-0.21961897741824	0.309075250117822
-0.554165992860043	0.708541810114361
-0.108198984909844	0.111840596149808
-0.363631238950256	0.547340927658986
-0.397113878720597	0.559130778655349
0.0794138925256796	0.0494768068759035
-0.26284919286294	0.164577975176157
-0.410110943633628	0.349224487045564
0.616243017202703	0.843798384831642
-0.642969358307316	0.381028299408276
0.210035691680481	0.199112553426662
0.256448878975066	0.277458082334719
0.170334844044101	0.188050860302918
0.200545294029937	0.256767422472447
-0.66365511758196	1.31117862558131
1.24508111691887	1.22432231287471
0.214254183520977	0.224968095175399
-0.694559147856687	1.16589911612785
-0.117796541355265	0.128979847205427
0.709898707620509	1.18160011096745
0.00553448750796234	0.00497210860080559
-0.269654957031651	0.256297201087188
0.292062173231989	0.246740395383531
-0.17961501613224	0.119551017115303
-0.948309477146857	1.00620273620444
0.0186727242172917	0.0147032759654773
-0.330725470732559	0.2347094649538
1.09681076879055	1.39439100936078
-0.191023942161514	0.225039449557247
0.0134265998202171	0.0124552313542382
-0.404684998942471	0.50210593293876
0.485467421017888	0.333987870643433
-0.48418169735421	0.630873401282324
0.321388809929728	0.356649616038789
-0.57138011055215	0.764804500079939
-0.496056629277454	0.520288353404345
0.342827562740649	0.499627932591245
-0.217701903592111	0.28137950730757
-0.114009527423838	0.130035954792126
0.580366026467261	1.02530484993174
0.330528462193989	0.201113614523053
-0.256297497244555	0.209102337458616
0.432300166258187	0.596181355051527
-0.103177783498648	0.0829475510918141
0.0592524052900064	0.0692555515334613
0.0863836105113071	0.0923954165261842
0.231915523353837	0.324043201346131
-0.239140329526965	0.29290837123816
-0.654234058329818	1.19731307387155
-0.180217379503586	0.254472294299279
-0.225921121048746	0.267263110468628
0.154980284123296	0.141484473372807
0.749001241999816	0.733504226730473
0.39877334397608	0.18055727588805
1.59486480964465	1.73934683669328
0.187946368695251	0.129508632994559
-0.226801528797391	0.264496194904959
-0.379151915694829	0.260568358400626
0.903221986685294	0.487727217314656
-0.980642634603263	0.485510889516647
-0.145068690411639	0.0519128737160176
0.158333484191624	0.0687008601425699
2.12469754063116	0.95387633212181
-0.180855543616506	0.0970231942839135
0.573377459616549	0.570805655124009
0.144997660206276	0.206215069149062
0.261073014834273	0.278137579853696
0.48510688369197	0.554437739519941
-0.177149111731481	0.230389497987869
-0.725462519324565	0.249202983263282
0.165858197331239	0.049441036827577
-3.45478455762682	1.22912473266304
-0.624566751454544	0.152757086863399
-0.631960666018702	0.15447017218279
2.12041605569515	0.95168550356035
-0.377401590077468	0.295815112787388
0.465741218706365	0.340009408720667
-0.0112556591562315	0.00852835776642713
1.25301709346679	1.38993415176539
0.465101213895361	0.700067635717925
0.345672840486352	0.435030751597804
-0.221158427899559	0.071360347088866
0.534018135349711	0.192121771213656
0.669009496945769	0.212302346826553
0.152567656731362	0.0287430408348264
-1.79835097978106	0.382953978270685
-1.79827400712943	0.382942964938875
-1.80197754639448	0.383903353697165
0.161415729852303	0.0407561524608698
1.45769029797448	0.483533280097753
1.95791760701363	0.441280139896969
0.94807088907188	0.251931335472786
-1.79827400712943	0.382942964938875
0.943931183072951	0.250903413595175
0.826691593943687	0.348371951413041
1.45415502686182	0.482281800899209
0.152289864541204	0.0287035071443224
0.5302361559562	0.190641185309064
1.95706969381346	0.441073865263096
-0.62503342749082	0.152907838403333
3.64394936195785	1.43543119455299
-1.1434022229194	0.346229899812888
-1.26782842660809	0.570441623693441
0.100594182639345	0.529820105893747
0.133647926166992	0.649682199323291
-0.121267886305457	0.415249603125996
-0.171422771938132	0.589675713454708
-0.415815815182161	2.29722915744909
-0.173702661103959	0.629530099728286
-0.32013690118151	1.40982021262557
-0.185549616381023	0.496432907704286
-0.367468251128114	1.13504850391955
-0.392616824189281	1.28531118642566
-0.310969538653397	0.8200863962463
-0.240954587302348	0.565569609080478
-0.68484998984764	3.69638961556225
-0.44248614431317	1.29056421332832
0.075019194283788	0.11914155577609
-0.389692228021655	0.463781134186791
-0.439232849648421	0.618989102468874
-0.148891424303531	0.159055545403069
0.501998045002009	0.634127428516188
-0.191214644903388	0.173234376388504
-0.366979607434916	0.316215878291838
0.0404680729228618	0.0359238715003797
-0.344897339694918	0.412211410334497
-0.720800412118435	1.34609054915056
-0.240633239455101	0.263856314050505
-0.359541674284814	0.531920961242325
-0.420746849478571	0.569487620819847
-0.345711628871943	0.451450600084905
-1.03218962570815	1.76378442382398
-0.499727582599388	0.643996937588641
0.430810345472316	0.603545002004345
-0.453313627848274	0.634711341048541
-0.00456803458343086	0.00434670833918708
-0.724693057113864	1.00333609479691
-0.113802071917332	0.108588877264913
0.146133148134457	0.132619839317108
0.0881341986366051	0.0766959007131283
0.502902323607248	0.635673947830338
-0.00325178928303143	0.00279713740748362
0.257509300844474	0.273580764961245
-0.217199721236307	0.212152006751458
-0.527398192712286	0.715975580700224
0.0325974509465773	0.0309971981016513
-0.061627042848823	0.0547691641126114
-0.469306618931164	0.519681795395816
-0.0238783008728064	0.0112114194614202
-0.526633913221606	0.43744242446805
-0.859858878031661	0.855847455269449
-0.420162141306607	0.444346273573019
0.12518042435066	0.104504282491429
-0.36358182640584	0.388763892103761
0.414266354606169	0.444083008654353
-0.710561319544163	0.815412482406961
0.488751031440229	0.544643569457766
0.206886197153736	0.182002466423766
-0.411796187677924	0.35103612061625
0.433173112369885	0.444669385205782
0.198043685494998	0.197886996148663
-0.144270314459388	0.124348750427797
-0.838679465615352	1.0635819305617
0.897751604760996	0.919071888217204
0.327619962392421	0.228059800030099
0.979927404872743	1.2878382742891
-0.287472011194284	0.231396037825383
0.203626462122695	0.164048127447199
0.27568338395297	0.285226809352429
-0.0922100104223712	0.0736384114468233
-0.553951996040242	0.50058643773135
-0.511726002675108	0.193436414632331
-0.00852026026109454	0.00548091490356156
0.332464469942719	0.202803910363117
0.19845984635418	0.154298574913761
0.653099686609201	0.695124725122504
-0.120785686726504	0.083876408250826
0.959946271419534	0.950702625927873
-0.115441796753418	0.0800097969655516
-0.0125265677116129	0.00805828181131907
0.658355106644723	0.47105532544242
-0.689464270760518	0.603736567435732
0.187039888153394	0.134351707787244
0.327757100296833	0.2145252114348
-0.597619407538179	0.622433593543043
0.277954493288373	0.275354401485318
-0.0366122014758494	0.0329419330478091
-0.00833003254961156	0.00631823970927757
0.441830034904365	0.338532366621255
0.186745814669219	0.128597917446726
0.963175755960987	0.954326724546443
-0.489709682020871	0.367315387904771
0.745978450136939	0.626426336005723
0.296424117532787	0.233635544162648
-0.159942442282057	0.136359199480589
-0.0260327825477876	0.0243875388711604
0.0631989415406616	0.0609028557605516
0.128063005505187	0.138491603006679
0.573067378705397	0.734010770941844
-0.296165202755971	0.304563062943486
-0.623354900232294	0.873464929205255
0.566007399894474	0.756947179709322
0.783738863064219	1.21013328145683
-0.240209458961005	0.251316921771713
-0.160061835043485	0.147701172770951
0.604129779393928	0.839462196784205
-0.123350245232578	0.125664484072081
0.249547118349967	0.292945287759854
-0.186057146828216	0.196159277995542
0.39073052010998	0.453043521854779
-0.544196011711304	0.345967340294055
-0.305319115938652	0.140319581810855
-0.106269574118074	0.0927910631966436
-0.45627866012291	0.304076297448075
-0.786608146509476	0.520975185538445
0.800435080348852	0.637281940407066
0.186979897652211	0.116174827805801
0.799137739827971	0.759093709621044
1.24151878622287	1.86890683489742
-0.136467493470266	0.117032079195481
0.454398638752863	0.602962599745827
-0.147839408094928	0.11370098634184
-0.513633657875107	0.569240961524115
0.268059669923929	0.27564768608905
0.807806481036589	0.770783979004747
-0.57319655557317	0.41847294075241
0.33135729292284	0.201713943416051
0.959691574533835	0.654406688388625
-0.973767980367191	0.481140008201024
0.507679989076047	0.323529266013631
0.445569555469994	0.179194625806487
-0.0944152775936752	0.0374478151240738
0.872570109540952	0.649878566187873
2.11974097879103	0.951220462633918
-0.599108897150684	0.286827148762254
-0.224946347375524	0.0725429398119329
-0.0218391027858842	0.0102897683093741
0.364347562592453	0.184501614798841
-0.0862560785452541	0.0343133273002131
-0.089924131140392	0.0357342992772802
-0.327659997635037	0.196969949604088
-2.63635294558353	1.61845470868518
0.162479935061762	0.0485106492306684
1.25167368155557	0.870871661677768
-0.214295623660532	0.0692156550779169
0.0335178011479138	0.137590317357925
-0.0673413337562968	0.252380400275722
-0.158852460442544	0.661500016796973
-0.434043276198934	2.66921404909802
-0.627701723237611	5.1922400674964
-0.506388061481196	3.41610217304113
-0.671090788614489	4.52803510504129
-0.367286538252425	1.48325673666919
-0.0936866764231106	0.242999373265874
-0.456460825665643	1.87888266911822
-0.242266498389019	0.655274585694503
-0.366004105417384	1.13002294038996
-0.536104073360416	2.08322156318027
-0.851366596851489	5.27905975180047
-0.522314213456099	1.55370958382277
-0.438816138596399	0.882658586910329
-0.540674870736731	0.660811315996849
-0.453696077829056	0.510558080684345
-0.0896413118450607	0.0714783085348379
-0.384422196458877	0.431752547231221
-0.00682425575269851	0.00439235220429795
-0.0591180269829484	0.0480989116421247
-0.369523932916059	0.396870280112018
-0.328643650599356	0.395065408478801
-0.214315738497196	0.161351191805652
-0.072234249904295	0.070553144905484
0.0778931158567067	0.0783140489154824
0.00777542471938014	0.0067761305018676
-0.654310041805702	0.944896830182614
-0.552653847381828	0.856114970405483
-0.0755022658043569	0.0608978703412782
0.204834243824219	0.165167017822606
-0.363953266633644	0.389288133692244
0.885052877309518	1.39379056888886
0.079451824576715	0.0907097108618903
0.725885402983433	1.43101645471071
0.0942901676999272	0.0840760522965495
1.15960402036328	2.53706055080195
-0.22332613651932	0.24944760872601
0.0507475453092107	0.0393781942486859
0.415887344202711	0.457995241038144
0.134344586279316	0.112871171792649
0.0616730126369118	0.0505241624484162
-0.0465202639865521	0.0289925637434072
-1.48381146477455	0.750044721804023
0.7191688896695	0.476620059299273
-0.176150889437697	0.117075728178569
0.405351589522942	0.335433528738429
-0.202214756866628	0.168879955907136
0.701330423079693	0.977516272219562
-0.416259120586212	0.355685306989263
0.383468307523562	0.338948699845465
0.179975790976198	0.111446631085118
0.586628299535658	0.471479440586194
1.24290240501376	1.22283419943943
-0.0338385913277773	0.0284418052331089
-0.45984552294749	0.449325676341937
0.317020418546129	0.219343582705659
0.411768648742268	0.341997194070768
0.366720988334481	0.185844030741477
0.433417557204874	0.347745163820428
-1.19777450795735	1.39155878449325
0.530643084143745	0.461900979463759
-0.226138312508409	0.186554649116554
-0.231758210867699	0.191922920134563
-0.229833494467532	0.114806507179195
-0.601269873702214	0.287860814865878
0.336778475181076	0.22133184432914
0.553109710503309	0.463490677156324
0.0106071016720684	0.00534872116305057
-0.312798149660525	0.186920217814452
0.318359585366607	0.207576962636362
0.102526188291486	0.0703969373368153
-0.0889153466898367	0.0520909084291703
0.331081071511838	0.201772158730078
0.324262589475755	0.212009607603609
0.43658326736868	0.333604772326136
-0.183627767390348	0.14016574827855
0.291918687499174	0.254830112134246
0.504917529444213	0.453845522745414
1.03576464628309	1.56319328397902
0.348081150089334	0.19507350349043
0.801863821182272	0.638897373489329
0.475482246393415	0.325493202431016
0.0282240539120594	0.0155648206455746
0.730442803522302	0.486515888924737
-0.0631285882401566	0.0382880607362999
0.275419732911052	0.272209218475986
-0.0722545842555033	0.058175681332139
-0.757375905588428	1.2711200865844
-0.419648809077228	0.443649562579866
0.642355475284695	0.927118244181402
0.348598335624887	0.360455198873044
-0.614980389846009	0.7146550264302
-0.603517408539255	0.881263424364582
-0.561002362324675	0.811200435819833
-0.114984358842895	0.117959337370051
-0.116591191347538	0.10058886654257
0.266979258698722	0.285666742559935
-0.160896912210048	0.161575380130461
0.276691083952845	0.2671995474013
-0.671339921910269	0.817684039835923
-0.127518359045248	0.0888232728975659
-0.26119748390047	0.163332092166652
-0.0675000788539102	0.0409672904754931
-1.03744081423037	0.832021232859258
-0.395325910484107	0.164719249144553
0.799947400684519	0.759897235119551
1.12909612333632	1.021704855979
0.715696358381534	0.47312782649185
0.492267056728313	0.339451113233783
1.2397666076415	1.74812711600272
-0.521058955740929	0.60478469037098
0.292115302288164	0.238417189515258
0.207664992011561	0.172893850989487
0.696267631800305	0.610285763889316
0.3860075091337	0.341793743831342
0.709144390016693	0.62580037502261
-0.553408809359798	0.500270652060328
0.702659023887098	0.814020065287349
0.724311235580588	0.481210564392118
-0.909138639905167	0.664261658023544
-0.0696340621284692	0.0422813242189306
-0.0925419739006504	0.0367298119405397
1.78125320322617	1.83436527981544
0.366036057221842	0.18518537436208
0.175702668148371	0.0944337806134514
0.865471252401312	0.642992076463812
0.350296010873151	0.196575155026489
0.743644948493867	0.62432396468328
0.395082045488164	0.178545764832155
-0.088057561898079	0.0350140000868525
1.46239670149095	0.914877787908331
1.08058888282881	0.663849615238879
0.538706182108427	0.193884008472894
-0.785228526241348	0.428340726996774
0.153317330149606	0.0588970866053136
0.160349171679355	0.0779211825985361
-0.393144380405344	0.16382418057789
-0.0221430614446602	0.0810987724449882
-0.123666412370882	0.569836443215259
-0.517973316678671	3.74151673692737
-0.355195457767298	1.85048132308534
-0.136069337598586	0.4697850409113
-0.479914333571288	1.94703615240405
0.0169057532821143	0.0351919521853051
-0.301110376143555	1.10910825805892
-0.0646572042847858	0.122035301960122
-0.0423048400175124	0.080452230253339
-0.264789214178188	0.600840012039327
-0.483887836523018	1.55257157777204
-0.863423214403672	4.53890978294802
-1.13738776036358	4.34456398154106
-0.346248572419484	0.459745199876119
0.813968799720393	0.886250082733382
-0.147529036469443	0.100446778158254
-0.768941991311303	0.773454708855898
-0.447223874723887	0.500943586570089
-0.346809994624283	0.353060937018993
0.467734311392812	0.528118393916993
-0.130217274728013	0.140598050041889
-0.337596927788652	0.382177587203418
0.15491371676176	0.144336681410208
0.728154954768309	0.484078804314674
1.43090546079872	2.31065607387551
-0.162691363505369	0.147421679009374
0.0195171724176257	0.0153759542174779
0.0803738684131707	0.0809868163693097
-0.167467237872663	0.184493154759964
-0.153663415379055	0.130445471381511
0.278902831089185	0.289233348394445
-0.0720933846707988	0.0580431528398519
-0.218084703086691	0.141168562191021
-0.453936387555609	0.477371258749501
-0.0461249670358195	0.028743434176689
-1.27500954069001	0.574381766223854
-0.0500590432574151	0.0219026986131626
-1.21854335910395	0.920675866428714
0.706290217705776	0.332059724432869
0.611961045057351	0.465175526062855
0.564826958857326	0.559575489251209
0.0678392507642085	0.0421391327622793
0.155992086806561	0.0676685766555785
-1.32048406051767	0.827743182470798
0.369395698726736	0.187399034104052
0.162965009415951	0.062511566260502
0.192924402285862	0.127078162160766
0.201593784035076	0.167227176243399
-0.236621991253704	0.118503095204108
-0.332054311189931	0.235663613594826
-1.16802148621799	0.655315391242559
-2.06971291102341	0.943740604994579
-0.781091663696235	0.599477890288175
-0.239287715607903	0.119875612398455
0.170597157616308	0.0428000407476464
0.162410581881552	0.0622929763847185
-0.515810187634811	0.195198678425078
0.399049216138407	0.180704070779061
-0.02281303805283	0.0107392869090858
-0.788743184961119	0.522388866754706
-0.0587820859534135	0.0256005112505989
-0.0558251048973952	0.0243318275719906
-0.784448456184919	0.602319839446662
-0.636249547276189	0.375820828265596
0.61881166981021	0.325679636939163
-0.0904432072911696	0.0359620371472857
1.3345487412554	0.585101958973942
0.585364034970588	0.470136471243633
-0.0912436869306834	0.0643050944654181
-0.040741181081484	0.0254099415379283
-0.0277435018831529	0.0176523238078464
-0.390129115227146	0.162381960557114
0.689176537349267	0.322579379129039
0.165858197331239	0.049441036827577
-0.730578580192813	0.251061657936625
0.369098387830601	0.187038528267993
-0.299497782759967	0.137527913152917
-0.0925984600900558	0.0653022660421857
-0.253657219532926	0.206702696040423
-0.131120143500048	0.111990400971311
0.423427769018954	0.531770291796145
-0.416865173002544	0.356427755323319
-0.0408494882997059	0.0301235976289914
-0.244292664059764	0.180545906085732
-0.675664058603254	0.861407094181524
-0.465480821043967	0.527878874601839
0.668186487177229	0.875197828892855
0.535269048252998	0.64216377126303
0.12974211653673	0.108616077572181
0.205541019725718	0.194119786931543
-0.100127184046176	0.0869887113010853
0.10598783022252	0.0756378395221461
0.166986674718159	0.0893826281646387
0.158323275965016	0.0473326847049123
-0.483470524065646	0.253809607022495
0.79683202972668	0.480094672491982
0.618559264338206	0.471735928862664
0.329574449286205	0.200702259908748
1.00681554008954	0.830156312846605
-0.9187527646306	0.673601823650917
0.421704431930732	0.336200656238312
-0.328227056029549	0.232623230173106
0.106974033708953	0.0814664885154311
-0.436058169688898	0.336328640477073
-0.395205930352532	0.223606675443581
1.11788883753929	0.858133041870714
0.182045594994958	0.112962666615928
-0.325523441468422	0.230381558455744
-0.220004381596902	0.142646944030539
1.25047923851297	1.23337971758503
-0.0533922081460383	0.023320968973608
1.46084034233734	0.914315902517606
0.152512200631439	0.058591261045569
1.66470221284095	1.57811353752541
-0.0235432553411023	0.0110673895310194
-0.535160844219261	0.339144875357893
0.399832164196581	0.180848431784281
0.966395394665911	0.660109510985591
0.857194111674021	0.784944536391614
0.450442155521912	0.181256071663712
1.06501836014668	0.515705414017663
0.536280565569087	0.193004774479639
0.160489139338675	0.0479185611557889
0.0000708249696200947	0.000246269348913584
-0.0578639698744236	0.221402421162054
-0.0510230829444765	0.172534243813912
0.0241260740831016	0.0711038691810182
-0.205423888863224	0.719244359252463
-0.00564266394965703	0.0123729853907017
0.00478511312175326	0.0100698746124382
-0.153892406070468	0.406754995737754
-0.331223127005317	1.04368717311557
-0.26172255498621	0.68328563407039
-0.327216756172164	0.913887413412173
-0.575087292269078	2.3838725890287
0.167415120452503	0.304778511317403
0.179358793784397	0.236549571397216
0.122757594287954	0.0970746285598447
-0.20372156630556	0.186298028851645
-0.121399554705714	0.0942966684212972
-0.194043718705785	0.176194738940346
-0.709511832263861	0.813245453097244
-0.153295225355959	0.153017517817575
0.0440332084607192	0.039857330349496
-0.0268755387548789	0.0249243669695417
-0.00191053774550232	0.00159994558159223
-0.631562385608964	0.890010424772629
-0.305937797750815	0.316839941695308
0.345515025311862	0.449885175810538
-0.172581289827756	0.130864259056436
-0.363426575814177	0.388626671182364
0.39613606437589	0.534379916654789
0.0697496390978342	0.0560475236352106
-0.241821989507212	0.265444325331381
0.570665451746745	0.809953484132864
0.304676730546571	0.353618329120701
-0.0359026751983412	0.0302219342314789
-0.194802883780421	0.190703909479946
0.300941686957984	0.246897676200704
0.399738718015057	0.356601775170447
-0.32574532629223	0.230423283900918
-0.663236497931032	0.464099880686508
-0.597247639391902	0.285880056810297
-0.181091098524722	0.0971951283956129
0.611164803486625	0.321067786298506
-0.220968473370958	0.181759180370027
-0.179374649860965	0.13661434032518
0.199786745269483	0.155460786421402
-0.231627024370906	0.115746234814009
-0.143315353927409	0.0513295091165195
0.354571338265721	0.19921472959077
-1.42763101811697	1.5188481079243
-0.126152985191454	0.119586427193341
-0.131716957932541	0.102946578068044
0.203790513125034	0.147595702721346
-0.0325253610046857	0.0151739584351094
0.348518924411956	0.19541069761871
-1.63779294372573	1.68710155040779
-1.28636541492698	0.580961340227707
-1.15592382697195	0.646233562436974
0.558796513103589	0.326381340543797
-0.211728748587809	0.159211264081283
-1.84325627722943	1.16546223379496
2.02971462144522	1.9304082373589
-0.263506404544841	0.164877817592172
1.14956699921136	1.18493869964032
-0.225134442840302	0.112399890539991
0.395360119557451	0.17875669532558
0.606210584936848	0.317818336959666
-0.763493068016229	0.33177675339701
0.0607128089493463	0.0473331234299468
-0.0423088678437819	0.0263529324042301
0.320202597168376	0.222118656600857
0.183478525423823	0.113742160918043
-0.479658898983094	0.251309020470923
0.157034388740604	0.0533466278590803
-1.02116299616938	0.404658802027825
-0.685712812905172	0.598843311321146
0.152830907934869	0.0662551558130761
0.996983870904337	1.09705486302265
0.100940484299	0.0743080420963048
0.718820024325101	1.14253376781483
-1.20436823229048	2.13041459532293
0.56096801151011	0.807480597146027
-0.177367202128196	0.188563658506665
-0.441660431510447	0.523307979681577
0.128097786658571	0.104462866257528
0.143654974068881	0.124374021944532
0.133311805526497	0.111857915935578
0.809032254819869	1.15416292103823
0.463297278420845	0.535490962524874
0.0425031121776655	0.0363599594434846
-0.740577358687758	1.03554715735197
-0.31378627804097	0.35536985353408
-0.295542168711431	0.259780915899581
-0.672082477953254	0.472230433175803
-0.784676347937224	0.518477259706259
-0.344836270552315	0.350585345893605
-0.454698315624538	0.420730638868576
0.0363907080632188	0.0265129358692212
0.0583151347295333	0.036183464956575
-0.179229866477912	0.0961464631186293
0.441912700810474	0.338678984019701
-0.541847905464708	0.344163927320091
1.00456413452504	0.82816562084725
0.801563130712948	0.761774845477426
0.877544105844809	0.654977313587794
-0.776711964037928	0.727163785140358
0.364991231563354	0.341130623178402
0.425465433659903	0.340131832301835
-1.20538892112494	1.40571137493101
-0.0705019362202918	0.0504819677383467
1.24415313285629	1.37583005169512
0.0504974356524838	0.0296242075895654
0.111319705201774	0.0874518745620805
0.0648779877094558	0.0402812154636532
0.71990748140443	0.476740154059108
0.374075017116884	0.189891251649593
-1.82757547366236	1.67236936157803
-0.142924189120939	0.0809041668982104
0.92194740985235	0.804645394584334
0.347341497349241	0.194881617555347
-0.175525089489257	0.0940151617927707
0.155109109614118	0.0752381399806905
0.878890969259455	0.656571665153378
1.96844235586798	1.23390668075905
0.151513479989601	0.0515213325333355
0.339560281251	0.207781633379134
0.608526869071233	0.31942415641718
0.347631705319247	0.194804938376949
0.0643141723995456	0.289505437645024
0.063879589308254	0.264501259131392
-0.0244186868728388	0.0749071533759718
0.0244735982640818	0.0614577386006552
0.223862389935237	0.737001561985885
0.145872564980676	0.381015055662207
0.0242457914781065	0.0429675237788525
-0.00230484369896035	0.00389864190266727
-0.285669763853994	0.62637819919801
-0.901312702900295	3.68905633704046
-0.656879869369583	2.60236906652854
0.126490315284016	0.189119095627516
-0.0498777269877161	0.0567642649829994
0.0128485131565232	0.0104281150255538
0.370325031381045	0.505444581340483
0.195649446417744	0.151866411641445
-0.34594963588292	0.328925621399879
-0.475224180142536	0.40237146364155
0.742485413537279	0.622376301026721
-0.227009853591781	0.187375660472424
-0.374786534182965	0.379156487100787
-0.273755826237919	0.316959271753808
0.0814675161282825	0.0532285030224856
0.115393405110181	0.0882900220139195
0.153921048307119	0.14048890853862
-0.00489331676600786	0.00422005898846502
-0.293604979418209	0.301438269635746
0.0120683133778893	0.00980265752359862
0.263025279395191	0.269522621849979
-0.223609659477672	0.184204652061866
0.14571828029689	0.129348250917189
-0.710158289383108	0.726353685152862
-0.339732910461735	0.365312834074173
-0.276777211335658	0.200026830394617
-0.381201761718133	0.402728644752223
-0.256880037149902	0.209677046929357
-0.0934121022834313	0.0547809479018068
0.0580516532493985	0.0359968184169896
1.62003592545599	1.13632242206063
-0.124409385069306	0.0865552782774001
-0.368970490902897	0.287714840064359
-0.550147354418268	0.496413125993763
-0.83864613193445	0.950215031123659
-0.327532438218853	0.196975236964809
0.667266571552084	0.479414881603827
1.49242942780509	1.5143584554924
0.0486867360179123	0.0285781216028506
-0.495095703454396	0.519085802544833
-1.01122182898919	1.12762118022952
0.171553539803275	0.0995062659876677
-0.488394040215405	0.256571494716773
-0.0930720986797624	0.0369360906603901
-0.264734200001149	0.165877993333181
-0.446324425949943	0.296053278377411
0.556516177918929	0.467191122649391
0.713905706992623	0.471800109914215
-1.4685000569247	1.02444473004659
-1.88953603459152	2.30250956200329
-0.427345902179372	0.328314088895246
-0.534910484702332	0.338498444859128
-0.608836639598728	0.54013963092103
1.108391860274	0.847503723401849
-1.08769685824398	0.744357467247492
0.665034512297925	0.607751974214905
0.526399982078706	0.457433407940294
-0.178799630090411	0.118979805402544
-0.3181532870734	0.224325956545922
0.609027586717394	0.319292353990383
-0.479658898983094	0.251309020470923
0.445393029672158	0.341723260514967
0.31932458234117	0.208389076229573
0.5530182159377	0.322557454932327
0.802146553071455	0.763345422868578
-0.282834449452219	0.205065001051703
0.410467840019432	0.450391033045778
0.0435230636012634	0.0327464659960295
-0.212091412001898	0.20636424587978
0.953006901916497	1.28565035182076
-0.413434102737433	0.386171949337008
0.293503594388245	0.248235028300906
0.437217433067465	0.450101108792146
0.43139241779147	0.442295467796996
-0.0430511428631274	0.0317817842108659
-0.361894592217304	0.310817250440915
-0.0934895381249201	0.0659526810432262
-0.0941582455927274	0.0664602292111581
0.619490517135452	0.694950296635785
0.0356811861525678	0.0195570793494121
0.212473680646473	0.192458449065211
-0.369596657114948	0.346399359051239
-0.56460240293759	0.410682310281063
0.966274169018235	0.660369834322908
-0.321146440255546	0.192638638613176
1.26035107083512	0.879251084434458
1.82316587137561	0.714400972353312
0.548594330453375	0.319636758546832
0.829794788231049	0.349939358922599
-0.972648728698282	0.958594503630939
0.156321977802616	0.067817298544639
-0.140321912570087	0.0952096346198349
1.53398142842652	1.32096043131255
-0.0875254314573541	0.0697071209517126
0.319363417407712	0.221390128696044
-0.702593278584978	0.669247758146902
-0.238914247013783	0.175986219123927
0.558127202492776	0.468921550047877
0.184993956816778	0.121435228188786
0.156805998547501	0.0761012500499961
0.358298681698965	0.181204111642349
-0.762069242113466	0.331027410923878
-0.76149525509435	0.330739131941591
-0.660518032084202	0.461354787701841
1.07762972070185	0.523192318967485
0.166311360817904	0.0418484681801843
4.18523255770689	2.0175697784719
0.131106472754387	0.775798973258816
-0.0893404670837321	0.38876372796021
0.0710487674043186	0.242744930501176
-0.0346534479306147	0.0764321185238472
-0.0662798144395029	0.143450079576928
0.0797671528574786	0.15318006195645
0.306777512397155	0.719583178963827
-0.330111119580137	0.708733378294358
-0.118178787605805	0.208557255577542
-0.722353295745708	3.41461110414055
-0.347696828846815	0.685152060105228
0.244532380426878	0.537696467293368
-0.391720711196208	0.548658704573978
-0.442934085628926	0.7702425792326
-0.114860066397731	0.132648088868421
-0.399625106195751	0.563678318126447
-0.263087704765755	0.164588444328044
-0.128731939603946	0.0725690492238022
-0.494688650096664	0.371503581656309
-0.321960293481528	0.227403724614628
-1.41451924229655	1.70759300762377
-0.166627729748527	0.142724326662891
-0.222049042141337	0.217778558878917
-0.191582998850072	0.17364365720948
-0.030206214046321	0.0256791509900661
-0.57345039519596	0.557572919483711
0.205516465450221	0.170913075316234
-0.716876797709472	0.868184856034081
-0.219382823887757	0.198309628330671
0.495923181568279	0.555000651806684
-0.387488449118393	0.436410494144148
-0.239962119018489	0.176965125020709
-0.306042926417042	0.248858114494803
-0.345384929318343	0.303438250028791
-0.0802738341377322	0.0577192452390561
-0.0552755296181901	0.0393521707736692
0.357436006996545	0.362264243780035
0.0101306976851712	0.00511287892370721
0.979790537845351	0.978276145675592
-1.10913615223361	1.43482546716139
0.868110412956392	1.20268438195703
-0.356690331404099	0.379434933723214
-0.657128000190167	0.719629652638433
-0.280553787787841	0.268818858725571
-0.0743938841867372	0.0533547570807966
-0.361209531202249	0.337006627691498
-0.780763329125154	0.844117785150361
0.192936609759316	0.139029239454931
0.209544475816423	0.184617687649076
0.0654228452807603	0.0406140168673947
-0.103932513109311	0.0817999730683166
0.437127139016023	0.334192614221473
0.0855341092780655	0.0559375533292012
0.286135398201224	0.248856141764635
-0.0925278679323656	0.0652330670460215
-0.382148047341115	0.300266669846457
-0.766911422474312	0.822947026956451
0.195497692965312	0.161500292277354
-0.150440116738654	0.102540455890506
-0.161825514308937	0.138099795134692
0.0929179362213049	0.0635444325661553
-0.0608150721970441	0.0443362205822014
-0.963699884179964	0.946292342151381
-0.594574576944792	0.48400712385865
0.3279367988427	0.214845356612101
-0.103171699346428	0.0730926947719614
-0.519484904511684	0.42963982938678
0.342060114270262	0.33389227683033
-0.338297464018968	0.296268716668284
0.212213003573027	0.19223775331641
0.211584594444514	0.181755175973786
-0.26248868353887	0.232310943544789
-0.218120146712146	0.141288183020487
-0.144930953698999	0.124976820227152
-0.23102252923631	0.205322149265603
0.695142031315039	0.726960901951393
-0.439575176315175	0.339579067950314
0.572007601373995	0.569129590853931
-0.721104579252069	0.875214654294527
0.368062498606598	0.333645070271299
0.63176909805825	0.689756383587692
-0.287002287043247	0.250779101492024
-1.13878929203105	1.61531144656275
0.055078498431867	0.0416388887102906
-0.454485123182179	0.478376497361503
-0.136650477814901	0.0489944191647766
-0.658073517120844	0.459468699625271
0.14811964588201	0.0569112051950784
0.955361775404765	0.649466239442802
-0.628807341949763	0.15371861128279
-0.535000533386053	0.339070880977162
0.697834101611107	0.327384517324711
0.339361521876454	0.207426587794538
0.190648183591406	0.125474609747299
-0.267071540523515	0.2370949025695
0.849468836887034	0.897281797184053
0.142630073572012	0.12628955376199
-0.113595214031563	0.078651108268479
0.263856901471627	0.298025640048869
0.526643301714621	0.644690315022663
-0.241929789160018	0.121244758031647
-0.2383596344773	0.119344171594358
-0.790669129590492	0.43211720049591
-1.49292042945465	0.756808448685987
-0.763493068016229	0.33177675339701
-0.975143708565975	0.481983361314072
2.12133800034702	0.952308998445296
0.0585472295258163	0.256419951532592
0.167985053515569	0.851997678818566
0.111039066177516	0.352445141741005
-0.14489164525387	0.445600744709019
0.210268238341615	0.562555964932652
-0.136749327272468	0.303030046116231
-0.568472513488174	1.7679033408802
-0.382621520522022	1.05040597718032
-0.649892127125165	3.05734476596295
-0.530970430488994	1.39506086378967
-0.149064461703984	0.225012496961919
-0.289043899696746	0.317722108359671
-0.0385731349770968	0.035189851931029
-0.490166885230075	0.572008304538867
-0.315720879013857	0.222231633859053
-0.50028613404335	0.37708601527913
-0.0430983612535503	0.0268633932250395
-0.0516623547130336	0.0322096442470276
-0.335548506900277	0.293302821595838
-0.0669711920251216	0.0406382893103912
1.68167294290537	2.7482662543706
-0.779293900041638	0.667526862195846
-0.213219430058969	0.222259869062423
-1.71065389224346	3.33778805399228
0.154749208571516	0.155503842068324
0.20810529092016	0.187971240919765
-0.0733878012740441	0.0591299604002623
0.40295521447232	0.4398411598387
0.140088404190569	0.120949086348746
-0.163735084910084	0.139909261915654
-1.22435674825489	0.927985868369439
0.104549130677015	0.0745689853813274
0.171883338104963	0.0922674309835975
-0.19354788411819	0.160654289841373
-0.254763867125528	0.207728681602512
-0.199397125852118	0.148855889591566
-1.64445402313613	1.69770859848022
-0.602753716787686	0.289074692858458
-1.02766967731304	0.820157786361909
-1.00245784017055	1.60155463965898
-0.0617816119692128	0.0494294118809321
-0.214652063990727	0.138728224975734
-0.787565828943259	0.429930479599503
-0.330904398593293	0.263435542279863
0.298969435850556	0.235942798538095
-0.261803488491751	0.214352310580975
-0.224670741829449	0.145900641806957
-0.291071588218807	0.234737633887373
-0.187894482896436	0.125497523114293
-1.15836451951597	0.646829197530553
-0.971154032702967	0.479737216367389
0.156964116509175	0.0602446032592551
0.168855609864722	0.0978243392669481
0.31575705072616	0.230276751121461
-0.177889554413531	0.0953958122001321
0.313469899431996	0.228448465754607
-0.569879953203204	0.415421568375735
1.23756222291676	1.21439454241901
-2.11050131843674	1.61970282141278
-1.09346057996569	0.749411854532649
0.406904392046301	0.184465425662432
0.193689578258105	0.133835572398567
0.0284035126391678	0.0199557273043862
0.198046517494247	0.153920941942089
0.208371761210831	0.18347962296844
1.14007565515456	1.16937300500473
0.961425365286665	0.656120504965046
0.37005995787247	0.187580880470364
-0.213864286295849	0.138279360635464
-1.83234787902421	1.15268708108238
0.625242504878669	0.588285107508402
-0.218970952094335	0.165254434509099
0.590445508187185	0.672870869839904
-0.427860543780514	0.423189173254596
-0.0612336469497734	0.0489807898823459
0.211117247570964	0.209027469444049
-0.831750829269292	1.0508975280807
0.205302443559192	0.198212135775175
-0.181779950836512	0.167146824642664
0.132996670602448	0.10584235431659
0.388372527064876	0.344366197317729
-0.0628220195106863	0.0458426901953456
0.806979320658644	0.76934383265767
0.201302380806453	0.166927500331852
0.712435032655845	0.830097355351508
-1.68565628919025	2.71434042868471
0.0321148874317005	0.0225722228062928
-0.182473314266184	0.0979799158725511
-0.488406808065531	0.365997723771532
0.989341076123012	1.3069160945756
0.394792723564984	0.324574324124094
-0.0996860720626213	0.0585214160806277
1.90520790228433	1.64796293052998
1.76724575808516	1.38316930247175
-0.301154869544191	0.138326633321101
1.46140464556753	0.91335550485972
0.608023768428076	0.319085619873856
0.162244414904995	0.0787823381540107
-0.267879800824777	0.168006557906151
-0.13820927510853	0.049531032348743
-1.08716792622736	0.742455384177287
-0.389807333139705	0.387475515114804
-0.17553574306891	0.116601657861705
0.582696523162233	0.467241995831875
0.415080551627205	0.330031680285225
-0.706179784346267	0.765375856802464
-0.0255644139070088	0.0190899854599643
0.493578243879776	0.459011745360653
0.422102950020149	0.336534629170043
-0.389569741096937	0.162139446571965
-1.27032365700558	0.571955904152126
0.0402363776347601	0.173670186594554
0.0523644413195009	0.176910928287967
-0.0950874273867264	0.262443345481085
-0.162510461866531	0.373088729340352
-0.0699633619884633	0.127424422578318
-0.503123332720817	1.37479099802927
-0.485952669144733	1.54346734308088
-0.862217146488163	5.93335333844536
-0.359052712932254	0.763559571537825
-0.269838166389617	0.555590579975415
-1.32086799233228	0.82677321277391
-0.763846520547542	0.331965855437583
0.158160912494813	0.0686419741601485
0.903221986685294	0.487727217314656
-0.759722292109646	0.329804264269752
-0.137104662437005	0.0774722907429689
0.796759042589321	0.479295333975565
0.801310436928015	0.483666895854474
-0.564126136665117	0.545559665400097
-0.245481525939086	0.220506613390453
-0.626541831612721	0.60143137014055
-0.488526491466471	0.443732599603504
-0.466883720816231	0.393778849655995
-0.207795104802654	0.155921252322844
0.342771810216376	0.361567125172059
0.363535920098419	0.46400244274636
-0.294246857160576	0.361571024223794
-0.498486563310342	0.641609823553243
-0.507757852399193	0.768057945164084
-0.5967169550428	0.765451464548141
-0.0564813081935715	0.0411118822687431
0.0986869851702984	0.0882928791391135
0.0865768861585003	0.0566671465469371
-0.0291644608115202	0.0241509139152966
-0.598836726127305	0.4884135661034
-0.307813164970196	0.312046594625553
-1.2883713480043	1.74300560130288
-0.175810158387934	0.133565799202639
-0.252318307658907	0.187094285131075
-0.235654717205736	0.173279299460436
0.54724343185791	0.457055420794259
0.639581288215019	0.606030946598307
0.411133574757243	0.341175172339136
-0.443444793429054	0.442812203631139
0.0974684270239586	0.0667729129987471
0.333431907564106	0.365553909108106
-0.366935925243924	0.316175668141086
0.207289882795052	0.172551719350979
0.723918871143228	0.924589583493735
0.0281560560951144	0.0197889143509683
0.424160328823328	0.457774949962387
0.208142898315026	0.17836850519045
-0.000578446284002631	0.000567739456133518
0.101441389200002	0.0722430999983941
-0.0702638737672586	0.0564736172022797
-0.116710413264604	0.109756498716713
-0.122337289789636	0.103817770110356
-0.449494511869367	0.471504315731032
-0.817742986023934	1.22346201463013
-0.519572416071501	0.429771678055982
-0.546034213282296	0.347360879418509
0.197011439991591	0.176531106024204
0.0240174982381469	0.0230602138893756
0.514820117511341	0.549886385078561
-0.966971782921052	0.95068340931732
-0.284389899187663	0.206286328924754
-0.146334044796936	0.0995482643749749
-0.0226487626504573	0.0106589440275709
-1.64133608511222	1.69329776383733
0.21350202519492	0.178385358046041
-0.465036034272517	0.391823426666373
0.305422082329826	0.367754569474644
0.276809529671819	0.260631246630618
0.305781376468676	0.242273830143754
-0.0417153400966591	0.0420970314076127
0.448029774606915	0.450433917243109
-0.65006016269983	0.385971341998426
0.456780268923437	0.183977943497489
-0.101220642145512	0.0401128132628269
0.396630275203352	0.179436309889633
1.04211818703896	0.395589048045566
-0.768352792297376	0.334422629290655
-3.4565848348623	1.23040818352441
2.12133800034702	0.952308998445296
3.26540429808574	1.12204932755655
1.82627260695742	0.715797133923797
-0.178169136478913	0.0955589902107266
-0.0624451584039144	0.0596737727106442
-1.54716022013204	1.49497380726264
0.143600384448806	0.135406749305124
-0.103946607048563	0.0611226157800315
0.251464569357748	0.276015711660978
-0.0258491053422225	0.0216500409602973
-0.325127644712061	0.195339408491955
-0.786469156136394	0.519856933449477
-0.627829060935039	0.153504607197422
-1.13521969998424	0.343544374381215
0.145236742382555	0.833982587087881
-0.0523425049307616	0.188715480258621
-0.238272705278274	0.975842417239818
-0.392757294820318	1.90757830304956
-0.227509350056527	0.691339474081004
-0.613919157721786	2.95323878086382
-1.00455614977342	8.32489673358208
-0.598650991491258	1.9623237759306
-0.3999419831328	0.454606698527308
-0.160892032122647	0.151354016910176
0.122594851748945	0.0969737998731647
1.07394011641074	1.59253699698684
-0.0660881912741337	0.0539829635673419
0.153080770501968	0.136541859479385
-0.128222526947832	0.0999990826838114
-0.377311347639331	0.382293517456047
-0.306576125103189	0.291656060322663
0.0847618062925665	0.0750562916917012
-0.0805283910609294	0.074774537354595
-0.378187092965904	0.477579839657732
-0.18684569620591	0.158415902822637
-0.214841063455803	0.205124162827779
0.507391427275083	0.643118336720942
-0.606771381652356	0.496517721480073
-0.44885247356376	0.414003005412776
0.484070654875881	0.33239067226995
-0.404541242185681	0.375495498265702
-0.318249228993773	0.190689876228234
1.24235552961865	1.63475263144741
2.11755227768938	0.949827655288359
0.149110313200244	0.0572757439358563
0.157328017678796	0.068270214475041
-0.36903048348266	0.371849593727556
0.0406083141361097	0.0296186437489175
0.00235117452705745	0.00142737859351301
-0.244413003571554	0.180668072956182
-0.642511009645934	0.380710730102905
-0.0643912511017436	0.0390636855622615
0.00471112111822791	0.00248957858683946
1.47332471092664	0.924704731778507
0.161124654629549	0.0700088334063251
-0.914473679912952	0.669670342840979
-0.486776473537787	0.25588967394822
1.09317750392111	0.674338995742177
-1.60168875106694	1.23518236841392
0.307586405509096	0.223480707530997
0.819927878696287	0.895654720671712
0.176748888506182	0.109464281624138
1.61474624161694	1.13052032570348
-0.0985933855437841	0.0391122414664498
1.33432841091739	0.584762055165741
-1.23669372491537	1.15211286364212
0.0285736312593533	0.0157454258395439
-1.00276530688013	1.44366799315522
-0.208280167266096	0.233304801575966
0.932706055858813	1.63187181896514
-0.221239273669004	0.200226009716557
-1.04739069681089	1.09324761302972
-1.03687252455059	1.36112236857061
-0.0330376106328818	0.0243275592430427
-0.703154765054621	1.05917169858558
-0.190310541652368	0.18912348004043
1.13254259294669	1.84950288681896
-0.105320864402845	0.0829512346410449
0.269660035809639	0.283598075166043
0.309882273171878	0.354488962394977
-0.148474086408746	0.114202109055077
0.451291116989728	0.327086224969024
-0.212983283899145	0.0687817460409594
1.04455801006536	0.39678683304154
1.0054327940473	0.829278789414382
0.671307908161991	0.881284523655221
0.452590419086521	0.456257309120375
-0.380045190057499	0.298323288620737
0.296764331314158	0.233987857336562
0.0558602347470524	0.0327502252147473
-0.17864255057362	0.0958073305163285
0.00331278324604444	0.0018029223659985
0.616390349681441	0.469698174875903
0.607695528751581	0.318830326989282
0.314581285098692	0.217592215788556
-0.77689004047309	0.88879899041302
-0.123764134040362	0.096273501642006
-0.449956212144439	0.415216021616994
-0.186045410976733	0.124177679356734
-0.373601329535295	0.292253629964084
0.182886814866719	0.113531265902544
0.456587644934172	0.331920251046565
-0.535782185748817	0.339196371175004
0.0565232714077294	0.253191494921753
-0.0799034573018118	0.317969627959164
-0.0390620186953875	0.107136508370291
-0.256156079131497	0.995345954683301
-0.176600803040371	0.540527211744072
-0.52058584893209	2.85624544803437
-0.391331710829049	1.24024475776045
-0.0662693407657196	0.0590715555632155
-0.145890474466801	0.133130437858246
-0.269766654569602	0.277647749541883
0.809386309456228	1.39473994076539
-0.278003572221984	0.265800694558891
0.861309155847444	1.37595960302682
-0.267899590534488	0.260309474647397
0.0960254250111455	0.085718984133702
-0.162355861287186	0.187144281941023
-0.278162330161809	0.342479777132616
-0.829159188474149	1.62778348670032
-0.295254837622013	0.371766385994469
-0.208770385609827	0.156651109585699
0.210782859115116	0.1705063522155
0.462830446201548	0.45450905154586
-0.338297464018968	0.296268716668284
0.0449307742674419	0.0263881774543035
0.205953797935202	0.160778021972541
0.821753992690835	0.346118851347505
-0.2980026668687	0.136781332932197
-0.290978685587742	0.31430869221758
-0.612365154189186	0.544473912663136
0.530689678718772	0.554016954017994
0.871689517004379	0.649145193510658
-1.51560015914977	0.540391239685252
-1.02050867103886	0.404356899215527
0.079467891228803	0.0518758970211029
0.802794512801522	0.640219577395764
0.157328017678796	0.068270214475041
0.366036057221842	0.18518537436208
0.00697677678946178	0.00358315385493964
-3.45538437102149	1.2298802093729
0.204027501080987	0.169512643191308
0.0162911260171212	0.0115197297088402
-0.773664868144692	0.723020874857523
0.698795405391979	0.61352208534718
-0.783446212436154	0.427005671548173
1.33366758907542	0.584614927374746
-0.398391340164656	0.166232543938586
-0.604929535727928	0.666510786080085
-0.0116680316652237	0.00988957737807262
-0.486688943472439	0.686964056664362
0.0638373360601837	0.0633649274085876
0.407043532626609	0.445554525235726
-1.27198265887012	1.7066412667873
-0.256805675213982	0.2670344489646
0.292918210966775	0.366670640145339
0.0478677817345692	0.0493977749562515
-0.313728871757877	0.338059824154336
0.318974834820249	0.353315712247644
0.213775914521376	0.212064019793332
-0.582668580994425	0.684029729266106
-0.0229171364372181	0.0191908166860507
0.437183325864616	0.334198902502288
-0.609652629177743	0.292817973566139
-0.333312925657287	0.265761201188004
-0.204138055299848	0.214920998896433
0.734346019991064	0.912654889315542
0.0578813569086076	0.0438060349282561
-0.264988840680554	0.217347998234947
0.546220700033958	0.455863127162708
0.806720387246988	0.875536647297769
-0.220850324469419	0.143212329696394
-0.455211304334888	0.303495599281496
0.00519921228928887	0.00360708131923299
-0.444940560115943	0.295004684616285
0.127485431531407	0.101140297490252
0.573404536809014	0.571103776305237
0.295241359841093	0.258195106597958
0.198470823701898	0.164257628221163
-0.213246470391784	0.160458884252581
0.0531151052765554	0.0311755314748558
-0.181128185471047	0.0972269911022705
-0.610268937427537	0.541859693097984
-0.043998240472064	0.173953457551202
-0.0149689339512406	0.0449848831034162
-0.0117342213331781	0.0276412597613685
-0.368591259798765	1.56286587400168
-0.347065121539711	1.52944739934429
-0.333756818550982	0.266139230882373
0.208555036164127	0.19298268689215
-0.543904981108038	0.640336694116322
-0.0139855740500149	0.0118341974537511
-0.0921403305893271	0.0810444360157939
-0.616244771651966	0.859338948062887
-1.39569137621048	1.85903201515097
-0.0532334683090534	0.033209013273932
-0.613033144705188	0.545293723796502
-0.460726028207745	0.307616811741049
0.798653141009801	0.481563534404209
0.490409895648481	0.337871091370519
0.154540296660048	0.0525165420882453
-0.0144987355328964	0.00694987284333925
-0.0184316888736423	0.00874096199931458
-0.258886098880459	0.161808483004871
-0.182094156347569	0.12132289743611
-0.229833494467532	0.114806507179195
-0.342569521377039	0.0986187132378211
0.826252270975154	0.34827642903147
0.552320090181102	0.321449300086733
0.173725608506691	0.107447358048806
-0.233381546795548	0.116632240009177
-0.768705989684847	0.334579180836752
-2.91012794583246	2.1523488189057
0.167121308561088	0.0895854209266496
0.404053080970234	0.183058046780863
-1.82069579293819	1.66169272098063
-0.0999987245263211	0.0707546231951734
0.100980072625462	0.0718903705093994
-0.212100366615352	0.136989954210758
0.159888868383505	0.0776881649777581
-1.13461598703551	0.343230613786831
-0.719465582528739	0.247026553935257
-0.184532084353359	0.0991057355760032
-0.287927625770401	0.231663625992674
-0.0982755247727682	0.078776211393935
-0.526085345073782	0.675080326858686
0.159026949138263	0.163111702539065
0.336254569533307	0.344528453036466
0.0469035719604935	0.0353418553565203
0.334172110113705	0.350398747227007
0.26546117119935	0.278114626907642
-0.122511162625073	0.133049688732251
-0.131172939237012	0.112044629422758
0.0727304823105323	0.0599874195716008
-0.323424501928678	0.350868838435634
0.0354275442423808	0.025810377839535
-0.0974024517064435	0.0780428427040868
-0.386149105633392	0.160678716148557
1.57643819685999	0.785371966119765
0.528476382778789	0.189975415538032
0.32317410572543	0.210983969843366
0.404067898863743	0.452337526363503
-0.400823667418242	0.37162674715934
0.723557694892751	0.735045891106811
-0.152026088439911	0.117192240455595
-0.363394672527802	0.312383497596769
0.30215335012992	0.228908283772745
0.32872091052976	0.215240815932765
0.191587197015881	0.126068288096405
-0.276245343171198	0.199473497638131
0.0479074418142228	0.0280677923579974
0.184230970932359	0.120921349185637
0.97034538513481	0.965243468211631
-0.513669250149874	0.423298815309743
-0.25606603920617	0.208969254563278
0.122626583133347	0.651661984170717
-0.0355981285152595	0.114232895491072
-0.174015300590575	0.626916981584465
-0.517215290333496	3.08605001360955
0.00845575982808909	0.00575380776845417
-0.0722901109175917	0.0637526303385818
-0.865780543807582	1.34638690089476
-0.0514627315718928	0.0416716925083717
-0.242495079873588	0.236574498994992
-0.107841193677315	0.0744559126276058
-0.00923856624096072	0.00456643701222446
-0.0398372813115824	0.024846833930115
0.915286724434052	0.4962927782455
-0.712961923361336	0.244465863933162
0.150130893477372	0.0728327665111382
0.161546088205671	0.0482379354240544
-0.443902806057971	0.294298665807623
-1.83310187952683	1.15357282206421
-0.670980443714374	0.853493425280224
-0.320468018545248	0.191961103623794
0.175188780308084	0.114473369909761
-0.905744620835938	0.660603046372602
0.153247222778868	0.0588212060537421
-0.724527840719668	0.248940035798255
-0.0544799652702283	0.0237648388470658
-0.599681728957615	0.286823215813243
-0.180297439706537	0.0966323575968197
0.154169004929053	0.0668513325863638
0.162479935061762	0.0485106492306684
-2.06775455466318	0.942087611195782
-0.991005615722805	0.888570132506263
-0.212645150810112	0.137396029038139
-0.764348057314127	0.332483080084793
-0.882570967987592	1.16156441873785
0.0581819398815862	0.0614137746983492
-0.0267728651817513	0.0250883442767423
0.125308421736007	0.104608488287387
-0.575001272301144	0.671853982596912
-0.0567695736104915	0.0517404156410547
-0.547477400174934	0.736936647614184
0.0953969264596171	0.0883866662024214
-0.290916980651607	0.234576559134476
-0.618966621480372	0.753153252360762
-0.38406580452736	0.477983301041704
0.0583465520024308	0.0465846566476404
-0.143864444968548	0.123996104734754
0.157831372779687	0.0765247051495202
1.08371805848824	0.666402384859342
-1.13482941234436	0.34340642829894
0.0312848328290948	0.0171906772407198
0.267225251602931	0.274675542488264
-0.248116145114359	0.223232249782197
0.497105363744004	0.444709573240283
1.24955537180368	1.52026270567435
0.118354949443891	0.0907146106684849
0.857717237249505	0.785524553390815
0.616399686892754	0.469741391855868
0.314461736609599	0.204766611919341
0.311666667194749	0.226860898390141
-1.33224816885117	1.5229679139426
0.299558662165006	0.254300804253525
0.481188509719384	0.461245925757087
-0.0206728081954258	0.0132053842537275
0.199706299163886	0.155318302239282
-0.418575070039146	0.358233090596739
-0.684693804760364	0.597865886293039
0.0469857048988984	0.0275592389579781
-0.0186845975073295	0.0654681212961356
0.094047341351703	0.352871641273677
-0.158298517896438	0.568595019421515
-0.192680120216298	0.159924098075052
0.0134365226608306	0.010577939571524
-0.406295016692589	0.408344223879008
-0.0711115407411515	0.0508925953950295
-0.255036074470605	0.245641101574976
-0.289918003930647	0.334373612547024
-0.784408272398542	0.67333171563312
-0.777920511979723	0.728769109536821
-0.322759829192841	0.193570505890695
-0.0788013534341784	0.0479251714856169
-0.665192885023127	0.465185065566328
0.464535905160754	0.338769561686741
0.906440813689022	0.490021311230693
3.6409027894866	1.43427384419709
2.3585702509138	1.18254995764164
0.445351897311158	0.179163843318866
0.152830907934869	0.0662551558130761
-0.795533132301123	0.434903983575406
-0.0710721081279674	0.0509112740909098
0.419059400061557	0.333876260302123
0.610131696749543	0.463416384264064
0.453383499244716	0.182498952413016
-0.628807341949763	0.15371861128279
-0.512353993368551	0.193709985793353
-1.02558641604596	0.406837006708145
0.400639531299599	0.181254630717297
-0.995226555427999	0.893749765486094
-0.214952210282499	0.0694159656881339
-0.215184417856504	0.0694920488130609
-0.944779209622486	0.580043964419291
0.0318736836353533	0.0175479304592434
-0.240169125322611	0.120343346071108
-0.238255416356805	0.17549836551795
0.331282690243947	0.354716767143067
-0.109976658741487	0.0962832077914519
-0.0176720310775306	0.0148017480795439
0.287262925304585	0.265160234508218
-1.09539964113371	1.05693978739324
-0.247659779164112	0.255825756983798
-0.141110737197782	0.121391069610773
-0.0908716499081421	0.0798596900877406
0.35216726140978	0.35542285431977
-0.494913798924786	0.518769489389316
-0.676898238269924	0.864411691875179
0.208836884372929	0.188680247946893
0.378978953562318	0.333992088644771
2.13420263632797	1.49526899977297
1.34107694323885	0.588353487621993
-0.629636196854164	0.153977935518255
0.186225727837728	0.108569236482942
0.111741835025483	0.0799562684696821
-0.623234518600587	0.557005771544749
0.60458831875877	0.588485901125241
-0.676352381247628	0.475756156123762
-0.148328262797224	0.0840293968560355
1.37879920593588	1.28653711374325
-0.127712236786357	0.0719941498941855
1.24871697200937	1.0612468447802
0.0105612687141988	0.00532410498159347
1.24463271312878	1.22444887773518
-1.14961937396214	1.00305260284876
-0.784126636681441	0.518772107288842
0.191638998584707	0.137995473009144
0.0910415846587169	0.0621699620807997
0.301474552565514	0.238285226748098
-0.59026938636693	0.479138819861135
-0.518254908908709	0.428349189878894
0.00403312873447182	0.00213717760661551
-0.293507743726581	0.237012365697411
0.0559349099184215	0.230447576397644
0.0923539433903552	0.382584299199669
-0.0887215944818525	0.0624608513044682
-0.0102574721899512	0.0077707473423412
-0.141598990135847	0.124327814993809
-0.387914573582664	0.461168734247452
-0.240720955551556	0.263954259202365
-0.655208821551103	0.915128770454377
-0.209506939604828	0.244150007129886
-1.29723806041751	1.91290717814127
-0.14270028471501	0.122892074060618
-0.178206675581705	0.135594518150723
0.811969172714691	0.883812236425902
1.13364727493829	1.02850996951445
1.11256641163869	1.52275062345506
0.739839571191142	0.619078944071149
0.158577402299565	0.0608665916613508
1.14987633211587	1.18519553524052
0.151564043945608	0.0581589598399253
-1.21455618359728	0.917187110011749
-0.175061924835259	0.093765060741334
-0.344864025255158	0.0991853144395914
-1.08620582068974	0.741437225844925
-0.0475398092360688	0.0344862855504747
-0.187511223088062	0.143401034214294
-0.060417576867211	0.0440458363510783
1.02181276127701	1.22790935457468
-0.321327050755787	0.192556412843814
0.552706552172332	0.463084446520658
0.826058603447256	0.34818473678636
-0.572462865549744	0.417585963424622
0.551855247201508	0.321175327529292
-0.491813403030095	0.258815877355943
-0.684808936427128	0.598194856872107
0.156403408531497	0.0531349651823521
-0.139626623650296	0.0500203007886289
-0.60778400591417	0.291798559864761
0.397158745568435	0.179710547162979
-0.302344719394741	0.138712457398006
-0.390688665009208	0.162610645933004
0.0526200467300563	0.0397292097604379
-0.411679619795337	0.350878449863578
-0.251965975688571	0.278955891491866
-0.779133478735279	1.08321100376201
0.217449818436061	0.211806248185206
-0.498503999491011	0.45532619043291
0.850480953505663	0.898838000977274
0.131857320444264	0.118348041486531
-0.578768009548952	0.778900141222394
0.524259479394073	0.778478694871624
-0.338605039938544	0.320422150413271
-0.987603978760055	1.41106403390149
0.760837391360952	1.11529659117127
0.0665732883258299	0.053419823806456
-0.269411072753331	0.256018576567315
0.575216943933632	0.460000168618099
-0.783061846161901	0.426936453154259
-1.14009620739235	0.345227889980206
-0.377922453340555	0.296240652835371
-0.334447029605762	0.337587469906805
-0.258165101724726	0.227740244137804
0.185309817173327	0.127522895578838
0.300915227108883	0.237752032010296
1.24321272890683	1.37328972743528
-0.0269270132583076	0.0126090685599935
0.151568077232892	0.0658095329707902
0.162410581881552	0.0622929763847185
-0.29816052270885	0.13689177324061
0.349764896270559	0.19611955060978
-0.648287653734172	0.384508155252767
0.559977476635163	0.470604832775512
-0.700101513712052	0.665897920740319
0.00703892571957475	0.00440599154368123
0.286372837769954	0.241177250318978
-1.21624081283596	1.5679455009497
0.178745066962182	0.103892541429375
0.628047586222722	0.591891932927203
-0.225252325852183	0.146334301214738
0.129496399424156	0.748378301363534
0.0243692095142627	0.0171341858021678
-0.128111484822735	0.131082697104915
0.107276633411704	0.108957444787884
-0.815704409684926	1.357282981913
-0.0769601980675445	0.0681072341673783
-0.222488622519037	0.233683191233938
0.206903005032024	0.204180709909678
0.418190981615228	0.449610492383304
-0.267745091725953	0.219974888067153
0.0300472851636981	0.0165491223447256
0.321483782590387	0.223191678554663
0.327189783049484	0.227456381185875
0.590977436941066	0.476022826701836
-0.0297401358322612	0.021893201010131
0.0955830654195718	0.0678870959648977
0.133318110509924	0.117260370248314
-0.548336744530652	0.673673080617893
-0.222889883543441	0.183556003059449
0.146625258417804	0.124176885597118
0.605560045076236	0.589538455434456
0.376768458965523	0.343429884263691
-1.11662707710737	1.45160846967221
0.207930164180785	0.167929778061947
-0.275346965758672	0.284827950474602
0.326614648500909	0.356225592360958
-0.0534701970026097	0.0433765413531119
-0.113541658754076	0.0996547585515765
0.110848138620492	0.0820194566044733
0.63367674559932	0.598722661997988
-0.23702181945096	0.118645904673959
0.764134366650097	0.847425171557576
-0.589380990144755	0.281454609154181
0.741975855835986	0.621792007150306
0.925962746697771	0.809783158040842
0.299740487817027	0.236728995008386
1.37019613218689	1.27411575697333
-0.215672497750399	0.139544821665335
-0.0297075467596747	0.0189133427072729
0.634973907713436	0.600611667610826
-1.02809587967183	0.820647065811096
-0.323716586282386	0.228952997013781
0.312514498865381	0.227611989488633
0.943044539834504	1.06757259794117
0.0300639266885524	0.0218841010176117
-0.558373573589651	0.617449478081411
-0.55943493163258	0.619550280349472
-0.290789651487206	0.254832229087482
0.598171925528832	0.845108790985181
0.0199513700492272	0.0182137750552261
-0.604552966857257	0.808409339263415
-1.02913483153791	1.97592534874672
-0.182785009251621	0.168124238700624
0.955863131386314	1.65180455533488
-0.31069373129609	0.351090129550227
0.0341541172850378	0.029653705930209
0.276410445320992	0.29805720663171
0.0457026088256959	0.0344242441817757
0.463273010720421	0.606365533494301
0.0586161963188801	0.0535986869400858
0.0728290372567121	0.0729055030630008
-0.0420194007922933	0.0344514990387962
-0.648606580849583	0.707322670597488
-0.490433786948425	0.257949958752948
0.798637677836261	0.636183330092255
0.659535824214958	0.704586008836648
-0.52836982062267	0.656824240763581
0.855516743270586	1.11836840729994
-0.578354703363689	0.563537928205999
0.178079180120965	0.110314200062224
0.424959240385609	0.339624984284638
1.37575820875777	1.28095038573592
-0.1479006917775	0.0529122719445307
0.340477370624056	0.190490564190545
-0.39331988658492	0.163981075525171
0.36797359824279	0.186569706817396
1.04536274716367	0.998104042640659
0.390934904805455	0.359334761516907
0.584224105298095	0.88084488814419
0.996341737801988	1.52493513068941
0.121629171236693	0.0961404487372394
0.201916549941106	0.151888094348879
0.136292312637437	0.111700012276771
-0.23225865061767	0.211750200130985
-0.444394725412601	0.294560158628707
-0.882656204493503	1.16231779400882
-0.328344967338049	0.349977253362086
0.204957946635017	0.201984621111909
-0.149794634471973	0.115322952838874
0.213109224363019	0.206933783730066
-0.917791560205854	1.10058667206349
-0.167214963718873	0.143157307370646
-0.200150347364092	0.149467137233509
0.728025021868983	0.741270379294607
-0.491073085985187	0.368630478358417
0.153247222778868	0.0588212060537421
0.846338677067298	1.00034536035739
-0.480219027196771	0.251727089550542
-0.595583362648709	0.484947013626421
-1.04963179592136	1.09621430174027
0.0323735211917348	0.0235746499640162
-0.0784584741996686	0.0634081220409082
0.205105976123025	0.170522477163349
0.297087457333378	0.234303106000817
1.54770351957125	1.88300071106355
0.177474494511245	0.10324509647532
-0.0121868611380244	0.00588875447381641
-0.917742163213599	1.10057920395688
-0.864985517620934	0.86370771191789
-0.0210252898696655	0.0099243024878134
-0.14156463205367	0.0801007935155361
-0.456217882515133	0.30407626087915
-0.112448031321115	0.077822166699944
-0.297542128555115	0.240825188505857
0.399330992415116	0.343094530902946
-0.27312339298702	0.243446261685277
0.55561864386272	0.466234275838872
0.605352270068179	0.589390349312109
0.557411377411912	0.325686699643545
-1.2724223749879	0.572901819199514
1.13091779220404	1.02580625630784
-1.47692061998786	1.03369300111802
1.53583710374002	1.324443286961
0.192390493871874	0.132855789182592
-0.0504442919763924	0.0220653569575298
-0.94147753106974	0.577177142909686
0.929497755069556	0.814135383870741
-0.0253581352160277	0.0161656650015142
-0.0854467101516197	0.0340128276954404
0.169488076259706	0.0908379887016671
0.143856894582748	0.0552974127488249
0.150191405688354	0.0651484108905712
-0.0602638744448226	0.0262296382666818
-0.415856081534258	0.355330478666838
-0.516384298262988	0.504504344553688
0.0897369746158141	0.0781468766203442
0.221638330236109	0.211851975647308
-0.628322195725462	0.800860805878277
-0.265677839435999	0.235638049273044
-0.07343904979379	0.0526576891805646
-0.0992304243234772	0.0795701245011765
-0.0851874803116077	0.0677362834372967
-0.335983357224952	0.293822195059375
-0.930963956992153	1.05368123202472
0.352877773534525	0.346937344556856
-0.0788055813766231	0.0624359552061164
-0.241896122906518	0.178517717649192
0.48402435258413	0.552519239392718
0.772779035905412	0.861230597839212
-0.844157164666296	0.959386778326711
-1.33187046895723	0.837928516784145
0.669665397318181	0.212450186666999
-0.384885688515019	0.302729119866375
0.696174690312197	0.803654560454271
-1.6383039900705	1.68806466476132
0.159223056499103	0.0772010300918665
0.726098527172905	0.48273043101998
1.25301433582193	0.872320520652854
-0.595141853433546	0.284764285332577
0.791717045276906	0.47629243644258
0.161480345473598	0.0700862342877334
-0.767761488763089	0.3340892272935
0.156788802323928	0.0761669000692778
-0.909571443774381	0.664701053556479
-0.0157467958921433	0.0100974962142282
0.33821769002928	0.206894443864748
-0.379485374546095	0.260712362241114
0.0317705168722146	0.0174636281725787
0.721242641728398	0.477936475703256
-0.426550559845499	0.327479603067913
0.172831316736063	0.100281679294159
-0.785122232482123	0.518839114811724
-0.76149525509435	0.330739131941591
-0.277878777505897	0.20092353419395
-0.289678125514946	0.233328020327816
-0.372040268031349	0.467311419532196
0.2987474443935	0.369347392915836
0.422591079886677	0.691619960808781
0.484492575924071	0.690631220242619
0.12585876773579	0.152006388549709
-0.0697003867680378	0.0632268171852876
-0.669633919290752	0.851167735987515
-0.503919206478201	0.843354716097852
0.603348376700865	1.00534645453192
-0.243795233356334	0.329672780844885
0.342554028554274	0.492178067699632
-1.59229597067757	1.89205236756843
-0.383082697603339	0.263748495994006
0.686098688537799	0.815472964631752
0.917303502587283	1.74331567432814
0.30536836488553	0.24190723229712
-0.328220953541607	0.37600894300956
0.0626057105799718	0.0679445304299998
0.421149068184078	0.517070355503122
0.0333488123092149	0.0331399175161668
-0.51835659646179	0.87812336021071
-0.0585712746939705	0.0572623250842986
0.121942390718757	0.131027822607686
0.408986667484773	0.52802839576545
0.0462892637196564	0.0348738624275488
-0.0883067910841335	0.0620719607192111
1.15264734641933	1.18899972367674
0.59009267811087	0.475330784377563
0.476765358805617	0.326507882239984
-0.678288937984661	0.936976776292035
-0.174846551068647	0.116138719747371
-0.107616443739748	0.084871838023279
-0.325953238141207	0.25868179548615
-0.339514525865028	0.465644427048178
0.400898612396438	0.514305489335102
0.524258130652088	0.64031598341763
0.557829673035272	0.571759822674599
0.15480323536572	0.158211556100336
-0.532117163569347	0.622263532586491
-1.19122829424041	2.09325545596283
0.284137446913387	0.261755249315034
-0.00457534597208625	0.00392734392760342
0.0346284298485439	0.0334788932738664
0.255768407729567	0.276656914784424
0.156268441072138	0.165126561288796
-0.670184826557972	0.470152549806798
0.289404276567807	0.252211981897309
0.000353634184570321	0.000258108874888866
-0.427190800922617	0.580769301075392
-0.589459318207946	0.87040525216786
-0.303882152347539	0.268567631027102
0.173893465972208	0.0934124879119192
0.550829412351452	0.460907210186014
-0.515019487818809	0.571615575113107
0.57698399923997	1.00072380086991
-0.261546575745077	0.163634228114615
0.336208714241868	0.205410500502236
-0.394513529856492	0.164426177322579
-0.483947815610344	0.254078360527989
0.802614553238838	0.763881667142835
-0.78898342050392	0.678836432338275
0.852857645555864	0.779098423870301
-0.448810184603748	0.41397375242773
-0.516690820073036	0.89310978652433
0.557200625736822	0.799881933065161
0.221657437757235	0.225587875612367
0.358026840840447	0.562354745555313
0.692567481946864	0.606639911293223
1.45476541507032	0.482531337515686
0.164346026904199	0.0490101668927593
1.45868047865843	0.484047550536175
-0.21049146922482	0.0680355104001863
1.33011373386665	0.58253136514184
-0.627367542213354	0.153354696036073
-0.628807341949763	0.15371861128279
-0.214926988436609	0.0694297469164798
0.931284841094513	1.1723620090297
1.54597138501621	1.33752730073481
0.327943960841893	0.342310238159764
0.155981787306606	0.0756835648427222
-0.164524758998138	0.155138244780641
-0.0654815332217336	0.0534782833018945
-1.15438658262079	0.644277527372896
-0.764086062426498	0.332088631279259
-0.722104754812606	0.247977448104565
-0.48625644407589	0.255318665215192
0.349205224430833	0.214288264429092
0.486206760968146	0.467399430370721
0.618528844189319	0.693749468844432
-0.60672985966865	0.811908074099927
0.213207515781127	0.197961410335011
0.680277936480633	0.897407947293899
-0.582057795945177	0.631737521765721
-0.892261819198471	1.1191345422514
-0.156582188771216	0.144122150202186
-0.102148969915754	0.0889166705742643
0.161833139927657	0.151661082196841
0.590662274877442	0.831331107815817
-1.46014746555117	1.01508064416802
-0.390383795253524	0.162477035260582
0.452086522919451	0.181964226074587
0.202319589652756	0.162805257773794
0.618086209432337	0.470856725175563
0.771443258229264	0.858526211743407
0.033686541280649	0.0245355557079271
-0.333976203304219	0.291720656836807
-0.102355545697439	0.089037313245046
0.0406811081591587	0.0354370804352465
-0.128042595603335	0.0892262321050972
0.0246778192702648	0.0173365208698307
0.448383572180209	0.450874873918693
0.84051180729809	1.18466595942622
-0.51074555080771	0.604666797409201
-0.646539104261892	0.383717203275749
0.702150282287369	0.617991269137203
-0.0238783008728064	0.0112114194614202
-0.768114862745367	0.334314347835866
-0.141741736474688	0.0507251072219281
-0.0975312265347568	0.0689203578195825
2.40925834142439	2.06224622887766
-0.492878442723243	0.370211039767517
1.99719959316396	2.38298796590602
-0.618366904060816	0.863249617787914
-0.0927408648969006	0.0740917750960317
0.831930033693227	1.16583621035855
1.10915972600917	0.84647976103614
0.205962761406783	0.155278118030508
0.49168989809752	0.456793309950915
-0.539930468826481	0.563367586734789
-0.843837468102279	0.898085630910577
0.608032645226963	0.776524228926541
0.215031839589709	0.213471495749388
-0.958039596649213	1.47640019903285
0.58763250760144	0.589965868290421
-0.646487262469838	0.383339995235504
-0.895961838437392	0.747164766064446
-0.320874455028213	0.192320379253475
-0.211116179934791	0.13628789939163
-0.633312675450745	0.810099982559103
-0.238466262952876	0.249186355970957
-0.400012064621403	0.166862303200415
-0.661857874929526	0.462457854223728
1.37515268794703	1.28018723345313
-0.0544799652702283	0.0237648388470658
0.857399976827717	1.0193936541611
-0.78064458068645	0.424526994098068
-0.388756306452368	0.161776987195103
0.532501690034208	0.191523210703971
-0.399386935123943	0.399388907532579
-1.48831337120383	0.753191981881496
0.373213756568532	0.189387369020431
-0.209603293307511	0.0677458907222275
0.725588574800656	0.481865434619114
-0.72491612517632	0.964789402357923
0.036361946229441	0.0273113785539489
0.629729791640193	0.593815086542266
-0.596768526594744	0.685102347558904
0.149620174394261	0.0509003948786302
-0.348465736253515	0.100232718134072
-0.34437786413669	0.0991240395491601
1.95706969381346	0.441073865263096
1.96040941896093	0.441936123238363
3.26352329858721	1.1213740078214
0.152567656731362	0.0287430408348264
0.00923134626339274	0.00469159446897744
1.25673078210242	0.875270753786205
-0.774416873186376	0.592033096703974
0.454204940217567	0.182916641096981
-1.11581069286501	1.22351787709691
0.00374349092566607	0.00201236745077695
-1.79835097978106	0.382953978270685
-0.62503342749082	0.152907838403333
-0.628347365301396	0.153568930486371
-0.627367542213354	0.153354696036073
-0.0917302405851672	0.036418796385065
0.155846546513865	0.059824112236972
0.595523611206384	0.59994040728287
0.211148589486831	0.181308499650843
-0.244187159679126	0.280217386855923
-0.36388703945009	0.411637478440254
0.0816035803330802	0.0823077051586149
-0.52183665272636	0.645890546142966
0.3671164498216	0.343330382485685
-0.491616407363847	0.826354828347399
0.672015390629612	0.942531448113891
0.427596544313909	0.576873928266931
-0.478754997437028	0.621138600373914
-0.783999153542243	0.518814621427079
-1.22236685273892	0.925372590434164
-0.00295317675477862	0.00194119713503665
-0.647085449357007	0.667477560135661
-0.122803259489307	0.0853505282297967
-0.0544862758516023	0.0449682301722288
0.302747390405994	0.363600742199228
0.368428271208911	0.355735486711767
0.0156403406285675	0.0147631601805725
-0.182516551741574	0.191722331871017
-0.263086121731706	0.164678900972666
-0.179961730518124	0.165215968123769
-0.608606290058476	0.787075468449778
-0.106001978815503	0.100498629057779
0.132010427335767	0.110713263184241
-0.209807670119126	0.157517910246286
0.629397370959404	0.593329529775606
0.875067700238961	0.652655265863695
0.337386271975734	0.206042870404952
-0.151948739680961	0.0543474280362867
-0.178680663318153	0.136026187567968
0.92820844802405	0.813147487230276
0.291142446603674	0.228773795963148
-0.264372986718414	0.216629381996922
-0.298887359751624	0.362643731133973
0.0631501577889173	0.0492848532263435
0.581568241032518	0.749201936518643
0.179466698945755	0.111215143926859
0.284396304284854	0.262080863774894
0.718029962173456	0.727304283930411
0.258820807704617	0.296240095194891
0.370381224223	0.347206010272678
-0.525808758707398	0.771085719705023
0.625793061284413	0.913574130605972
0.309327564547208	0.373475319928777
0.333321919863583	0.340823235752567
-0.142261970379491	0.0509595784549565
-1.43255215922562	1.52731978306377
-0.893250466253383	0.744484275078711
0.821564142670722	0.345931638957748
-0.784268856009181	0.602792387788438
-0.452157647360619	0.417592442288563
-0.0059252130132184	0.00446966324394554
-0.239747072059765	0.120124321121886
0.613512573671803	0.322329169208786
0.791009397578852	0.475246569231903
0.728603223690316	0.484488368893332
0.616653060362893	0.324337514555528
1.33681578405904	0.586406825513233
-0.308536653511785	0.142015344836264
-1.45332082471133	1.00744502009457
0.686645598013419	0.97295145810829
0.105324781467778	0.101799191209809
0.128818203650307	0.102274511344041
-0.388086645153453	0.412130820729536
0.363800962801166	0.184285878704447
0.166311360817904	0.0418484681801843
0.66475647791666	0.210855781457285
-0.342569521377039	0.0986187132378211
-1.79827400712943	0.382942964938875
1.82513230176872	0.715356894962213
-1.79835097978106	0.382953978270685
0.669665397318181	0.212450186666999
-1.91867454650243	1.87879659695804
0.702589406051372	0.330108714505391
0.18501368698182	0.121416288026692
-0.777763906596145	0.339160140326765
-0.431861967909098	0.428218679030754
-0.882424275024929	0.815156950655432
1.04455801006536	0.39678683304154
-1.79827400712943	0.382942964938875
-0.721178105137157	0.247635434110556
-0.628807341949763	0.15371861128279
0.148503149870495	0.0281892610504199
-0.716074907122798	0.245725534591538
-0.0602638744448226	0.0262296382666818
0.151905065586114	0.0516577328804664
-0.216704198384581	0.0699925234859149
0.394976607608653	0.338549599353736
-0.045308701538469	0.0334749226127855
-0.873963547924224	1.53235219616027
0.224738456717412	0.210214122995296
0.204839634195025	0.217530632860741
0.131755746327504	0.107672423209766
0.140853301699324	0.137463166816004
-0.289119364327185	0.317681256788024
0.053730912420438	0.0406076364835492
-0.560483832453494	0.912668320596987
-0.214639197642422	0.237873205462175
-0.432994051150951	0.333585119524858
-1.46667049905628	1.02209623150901
1.13081655723137	1.02526621678312
-0.488488410026411	0.366221208382503
-0.316909556323514	0.189793410857863
0.0708596036857392	0.0583697230527674
-0.0655897250581402	0.0535444621234676
-0.901924419473856	1.44655857699854
-0.306354022261633	0.38965070994506
-0.421284389787058	0.529510742140995
-2.10207295937073	2.91808940981229
-0.1146557228544	0.0908351476434575
0.326674621253669	0.36398877084041
-0.134594329327583	0.117628149011109
0.0379593960901782	0.0323752827917589
-1.73934323917443	2.89624181699402
0.336387045860314	0.205564792935149
-0.0415370652441843	0.0258949578326624
-0.789752678936899	0.523491337723421
-0.0593145602609258	0.025825067964846
1.33681578405904	0.586406825513233
-0.280216278350326	0.202920231824422
0.17885585655487	0.117072446972205
-0.131608619057881	0.0742506997091342
-0.0978901177407144	0.0574680914614995
-0.298853159839964	0.347262371594208
0.274476313935575	0.27747633039587
-0.235376114595532	0.209923183114514
-0.446266721163683	0.296070312531787
-0.986454334163357	1.40840540469317
0.32385278885578	0.352588811804577
-0.14538760798822	0.122688178846877
-2.54512674395187	3.70938642391737
-0.596756005799715	0.765647262409251
-0.192170974577584	0.218511369529638
0.0807568546432958	0.0713019371341774
0.369074825676743	0.356413817147182
-0.778103443316595	0.595745207312193
-0.331171885053557	0.235077840023167
-0.706764821982718	0.809215339514367
-0.724270980279016	0.248747351366331
0.833098044319049	0.351613573098333
-1.51364953741781	0.539764698603452
-0.367048260942603	0.286051852623671
-0.0278162830877933	0.0207770636486269
0.345106152124818	0.193438997157796
-2.5814875372856	0.665060440379843
-1.022712746104	0.405179718951923
0.69294861660912	0.324761973310423
-1.02621967617147	0.406889788842347
-1.47885205172437	0.74642665197678
0.157150948993736	0.0469889516170941
-1.024931295921	0.406505232933835
-0.6343468911919	0.811634911940975
-1.34266561733462	1.88691971303686
-0.9714586723359	1.21578761931469
-0.513349158915189	0.569219695963422
-0.0526620095714123	0.0230050670681837
-0.632939126134277	0.15468454480873
-1.79827400712943	0.382942964938875
1.95706969381346	0.441073865263096
3.26540429808574	1.12204932755655
-1.51934592067505	0.542187789098937
2.75446121880292	0.769079402442662
-3.08164138813046	0.963767470359232
0.148503149870495	0.0281892610504199
0.148503149870495	0.0281892610504199
0.167972906720838	0.0816670725925095
0.820741251657713	0.345484369033752
-0.180727875172147	0.0969432823292978
-4.00132179374007	1.73600959963499
0.562948902020017	0.578099820413977
0.582241126642597	0.467320517991835
0.535656757921862	0.192623700181965
-1.79827400712943	0.382942964938875
-1.79827400712943	0.382942964938875
-1.50954059367664	0.537955828816566
0.947097253557627	0.251590606337117
0.948535538575274	0.252058145640786
-0.165284519800992	0.816454149043949
0.0375627195280872	0.121981791121134
-0.0233470023208408	0.0555556826953096
-0.122436750932509	0.435124304121774
-0.292620730312438	1.32544474090267
-0.663236497931032	0.464099880686508
-1.03919022584376	1.07962316367514
-0.0731378947848586	0.052418468832351
-0.775552522247413	0.984033522538553
-0.275195261156675	0.262666402595765
-0.0815801398017788	0.0844193334601129
0.548521929593286	0.724609090496787
-0.991194845487407	1.41882625057051
0.039756821977504	0.0391326177999123
-0.112211590208395	0.0887294882202481
-0.54338999898496	0.829957097222876
0.497378047738063	0.625961300886352
-0.568736825813751	0.414189311333171
0.553061768839255	0.322010257340767
-0.0738643134680833	0.0529592204598682
0.282885940909637	0.260405443612096
-0.973869950438664	0.959294603603131
0.566149182021036	0.674371443873814
0.269545137681147	0.294641404102774
0.100059712211815	0.0896053272031469
0.240312066497656	0.29738942033593
-0.171605026537622	0.159671688072788
-0.13342755144127	0.0753524843025253
0.813069559674471	0.983319330618619
-0.142322517883261	0.134298246079912
0.450237896180247	0.528249240968397
0.302182506981815	0.229193242370671
0.294217760057559	0.280334697982864
0.294295375703571	0.231721720533555
-0.426105941877253	0.326973245548312
-1.03485422032621	0.829083048662007
0.165036325909748	0.0883757588855042
-0.303856347671678	0.139450765969341
1.24603707217787	1.37821658975191
0.189474426238684	0.1245661668274
0.428388488258599	0.342851709910668
0.872237335321912	0.650248645576051
-0.362436518238367	0.338336661769444
0.321094209551311	0.348843243425215
0.786281771014017	1.05818906900813
0.182026878961289	0.106045219674786
0.206843836985155	0.17215344700595
-0.729305627362675	1.05175192206598
-0.597685241808546	0.738275042923704
-0.298571092163422	0.241851208491046
-0.785248016057538	1.0951266981717
0.00796029497364655	0.0071124948682592
-0.364506283809995	0.389981048078569
0.00980215169521165	0.00663664085864312
-0.650127179991245	0.386059047990902
-0.605933129921022	0.536762336873376
-0.288318984841243	0.277727707839265
-0.68740966038554	0.920144645652049
-0.677227784533059	0.536566791731219
1.55076895624848	1.88920083539979
0.401900962934568	0.182113767545943
-0.760663837494611	0.330432690881567
0.376357986161696	0.191150293127588
-0.56925692957685	0.552169999595946
-0.106966881111959	0.0423710367183257
0.156520329548036	0.0531599520761793
0.665738591316948	0.211247784564273
2.36578183368846	1.18776291415308
-1.27305089405553	0.573176439405336
0.400916727413544	0.181401145807679
-0.516303494683392	0.195262357700911
0.966269214585427	0.659870756181864
0.0720140320329907	0.0619689982652155
-0.0913709135770082	0.0644007221565066
-0.41675198940439	0.356269456306844
-0.0882509976904036	0.0620897248459346
1.48294989873053	1.4980466727395
0.534451222825175	0.192245698269146
-0.628347365301396	0.153568930486371
0.166264119494978	0.049533131724672
-1.79835097978106	0.382953978270685
-0.624566751454544	0.152757086863399
-1.51853446946828	0.541976089171892
-2.577202278156	0.663064687208724
-1.21592160152289	0.918077212011892
2.35790709789433	1.18200234368711
0.461731122210911	0.336497034012365
0.828531603525907	0.349434554924782
-0.149378811647256	0.101741366373683
0.17897507029398	0.110909253522215
-1.02664458637801	0.40719807785852
-0.346820783252297	0.0997890928773071
-0.628807341949763	0.15371861128279
0.152567656731362	0.0287430408348264
-0.646027265078088	0.382996070869013
-1.13521969998424	0.343544374381215
0.152567656731362	0.0287430408348264
-0.628807341949763	0.15371861128279
-1.79827400712943	0.382942964938875
-0.45405281400567	0.302139792480924
-0.628347365301396	0.153568930486371
-1.13617544316656	0.343960217515251
-0.394513529856492	0.164426177322579
0.0253866428490171	0.102726716283684
-0.216574705449286	1.41374995309789
0.0420800934333647	0.142007396846386
-0.107610186213552	0.322416220377476
-0.107840442051524	0.369166554262047
0.181980241965642	0.602375785200781
-0.315271330884957	1.10851072247969
0.291219392047466	0.237489915879236
1.23698373575588	1.74217412924036
0.00548837803786164	0.00437170288396519
-0.373662420050352	0.402369974763357
0.0624618357888707	0.0601682358396851
0.786723217790318	1.05880839031659
-0.0572280308187327	0.0514650421096656
-0.373381381910545	0.425348616860284
-0.591084663212222	0.613802178160235
-0.775798537022722	1.07646879303155
0.469826623086873	0.545074007946141
-0.664281235799155	0.464414325708273
0.483216444308311	0.331675784906795
0.195752194655753	0.141249515790471
-0.618245916864692	0.718872562767544
-0.173011238588648	0.114782818653782
-0.589452583952848	0.724490856720038
0.0268151398082984	0.021751769741087
-0.587494303444351	0.608429556698851
0.399920291272249	0.435429205879945
-0.168050683279229	0.155962874339907
0.0822415818660234	0.0560167025217688
-0.259127677639688	0.228695029441806
0.812428719211816	0.981037804678932
0.366326495073511	0.353112738954163
-0.837952273391965	1.00655346015262
-0.368909976979258	0.318222127260059
-0.456960099738303	0.423219209410284
0.203320813553478	0.163770939960937
0.616461263464526	0.46989006971735
-0.175623971121294	0.116666131936536
0.871357517323449	0.649452876811371
-0.847659285399942	0.965036531999044
0.583065435989082	0.468134413889484
-1.19254893765923	1.38181346465786
-0.178291500775606	0.118613100740279
-0.176263501292357	0.173219913601115
-0.128786526067546	0.100474579054856
-0.621266416582955	0.724579724359816
-0.264316000724298	0.165568313927441
-0.0919526915605436	0.0664391157929126
-0.761780908933786	0.814795636649962
0.541185413912311	0.568595560281122
-0.257257235660197	0.210003968835685
-0.24787561206554	0.201178342352038
0.260710291928569	0.272270839381745
0.0937014092987204	0.0835390255893422
-0.518852383155411	0.507485736302421
-1.66745978166932	2.08177180853549
-0.134758074690086	0.0760586635661142
-0.356183402613006	0.355723588093537
-0.924330637036849	1.38490278885849
-0.539276083238505	0.483583693543096
-1.71046634105214	1.43502955610338
-0.392970158943277	0.222219534932444
-0.639335948901797	0.378068633071672
-0.85994526637592	0.85655835625651
0.774947639359846	0.864384259061972
-1.83905135691809	1.16082165343761
-1.08414427744443	0.740477916229283
-0.512982221754869	0.19396359228403
-0.146252414230362	0.0523425133241546
1.96867584919867	1.23354184371987
0.907161382304352	0.490786001725486
-0.216073906032278	0.0697456994821053
-0.790805204572834	0.524802636921637
0.512365033877531	0.462464161200379
0.638866500860232	0.605423818627643
0.170152354477854	0.0912485536799394
-0.284709337840887	0.290120559024153
0.726635130884916	0.483404955095288
-0.216468117878063	0.0699098638062388
-0.628807341949763	0.15371861128279
-2.57747759965585	0.66335545132302
-3.08652986879455	0.965774290031657
0.66475647791666	0.210855781457285
-0.346493976209143	0.099688871662609
-1.02177744930251	0.404938885053013
-0.0558251048973952	0.0243318275719906
-1.49305401041607	0.756811808305292
-0.0459394772746046	0.0201619182872298
0.160923467340063	0.0617540921566825
-0.607842480919473	0.538829515400922
-0.486751801169171	0.364590453006327
0.674079709901257	0.214036050556618
0.155986207086685	0.0292416787556187
0.673092310209553	0.213658316206257
0.162400863971746	0.0409830958055786
-1.79827400712943	0.382942964938875
-0.34191607535368	0.0984089732924219
0.166691919569473	0.0419536988970269
0.532908190209257	0.191706726261354
-1.02050867103886	0.404356899215527
-0.51109824949599	0.193123871539511
-0.219388531614775	0.0708318276022096
-0.140811669734687	0.0504140485207937
-1.79827400712943	0.382942964938875
-2.577202278156	0.663064687208724
0.166084152255821	0.0418055330790301
0.0638878713263754	0.293668078965933
-0.0508122967846695	0.199743611649242
-0.0793964464369609	0.25711947224876
-0.247957193898779	1.34200231480595
0.0320967147318593	0.0819730432146697
0.0739195747101606	0.195453247620695
-0.0138191736624103	0.0265065619243443
-0.779141042955862	0.596326752329964
-0.173554647633862	0.0929568316026597
-0.0574333790978502	0.0250288442631081
-0.275095082113103	0.198644707227387
0.299519478271642	0.254179704599466
-0.0268335514371636	0.0200334855406404
-0.22904862172579	0.189310948098805
0.0134326869294665	0.0117377243317065
-0.117246875919278	0.112103033562115
-0.307890222401109	0.33020550768642
-0.0219020504622929	0.0163236840913487
0.136764318825373	0.115024066239506
-0.182470661685218	0.180168490556121
-0.192740069222554	0.159980390799942
0.0247623498444276	0.0137178554175692
-1.21288693727385	1.56069923910845
0.989652722685262	1.30763323097404
0.0106281437302875	0.00837561336313117
0.402105159050147	0.346172083089192
-0.294234824751764	0.237786419254511
0.130278116945778	0.106389662848329
0.479797284993847	0.442568826503166
-0.474994290598333	0.506122149215459
-0.36798351815794	0.34464089854485
-0.843782182654545	0.958391569961301
-0.256333494230655	0.231831273852486
-0.496269391996531	0.452986442394603
1.09390072375195	1.3877716124171
-0.7692545776273	0.925886384211963
-0.828139304667186	0.989535314676109
0.509940850529838	0.542821734050052
0.0762229236156564	0.0474216460725846
0.441559678897332	0.338113344369769
0.427293191289326	0.341856934843911
0.48731564272137	0.335505569170022
0.886178428361453	1.02328704073447
-0.331652505598021	0.235439078197235
0.521520171444558	0.45187949092426
-0.241533719770356	0.12112808932515
0.691577228507336	0.721855890656901
-0.400201137108046	0.370824942774307
0.501272708014259	0.563484816472287
-0.436456854670563	0.336737562628314
-0.0672273984657791	0.0491534859110489
0.288542824492373	0.251323767271339
-0.129364752074691	0.100966253768531
0.551823844102046	0.563548192869507
-0.145655476251785	0.132865486905211
-0.109185150410007	0.0861646804460902
-0.285041002731852	0.312453342404238
0.282148864083857	0.244735452885784
0.163630460348503	0.0794318886792327
0.00481853866349402	0.0029989399221429
-0.0906056520021342	0.0654584214210959
-0.855544692173316	0.977646949295059
0.167532645534224	0.0898116654481623
-0.174931447771067	0.0937335226650603
0.427164793215573	0.341863454055033
0.556137210023951	0.324391666731686
-0.495363523052239	0.372598626117024
0.62384895149668	0.328972622528979
0.451860015328675	0.181866942033698
0.36823686728702	0.186529510396899
-0.940379106295512	0.57527066831839
-1.162998233615	0.651911262537202
-1.13888391638008	0.9890826951603
0.134112310772519	0.109781511624967
-0.131184594962272	0.0739985542774881
-0.0587820859534135	0.0256005112505989
-0.276219675258328	0.199435488619272
-0.175836043812815	0.0942290587953326
-1.8102563556085	0.737065861487772
1.82579336426267	0.71571883696401
0.165858197331239	0.049441036827577
-0.302012171776503	0.138585388468235
-0.389569741096937	0.162139446571965
-0.4977484700612	0.374381394965693
-0.648743293479918	0.385447830570024
0.31967535862481	0.2335599039678
-0.317434138402864	0.22366820351773
0.913477766581142	0.495090176817538
2.75446121880292	0.769079402442662
-0.721740116381346	0.247779502726497
-2.27757421421721	1.15023191568929
0.528697101266383	0.190116209542368
-1.80197754639448	0.383903353697165
-0.220044405151055	0.0710431168526529
-3.08209765998152	0.963916510480773
-1.51984622148121	0.542369599603978
1.45612824040965	0.482835979244752
-1.79827400712943	0.382942964938875
-0.347480099168433	0.0999933239977275
-0.21584116833564	0.0696924945480662
-1.81842816932896	0.741601322947527
0.00923196628246141	0.0355089941127642
0.0498525282069476	0.182173283141718
0.0537154961650688	0.20361495219271
0.32932623868006	2.05661621922521
-0.131666202005408	0.461921768827362
0.111911942316026	0.319843529443711
-0.727195437096851	0.968903935529293
-0.91803612833219	0.673214778728526
0.364416116500449	0.184524612037396
-0.2980026668687	0.136781332932197
0.0263298141919469	0.0145193809456433
-0.206567384817852	0.154823295636773
0.874425889851086	1.21597188964515
0.76966968955659	1.0573013387728
-0.346888405386669	0.414969999647242
-0.124923365619114	0.118348930212413
0.0101883770755432	0.00909678024983591
-0.269391881126347	0.297123354138638
0.143438203441995	0.118082029093767
0.571791273951103	0.664260603807476
-0.0318570809089118	0.0267546666493168
0.309936196538178	0.34751340917279
-0.364506283809995	0.389981048078569
-1.08391995515779	1.04039146907484
0.534724268439844	0.559437459636368
0.151635356797267	0.143835944087719
0.386894362923719	0.342755466518258
0.373039773307311	0.361160274943125
-0.550509556241057	0.719117813214165
-0.0702921845840608	0.0619026634323322
0.278160301259401	0.275448384328881
-0.256698535287384	0.280219599283
0.0612134307647962	0.0579605572509909
-0.400718601376637	0.371476027643995
-0.53530606946516	0.626927174998719
0.494206371055223	0.619823832335258
0.830791866285569	1.33624556643907
-0.207338699355773	0.155516235678891
-0.0421687016131331	0.0262803954722816
0.134289006233945	0.109951938076606
-1.11540474482401	1.44871009704006
-0.017091761774903	0.00813166324118599
-0.0614408024779263	0.0491544986729461
-0.326956931056336	0.23138317030974
-1.09876001464226	1.61544204202523
0.693674579605644	0.607202700971386
-0.403367713729048	0.374416727279002
-0.641971526771337	0.379752646396669
0.0228168578240467	0.0189369312545506
0.460026579387559	0.530393064924556
0.963437742504613	1.37944688902151
-0.4346400214021	0.334983246706717
-0.370573830259043	0.398306492057074
-0.414973109912996	0.387770499737337
-0.205336682236546	0.171824833444072
-0.201902611155727	0.168590264277321
-0.396327439778446	0.449359890672526
-0.403429082947277	0.404714704069434
-0.0986885140605656	0.0774207048053574
-0.126396094755797	0.0984947730191586
-1.15773342043248	1.43062498692852
0.905444277612629	1.23703042193964
-0.257479283956233	0.233066585453101
-0.767531975878889	0.771174673555626
-0.093399335815397	0.054782962415251
-0.28601991380447	0.2076232288913
-0.623359303548594	0.597142980228201
1.02173196477458	1.22798327608423
0.585544375070105	0.587040605343411
-0.000101930304874089	0.00017456083446235
0.00547252135173446	0.00284485156397696
-0.389220890491312	0.26862116737823
-0.0517883011865386	0.022631140102838
0.154646329671499	0.0750111615706136
-0.880575610852782	0.812259358096446
-0.297007149505279	0.136191587569544
0.619632622838446	0.472651958046663
1.08150710163011	1.69576764573776
-0.111137592073956	0.0878521727899689
-0.0969857801990704	0.0568897342972283
-0.23518494019474	0.20961491307689
-0.6282908079904	0.153557595992093
0.152567656731362	0.0287430408348264
-0.519952717504097	0.196880719935875
0.171207721440545	0.0429238305772998
-0.629159511493121	0.153871316504896
-1.13461598703551	0.343230613786831
-0.600103973991065	0.287775060566382
-0.0183282004653271	0.0117297133524134
-0.872965590277475	0.802335606106789
-0.523594297537643	0.198333230904929
-0.215417270113509	0.0695361432210389
-1.79835097978106	0.382953978270685
-0.604674335404369	0.289922736345541
0.167679655711552	0.042156489933972
1.45806698971783	0.483796340944708
-0.628807341949763	0.15371861128279
-2.57775304544287	0.66318910114962
-3.45598446335482	1.23025555319821
-1.67450529213188	0.94714746728341
-0.378664082780691	0.260183288569495
0.0645620320717573	0.288024166411752
-0.0319820557758031	0.126363554075976
0.410576140557167	3.00376365601078
0.0302007102968424	0.0891664377702057
-0.0327371824064897	0.0873423180234923
-0.396412708211148	0.366419241273194
0.123619786683274	0.100498944580471
0.00713385197800111	0.00488519669526831
-0.290825699900753	0.234503805678112
-0.78501191182076	0.674324166835573
-0.465429095999329	0.392214735262977
-0.31526433680064	0.188549214289752
-0.136936162381827	0.0927282592480304
0.658619533615194	0.600031996748573
-0.276794349602977	0.200081733294426
-0.701289491985821	0.667494465285467
-0.92800969991952	1.04904809185641
0.0739786790402452	0.0482019796965593
0.806849945045739	0.875843992088484
-0.527137382901659	0.518090094506593
0.49876093089153	0.543676810554439
-0.0691306643541777	0.0494759684835907
-0.00612976825619156	0.00395950129711
0.518537189664279	0.469419512768157
-0.637588074955994	0.654229111255266
0.293052741499227	0.230555647332344
0.64020440557271	0.788600178986938
-0.676480200988196	0.788592521993273
-0.887863001989489	1.11100994062447
-0.606737311219136	0.840269668963352
-0.696090641228223	0.97340146006756
0.593920891716519	0.678363514941614
0.0412725508087609	0.0352577094090508
-0.186094430651524	0.153729621895098
0.322421599939078	0.350591566575023
-0.239213927774046	0.213892088867952
0.0880993943573136	0.0766544536927696
-0.576101698760545	0.673791973008154
-0.266429521390452	0.273735271514982
0.0553702205099411	0.0418509293502587
0.0972592752121341	0.0666022005477792
0.0692446178309012	0.0430280334916998
0.583172048832229	0.467838031076335
1.01806209049062	0.843671988747792
-0.258267485257993	0.161294320949098
-0.229025049680832	0.189358413946376
-0.450373173026961	0.29914388433122
-0.724969670345949	0.881908972356646
-0.515225347181079	0.502967033257167
-0.695332689047294	0.705217437152049
0.876329982304298	1.11633286532886
-0.447169600192113	0.296760677793045
0.801993410063086	0.483755283869909
0.519147087111601	0.332143314107957
1.35432631835479	1.43941172763319
0.0961967087390775	0.0658421164485436
-0.460475236078361	0.520316945387975
0.00203082006792328	0.00121415365963968
-0.329953956414299	0.234021158878701
-0.6174798092677	0.550338297197926
-0.300656699643535	0.284908728247415
0.0143549809482658	0.00719852873348554
0.465295090978879	0.457603377445694
-1.08358403538165	1.04038190126677
0.793131299849165	0.477309756402675
-0.937918343468872	1.28909187123844
0.0368532164638863	0.0268515897772401
0.152530603892219	0.132730496333053
-0.697467759356153	0.751958666305853
-0.12793892837085	0.0721207892715899
-0.0329767001943098	0.0242827423962548
-0.0594455600602545	0.0483856050952029
-0.0944035655803676	0.0666359341767598
-0.447551558442891	0.41251724887364
0.490362960173416	0.454923581993231
-0.0702866937285609	0.0426623775980759
-0.379503288838949	0.297829825126088
-0.221818445535097	0.14390829441558
-0.992372657626163	0.890428576959322
-0.388393014184314	0.267981018279866
-2.11852658721262	1.63145394798635
0.719440118636147	0.47612229865214
-0.774092849423713	0.723676418876432
-0.103876955067765	0.0610671401329011
-0.785122232482123	0.518839114811724
-0.17375756283072	0.0930237009190758
1.37486361254269	1.27939433672684
0.161809663243855	0.0483223326687324
-1.13422470394875	0.343215945535417
0.167299398578488	0.0420768316112512
-1.49350877886795	0.757124863440857
0.533566787823661	0.191896078067119
0.157466035566067	0.0534763086680417
-0.772037061196189	0.336225318353657
-0.398672697725635	0.226331664430828
-0.399749232016828	0.22685148264102
-0.0173413323668112	0.00821763265633121
1.48253802025407	1.49630141369483
-0.0883020860839491	0.0351141606720898
-0.343557529393447	0.098858556674811
-0.631960666018702	0.15447017218279
-1.13422470394875	0.343215945535417
-0.722774497263927	0.248158081194853
-0.600166078004423	0.287430036059165
-0.511726002675108	0.193436414632331
-1.67175547128961	0.94540819075879
1.07762972070185	0.523192318967485
-0.761830652619391	0.330839895803259
-0.0145700755624921	0.0604829612341258
-0.105628273504637	0.558712166211054
-0.299648572672389	2.15779894712914
-0.0885130951707677	0.309939259139707
-0.574112193672766	0.419313965572872
-0.405609926842757	0.344416007896048
0.369665313310054	0.504392602721587
-0.0172975377585722	0.0149237889510709
0.0922648989508669	0.0630751742356198
0.0121253265288301	0.00819327182578678
-0.242448522323241	0.178983207132455
-0.655239410696423	0.717501096978076
0.317912349944701	0.430041654030619
0.102214909123617	0.0985188367141997
-0.961177995605576	0.942273803617945
-0.23117463072669	0.11544756161138
0.711883985666337	0.829400748333755
-0.0485065771922539	0.0302434110900678
-0.130178360368813	0.0734117164487956
0.999332123613025	1.10033082478454
-0.0282426864599209	0.017988615613755
0.209737555555496	0.207378580832131
0.125089146637105	0.101817752504141
0.207990226517731	0.250773268343306
0.279841473131876	0.302459299986213
0.28090612065995	0.374759522028521
0.143032372652929	0.162818293450878
-0.389009601107803	0.485742809754699
-0.515625742205915	0.79819040909274
0.0876722706805851	0.0806812919847679
-0.0633128358986462	0.0703149723899462
0.346341040068419	0.436010219087301
-0.181893084221381	0.167242944464276
-0.0640301194110628	0.0578452548344889
0.53653908428487	0.803892659729377
0.711214578947447	1.24558060057823
0.303793318382116	0.352373272700231
-0.0792387660832751	0.0884860859084642
0.391429818422097	0.748497772229504
0.464633020678523	0.751334499335484
0.195644674055528	0.276201585352302
-0.389836529089351	0.605428245385842
-0.609284043075172	0.947342792836933
-0.862851966623708	1.58874432247623
0.354349586094456	0.432937327082963
-0.331064390093099	0.380295885046745
-0.499188373905871	0.677819575140762
0.144618491922839	0.131057605347357
0.718463229925111	0.914233146403393
0.616517625738972	0.690481310005181
-0.775468245722883	0.782725583163601
-0.218174382440492	0.179101559516927
0.433363463696848	0.431380694145945
-0.119012791479095	0.115804917670021
0.200265975016057	0.155842191964183
0.758021970141997	1.10933851848765
-0.0960170487340725	0.0563479205359536
-0.0225341619305986	0.0208534392379019
0.210308432208237	0.207676702790874
0.324864320318913	0.353855751057021
0.140237447207119	0.118274343832696
0.947814858907005	1.68935374801615
0.632624422475196	0.854247193790897
-0.687877816841606	1.11644161580771
-0.954500565386081	1.53239142559041
-0.0599155735211018	0.0593853827230643
-0.368175546805171	0.502036576974822
0.343442490704981	0.416035898528245
0.0728951509024044	0.0639926267884212
-1.34319085953577	1.88897279396253
0.0699091164016493	0.0600800934953826
-0.097108142815984	0.105527987345617
0.0374209279158568	0.0362648319589019
0.0474757696233004	0.0430886776613435
-0.145198222311383	0.154579913789609
-0.622461462283644	0.556283929921123
0.145600466124084	0.129213082693943
-0.156873123846851	0.14442123784672
0.0338639441129367	0.018562221455182
-0.330668855665781	0.234667925397177
-0.0936370384668102	0.0660745788974126
1.96508297933763	1.23113679486812
1.35211945890986	1.43516718170658
-1.54270734178469	1.48730362866851
0.157658428458922	0.0684184485852274
-0.380977307386714	0.359800903296499
0.402945706541429	0.450748363260454
-0.286258179041872	0.275262097091784
-0.242463499822868	0.178975690390355
0.300392550113487	0.227592140004491
-4.00198333838944	1.73672681142965
0.168287851014599	0.0422797449011708
0.453611115677461	0.182669846803673
-1.13461598703551	0.343230613786831
-0.791925146439582	0.525150669599001
-0.425819577566274	0.498324295465311
0.603032835384824	0.586443313570828
-0.486300516633197	0.255592473519175
-3.4565848348623	1.23040818352441
0.947560352748164	0.251716891447637
0.162081946537912	0.0483609353278891
-0.718798226358807	0.246701955031967
-1.81367378419037	0.73893109819281
-1.14009620739235	0.345227889980206
0.361348263964172	0.182688512900458
-0.66919886791303	0.469260282392773
-0.215013067134378	1.84492277187952
-0.119640475635891	0.653304273611874
0.130286989477983	0.54888853552478
-0.787051865382154	0.521456820806999
-0.026307429763202	0.0123148766829567
-0.0999408517318264	0.0586957744032464
0.742569492265473	1.30464656943901
0.0282364790362456	0.0234700946508548
-0.546815200585358	0.348061006800348
0.156444042038894	0.0759037384885854
0.551791365423109	0.321165773438845
-0.779652153579415	0.730570935476867
-0.0564640842581088	0.0591180911566924
-0.0991176773097752	0.0794892081707309
0.552147719546151	0.321921783968442
-0.233473648021171	0.116816615641377
-0.03313112715852	0.0154441939869101
-0.0157515899784759	0.00752184429220787
1.07447032515893	0.521314121121206
1.25502114311904	0.873399833716671
0.900889315160942	0.486604124791445
0.354630381345875	0.349207066437748
0.105470895326916	0.0966804013416546
-0.441118536318152	0.62287255241594
0.0187959371664953	0.018826904714806
-0.204659353764873	0.237390412106808
0.414035245570404	0.582094472180199
-0.428941384322743	0.42445266673508
-0.131967867863947	0.166079765770422
0.0109574645699421	0.00977222319047307
-0.184508335401877	0.231974475198013
0.22995121261097	0.313194697486853
-0.178273833833886	0.135696251168295
-0.301680944219793	0.244696669592883
-0.233124273991228	0.225850551963525
-0.387404196851154	0.540429059789843
-0.0645689558334636	0.0471558565583666
0.1817202034916	0.258693390887174
-0.187447991176694	0.295450368707558
-0.59744237850241	1.46958114492416
-0.411649301997374	0.848007209350527
0.170110835147889	0.27775693013788
0.275430948423312	0.245119497862328
-0.0427222090995812	0.0431672855746234
-0.116918663756275	0.110058439480264
-0.0614825917665193	0.0562436882397389
-0.306650759708041	0.390302997657527
-0.549322807022161	0.699497772924551
0.451677512738101	0.440402167555136
0.373897061460612	0.340234534658556
-0.180855543616506	0.0970231942839135
0.667994603933914	0.611092186195785
1.25504271589546	1.39341128065816
0.523653494245586	0.71008759479244
0.0872287067584749	0.0595280918734648
0.586743256950884	0.588811734008962
-0.299213870403296	0.263685071478374
-0.0296507881854431	0.0293491518585641
-0.0406780089320567	0.0380848316294512
-1.14957685193551	1.95840222257505
-0.178497131470326	0.0956459312468161
0.0157567699585911	0.014348042907268
-0.0464840548857558	0.046094991124392
-0.342911666484988	0.416928645409688
-0.118053584785101	0.101938552197664
-0.477018595673668	0.791879180699065
0.0739646437431446	0.085030645176761
0.123191776497896	0.145110213909155
0.11126833051998	0.113390676996802
0.862784253752091	0.792216782298969
-0.907377788109362	1.08203233614212
-0.0869343468882658	0.0787170355066197
1.06800050670261	1.95606906894863
-0.254809827145678	0.282707692184012
0.0410510727862754	0.0446303041870934
-0.306245384223821	0.440171500628821
-0.696601878061792	1.17124325527057
-0.0421979739731435	0.0305723170860589
0.774840742736403	1.18989079024089
1.24195551773234	1.05178453919111
-0.762661468163739	0.331369385865934
1.33366758907542	0.584614927374746
-1.15146387826926	0.642350326273391
0.340310405397353	0.208147314012622
0.695242860337328	0.325796155950588
0.190870960051924	0.118840702970162
0.717921492497949	0.47586373919978
-0.145096462118874	0.162323961057595
-0.319474185907519	0.306572041035185
-0.113598884968955	0.0785998399193612
0.173732016820422	0.100833844785781
0.15233987937513	0.0517938708023709
-2.07347195243914	0.945962551724422
-0.340926891852112	0.0981051026466341
-0.627829060935039	0.153504607197422
-0.475924441086411	0.24888884770362
-0.497516988153939	0.454162959007787
-0.941877369470491	0.57760199540995
0.594593992104343	0.751749851297956
-0.27226927264812	0.242556111982947
-1.79827400712943	0.382942964938875
-3.46005827230016	1.23260132520798
-0.214527945453891	0.0692825908233493
-0.0679260152339921	0.342557840986467
-0.0590870286454456	0.250880916356893
-0.00861555960592749	0.0225445918610333
-0.142941090728888	0.481291363807476
-0.348261063346936	0.884391632987555
-0.1734057145094	0.296531381561126
-0.457724338413457	0.482524947543406
-0.0695903050842066	0.0761626121540797
-0.102899565275115	0.098766079417599
-0.217305507834596	0.163841092472201
-0.375371796391471	0.325102187641133
-0.0176164784334499	0.0132908081751742
-0.178020071968577	0.175122238963996
0.333995427478652	0.437732048058649
-0.0998160331262732	0.0882967846909544
1.42942854379658	2.30713545825268
-0.628647342012539	0.604098047857832
-0.243472171698732	0.237415749001261
-0.28592201264108	0.229886092722462
0.1885836692811	0.129975333817995
-0.0110060929289766	0.0071593573060958
0.301084252941417	0.237898102369736
-0.395856555072087	0.422703121902308
0.380909949833178	0.447649396122894
-0.188954686512091	0.235650397966395
-0.15779439414736	0.158030800299855
-0.162110833429307	0.149857937765214
-0.661827320617512	1.13792094059625
-0.0970171989354853	0.0927211993698838
-0.0179629841508356	0.0153449659838531
-0.56972927186186	0.761681913368665
-0.198664059167244	0.220607649162203
-0.162904422679717	0.15354794476926
0.374220619326699	0.487046036077735
-0.00366886515655898	0.00351668889882364
0.0020017989161627	0.00200825279158727
0.102228169595395	0.103362101239442
0.74287931183034	1.30553698457854
-0.18422164587293	0.237007884750246
-0.496840051621988	0.808217689396004
0.0935473425661993	0.112021132139362
-0.297519557440799	0.448493776496583
-0.542150777808702	0.927093345774116
0.633377347861409	0.776987524975
-0.411088833110117	0.562035617636382
-0.303966304245044	0.324948503653296
-0.901011906145026	1.44435861418081
-0.261390991518981	0.252906289853178
-0.779639887230772	0.94353079254985
-0.00631872869567084	0.00488576598330524
-0.561295081605976	0.541768328042404
0.206871221792876	0.186618127393841
-0.346169231885426	0.352205036455219
-0.326360671382958	0.259130197331081
0.781275011403431	1.04836816088963
0.285885972106229	0.256236742294794
0.419248762099271	0.349486418402151
0.768123513944241	0.759553265096733
-0.247294532872217	0.26005426299343
0.327314624485363	0.341392556403392
-0.158337618188084	0.145919154511878
-0.247903378057863	0.256120309106843
0.411011371602206	0.451066340868219
0.331340236121804	0.370490046472702
-0.0352605662733873	0.0300692115751789
-0.666685108696728	0.938092494245533
0.040536505125143	0.037233893888276
-0.154654423254141	0.15450070300253
0.146240087691575	0.135488623828424
0.589952984833628	0.763792253967756
-0.334827666424862	0.378164443875152
0.130807640304114	0.106863689199272
-0.448928980506805	0.593231095759863
0.251501257897168	0.276098449578081
-0.0439516801029789	0.0360771908164497
-0.499830704596441	0.587451493243878
0.659475267518914	0.882680599744663
0.0848769740801992	0.0765852340588282
-1.01754421084285	1.56768831626081
0.0218280911322366	0.0176819165751829
-0.237940054734375	0.290901643372688
0.625409822516439	0.785817099977968
-0.686539713824806	0.600277007752883
-0.713242650660368	0.819411964165161
-0.0171414092446241	0.0109927173123661
-0.156259025382012	0.120775581869922
0.385718194410016	0.341296280520099
-0.125687889883987	0.0978989980691366
0.182074602380362	0.119331675673327
0.609912751594609	0.831496008866645
0.295156566437103	0.26608320827788
0.175520020663282	0.108611059673413
-0.00387219105054991	0.0029104190293122
-0.335395474008226	0.26766860264517
-1.33469069913992	1.33216762274423
-2.06433722891929	0.940153898818823
-0.718798226358807	0.246701955031967
-0.595640628082175	0.652574914556947
-0.898404386539061	1.06637296307218
-0.22987290386023	0.209297050518749
-1.81709445137593	0.740609353997304
-1.81339137537901	0.738819242243621
-0.0497525660171342	0.0217770794153662
-0.174425813680871	0.0934320270917944
0.0877967865703167	0.449369732720582
-0.352956007263673	3.20277794813442
-0.296670760244154	1.95006005926087
-0.373357940266058	2.72666890596677
-0.660504085612329	6.43152504411471
-0.0493596746735711	0.0829751715678616
-0.124721466652395	0.267284191747935
-0.0856871577179193	0.137166735172446
-0.473933605352698	0.467515315803918
-0.430937186294575	0.561723806140411
0.441505265046912	0.514646026506448
0.279041415132779	0.263152775396339
0.371256417367853	0.433385908967629
-0.0917303945953832	0.0946454873235505
0.15134889352586	0.164186530083476
-0.051250051164947	0.0422100760170551
0.376001411759965	0.342552654390811
-0.714094055826977	0.731291616491531
-0.0831110266337314	0.0673354864184116
-0.481549415574099	0.537575756091772
-0.325706872988024	0.28297771054545
-0.827484375003762	1.09596480557559
-0.0149637060786716	0.0112878383060984
-1.04442570480091	1.55532229356062
0.0162771776956104	0.0135213286895821
0.0520779827709235	0.0539781341526709
-0.23531903247876	0.245279586704335
0.401363198593048	0.459001362380548
-0.656751774481715	0.950253113279542
-0.255948483572561	0.246666169055823
-0.323360374595067	0.256154762276733
-0.162323241860965	0.135373780429278
-0.507932355349389	0.714646178275882
-0.547388253597824	0.815521578055872
-0.50834497676492	0.600782092153977
-0.478959794152098	0.672003215106555
-0.279940673230115	0.339785826095184
-0.652069176432687	0.940342692704658
0.121547446204421	0.134255662268323
-0.0216737967345618	0.0219612620179907
0.365813221782487	0.442771283685637
-0.195804784580096	0.208123799591093
-0.375997812613199	0.473957796412755
0.0466835334965012	0.035177818900978
0.456424237661981	0.606640080130372
0.216942457937496	0.228518066696336
0.127317911281603	0.0980657375893489
0.134205190703145	0.106880699828928
0.362211194862803	0.337839484524512
0.102435781871197	0.0754608443035462
0.890065703334816	1.03006139823931
-0.436689896061664	0.399715058706996
0.142807571468988	0.123626879906357
0.46348921440734	0.535458790320756
0.669351016242516	0.787274931654804
0.943974105202789	1.6187490089875
0.15192497190576	0.138451296096775
-0.28961751774583	0.233416691725932
0.463599576888984	0.338121215651076
-0.723051811019623	0.834586807586609
0.197742590785873	0.148423423167317
-0.401569773405654	0.372318270888859
0.0655501442401305	0.0591843316858241
1.25164018284119	1.52432440974402
0.19929441872647	0.16977790650919
-0.767312459120881	0.922028199435785
0.586275953562101	0.666347787155972
0.0577344938907653	0.0436976952305694
0.219787924845542	0.19501615905579
-0.123584954455616	0.107177567286147
0.781405480130221	1.04846493276907
-0.760954809658949	1.00196442125728
0.268368869462088	0.263992155110266
-0.232474916471529	0.276653649110665
-0.506621771655741	0.598125809836017
0.337887471951019	0.346720387980863
-0.514974126663529	0.502816378923648
0.144935994528625	0.125586949461337
-0.21773426505281	0.196569373870743
-0.311147941801814	0.297000384813445
-0.164684962601579	0.163168545947182
-0.437658733225414	0.435702434136914
-0.141490894613656	0.121760133425418
-0.19796955128615	0.184072082132655
-0.624711512375703	0.598778384995111
-0.994193769357954	1.18055633015791
0.599057864639605	0.581271851076312
0.203130909515035	0.173438722354963
-0.00264279120593123	0.00175299536708211
-0.104017636869986	0.0818589688263934
0.346233998670093	0.348372493162996
0.517951430367927	0.468804830711637
-0.605919915681798	0.291005388491385
0.0497785412203623	0.0386135656867502
0.0767303316352132	0.050066443803577
-0.305882755427999	0.140725525149801
-0.720404519989633	0.247290988830991
-0.545520844244734	0.490934380487964
-1.01670064962607	0.402447644882223
-0.344864025255158	0.0991853144395914
-0.394817082850977	0.164570915301435
1.00725011140571	0.830717287109631
-0.235741129405429	0.118042270873459
-0.0542610967066082	0.0236892904427868
-0.0819940329479479	0.433704953873044
0.0510653593358681	0.217673536149894
-0.0904105552414733	0.377073093659087
-0.306244983614258	1.68755912698033
0.0635676634679395	0.105385495657428
-0.0343066155719578	0.0687989220699198
-0.10570956154831	0.172070698142084
0.195815112942599	0.129148947789988
-0.316090194819538	0.421623998905245
-0.0211740499187419	0.0179159430388364
0.9214962986846	0.804877507292818
0.302321483116164	0.229308759365994
0.187873358566334	0.116770128635436
0.561556453804549	0.66721225243416
0.279088384717061	0.382240493746011
0.121691721622512	0.125162359132011
0.733709286453346	0.748857705520164
1.9056767181113	1.64768464127541
0.0535586187421918	0.0314401675246058
0.309165829176579	0.23529951720898
-0.100835802371539	0.0592364406815028
0.552062504179052	0.462387778040657
-1.46325284713927	1.01777974152683
-0.201671722110402	0.198497715122855
-0.536949517907977	0.694953006057759
-0.159105339880086	0.168964487505297
0.293204445303438	0.378698862689009
-0.184171434336848	0.24398911913332
-0.318470527202781	0.344155774416165
-0.363944887868642	0.389323089799269
0.300571466728869	0.372823791165723
-0.472294470542001	0.52386749452251
-0.188772523465495	0.221966435091843
0.475157036924571	0.751708335711176
0.428701534877567	0.343183159559331
0.563739783618196	0.474833455890297
-0.678270432767629	0.937346616784136
0.0400187768274737	0.0367443873412365
0.895212253818922	1.03877879628711
0.157037298838927	0.160852662854746
0.323887932787478	0.434139797948748
0.778953308966167	1.19922349100582
0.00702383831091288	0.00676014126287476
0.253212685066123	0.293367075493915
-0.405632700147752	0.377234745763158
0.328916937487642	0.37456117527641
0.16209363603424	0.166718549243795
-0.0902508657577811	0.0792964230414812
-0.227471740700774	0.224012461001993
-0.358217614740905	0.358212303308594
0.0249952525376787	0.0175668575683106
0.294292215271059	0.231639986557972
0.482998570628191	0.463560558398793
-0.0473958285270608	0.0295478071542336
0.505650146362146	0.321961631483102
0.503501796763886	0.550639728067648
-0.0687348129960021	0.0417293358697352
0.579664674425888	0.464484003076481
-0.376897043933615	0.295384933424555
0.258851245037356	0.306298003402278
-0.391405530124527	0.416625342121559
0.148879175139016	0.138163388849896
0.19013442916924	0.118269136780404
0.277830358620367	0.247709884737451
0.27457428115821	0.251318183493318
-0.104061349833924	0.0906907915613022
0.201728496945757	0.176825534013568
0.824628057149991	1.27252898341086
0.069374390827367	0.068229314829172
-0.52706231577205	0.736870613290463
-0.561966131694609	0.722325599403381
-1.24390554252845	1.16342855694748
1.06588270854183	1.48882255104557
-1.21307417770426	1.93279482202137
-0.14174290189871	0.131422923897983
-0.143610277466616	0.1625915194287
-0.220129840733243	0.230808509162897
0.614706816762349	0.909817550270706
-0.605354506199541	0.809940133540614
-0.488450320249166	0.366092696149273
-1.08455818333443	1.04184071907196
1.63962855449794	1.15715780987738
0.694680467931084	0.325509804917401
-0.0574333790978502	0.0250288442631081
-0.0179784704630819	0.00853601647288715
0.421552583721538	0.336269090109689
0.187085829329328	0.122789809072538
-0.0257775517533518	0.0236308933757267
-0.662473329522877	0.962431895390547
0.20157510512093	0.162205310417315
-0.397029276771708	0.522747064342322
-1.66802728551021	0.942265580266607
-0.533856194325222	0.338090946950078
-0.385035671554689	0.160184885638677
0.155983492333666	0.0598393952573687
-0.45485524485933	0.303091984884888
-0.236284258682518	0.173876907493964
-0.040974818764016	0.190072026038593
-0.0163255098980415	0.0624626673224452
-0.041043727895486	0.136892709907875
-0.27475309830577	1.09891877876624
-0.421611892566854	1.42761526296873
-0.129223565109967	0.175264737481651
-0.584243298074751	0.976395082897988
-0.177892564473884	0.118327020812838
0.503989640367322	0.452592399909057
-0.287143731309218	0.231027668936279
-0.00812025070988143	0.00764669605139924
0.197251778259977	0.304600734751827
0.0744515697824436	0.0757054444549993
0.394019521506694	0.337595972300968
-0.605685078909591	0.536539240238214
0.941578085679088	1.06521100545545
0.514442978212516	0.464834198567588
0.174490994966381	0.0849641807148418
-0.886520804088975	0.736548458893268
0.932521015663588	1.05050142419719
-0.392586011817965	0.491701024491139
0.0957277334005279	0.103355583259798
0.428537944469606	0.700529756064463
-0.229685431029007	0.286816367279881
0.0248963938480744	0.0278533080160713
0.147142350220336	0.163657288922184
0.14540287343234	0.149829727513476
0.12082042443071	0.142281340850176
0.113045297007879	0.127060618235425
-0.273607163757562	0.355630802907577
-0.460964693722957	0.77730525231378
-0.120834916104815	0.104596079019617
-0.422520772619919	0.447519078946969
-0.1239271561558	0.107497324453745
-0.503518177827759	0.77247851669235
0.367208132221024	0.354258520363738
0.361995775706219	0.513996297983357
-0.332907196519269	0.443945802150688
-0.376003219785637	0.52433915771615
0.20280349839376	0.256894030991026
-0.221684568498099	0.296815494668862
0.00865051687024113	0.00589017437133954
0.374903303972314	0.505464279485332
-0.158752029982858	0.184720483489526
-0.29296369150551	0.332532018492839
0.106725846694794	0.108333594766013
-0.178741333513976	0.179138305207793
0.474091587927758	0.551991563048088
1.04290590639049	1.65974598903334
-0.205222559960798	0.171630979780271
-0.135596143003967	0.106240770861836
0.659962309748515	0.705169983932549
0.219912368602028	0.219162907441772
0.681633076025408	0.808235129468737
0.785759222424026	1.05697563299
0.419107841453054	0.349436118268984
-0.0872582940021741	0.0851229776951903
0.266489865704854	0.360407723696086
-0.502794020508618	0.64954874985203
0.175059654052071	0.114428451946943
0.264272773170468	0.293202206117337
-0.251463114675955	0.278287083594761
0.0657661621581757	0.0634906095342848
0.0645730906288046	0.050425340211502
-0.0123014860811333	0.0131996232341051
-0.216725450571633	0.263601197550222
-0.279248395768437	0.375619257359868
-1.02559254924341	1.74587222783976
0.213497310295556	0.172988310733217
0.733073610834885	0.748353136550931
0.494460671842816	0.697087978145783
-0.0869108601611554	0.0774571364081901
-0.201737637681312	0.259786492898046
-0.273949587321043	0.424244768873018
-0.334618160809931	0.237836504169342
-0.341393701540232	0.346037736325132
-0.174796603622818	0.195665672874627
0.851604690889234	0.777647459882628
1.11220218671181	0.851300400660611
-0.0234169717315063	0.0110008161453883
-1.23604590715848	1.15133748904184
-0.170513889811246	0.129140839571805
0.310994335877339	0.226255368765202
-0.526366425566951	0.43707644954943
-0.0695051631749647	0.0497420546708496
-0.28953435652578	0.368670795765156
-0.254477687066493	0.294661273972374
-0.526627553588684	0.58878739839388
-2.77702459538893	1.87381946082851
-0.0908351768567289	0.0640113798921607
-0.951476958736472	0.58481673813102
-0.764679257511663	0.332374029322147
-0.142440177804696	0.0509737826404277
-0.0537825465256815	0.0234854498816434
-0.0908520910933256	0.49186853982361
0.0287144561802154	0.109187342896791
-0.352599644520691	1.49604850133524
-0.612633034343926	0.741687358446055
0.265781783601	0.30589219954273
0.213802317820112	0.236677853243673
0.121674705731631	0.141309193544523
-0.317681267160186	0.497533028606185
-0.0679251661037712	0.0669578913634953
0.468331190105741	0.556523286971992
0.358862525332101	0.344364549143128
0.198078416478579	0.186101255396767
0.470888968493225	0.688163049675628
-0.502249994710093	0.552466296804706
-0.16882956524615	0.153710298402618
0.202676325824388	0.157863301577249
0.159110450718669	0.157626922768013
0.168720860324088	0.199667972512715
-0.101503381609499	0.118181531489523
-0.000334961224430229	0.000182795361572658
-1.18887850338755	2.69936927308938
-0.604658557153989	1.05188941639322
-0.825675457287808	1.38228810959325
-0.325813336832052	0.305640733267856
-0.712366693141724	0.818280527182594
0.687514776059295	0.974847286295346
0.25335013727306	0.278580109889075
0.0460019061002156	0.0346487552163757
0.413848958072088	0.52615182651456
0.518871944171051	0.76666518483633
-0.874021248236047	1.20250636627114
0.217845847115388	0.229702334749494
0.0512340640199443	0.0465993699113911
-0.251394709166381	0.260344442239484
-0.122785467169795	0.106402116740225
-0.193092870176511	0.17900698069427
0.32689737854303	0.371430023049781
-0.81756833726223	1.3615451042254
-0.230371348731178	0.204683170480701
0.997352437080926	1.32286168095877
0.539976455074344	0.547182547312063
0.132392540841446	0.11634751785093
-0.168390286702238	0.16725028331088
-0.000848530914123484	0.000627897176036017
-0.0852651993770109	0.0819145108269739
-0.094166210268333	0.0752763455827357
0.0800030744828598	0.0677667348607989
-0.0703597122112433	0.0576327360042491
0.258994730451486	0.291374284634156
-0.179279186129646	0.151286555987285
0.534283417960367	0.559046173773932
0.852446012159285	0.901799896284603
0.670832632921392	0.879390077761119
0.918618390440691	1.14944127903023
-0.258946791511239	0.211646036299275
-0.254005960297518	0.244467918132333
0.0757244015048139	0.0639752851170714
-0.448979205557	0.414081778086725
0.0118662923691343	0.0108079793644641
-0.635037961848346	0.844548609666141
0.0174856771805481	0.0141561555629612
-0.327071997618188	0.355736592380101
-0.860734096383908	1.33531203189231
0.126124164344512	0.105374707667279
0.0701463371231442	0.0590555750853904
-0.100454874042256	0.0788775870832992
-0.215504547877688	0.239093637877364
-0.0630789936321752	0.0569639563715557
-0.300486499334479	0.284631822714659
-0.176728085063007	0.16184849681613
-0.396797678151629	0.450108196812575
-0.493796607066318	0.578092379719342
-0.385868248122392	0.503488097786608
0.0734750836950213	0.0591876866856575
-0.448006459077124	0.579925369229969
-0.438387622132442	0.574787425903556
0.407939874197587	0.516132443006463
0.270193403073789	0.272301388177206
-0.390362260244036	0.388175394151911
0.345727825364046	0.347748220061249
0.359131641275885	0.354797840622494
0.636628644719339	0.862067750793778
0.495295014165773	0.554467518933492
-0.18108890337332	0.152974792709248
0.0178281004322177	0.0144382296162912
-0.158529003889651	0.135041495370567
-0.512353993368551	0.193709985793353
0.00562720724934199	0.0029389843201671
-0.32089747851191	0.192263651127608
-0.324048129852608	0.194510178062158
-0.130708911670079	0.07373197046619
-0.788402408011213	0.522578332512192
-1.16486324760229	0.653000991719944
-0.0901571066747413	0.0358512454168503
-0.395482543189199	0.224039549024308
-0.44416702150866	0.408165633603091
0.0314696190217773	0.128720050721754
-0.0407427848731523	0.154318241874419
-0.112138547944884	0.459908238579937
-0.402295776181763	1.8873285959086
-0.38149246241896	1.26462774530419
-0.0617108753085998	0.154651026211149
-0.17760028087033	0.591549113719634
-0.62983218277513	3.49455977897522
-0.620303530759721	3.27495430183628
-0.266069402279325	0.413263535073692
0.0894310356486597	0.188259410096626
-0.26283555385531	0.364532587348039
-0.227800550375043	0.332341594491572
-0.269593159142353	0.431372261898012
-0.399249259164192	0.646634029121519
0.235450555818849	0.356938852744324
0.179298215467636	0.252127925781767
-0.0482750153410867	0.0573042153427819
-0.203688680685252	0.301511446743389
0.231851396151741	0.284690431259873
-0.465799912694388	0.704935265519128
0.449220375237185	0.727468487309845
0.0804722569709484	0.0822689263610899
0.299079666533273	0.448590583003221
-0.609675721643728	1.18422265242846
-0.879038906618596	1.90481072593893
0.133281574880717	0.162353143336855
-0.738168742509992	1.29652506704963
-0.285464208617905	0.328052694609326
-0.310805549310952	0.374474640561181
0.325233055124811	0.449586238526218
-0.33490228872521	0.422645895575393
0.705742324317301	0.81946040949034
0.560041680774372	0.664714714666746
0.190980501595682	0.142693797972253
-1.05931513905455	1.31952547486185
-0.588464619392574	0.477517988615719
-0.00991204092271148	0.00749511561573933
0.191402638218675	0.143154407384742
-0.219646281678551	0.214999994469701
0.2292218768268	0.288770146839208
-0.547282152223426	0.822007537588403
-0.278026726028803	0.317421546284773
0.274451618535038	0.28965819869591
0.124928962867609	0.0989507756224888
-0.162746306844582	0.147350213002308
0.801028942905369	0.76161406896717
0.209897881558783	0.175027960831624
-0.38345472722913	0.301455970085592
0.260924551250728	0.304278816175079
-0.0883847641597546	0.0775440313371937
-0.321636381079606	0.25453361647803
-0.498177407404247	0.375180723787379
-0.773881259459695	0.722773044216851
0.117016240450779	0.0868407322042446
-0.215038210534278	0.13907428646968
-0.0232386300473257	0.0173504794616187
0.33654202258247	0.449192274379649
-0.0228608549845693	0.0233924343491352
-0.479935080295784	0.623479813297513
-0.0404160467041627	0.0298154858265531
0.0130606912097462	0.00881494308046045
-0.770587130811311	0.827962155841346
0.0340029042477432	0.0186483245115479
0.0652899451852343	0.0405475176235785
0.555447045391719	0.465487180890478
0.192889306845119	0.144339845895599
-0.0983539067474127	0.0771372052204088
-0.328040683241819	0.232267708242735
-0.410524525631051	0.349600122921503
0.558075212739327	0.57164156701024
-0.422216256966041	0.44718383174167
-0.0718352787552385	0.0436262118092153
-1.27095128753598	0.572333958218654
1.0327530544788	0.97988108629738
0.719610475169089	0.477077992934521
-1.0629351861642	1.51553810846388
-0.0664725744020549	0.0533346558470946
-0.490787275597299	0.446557878628779
-0.645645388794286	0.382674589275762
-1.12520386759586	1.24155641635002
0.276867913459832	0.286586234860842
-0.554196551373205	0.935903982961533
-0.802224380230055	1.45133456821733
-0.298878562355308	0.426481247151448
0.298628750656064	0.414084883705881
-0.327591516312257	0.460639908614185
-0.639682352224348	0.966204204781912
-0.205477616864504	0.247113829561607
-0.435618809736711	0.663989698517771
-0.0683278608107208	0.0715452611821353
-0.537791913352956	0.7958262858084
-0.294431974273518	0.340823582654201
0.40319124484902	0.518248109163009
-0.0637737129639257	0.0584506147693524
-0.312897106090667	0.361033337914427
-1.08589832225544	0.742548321084379
-0.272991602959128	0.196860655538189
-0.392873220777312	0.222484756450171
-0.283751225781512	0.205850879040786
-0.499016184789301	0.37597621731236
-0.133371755045673	0.0753233695482638
-0.667974404660402	0.467925915746709
1.04112102699588	0.991484288779834
-0.787462658963457	0.429441203299091
-0.126135149529582	0.0710744221028153
0.00133135209953263	0.000835334507788735
1.09049394605058	0.672561572868798
-0.131985838008926	0.0745035932068258
-0.663601754995644	0.46438738916332
0.613803325271254	0.46718238085763
-0.780405391439238	0.597731991111735
-0.375003798845505	0.324714805069889
0.0629803417646582	0.288092662200269
-0.00886776212473509	0.0289440920749157
-0.134266852443575	0.379052160865367
0.0326045939465419	0.0586706496746661
0.220990866743357	0.775710072575114
0.0139558466121861	0.0325545125758916
-0.218627383245475	0.64768160838977
-0.0193431144244088	0.040755194885685
-0.242154162648356	0.403677320164897
-0.442436342843635	0.652226530210672
-0.207387546302212	0.280095848647918
0.174514412362854	0.239138912031665
-0.71031876805923	1.65545796288781
-0.539473860315191	0.970927367424404
-0.346488256321698	0.561401642983364
0.174487807671113	0.21847112750785
-0.333651937063317	0.555599811851127
-0.0476881490930233	0.0597657251755579
0.133048969668904	0.203183209308744
-0.205714208110362	0.188409828329359
0.370151533969555	0.505175404799815
0.00151788238470776	0.00132978333121872
-0.462316108677349	0.795846274497607
0.318875591434029	0.558715630589655
-0.817027295104219	2.07939379330545
-0.0779267757328711	0.0859819239871952
0.108014671306167	0.131354270706224
-0.376620627244786	0.537418402482195
0.260448836012633	0.277268392759208
-0.39503452955071	0.472176715989887
-0.173147153962197	0.169654102217067
-0.11010476405524	0.103064632974037
0.568500583303538	0.564388427738319
-0.849519125772678	0.907011747931591
0.720005762648617	0.730324620879327
1.00638085039149	0.829482181397592
-0.461521207943946	0.388066738327509
0.193002256562555	0.144491749324438
0.32909936898265	0.200355576107856
0.0811474397430499	0.0672635091793158
-0.0404709485404763	0.0443311014941878
-0.197405435954623	0.222203538692091
0.100432422489048	0.0899169684288614
-0.513948500936136	0.690733287485109
-0.0566518932784342	0.0460342414604072
0.0600763390420071	0.0352314952561366
0.739782329030349	0.619515479202374
0.691524200175613	0.721979824935113
-0.0249844741068683	0.0159196032529437
0.378424315582733	0.519981449037094
-0.496578135487035	0.618368327151056
-0.147277426856335	0.100200107938877
-0.445234815156854	0.295438881239145
0.805987760680476	0.486896763873198
-0.684649441107848	0.54409084312249
1.17449953188611	1.46804847272386
0.747110791676538	1.183073746062
-0.415050649484717	0.519007506611379
-0.568722443327963	0.827316036573779
-0.103116570428159	0.114060913390518
0.946692257305757	1.27352396554235
-1.15707899362266	1.42941591661418
-0.182224046001573	0.121449866014176
-0.93938137352835	0.575627405660392
2.27288016932199	1.76291333164875
-0.14424691106561	0.0516144007445858
0.31594152431707	0.218790803450445
-0.413486806166504	0.516537750879965
-0.690147970814753	0.604139217581202
-0.786118923525928	0.428616616401926
-0.893414362947117	0.744239983781145
-1.54589858722614	2.0399655900264
0.169582604681333	0.0909556173805172
-0.233843705090568	0.116879473569754
0.186862304833514	0.116183272476043
0.612360029858363	0.321449462066333
0.397884391204682	0.443311958963434
-0.123500718695214	0.096035378110427
-1.1930621727778	2.09795145079787
-0.356977883261356	0.379862149271764
-1.08371659222145	0.740278124992914
-1.0279087325577	0.820958305121362
0.824597524529586	0.347415264205767
0.72219284141185	0.479311965454059
0.788403149474676	0.976118598219925
-0.11668006417626	0.118198404627722
-0.295829060845746	0.407096703060761
-1.23446585647411	3.54034705838938
-0.42988556806476	0.700655531960917
-0.0847713474202559	0.0890914867587181
-0.109124195136067	0.111360144327804
-0.451133074733379	0.779847315399367
-0.296559972670764	0.422121567912717
-0.438204732341825	0.643700781186479
0.168580606838008	0.174313752501611
-0.291235132124394	0.371336477922117
-0.160556287785744	0.179875251023631
0.122255763410132	0.138655809136331
-0.084776318295458	0.0754392438933759
-1.59395294019668	1.22280451306751
-2.27717454989775	1.14968051290582
-1.21941706805851	0.921759658788255
0.412482436044104	0.327295032817721
1.11310260765433	0.852724416448577
0.998729033958874	1.09919798870131
0.305898426237802	0.210643993465076
-0.168132710594304	0.0898911251175434
0.342276835414447	0.209509093949448
-0.495058584443625	0.451732550803614
-0.101407664929086	0.0595854381636146
-1.22347074956181	0.926727756264896
0.606539541605622	0.318004677714323
0.0701753151921857	0.043585758125497
0.00831888932546103	0.00424238814661733
-0.784026546653611	0.601894588844028
1.41157750874184	1.10256353781765
-0.615786480512358	0.548346113489798
-0.0494491188156091	0.215870320056655
-0.203424776008463	1.20262712263203
0.15742423626874	0.595240051056157
0.24695172556958	1.24712640633281
0.0116234422035134	0.0312149129458859
-0.361166935654008	1.92730215364536
-0.296503940523847	1.23262456453603
0.0183319666741507	0.0244205723960251
-0.367774195911706	0.394492655768387
-0.539493906389238	0.658673982374768
-0.868964270540535	1.19205018584833
-0.671147950101083	0.888764950102729
-0.167634664678623	0.218255866107385
0.461966480163784	0.68219257048768
-0.379113439548057	0.591045291987854
-0.053082042135267	0.0659153273270187
0.0344273332925974	0.0367685045305552
-0.0604014241353548	0.0536346490429242
-0.201003397350006	0.247456814862773
-0.000686461277711841	0.000660630233526189
0.593143306108799	1.06642317283801
-0.20375017670544	0.230716633060034
-0.285087082719888	0.393441228716018
0.0338399590837411	0.0321968798454309
-0.292559411480694	0.316323185878986
-0.162723922896308	0.202479912830221
-0.377932274460439	0.580530117360205
0.8465986956874	1.50957155951886
-0.687580239246504	0.955974344339412
0.303054274648954	0.364108973649768
-0.267017352419094	0.325508350142787
-0.663118868870867	0.995420179249799
-0.0978000285323618	0.100152263526169
0.000738704778598126	0.000600763597569231
-0.0994809640856881	0.0879482245992783
-0.258501961231129	0.269278295268491
-0.0426084761903586	0.0349482329618888
-0.577648971585569	0.422537604550987
-0.367920104609437	0.317230936747523
-0.509043365215414	0.562769575299509
0.0692421643490505	0.0569855131326295
-0.547591762035586	0.601367924402353
-0.205544061696464	0.216609092920684
-0.309453283927169	0.37900914431701
0.0180996216442052	0.0167987561883665
-0.325675088423357	0.354122867042639
0.203888051790372	0.169367449402102
-0.122224419333216	0.0849837103570008
0.112459742197834	0.0804935690252053
0.907072758412707	0.932313145392395
0.192682030053673	0.149317945059415
-0.1289639030778	0.12250440909157
-0.202134530257533	0.199074510779745
-1.17462217712454	1.59168861923232
0.0699120069050562	0.0434586114503778
-0.0331223125089135	0.0206905906927775
0.483881727257344	0.447419056081902
-0.402592159887902	0.341259497667539
1.17642261273545	1.79200091894767
0.414347681272734	0.526947763662837
0.37974084836724	0.446384401047362
0.434236959692989	0.527029647043753
-0.865977709782014	0.86512466284408
0.417632246723181	0.448714080155189
0.301843748913951	0.228901879781997
-0.515260306744374	0.194916268075376
0.801826197353825	0.639095522607279
-0.379958755431324	0.261198732247853
0.660322291483664	0.602078903409693
-0.0401649291867423	0.0296130206794676
-1.22222772458331	1.58102619995915
1.23407173410153	1.49088761163982
0.204026346921484	0.159114502181315
-0.777551019806753	0.785513941209985
0.188922572844391	0.124219555636552
-0.18424807616638	0.140623764104873
0.0277338413553289	0.0152980257079484
-0.574529936230999	0.419681662530636
-1.11522114806213	1.44840390153531
0.272180544264334	0.268379027408809
-0.247838151183442	0.242698633675339
-0.573912217127612	0.670270765293818
-0.793954625067288	0.748917812345216
-0.447551558442891	0.41251724887364
1.05982081277395	1.12871070153752
-0.0122045426557032	0.00921419862312901
0.448624810786896	0.550053682808749
0.0437135418178979	0.0443752445349006
-0.159434288636471	0.159899209001883
-0.791233771473254	1.3265030557288
-0.375464820284853	0.494174784842608
-0.843817634618724	1.76439676421159
0.545639822402816	0.792438199331972
-0.209905397563413	0.244669244662229
-0.257658561500081	0.294171327394519
-0.0468229640302514	0.0384614749388433
-0.857248952604399	1.42716474549313
0.321185511597806	0.356330334695747
-0.910803776605864	1.52505807131267
0.161808205373013	0.166415180551448
-0.659193648992173	0.797131654546787
-0.824824406234632	1.09043353646676
-1.38704551784033	2.18398798375158
-0.597825419183164	0.286122383198801
-0.642969358307316	0.381028299408276
-0.3534069395508	0.101578475904711
-0.569162190135364	0.414859286644704
0.621750345713556	0.474663702646561
0.417926907965712	0.332705194687564
-0.450240435963769	0.29946846377491
-0.139369757426473	0.0498863282239078
-1.26845479307781	0.570769833026671
0.879329999074523	0.656895054082483
0.347788152485456	0.195171567348486
-0.262102167413174	0.164039157546639
-0.0665992722781923	0.0404173856333119
-0.544546517207197	0.489913076253446
0.396447239948702	0.179301764234139
-0.79101999440297	0.524492045232693
0.148062190872475	0.056895788489256
-0.783985261385806	0.426654698558892
-0.917168518671365	0.672411704467914
-1.72231370032291	1.45356865522048
0.14187365545451	0.940792207866845
0.401013144624375	4.3977924708791
0.491706512624183	5.14128390332911
-0.107497718159266	0.416536365572798
-0.394783190502262	3.15647251137028
-0.419330899416427	2.59866826392929
-0.322923916715402	0.228299291608603
0.346366467641514	0.193964063885894
0.668930244867581	0.480411225049863
0.522798985074108	0.335150491223698
-0.266066735117853	0.166815431514322
-0.492756391297013	0.449019027323551
-0.892094497161148	1.11949986179551
0.530508803696882	0.651252545622249
-0.640194385354463	1.41277096331188
0.491287853287301	0.87419855822139
-0.153985538998748	0.105131424097098
-0.485336962374928	0.36310937697519
-0.163316823453915	0.139570851893339
-0.13235127139749	0.123991665969962
-0.0964193182444689	0.13579779504729
0.211109497940029	0.29661176756127
-0.173976308078739	0.132069152340558
0.458434522290717	0.333161908506485
-0.116615481922886	0.0808653756230336
0.614581291917607	0.467758881664235
-0.459622086932443	0.426432580154246
0.385963332052097	0.329058627044149
0.283782569638306	0.268518953547233
-0.496105953357	0.724493960560529
-0.248427557909261	0.333289135479317
-0.297906391825499	0.361083086981681
0.0108864002185872	0.0108534032764894
-0.230064521890948	0.345476884733653
-0.0768098895028672	0.079166525203193
-0.746001452640011	1.27974329502456
-0.0493589543789086	0.0459579237404736
0.210606126121294	0.208475280979717
-0.273942181972077	0.349053391480565
0.215978895199463	0.258784060353048
0.682879993184711	0.709535385158582
0.502174044275773	0.548543375982236
-0.40344026194843	0.374654624500565
0.124558064058299	0.106389477745668
-0.449405178409474	0.29875423654778
-0.13125536347987	0.124983409834632
1.40224750405426	2.51511966432678
0.20540307073848	0.175715612152919
-0.726897657496938	1.04643617953758
0.159585334555807	0.163762230472504
0.0106463594678127	0.00720718589637817
-0.534837818757644	0.55603638540555
0.592188316043162	1.02148737427554
0.0957747308410786	0.0837450997898759
0.969442964314113	1.98095795828753
-0.0473243795500958	0.0434319612640162
-0.499452383898835	0.586794582251075
-0.445728865731208	0.529630380383528
-0.309719869831563	0.274710965212865
0.307726197948867	0.2234067656895
1.3713875579575	1.27399298489712
0.841324606991348	1.09050930516358
0.687775520914078	0.716337569980989
0.0248364513706526	0.0174559873456513
0.309373744703454	0.213504598831103
0.400060334446418	0.512805440030963
-0.267342801436185	0.274705857059718
0.317372793850294	0.336233836845681
-0.169178813337008	0.112031618654098
-0.536870289431477	0.559143880681663
0.533133520710987	0.655624074074535
-0.19977952207813	0.18607794849148
0.999826180239521	1.32750028848564
0.514645909436781	0.693137224770618
0.0252407821569496	0.0242507549868687
0.198425853890452	0.209520809501333
-0.000989013610879415	0.00081225185654992
-0.0963170186841121	0.0680230943831101
-1.59216495213371	1.89193646576478
0.202715029909104	0.18666411363124
-0.30074866175202	0.380804857126626
-0.18061736223274	0.200326326670144
-1.0418454634136	2.38795282680279
-0.349548292306229	0.439021332434559
0.714387176779887	0.722251964644921
-0.68654266940869	0.600173580986901
-0.432476124489383	0.42892439960176
-0.341498258124982	0.346231574253175
0.0826911396278981	0.0858700912317545
-0.0674302642654627	0.0409256487924139
-1.00709822088841	1.12034609481016
0.760222790096504	0.748897418751098
-0.228171441844179	0.167053006165739
0.623624442348962	0.586353997312338
0.448010798882792	0.344216974003581
0.321062961898442	0.209607396676232
-0.66276292958944	0.728641755052415
-0.068871611661883	0.0776465399816202
0.112836793540661	0.116905972815145
0.0928482016176812	0.0634945250857079
-0.277966572543781	0.336724358892253
-0.275182752903317	0.198628536210492
-0.486776473537787	0.25588967394822
-0.767523934479266	0.334015614821553
-1.26573615989055	0.569176208845945
-4.21560669158487	1.97951552158764
-1.02713260840854	0.407375194722086
0.287453006563252	0.257945973587111
-0.228499892963289	0.188857953514227
-0.0032916385319805	0.00214801788864596
-3.45538437102149	1.2298802093729
-0.346820783252297	0.0997890928773071
-0.214295623660532	0.0692156550779169
-0.782478838954926	0.425781425360571
-0.48712950543387	0.255859930931184
-0.463358650870068	0.389927721025261
-1.32585381591904	0.831487600628691
-1.02582176479153	0.40676668488424
1.33238436977426	0.583835036782427
-1.52246168976357	0.543554490442396
-1.024931295921	0.406505232933835
0.171284668377554	1.25765242784044
-0.346338352782814	3.40864751762884
-0.810906319632795	11.1899747314407
-0.904322670934742	15.746375466297
-0.826723057088714	9.34284839732214
0.0508995960912332	0.0298787260014955
-1.59675685833158	1.22877202125095
0.741547002258795	0.621843399059682
0.442735555217055	0.339404531883769
-0.382667916873094	0.263396660407344
0.546241321873403	0.456015692946242
-0.292974587800276	0.23646960356943
-0.114287561316062	0.115498317161506
-0.0701701638495246	0.0815145324083796
-0.574964635873336	0.970640383809668
-0.214685982000675	0.138867157646292
0.755424033975115	0.742446932746801
-1.01105654897587	1.12733387970198
-0.291271993620286	0.320799178844509
-0.208934402425554	0.349407144644073
0.313592287858965	0.435158101610824
0.703046237754835	0.619024886582117
0.30180882068886	0.228860548970976
-0.782084437373693	0.60021814623644
-0.395482543189199	0.224039549024308
-0.485406956032657	0.36332342376226
-0.260849104925811	0.163082827802815
0.323247075841023	0.211061042017123
0.118954763918378	0.122058655706961
0.217840255384177	0.283599401674506
-0.509309444538574	0.770877514658176
-0.00680150622099842	0.00640780042900535
0.237131920488615	0.325127560617235
0.85973461309918	1.72585718313163
0.186391206866663	0.207904209955081
0.1838804331627	0.250906858770376
0.206640544496486	0.223619536549818
-0.634898495585335	1.11751720182318
-0.330816521725458	0.423129984009547
-0.391890813539803	0.270827806123346
-0.134132269216752	0.0757519281541966
0.00516967785936004	0.0035949337085591
0.305751024852493	0.34835739646932
0.795990918153005	0.633213830883149
-0.0792778017126755	0.0713228021022605
0.108098409461337	0.108120173900725
0.373442821422569	0.436820236222431
-0.582244495786223	0.879909155139604
0.00239672921685945	0.00231754182973402
0.154673387654331	0.0670697432488494
0.635224956319378	0.85960259541443
0.126454247015769	0.142161015123228
0.798500537897256	1.28906647900424
-0.234067032057242	0.299479386604737
0.133948850103828	0.141380231227609
-0.385972335641042	0.434170351012226
-0.122169513506602	0.105822177713255
0.0477863251924591	0.028046426751749
-0.213782988942729	0.138184928321869
-0.0623206192456537	0.0377900817641129
0.878307731519843	1.47020195610095
0.483029817065562	0.463524573648154
0.370511539243618	0.347542826552437
-0.668836131876163	0.468961302464875
0.535381411029825	0.824230842686118
0.138756592261281	0.132600213371215
-0.396002387314152	0.42275457093996
0.403530590532885	0.347666688074591
0.145275472613925	0.139713486673674
-0.367764763419596	0.394482600045653
0.121284828366534	0.0958493570226095
-0.705249212118767	0.806634261531039
0.392085218960318	0.508781051957288
0.262142018459132	0.31110318091919
0.430454386952969	0.603131073216566
-0.164637943917695	0.163080449780593
-0.488901016001708	0.366533446835541
0.104968040805283	0.0774123391577474
0.0256861080294481	0.0202959975534158
-0.397262378972665	0.396751270597097
0.0841032942986412	0.092108162440034
-0.18060619107561	0.16587707346945
0.00760411728234276	0.00644091415015401
0.0412367588882709	0.0300757589869208
-0.171510186435495	0.0918066830933485
-0.5698042233071	0.414939318338302
0.385295158920956	0.340973059753658
1.00641239313576	1.62213648175865
-1.43794734778575	1.28490299536784
-0.642473677294523	0.38057446428914
0.0565470261428141	0.0331882481361573
0.421556865627458	0.336297259500373
-1.71740925933698	1.44470895694091
-0.131985838008926	0.0745035932068258
0.318921160481768	0.221163400026329
-0.649913486161017	0.709391360079951
0.0564445275118165	0.0594712062802916
0.508848018868016	0.659879253696034
0.539717846414223	0.649690741120823
-0.0812893234317373	0.0955274164166559
-0.327609803217165	0.260315250257977
0.532022890862633	0.191307575847994
-0.519952717504097	0.196880719935875
-3.08164138813046	0.963767470359232
-0.632432130022522	0.154575713959717
0.167299398578488	0.0420768316112512
-1.51853446946828	0.541976089171892
-1.27708788883344	0.575900247837692
0.509092488004088	0.630665650250152
0.487392536785652	0.468785571360938
-0.867184296915694	0.867039895819671
-3.46005827230016	1.23260132520798
-1.16012331040918	0.649519131528609
-0.426012416122425	0.32693950052902
0.490497683303653	0.338245540667507
-0.214760912211579	0.0693111282263225
-1.27417210805003	0.574147134662387
-1.83152257965272	1.15259010379683
-0.0245286314918293	0.103583392289423
-0.124187746965273	0.659631763731336
-0.259648300157341	1.7983519107704
-0.0625133627612067	0.207680471655903
-0.553906880285254	0.611308099968444
-0.415688422283503	0.407757090226885
0.0725499630192375	0.0598297823404094
0.0000617590878355322	0.0000552735783123051
-0.660419316154341	0.957839397988398
0.243374302352027	0.306342823546107
0.35601658344444	0.558441804856229
0.614704784541677	1.41256625445912
-0.118667482158521	0.15397755810377
0.0362132433195039	0.032051559701766
-0.344318669771287	0.430215893787555
0.139085166736665	0.125526382268609
-0.222061810004577	0.284677777118251
0.409476772905367	0.843419066681467
-0.312185630705322	0.436250943542116
0.0583731777417344	0.0466326286713374
0.207719838833673	0.209231895580868
0.427206662694007	0.51591305557841
0.275062788724653	0.290441499303478
0.649950674822648	0.780990944615162
-0.44510220572244	0.497714517697599
0.466068421691149	0.539568307410206
-0.129884155610427	0.140149085579232
-0.743562446465215	1.51918142700799
0.1443046595541	0.164387122821801
0.0305086872861245	0.0324735280808503
-0.0362158903283095	0.0367802614139331
-0.136004426741439	0.152693442332202
-0.17734072447729	0.16252961015803
0.0414774615955082	0.0368371850280237
-0.507932012360382	0.600259021867097
-0.126413235611818	0.119902666413161
0.278493693448438	0.282392668060782
0.201154509333864	0.16680961367868
0.008158418540419	0.00644772350417845
0.0259540843718441	0.0215613403051746
0.554055244080966	0.654812298809783
-0.203767348261817	0.170342547733003
-0.218240207918686	0.196975683777005
0.083642109360477	0.069454318658066
-0.0915828279270753	0.0804827512757448
0.727222354744989	1.28909899772205
-1.12828546604751	1.24596132292312
0.507356680149602	0.708432700110648
0.413466155569772	0.465784824102277
0.158167709778365	0.153756764599993
0.987272161091781	1.6908582181842
0.215298231558947	0.204849414741841
-0.108821318042494	0.0858735538278818
0.285408562480991	0.277382987001039
0.00387730070074065	0.00293043151866407
-0.205032306487777	0.171525184180094
-0.550259016628057	0.496627230883734
0.324092054172071	0.374883340123269
0.0441747467297185	0.0332577376532756
0.0384457616335378	0.0280163654338269
0.0818591378740364	0.0534941635706114
-0.207466514541028	0.201153513881092
0.0551954035530801	0.044016606961795
-0.414238949844935	0.387145437313228
-0.552117480725248	0.498527727756143
0.0101807778008447	0.0082916567475639
0.00654024682831857	0.00539673523772943
0.204294289040798	0.153822111159477
-0.199261886821014	0.181662534396696
-0.126280941400226	0.109720166821185
0.0865132992801465	0.0719588172843706
-0.548550105321905	0.7623611338829
-0.250605451134608	0.240535842255156
0.295481994539045	0.250185861423565
-0.0784565619066545	0.0633660508951378
-0.591457506476136	0.900625544853032
0.054997057876239	0.0492907056846655
-0.538931613991005	0.561908900900045
-0.519653632288116	0.578226242420801
-0.246080837200404	0.271069639665837
-0.0891064942953524	0.0928992053473699
0.426269466922828	0.448324081535832
0.28693817627172	0.257380511457281
0.135747789958269	0.119640911726808
-0.0466961039327009	0.038382517121126
0.52739981652803	0.785085131258298
-0.275980364651179	0.199360505223881
0.347805217982311	0.359284168668113
0.275496857626961	0.265907161450024
0.197043938377695	0.147804194240376
-0.176850803486435	0.134491343459064
-0.0459312906054069	0.0339439143222969
0.679219722857379	0.704305516982814
0.66111208484715	0.799694337492988
0.10747069434645	0.100510150927463
0.197248667358512	0.185162620997901
-0.147965660769524	0.100705452734132
-0.182635296243015	0.19506007796651
-0.0949077870478643	0.0670071894577185
-0.131081888336261	0.0739867900343313
-0.599370146411956	0.287180389957063
-0.408829033857391	0.557605806252585
-0.176397777125699	0.0945079690873259
0.177298294161598	0.0953319881298597
-0.763846520547542	0.331965855437583
-0.790584573293045	0.431697421073342
0.808159087066743	0.488468336876942
0.42404479670839	0.457681154215743
-0.339629263891994	0.321630034979804
-0.0973096477041859	0.0687520505114641
-1.02116299616938	0.404658802027825
-0.998136412122935	1.18777338072279
-0.768008152815952	0.824587179296986
0.87373569593194	0.651295255211069
-0.909718278545695	0.664369877559088
-0.939496819861406	0.57519870626606
-0.0555003538934314	0.25251563107144
-0.0424984967256401	0.169432340690546
0.0158933068843528	0.0481283868978994
-0.302097238537837	0.266718389505258
0.680669595208208	1.01968681190174
-0.106892679681368	0.0933760848633887
-0.335631438621681	0.472255534602166
-0.40757791571426	0.602261620123295
0.314841489066279	0.543623157231267
-0.297465770302653	0.487742704007487
0.045618831276163	0.0520335266642838
1.25372950259132	2.76633194844173
-0.189760435985606	0.247220169507978
0.163492147444528	0.182121045521955
0.317423153997327	0.490758265425372
-0.182753574821092	0.230679513629098
0.281818886604774	0.391964975719483
-0.147505771711102	0.134786155357772
-0.564325184522368	0.794157453759199
-0.0106052911141933	0.00996832888720678
-0.152639279458096	0.163526145295813
0.71360839091033	1.00243396500976
0.208950507910424	0.210681310525705
-0.193247987546828	0.213518893973735
-0.0568161669099707	0.0561624696130118
-0.653330435380963	1.05733976210449
0.331126018138262	0.377579220431694
-0.449761467170499	0.627476489505537
-0.104243005061357	0.0987153436932385
0.407167827681494	0.456660086781514
-0.177860184193438	0.149919540878152
-0.0715516630417415	0.051212328617964
0.137067689880571	0.120894227534661
-0.168259416259652	0.144260016545892
-0.333488547004666	0.291158995726144
-0.244267769029711	0.180508430639562
-0.339886140369186	0.365463164115231
-0.232227164153684	0.241480399182254
-0.0977462425709094	0.0783173766384708
0.0456428004170397	0.0343782456866193
-0.0255054647659678	0.0162102014030935
0.148468847952007	0.12897666666891
0.597551383533173	0.758169699383014
-0.133789962292634	0.104653334335309
-1.27514730109282	1.71413844042732
0.193475229725722	0.144866036511884
0.193925014368459	0.155312322313884
-0.292829268718137	0.25691921558539
-0.710265713951444	0.81497301726772
0.585723232839314	0.665473598747956
-0.0375312002915029	0.0276620938270698
-0.947735656118055	1.30874347881524
-0.71742032097825	0.909636336863739
0.558133781294466	0.661568971619134
0.3860075091337	0.341793743831342
-0.268298646342837	0.168297620896226
-0.32892581850577	0.261425475135488
-0.766916287878816	0.822709370721867
-0.0404703588002949	0.0252376161598796
-0.173524266593163	0.115133912493198
-0.429686818883837	0.425643290153066
-0.211166505745051	0.158704410920269
0.124948106291423	0.0960984202304708
0.961098099701107	1.17574771417569
0.847747002676705	0.894481796084112
-0.130368151760956	0.111286251948647
0.0343275894287808	0.0249941225249306
0.849869501189745	0.775290212373454
-0.14943699838296	0.115033500528067
0.987040364686917	1.30247766380634
-0.65120638540629	0.875174457942825
-0.012067217432467	0.00910792609845335
-0.615632705044024	0.548257061975016
-0.372807776762976	0.291484448045377
-0.230605690586179	0.269916110198957
0.19753960579243	0.239332543776968
0.435278035697495	0.612390713172332
0.354349650733688	0.339049038788151
0.207830503060335	0.192271633987326
0.166454190235759	0.165851281366979
0.484901266372768	0.554187226712145
-0.278183097027217	0.282211314714003
-0.0499628733857223	0.0447132463613537
-0.709860096204691	0.770865893370759
-0.0762618156907275	0.0603278886334381
0.0662255520358196	0.0517831809107927
0.050588453587695	0.0392570044870219
-0.121489027961522	0.105205620525334
-0.353708193974459	0.445708492073801
0.135339750098741	0.110875956249269
-0.0506209472862685	0.0221427204275206
0.371208080401891	0.442494189527815
0.816709343563762	0.989551273225003
0.186107916598977	0.12210756541479
-0.327544208680005	0.231893795158008
-1.51506414447026	1.70954544734811
-1.51885466658535	0.541921809220855
0.166643996295006	0.0810046394434791
-0.396380818521466	0.224596257835923
-0.362021678692066	0.438657815846324
-0.26119748390047	0.163332092166652
-0.0110108078839576	0.00708912365586594
-4.21852400687921	1.98286596020995
-0.513205997771871	0.19409970604666
0.162706550633882	0.0790081716895915
-0.0039261944797448	0.00256981821125641
-1.15566949942324	0.645677647074688
-0.379508408372544	0.297760190946089
-0.0727107766379106	0.052114407656944
-0.395629985495349	0.164908907884731
0.0457666222762466	0.215659453641273
0.370142516901619	3.61414678775864
0.00100377162308502	0.000761034992039764
-0.170734521499464	0.12930830184474
-0.715471418874588	0.779247258473006
-0.151354398026742	0.103224127259145
-0.0044287186997309	0.00287213216855146
0.736890268409467	0.838644148856636
0.478322271894644	0.607110340781431
0.348109528097838	0.461745513811293
-0.380408938049254	0.494119649304484
-0.110157140044139	0.182108511262249
-0.0719602320281547	0.0953722300820239
0.0944409657208633	0.0807691494631719
0.463507761662676	0.535767513609625
-0.153152050808367	0.140568803976884
0.0609273801576331	0.0668602543052807
-0.242604104374121	0.443166903143743
0.554448881195774	1.05662646715232
-0.243252946464949	0.218173894020805
0.352055180272953	0.373797990335503
0.543845332900373	0.656499461077494
-0.32310479155605	0.280251512914069
0.00515047429097817	0.00320721024129477
-0.0889336470055508	0.0625856705227902
0.812658892381933	1.07434198241091
0.319741341247393	0.433359418751701
0.274425329587682	0.384105724210952
0.0989913178109156	0.128102792792523
0.476043939770418	0.686125382619486
-0.0876020754324822	0.100546886577956
-0.524149487406914	0.878076271261672
-0.155525619362709	0.173257471426215
-0.155856402887879	0.186642498404912
-0.137863104746988	0.129692421153198
0.0660836371897731	0.060764369499361
-0.645547570467863	1.0594217173951
0.392667658946361	0.577839319510199
-0.0904029450787433	0.0721129115225238
-0.00262730195664765	0.00238306572949149
0.537313074001246	0.790919044288433
0.700506614752777	1.12454782883344
0.20305889238672	0.233388045865323
0.257787888519973	0.299803706922053
0.529697533921342	0.571122521729716
0.0331568131771768	0.0287726179956214
0.435564802267598	0.447847687236682
0.51262688826831	0.462665035546451
0.0719535139858343	0.0579141398478598
0.319619724801875	0.368423474658151
0.707424734480221	0.82202592520397
-0.114112427134974	0.0982967527404253
1.25269267273033	1.39019891666946
0.122946069929392	0.124543542598428
0.405902361403449	0.491743858104443
-0.120606208759559	0.113871381814282
-0.263431295010519	0.164966336541921
-0.197647139356501	0.179946372560735
-0.62095863225384	0.724008792249511
1.72669682191426	4.32289922049066
-0.264350674448127	0.234225957983195
0.900454310154959	1.54249094333505
-0.128773127836497	0.112047513304275
0.507840316021437	0.77134107933623
0.110836082287248	0.103911880031022
0.397891948362099	0.341718548626649
-0.00119131530873136	0.000778077070375612
-0.352670885930608	0.424150179330434
-0.0218911674616544	0.0206660113465264
-0.544807148646705	0.794666427541511
0.0303466324614293	0.0257973380383424
-0.170189129073986	0.128897806896215
-0.566160331847343	0.657686450432115
0.331371214384725	0.362795050560621
-0.396769056185757	0.558467893597723
0.887039447139308	1.02486577879611
-0.217265978321305	0.14060188787575
-0.239938887577252	0.176881897454385
-0.333358851589647	0.236751083723872
0.31729875087185	0.219823914263014
-0.770165382566961	0.827922704988598
-0.459530572906272	0.617629303850508
-0.146350847732657	0.112446244485606
0.0147740599383736	0.0149732029081049
-0.273265145000748	0.243440037166632
-2.06376292263444	0.939652168969582
-0.216730820199361	0.0699462135090824
-0.214926988436609	0.0694297469164798
0.0216336754911074	0.0197669407586539
-0.237220555865782	0.174649641680344
-0.3784154655531	0.600923438155975
-0.505774342773291	0.655029960053628
-1.48465000941191	0.750254071982769
-0.296504853467506	0.135992185642491
0.164924003228835	0.0491712866480455
-1.81709445137593	0.740609353997304
-1.51429942551804	0.540079204882619
-0.139626623650296	0.0500203007886289
0.155572557197279	0.052867342174464
0.157466035566067	0.0534763086680417
-0.593045777418822	0.283606513932115
-0.0614435755758211	0.050052893580239
-0.0632958869368141	0.051629110819134
-1.01896064431893	0.403433301964411
0.220790006809024	1.66197150822568
0.172107029961475	0.749667718844516
-0.151645334210168	0.558449790461633
-0.364851362355098	1.73032001233997
-0.482410709357801	1.1424576780561
-0.0370258344132422	0.0423156224308671
-0.171562100301662	0.167928777684578
-0.222998588141068	0.263077345720576
-0.00333780390751429	0.0034592773893776
-0.255077441148269	0.295604482523944
-0.169071323220831	0.202841620110498
-0.496201373079679	0.672250498366532
0.265774480272184	0.284214671061901
-1.10526331616537	1.63048413643768
-0.21767635452252	0.227780028281626
0.409534734229797	0.611485811586298
-0.749290374486604	1.57324914976534
-0.509618635707599	1.01805274958431
-1.02928603058	3.88265515484158
-0.768433562898958	1.92938112491299
-0.351021729842296	0.597919359154703
-0.271611612390587	0.332472262127912
-0.658810091896	1.26822895332119
-0.0990245259368069	0.101497212868164
-0.541002204469288	1.08974982383844
0.0335530317943315	0.0399605404522536
-0.587262402370975	1.04924075778225
-0.0233782814426181	0.0198024624156001
-0.740056792857497	1.26525786161385
-0.333103749811515	0.477850028172102
0.0776272665816236	0.0802467389134986
0.0448390679028127	0.039180082993062
-0.90528029694715	1.39928622278987
-0.0849341481614286	0.0827242023189959
-0.0384732637128825	0.0379103461557029
-0.456207956354096	0.750439426960313
0.186607550698473	0.226699849411307
-0.0805794196112669	0.0714378214815225
-0.0256256350309818	0.0214719217960878
0.117843995602359	0.117035717252932
-0.000317219986114201	0.000374282555185679
-0.00306992055572559	0.00240552871626312
-0.283920110272477	0.272625078239977
0.0800145310666933	0.0521956912079348
0.553338394810647	0.565635091808583
-0.160707382233958	0.148201999883794
0.497703403255745	0.463889973948718
-0.666874524671395	0.845757539524499
0.562046234067671	0.667652426485648
-0.0681815888025881	0.0487649732169661
-0.265596100231066	0.235481167916333
0.274144230820359	0.243806265690116
-0.490991807144282	0.446891560331345
1.32037319097366	2.602813886676
-0.369457862625561	0.372436492966031
0.391973985472866	0.335481785870508
0.776047813709628	0.954680399839371
0.291109100583793	0.276828003361368
0.892379874239396	1.03331057544546
0.0979403098110905	0.0696351537023488
2.12559256862254	1.48358603095739
0.443676964681261	0.458568396750035
-0.0552970208077018	0.0344975848882243
1.31285859478537	1.94817037812182
0.026144574652142	0.0183767693461417
0.508232304802853	0.457711854976049
-0.788989266730076	0.52245349106228
0.061629685508316	0.0382521417145917
-0.248991640392807	0.184460973106128
-0.00936920688575904	0.00601595422731066
1.31195095087374	1.81482048752639
-0.0723825842576039	0.0518727624447467
0.626677428956131	0.589946809738647
0.0761801478603667	0.0629586769955883
-0.782149689617024	0.600215549407255
-0.081421458432963	0.0659189281636697
-0.268845605170968	0.310010999532934
0.247422803108324	0.280488059063941
0.0835599265191914	0.0739335866209067
-0.570571100059619	0.664913859427628
-0.693486797404759	0.967748748666911
0.0260924921995817	0.0238734953286647
-1.42940064681259	2.49004736990064
0.41170018212564	0.451992403159807
-0.202790506351945	0.169435387121423
-0.424689059182907	0.479959661090425
-0.0479933992857789	0.0400964577427359
-0.292980602746562	0.257116736934134
-0.076642632555286	0.0618724140957382
-0.327659997635037	0.196969949604088
-0.452388251485284	0.475124508207548
-0.556885644626045	0.615733339265214
-0.500312858434297	0.457564164437269
-0.783682365947342	0.51832924313653
-0.0178032329193472	0.0113984014598271
-0.788402408011213	0.522578332512192
-0.384987521470396	0.21741472090556
-0.332522388029816	0.290100939800365
-0.884026247982345	1.22346268794675
0.500808267555961	0.467488132261226
0.157288382959742	0.134085595686262
-0.839363210395492	0.951443406180528
-0.392636568015087	0.163571745878378
0.703146601876222	0.330393428520152
-0.760073221936386	0.330149047801038
0.159513156363193	0.0541273306009046
-0.515889861149168	0.195150861370295
-0.603569776832878	0.289530217732636
-0.541373517345085	0.343812560311798
0.159888868383505	0.0776881649777581
-0.596172317433782	0.285518798708982
1.07164693809362	0.51966461625766
-2.22147930589823	1.85744859272428
0.0712081372891217	0.0463912227152807
-0.175377232351161	0.133252386073284
-0.0155645628377829	0.0116484178764053
-0.263431295010519	0.164966336541921
-0.688558744372999	0.602303414969722
-1.15912761229326	0.647946866901507
-0.116060890096542	0.38521686642339
0.0190444612328671	0.0398795429510479
0.117807179089789	0.266775511158426
-0.0424248781037312	0.0392888006257499
0.284209312167851	0.238984867935879
-0.178934118354807	0.09589576955991
0.532359548327101	0.464084524528465
0.110251052425519	0.0788081433335914
-1.9230666709589	1.88776150858071
-0.0752396567512417	0.045726004356729
0.0693743408771474	0.0430794199703586
-0.916429416061633	0.671188898752576
-0.378251547381423	0.259852740801168
-1.08494877975019	0.740133837390064
-1.34229363523597	1.72134902799118
-0.2804800945888	0.268739564255382
-1.21425376887564	1.93597078403802
-0.993295515753149	1.57661646427994
0.438999913021332	0.335839236202681
0.0952438152687564	0.0651821640712946
-0.886812206197388	0.820604470295197
-0.590393804932295	0.612912039154312
-1.57850004344712	2.37144437554021
-0.332667439849997	0.265007810865302
-0.0975367921172222	0.0386896573988339
-0.524806557280066	0.435480047242292
-0.379280250761336	0.357829164643117
-0.26005111269879	0.212741970591131
-0.144123891857376	0.0979489154801083
0.417229799886646	0.347456741216832
-0.129330549257321	0.0729260111717859
1.6343866970522	1.15208459773135
0.344591753748511	0.192795839972261
1.28131624516201	0.70816927456368
1.46209619529659	0.915480752952473
1.32811644582895	0.58130268815512
-0.143629596355123	0.0513929708746564
-1.79827400712943	0.382942964938875
-0.947367544942486	0.581722693931633
-0.395629985495349	0.164908907884731
-0.301508897548008	0.138330624848183
-0.51567358163342	0.194987355076319
2.75349844687128	0.768381126605175
-0.72146943263536	0.247682563419049
0.165704597093625	0.0417255219351786
-0.785815072898403	0.603910806015133
0.964139985732868	0.658090187861103
-0.211803100213447	0.0684440141233586
-0.344210615318698	0.0990368506115311
3.26640660082579	1.12286745021344
-0.33946832567862	0.0977521416130555
-0.140715784396892	0.0504140657914447
-1.51429942551804	0.540079204882619
-0.948720417011924	0.582634591571009
1.27840738496748	0.705269686314402
-1.32416116198758	0.830585068969409
-0.522479298941876	0.197892599628815
0.160205249240814	0.0478476569439353
0.453014453821007	0.182405310095976
-1.79827400712943	0.382942964938875
-2.57747759965585	0.66335545132302
1.3417364351751	0.588970767000696
4.18523255770689	2.0175697784719
0.166691919569473	0.0419536988970269
-1.28549828034912	0.580708706673894
3.6409027894866	1.43427384419709
0.151346740550853	0.0453524810292228
-1.02116299616938	0.404658802027825
-1.79827400712943	0.382942964938875
-0.348465736253515	0.100232718134072
0.162742974316792	0.0485792905021731
-1.13190405565215	0.342469779892572
-1.27116604563861	0.572193864598171
-0.764919010559274	0.332363812937212
-1.02647704913709	0.407098529252962
-2.577202278156	0.663064687208724
-1.92433769571104	1.88958728840633
0.0334541015426881	0.0183477327009201
-1.09080267650541	0.746547220537834
-0.645226763947724	0.382822274944374
-0.233894696194464	0.116892791745657
-0.900847131309946	0.753007875002616
-0.791464975573223	0.52492644487468
-0.647911851092717	0.384614648931726
-0.0922598492336672	0.0366247500539306
-0.137384952304455	0.0492359429034367
0.165704597093625	0.0417255219351786
-0.716074907122798	0.245725534591538
-0.628807341949763	0.15371861128279
-0.514837284692919	0.194722873359673
1.45476541507032	0.482531337515686
-0.523358329594961	0.198218331821293
-2.46848394005383	1.37538134380962
0.694923768942287	0.325653810863872
-1.02023338945103	0.404108181015802
-0.147076152891941	0.0526308419632966
2.11662288333808	0.949279701700066
-0.386961690828915	0.16102677941318
-0.945761090348179	0.581031592028336
-0.788969344313591	0.522502129560834
0.673268908661737	0.213602867113216
0.16707117146508	0.0420080923591852
-0.208948057982482	0.0675224059794646
-0.343557529393447	0.098858556674811
-1.51200399758817	0.538851635748943
-0.628807341949763	0.15371861128279
-3.46066411507937	1.23287376992561
-2.57747759965585	0.66335545132302
-0.0557236428210716	0.0242792782553877
0.950862031539505	0.252628333014658
-0.515054164370282	0.194749092138119
1.04144562491045	0.395430985542635
-0.608018938642171	0.292093772723965
0.454432327347969	0.183046639295393
-1.80197754639448	0.383903353697165
-1.81405663489635	0.739163554129331
-3.08255415585823	0.963691003677911
-0.338476676785739	0.0974822237690529
-0.72013323546054	0.247288973526613
0.115680822503351	0.54591172132507
0.250425795247764	1.87549110506706
-0.0558118863776607	0.174025783099383
0.235166074396161	0.799948224868228
0.384084474783508	1.05939716149144
0.11375043521475	0.23479292829577
0.126449285926325	0.269833553163585
-0.174316110954707	0.359320183331612
-0.046964923506559	0.0770112906097003
-0.398666294003447	1.06173393507547
-0.295248858215071	0.671489716855866
-0.345032531302707	0.841378106397927
-0.161066692071359	0.303622987522241
-0.624209414016043	2.07313800214555
0.100275590113961	0.184412341468539
-0.184832212662179	0.52257393337161
-0.60727669331964	2.22184652576722
-0.176610126990522	0.280409056078126
-0.299712202625854	0.598016861009877
-0.0546876176238508	0.0813817402439058
-0.14623012530163	0.252286761596015
0.0129451120419645	0.0176039311789114
0.111210083278209	0.169546715652433
0.171156776545389	0.208277791490696
0.0325028615738519	0.0372710235140801
-0.216378369937486	0.366611246738615
-0.175758098362873	0.292988500791345
-0.154215279964821	0.236130762263927
0.0931202115264642	0.121885848113816
-0.245663575260889	0.416765647762541
-0.209650367466044	0.316906615070899
-1.2471641112944	2.63333888971235
-0.0357445205811852	0.029666681350163
1.57419493365854	2.99524417004907
0.811272297982074	1.24218495982988
0.531594719866229	0.463247758126607
0.0917652648028298	0.0627172990339146
0.285542059493824	0.240237484552261
-0.794334816404814	0.434398121480634
0.0533020939515203	0.0414064151936378
0.312009227510847	0.215471264325932
-0.299347444066015	0.137340577512434
0.696047588021093	0.326279767661231
0.662113381709219	0.888028627618912
0.817507110862217	1.25643101569371
0.00900394833011679	0.00460019928634974
-0.231165819827325	0.115499900122284
-0.299347444066015	0.137340577512434
0.158236523811813	0.0767328344983526
-0.174700621879056	0.146953255906756
0.706677299069278	0.988501904666751
0.265070537106614	0.260109795512766
0.36098365893175	0.346710353779868
-0.149649866670602	0.115218963586768
-0.129699506129652	0.073111747067583
-0.395233846078871	0.164875237695561
-0.765765030793983	0.333085138267758
-0.390286637919128	0.162633263694202
-0.790558636044375	0.524184067499355
0.57015254449255	0.588289928759343
0.354655005294443	0.179064293771335
-1.16275930294306	0.651260975396066
0.191605519698216	0.126074393338961
-0.229745336518439	0.168363034168743
-0.687569706632574	0.601225505340019
-1.67380708018605	0.947463790581689
-0.56837127152701	0.734140370207719
0.0670407975678452	0.0765544435931475
-0.84173887421145	1.71221314049375
-0.313358303497895	0.416856124613096
-0.550596320026815	1.02084940183468
-0.637661746416388	0.654056844375195
-0.12933381830423	0.139500579384746
-0.838445320501486	1.55372716730798
-0.15283744954613	0.132486472098166
-0.482735468738413	0.66061075227008
-0.288743905010559	0.295374373937102
0.344012140176274	0.345489814333539
-0.154636952812628	0.131353808760121
-0.426617368985726	0.421754454344686
-0.0556942003659179	0.04523147315535
-0.311609212128062	0.316933661459033
0.0753239776244747	0.0733114202368873
-0.12006554591476	0.111359203695467
-0.134634071346865	0.126404014180803
-0.215876279523952	0.239591583231626
-0.446224217785972	0.499465143589079
0.13861779540665	0.12240949537764
-0.658295123126195	0.7595128380944
-0.902940017183416	1.07422282677269
-0.773586463840551	1.11576843967475
0.106956375696632	0.101785450439175
0.474632775314253	0.453242166585015
0.297797979786162	0.225328637820368
0.506426319569943	0.455453256497951
-0.0207898724310717	0.0132746948592283
-0.296946628258261	0.26120321913515
-0.00514545434889231	0.00394245193573869
0.199270602195743	0.155006825981686
0.844864143911789	0.890356750778392
-0.0681815888025881	0.0487649732169661
-0.533134728071257	0.623754477782302
-0.276777211335658	0.200026830394617
-0.783132939286809	0.847630621711567
-0.201180130515314	0.150341717370483
-0.893758469788532	0.745067406482329
-0.778090465080527	0.66523727262119
-1.86742821495141	2.64861027287692
0.391262730378532	0.347468843081872
-0.40259462197982	0.403534516975504
-0.0990035950766154	0.0793838294139572
0.0598430963483916	0.0453424567512881
-0.0685275595978928	0.0415759245098639
0.144479891996908	0.128122189265873
-0.0695711024414356	0.0422278079255503
0.801902198101972	0.639730725778065
0.119713750291635	0.0918200295994732
-0.365042650284507	0.390817654396684
-0.447610725148815	0.501645179182266
-0.318371381165801	0.275251800175479
-0.406593098635173	0.378229198342504
-0.60882741561678	0.704314973780057
-0.0987601459017703	0.0698197891935371
-0.336963178826565	0.29485767625826
-0.431178598980211	0.331909586434396
-0.171703917949347	0.113850202130974
-0.002380755825443	0.00829259148216286
0.0361243994221492	0.126810417968358
0.104894790580854	0.348798956568361
-0.286623573889081	0.988139555042121
-0.0337279321480782	0.0765678611977843
0.192308197516414	0.567873183531418
-0.145770208278671	0.360058573372495
-0.0820764028724909	0.179453441620483
-0.0918640650267021	0.21123030759241
-0.0769193364449788	0.156096481773141
0.1234635864036	0.281864206455995
-0.363753300728453	1.12336259039285
-0.408855188940559	1.3469437710795
-0.163528181558969	0.378485001522974
-0.231852729601226	0.754397803725725
-0.806605739596206	3.44033573518912
0.058426975324616	0.0816719743438363
-0.021813768246804	0.0293784255490752
-0.189282628932256	0.318688558929636
-0.11609439760538	0.204234967036798
-0.144409789048567	0.260610267156854
-0.185564638988013	0.311027563649619
0.0586354060575432	0.0770687055814827
-0.112234455733775	0.172599614690794
0.082805449450216	0.126891201967175
0.29844436196651	0.622279559532012
0.000303843329927356	0.000432452107528866
-0.393097211049881	0.767161857674979
0.208607365780398	0.338377099296963
-0.382875931652758	0.475860602463173
-0.362038843413412	0.409006721320804
-0.137493708523387	0.107816140391784
-0.609754976019163	0.706285456232147
-0.0946259608377011	0.0555072917154545
0.751540963445054	0.737003762131518
-0.234852650206904	0.117545854217739
-0.211202683898062	0.13638880045122
-0.256604782230912	0.160107141853953
-1.67368748923854	0.946499862499213
-0.0877747885053944	0.0349096890477682
0.0504974356524838	0.0296242075895654
-0.777664903067989	0.512833126907013
-0.257949167479108	0.263217032322801
0.795005218644381	0.95132713285984
-1.08570707393429	1.04256873259287
-0.914906873401829	0.670185738165683
-0.0147523822104919	0.0111249215307062
0.00608653472151855	0.00558657714264871
0.0438442233551044	0.0382843178695586
0.578322644824864	0.463148551216516
0.0581391446959565	0.045266070260115
-0.638511210533744	0.377751153543128
-0.437522186309648	0.289199218262035
0.802859958607108	0.965157929777808
-0.90983916460149	0.66490623373764
-0.637123887921026	0.376363613927888
-0.284020373629287	0.206016219940633
-0.283207358878382	0.227355024585839
-0.738653568825861	1.14925070399919
-0.400454441087559	0.631788851944335
-0.446181996139255	0.659690067528527
-0.632269536466575	0.921250180553205
-0.456648199589987	0.751602644394733
-0.490975785643548	0.776861731657301
0.328461932140869	0.448694712437831
-0.621247120827196	1.14732277414568
-0.386251453739799	0.525549211686915
-0.0508883316738544	0.0461965788986385
0.0505083230512628	0.0467169091805222
0.150423908471417	0.145333719012388
-0.134511950199582	0.136360107285322
-0.416740867706955	0.66739661173186
-0.820769431149702	1.32402242696304
-0.699880705276368	1.08536764421589
-0.246115103495372	0.303427503269427
-0.00635149976107271	0.00479304825065189
-0.238781124189632	0.261388180714523
0.0176938649949219	0.011899475546264
0.421656641180062	0.336460794122503
-0.818472954771355	1.54102775101328
-0.202477656117261	0.257675074848502
0.0199204763016059	0.0181737407855402
-0.563351990002362	0.725149075707537
0.262915609685401	0.269298707189451
0.0726739120346794	0.0599258736637612
0.144478656494556	0.125190434430857
0.0222302000489987	0.0180133979385219
0.11520798122173	0.110352439627443
-0.0275453584392702	0.0230915660713805
0.368753873561153	0.447344122756021
-0.668718344618334	0.849622194319148
-0.118687084085441	0.10257292219412
-0.146559405106913	0.13382971426093
-0.151618807380471	0.116883521892536
-0.489678921070306	0.445442505438727
-0.025405441544301	0.0189696223210503
0.149177718076718	0.132731865267856
-0.152105128531835	0.142214472412636
0.0851552847538042	0.0782673132840636
-0.301820069916297	0.322036655620262
-0.40203601057674	0.402996881775311
0.139772812081213	0.117846952903586
-0.487550869076134	0.50860269124421
0.927595487671046	1.16578894080822
-0.18776747825939	0.155313991053793
-0.282903690543724	0.309654611534372
0.0922965294010757	0.0837750743890839
-0.161313841790063	0.140660905660911
-0.612408684496573	0.710475728357413
-0.0926925071115569	0.0740391618106103
-0.474360689453216	0.526804329605237
-0.36318389769396	0.388232781980014
-0.0896589872497587	0.0714986414942786
-0.783488982645244	1.09238289116256
0.0895946445226778	0.42165522951865
0.0853715206931362	0.317326844818767
0.0399069170447888	0.0877180161239275
-0.156791561337002	0.451288000143783
-0.171504283912368	0.492902478015605
0.0310468468448532	0.0610173655660889
-0.171565384482717	0.409770213961515
-0.201987891510658	0.526660232658562
-0.313053565331116	0.908672390357428
-0.317168102143786	0.834917261085949
-0.327778336787011	0.815575260721991
0.0260092720875436	0.0413489483881326
-0.41158218665405	1.04248740190536
-0.490198564554519	1.2665863128616
-0.683310496124663	1.93377513734099
-0.370535362228958	0.473357759755107
-0.117914280500003	0.141158532085192
-0.065179908236306	0.0688235952000024
-0.0627630190238208	0.0616024706480848
-0.0320885532121301	0.0298551785592617
-0.0872312800500709	0.0884658802076759
-0.0205768025762313	0.0204702845056735
0.0199317109390426	0.0185005727844681
0.206017165324039	0.233886878922871
0.502397648764065	0.634814038212434
1.03500740105256	0.982193170705394
-0.990514872492708	0.887309648055423
0.176142971712713	0.102443338769951
0.403756419710455	0.182973047969881
0.826058603447256	0.34818473678636
0.397436604675182	0.179935094272712
1.04321119961113	0.395804172758563
-0.145660451905249	0.0521326844593336
-0.297508253338832	0.136455589869049
-0.102632095396071	0.0603158293940323
-0.305319115938652	0.140319581810855
-0.525710790907429	0.199241087661846
0.670319945898335	0.212719010726886
1.78488697119401	0.999256875757298
-0.346820783252297	0.0997890928773071
0.6898387626255	0.719287354311495
0.85374520711012	0.780384461755929
0.67473928175237	0.214185038642858
0.607197471269921	0.318571928496263
-1.66846033956982	0.941441489488571
0.0260226442070916	0.0143931251935605
-0.277186354215014	0.174451107185451
-0.511958436203334	0.193595128791277
0.799105579837163	0.636723247292886
-1.13948670365002	0.344942610687521
-0.603280255033303	0.289377678994227
-0.137617828979002	0.0493209249602082
0.540978845881334	0.194742692172549
-1.5126542472202	0.539316353407404
-3.46005827230016	1.23260132520798
-0.722280388778018	0.877508708680686
-0.964846031029351	1.20304490199394
-0.342483205265984	0.347361647136767
-0.609202361339121	0.844803252552232
-0.334375754688918	0.403853988917901
-0.339599670072255	0.384888318651909
0.420615472851167	0.504874011217293
-0.290814303275023	0.280644145441576
0.464785330350153	0.621510366318862
-0.366489747252674	0.392745218212893
-0.422694850713394	0.477073522620286
-0.212495000579638	0.159778716835841
0.290433282045208	0.253307387853551
-1.66722009009057	2.08119380177805
-1.42441323594336	1.51307260631207
-0.0550381860665954	0.0240053571383074
1.08819793172759	0.669639584168237
0.657536883568097	0.794058768332096
-0.39312043507087	0.418968331612894
0.218064911583528	0.225670833279368
0.436076334113443	0.448512630179573
0.206702301774703	0.199788063167187
-0.628281456571104	0.769087942272152
-0.000848530914123484	0.000627897176036017
-0.0565461184184423	0.0411539755735605
-0.311652756599313	0.317026076405105
-0.198001247643373	0.164905034652818
-0.839668332148359	0.951506876977871
-0.101944908921898	0.0903388266332341
-0.0487855003720416	0.0353911432218564
-0.712823801675096	0.819119963670435
-0.323903330720844	0.256835990593634
-1.51994322057557	2.19844386017559
-0.0817115031064268	0.0587983342466141
-0.0973317086384829	0.0687997203420412
-0.60688261606245	0.669248222911055
-0.0389559201578885	0.0282116828938274
0.660756774233974	0.602613737559501
-0.45954514478664	0.385881407666539
-0.908659537011651	0.663593403681126
0.348968105722783	0.195679330216055
0.154673387654331	0.0670697432488494
-0.336723948550026	0.294503027999555
-0.0156495081237942	0.0118024320257507
-0.766379005647637	0.821964544465395
-1.33158804037584	1.32657839487279
-1.08544139386495	0.742126079177071
-0.454140498156989	0.420074512465747
0.0575333666769739	0.0337696576378854
0.00946199852136037	0.0349129202773577
-0.00743449676567623	0.022329768675742
-0.158240664254428	0.60973701814956
-0.103547129491471	0.311184078047968
-0.0641704499449214	0.158497974187154
-0.0279885493757895	0.0578734430572332
-0.20965769585043	0.634935905693738
0.0595029939161012	0.122277297560821
0.00715842979752968	0.0130752739828395
-0.295705019601331	0.846849236373812
0.0473369334525657	0.0769580998299844
0.108492639546013	0.186903151208173
-0.356203767496726	0.875020428543287
-0.484961625933834	1.00272170083675
-0.368827047146507	0.462047520681933
-0.403364448963275	0.547821466980842
0.245238580703878	0.343423432094317
0.355406638803523	0.501842372639731
0.371747429798316	0.434341626716537
0.272602449040376	0.355859054854495
-0.109182145129417	0.106969547430607
-0.687608475057732	0.601295378776623
-0.918660805194593	1.03319893292557
-0.51684332092659	0.195590817716156
-0.484666628292446	0.254132958298524
-1.67368748923854	0.946499862499213
-0.593730840414817	0.483024885619061
-0.64644582699866	0.383179919760195
-0.402214044615395	0.228436010186168
-1.81803758289888	0.741154469207919
-0.51684332092659	0.195590817716156
-0.717014216380814	0.24607192548599
0.0474324643984666	0.0278163952507538
0.315096891586702	0.21779410376673
0.404053080970234	0.183058046780863
-0.514001914291837	0.194387375528581
-2.64155652711493	1.62407151017133
0.515236796875892	0.329475784455993
0.163002310393759	0.0486040390650962
-0.34191607535368	0.0984089732924219
0.167413502233504	0.0814687149671553
-3.75940316744871	1.49041694177376
0.153526628680235	0.0288819285189665
-0.951174869735059	0.58516073415192
-1.27479878011019	0.574686410185082
2.1244504337776	0.953787688048285
-0.342569521377039	0.0986187132378211
-0.559240487301189	0.82447387715411
0.244722182842738	0.308609629020766
0.544826413728366	0.734140377920571
0.166158732188428	0.17719416114169
0.261674574098989	0.289771376167762
0.0128900610234292	0.0119622759250719
-0.127946341123662	0.146244131950192
-0.230648586487118	0.239505706252302
-0.564195727612178	0.545533494555578
-0.246492976939344	0.199898299652401
0.0907442713392948	0.0620102495724971
-0.601512099677528	0.28810721110832
-1.21943207596614	0.921730085392528
-0.083391543292786	0.0662181672145842
-0.0941780538047302	0.0898061207722834
-0.0042905958486536	0.0032297205624197
-0.768025837311285	1.06086251057416
-0.447796797486801	0.562252930478118
-0.700942858636135	1.01887438717366
-0.166766866829402	0.16546097205123
-0.399668596387359	0.517676130591761
0.13907294479717	0.120027390126864
-0.689276948214338	0.923599477526355
-0.394387207122351	0.42064719024128
-0.132212350635088	0.125988965875241
-0.0824391250052008	0.0654467803014905
-1.29038551589496	2.04100589032662
0.200699688519259	0.161413042488295
0.0255583328140097	0.0172103125667378
-0.0490520148007865	0.0355881202985983
-0.22281139945223	0.183432238988486
-0.688253721794981	0.957446422144686
-0.328296944861621	0.285606295379132
0.241632375902671	0.258237002705459
0.127549134300673	0.10396544271588
-0.358540013082137	0.333831101770131
-0.451941854718143	0.417522359230928
0.152844405786542	0.0663436314576924
-0.994639024682925	0.893359493460634
0.102990654852482	0.0733901535252462
0.492513035786984	0.457777489344799
-0.159255953175218	0.123314237371392
-0.87460525275917	0.804953404876695
-0.0346935992666553	0.130282234398431
-0.107440715383114	0.441598507681109
-0.10660553326794	0.308623193600676
0.07517906800518	0.170853052099048
-0.0406089171352427	0.0781762946379995
-0.296298842314067	0.863993009523311
-0.341505995427812	0.940463069555259
0.156201493608601	0.326127845945074
-0.322151918139764	0.744884430910858
-0.0918249912621083	0.147404735697569
-0.0618858728063218	0.0928898456598392
-0.490379175052384	0.917344309423944
-0.195465889615519	0.266583720155339
-0.242815092090013	0.254590655116289
-0.62830724189393	0.801003161265021
-0.62203572839728	0.758438996664037
0.255237845621785	0.254219270317901
-0.407256308798301	0.454601249451351
-1.08842896599528	1.04769670296818
-1.21762384133569	0.91990202237075
0.154673387654331	0.0670697432488494
0.318133136071525	0.232364743502929
-0.0192459093391784	0.00909980800167808
0.161410373272502	0.0481834890034794
-1.15619509432553	0.645997374052148
-0.263012930052813	0.164672786863624
-0.725642281073215	0.249251751948317
0.535395561912051	0.192613210987845
0.153526628680235	0.0288819285189665
1.91299478314608	1.66138737201246
-0.208643974274063	0.0674370168217822
3.93039364694432	1.72557827049993
-0.34780711222598	0.100028606261835
-3.08652986879455	0.965774290031657
-0.347480099168433	0.0999933239977275
1.04455801006536	0.39678683304154
-1.14401832138186	0.346434503308119
-0.338812598915516	0.0975423827176717
-1.27105559335108	0.572256055805949
-1.59356612349036	1.22203330063714
-0.137617828979002	0.0493209249602082
0.535334953780092	0.192566688642047
-0.341581022610314	0.0983147602836231
0.15981715245412	0.0477202746155183
-1.51429942551804	0.540079204882619
-1.51688545813115	0.541086496398081
-0.226217746401599	0.205416806853711
0.103363820799142	0.099719972367692
-0.869008295079516	1.24804060918331
-0.77620329596786	1.07744129090215
-1.69296356343361	2.73523371347999
-0.622994070994685	0.791148599127338
-0.52046776284815	0.430748413910361
-0.785472914562132	0.51986338106667
0.668133316510227	0.480066762544725
0.820586800702509	0.345505531667782
-0.97971259499847	0.485437110467655
-0.322608179906664	0.255614583034152
-0.10135027791488	0.0796317659842192
0.0918805143695101	0.0628018091579503
-0.521663974955224	0.511213510957736
0.538976297816844	0.565460632590435
0.282923552239792	0.260431265130234
0.0646181041726908	0.0517948580428062
-0.826165207882892	0.985962412582587
0.0376290861666659	0.0282770363966544
-1.66542071410577	2.07672088517442
-1.01113599394373	1.12641653279395
-0.919804282615094	1.03565215115112
-0.176873422759186	0.117564270648893
-0.113124096905955	0.0782973186077076
-0.217842582871439	0.141093427220325
-0.0544799652702283	0.0237648388470658
0.699580433131115	0.733253961771937
-0.534540476610871	0.338297408722683
0.542626117082474	0.452151593997486
-0.920579901393296	0.675482735838991
-0.152265793171284	0.103892914507436
-0.273262320322207	0.197098423886735
-0.177854074767826	0.118279618426487
-1.33714830272609	1.53390063000318
-0.994271822168477	0.892798465090495
-1.14009620739235	0.345227889980206
-0.178934118354807	0.09589576955991
-0.327961153633776	0.197237226002182
0.0515593336399563	0.0302090441190385
-0.268374340990975	0.168350445917508
-0.265335310680026	0.217675610446253
-1.59628326652606	1.22652182683742
-0.0356362208780275	0.143864603581518
-0.0534468838092313	0.193458639461969
-0.127681606877835	0.414492006260674
-0.251517818988062	0.931543667958272
0.126286280792734	0.349214925388493
-0.155735218433541	0.417891589278538
-0.0963002095494635	0.210840330396569
-0.222878825296252	0.58297290655841
0.130991949477031	0.257238629665032
0.0232502844531684	0.0356191381228194
-0.170557177058317	0.310206834050146
-0.381165753982054	0.746715219552728
0.0031804665678125	0.00298121466279874
-0.111607389907383	0.107938123616408
-0.0224409633250952	0.0223432864047271
0.159772294693165	0.172126341668158
0.0380783046592059	0.0374574941239881
0.428969925426642	0.590022571233673
-0.479349076013995	0.654249973378878
-0.563365966167459	0.409316308684863
0.860280409705016	0.78893939840094
0.587042024840932	0.472146114648387
-0.0156622671463913	0.0074700568178024
-0.624566751454544	0.152757086863399
0.147743362880974	0.0567523885010285
-0.34780711222598	0.100028606261835
-0.686030750699291	0.599049085306601
-0.339133418750055	0.0976611246838527
-0.13820927510853	0.049531032348743
-0.176859920553885	0.0947532541459031
-0.529511350911541	0.334799669774431
0.614519964435574	0.322800971586177
-0.725462519324565	0.249202983263282
-2.58120409692147	0.664991486920107
-0.770016488806791	0.335285011373904
-0.524205611515961	0.330442206578638
1.33388779929172	0.584486704122506
-0.210914594903388	0.0681539957692087
-1.11028001650653	1.64220363805232
-0.916272749515667	1.60772897637222
-0.579476802745854	0.874559324517141
-0.00430214994239877	0.00368805768203822
0.663080931573547	1.10290705302639
-0.660313107189297	0.762420131764589
-0.246827467695518	0.236244935632482
-0.776938963777171	1.25002465372758
-0.458879464135295	0.385255842046235
-0.169733080852555	0.0908005114438417
0.694177179136852	0.32552965673473
-0.151970086988574	0.117178458827202
-0.453091129405728	0.509676267801947
0.00485972208576692	0.00367262024204062
-0.342099740123863	0.368350749974537
0.296417207866585	0.341283800234033
0.42272279212742	0.455777444371123
-0.424693950318576	0.450663656186234
-0.0909849467102151	0.0813352093961204
0.0822205676759029	0.0682066519802179
-0.369523172598824	0.346575607195577
-0.644717390341963	0.86309020174569
-0.782081489525625	0.99659424396191
-0.692493540054834	0.966183666212076
-0.887822104791317	1.17248039964559
-0.332961593066991	0.290561971179852
-0.0202853305887956	0.0129607945967986
0.549988015476135	0.710068482873013
-0.074425466010354	0.0533867786303346
-0.285769881051919	0.229735649402013
-0.167962641590154	0.163860985369574
-0.0945329774633948	0.0667347887370479
-0.15256351063514	0.129396707184572
-0.606465469035612	0.537545204993246
0.0518443297155591	0.0304156100566873
-0.325843247133674	0.283122433401381
-0.331109519849531	0.263660819211494
0.596610601818842	0.578101050189918
0.0109061501551261	0.00738775761515938
-0.0968505064718302	0.056847738537292
-0.689067469636604	0.603249446739344
-0.448917450140817	0.298066107934869
-0.00138871639153247	0.0049663872983221
-0.0619293813944009	0.238323080724956
0.195572603896474	0.813422621460941
-0.0474441142478579	0.125029170118279
0.0274774686838061	0.0598179790912182
-0.0897337904003948	0.218666246056402
-0.11035142599951	0.248426005448204
-0.0781610937887454	0.144359631859449
0.0286609145567137	0.0444892231173299
0.0642418915835847	0.098503894094454
-0.151303887910526	0.23725636507307
0.0415885700034022	0.0432546633517563
0.159130111852924	0.160487589137927
0.121410240462925	0.128638557946737
-0.278161647365637	0.323255693558499
-0.255296350540098	0.20822328407513
0.187982756266726	0.1235910175812
-0.0906357477186286	0.03598855206522
0.58426359983008	0.585254835235059
-1.67120085114532	0.944806911757151
-0.344051246728784	0.0990141017009014
-0.137026583464733	0.0491018683695711
-1.5126542472202	0.539316353407404
-0.969228079347235	0.478348729456898
-0.393144380405344	0.16382418057789
-0.718798226358807	0.246701955031967
-0.894419187209847	0.745884552087121
-1.48346094893459	0.750219851443153
-0.975286663660959	0.482647097630042
-1.02647704913709	0.407098529252962
-1.51330481624892	0.539630991333106
0.156203958783437	0.0530790256711765
-1.67698182620154	0.950011789174946
-1.48203794124235	0.748673559012273
-0.219160567850643	0.243968895544575
0.0156453921538682	0.0139827080977597
0.730327940038458	1.07678080831368
-0.124711187048827	0.127210975690599
-0.0594286678704515	0.057416422888465
-0.400595952760079	0.480635907355263
-0.391703428221976	0.221423098503948
-0.319803040179799	0.191736672289105
0.105833069499492	0.0780986557123773
-0.174082738857719	0.173785209048845
-0.563526529334687	0.653678917519209
-0.169380931262587	0.171286650391379
0.638726439593318	0.700110011380833
0.423534479994976	0.456938365489446
-0.176531623557042	0.176564079130394
-0.37902656018169	0.433720360644175
-0.0486233639837074	0.0400036490765013
-0.270605831974945	0.24079522300174
-0.0476432408868983	0.0345716239400509
0.900434638165206	1.3319247804822
0.00997022522197448	0.00675881647533532
-0.518805158676551	0.577182846590719
-0.431861001679443	0.460362725529292
-0.0228894338077338	0.0146015862134626
1.41028417982919	1.92022484689349
0.375817152929839	0.35357966222329
-0.330026614037846	0.262508890154375
-0.207037754621065	0.155284185518503
0.0956364908162455	0.0654767981222353
-0.0205450727090828	0.0131122721095312
0.0126411146686362	0.0473719857335006
-0.0217603006057121	0.069103378874085
0.00614519390743873	0.0154127497165277
0.0269955596826945	0.0628516693486391
-0.207765698919401	0.630527414004214
0.020885067848379	0.0410391361395072
0.159142751118192	0.351532139565943
-0.114445973343425	0.22413428024504
0.00378403882869394	0.0053840050699482
-0.446362607119452	1.0681181618282
-0.305015479535679	0.381454864428329
-0.516959767281393	0.80764341874967
0.112957375296854	0.115281418900769
-0.0999314473113856	0.0868579992757321
-0.0527336470178215	0.038328980819889
0.176856306819176	0.109442577125187
0.480001960938584	0.329452891300078
1.49154410415251	1.51410773005086
-0.991552202929887	0.889303275033108
-0.235124444694221	0.117519309893651
0.532722704176569	0.191651782960233
-0.342904767182509	0.0986489157334515
-0.152539944063705	0.0545436169702169
-0.607974155372512	0.292216330526363
-0.372298750084564	0.291049638816142
0.153873216038463	0.0591052634937605
0.169606362252511	0.0425824743634164
-1.51919018322957	0.542251856895701
-0.0311819131207046	0.0145546528016917
-0.0935802772284631	0.0371756898766286
0.532722704176569	0.191651782960233
-0.385847116564711	0.160532229317468
0.147991992981596	0.0568516227579697
-0.0520448881045662	0.0227471554339632
0.166311360817904	0.0418484681801843
-0.624566751454544	0.152757086863399
-0.543460940685973	0.665487721609226
-0.618183846568559	0.751556105543014
0.668656841393406	0.959675661729137
-0.687908693002926	0.991155006285243
-0.0470533238763648	0.0426024228767998
0.0805842119082295	0.0697607420615746
-0.913462852136694	1.65539040634559
-0.517305066701572	0.574877357978993
-1.0528139389054	1.10113650736027
-0.93901998842722	0.57482176284546
-0.137652363616707	0.107950220449683
-0.153796712716825	0.165018868255551
0.21847273620833	0.208335269704434
0.726170357446951	0.927671112599733
-0.395379623576576	0.421815778534324
-0.258508772147923	0.282652064746971
0.322336345270005	0.350490607179479
-0.403568449487514	0.485406179727637
-0.223214802834063	0.202253204581691
-0.137722928383981	0.129595091391692
-1.47860051147362	2.66256930585129
0.387842285500558	0.439216728454484
-0.0354296289153296	0.0260911929074345
-0.282881665423589	0.271494355647754
-0.908565040601089	1.08451200673261
0.101041819190255	0.0743816083155836
0.0304319007819097	0.0213713709714453
-0.605588113165514	0.699413816443979
-0.430745494640787	0.331407848968208
-0.284405858901345	0.228438104363089
0.0238383389646905	0.0945875185589538
-0.0843214529089052	0.353579802226666
-0.200694401910576	0.856464498531659
-0.0917319579978171	0.264177563018917
-0.0203908124199277	0.0441751184684631
-0.131281194028861	0.323698425170376
0.0795200138360019	0.16134906186842
-0.174019313032015	0.342449468293829
-0.119221487711613	0.195032160023976
-0.695914572908079	0.660528013745787
0.863742585382861	1.09168446384275
0.357184066950857	0.342395299100756
1.0423751179533	0.395795368074734
-0.142725053249377	0.0511106894746307
0.33155616177499	0.202146873344059
0.450145859423865	0.181236132023085
0.155451533705738	0.0754990828105858
-2.27842605503229	1.1508820194728
1.32769730255579	0.581123287624221
-0.339133418750055	0.0976611246838527
-0.493637195256245	0.259886204803583
-0.487522794054787	0.256097817510669
-0.452040182287162	0.300900137725152
-0.608267860426091	0.292276384980146
-2.77890023151728	1.8761851426007
0.693690085138591	0.325271706314404
-0.0896329675329101	0.0356520261674301
-0.657167115339008	0.793611744919372
0.210857170976631	0.216998032416052
-0.01512406717287	0.0141027328671414
-0.389023283120081	0.219826519466714
-0.198588952006002	0.195084514086127
0.0471185577857074	0.0419937529738436
-0.0224657643886619	0.0188057004947211
0.0600175751744208	0.05589896766256
-0.713558400766229	0.86218040187197
-0.0912524328409409	0.0802121390921341
-0.525612165184423	0.67494850096059
-0.698314132266628	1.17576530184154
-0.358189197304075	0.40344324364813
0.0402514475525236	0.0343914494223357
0.0614136231337585	0.0465457517110933
-0.243493249043452	0.237640445071588
-0.617941420634888	0.719057548961066
0.419062982915442	0.462356726997917
0.00482836467547484	0.00365288959910824
-0.0148210520674868	0.0111769643709359
-0.33061944754758	0.288088552465371
-1.08136181623127	1.47057438505758
-0.237583322437677	0.174877683961764
-0.913467732818339	1.02428018893238
0.0379849105705918	0.160286836942987
-0.00489394162548729	0.0157121514856967
0.0102138594190898	0.0274761750561112
-0.00228693174781891	0.00528050615493121
-0.218073610716439	0.68896086483312
-0.335901360446076	1.18751401855403
0.136544267497499	0.271760673141203
-0.317558861601053	0.779249429381996
0.0258754001596956	0.0241104219279359
-0.0547597592827338	0.0444273380272317
0.0981326777256599	0.0697815687543556
0.66230676299457	0.708663511102399
0.527363042526873	0.458347529661576
-0.781371153968073	0.598630672020213
0.159082367094702	0.0850701897233459
-1.9768160956281	1.37601064170697
0.167299398578488	0.0420768316112512
-0.717405811053465	0.246130943587765
0.151709443880736	0.051599453197034
0.477665359025951	0.327275572882625
-0.637572077543607	0.155739174733076
-1.80959145133886	0.736631752246989
-1.82378468046076	0.744291912513803
-1.27605282856675	0.575459260120326
-0.600544327998018	0.489953022905383
-0.78493399479242	0.602767145050161
0.156835118177656	0.0532837121933901
-0.627829060935039	0.153504607197422
-1.81339137537901	0.738819242243621
-1.13521969998424	0.343544374381215
0.668729205547246	0.480014682626532
-0.0885852217584644	0.0352215356911798
0.156635510732265	0.0532014513857662
0.670649872073233	0.212844236167521
-0.210258805537791	0.0679543406762681
-0.342647645929212	0.408939572646857
-0.589367191596098	0.851386412026843
-0.271179729238371	0.349721572832187
-0.388887270929035	0.508425428224765
0.0114053406949957	0.00898342608559556
-0.223939378694214	0.184482873412326
0.138911359736635	0.122676228509859
0.044769492572745	0.0391172651244476
-0.294679731212603	0.319253605749453
-0.131433707008086	0.11457707361641
0.0605597242600256	0.0563933385873684
0.205872254792175	0.233694641834798
-0.213904643188823	0.240549553233167
-0.8174667910415	1.12693985340937
-0.389325714288254	0.439207667164329
0.150577282085519	0.142789649502478
-0.165625907768675	0.153468131514404
0.125274835128398	0.101973382307925
-0.106471241066562	0.0839116984875406
-0.471382333915275	0.464303816525306
0.665079875300912	0.712666871746414
-0.366348815140238	0.415333828444303
-0.399988625258842	0.428138133505119
-0.203687001554794	0.186274482703996
-0.533757665827254	0.624758665018743
-0.216171246422533	0.21518847194637
-0.177958034790849	0.135433097065949
-0.24636744000493	0.182303633250694
-0.409947656115084	0.382082713536128
-0.0532588152889659	0.0386807056037032
-0.55255169168654	0.609297934263112
-0.14387141504828	0.110367458626326
0.0354101541631451	0.144873127992327
-0.0828988771613567	0.341531403483156
-0.17130583691252	0.666507888749827
-0.219350382609494	0.757492536962245
0.0748359943313589	0.174071119067511
-0.249709149393526	0.634925387316298
-0.170353294004322	0.358396340261588
0.00899870647962691	0.00912606427007209
-0.455964568428602	0.480379497206557
-0.236433584840683	0.173973466642323
-0.314391292658505	0.188077525015696
-0.176903862604524	0.134488358070651
-1.66792628810049	0.941150812679006
-1.8102563556085	0.737065861487772
-1.14628288605248	0.997709111810918
-0.516933647184975	0.195517224842632
-1.01580640404231	0.402039683595048
-2.22637236883669	1.86522971855151
-0.395071670435589	0.164675396539339
-0.345833967465969	0.0994846900020102
-0.215583462022983	0.0696521523969918
0.171207721440545	0.0429238305772998
0.40109499396315	0.181687171493391
-0.94147753106974	0.577177142909686
-0.718527169744358	0.246584376429975
0.453838875551382	0.182772785031551
2.74316203720599	1.67972323643683
-0.343716239253643	0.0989197038205485
-1.13362027945245	0.342902172857624
-0.963051051617037	1.81304332806178
-0.421784621035185	0.446501770642812
-0.604540941164613	0.697784066396412
-0.361314288357131	0.429322751519531
0.24818745425597	0.276562576683471
-0.117943775410285	0.111093707360603
-0.4202434947541	0.444548996014019
-0.291532605652898	0.298676565795951
0.208709479399793	0.21038908077475
0.345095298453274	0.346934041276419
-0.487018949646758	0.507568207736052
0.122312206118768	0.0939635862705869
0.289735928450369	0.289325691008719
0.959329155184539	1.36968947328976
-0.382933231134502	0.300977378268367
0.0598827568344601	0.0466596228178454
-0.49573431750153	0.519863496154801
-0.872730047902931	1.14221625803846
0.00461651321887486	0.0034936760556777
0.0307160257523394	0.0215892793639122
-0.219494100401116	0.198391247605683
0.20373857607571	0.208448740171846
0.122836253702267	0.094393512018928
-0.127984818344486	0.0998141982429221
0.367019741134435	0.37422182843929
-1.47706919052845	2.65732477433433
-0.412534774292582	0.403669102205626
-0.935479405548224	0.986760256859905
-0.330225887798068	0.234316936833304
-0.467412164966689	0.394258886680626
0.108154532746002	0.0798413133787312
-0.606569318957023	0.537642899269434
0.0228463681669452	0.0892719907975056
-0.0363512871508805	0.12807855452763
-0.0818843994900107	0.240164611066472
-0.0829846513672658	0.214367839802802
-0.259374052239607	0.74132043057832
0.0539730117423602	0.0316704806150575
-0.386404316735073	0.160785514924726
0.101134867658726	0.0719881035552415
-0.646906107072376	0.38355058328655
0.151861953480354	0.0658892683663642
-1.13190405565215	0.342469779892572
-2.5814875372856	0.665060440379843
0.793120482617002	0.476300729460665
-1.84061657327693	1.16303742134433
0.158494195683153	0.0538070339427527
1.04765717830274	0.397896603571229
-0.519323943583458	0.196571027657527
0.533566787823661	0.191896078067119
-3.4565848348623	1.23040818352441
-1.79835097978106	0.382953978270685
-0.721435304125973	0.247731476182057
-0.32017410681255	0.191977651194764
-0.319461841968068	0.225430694318628
-0.29098983967013	0.298151233106989
0.218506041130999	0.217562206018591
0.380786818247207	0.447879413772047
-0.246495781004675	0.235909578908798
0.204651038801455	0.201496950937719
-0.0409615185957631	0.0335671754771971
-0.134834648113451	0.126591708193304
0.197261234305025	0.208138228295161
0.533826505633211	0.798445403659303
0.400692760671829	0.447249512961752
0.544141962525218	0.716787127521772
-0.112083819424272	0.0886363440195928
0.526953151983728	0.566947523876738
0.658232441208935	0.795282003591677
-0.204926264861974	0.171430197702572
-0.314574203397088	0.300973543166263
-0.532963269596392	0.623644898459
0.101489418128001	0.0696584009311628
0.0337708239353406	0.0237467370884002
0.0924630067963497	0.0839400335934845
0.401093923937848	0.437184817870408
-0.724531585687662	0.881243520228607
0.371115500302496	0.337028176995856
0.309558677506443	0.235645322768195
0.00657170794134039	0.00450532256312978
-0.0967052162558697	0.0882064326747284
0.26767362186122	0.263127238753989
-0.276730824245755	0.264424225849609
-0.207313455394062	0.19005760347433
0.0972345935204658	0.0665927368134721
-0.373380927964023	0.322960860108586
-0.628825835499949	0.604140630909058
0.00646019543903729	0.00443949340665285
0.0141283768271835	0.0535427838268208
-0.0875651628059052	0.359712718754162
0.0198138775208426	0.0529088223897019
0.0967478948666664	0.24591804437351
-0.619221078372461	0.591865024258349
-1.5126542472202	0.539316353407404
0.66999328440441	0.21269616854207
2.36371030582704	1.18649721872197
1.13044075954635	1.02395029453351
-0.389569741096937	0.162139446571965
1.82316587137561	0.714400972353312
-0.139267738887124	0.0498744236123017
-0.604624046603821	0.2901142271608
-1.79835097978106	0.382953978270685
-0.439135647669682	0.437505272029597
0.744146656922676	0.624855020282295
-0.174870355548645	0.132818882678188
-0.599030901015564	0.488333871699098
-0.189088998337298	0.174760168860516
-0.54725770554213	0.799900358621756
-0.614721845100164	0.856272124833898
-0.687004198307538	0.91935299570613
-0.0226365165664037	0.0191673873186701
0.243766063250828	0.270695178703008
-0.365609780409245	0.367533699487462
-0.166352003555754	0.17514245760855
-0.0371952091492962	0.0308910208534195
0.0173393875248977	0.0152030097674508
-0.120381753812611	0.104144047503732
0.509453248402363	0.459096044449496
-0.00527373991280139	0.00404402603654084
-0.625523223339211	0.795823984005956
-0.0962446035084043	0.0770592863427563
0.738198942655741	0.840537213058178
0.1050216238336	0.0774729384241056
0.0624090601332641	0.0486945067946448
-0.453695877525265	0.477181814965143
-0.973042266481251	1.2191405493245
-0.247065454727516	0.182862388660352
-0.224299527026126	0.184883711297825
-0.0694397405695163	0.0496912476677304
0.151763590399681	0.132163168229197
-0.611467378987138	0.709038825821526
-0.0160054312069568	0.0119812880296145
0.139893219295134	0.117963158725505
0.0335781708131362	0.0236038752993394
-0.303585127697134	0.268273987138733
-0.0244399410323254	0.0114797294596132
0.19888987588267	0.164679544586848
-0.212480819814845	0.190976823492347
0.019383293409157	0.0727359690963424
0.0470062344706621	0.171253432603042
0.00867417951685463	0.020421882240011
-3.08209765998152	0.963916510480773
0.692572467618637	0.32455593514648
0.671304003309683	0.212965720540022
-0.143083504265613	0.0512551019499494
0.314241485944036	0.217374801482376
2.3585702509138	1.18254995764164
-0.343223291761604	0.0987971723984263
-0.217125035480824	0.0701153429967156
-0.379956040359845	0.457594879075893
-0.175520234063475	0.116581754007194
-0.285786735960685	0.229665678935842
-0.933946840085607	0.983892143345085
-0.850271793532192	0.9078521506036
0.00563792878537303	0.00425947954000721
-0.082559355913144	0.0733396314264535
0.0438668524630572	0.0330237228640279
-0.479367786334942	0.474433720490897
0.0329928307682571	0.0240292424175601
0.123632533198313	0.0950503920655051
-0.119392913588311	0.10324672201872
0.0210409232188296	0.0165896696346092
-0.112561034739391	0.0986988659811499
-0.335046837580578	0.292828189779994
0.0151883903434856	0.0123074667449295
-1.01839257213059	1.13938629526594
0.387400585542543	0.4284837241092
0.680102636508212	0.705549310973454
0.0333582988460703	0.0234545162247454
-0.619212068326054	0.591649505920362
-0.852532244820121	0.911456439986074
-1.46616226393267	2.04188877755767
0.33625599716019	0.20548246474598
-1.13976835773925	1.61719746655896
0.0929769634635935	0.0635644291140881
0.475017718917801	0.453826913870295
0.201407803903081	0.189648598177001
0.443229710999527	0.458005637949139
-0.416462741963539	0.355653461395969
-0.228152182296259	0.188448806087751
-0.536071885814687	0.55798043394104
-0.77325302517543	0.779654873827258
-0.679554134174924	0.591740621709303
0.0171323080401393	0.0657465577782553
0.0892085276856406	0.370833098409981
0.0831563049354338	0.270515886865514
-1.2754256868914	0.575104153105112
0.826252270975154	0.34827642903147
-0.150766930546289	0.0539211522388468
0.448394633704942	0.180365479734262
-0.0946130386991122	0.0667927157449274
0.399578269544267	0.180747415802392
-0.392866570671003	0.515346475028409
-0.407982606227481	0.648229308697835
-0.328266323641848	0.468641030365158
-0.448592225337777	0.706855310024757
-0.068418170656942	0.0559801599739141
-0.362537214328982	0.430888170889119
-0.354277702568847	0.446618036364222
-0.240374143112263	0.251567533838861
0.00927357557163912	0.00756946230663186
0.120009573987246	0.0973546187756091
0.389703687499575	0.441946448223576
0.189377437654714	0.130568977497353
0.14191847611602	0.131035929484106
0.206156019770383	0.18596926041684
0.523519594436129	0.562351736550927
-0.452487780877879	0.418220622353235
0.292551496545071	0.247266838578764
-0.0406917323248834	0.0299863101170402
-0.842756160910195	0.95688372455479
0.438757424012678	0.438412542547536
1.3191581145247	1.96255509780859
-0.653875643926941	0.715075218457002
-0.381699165388183	0.40335442113876
0.388265597063072	0.344161997583297
-0.289837856230663	0.233576926719335
-0.299819739473414	0.2643363818501
-0.41230256383364	0.384960272570242
0.409482157890865	0.339719788950601
-0.325857729463031	0.230701119481408
-0.376525481349702	0.258271266009605
0.539438924751155	0.565952927652713
-0.281519477495706	0.203994753324151
-0.205784529102816	0.154231641854624
0.658883590347152	0.796437467834178
0.296723308213336	0.224347395669173
0.20050633138062	0.150723670869853
-0.444515352378748	0.408735809658174
-0.271129810851473	0.24134188714894
0.016627605111747	0.0130892408694022
-0.231135110173562	0.191320266571537
0.0428712193476155	0.175895463618092
0.069711155751782	0.265796133306904
-1.13362027945245	0.342902172857624
1.09162761990216	0.673839142501291
0.531842803938449	0.191317098366628
1.09216758950391	0.673489342914159
-0.445579163172139	0.295754649289807
-0.480526516048083	0.251790682545327
0.533566787823661	0.191896078067119
-0.285146478257587	0.273955758799454
-0.387269810974717	0.41090973257598
-0.744138069809074	1.19979496055989
-0.482116344202405	0.709300058955932
-0.428336949782907	0.557186021057333
-0.1213625241261	0.131599853138289
-0.336532698427299	0.425334190795729
-0.718095913792514	1.16376978845836
-0.546707619025837	0.901891953297819
-0.949944157694047	1.24475416040492
-0.258761321062536	0.211434015533743
0.275137102650985	0.271898891547118
-0.318759692327951	0.325888115861892
-0.362673961556216	0.431370836141265
0.323489881809453	0.381232041948047
-0.452793847939831	0.588425474676245
0.118113130600739	0.0931599424151683
0.0914291706646871	0.0797273350321412
-0.0478583403185322	0.0298341616936029
0.453074841803017	0.442248685953234
0.0880530933395809	0.079605462080148
-0.603064966590648	0.777067996974915
-0.072348084418718	0.0582470227462818
0.303024556332977	0.229914830645624
0.192266410458067	0.132769211878978
1.16708786682358	1.45441610246026
0.0769509024449167	0.0620782580415644
-0.0273661993105626	0.0174225914948829
-0.774963620935858	0.781763996514327
-0.205070649979081	0.153622612561241
-0.154530571358343	0.119291011804929
-0.379116724564676	0.297365694049693
-0.605078505412102	0.666564279990168
0.659647598753316	0.704481125444606
-0.784605516039707	0.673856389273577
-1.81937129385307	0.742146991690708
0.491487636166062	0.456642288798654
0.073996489109195	0.0460070483076883
-0.568239046975352	0.414061298411999
-1.54807579284551	1.49611667982781
-0.411036419093626	0.350269629161849
-0.485551249807535	0.440512408928926
0.0420080145847238	0.0306515050914361
-0.771136393824414	0.82949921722138
0.577240031875601	0.576290903767079
-0.223151609934886	0.202138932378657
-0.125961010686126	0.0877024604399621
0.115997005808915	0.644997150173249
-0.0961958516660323	0.0381720029501695
-0.396823138255705	0.224879211759401
0.614016341540011	0.322604800013126
-0.658263784348951	0.459301741263585
0.716091658293643	0.910381244560095
0.183798749307898	0.114096840330658
-0.0153043310457951	0.00731883662214468
-0.100431350097467	0.0590100202583793
-0.60113177187699	0.974000660214494
-0.655362529727694	1.27888888207229
-0.641744984884728	1.0210066317534
-0.64035601702328	0.885217210462936
-0.85299639762497	2.03178232517007
-0.0637022899882433	0.0722029263238903
-0.186971507348412	0.185318994555858
-0.435880262239534	0.612857360194547
0.0691691413103653	0.0782932863192878
-0.559151603759891	0.991381665445459
-1.48747869119683	0.752986436506107
-0.373255238695444	0.37719447522484
-0.495678543669604	0.519801558807282
-0.348282530071931	0.331565054005115
-0.0668883757297658	0.0478246292771575
0.126009476602086	0.0969689447249901
-0.114035601927004	0.0789475184248384
-0.235827949767214	0.210363968338782
-0.00951149588190092	0.00719657315593199
0.520853487880032	0.635035909976099
0.331406039166074	0.42637080299621
-0.245000321976736	0.297239533748177
-0.688899282026082	0.958902618693358
-0.300376127741408	0.343159417384403
0.01705421592756	0.0134253483075946
-0.935177699880092	1.54275422597377
-0.0774150520443096	0.0738730619726813
-0.142447023120707	0.132167707922027
-0.129023535333264	0.1007030891806
0.71883762717264	0.728591998537682
0.406926755377937	0.337080990925013
0.969027369005144	1.19049536025363
0.181424527505956	0.105639022923326
-0.525199739146341	0.435871117491244
-0.377030640241358	0.295488399383194
-0.773950696202097	0.780614583264654
-1.08577258869987	1.04374209206782
-0.185542901064544	0.123812140976943
-0.289664253337179	0.233429835169652
0.58505252683892	0.469521942728369
0.167914747314567	0.0971842832742412
-1.44358282370957	1.29295731150881
-1.03684396427984	0.830947003710042
-0.598136489931738	0.487757479069805
-0.679571936632976	0.538921077608364
1.02016225030357	1.22532959341395
-0.525621004010833	0.43607258862796
-0.367937573167753	0.344683480171848
-1.12867700177865	1.24701580693572
-0.397329505410339	0.367480679558992
-0.0386046120140955	0.0320777892396151
-0.326503207384892	0.283800167334634
-0.0610676677552974	0.0497497176325592
-0.254552369510922	0.207544298303695
-0.664225668932883	0.769201035857983
-0.256430141410004	0.209304708618166
-1.29638110844057	2.05718954581202
-0.0998499272267967	0.0801078316933131
0.527575672604177	0.646402471221338
-0.177243888401404	0.149347343837961
-0.839585560058128	1.11916106191363
-0.0568972112882737	0.040518895225797
-0.615413287304331	0.715329693138071
-0.445168726889839	0.575011320632584
-0.955605550230574	1.25640363724969
-0.187566257704006	0.209344172942405
-0.26901699195884	0.276942871584001
-0.361178372750368	0.489312932366003
-0.298183616450414	0.355484983755883
-0.359282607734048	0.501524255667709
-0.827170564665971	1.19643514047705
0.703982807440875	0.816176782619003
-0.524352241581322	0.931830434910361
-0.215224919800133	0.1392186918717
-1.26042187937823	1.36990551953706
-0.480615697160441	0.251850257467679
-0.0936348354972816	0.0371272492421424
0.445257973130359	0.341755252332027
0.413326842497179	0.343489855792155
0.469154740037307	0.446614310401538
-0.215321773853933	0.277736057984136
-0.0329540918202301	0.0303190564572185
0.0406194067310962	0.0431260439749984
-0.0364751405066432	0.0332292995852782
0.176664451057903	0.199124874248696
0.107769162532671	0.129567957720122
-0.130688595717169	0.102094863563477
-0.163941983976988	0.140147774607576
-0.550561084162574	0.497053157647406
-0.179696337324737	0.0963919207335044
0.153247222778868	0.0588212060537421
1.77790038633572	1.39576423096936
-0.511519041389722	0.193429014825003
0.161838633058015	0.0785571392099489
1.46323587396022	0.916141549824199
-0.480137233347981	0.251587647090165
-2.11280587448127	1.62159398567242
-0.317971288211626	0.190473756875449
0.0370729992721939	0.0203139578899522
-0.785917678846228	0.520239237163398
-0.0530600364398725	0.0231728433881565
1.07622259957209	0.522467921530564
-0.141381032056214	0.0506159875060989
-0.138442383117071	0.0496040168810717
-0.100689108827393	0.0591113118307635
-0.532365204453605	0.336717812125574
0.00723557745149708	0.00368802599451945
0.0996514853511883	0.0709083860750492
-0.0474316690895756	0.039600748638069
-0.119967344590383	0.103784437100155
0.55051279433798	0.460701117989125
0.203062142076646	0.163557662935377
1.24436787987677	1.5110963959611
-0.496069663397149	0.520443005280271
-0.169869972937679	0.12864968247833
-0.435676060033351	0.433194756158951
0.0195907779413259	0.0158632795374637
0.105575404920962	0.0778724896620479
-0.134277976598211	0.10512385052526
0.0765090784170958	0.0646697291771996
-0.663126910247474	1.14130089595806
-0.549947523418275	0.866452091733168
-0.496344361240874	0.855717900317769
-0.506558413293799	0.712085680396081
-0.206303661989196	0.246602875559874
-0.0260253253236096	0.024383118850384
-0.0316595714792327	0.02693953228237
-0.0792750971399126	0.0828878885019815
-0.363962266339116	0.551717828401832
-0.850564739063527	1.64802097586385
-0.206302031771353	0.188935556768597
-0.69345871823641	0.657035522679182
-0.0445840092990941	0.0446444574567546
-0.0712822036257194	0.0748389957626637
-0.057643053353761	0.0419731173726595
-0.629170807968245	0.604803443113283
0.93113168104923	1.04792061921817
-0.0370561575010899	0.0231206032211759
0.693626308724951	0.89637212382275
0.0397904675857734	0.0391829394824192
-0.316211201845175	0.322435668334585
-0.0791064794160523	0.0777140082700861
-0.0281166550732255	0.0235653191409152
-0.0855158773603354	0.0748642941603958
0.0133710062971159	0.0133521421445153
-0.240367216412661	0.234136769255773
-0.70986558416445	0.856017620905732
-1.59851154064811	1.22963486658519
-0.540897895773902	0.343399399506003
-0.139267738887124	0.0498744236123017
-0.104359314234829	0.0613641561798392
0.157501891594397	0.0683228455660476
0.00654429983918918	0.00338920782873347
-0.0947804495425702	0.0556014979034181
-0.299347444066015	0.137340577512434
-1.27116604563861	0.572193864598171
-1.47964247927151	1.03589988514275
0.347451876745559	0.195055213940545
-2.61467307128296	2.90073006371084
-0.389264439668591	0.161953056740971
0.158994183199138	0.0690074039019436
-0.219805562358479	0.109515632554475
-0.0877747885053944	0.0349096890477682
-0.487043857215014	0.255809581423326
0.159888868383505	0.0776881649777581
-0.492791468794353	0.370191347630089
0.152376878059725	0.0739883202412713
0.189219366494302	0.141311279169097
-0.227123032164006	0.218945649120658
-0.273970546502623	0.283056046746402
-0.592719436300417	0.481559384461865
0.166691919569473	0.0419536988970269
1.08189971825247	0.52576893100075
0.809975408790601	0.648029845268187
-0.538876031124535	0.342021813626967
-0.785917678846228	0.520239237163398
-0.980525258763963	0.486039362431809
2.27147851322809	1.75710734161483
0.0346366580866493	0.0190362882100302
-0.448075392670558	0.297688337152561
-0.946412562731098	0.580963702674417
-3.46005827230016	1.23260132520798
-0.697646557489567	0.613025956726685
-0.39309242943306	0.418913590126852
-0.393476862408243	0.493556327570463
-0.149488985039668	0.136817574701537
-0.413969646140974	0.605272081137447
-0.232115697900592	0.224577274154334
-0.124670129220878	0.108153961389039
0.153915799192211	0.177045736841274
-0.151466094600336	0.175010169029103
-0.144932916440632	0.168462834249444
-0.173333535720569	0.145602989942641
-0.120895503975414	0.121096804098999
-0.571485069196823	0.857068845786437
-0.292138733536633	0.337530841219352
-1.08348907706795	1.03912108270391
0.0479950989708151	0.0281479569025933
0.536994955203535	0.469042875898619
0.192618114631758	0.138748517750277
-0.890091585096479	1.17651563165068
0.373877197538685	0.418876885859839
0.203423218611329	0.163880718481729
-1.15303887461875	1.42154274349927
-0.114246698623406	0.0791303500310244
0.0513929241312175	0.0301678147515464
-0.82340840914487	1.08758419264713
-0.32899651122042	0.261683103806902
-0.174931447771067	0.0937335226650603
-1.24492623416169	1.16383369982916
-0.129547283611611	0.0730590870475752
-0.216486465974016	0.140103197068586
0.33385058524545	0.203544833240127
-0.645654968114177	0.383138584188987
-1.15860003683574	0.647540210755094
-0.482516326457772	0.253218723780964
-0.45672200916713	0.304433631610407
-1.22128710048539	0.925150840325433
0.339628842783326	0.207550873871522
1.25110594306692	1.06331606865318
1.0649123361583	1.13712120266926
-1.34133813218429	1.11291208423326
0.0462004672291904	0.0270998937183991
0.0027300099642089	0.00151947192160673
-0.453874380790556	0.302415802611066
-0.207266210531927	0.155472290830502
0.877294032290066	0.6547369809646
0.486796180367909	0.334757246380206
0.0130185937156144	0.00878875025472208
-0.27696221134402	0.247431939611064
-0.186485499540117	0.124487231064892
-0.14078756650129	0.0504046952906822
0.390371693260579	0.176341307248351
0.402188556951623	0.182114196038106
-0.0626589800488174	0.0379873195066053
1.24012563156885	1.74994045386223
-0.0911837461813128	0.0534439634171335
0.399301094356218	0.180604909315299
0.754662913905782	0.636336298525444
-0.244550392813613	0.180754043205387
-0.707868993640912	0.723276602482367
-1.83040584473234	1.15271662848495
-0.486172310450212	0.255302166290046
-2.53455043917436	2.65253765734481
-0.671001825601882	0.5300009833447
-4.01171473128545	1.74351499930788
-0.309605090995268	0.514047564034161
-0.310344097569618	0.374007016686165
-0.712062356825457	1.07876546753587
-0.541526549508167	1.03702413540826
-0.399880978854861	0.660762817640368
-0.312085688575524	0.485775831842617
0.132967897408049	0.158165958892402
-0.396070310474722	0.609902800996131
-0.468884532183879	0.855335569011648
-0.372149951930794	0.587707390383998
-0.0760135427958532	0.0545578109176717
-0.0042505841936767	0.00403601107768798
-0.40013863357041	0.551453642732439
-0.396415951124668	0.474129903567189
-0.168042640330872	0.15596351639611
-0.656021584507817	0.79167338563022
0.210836155719244	0.17589685870901
-0.944183753174114	1.30155637905113
0.203064021593407	0.173313877513952
0.0770159324537303	0.065119407012946
-0.217905244810966	0.217207150170271
0.0201515508036464	0.0158830682713539
0.204816902785609	0.159803571203405
0.00153208602953889	0.00126223304078489
-0.680067849244797	0.59231691387401
-0.604343788244731	0.535017965183397
-0.215550271820506	0.139374316094274
0.0245934377517448	0.0136055801785281
-0.257279895193705	0.210121298756885
-1.03421794805104	0.827618973190119
-0.997801023888035	0.896787552407895
0.163925322450492	0.0948919179612564
0.00605684853389767	0.00377982404286325
0.466317451798472	0.340335777665919
0.162763344293699	0.078981043050981
-0.172568376362158	0.0923521151364543
-1.03605223225914	0.829044044839389
-0.96248173003752	0.944096081733926
-0.199894207616194	0.149263177641337
-0.329524016055475	0.262177561104819
0.0815768321977359	0.053282279622009
-0.0230227857856269	0.0146889003187378
0.286135398201224	0.248856141764635
0.1042890760582	0.0768915329381783
0.288064620942662	0.258456218547976
-1.05935174602288	1.11128229255238
0.694117894874117	0.325169955309422
0.474072259897566	0.324214548107834
-0.0587669816298294	0.0255768970198655
0.969455911322537	0.964472179947901
-0.189579108270802	0.175307645104722
-1.03421794805104	0.827618973190119
-0.674115524763562	0.533354892953401
1.36434886034879	1.26514282911761
0.0432421611016031	0.0315599177307226
-0.648751505867408	0.385158814511906
-0.202464347301951	0.169093067798782
-0.333136349140868	0.265510602749132
-0.783682365947342	0.51832924313653
0.788350660497008	0.473662038771991
1.78112377799933	0.995376170247035
0.0794904749376851	0.0518982585825513
-0.534566062280391	0.338729351475426
-0.402659469601584	0.373737916252327
-0.27296326786442	0.296376989875038
-0.0489846822948889	0.0520317196724024
-0.493418446580077	0.983450274023856
0.122446804913849	0.160898165743854
-0.0860300328433939	0.0915900519446297
0.0735098368177211	0.0714542797921205
-0.35721450691334	0.646137154652272
0.176769249444851	0.232411525153689
-0.0534304876828951	0.0669004477346274
-0.84311947247965	1.85108496101545
-0.431028393539924	0.649302334859284
-0.625591031513881	1.30820021549589
-0.0427470274894183	0.0512620463896123
-1.09848667712007	2.0606470208584
-1.2724223749879	0.572901819199514
-0.383564179524009	0.379433212049761
-0.0845435546726796	0.0928879767362322
0.726845348389306	1.22530950516622
-0.228503534714956	0.236828191939055
-0.453488560168614	0.30184204090928
-0.61158098094029	0.543641436233888
-0.180724427008578	0.120288184315953
0.658344881426578	0.702918594286816
-0.103599941234146	0.0815279623077004
-0.183505683276064	0.168939895761221
-0.204953222967989	0.228767329236114
0.345906962008538	0.419839318363055
0.0667752153300111	0.0548745254246031
-0.398615266597709	0.398461356933177
-0.626716761362283	0.601476876248641
-0.600130030544463	0.287765390751939
-0.0235432553411023	0.0110673895310194
-0.213869349657229	0.138298034388324
-0.61119240095689	0.543191708050352
0.194085970386893	0.127930995469864
-0.205019600219197	0.216041843568818
0.0799499174202206	0.0662290546567515
-0.529693696400924	0.521576861037014
0.672703294031334	0.483921358387837
0.202754010909908	0.158053600482382
0.567675715607783	0.584970342059567
0.629135077625928	0.593086961503662
-0.347991005392547	0.416830586590386
-0.824932551427752	1.03814680444853
0.662993914066031	0.605106621360628
-0.22175093431016	0.182486068774405
-0.872302592842264	1.19918273286456
-0.458416633474724	0.483688361809009
0.0644775154425791	0.04003246501448
0.171079506816411	0.0992146037130292
0.161683968820609	0.078582094176274
-0.56660674053292	0.65816398325773
-0.173363503312389	0.115018065645027
-0.373363522911695	0.292020495132079
0.583625301530903	0.818171039290334
-0.577177776530645	0.998990581465166
-0.23732582350159	0.318920811232428
-0.181191108004889	0.236686200677864
0.198430804546418	0.28093438040411
-0.375387452807792	0.535575007756665
0.0352306057701197	0.0350410295120977
-0.42172002266604	0.826428637999728
0.0738733280600547	0.0840251062100108
-0.474506174076936	0.858171117552341
-0.450613858873132	0.69975459959812
-0.233522140860887	0.355660289375158
-0.457917345183153	0.715740825920391
-0.749067864271041	1.67918961667
-0.284590866428157	0.398075460956528
0.197324180652847	0.208144348580048
-0.17874368913106	0.175949732120278
0.521150479468298	0.786486440091361
-0.387229632163446	0.410904605906748
-0.00868021585755496	0.00656501004486611
-0.133958875162932	0.0755904631274945
-0.478441040954297	0.356635879310505
0.486563148870045	0.450667428545145
-0.0247774335203698	0.0116206386051828
0.660756774233974	0.602613737559501
0.157201219616233	0.0840539067700235
0.0857884754355128	0.0561013273806061
-0.597746317125365	0.655552964750046
0.126454247015769	0.142161015123228
-0.725800597516166	0.966416521169227
-0.183006980119188	0.209364184919647
0.0150443809100596	0.0121920791400506
-0.220248267774165	0.215699491311724
0.6054463915407	0.58933277596911
0.134371995018332	0.109972814181135
0.00143110501466156	0.00139702298759357
0.0656388632159656	0.0623804315546086
-0.147809251075857	0.149226231761341
0.132537600393402	0.105461059794611
-0.488481332650603	0.657935272580907
-1.07412283804431	1.89568000933957
-0.120517176313449	0.124228613778044
-0.613395699381202	0.853264760490001
0.245246065609725	0.28682627720215
0.222172850459273	0.221760674336021
-0.337264217828224	0.444227260305102
-0.0247137058231874	0.025103246107208
0.0279675072136922	0.0293401603230154
-0.292770859234736	0.407179035870139
-0.461237933187935	0.707005598237706
0.277981017203987	0.305980503091308
0.384896205590744	0.434893097210822
-0.846466229204776	0.902451434508647
0.144810968078566	0.14426400072495
0.0762181961965094	0.0944734388941767
-0.966660561759052	1.207200235304
-0.195839998302673	0.177938770335582
0.023598924244991	0.0165890459890498
0.11441580001959	0.087508275486999
0.546444491521319	0.642699618941614
1.05893250900485	1.47372694879337
-0.0734912772441691	0.0603264731883779
0.0126758924196019	0.0102854917821129
0.0917710079858182	0.124171511012079
-0.259431511925248	0.347199458879267
-0.574280148195369	0.670882288581371
-0.349981807594254	0.579059049703917
-0.412278855025467	0.461942672593969
-0.0912007896628042	0.0362100182642575
-0.219615570186308	0.0709016531943509
1.3417364351751	0.588970767000696
0.535334953780092	0.192566688642047
2.11531873528397	0.948343102976545
1.27222033984979	0.701778624787538
0.167470806922502	0.0642184069219108
0.262179109477899	0.279321082058936
0.556356910844453	0.639538932037389
-0.161752712140503	0.183907796147103
-1.43264721203303	2.32724316509286
0.0416692876041629	0.043300706285213
-0.0581319466242211	0.0623090496466304
0.16529445374499	0.088535772565982
-0.276579840137048	0.320898516712048
0.0692122582413771	0.0569459458377892
0.615183029586186	0.767985164623226
-0.486315873105926	0.363982413647516
0.538032749485803	0.721239022741908
-0.341265168498743	0.323570613395704
-0.783092341319822	0.899304655665201
-0.225043616647988	0.203994435950292
-0.653658536894926	0.751839266809832
-0.242931269071974	0.217850284561923
-0.515812989855133	0.503682047381419
-0.402313308783524	0.43122074664154
-0.116591191347538	0.10058886654257
0.00665259565534754	0.00613268122555008
0.129665927658144	0.138383565407108
-0.392033452808679	0.536716378275968
-0.812334948542728	1.47982053593511
0.325633600984302	0.443759220777057
0.120406020047714	0.121754157676328
0.170807579801973	0.205149941084923
0.844135944045941	1.3335879064673
-0.129291323432216	0.137569612770222
-0.108009312128118	0.12006088434383
0.630828764076755	0.994736430108235
-0.215220877148503	0.224775251786494
0.731037341509183	1.07902913058498
0.138129846437642	0.136832602403133
-0.0190864803165106	0.0176385191354293
-0.345000682456892	0.431554099967532
0.265712043518664	0.272818839234933
0.178417970394335	0.103815489440027
-0.0726920798357844	0.0709980064785775
-0.520561655892415	0.681167758718533
-0.65006016269983	0.385971341998426
-0.484462584246492	0.253844247663272
0.694437504010704	0.325280693858728
0.370351867997338	0.187856226826309
0.003601906313103	0.00192721852389105
-0.386022327495721	0.160712410586552
0.346816255761804	0.194232543019674
-0.101547592217651	0.0974194582422056
1.65203949354619	3.10311494724208
0.068802178666964	0.066593976694617
0.352201041590625	0.346300101206233
0.32967293450433	0.409295494384471
-0.106291014803912	0.103897487273601
0.086822181100955	0.0567943611882885
-1.14441924998673	0.994948774168702
-0.142493583588299	0.0510464277530948
0.156635510732265	0.0532014513857662
-0.143862842025032	0.0514552827188289
0.900336204492917	0.922811338310098
0.0637620847542749	0.0523053402591527
-0.468493601321599	0.460455118025135
-0.776315071585683	0.783745123344776
-0.598866971382453	0.286506200233778
-1.79827400712943	0.382942964938875
-0.209836069462463	0.0678117289314428
-0.502038702495493	0.788168565113721
-0.685644169991014	1.35545645918177
-0.116955682082006	0.139367373023657
0.162553783504054	0.178188597946587
-0.386386434813846	0.409695567401068
0.00358985792303951	0.0033633188562553
0.447465270443287	0.780712773302755
-0.105864760919974	0.13204952469215
0.0453396647827318	0.0454921764002915
-0.240883015598818	0.295559050550995
-0.291871496129518	0.405553434750201
-0.642998413017458	1.13879459373663
-0.262698307962937	0.282709693072284
1.59351310308495	1.7363499768183
0.604392708254286	0.316936299781926
0.163618820375073	0.071018426482217
-0.0900741484422894	0.0634302844556131
-0.475268797304893	0.646693582066844
0.110520587208405	0.109101942556604
-0.772639176154475	0.882384444014972
-0.243108539465535	0.179578247461019
0.170823156563517	0.0915948479445419
0.411117468282181	0.341138643733988
-0.31724596643182	0.223549970407978
0.809913763925769	0.773444111240743
-0.469361362562134	0.396420104580919
0.804635209258845	0.765934618648023
-0.181624961597366	0.153461939494309
0.338704884022351	0.364697919792362
0.0167998263047778	0.011861355953106
-0.0603275024491221	0.0491316498279915
0.0164503918473021	0.0129503287345959
0.063263021591641	0.039248875318667
-0.173830611347907	0.115386725289567
-0.121695765618433	0.105394074674504
-0.561448678978622	0.541857908587755
-0.452636499653939	0.475693237854221
-1.33990333527433	1.11081683811494
-0.0902065122804847	0.0358292867852547
0.372637803106779	0.189051168880142
-0.260634617976057	0.163008380376478
-0.649811805747664	0.904562304173903
-0.262863186834191	0.369166114385354
-0.262481689123014	0.372906543724856
-0.361058096045086	0.589245911342847
-0.900125498270436	1.49788712582598
0.21146028716267	0.233598627466111
-0.0142549252767905	0.0158513845720716
-0.288094692585084	0.374422242973909
-0.261126337523445	0.377222865147822
-0.217601976773849	0.268605839536199
-0.810256531877437	1.85080913507313
0.291956125890243	0.353422701054722
0.65270951989988	1.1492465270323
-0.323262031004538	0.369041655587713
-0.093399335815397	0.054782962415251
-0.379567456165359	0.157686451025369
-2.577202278156	0.663064687208724
0.200532038332203	0.145044563703429
1.32207820408511	2.60868901593408
0.826116085773049	1.24097684615917
0.210896280845435	0.195468651114027
-0.270121584273391	0.24021643456969
-0.496444124847885	0.453315480398779
0.749006629525186	0.732517284804621
0.204647066661604	0.164936284802695
-1.42945391957277	1.52164898439407
0.406916465791874	0.336858660092809
-0.0556067455492247	0.0404595768450944
-0.366125630763397	0.285120983048882
-0.515758142123499	0.572629606168044
-0.363401430613894	0.364634594074123
-0.5981741597976	0.656137603887749
-0.32574532629223	0.230423283900918
-0.499033308574465	0.375983872530724
-0.508155072522596	0.679976564078912
-0.156130233484843	0.146405673150699
0.972483645460542	0.665732591374531
0.165474367952618	0.0886144201576228
-0.77919895867964	0.730308914605627
-0.204054437691175	0.186623389914509
-0.987667310340562	1.41011430293717
0.165855000890324	0.182421628581478
-0.204363383277767	0.289184008152323
-0.484137059113056	0.956687798937443
0.190696773672531	0.312891925501232
-0.0778203818247537	0.0812443023051656
-0.02618134915715	0.0245325947186845
0.204139814807054	0.30753736287076
-0.386551563463673	0.724422118554071
-0.186369212897191	0.311412622618444
-0.206083683619435	0.299834757890984
-0.318854087849822	0.528893009992512
-0.278851068875469	0.369830405807416
-0.491531190412264	0.715155959988373
0.488147021827864	0.469733563966012
-0.0953837123164038	0.0378559678713646
1.04144562491045	0.395430985542635
0.372373168957249	0.338213549037503
-0.90911227789949	1.80293124420299
-0.286657670299524	0.335502664266332
0.0114242524478476	0.0104058191988388
0.0555607105550948	0.0344671876132678
-0.451798585748906	0.507662600702698
-0.194629949442233	0.176775457823189
0.875279682893256	1.11395934031936
0.565711507479929	0.582281181056115
1.18400585049065	1.70595380517211
-0.171342017034131	0.129886000284239
0.28242211889498	0.287167100855038
-0.108914933564423	0.0952493824227318
-0.200150833493259	0.246184833434715
-0.0750601018013276	0.0876382864469545
0.0738763723661443	0.0707060860891157
-0.774435683352369	1.20254738931434
-0.398391340164656	0.166232543938586
0.166548300131527	0.0891217932385849
-1.02427516108216	0.816278832382695
0.743918617418977	0.849792249699209
-0.512810569639039	0.630748502360574
-0.200857836735534	0.269371726197143
-0.22643745737805	0.350598751803457
-0.597422918860914	1.30574288486272
0.39750391212028	0.613824830826637
-0.272572273620977	0.333869774428
-0.25977389169294	0.429773676829747
-0.262262137846578	0.39489394040939
-0.353538504864905	0.613893122260676
-0.191539146592455	0.25003621423967
0.38263335463104	0.667483269691321
-0.106341142267497	0.109733455867128
0.0542107844683105	0.0409693384823179
0.450442155521912	0.181256071663712
-1.51200399758817	0.538851635748943
-0.113740025134824	0.0787577988602566
-0.342039733173983	0.452602320395049
0.583614569710681	0.958517146066638
0.20485261872798	0.189101950299221
0.338762106832177	0.416384752611902
1.28213947361752	2.23067664739927
-0.374168380035308	0.378156273145477
0.40275816617952	0.346746529712252
-0.269608056025858	0.239590756315255
0.847561928853452	1.00271888798493
0.80579885927483	0.97050244805882
-0.310009143838448	0.29564380187469
0.0466787680802566	0.0430441427272978
-0.102530025880781	0.110628575536917
0.145147992153676	0.144660420376479
-0.209551028991313	0.175827513228116
-0.190243551243344	0.189043476248674
-0.245541792586845	0.317789774796219
-0.236910319442812	0.35043893581587
-0.436210572369016	0.776906687736256
0.0693529138541957	0.0692250295618133
0.208184028084621	0.183148738565268
-0.163490520839937	0.203609353106118
-0.224635191125614	0.288619174491753
-0.01178951273507	0.0119112931636633
-0.106534718441772	0.135522662646815
0.434885620889877	0.669654485330654
-0.660398280887822	0.957830759861604
-0.210484343846982	0.158098907652268
-0.781638200249342	0.425213529951623
0.6737511905791	0.213807078926834
-0.56114927517963	0.622054994085152
0.0252608851801372	0.0242805735537712
0.0102014470751453	0.00889992140211705
0.550438217726867	0.711020693003289
0.472670160405388	0.535511633618025
0.190672029374289	0.142520241952248
0.503388612349711	0.550463152356959
0.587354946845556	0.759616218497819
-1.13812871865399	0.987704675980967
0.402105159050147	0.346172083089192
0.445995284235187	0.461565705862784
0.0723592982611347	0.0596589430447088
0.272037942807629	0.27439000101967
-0.0642030218798117	0.0514539926561249
-1.2710178797944	2.10542472304604
-0.579033828425426	0.596800599635076
-0.0263191449140967	0.0196538364814589
-0.21109637234793	0.158628516324131
-0.280884150041337	0.203407898604713
-0.118140113304911	0.102029843374656
-0.692026758435566	0.655468745721188
-0.0198073403460892	0.0209627577438135
-0.147873646485506	0.175810910813914
-0.0444545951207324	0.0370478568980073
0.0960764330995501	0.0906394706233016
-0.0736256789192727	0.0826404732617597
0.239194334579339	0.308276965896001
-0.0409766385631576	0.0444838939685274
0.745318364142579	1.17912496979744
0.265269007806129	0.283524793251842
0.212267902261572	0.260813541179423
-0.129908726322395	0.17069730060168
-0.563746571256697	0.857478042239967
-0.325297720567149	0.371946804503224
0.551223493394257	0.321235948023686
0.449846097769576	0.180981984312599
1.04118814853393	0.395160512018798
0.598440516300596	0.580378715098783
0.367556020956984	0.445455072974386
0.42623961574366	0.448282775099678
0.744329400640968	0.850270589912537
-0.550942148050592	0.497516034605798
0.0594891643112496	0.0475469060367606
0.120842338126129	0.0927380840483277
-0.439001041710638	0.40247642605289
0.207553902198015	0.15657106853182
0.201634340766647	0.162225286902578
-0.114882156149802	0.0910175085894284
-0.0189585582366116	0.0121319688705656
-0.589553273463766	0.643324994381506
-0.177152521482275	0.162327439660398
-0.110405794342907	0.0872383953066475
0.0384169755128463	0.0327848722700467
-0.338117082465959	0.390563439486425
-0.224765920230764	0.203944727290717
-0.37579061250626	0.380388213416013
-0.774644928287026	0.724088351964831
0.0509202964694059	0.0540472340176213
-2.91380821873407	2.15664462094034
0.0742041582732056	0.0754263382177601
-1.05407143385672	2.29556122604247
-0.251679554363269	0.327677334270722
0.527198045953039	0.885132708437824
0.749595651829686	1.25596394742749
-0.46035976401622	0.571140663333845
-0.106034508674878	0.117582419565825
0.56965284200294	1.0363888857545
-0.1985119393673	0.249961417391021
-0.516407123794608	0.786633318502157
-0.196904192446824	0.21836339999297
0.207074779032645	0.172328029192605
0.805030271159503	0.486086868898048
-0.346493976209143	0.099688871662609
-0.0528001035186437	0.0383801712882147
0.253788064902985	0.284255959724718
-0.237190679823486	0.211775131887902
0.469540493594351	0.558285104154691
0.0178981818919383	0.012060089453416
-0.057400070181495	0.0417724875409278
-0.059808790670124	0.0362582971265074
-0.140712632193834	0.107746683363485
0.66708316811644	0.479131405770209
0.120719738745939	0.0926468689532387
-0.45913081566633	0.569156678020365
-0.207480351608431	0.155593936515061
0.37282786225176	1.34654160753498
0.273770382731887	0.571069533289513
0.42549044472984	1.05501149667576
0.340243231521043	0.662377780080929
-0.0154211695042664	0.0184165510786356
0.00425851166901791	0.00372006699300538
-0.0780486883968491	0.0745202952241488
-0.0615836596230447	0.055560453562298
0.0646352986773388	0.0614071181631595
-0.122640283670673	0.0953040724885115
-0.126660070919365	0.0987113456724747
-0.219125917750526	0.243875037608845
0.00655622875976255	0.00618034353064012
-0.26667193116175	0.325052177663503
0.0956467962377219	0.0853919311429194
-0.489273812822419	0.606250833728399
-0.318171105332935	0.361748978410078
-0.280179254833064	0.345554508766572
-0.874053400179032	1.58361063328341
-0.673143360293938	0.783188625043525
-0.619844641333751	0.754317666231866
-0.872828705480656	1.20045606254062
-0.0818066395593592	0.0783303362501717
0.128206769882669	0.104536945478296
1.58689698920351	1.7250268142354
-0.057974731746038	0.0471473287181447
-0.434815367634631	0.540988050790876
0.808785804240542	0.97588212787581
0.00719568026638924	0.00368652140183818
-0.599108897150684	0.286827148762254
-1.15807261538655	0.647089502184176
-0.346493976209143	0.099688871662609
0.350753417371102	0.196727982015498
1.08422421366869	0.666823215104208
-1.15251104641771	0.64311404005179
-0.233559346882119	0.243101954805289
-0.407040699341155	0.378821177584168
-0.254185512501383	0.229612591349588
-0.728984280835004	1.01249385217708
0.167551164012714	0.632238988947781
-0.174489091486459	0.580923172013727
0.128140173550492	0.30306537961617
0.122308261575099	0.259704888314061
0.143666071585707	0.270236431648336
-0.0278630200959992	0.0540971655793862
0.1667751291605	0.370018113073398
0.0102949151051065	0.0135430920393444
0.216413532050715	0.397509159253338
0.0186368293407728	0.0233214035522603
0.209568571325607	0.393240503196179
0.00099056513456446	0.00108446945461929
-0.32241579859575	0.457951165675307
-0.281283383368099	0.386942221178746
-0.194227504766117	0.251286525958516
-0.0494844039158772	0.0526084024216962
-0.160302102164309	0.179500170256131
0.134605919803798	0.167854500556927
-0.0215473051235178	0.0216386932090092
0.165247972134006	0.18417438426054
-0.197790614166716	0.222853109978823
0.823883200144679	1.60236903687218
-0.378331774587872	0.446172081573673
-0.140150051200993	0.1426462835608
-0.416243533814357	0.46766698036744
-0.0501123016792187	0.0405705362030676
-0.311213376289722	0.358630121800616
0.0214614128336544	0.0169268042934319
-0.053743768715983	0.0567688395636378
-0.270508842911484	0.361082656513537
-0.876761410781794	1.6914087413796
-0.413080116497658	0.515790866129037
-0.177374401543843	0.174425062444899
0.0180543011095786	0.0158352668042444
-0.0509157429770615	0.041929177460509
-0.258546805060554	0.228098790939476
-0.733492674317738	1.06037667892769
-0.867367133560886	1.24473051390137
-0.280389628196518	0.354013461610467
-0.703547168850222	0.716827824165634
-0.277591763900563	0.200697311497924
-0.0752292780820652	0.072680141734119
-0.490579101060879	0.57293456100999
-1.09374963185219	1.05389541096511
-0.953885074097156	0.587148723644247
-0.323189150604556	0.193898389886877
-0.93932875847729	0.574517729306374
-1.32121003426297	0.826529955241431
-0.0537825465256815	0.0234854498816434
-0.789918666920314	0.524092445670919
0.161546088205671	0.0482379354240544
-0.974585621117436	0.481607307840464
-0.446947085938789	0.467937782529388
-1.48482114813057	1.8790457559821
0.120076376621908	0.121376493410084
-0.433997507565389	0.431073447981292
-0.545347551106109	0.490885446919502
-0.0503421587898173	0.236705674385248
-0.272149407873428	2.25805108753645
-0.658979493270921	8.75910430092643
-1.02174983318552	16.5598030382221
-0.47828154377057	3.11610935190632
-0.390444399303477	1.90123064579156
-0.494220160265268	2.76722927167465
-0.454955056475571	3.04441528424183
-0.487490593007427	2.66857976845814
-0.452231852122601	1.43345835580836
-0.0320785226073573	0.05482316425054
-0.226224907106943	0.542058445572168
0.180920981312697	0.415001775966122
-0.0960548263059231	0.15454297426008
0.131494932302213	0.260304440962428
0.0983566701387073	0.169522888970765
-0.11929021409669	0.211826901567734
-0.480934643043368	1.16196208950168
-0.288521545230318	0.575921819671082
0.245760309135307	0.417276742805507
0.0182108959550772	0.0235611934256168
-0.0117889802561937	0.0134203806891572
-0.230958413331812	0.345391715857591
-0.164693513758974	0.213716632569806
-0.471119403483129	0.801699669173299
0.0195355300293393	0.0198460778536351
-0.360496140220401	0.515288685514796
0.832253545262385	1.50297103321906
0.0615751265472832	0.0574046152047828
0.0385932434226885	0.0403764209119639
0.589727124865962	0.95553684562565
-0.400693320530112	0.543006175422172
-0.121592910705012	0.130200439512606
-0.408060108193277	0.556450396555908
-0.322091704671988	0.431847241009022
-0.162843829845855	0.18529932952559
-0.382788515685922	0.549325599364247
-0.356833511139892	0.470271820139312
-0.308603894964598	0.414965287480276
0.0823678139752693	0.0831457206171333
0.023975667985863	0.0244330959943346
-0.156751656200167	0.200482035236032
-0.181052301345618	0.231002411649019
-0.906602191236109	1.68907164207036
-0.0583645748934216	0.0570687192715414
-0.717761060639208	0.950876660096818
-0.385691340501044	0.575661137300313
-0.689538642177784	1.02878275438618
-0.492826957938225	0.370287493618682
0.0500662394035298	0.0555501607665147
-0.350340554619621	0.379698545535119
-0.239296362942582	0.176365041726748
-0.376040827635031	0.257935995471081
-0.481644520264027	0.252693594467713
-0.391096888732438	0.1629812476362
0.527816689171872	0.189769137536265
-0.514837284692919	0.194722873359673
-0.175623971121294	0.116666131936536
-0.315876622502666	0.34090935594398
0.438754808914662	0.335721225620651
-0.0409139385052211	0.0369042953043261
-0.639986442073326	0.85412789375371
-0.136202543187412	0.0769460307774198
-0.0726874886301585	0.372618189820969
-0.241316327651955	1.73501732498785
-0.287545213077929	1.80967854897856
-0.292353242866764	1.37307452571793
0.22148774113268	0.812365090754173
-0.0820373591266815	0.214518446336087
-0.178864975799382	0.683583466439701
0.21520594763219	0.691117407519657
0.342570423300126	1.00628972413971
-0.166646628996919	0.404536570893211
0.175955115756392	0.409355947903546
0.405843950420067	1.12974850463033
-0.179082185511975	0.37159785391403
0.33394535127427	0.853829772940541
0.422224328268705	1.04276783488185
0.0905391699096502	0.141081483453587
-0.199610813046153	0.345484227977168
0.177498580149731	0.273517600498987
-0.39877065274687	0.751871314777068
-0.0950826825355036	0.119791611738479
-0.137171167202601	0.156296238841971
0.176202919123865	0.23680981868559
0.22301274044879	0.333507900207113
0.184734721238381	0.226888034401578
0.0958326742815632	0.106184247524302
-0.139091300240141	0.174486807485489
-0.258801739719022	0.32488295852665
-0.323697254128298	0.387413029135072
-0.133473464727832	0.132971634321008
-0.528697817840104	0.777141107556277
-0.379081897024295	0.513112344145963
-0.390209385035603	0.464701759658887
0.00888753152487576	0.00774879390741685
-0.05623759210565	0.0562175147635966
-0.396952219927447	0.545658086975012
-0.0853643404158226	0.0885920605923203
-0.0445431786872704	0.0489954956754804
-0.412189282080576	0.514430626676001
-0.0869892627605745	0.0692602699918343
-0.486227811090141	0.363966302732935
-1.33357431603449	0.838837368111555
-0.910755063999055	1.08781409537782
-0.323279032305551	0.280432401520435
-0.261619277968117	0.286713137812712
0.0346331778201655	0.153010576224213
-0.0280491972849359	0.106247108557041
0.368899088990582	2.47758905668583
0.608747574292146	5.30409864937259
0.235670500856393	1.08481645075992
0.169872565805353	0.753520641583669
0.400193734473889	2.22604533837676
0.198632337232953	0.44761136751846
0.22461970233421	0.461589442449713
0.165493356450417	0.345936595661052
0.539197117278555	1.72559045441917
0.183311508344329	0.320576920278453
0.151014736233863	0.274673237103454
0.270693953363588	0.581126622973854
0.278031504359664	0.529747116125402
0.103661125221718	0.163209935672062
0.0644806407916228	0.0944463602434216
0.446520729605958	0.673096709316629
-0.220710269942995	0.339523102090425
-0.0414451910262108	0.0562885003060172
-0.255711291505439	0.420919244757246
-0.0484960637896264	0.0608318650348031
0.617242275058869	1.15872662066363
0.851071247741876	2.04922396656
0.385975881166851	0.426277125381431
0.0752291577142881	0.062142286807623
0.191783641846445	0.162512792212674
-0.197753696741439	0.239353068812733
-0.0966538162377094	0.0937277878900494
-0.125818609279265	0.126584331413433
-0.199796387375609	0.245692989205401
-0.569099467049165	0.551314469218423
0.0131056207863215	0.0126816838411812
-0.411693024628259	0.646882572664902
-0.25073902613314	0.358337346206599
-0.0770585196273278	0.0892880919446471
-0.148337294914163	0.200142493035816
-0.573594890628077	0.903197968860901
-0.588469962177395	0.750724832096178
-0.622999075815655	0.556698037045448
-0.124408064879938	0.117800458462422
-0.464650419768495	0.391419752939426
-0.39566982728342	0.394926404746908
-0.38438763667505	0.431956672444252
-0.494638315960742	0.371950032386333
0.0511680757440617	0.240051954786783
0.115518939344239	0.591230571480036
0.395750854138142	3.38285653971086
0.0639738585153965	0.238625800449573
-0.00135719677841999	0.0041742984776685
0.265411576048685	1.30699966052513
0.428080922947943	1.54172480542061
-0.0414746024858399	0.078461705572443
0.283839135701177	0.785870359610178
-0.166346418647975	0.38220008576065
0.281362307051532	0.657276749277515
0.0590548302346371	0.105151238091673
0.193700249625996	0.405879213782051
0.308825702047577	0.649951983813019
0.198456592095556	0.400819790847702
-0.273082113108266	0.521600031517286
0.299790176270226	0.511743506504184
-0.0353174320887586	0.0451937604910181
-0.377230114046828	0.644153474474296
-0.0377389426281843	0.0348299140390681
-0.115339701351056	0.130182203522522
0.431248383238083	0.641442715935642
0.559485268425624	0.933238827266934
-0.475250382229502	0.646738269454231
-0.250342152528733	0.293588678200406
-0.0736795104774676	0.0792924386563665
-0.183989539844547	0.169443439589794
-0.273393673275651	0.310904121881099
-0.277187524238108	0.367209128905436
-0.663563278618028	1.17240177775343
-0.280368285793074	0.395330668229604
-0.430443035740308	0.613127043619431
-0.265631406740646	0.340634298194777
0.0472155203634328	0.0413135823552151
-0.264338843278032	0.216628420323641
-0.13603182898706	0.116596717487025
-0.366641380117845	0.43736321915439
-0.51580847231609	0.503895362418379
-0.0812750275310342	0.0657868287970161
0.123588787943856	0.75010971151136
-0.0888282461522407	0.44787768700353
-0.549206630490837	7.00653977955214
-0.302363794517266	2.31039310466944
-0.210929881694756	0.937175073750791
-0.00885223609932591	0.0156990363103861
-0.139945277346254	0.319560906775674
-0.0974589555372622	0.195968825715771
-0.373113885596549	1.0840718404099
-0.0844634436426085	0.143326038418488
0.0255372113335448	0.0400268538305863
-0.0762445382669068	0.120312541010078
-0.319647277219987	0.655240044788994
0.11639611084407	0.174390423568611
0.287519689951723	0.461643216488928
-0.36649099758044	0.498977519173597
0.486329045638563	0.925829442694327
-0.0227819367371638	0.0265850405189395
0.249445971769143	0.311383109559413
-0.148258394144092	0.17832547921212
0.275150419450568	0.360096831119748
1.17319761065244	2.75696256897343
0.127510968263667	0.143498645057836
-0.422037262301148	0.530482961253433
0.00119348910583626	0.00109902812127331
-0.0791985282558926	0.0640051496066218
-0.185227185843251	0.198202841070709
-0.327183829423232	0.392582940922707
-0.18047678439934	0.169107747961433
-0.214192508352186	0.192867895366716
-0.2643873765006	0.271192396300616
0.0451357810983334	0.0401875813369869
-0.183922601526475	0.193428616081238
-0.172374457581264	0.195172484044602
-0.143076066889094	0.149746237965025
-0.962941721885233	1.1998969406481
-0.00170416846834178	0.00113669327929795
0.480917859798535	0.329607119970192
-1.04693216744918	1.29592807626049
0.746470380353983	1.01138824994858
-0.377935242444593	0.29634057264334
0.0350394771093338	0.160282009061909
-0.115314450730328	0.642146712988737
0.075734298797673	0.310307624422582
0.363050797043249	2.00823832826411
0.0849636202919312	0.152398617248599
-0.00877160769088257	0.0113344797794965
0.298623243176987	0.756514494949653
-0.0346337683836352	0.0587540762751397
0.271084194980343	0.480297840901461
-0.0338167175949826	0.0531158525430894
0.248579450674955	0.611471808559477
0.17723676939904	0.308376396759286
0.218515448027283	0.432805975786805
0.0197781225239434	0.0296979864126747
0.557892318465182	0.784241671339717
0.558540670603809	1.0005973689264
-0.0284771266356518	0.0350642722886523
0.216453190454162	0.32775240095957
0.256165686788365	0.431801304268308
-0.336492193424167	0.539713226748661
-0.463285642877354	0.755288111812886
-0.488615891285451	0.658243516522409
-0.439315900327349	0.470621672069941
0.0400352846594423	0.0342044729307558
-0.0133803031786187	0.0161480367392847
0.0607424978142373	0.0710836505920552
-0.774190874487299	0.885109334758315
-0.867470573738414	1.75925155005894
-0.380516580411382	0.494048023968545
-0.370658661336844	0.347902946798134
0.0494600191656186	0.0464443640310312
-0.453278671752004	0.54140905608224
0.401674372299967	0.595494996098492
-0.325901592674366	0.480257761330448
-0.20350043720613	0.257481248532688
-0.146953422414573	0.185960576856424
-0.766105716748696	0.3331528733855
-0.262520400331754	0.164332339121375
-0.0998745290723879	0.0586503982997844
-0.321974138916876	0.349034891567907
-0.601732318683176	0.28861908434204
-0.453515109701407	0.30183193930729
-1.81633539526092	0.740054103791799
-1.84061657327693	1.16303742134433
0.0965499433475308	0.529658958247336
0.00464677010804201	0.0158667024058962
0.303863006780405	1.58480228353751
-0.0819359195507054	0.154479210489138
0.445215507593123	1.26631627381957
-0.160302771047346	0.330436971598367
-0.195944230659865	0.432231133105341
0.0641811128170258	0.0976950313869393
0.178404727007915	0.326040477045266
0.237838964143942	0.549817565642311
-0.0334540841138465	0.0480978494614981
0.0586149956052607	0.0896498171461511
-0.028688500325627	0.0351443999511282
-0.605949171098066	0.958746482406955
-0.302580420036174	0.452727622467315
0.18481368112547	0.25068308479333
0.341468106413508	0.597185846821114
0.214400902610586	0.294172747324377
0.144426649448608	0.180085243136579
0.616392513843195	0.932892836407864
0.0963520186736731	0.108082735173628
-0.24505045190673	0.219989981773334
0.07809803581909	0.0646268989840317
-0.184677697726834	0.14107753415512
-0.0701278323641022	0.0563785291172833
-0.0503768640942496	0.0414739104799611
0.0123141358660794	0.0131077179333427
0.0871392066387806	0.0933077816782349
-0.361825418833799	0.459008375175051
-0.428821310474757	0.424582828544654
-0.318008210247617	0.361603909571278
-0.355795918108789	0.40836623120153
-0.332201550525271	0.442493375736929
-0.594375858230295	0.932662463580615
-0.107408320248634	0.101935668459584
-0.777877730597007	0.940437219803701
0.714258866478029	1.00379383891144
0.471987213953655	0.548617248342763
-0.681596898131992	0.909182030361893
-0.591295037154763	0.900288732834994
-0.388760927817468	0.55233564250629
-0.201988889917245	0.184483951460616
-0.395029845031345	0.223754357085005
-0.39682782969556	0.224890571815497
0.0374164364186235	0.170409089710355
0.0243442648310578	0.0928418441589215
-0.135096872092648	0.466268491184901
-0.0128173600911984	0.0291551063841773
-0.0608068721048077	0.154911566272278
-0.0253489553059498	0.0620718974372409
0.0736709932947122	0.163467919312327
0.0978028001250715	0.255081027257456
0.176365665683299	0.537115211167516
-0.156648036890693	0.396867946719454
-0.0787786056976247	0.176811027867386
0.0582253810961267	0.111241560631314
-0.212544907465513	0.343808261309696
-0.207216272437927	0.387286917754407
0.146975233902845	0.265916170036668
-0.216546761084589	0.363992708452873
0.138645070001448	0.199749303643514
-0.0353741994386311	0.0417189177813737
-0.395509769861379	0.683338557075269
0.322239332709965	0.456855610690367
-0.067385983387393	0.0705120040518034
1.06606135725466	2.29753615014648
-0.361287142289355	0.458077186797279
-0.462577773150088	0.623221650155121
0.035833583660523	0.034138963270497
-0.507873214136456	1.11938253109714
0.279613720671004	0.468758019809612
-0.0438217244927891	0.0504351496451948
0.0527260330747946	0.0511627021176181
0.0131808604925819	0.0140425582310267
-0.12809141571251	0.139852880588011
-0.835220785199835	1.41763008345848
-0.297956730100509	0.486109194643154
0.0552757208148881	0.0724016295386478
-0.364449817952545	0.622328966137936
0.0491215551954918	0.0544475536715548
0.665543835156394	0.95341936314407
0.0904016621430629	0.0803825019415648
-0.628481548574928	1.21958333203745
0.0422844396171825	0.0439851894412671
-0.046605949167514	0.0528828433766771
-0.192238174459818	0.237628379329384
-0.12469326205024	0.157286108986194
-0.719121949273844	0.912352584784143
-0.374420023598101	0.403546324319383
-0.254015692528899	0.158358555532254
-0.885452384622699	0.734965684561179
0.0595680447712897	0.287126116420789
-0.500814903642369	5.43322927413188
-0.994410943937286	14.4107175481245
-0.526452084131001	4.32115694237941
-0.831518094923861	10.2936885272092
-0.645342066090342	5.00945968871468
-0.213951016641388	0.891952081216867
-0.401185120518794	2.23868199807501
-0.546300106247916	3.20283410103198
-0.394482775744817	1.70479090565105
0.0994893951671995	0.225611992567472
0.230959823892497	0.402005831653577
0.19473946674506	0.392240477316829
0.453108168004175	1.23222020046588
0.530538337241763	1.36504620341963
0.269591733790111	0.504887171872822
-0.287976420833583	0.41173673358988
0.316373434688545	0.5098060346717
0.82614794868196	2.17138553070502
-0.505187479115621	0.944295178122614
0.250353326042788	0.32186812542215
-0.0848185361733302	0.0858416423957027
-0.586146431566265	0.956233175825431
0.376062320643015	0.585553222941518
0.396562629766477	0.451963676375019
-0.255471038836956	0.414734178453057
0.334473352695488	0.545903285930893
0.0702035097675907	0.0786230491088977
-0.240014942751118	0.26302166623338
-0.187627359982703	0.263354689201599
-0.427966450118156	0.658118537841523
-0.773103609486546	1.58524236924463
-0.0275955020257964	0.0272818940556845
0.321660421869433	0.496979999513025
0.0977501738001489	0.113765725681506
0.483810571470701	0.758406922425268
-0.377828678416922	0.588188337614424
-0.10004693343913	0.0900442534501583
0.0129356267511497	0.0110361997640806
0.118846409646785	0.127414070170612
-0.41065238886635	0.608055993440241
0.0410303691573629	0.0479558941963948
0.0510873352975447	0.0609738270666353
-0.159566903312907	0.183341910902095
-0.236185329467967	0.288276601892766
-0.365150948499143	0.367034645903831
-0.104397272563021	0.0926358332077232
-0.12144624769458	0.666945425148147
-0.287888952524573	2.20232269734438
-0.129573073080607	0.563602354125113
-0.424233498634254	3.17185166684154
-0.0494153124366484	0.150382515012034
0.0132230673264388	0.0340644844024917
-0.172119883469252	0.475658361867747
-0.362193852857479	1.20789420966555
-0.189882037219843	0.452403085029272
0.183885507109995	0.325573217707595
-0.0700016995496583	0.125723102623452
0.108433132790276	0.17699649993076
-0.0264674544661035	0.0325772990448681
-0.207579074902764	0.232298113447868
0.398639216338212	0.454984216047408
-0.22096428871416	0.231770130236843
-0.0818518444792302	0.0795078784697991
0.354665569440799	0.597882496803835
0.439674529034757	0.967068745243754
-0.051642449521504	0.0710352205416585
-0.0699963784127249	0.0939570737993488
-0.131627451370205	0.133094289888002
0.204529931843755	0.169942864155098
0.388308488816695	0.439927274021134
-0.557581339342523	0.689302622353527
0.0725797978295337	0.072629363591657
-0.186301479719099	0.256994463168206
0.440327990830379	0.622031711312559
-0.0321117938136394	0.026976206009818
0.488657055114583	0.686037266324602
0.623865629725278	0.979408949268457
-0.410086202341285	0.48531610765095
-0.365027652451777	0.390679607215709
0.779294016386585	0.959272922067108
0.619951402581228	0.472894961369361
0.418383160660791	0.66344667688757
0.282889073895759	0.362114616860371
0.740750569760204	1.51331256840367
0.434967995993197	0.600871763095182
0.114506228239742	0.0848657954985331
-0.973150060915078	1.21904674426448
0.418243052512016	0.348576680398408
-0.453520218716692	0.476794008562773
-0.359803653621187	0.405847899750137
-0.0572840497092066	0.263810869311621
-0.0731782330545951	0.327098823286562
-0.43042821797378	3.96273543719625
-0.0309153522398408	0.102638607095066
0.27358011351996	1.53780765687656
-0.228866379767008	0.826311937755311
0.0154400555868111	0.0318159838786924
-0.282047739090212	0.892878444499416
0.272272323784691	0.539352110157726
-0.189317436490586	0.548277812728455
0.20025837304444	0.453482298201482
0.273826013196111	0.512738599706148
-0.16508188815742	0.197180021883313
0.743680687239802	1.37180127559331
0.128604318558795	0.144903235490705
-0.00781315338563561	0.00859202399229145
0.0995998262137704	0.137214836513459
0.302689755857509	0.714712315604776
0.138308461717841	0.277582975920568
-0.0372380260834753	0.0618590883048732
0.0186852343619498	0.0231989709265725
0.144110203776958	0.228316875033676
0.310221097300254	0.441192512528333
-0.244517172521521	0.180722386642679
-0.0358718237158861	0.0297689502655532
-0.112263356220442	0.0887876413705063
0.531696243070626	0.793781854890571
-0.490434616444661	1.01947074563384
-0.0897851977324391	0.0865469175790742
-0.518879589286711	0.640969324837268
0.213464535308014	0.247802276113617
-0.298761901661401	0.445459660837007
-0.569143603473691	0.828327445143755
-0.648839636594311	0.870857749197854
-0.406243653022833	0.377908272217597
-0.341785311112319	0.346767546231702
-0.466855130914772	0.903272897398212
-0.805240970295536	1.50268109785
-0.203152828585507	0.311994004506744
-0.265385766721027	0.375685548201535
0.0414647268239594	0.0311917459220859
-0.245396577941469	0.198803255657662
-0.123902524216249	0.0861754918257988
-0.18759722573449	0.194707438632151
-0.122987533677783	0.125261888204161
-0.418910874751315	0.685709188000925
-0.0949537801807571	0.519146830846329
-0.299374636325155	2.60982306903582
-0.100483674133429	0.424431243666165
0.459105391511801	3.89820345084122
-0.20924375726106	0.871814088533629
-0.14284573100436	0.467412062839355
0.184799498954436	0.583541938180865
0.111744180139313	0.22423805716593
-0.427256141443277	1.76418658247816
-0.0407181557175223	0.0755215742816577
0.470841221750226	1.15938907347197
0.41609437085791	0.867568105950726
0.377713583273687	0.556710023718968
0.249236698009985	0.397884883639322
0.386871397453933	0.629128059080053
0.217743903466046	0.377227924030979
0.18746488644304	0.372511381325708
0.253194524435427	0.609284123237331
0.0666942045514159	0.107265958255805
0.0403259609421768	0.0592913134832225
0.162515100934102	0.238179897783656
0.0217753721967893	0.0244502266215536
0.218752318955198	0.222056092558868
0.0895006204972634	0.0948108497218398
0.0219782117532469	0.0207631622534612
-0.00471837211824457	0.00521106619533889
-0.264844829228751	0.465327844733111
0.10688352075113	0.126583361315319
0.169782239388306	0.203784043295942
-0.453276184360377	0.646399661769574
0.221573969872807	0.354086075385936
-0.0816467457585747	0.0845319652153737
0.022975837547957	0.0227585141255358
-0.47574245008809	0.665596061079438
0.152133816960471	0.152521254671313
-0.168584777034739	0.219725020018752
-0.0761955299463511	0.0866005344784324
-0.0179044073390495	0.0207252327387924
-0.0970821246901929	0.119219188416754
0.200370530947739	0.226345501785784
-0.410027377035223	0.510508536324966
-0.623353305420453	0.873273903883943
-0.686804029202338	0.954650859614019
0.00756325593567916	0.0291776496155157
0.100410070116949	0.466618772595298
0.247347809627299	1.51140975160852
-0.122814084927239	0.488083613363275
-0.316954532926109	1.74244121630658
0.021963165862092	0.0540368896449873
0.185099525678668	0.543910596767824
-0.0147073872802692	0.0287183088779387
0.250558015758522	0.699912088077928
0.405691092377487	1.10825898174111
0.28330147479719	0.591976931451001
0.127110096357199	0.1744054972621
0.48213550499052	0.977029913289643
-0.0927991477291447	0.117331480844061
0.748490314030797	2.2767047634002
0.106096635861595	0.169046998984365
-0.0311918878410716	0.0435045468518485
-0.325932567131987	0.629958670179473
0.314979647181039	0.627332275063773
0.00455566054577095	0.00494868261135438
0.414578056744458	0.645686126574213
0.255357533570299	0.2912405544124
0.0426590515103169	0.0499337446206881
0.0187063448861861	0.019745575771536
0.419875331658085	0.727494366195868
-0.186385211136807	0.231922325142262
0.202098232763331	0.275020361261236
-0.562308832830179	0.977876699868616
0.301175776495839	0.430369868548808
-0.0507478546223586	0.0583302447798275
-0.0663536631258653	0.0739018609952604
0.126638754136957	0.149642911540075
0.510075123363113	0.824067766282948
0.813659570724839	1.52751436585367
0.0361250364534269	0.0344431416622217
-0.107346205718836	0.116351830637774
-0.164384316363249	0.23911861281029
-0.0633116538567288	0.0703028842471392
-0.0464364842872893	0.0465576089323818
-0.320818914187078	0.40686263035221
-0.344851328966492	0.392614388505716
-0.0508274477827877	0.230920750596411
0.00213971035793565	0.00746373834346364
-0.866755339342591	12.8665361328671
-0.730132904049983	8.65610559273221
-0.237072979926783	1.1126996825562
-0.214674844435618	0.628960609294489
-0.0736458133299843	0.186788294548233
-0.0400953995573311	0.0834079315602238
0.210785048786321	0.428626658381203
0.674829427172521	1.79675290303571
0.0862837484452964	0.0923044453691789
0.511891458751973	0.97261251363572
0.0527968491932216	0.0618963835747316
0.172242957611371	0.273444154594267
-0.0107412841632129	0.0160075049432563
0.285982237497775	0.717100634510011
0.163099321318753	0.325373141109507
0.316344249428102	0.694106760722302
-0.291618436668052	0.532966917392406
0.23136785669196	0.319498435691976
0.525037006383616	0.546141936505338
-0.0146030869603775	0.015097456378962
-0.00166973227463131	0.00144946543596177
-0.132147236358716	0.169763342396773
-0.469995202557044	1.04092434062344
-0.459435811459824	0.675198355582263
-0.115599242807159	0.118621618431455
0.0441911425337209	0.0503434897953213
-0.00766224258990957	0.00838440610455374
-0.200363014748945	0.222826330153341
-0.00953718091668047	0.00902064615320536
-0.0143973431037061	0.0132125721619006
-0.0664067489250734	0.0532636156309521
-0.0487038983569547	0.0548551710534783
-0.235912325301626	0.330131661432183
0.365094842534209	0.69293101355112
0.0928816721084189	0.118238474439967
0.431210043891965	0.455055189034646
-0.4358504166785	0.4333973947916
-0.0315850551731287	0.138511641740524
-0.621789990769154	10.0360771941808
-0.51263561223946	5.94658700560499
-0.104250445962083	0.436458181275809
0.0428047897746631	0.120744898203062
-0.152502691988645	0.470088145969489
0.058271360032689	0.136584514876547
0.448539833080307	1.61584961556759
0.471162197299135	1.26193680678866
0.0538238147500629	0.0686316573137468
0.288398028815725	0.493092300374037
0.741723427025572	1.81896271836155
0.262861520514656	0.490973103456503
0.345197093895884	0.770826716367637
0.422756817094751	1.11426712291049
0.590881079237047	1.70564595584252
0.434060227503675	1.06159727738016
0.149740503481358	0.222543789868077
0.0527637084949837	0.0630811882519341
0.594599064033869	1.02852989971972
0.434446548866199	0.811479141168499
0.0307519637308363	0.0351918690138276
0.378278833574183	0.739174842154557
-0.0042023376677306	0.0051668791215667
0.31739921933394	0.529425530511046
-0.565384148481855	1.04585278466235
0.34250510206641	0.621683114155313
-0.149153268865087	0.219543807877602
-0.0956960020592727	0.118448130431817
0.346158914840401	0.56834703618527
0.218635415992456	0.302674645520012
-0.283946306337263	0.359653968134844
0.381404818389738	0.525568063287347
0.0239328651638848	0.026360277324095
0.538508727457754	1.1834001333789
0.128765222123947	0.156153846125828
0.0884766233360749	0.0814940330720338
0.00634812444662285	0.0255615677956495
0.221417082541316	1.68234530340951
0.274163269463105	1.96723088693941
0.174730794199335	0.756994938080449
0.0362533900566157	0.0761545168495261
0.267374362022086	0.959662855105915
0.211844352715001	0.535324826026644
0.857653259307361	3.66615017191831
0.31215245817567	0.683947859007872
0.313859772917704	0.582341127514869
0.613153344596946	1.40708573659885
0.363899665401218	0.717350971913396
0.256571319246275	0.462618680531897
0.362586215654902	0.67616902436121
0.529627020109639	0.939759560201949
-0.225102843496618	0.40534632009676
0.20689703822881	0.282957674171267
0.28623875301271	0.418641474856283
0.148529490187801	0.185983550802846
0.296697948844853	0.563525728361024
0.367750239440107	0.668212111162858
-0.0714104830099112	0.088360137819391
0.517504677686052	0.841362760963665
-0.0658510963097658	0.0829924215587335
0.23114236601024	0.355883017006578
0.460522211962253	0.979974909875449
0.357442198909572	0.527906660350842
0.0152650675158276	0.0195732851313517
0.346540491669005	0.676394976231816
-0.00562899085510615	0.00653700154158061
-0.553314660768111	0.992055298570869
0.986285143434756	1.68782942745433
0.691445385399558	1.29628041736837
-0.243868704980661	0.344177855117022
0.260700015578765	0.35538400704678
-0.137933363360559	0.172820092524811
-0.133654439181611	0.176377680125817
-0.226495260845257	0.295286993427529
-0.518010129062111	0.73424996979531
-0.0691054204801825	0.360656266441726
-0.0453986765449973	0.200355478978516
-0.103779724662249	0.419690429972502
-0.0182866713406009	0.0414961683731951
0.178248593812917	0.568737524530394
0.0844128700474263	0.19830688430019
1.0293331223549	4.9196109588054
0.222798737909965	0.425674374202661
0.417006843518682	0.920025785971525
0.359195315294975	0.677665116992107
0.336303487639299	0.648743629075505
0.3666834503889	0.768917211104031
-0.168175852310498	0.246826549744786
0.206014973602681	0.31558396991261
0.00399540703926196	0.00512970270121725
0.786184469789769	1.71380240635475
0.616796803493778	1.21999006211424
-0.117852318048326	0.121139501099375
0.174230188888833	0.283136857161686
0.552902280516893	1.19644716032771
-0.0949087760291483	0.125218313244331
-0.060796313595585	0.0725283427922095
-0.152092891707006	0.204940938176985
-0.105957622883178	0.13722777483235
0.511839876997013	0.946511400711232
-0.151281644548096	0.196446957975176
-0.3362120427188	0.613564592113099
0.395949432594444	0.830950333243189
-0.0419787833375763	0.0419369234308663
0.252789743313759	0.311838282456523
-0.203501255965607	0.186072372206798
0.164989920559448	0.175786108536645
-0.0235293654946979	0.0258020040336013
0.406944822454638	0.587560030360772
0.0621274226889082	0.0705801821384635
0.374467246805983	0.589222806563827
-0.130563084575477	0.156084972958402
-0.576881321087427	0.975234820265998
-0.0483242843029902	0.237838958543158
-0.167047187431323	1.08218180406336
-0.277748575278055	1.46927015139909
0.178187350344196	0.755723260879433
-0.0791773857968616	0.241214884364085
0.514937516159218	2.30805006947653
0.524881164283926	2.04183513247929
0.469891913744002	1.36664980213383
0.371374805618755	0.765586901292236
0.150968897133538	0.269493857996782
0.156226462132036	0.318897748143751
0.376058860008915	0.97272252994905
0.00300266729480385	0.00377484882100081
0.16024215326034	0.311628758596754
0.131717557605474	0.206821476650388
0.163100177475073	0.271983434966227
0.819712407605563	1.66406705446426
0.0992596365952072	0.18330815984656
0.337439657442747	0.808145161550876
0.0856272289539512	0.141263315476822
0.0897118855917696	0.111669532569658
-0.267423371424095	0.529805141877433
-0.256395853967242	0.426712976591575
-0.133170236550828	0.206804316165634
-0.0298218941467788	0.036340461235622
-0.0380250007975174	0.0566454633500257
0.0340151425984152	0.0487735715529971
0.339908954920327	0.708480179607816
-0.12871565449979	0.166363914250509
-0.264291925335111	0.295482504741034
1.04801005091446	2.42233305219148
0.0938746369796124	0.128363104184982
0.324632644455354	0.502911909552203
0.224114391153401	0.303331156614031
-0.201496479510021	0.2842023514543
0.255717356623929	0.390226101758317
0.10343951065123	0.118306384565069
0.0940931915514417	0.127901617235837
0.0575794938580868	0.0636988723852202
-0.64601076438658	1.17383178858877
0.0350337829152385	0.16067455327083
-0.250392574072674	1.74514773001146
-0.0575259791930234	0.220539407096605
0.0694771143501018	0.247699173797922
0.522937358896146	3.33719650498813
0.660027419953092	4.26977534228931
0.684680414613915	3.52558081177016
0.501665604305027	1.87655241549539
0.289233605514881	0.858320618818153
-0.251763249486921	0.739891286711445
-0.0256000607657831	0.0425963878505587
0.734572216698969	2.57309322466856
0.598761361643129	3.00067646814689
0.420662368977324	1.08766048422626
0.0724305994202763	0.117667413649583
0.367791184174051	0.804675688848033
0.379252938515042	1.22463261930243
0.00981594651900352	0.0164266141291657
0.230530147319971	0.486174806000726
-0.353146312363941	0.62924360945274
0.380479793268702	0.879138294543934
0.0336268068308331	0.0487679079799131
-0.077352406043793	0.120067457122205
0.29227318398689	0.559671795763357
-0.0659081633965525	0.108550513533788
0.310925058987646	0.694126317501918
-0.389956069597997	0.792773252780091
0.254045913890679	0.427229439593498
-0.691340879598815	0.963677575155723
-0.0469148239309254	0.0502478365284642
0.066969412619434	0.0844068822975014
0.150913946998715	0.210276662618156
0.0430532694077873	0.0523349798177812
-0.00306366969701333	0.00359548914651771
-0.281898596608996	0.485001991304469
-0.0759302115096492	0.0927282655451127
0.0212715867430278	0.0248349602619266
0.463410349175274	1.07416828868401
-0.255301083208807	0.344808597654577
-0.00500683621337544	0.0188538049037027
-0.0850852134515237	0.391889886918331
-0.139530085428119	0.486820827024612
0.253677874569403	0.754073070397009
0.424652172219257	1.13759659056316
0.435716584714049	1.42503163597297
0.225571152575875	0.553379331098884
0.473221590681949	2.10507846261305
0.0806565735212521	0.230730074673058
0.298880407761853	1.37792842274782
0.409468091165808	1.97758578684184
0.0919661333709633	0.204688313125844
-0.0138356730469996	0.0253898824071695
-0.168500863662979	0.35243726071216
-0.0345127560778549	0.0372495851940752
-0.15130529158164	0.197706126521949
0.299296493118433	0.421219561834632
-0.17486946046951	0.289070871267587
-0.147368918796616	0.315468877407689
-0.0485590161107165	0.0631291544468381
-0.120675569054165	0.163626534589888
-0.182896209341456	0.264388318140545
-0.075470165951547	0.10926604875127
0.113497957178404	0.135833806210508
0.16902135290961	0.200001091158655
-0.220281036027645	0.241455479861276
0.0966870681711706	0.0880376764398213
0.0343709100114025	0.0471749296710666
0.245957167136484	0.412152625357588
-0.313339408228743	0.563138967163848
0.12560921002282	0.177069945892236
0.140747466127765	0.121609202403033
0.507193566443916	0.55586731817593
0.0701659656046888	0.0549522093726494
-0.0103724716650706	0.00884338077925677
-0.496069663397149	0.520443005280271
-0.283205473530496	0.303864293568917
-0.0457160196458165	0.0424493268916912
0.000161649179476589	0.00060533698025163
-0.065631375687114	0.285610885953764
0.496909408846711	3.61955749794165
0.78855967766885	5.91648335288359
0.699595041169901	4.56478485003654
0.395881033880335	1.66461817346987
0.116021818635902	0.332722876675795
-0.0459046097983713	0.125338208460901
-0.0191966402081327	0.0450702486089712
0.0835742890632543	0.201355186571946
0.0769500689329786	0.18704612994467
-0.151228004400575	0.371609106157451
-0.444846599394101	1.3719281090648
-0.0675303361901399	0.0946798683080259
-0.26826892521993	0.654256003416062
-0.0204399163047235	0.0301198455961157
-0.306700964550542	0.717425196048656
-0.221126645822056	0.436307634847681
-0.0418872915814956	0.0602769852967653
-0.549555249982597	1.29602095637967
-0.484036057546301	1.12221722049443
-0.312170067665593	0.578824994497803
-0.85847672909552	2.5998122717793
-0.306624026451328	0.528617299893911
-0.79207790179998	1.8528002296973
-0.0618796747570334	0.0706843908165277
-0.620085099739224	1.43186800867459
-0.0592210279250939	0.0746695886859623
0.183606223268011	0.237584898545719
-0.536919359405607	0.815750107778386
0.163274984673113	0.162244882522611
0.0933757238370397	0.105724216852644
-0.137370145672505	0.161555716223889
0.0255472426789114	0.0277064549922237
-0.329002040532079	0.476684992586499
-0.313795887863535	0.468938917467506
-0.338827691861982	0.428929297824175
0.103934286742632	0.601789066644441
0.309179124529076	2.6689821296633
-0.0802039401955153	0.31070584522258
-0.183451744932239	0.877193159574437
-0.300588970121657	1.70993196698399
-0.351253479921605	2.35765862940259
-0.278214088386829	1.04304668210923
-0.334993926808116	1.61533651750242
-0.682673651513543	4.00650413859543
-0.725383244896496	4.38504281574736
-0.510026857089454	1.7418782763852
-0.314776975530478	1.12820208244499
-0.227067797261711	0.595596350704471
-0.663237458022481	3.30604570126352
-0.343234560188471	0.880848845531517
-0.437884804071417	1.20537835257525
-0.192092285828771	0.381691982065539
0.180869178835948	0.320005494201064
-0.430324647401096	0.996321821890831
-0.3585877195719	0.591326865788968
0.0530085291186232	0.066940048776424
-0.0055520662122288	0.00571742447828891
-0.0103865787986595	0.0134485636834761
0.0724634876590367	0.0919441375138666
0.446129413128003	0.817231096036915
-0.036848541116783	0.0431615216671536
0.138529337782021	0.181174570916617
0.372406740012309	0.691030055104029
0.096801595296052	0.118757748374521
-0.853239032275042	1.94175449238636
0.145691008037029	0.126369681563727
0.0455781281836571	0.212237388202142
-0.0723241690496744	0.330348645359828
-0.184777563214834	1.04780506673213
-0.326250124501397	2.32246270998814
-0.425061008112321	3.63205120398203
-0.323046806133198	1.64527572677281
-0.028996022759685	0.0566197720848634
0.000737756282935822	0.00169989374516876
-0.579721727146307	2.47499801938689
-0.215278832280715	0.598852707765395
-0.121504495278313	0.238769969974635
-0.107290876086904	0.25684294990265
0.0489905875808328	0.0977848163006192
-0.3687977682059	1.05418588132698
-0.303937095339257	0.592571894041771
-0.375166667907834	0.933315356417083
-0.213623432442628	0.397200299053506
0.0798919300913833	0.128750376868048
-0.187590136208107	0.322227840119888
0.12362536214462	0.159456846442598
0.228454721128097	0.30673797262642
-0.399763760903348	0.617072703309186
-0.0367235820460903	0.0400858786493638
-0.164056820317758	0.198208817815212
-0.108507224424556	0.151229976836273
-0.130880304702026	0.158255994255001
0.0125606918480127	0.0130748346096906
-0.157505199620421	0.147831063975289
0.0402148370190644	0.185701805399946
-0.0500780447082439	0.218409016016007
-0.101680153912878	0.453752657945694
-0.257033996501791	1.61278656349229
-0.858799203575838	10.9257288441579
-0.123214114355003	0.349871985279478
0.359406426804685	1.10088112460454
0.14339462718387	0.386175944886208
-0.566142615809179	1.84113311461492
0.0627115634000195	0.122445039110228
-0.0775835922726879	0.131852791413934
0.0410008565152472	0.0834147731285147
-0.0733962090102133	0.145576088461704
0.0223945196052599	0.037257735465316
-0.480576482075503	1.01974868033669
-0.0661888880053339	0.106157750680118
-0.26831477487593	0.507827728297886
0.433356068189962	0.977476905219279
-0.00592120528410124	0.00656635876574244
-0.14191409037815	0.187267285348274
-0.209402796025728	0.234746310574368
0.0881228513122983	0.117950166830129
0.276278552517103	0.438506456236631
0.76119186396135	1.77953905377539
-0.201443816353755	0.273467384190595
0.849181187628939	2.13132240127906
0.965678164590495	2.45919271000109
0.470853118510345	0.822060634117237
0.0760023872145618	0.0773581145650718
0.0553232282271583	0.264828900810099
-0.0867179870602911	0.415805803698509
-0.189205433014381	1.07065604295706
-0.593479907807639	6.02725737368505
0.113604803553675	0.346381377146705
0.368546819682241	1.31558845480871
0.397137199305364	1.70712317270727
0.232177958889199	0.584234458970899
-0.221346934128844	0.573116384192326
0.0996780650238683	0.16293121455439
0.124614161875159	0.261448635148951
0.11767106260501	0.21388847377732
-0.064728332538823	0.102497404944352
-0.0982287826820416	0.144031226509535
0.167103510705773	0.278114464602274
-0.134805472937336	0.184251412013006
0.423451685134555	0.88517554722154
-0.0958887948589556	0.122783184593967
-0.149079334375082	0.177436722905847
0.628002247615304	1.29889151344473
-0.0510514689127086	0.0576453589547165
0.105581688684177	0.133697643375271
0.311587747803008	0.425139635038948
0.028034884098241	0.0310013291578729
-0.123086094702216	0.140010659631611
0.834268317994831	2.10227209201482
0.141968009840954	0.186361564958356
0.126326192033847	0.140186192742884
0.0370643243463773	0.160024266904077
-0.0662749987271763	0.292655663034493
-0.729471940312132	9.09510845309249
0.225753406941632	0.956547794009325
0.445278127757593	2.07488237511032
0.128378791836677	0.32562621559899
0.0356565446947909	0.0719669051250749
0.152091005119007	0.340567513681749
-0.0977981502826968	0.155598384207493
0.284967283581962	0.697058974359154
-0.180981631148289	0.341093006913219
-0.357138150278129	0.805422970347448
-0.0443706196776281	0.0665960497159736
-0.20028917415422	0.331410736080681
0.0043977923164794	0.00530159409611148
-0.398712454792671	0.80230680133147
-0.106492916572268	0.146118176408964
-0.437996087032258	0.669040482465455
0.09210644647178	0.10777550360492
0.243158905820878	0.319035634722785
-0.177956476112206	0.209775954073115
0.0734802145924611	0.0735746676759332
0.060445654102774	0.0572251616337688
0.0748703348816507	0.0761480978202556
-0.528785656312353	0.718735116212388
0.518608822386461	0.905317586480152
-0.0495700678852659	0.048702627433553
-0.118340778653415	0.702370457122128
-0.190471848163715	1.22090843812019
0.164263832061532	0.726385968420574
0.305318285012691	1.55304248643522
0.0888734380777324	0.253408747808431
0.197090642645688	0.621938370491797
-0.0274760158748851	0.0557820900151741
0.22170240284672	0.417382722471136
0.0552355998545423	0.0967106166570443
0.312257769857775	0.735389720833937
-0.447438451595455	1.36288401525272
-0.24750679256798	0.555337868543436
-0.0239354318777467	0.0326874976907807
-0.228238951941694	0.35253563270191
0.0499885925888845	0.0727903766134903
-0.0377517436076908	0.0518643189079882
0.0431030460417126	0.0437544035104324
0.0737101128042493	0.0837996342626543
0.0545773169505189	0.0614801074675358
-0.0487062502819486	0.0563787236271569
-0.122240203407083	0.724361033741978
0.264305679459766	1.98760544192509
0.40356239517475	3.19826899764565
-0.0811425385923682	0.27177390449969
-0.346010997241652	1.83877463567115
-0.689059998513266	4.26113312632755
-0.548168728048748	1.5971855592391
-0.0934520464012515	0.179300209397036
-0.630432383445643	2.02574797190603
-0.626073574138681	2.43322265044867
-0.517855445445069	2.30903198720987
-0.576417340789319	1.56619871004747
-0.508832966920445	1.17342892358601
-0.0588271695710192	0.083140817126664
0.153881833589504	0.29482007703275
-0.345118027167669	0.641151568223398
0.0217169215744877	0.0268340573683837
-0.00254534256183623	0.00328984217740419
-0.310408030607479	0.548217601127379
0.0950696978211558	0.130238686031108
-0.223952095528922	0.235550538770128
-0.258632956355925	0.249570178715822
-0.0280181518325816	0.0209158943406964
-0.180972095427017	0.178506530143009
0.343433469300224	0.460910591778792
-0.0996225463666154	0.117011338152572
-0.0976769652090212	0.53128976909817
-0.104933705899411	0.516004251464907
-0.498208091298488	4.66395313206421
-0.788618186157246	9.55101243480787
-0.797914116447715	7.11507691733076
-0.81080240492073	3.90469956057056
-0.538357460372101	2.04136509523494
-0.456177984823717	1.32570562519311
-0.685979446093636	3.48969695044313
-0.566604052382028	3.22347386416718
-0.561510001582313	1.88514239185466
-0.345142522605952	0.746067552676608
-0.187447443462988	0.358654311150813
-0.488912453369398	1.66755102031243
-0.0829058258913174	0.133542894428728
0.426168082087178	1.0288465487718
-0.170863572364005	0.281986751530874
-0.265618453194731	0.251708150286377
-0.00282626639363647	0.00292748069266375
-0.114832121345097	0.158684493540018
0.053780594891202	0.242028297461067
-0.225221514054662	1.45700054458786
-0.400305870038306	2.96384316279183
-0.450888594562087	2.49122249446821
-0.397466697163599	1.13103097976027
-0.130368939731958	0.255911409828248
0.184133092268673	0.332682191017263
-0.462242179194978	1.40645936054173
-0.696572742169522	4.49402394057619
-0.300711067201971	0.726255283984121
-0.309881420277255	0.610710406657028
-0.204700331992296	0.363335089029218
0.0648477263730152	0.0956868097814145
-0.114616814337322	0.160954704645317
-0.327560424685852	0.336801686786638
-0.0889144520880452	0.461249887004437
0.00422358582624864	0.0141257344052839
-0.000430146745817393	0.00120410471441098
-0.116226822987728	0.301048698123057
0.103445942508314	0.301013358137241
0.0998764487598817	0.242395975137928
-0.0253308101839358	0.0554089778406104
-0.321375804514456	1.12794285305725
-0.028862854114375	0.0546148646164073
0.105996935757774	0.161930048849172
-0.0500714872377692	0.0712305819392284
-0.0379548938110442	0.0510028274162321
0.0972728207452319	0.506224017202295
-0.045583637322779	0.171994260083752
-0.0648031133019363	0.181216749942637
-0.0253817937979107	0.0642155703246959
-0.150051423128534	0.403593897608948
-0.773352239643294	5.9223445852074
-0.674975535700471	5.11391761529852
-0.122360078220339	0.280303185523272
-0.137239934537643	0.269101482788395
-0.160215183385796	0.286259917082264
0.143501278600042	0.224768395495261
0.0486173576501284	0.0665990773515055
0.136046372723953	0.193778098486496
-0.203832690385803	0.230907421712755
0.0422256328928648	0.178389149657667
-0.0410002122382647	0.142533870335562
-0.144377750477967	0.603106750702157
-0.148339241545785	0.512105291111168
-0.899328244857033	9.37749576745408
-0.505363894191512	2.74015824039262
-0.168851317902987	0.45065121219028
-0.362009310106241	1.16246700003443
0.051424999396504	0.0696407402100973
0.105842854334754	0.149357678025082
-0.113644948890767	0.153413244751839
0.281713253853338	0.517084930506015
0.00365432625164795	0.00403029047525045
-0.0272853832843329	0.104467206501088
0.0142832280396634	0.0505751196189709
-0.178514211724611	0.745254982676968
-0.814190661207533	8.18540604081765
-0.193800041649765	0.507654987216276
-0.183455577983147	0.46817922009102
-0.382109780552148	0.648369528104487
-0.0603709348827631	0.0583577759140708
-0.0787101500409874	0.0931758080886053
0.0502574656674138	0.240451904562106
-0.0590001270711142	0.258989294297145
-0.5353515685542	5.83682931573167
-0.0607069823296908	0.163604665847956
0.0296241274119603	0.0796129014622045
-0.102202349846846	0.158092847605851
0.192477662831708	0.314939127996208
-0.0194693501802638	0.0818756453308697
-0.336657151724324	3.3221902094106
-0.368301388438035	0.761838116141596
-0.0497906320896103	0.235260877425858
0.0658978703427934	0.105989436887725
0.0163889311123956	0.0272200052586998
-0.0749846682520955	0.0825110268125298
-0.270150873183861	0.580601207921664
-0.00872799416630098	0.0117018724784044
