x	y	clickSelects
0.0277167659318101	1.37129721635638	716
-0.10482678828633	1.60922170355686	270
-0.11852658721262	1.63145394798635	124
-0.06466636020324	0.940256308265765	716
-0.0649892193749802	0.940669172219577	257
0.0198980554594499	1.38051330412041	257
-0.0650674078992601	0.940280629174111	270
-0.06971291102341	0.943740604994579	96
0.0294067728563601	1.36887256844243	257
-0.0728183820203001	0.945262498978983	257
0.0205418988250801	1.38019203251259	257
-0.0637629226344401	0.939652168969582	2262
-0.0640143610876698	0.939809125258311	144
0.0704933227537901	1.89798008648489	1149
0.0718133340638401	1.89498854868542	1149
-0.06466636020324	0.940256308265765	270
-0.06059073524679	0.93759451129817	375
-0.06466636020324	0.940256308265765	375
-0.0659711696462901	0.94088510772594	13
-0.06466636020324	0.940256308265765	33
-0.06466636020324	0.940256308265765	1458
-0.0725772330458598	0.945362560628568	186
0.0164241257442901	1.38549735979712	1149
-0.01516506483217	2.11261661362104	257
-0.0681607569725502	0.942730672003646	1505
-0.06750813492524	0.942214241335458	27
0.02322799535368	1.37750389616582	257
-0.06466636020324	0.940256308265765	2926
0.0223369845166199	1.3760599132279	337
-0.0631110853575998	0.939205260748677	257
-0.0637629226344401	0.939652168969582	10
-0.0703662383507	0.944040384379806	257
-0.0659711696462901	0.94088510772594	343
-0.0637629226344401	0.939652168969582	13
0.0201000204684201	1.3812785442636	337
0.06862992098876	1.89965661916211	442
0.0181981331361201	1.38210214104302	257
-0.06840706939649	0.94281622690595	1149
-0.06971291102341	0.943740604994579	13
0.02368328707289	1.37544365783482	1363
-0.0690598547775898	0.943332987473435	852
-0.06466636020324	0.940256308265765	375
-0.0690598547775898	0.943332987473435	1505
-0.05993952365165	0.937148574407078	13
-0.07071272339868	0.944118052299626	10
-0.0637629226344401	0.939652168969582	10
0.1065892744128	2.30960976108871	337
0.11519279003786	2.28943223595989	1149
-0.11666281892167	1.62767937148601	753
-0.0966258956600199	2.32231726029169	772
-0.0677545546631801	0.942087611195782	375
-0.0157924536376899	2.11195756063408	257
-0.0637629226344401	0.939652168969582	270
0.0231839043719	1.37601064170697	753
-0.06059073524679	0.93759451129817	375
-0.0637629226344401	0.939652168969582	1171
0.0705783528852699	1.89623489695458	1505
-0.0650674078992601	0.940280629174111	13
-0.06971291102341	0.943740604994579	223
-0.06059073524679	0.93759451129817	10
-0.06750813492524	0.942214241335458	223
-0.0690598547775898	0.943332987473435	10
-0.0637629226344401	0.939652168969582	852
0.01507575708718	1.38622922321043	124
-0.1118549571354	1.62044817526952	753
0.01946713710829	1.38260399529953	96
0.02253361394617	1.37568956490114	13
0.0776856004759301	1.88585376146363	1149
-0.11251705416886	1.62321359018192	1149
-0.0681607569725502	0.942730672003646	1149
-0.0637629226344401	0.939652168969582	595
-0.06971291102341	0.943740604994579	595
-0.0738848580729301	0.946183603921263	13
0.0699244897742199	1.8998459439902	144
-0.10599310256617	2.3428894772516	1149
0.0706813638991499	1.89769064306637	442
-0.0653186296506201	0.940618742098066	350
-0.0633626320875602	0.93926395821226	1071
-0.0690598547775898	0.943332987473435	13
-0.0732309098378901	0.945839152787499	804
-0.11612371411284	1.62672787218069	337
0.11307763363966	2.295458939171	124
-0.0690598547775898	0.943332987473435	2924
-0.0637629226344401	0.939652168969582	1788
-0.0272301219171802	2.13564623163945	124
0.0205418988250801	1.38019203251259	96
-0.06059073524679	0.93759451129817	375
-0.0631110853575998	0.939205260748677	13
-0.0612422164282802	0.937955987231364	13
-0.0650674078992601	0.940280629174111	27
-0.0102793587722498	2.10168377121435	343
-0.0681607569725502	0.942730672003646	13
-0.11524022489499	1.62670383713992	257
-0.0656414799418701	0.941075674107423	595
-0.0656414799418701	0.941075674107423	13
0.06998538607853	1.89880875042183	144
-0.0653186296506201	0.940618742098066	1456
0.10911732661176	2.30399003692786	257
-0.0659711696462901	0.94088510772594	1071
-0.0649892193749802	0.940669172219577	13
-0.06840706939649	0.94281622690595	994
0.0194002393494701	1.3809525587901	1458
-0.0631110853575998	0.939205260748677	124
0.08405077521653	1.87302034819391	442
-0.06059073524679	0.93759451129817	96
-0.06840706939649	0.94281622690595	96
0.0172005317936501	1.38288375125011	595
-0.0681607569725502	0.942730672003646	1071
-0.0210618653585799	2.12422400172185	337
-0.11334516272951	1.62367176100924	257
-0.12228500158582	1.63689097687164	124
-0.06750813492524	0.942214241335458	124
-0.06971291102341	0.943740604994579	96
0.0226843846557701	1.37649995230922	96
-0.0681607569725502	0.942730672003646	13
-0.06750813492524	0.942214241335458	13
-0.0633626320875602	0.93926395821226	238
-0.11618849722998	1.62750481462516	124
-0.0264940801596598	2.13333768632387	96
-0.0734719524391401	0.945962551724422	223
-0.06245951802953	0.938660446621569	238
-0.0640143610876698	0.939809125258311	257
-0.0649892193749802	0.940669172219577	257
-0.0643372289192898	0.940153898818823	124
0.0204563499397901	1.3813473822577	257
-0.0662940108357399	0.941374702661412	759
-0.0719238274780598	0.944662982400141	375
-0.0653186296506201	0.940618742098066	223
-0.10662586867184	1.6129386594688	257
0.0195460292420799	1.38152514643932	350
-0.0653186296506201	0.940618742098066	223
-0.0637629226344401	0.939652168969582	247
-0.11846795710461	1.6300759972617	257
-0.0659711696462901	0.94088510772594	438
-0.0741257942525699	0.946439442110547	223
-0.0681607569725502	0.942730672003646	1719
0.0222349820055601	1.37864455314326	257
0.02368328707289	1.37544365783482	1456
0.0190478906501601	1.38205369530046	257
-0.11476627413098	1.62613100690888	257
-0.0700594139401498	0.943774314067002	235
-0.0681607569725502	0.942730672003646	541
-0.06840706939649	0.94281622690595	804
-0.0653186296506201	0.940618742098066	1149
-0.0144103474293802	2.11066570965933	124
-0.0633626320875602	0.93926395821226	257
-0.10662586867184	1.6129386594688	1157
-0.10967770223289	1.61834281291569	257
0.10883870853312	2.30424751365713	257
-0.06466636020324	0.940256308265765	257
-0.0741257942525699	0.946439442110547	223
-0.11192631530211	1.621570427363	1149
0.01847739085918	1.3834502062931	257
-0.0700594139401498	0.943774314067002	39
-0.0779028322587498	0.948275927315441	124
-0.0734719524391401	0.945962551724422	257
-0.0592885814274098	0.936604988422931	257
-0.1153310443036	1.62750724939671	495
-0.0830334639247701	0.951191959776294	124
0.0205418988250801	1.38019203251259	2027
-0.10491355827894	1.6110576611668	257
0.02353215770064	1.37496842191001	2027
-0.0618939674117098	0.938221719974652	96
-0.0640143610876698	0.939809125258311	235
-0.01770017036156	2.1150132072106	375
-0.0633626320875602	0.93926395821226	1071
-0.0637629226344401	0.939652168969582	127
-0.05993952365165	0.937148574407078	10
-0.11090453833751	1.61888649808538	186
-0.0633626320875602	0.93926395821226	375
-0.06466636020324	0.940256308265765	375
-0.0643372289192898	0.940153898818823	33
-0.0631110853575998	0.939205260748677	223
-0.0637629226344401	0.939652168969582	10
-0.0640143610876698	0.939809125258311	375
-0.0644150300762298	0.940014395257253	10
-0.11388246423574	1.6242343077207	1149
0.01557280626449	1.38554421090148	124
-0.0662940108357399	0.941374702661412	33
-0.06245951802953	0.938660446621569	186
-0.12089174391393	1.63401600124205	257
0.0208932808195701	1.37936977889785	344
-0.0659711696462901	0.94088510772594	13
-0.0631110853575998	0.939205260748677	804
-0.0637629226344401	0.939652168969582	649
-0.0640143610876698	0.939809125258311	3250
-0.10703199450799	1.61602134028599	257
0.0708866149974801	1.89516240354868	257
-0.0612422164282802	0.937955987231364	1157
-0.0725772330458598	0.945362560628568	804
-0.0643372289192898	0.940153898818823	18
0.02144502989854	1.37940706616675	744
0.0699029423043101	1.89729158630755	13
-0.06466636020324	0.940256308265765	223
-0.0640143610876698	0.939809125258311	649
0.11228224926461	2.2969440608352	1157
-0.0637629226344401	0.939652168969582	13
-0.06466636020324	0.940256308265765	63
-0.0211655644378199	2.1237458758369	257
0.07621436664298	1.8871377060704	257
-0.0618939674117098	0.938221719974652	13
-0.10794951802624	1.61367875000037	257
0.0191951893653299	1.38095604331025	375
-0.0612422164282802	0.937955987231364	223
0.01507575708718	1.38622922321043	92
-0.0688136497159899	0.9431380459589	92
-0.06840706939649	0.94281622690595	124
-0.06971291102341	0.943740604994579	257
-0.0612422164282802	0.937955987231364	13
-0.0640143610876698	0.939809125258311	10
-0.0225011823488099	2.12431906659427	257
0.02353215770064	1.37496842191001	257
-0.0681607569725502	0.942730672003646	101
-0.0637629226344401	0.939652168969582	13
-0.0732309098378901	0.945839152787499	1011
0.0785899825257199	1.88147600930771	13
-0.11160318532865	2.35442371792394	124
0.01048341974123	1.39169845305881	675
0.0176243291726601	1.38420210706897	675
0.10818007263511	2.3061997388278	257
0.01592753903552	1.38618218661136	13
-0.06750813492524	0.942214241335458	92
-0.0631110853575998	0.939205260748677	124
0.02368328707289	1.37544365783482	13
0.0764289771383799	1.88742948968109	257
-0.0653186296506201	0.940618742098066	13
-0.06466636020324	0.940256308265765	375
-0.0640143610876698	0.939809125258311	323
-0.11340903959513	1.623552436566	33
-0.06971291102341	0.943740604994579	92
-0.0792123565324401	0.949349959309328	257
-0.0681607569725502	0.942730672003646	728
-0.0640143610876698	0.939809125258311	349
-0.0633626320875602	0.93926395821226	124
0.01169938815009	1.39050854275415	257
-0.06971291102341	0.943740604994579	96
-0.0659711696462901	0.94088510772594	804
-0.0612422164282802	0.937955987231364	124
-0.02653061824001	2.13471890677118	101
-0.06466636020324	0.940256308265765	96
0.06523381120461	1.90718537500372	96
-0.06662398040717	0.940955218026655	13
-0.06466636020324	0.940256308265765	124
-0.0688136497159899	0.9431380459589	804
0.07963199158815	1.88252352645349	257
-0.0631110853575998	0.939205260748677	101
-0.11145119192877	1.62104630259469	101
-0.06971291102341	0.943740604994579	13
0.02183701226063	1.37654955202105	96
0.02308462471563	1.3778963753155	13
-0.0688136497159899	0.9431380459589	18
0.0242204699262201	1.3759466508266	257
-0.10459205772086	2.33988285459214	96
0.0277167659318101	1.37129721635638	375
-0.06368550835878	0.939427496292375	13
-0.0653186296506201	0.940618742098066	804
-0.0631110853575998	0.939205260748677	33
-0.0688136497159899	0.9431380459589	481
-0.0644150300762298	0.940014395257253	10
-0.06466636020324	0.940256308265765	18
-0.06059073524679	0.93759451129817	18
-0.06750813492524	0.942214241335458	223
-0.10710261042211	1.61369458330834	13
-0.0640143610876698	0.939809125258311	33
-0.06059073524679	0.93759451129817	80
-0.0681607569725502	0.942730672003646	80
-0.0633626320875602	0.93926395821226	80
-0.10614924905207	1.61207120992288	101
0.0223369845166199	1.3760599132279	13
-0.0640143610876698	0.939809125258311	804
-0.0703662383507	0.944040384379806	33
-0.0640143610876698	0.939809125258311	33
-0.0631110853575998	0.939205260748677	92
0.0838908149194399	1.87426770631831	186
0.02418253283009	1.37479558124171	80
-0.06971291102341	0.943740604994579	104
-0.1075794743617	1.6143559414145	416
-0.0637629226344401	0.939652168969582	33
-0.0637629226344401	0.939652168969582	80
0.0718133340638401	1.89498854868542	416
-0.06840706939649	0.94281622690595	330
0.02039573592608	1.37998569130634	330
0.0190478906501601	1.38205369530046	330
-0.0637629226344401	0.939652168969582	257
-0.0650674078992601	0.940280629174111	416
-0.10890426315647	1.61491409610747	13
-0.0725772330458598	0.945362560628568	13
-0.06685578335733	0.941486124189967	33
-0.06466636020324	0.940256308265765	33
-0.06466636020324	0.940256308265765	33
-0.06466636020324	0.940256308265765	33
-0.06466636020324	0.940256308265765	10
-0.0631110853575998	0.939205260748677	80
-0.11340903959513	1.623552436566	124
-0.0631110853575998	0.939205260748677	124
-0.0690598547775898	0.943332987473435	27
-0.0681607569725502	0.942730672003646	80
0.0213906902100101	1.378654955776	257
-0.0659711696462901	0.94088510772594	13
-0.11580252824585	1.62801603654169	13
-0.0640143610876698	0.939809125258311	27
0.0765097598103199	1.88847841926273	80
-0.0225011823488099	2.12431906659427	124
0.0780958253283199	1.88241149747138	257
-0.10872977809446	1.61761840212171	101
0.11833573182322	2.28112052997441	13
0.0164241257442901	1.38549735979712	13
-0.11050131843674	1.61970282141278	2665
0.0167015265279999	1.3830937010008	101
-0.0681607569725502	0.942730672003646	416
0.0222349820055601	1.37864455314326	13
-0.06840706939649	0.94281622690595	1856
-0.0592885814274098	0.936604988422931	257
-0.0644150300762298	0.940014395257253	2152
-0.0741257942525699	0.946439442110547	13
-0.06840706939649	0.94281622690595	144
0.0190478906501601	1.38205369530046	80
-0.06245951802953	0.938660446621569	2152
-0.0653186296506201	0.940618742098066	2805
-0.0690598547775898	0.943332987473435	390
0.01393984407039	1.38784760249215	101
-0.10324641058143	1.61029096948715	13
0.0200440319435999	1.38090813566191	1844
-0.06466636020324	0.940256308265765	109
0.10689718539842	2.31008781487893	13
-0.0640143610876698	0.939809125258311	33
0.0150156523834699	1.38772270507125	89
-0.06059073524679	0.93759451129817	390
-0.10890426315647	1.61491409610747	13
-0.0633626320875602	0.93926395821226	676
-0.06245951802953	0.938660446621569	27
-0.01621020544777	2.11261720165309	101
0.0235807388360001	1.37737076084088	13
-0.0637629226344401	0.939652168969582	13
-0.0703662383507	0.944040384379806	361
-0.0690598547775898	0.943332987473435	109
-0.06059073524679	0.93759451129817	124
0.0828536105631399	1.87475880877882	257
-0.0644150300762298	0.940014395257253	101
-0.0653186296506201	0.940618742098066	361
-0.05993952365165	0.937148574407078	390
-0.11097619299396	1.62042517081968	101
0.10963446846194	2.30309529195099	101
0.0181981331361201	1.38210214104302	104
-0.0703662383507	0.944040384379806	101
0.01847739085918	1.3834502062931	101
-0.0631110853575998	0.939205260748677	296
-0.06971291102341	0.943740604994579	175
-0.0677545546631801	0.942087611195782	1130
0.0194002393494701	1.3809525587901	101
-0.0681607569725502	0.942730672003646	92
0.0248782504512399	1.37381094734257	89
-0.11050131843674	1.61970282141278	186
0.0790142588087499	1.88095140494195	104
-0.0640143610876698	0.939809125258311	443
-0.0633626320875602	0.93926395821226	1130
-0.06662398040717	0.940955218026655	27
-0.0627111729868299	0.93851397341819	186
-0.06971291102341	0.943740604994579	124
0.0208932808195701	1.37936977889785	330
0.11096918947219	2.29916799355075	101
0.07621436664298	1.8871377060704	101
-0.0592885814274098	0.936604988422931	375
-0.0176225064614002	2.11656094774403	443
-0.06750813492524	0.942214241335458	175
-0.0653186296506201	0.940618742098066	33
-0.06245951802953	0.938660446621569	33
0.10911732661176	2.30399003692786	101
0.02218472785307	1.37690806291492	13
-0.11057131848068	1.61915944709455	186
0.0185496160973699	1.38249372342683	104
-0.11137968544856	1.61972567255462	104
0.0152905567475099	1.38606342406134	443
-0.0631110853575998	0.939205260748677	175
0.0731700256799199	1.8901047068072	124
0.0199618101672301	1.38202876046822	443
-0.06840706939649	0.94281622690595	124
0.0213906902100101	1.378654955776	104
0.0195460292420799	1.38152514643932	104
-0.06662398040717	0.940955218026655	104
-0.0701202481585899	0.943533793179382	763
0.0422253278265901	2.49113657586474	89
0.0149339613182	1.38723958210759	104
-0.07453907796822	0.946312639645579	109
0.01769940063942	1.38254254345844	104
0.0194002393494701	1.3809525587901	104
-0.10101917006276	2.32971511407457	101
-0.1039690128614	2.33902365127135	13
-0.06059073524679	0.93759451129817	763
-0.0694668133720899	0.943437666558306	33
-0.0688136497159899	0.9431380459589	1999
-0.06750813492524	0.942214241335458	361
-0.06971291102341	0.943740604994579	249
-0.0734719524391401	0.945962551724422	124
-0.0134949955263601	2.11020549712581	941
-0.0171175583279801	2.11646963146443	104
-0.0725772330458598	0.945362560628568	89
-0.0719238274780598	0.944662982400141	89
0.11473754648833	2.29168622937972	101
0.0708866149974801	1.89516240354868	104
0.0721601476952101	1.89333081207878	104
0.0730863838440701	1.89315718332084	104
-0.0738848580729301	0.946183603921263	2336
-0.0640143610876698	0.939809125258311	109
-0.0747799076795701	0.946784087871086	1999
-0.11090453833751	1.61888649808538	13
0.0267218639241	1.37234770525145	13
-0.0656414799418701	0.941075674107423	13
-0.0592885814274098	0.936604988422931	676
-0.0640143610876698	0.939809125258311	676
0.02273155606128	1.37811833610894	124
-0.0637629226344401	0.939652168969582	109
-0.0747799076795701	0.946784087871086	89
0.02273155606128	1.37811833610894	13
-0.0732309098378901	0.945839152787499	361
-0.0719238274780598	0.944662982400141	676
-0.0779028322587498	0.948275927315441	676
-0.06466636020324	0.940256308265765	18
-0.0640143610876698	0.939809125258311	249
-0.0650674078992601	0.940280629174111	591
0.0185496160973699	1.38249372342683	763
-0.0690598547775898	0.943332987473435	676
-0.0644150300762298	0.940014395257253	109
-0.06840706939649	0.94281622690595	101
0.01692057777878	1.38467592076614	763
-0.06466636020324	0.940256308265765	763
-0.0640143610876698	0.939809125258311	676
-0.06840706939649	0.94281622690595	124
-0.06466636020324	0.940256308265765	124
-0.0681607569725502	0.942730672003646	104
0.0226843846557701	1.37649995230922	3075
-0.0631110853575998	0.939205260748677	676
-0.06840706939649	0.94281622690595	18
-0.0703662383507	0.944040384379806	109
-0.12314801207926	1.63652920208159	124
0.0795558203151301	1.88138385047039	330
-0.06245951802953	0.938660446621569	27
-0.0637629226344401	0.939652168969582	124
-0.10805646054945	1.61492935233371	257
-0.11233035345926	1.62106954396855	443
-0.0681607569725502	0.942730672003646	297
-0.11335243266441	1.62244503213863	33
-0.0631110853575998	0.939205260748677	109
-0.06750813492524	0.942214241335458	3194
-0.0828075188830302	0.951198354159235	124
0.04424129401674	2.48806425462264	104
-0.0725772330458598	0.945362560628568	1336
-0.0690598547775898	0.943332987473435	33
0.0145785728464301	1.38680784479748	33
-0.0650674078992601	0.940280629174111	676
-0.0640143610876698	0.939809125258311	1333
-0.0637629226344401	0.939652168969582	249
-0.0688136497159899	0.9431380459589	13
-0.0688136497159899	0.9431380459589	676
-0.0662940108357399	0.941374702661412	109
-0.06368550835878	0.939427496292375	297
-0.10710261042211	1.61369458330834	104
0.07142658201666	1.89527159383188	104
-0.0184586308763799	2.11777472585039	101
-0.0688136497159899	0.9431380459589	13
-0.0612422164282802	0.937955987231364	661
-0.06840706939649	0.94281622690595	101
-0.0687536073577699	0.942600843001363	104
-0.11571429924121	1.62716626457585	13
-0.0653186296506201	0.940618742098066	13
-0.06971291102341	0.943740604994579	763
-0.06466636020324	0.940256308265765	623
-0.10336132379811	2.33438329638643	13
-0.06840706939649	0.94281622690595	443
-0.06840706939649	0.94281622690595	443
-0.0644150300762298	0.940014395257253	763
-0.0677545546631801	0.942087611195782	297
-0.11062695193422	1.62069889953155	89
-0.0640143610876698	0.939809125258311	89
-0.0123228065126	2.10477549103293	104
0.02622420947563	1.37275328495227	205
-0.0741257942525699	0.946439442110547	742
-0.0631110853575998	0.939205260748677	443
-0.0637629226344401	0.939652168969582	175
-0.0653186296506201	0.940618742098066	33
-0.0688136497159899	0.9431380459589	1331
-0.11571429924121	1.62716626457585	591
0.0164241257442901	1.38549735979712	13
-0.0649892193749802	0.940669172219577	13
-0.0637629226344401	0.939652168969582	175
-0.0650674078992601	0.940280629174111	13
0.02418253283009	1.37479558124171	297
0.01592753903552	1.38618218661136	104
-0.10318008056498	2.33662531066572	205
-0.06245951802953	0.938660446621569	101
0.02322799535368	1.37750389616582	13
-0.0633626320875602	0.93926395821226	763
0.07223779010861	1.8944878634075	1136
-0.0644150300762298	0.940014395257253	812
-0.0640143610876698	0.939809125258311	101
-0.10842682931977	1.6143403591779	104
-0.06840706939649	0.94281622690595	175
-0.0688136497159899	0.9431380459589	1333
-0.11524022489499	1.62670383713992	104
-0.06466636020324	0.940256308265765	742
-0.0681607569725502	0.942730672003646	288
-0.06750813492524	0.942214241335458	13
-0.06840706939649	0.94281622690595	104
-0.0681607569725502	0.942730672003646	13
-0.06466636020324	0.940256308265765	13
-0.11530347795705	1.62560575784216	205
-0.0644150300762298	0.940014395257253	205
-0.0649892193749802	0.940669172219577	1396
-0.10690288130134	1.61557973864477	13
-0.0637629226344401	0.939652168969582	33
0.02407671851069	1.37675695913956	205
-0.0734719524391401	0.945962551724422	104
-0.11240156317511	1.62199308544587	13
-0.06466636020324	0.940256308265765	33
-0.06840706939649	0.94281622690595	124
-0.0719238274780598	0.944662982400141	101
0.06947870788401	1.89820486402279	205
-0.11758122233325	1.63005187050678	13
-0.0653186296506201	0.940618742098066	763
-0.0637629226344401	0.939652168969582	288
0.00727086213402006	1.3962906510836	652
-0.06466636020324	0.940256308265765	1419
0.08211970559176	1.87700727692361	89
-0.0725772330458598	0.945362560628568	89
0.0212414293260199	1.37942142172035	104
-0.06750813492524	0.942214241335458	101
0.02308462471563	1.3778963753155	288
-0.0741257942525699	0.946439442110547	104
0.0181981331361201	1.38210214104302	205
0.0217382731169999	1.37908248914207	742
-0.10451204485344	1.61064693422107	13
-0.0640143610876698	0.939809125258311	763
-0.0657200563202101	0.940350761816373	231
0.0679391329097601	1.90103518386472	101
-0.06466636020324	0.940256308265765	13
-0.11050131843674	1.61970282141278	13
0.07743892792394	1.88615882461398	89
-0.11669375335493	1.62814775013585	101
0.01147502498279	1.39052300418681	101
-0.11251705416886	1.62321359018192	101
0.01727585850522	1.38395253157526	104
-0.0681607569725502	0.942730672003646	104
-0.06466636020324	0.940256308265765	104
-0.0631110853575998	0.939205260748677	104
0.07266214001951	1.89387624722343	13
-0.0690598547775898	0.943332987473435	13
-0.0734719524391401	0.945962551724422	809
0.0185496160973699	1.38249372342683	104
0.0267218639241	1.37234770525145	104
-0.0640143610876698	0.939809125258311	104
0.0198980554594499	1.38051330412041	652
-0.07071272339868	0.944118052299626	89
-0.0640143610876698	0.939809125258311	742
-0.06466636020324	0.940256308265765	104
-0.06971291102341	0.943740604994579	104
-0.0653186296506201	0.940618742098066	55
0.01543081758306	1.38676053784504	104
0.02418253283009	1.37479558124171	104
-0.0688136497159899	0.9431380459589	742
0.02368328707289	1.37544365783482	13
-0.06466636020324	0.940256308265765	13
-0.06466636020324	0.940256308265765	33
-0.05993952365165	0.937148574407078	762
0.0195460292420799	1.38152514643932	89
0.10963446846194	2.30309529195099	89
-0.12225585703001	1.63650388640848	1122
-0.11472789592304	2.35917430296459	104
-0.0618082204343899	0.937910978925819	13
-0.0640143610876698	0.939809125258311	89
0.08320416902306	1.874924962054	101
0.0273681188519801	1.37139514517241	2078
0.0208932808195701	1.37936977889785	89
-0.0640143610876698	0.939809125258311	104
-0.0592885814274098	0.936604988422931	13
-0.0653186296506201	0.940618742098066	1048
-0.0643372289192898	0.940153898818823	89
-0.06245951802953	0.938660446621569	89
0.0200440319435999	1.38090813566191	104
-0.10348950701921	1.60907810143356	104
-0.0741257942525699	0.946439442110547	104
-0.06840706939649	0.94281622690595	13
-0.06059073524679	0.93759451129817	33
0.0155093177085099	1.38707923129823	89
-0.1156493609459	1.62615475826674	101
0.01969351323918	1.38023978495883	111
-0.0688136497159899	0.9431380459589	33
-0.0703662383507	0.944040384379806	89
-0.06466636020324	0.940256308265765	54
-0.06662398040717	0.940955218026655	1367
-0.0640143610876698	0.939809125258311	767
-0.0725772330458598	0.945362560628568	89
-0.06466636020324	0.940256308265765	104
-0.0681607569725502	0.942730672003646	33
-0.0640143610876698	0.939809125258311	105
0.08035771690532	1.87767896381045	104
-0.06466636020324	0.940256308265765	210
0.04078561263765	2.49462701169741	89
0.0870340561219001	1.86746678306716	767
-0.12084135218447	1.63431362671355	13
-0.0690598547775898	0.943332987473435	1459
-0.0631110853575998	0.939205260748677	33
-0.0703662383507	0.944040384379806	89
-0.0690598547775898	0.943332987473435	89
-0.06466636020324	0.940256308265765	89
0.01443697017032	1.38761202612123	104
-0.10625530550855	1.61186088566753	104
-0.10805646054945	1.61492935233371	104
-0.11707279204045	1.6275297009912	767
-0.06840706939649	0.94281622690595	1459
-0.0637629226344401	0.939652168969582	231
-0.0640143610876698	0.939809125258311	54
-0.0644150300762298	0.940014395257253	1090
0.0136788512202799	1.38813632254659	839
0.0263725792563001	1.37260516069121	89
-0.11435601213618	1.62480612909045	104
-0.0703662383507	0.944040384379806	54
-0.0681607569725502	0.942730672003646	54
-0.0681607569725502	0.942730672003646	1367
-0.0640143610876698	0.939809125258311	637
0.07316537642725	1.8930063502507	104
0.07536588583187	1.88856497042991	2558
-0.0688136497159899	0.9431380459589	104
0.0196051494223199	1.38209684660709	104
0.0191951893653299	1.38095604331025	767
-0.0694668133720899	0.943437666558306	37
-0.0644150300762298	0.940014395257253	302
-0.0650674078992601	0.940280629174111	54
-0.0640143610876698	0.939809125258311	33
-0.0656414799418701	0.941075674107423	104
0.0228368194428501	1.37549266261625	111
-0.0747799076795701	0.946784087871086	54
-0.06466636020324	0.940256308265765	54
0.0205418988250801	1.38019203251259	104
-0.0659711696462901	0.94088510772594	33
-0.06245951802953	0.938660446621569	839
0.077212675977	1.88441973012899	205
0.0772468533153901	1.883362110813	2558
-0.01754381082345	2.11616970587089	767
-0.0618082204343899	0.937910978925819	54
-0.0631110853575998	0.939205260748677	180
-0.0633626320875602	0.93926395821226	2517
-0.06840706939649	0.94281622690595	746
-0.10184337406079	2.33079874199288	89
-0.06245951802953	0.938660446621569	154
0.07828563682812	1.88461691710813	89
0.07760288425619	1.88195998146253	104
-0.0688136497159899	0.9431380459589	33
-0.0640143610876698	0.939809125258311	33
-0.10324641058143	1.61029096948715	205
-0.10901079990502	1.61580515622543	111
-0.11524022489499	1.62670383713992	54
-0.06466636020324	0.940256308265765	129
-0.0657200563202101	0.940350761816373	104
0.0195460292420799	1.38152514643932	205
-0.0688136497159899	0.9431380459589	101
-0.0650674078992601	0.940280629174111	104
-0.06245951802953	0.938660446621569	767
-0.0653186296506201	0.940618742098066	54
-0.0690598547775898	0.943332987473435	33
-0.06466636020324	0.940256308265765	3139
0.01543081758306	1.38676053784504	89
0.0845470403197499	1.87174606135581	104
0.0200440319435999	1.38090813566191	104
-0.10710261042211	1.61369458330834	104
-0.06685578335733	0.941486124189967	54
-0.11280587448127	1.62159398567242	89
-0.0653186296506201	0.940618742098066	205
-0.0688136497159899	0.9431380459589	54
-0.06840706939649	0.94281622690595	302
-0.0225167678224798	2.12708459466551	104
-0.05993952365165	0.937148574407078	101
-0.0640143610876698	0.939809125258311	1512
0.01592753903552	1.38618218661136	104
0.00776247291580989	1.39618654940818	104
-0.0690598547775898	0.943332987473435	1441
-0.0637629226344401	0.939652168969582	497
0.0246816417148199	1.37405389323566	104
0.0223369845166199	1.3760599132279	837
-0.0688136497159899	0.9431380459589	2
-0.0640143610876698	0.939809125258311	2021
-0.0681607569725502	0.942730672003646	129
-0.0694668133720899	0.943437666558306	210
-0.0637629226344401	0.939652168969582	210
-0.06840706939649	0.94281622690595	205
-0.06971291102341	0.943740604994579	767
0.0403929986752201	2.49545657359744	54
-0.0637629226344401	0.939652168969582	54
-0.0644150300762298	0.940014395257253	33
-0.06750813492524	0.942214241335458	37
-0.06940637533254	0.94329877880574	1962
-0.0681607569725502	0.942730672003646	205
0.0727410816509899	1.89350664724379	37
-0.0738848580729301	0.946183603921263	229
0.0273681188519801	1.37139514517241	104
-0.0741257942525699	0.946439442110547	837
0.0190478906501601	1.38205369530046	837
0.0205418988250801	1.38019203251259	37
-0.0690598547775898	0.943332987473435	27
-0.06245951802953	0.938660446621569	104
-0.06971291102341	0.943740604994579	111
0.10871945018873	2.3047310402505	37
-0.11097619299396	1.62042517081968	188
0.0205418988250801	1.38019203251259	2
-0.0618082204343899	0.937910978925819	2
-0.0631110853575998	0.939205260748677	2
-0.10890426315647	1.61491409610747	205
-0.0633626320875602	0.93926395821226	37
-0.0681607569725502	0.942730672003646	697
-0.06466636020324	0.940256308265765	101
-0.06940637533254	0.94329877880574	837
-0.06466636020324	0.940256308265765	1648
-0.11988741005446	1.63198981584331	255
-0.06971291102341	0.943740604994579	89
-0.0741257942525699	0.946439442110547	104
-0.0631110853575998	0.939205260748677	205
-0.11062695193422	1.62069889953155	101
0.02322799535368	1.37750389616582	54
0.11046396540848	2.30250956200329	89
-0.0690598547775898	0.943332987473435	101
-0.0640143610876698	0.939809125258311	837
-0.0637629226344401	0.939652168969582	220
-0.06971291102341	0.943740604994579	188
-0.11050131843674	1.61970282141278	89
0.0233365171109401	1.37484438353296	104
-0.0643372289192898	0.940153898818823	220
-0.0650674078992601	0.940280629174111	37
-0.0592885814274098	0.936604988422931	12
-0.1118549571354	1.62044817526952	205
-0.0741257942525699	0.946439442110547	220
-0.0633626320875602	0.93926395821226	104
-0.0694668133720899	0.943437666558306	37
-0.06971291102341	0.943740604994579	37
-0.10778234824004	1.61647787762797	205
-0.0700594139401498	0.943774314067002	104
0.0769333290411001	1.88776150858071	111
-0.0637629226344401	0.939652168969582	129
0.0167797347705101	1.38463612818679	129
-0.0681607569725502	0.942730672003646	114
-0.0694668133720899	0.943437666558306	54
-0.0644150300762298	0.940014395257253	129
-0.0677545546631801	0.942087611195782	89
-0.0640143610876698	0.939809125258311	54
-0.0677545546631801	0.942087611195782	114
0.0190478906501601	1.38205369530046	104
0.07536588583187	1.88856497042991	205
-0.0681607569725502	0.942730672003646	205
0.02418253283009	1.37479558124171	54
-0.0659711696462901	0.94088510772594	54
-0.10853356904425	1.61541470738	2425
-0.06971291102341	0.943740604994579	54
-0.0690598547775898	0.943332987473435	114
-0.0612422164282802	0.937955987231364	104
-0.0633626320875602	0.93926395821226	768
-0.0725772330458598	0.945362560628568	37
-0.0677545546631801	0.942087611195782	1179
-0.0681607569725502	0.942730672003646	33
0.01692057777878	1.38467592076614	104
-0.0785574583246098	0.948936162363971	205
-0.1118549571354	1.62044817526952	37
0.02383607759246	1.37410256719085	37
-0.11858334236863	1.63043492573554	470
0.08132545349757	1.87879659695804	89
-0.0592885814274098	0.936604988422931	386
-0.07071272339868	0.944118052299626	220
-0.0637629226344401	0.939652168969582	103
-0.0732309098378901	0.945839152787499	386
-0.0688136497159899	0.9431380459589	205
-0.0728183820203001	0.945262498978983	470
-0.10890426315647	1.61491409610747	220
-0.0732309098378901	0.945839152787499	54
0.0282140136314499	1.37065241949349	111
-0.10825600141194	1.61709651143781	1671
-0.0690598547775898	0.943332987473435	45
-0.0637629226344401	0.939652168969582	205
0.02183701226063	1.37654955202105	2287
-0.0637629226344401	0.939652168969582	129
-0.07071272339868	0.944118052299626	165
-0.1078495119449	1.61671902611004	165
-0.0701202481585899	0.943533793179382	165
-0.0690598547775898	0.943332987473435	1614
-0.06245951802953	0.938660446621569	15
-0.0637629226344401	0.939652168969582	165
-0.06059073524679	0.93759451129817	386
-0.06971291102341	0.943740604994579	1156
-0.11852658721262	1.63145394798635	89
-0.05993952365165	0.937148574407078	768
-0.0690598547775898	0.943332987473435	54
-0.0631110853575998	0.939205260748677	54
-0.0690598547775898	0.943332987473435	111
-0.0640143610876698	0.939809125258311	12
0.01543081758306	1.38676053784504	165
-0.0640143610876698	0.939809125258311	470
-0.0734719524391401	0.945962551724422	89
-0.0690598547775898	0.943332987473435	1614
-0.0690598547775898	0.943332987473435	104
-0.0688136497159899	0.9431380459589	104
-0.12091921452761	1.63531919826431	12
0.0140812534732599	1.3872872384335	45
-0.06466636020324	0.940256308265765	45
-0.0643372289192898	0.940153898818823	89
-0.06971291102341	0.943740604994579	2
-0.0631110853575998	0.939205260748677	325
-0.0637629226344401	0.939652168969582	15
-0.0725772330458598	0.945362560628568	104
0.07586452987365	1.88765840704054	54
-0.06971291102341	0.943740604994579	165
0.0762887707189099	1.88709370543111	54
-0.0694668133720899	0.943437666558306	37
-0.0690598547775898	0.943332987473435	12
-0.0637629226344401	0.939652168969582	364
-0.0701202481585899	0.943533793179382	165
-0.0656414799418701	0.941075674107423	2606
-0.05993952365165	0.937148574407078	2871
-0.0633626320875602	0.93926395821226	572
0.06688695122292	1.90481475704262	54
-0.10491355827894	1.6110576611668	54
0.01358379889679	1.38766011637115	37
-0.0631110853575998	0.939205260748677	37
-0.06059073524679	0.93759451129817	393
-0.0656414799418701	0.941075674107423	364
-0.0659711696462901	0.94088510772594	45
-0.0732309098378901	0.945839152787499	2606
-0.0690598547775898	0.943332987473435	104
-0.0631110853575998	0.939205260748677	54
-0.10650534908195	2.34351930193513	54
-0.0694668133720899	0.943437666558306	25
-0.05993952365165	0.937148574407078	1614
-0.0669468122736801	0.941470762401382	129
-0.0637629226344401	0.939652168969582	138
-0.0631110853575998	0.939205260748677	138
-0.06466636020324	0.940256308265765	165
0.0190478906501601	1.38205369530046	15
0.0208932808195701	1.37936977889785	111
-0.0653186296506201	0.940618742098066	129
-0.0631110853575998	0.939205260748677	1345
-0.0640143610876698	0.939809125258311	1411
-0.0677545546631801	0.942087611195782	325
-0.0681607569725502	0.942730672003646	15
-0.0681607569725502	0.942730672003646	104
-0.0644150300762298	0.940014395257253	101
0.0149339613182	1.38723958210759	12
-0.0644150300762298	0.940014395257253	45
-0.0681607569725502	0.942730672003646	45
-0.0643372289192898	0.940153898818823	2
-0.11476627413098	1.62613100690888	104
-0.0681607569725502	0.942730672003646	837
0.0213906902100101	1.378654955776	34
-0.0637629226344401	0.939652168969582	89
0.0740136478933799	1.89167673443995	101
-0.06750813492524	0.942214241335458	364
-0.06840706939649	0.94281622690595	165
-0.0656414799418701	0.941075674107423	104
-0.0637629226344401	0.939652168969582	37
-0.0734719524391401	0.945962551724422	37
0.0769333290411001	1.88776150858071	89
0.0756623042889599	1.88958728840633	89
-0.0640143610876698	0.939809125258311	1614
-0.0659711696462901	0.94088510772594	639
-0.0681607569725502	0.942730672003646	54
0.0253764960684699	1.3734983889003	639
-0.06245951802953	0.938660446621569	114
-0.0732309098378901	0.945839152787499	114
-0.0703662383507	0.944040384379806	393
-0.0637629226344401	0.939652168969582	37
-0.0618939674117098	0.938221719974652	428
-0.0640143610876698	0.939809125258311	2
-0.11145119192877	1.62104630259469	34
-0.0631110853575998	0.939205260748677	898
-0.0738848580729301	0.946183603921263	119
-0.0657200563202101	0.940350761816373	1085
-0.0688136497159899	0.9431380459589	468
-0.06466636020324	0.940256308265765	103
-0.0650674078992601	0.940280629174111	2261
-0.10102245086378	2.33381123824879	205
-0.0738848580729301	0.946183603921263	303
0.0190478906501601	1.38205369530046	54
0.02258837608035	1.37833374787936	54
-0.0157543045244202	2.11097515317695	2083
-0.0656414799418701	0.941075674107423	34
-0.06466636020324	0.940256308265765	1085
-0.0662940108357399	0.941374702661412	592
-0.06245951802953	0.938660446621569	2848
0.0749414861447	1.88913011201359	205
0.0744376246782199	1.89084784100577	54
-0.0644150300762298	0.940014395257253	1085
-0.0644150300762298	0.940014395257253	1085
-0.11210486294299	1.622644937007	129
-0.11233035345926	1.62106954396855	129
-0.0637629226344401	0.939652168969582	37
-0.11350096764061	1.62520319979618	101
0.02368328707289	1.37544365783482	129
-0.0637629226344401	0.939652168969582	25
-0.1156493609459	1.62615475826674	286
-0.06840706939649	0.94281622690595	129
-0.0681607569725502	0.942730672003646	25
-0.0653186296506201	0.940618742098066	25
0.0231839043719	1.37601064170697	89
0.0417934054304601	2.49082069853801	101
0.07608608490869	1.88908817038145	34
-0.0592885814274098	0.936604988422931	114
-0.11340903959513	1.623552436566	468
-0.10825600141194	1.61709651143781	2745
-0.06466636020324	0.940256308265765	942
-0.0644150300762298	0.940014395257253	129
-0.06750813492524	0.942214241335458	246
-0.0688136497159899	0.9431380459589	205
0.11179594401746	2.29927646702896	104
-0.0649892193749802	0.940669172219577	54
0.08150968706594	1.87756868671638	303
0.0785201518435099	1.88179385563912	205
-0.0734719524391401	0.945962551724422	104
-0.11057131848068	1.61915944709455	111
-0.0637629226344401	0.939652168969582	1231
-0.1156493609459	1.62615475826674	129
-0.0631110853575998	0.939205260748677	129
-0.0644150300762298	0.940014395257253	25
-0.06466636020324	0.940256308265765	12
-0.0148259616345201	2.10935069404862	104
-0.06245951802953	0.938660446621569	54
-0.0741257942525699	0.946439442110547	129
-0.0688136497159899	0.9431380459589	25
-0.0653186296506201	0.940618742098066	942
-0.06685578335733	0.941486124189967	129
-0.0633626320875602	0.93926395821226	119
-0.0659711696462901	0.94088510772594	25
0.0167015265279999	1.3830937010008	789
-0.06466636020324	0.940256308265765	12
-0.11280587448127	1.62159398567242	89
-0.06750813492524	0.942214241335458	1667
-0.06971291102341	0.943740604994579	1231
-0.06971291102341	0.943740604994579	119
0.0200440319435999	1.38090813566191	15
0.0458478021616	2.48408391914434	104
-0.0703662383507	0.944040384379806	101
-0.0640143610876698	0.939809125258311	1231
-0.06466636020324	0.940256308265765	129
-0.0747799076795701	0.946784087871086	129
-0.0783227931876902	0.948752939747056	25
-0.06750813492524	0.942214241335458	1605
0.0223369845166199	1.3760599132279	15
-0.11811076151561	1.63005742992699	111
-0.06750813492524	0.942214241335458	34
-0.06750813492524	0.942214241335458	129
-0.0703662383507	0.944040384379806	677
-0.0640143610876698	0.939809125258311	12
0.08186188789191	1.87620355873699	111
-0.0653186296506201	0.940618742098066	119
-0.06245951802953	0.938660446621569	12
-0.0657200563202101	0.940350761816373	1669
-0.06840706939649	0.94281622690595	25
-0.0612422164282802	0.937955987231364	12
0.0195460292420799	1.38152514643932	205
-0.0627111729868299	0.93851397341819	15
-0.0637629226344401	0.939652168969582	119
-0.0649892193749802	0.940669172219577	104
-0.0631110853575998	0.939205260748677	119
-0.0637629226344401	0.939652168969582	104
-0.0640143610876698	0.939809125258311	34
-0.0637629226344401	0.939652168969582	129
-0.0640143610876698	0.939809125258311	865
-0.06971291102341	0.943740604994579	2291
-0.0681607569725502	0.942730672003646	119
-0.0272301219171802	2.13564623163945	205
-0.0681607569725502	0.942730672003646	164
-0.11381874310847	1.62464138968023	15
0.0200440319435999	1.38090813566191	34
-0.0649892193749802	0.940669172219577	129
-0.0633626320875602	0.93926395821226	129
-0.0653186296506201	0.940618742098066	677
-0.0650674078992601	0.940280629174111	883
-0.0612422164282802	0.937955987231364	432
-0.11758122233325	1.63005187050678	54
-0.0681607569725502	0.942730672003646	34
-0.0640143610876698	0.939809125258311	34
-0.0650674078992601	0.940280629174111	239
-0.0659711696462901	0.94088510772594	104
-0.06245951802953	0.938660446621569	432
-0.11002656819612	1.61886370374883	34
-0.0640143610876698	0.939809125258311	119
-0.0649892193749802	0.940669172219577	491
-0.0586379083588899	0.935857288681103	104
0.01592753903552	1.38618218661136	104
-0.10856660984536	2.34827693993468	104
-0.0644150300762298	0.940014395257253	457
0.0704933227537901	1.89798008648489	205
-0.06971291102341	0.943740604994579	104
0.0113387257537401	1.39165192370757	119
0.0228368194428501	1.37549266261625	104
-0.0637629226344401	0.939652168969582	129
-0.0631110853575998	0.939205260748677	129
-0.0637629226344401	0.939652168969582	934
-0.0688136497159899	0.9431380459589	164
-0.0738848580729301	0.946183603921263	104
0.0186967293545299	1.38157328801807	104
-0.0637629226344401	0.939652168969582	129
-0.06466636020324	0.940256308265765	111
-0.0592885814274098	0.936604988422931	111
-0.06840706939649	0.94281622690595	213
-0.0631110853575998	0.939205260748677	205
0.02407671851069	1.37675695913956	205
-0.06466636020324	0.940256308265765	2
-0.0649892193749802	0.940669172219577	449
-0.0650674078992601	0.940280629174111	129
-0.06059073524679	0.93759451129817	934
-0.0637629226344401	0.939652168969582	12
-0.0732309098378901	0.945839152787499	282
-0.05993952365165	0.937148574407078	125
0.0200440319435999	1.38090813566191	205
-0.0653186296506201	0.940618742098066	934
-0.0640143610876698	0.939809125258311	213
0.01805120551323	1.38283447856767	2
0.0145785728464301	1.38680784479748	282
-0.0738848580729301	0.946183603921263	176
-0.0637629226344401	0.939652168969582	239
-0.0139929580990401	2.10979330010416	104
-0.06840706939649	0.94281622690595	119
-0.0659711696462901	0.94088510772594	285
-0.0631110853575998	0.939205260748677	282
-0.0640143610876698	0.939809125258311	104
-0.0677545546631801	0.942087611195782	213
-0.0649892193749802	0.940669172219577	282
-0.0637629226344401	0.939652168969582	1422
-0.0653186296506201	0.940618742098066	213
0.01183412700859	1.39112316923836	205
-0.0640143610876698	0.939809125258311	205
-0.0633626320875602	0.93926395821226	282
-0.0734719524391401	0.945962551724422	205
-0.0653186296506201	0.940618742098066	44
-0.0631110853575998	0.939205260748677	98
0.01692057777878	1.38467592076614	54
-0.06245951802953	0.938660446621569	25
-0.0776679571921402	0.948339279711289	934
0.0199618101672301	1.38202876046822	282
0.01452185456346	1.38824908859247	2714
-0.0725772330458598	0.945362560628568	2714
-0.0747799076795701	0.946784087871086	4
-0.0631110853575998	0.939205260748677	205
-0.0653186296506201	0.940618742098066	1022
-0.0178693462800799	2.11862278621283	54
-0.0650674078992601	0.940280629174111	213
-0.11485968205888	1.62687506846504	104
0.0767885941772899	1.88498368277718	111
-0.0633626320875602	0.93926395821226	54
-0.0592885814274098	0.936604988422931	114
-0.0688136497159899	0.9431380459589	183
-0.11050131843674	1.61970282141278	76
-0.06466636020324	0.940256308265765	332
-0.0690598547775898	0.943332987473435	104
-0.0690598547775898	0.943332987473435	786
-0.06840706939649	0.94281622690595	104
-0.0649892193749802	0.940669172219577	934
0.0216849338923399	1.37722233438997	282
-0.0640143610876698	0.939809125258311	299
-0.0688136497159899	0.9431380459589	205
-0.0633626320875602	0.93926395821226	104
-0.0644150300762298	0.940014395257253	25
-0.06466636020324	0.940256308265765	213
-0.0694668133720899	0.943437666558306	213
-0.0631110853575998	0.939205260748677	213
-0.0681607569725502	0.942730672003646	332
-0.0653186296506201	0.940618742098066	332
-0.06840706939649	0.94281622690595	299
-0.109203678348	1.61803910279418	454
-0.05993952365165	0.937148574407078	104
-0.0656414799418701	0.941075674107423	213
-0.0681607569725502	0.942730672003646	183
-0.0659711696462901	0.94088510772594	98
-0.0725772330458598	0.945362560628568	104
-0.0688136497159899	0.9431380459589	104
-0.0703662383507	0.944040384379806	1436
-0.0688136497159899	0.9431380459589	624
-0.0627111729868299	0.93851397341819	104
0.07332934538851	1.89311709893972	1443
-0.0190755466721502	2.11956058295259	334
-0.0234380825238199	2.12870631605461	934
-0.0644150300762298	0.940014395257253	98
-0.0779028322587498	0.948275927315441	4
-0.0681607569725502	0.942730672003646	934
-0.0612422164282802	0.937955987231364	213
-0.0644150300762298	0.940014395257253	910
-0.0618082204343899	0.937910978925819	239
-0.0732309098378901	0.945839152787499	2900
-0.0796608355500901	0.94915050384982	454
-0.0633626320875602	0.93926395821226	164
-0.0167000784728901	2.11551994692942	213
-0.0649892193749802	0.940669172219577	76
-0.0637629226344401	0.939652168969582	76
-0.11571429924121	1.62716626457585	104
-0.06971291102341	0.943740604994579	129
-0.0637629226344401	0.939652168969582	213
-0.06059073524679	0.93759451129817	104
0.0673364409235799	1.90346486251928	104
-0.06971291102341	0.943740604994579	104
-0.0612422164282802	0.937955987231364	129
-0.06466636020324	0.940256308265765	25
-0.0732309098378901	0.945839152787499	25
-0.0741257942525699	0.946439442110547	12
-0.0637629226344401	0.939652168969582	282
-0.0656414799418701	0.941075674107423	213
-0.0681607569725502	0.942730672003646	282
-0.11104604375133	1.61968266569661	54
-0.0649892193749802	0.940669172219577	213
0.0147938949025099	1.38629859598647	12
-0.0688136497159899	0.9431380459589	1436
-0.11666281892167	1.62767937148601	183
0.0186150066472499	1.38335476852454	164
-0.0586379083588899	0.935857288681103	550
-0.0703662383507	0.944040384379806	112
-0.0612422164282802	0.937955987231364	213
-0.07101983697742	0.944136510769066	282
-0.11145119192877	1.62104630259469	183
-0.06750813492524	0.942214241335458	454
-0.0640143610876698	0.939809125258311	104
-0.0690598547775898	0.943332987473435	104
-0.06840706939649	0.94281622690595	54
-0.0785574583246098	0.948936162363971	358
-0.0631110853575998	0.939205260748677	550
-0.06750813492524	0.942214241335458	34
-0.0637629226344401	0.939652168969582	213
-0.06059073524679	0.93759451129817	183
-0.0690598547775898	0.943332987473435	282
-0.0653186296506201	0.940618742098066	44
-0.0688136497159899	0.9431380459589	104
0.0113387257537401	1.39165192370757	54
0.02407671851069	1.37675695913956	112
-0.0694668133720899	0.943437666558306	703
0.0208932808195701	1.37936977889785	729
-0.0725772330458598	0.945362560628568	104
0.0762887707189099	1.88709370543111	54
0.0198980554594499	1.38051330412041	112
-0.0637629226344401	0.939652168969582	129
0.0734148704166899	1.89406443318156	114
-0.0747799076795701	0.946784087871086	76
-0.0700594139401498	0.943774314067002	114
-0.06840706939649	0.94281622690595	25
0.0802864504993399	1.87882693805344	729
-0.0656414799418701	0.941075674107423	54
-0.11280587448127	1.62159398567242	112
-0.10794951802624	1.61367875000037	129
-0.06466636020324	0.940256308265765	119
-0.0690598547775898	0.943332987473435	25
-0.0681607569725502	0.942730672003646	213
0.02039573592608	1.37998569130634	239
-0.0690598547775898	0.943332987473435	54
-0.06245951802953	0.938660446621569	1593
-0.0640143610876698	0.939809125258311	164
-0.10535149951749	2.3418532676218	391
-0.0687536073577699	0.942600843001363	164
-0.06971291102341	0.943740604994579	54
-0.0681607569725502	0.942730672003646	301
-0.0644150300762298	0.940014395257253	1152
-0.10690288130134	1.61557973864477	104
-0.11470102590325	1.62466485815323	54
-0.0618939674117098	0.938221719974652	76
-0.06750813492524	0.942214241335458	164
-0.0741257942525699	0.946439442110547	239
-0.0625459884130399	0.938291857603759	2
-0.10872977809446	1.61761840212171	358
0.0253764960684699	1.3734983889003	282
-0.06466636020324	0.940256308265765	239
-0.06940637533254	0.94329877880574	20
-0.07101983697742	0.944136510769066	76
-0.06840706939649	0.94281622690595	164
-0.0644150300762298	0.940014395257253	104
-0.0633626320875602	0.93926395821226	729
-0.0792123565324401	0.949349959309328	1178
-0.10853356904425	1.61541470738	1178
-0.06466636020324	0.940256308265765	301
-0.0703662383507	0.944040384379806	183
0.01543081758306	1.38676053784504	76
0.0205418988250801	1.38019203251259	299
-0.0792123565324401	0.949349959309328	114
-0.0653186296506201	0.940618742098066	213
-0.0633626320875602	0.93926395821226	2
-0.0688136497159899	0.9431380459589	76
-0.0156120555944899	2.10805434740123	307
-0.06971291102341	0.943740604994579	299
-0.0649892193749802	0.940669172219577	299
-0.0631110853575998	0.939205260748677	897
-0.01357567179324	2.10880592847139	301
-0.0637629226344401	0.939652168969582	213
-0.0700594139401498	0.943774314067002	76
-0.0690598547775898	0.943332987473435	1806
-0.0637629226344401	0.939652168969582	164
-0.0690598547775898	0.943332987473435	1931
0.0186967293545299	1.38157328801807	415
-0.0690598547775898	0.943332987473435	76
-0.0734719524391401	0.945962551724422	1801
-0.0592885814274098	0.936604988422931	164
-0.10595674341948	1.614025566873	164
0.11174289706001	2.29821441483275	913
-0.0751728847651298	0.94670504761011	301
-0.0618939674117098	0.938221719974652	1173
-0.0738848580729301	0.946183603921263	581
-0.0631110853575998	0.939205260748677	3055
-0.0690598547775898	0.943332987473435	54
-0.0694668133720899	0.943437666558306	213
-0.06466636020324	0.940256308265765	213
-0.10778234824004	1.61647787762797	213
-0.0644150300762298	0.940014395257253	729
-0.0640143610876698	0.939809125258311	84
-0.06840706939649	0.94281622690595	25
0.00875258867744	1.39448141552319	1178
-0.0690598547775898	0.943332987473435	84
0.07760288425619	1.88195998146253	391
0.0194002393494701	1.3809525587901	54
-0.11192631530211	1.621570427363	54
-0.0653186296506201	0.940618742098066	415
-0.0644150300762298	0.940014395257253	213
0.0130862090477299	1.38789623471759	54
0.0208932808195701	1.37936977889785	134
-0.0783227931876902	0.948752939747056	1173
-0.0637629226344401	0.939652168969582	213
-0.0662940108357399	0.941374702661412	1227
0.02622420947563	1.37275328495227	299
-0.0144085144124202	2.10884016100223	299
-0.0640143610876698	0.939809125258311	84
-0.06840706939649	0.94281622690595	84
-0.10805646054945	1.61492935233371	84
-0.0741257942525699	0.946439442110547	104
-0.06245951802953	0.938660446621569	1748
-0.0637629226344401	0.939652168969582	129
-0.0688136497159899	0.9431380459589	46
-0.06971291102341	0.943740604994579	213
0.0172005317936501	1.38288375125011	183
-0.0688136497159899	0.9431380459589	358
-0.0618082204343899	0.937910978925819	164
-0.0637629226344401	0.939652168969582	164
0.0186967293545299	1.38157328801807	550
-0.0637629226344401	0.939652168969582	54
0.07176536390415	1.89561683716797	134
-0.0633626320875602	0.93926395821226	299
-0.0734719524391401	0.945962551724422	84
-0.0631110853575998	0.939205260748677	406
-0.0741257942525699	0.946439442110547	203
0.01543081758306	1.38676053784504	299
-0.06971291102341	0.943740604994579	54
-0.0690598547775898	0.943332987473435	134
-0.0690598547775898	0.943332987473435	76
-0.0728183820203001	0.945262498978983	203
0.01131160396343	1.39213581375149	84
-0.0631110853575998	0.939205260748677	913
-0.0747799076795701	0.946784087871086	415
-0.06466636020324	0.940256308265765	2405
-0.0139929580990401	2.10979330010416	1140
-0.0612422164282802	0.937955987231364	76
-0.06466636020324	0.940256308265765	729
-0.0681607569725502	0.942730672003646	292
-0.06971291102341	0.943740604994579	112
-0.06971291102341	0.943740604994579	2470
-0.07101983697742	0.944136510769066	54
-0.0637629226344401	0.939652168969582	1480
-0.0633626320875602	0.93926395821226	2
0.0205418988250801	1.38019203251259	183
-0.06750813492524	0.942214241335458	76
0.0744376246782199	1.89084784100577	248
-0.06750813492524	0.942214241335458	84
0.0268704169679299	1.37204058935914	54
0.0198980554594499	1.38051330412041	215
-0.10356309404426	1.60959604162664	112
-0.0644150300762298	0.940014395257253	112
-0.0640143610876698	0.939809125258311	112
-0.06971291102341	0.943740604994579	54
-0.06059073524679	0.93759451129817	1140
-0.06466636020324	0.940256308265765	76
-0.0690598547775898	0.943332987473435	84
-0.06466636020324	0.940256308265765	112
-0.0631110853575998	0.939205260748677	112
-0.0644150300762298	0.940014395257253	112
-0.0690598547775898	0.943332987473435	112
-0.10703199450799	1.61602134028599	54
-0.0659711696462901	0.94088510772594	1140
-0.0659711696462901	0.94088510772594	27
-0.11057131848068	1.61915944709455	292
0.0721601476952101	1.89333081207878	248
-0.06466636020324	0.940256308265765	84
-0.06685578335733	0.941486124189967	2589
-0.06971291102341	0.943740604994579	151
-0.0681607569725502	0.942730672003646	151
-0.11068794884535	1.62127907552867	54
-0.0659711696462901	0.94088510772594	46
0.0131841853992001	1.3889251953923	54
-0.0681607569725502	0.942730672003646	54
-0.06245951802953	0.938660446621569	54
-0.0653186296506201	0.940618742098066	112
-0.0618082204343899	0.937910978925819	170
-0.0659711696462901	0.94088510772594	112
-0.0633626320875602	0.93926395821226	292
-0.06466636020324	0.940256308265765	1488
-0.06840706939649	0.94281622690595	151
-0.0631110853575998	0.939205260748677	54
0.02303295424481	1.37537582790628	54
0.0233365171109401	1.37484438353296	2026
-0.09968809289408	2.32989364930701	299
0.0199618101672301	1.38202876046822	54
-0.0681607569725502	0.942730672003646	54
-0.11659819112418	1.62719067436542	2183
-0.0653186296506201	0.940618742098066	213
-0.06245951802953	0.938660446621569	44
-0.0644150300762298	0.940014395257253	112
-0.06971291102341	0.943740604994579	54
-0.0637629226344401	0.939652168969582	1408
-0.0618939674117098	0.938221719974652	84
0.08452229355754	1.87182281828856	54
-0.0637629226344401	0.939652168969582	2183
-0.0725772330458598	0.945362560628568	129
-0.0694668133720899	0.943437666558306	151
-0.0681607569725502	0.942730672003646	25
-0.0703662383507	0.944040384379806	76
-0.0690598547775898	0.943332987473435	114
-0.06466636020324	0.940256308265765	54
-0.0688136497159899	0.9431380459589	134
-0.0586379083588899	0.935857288681103	2028
-0.0703662383507	0.944040384379806	46
0.0167797347705101	1.38463612818679	84
-0.06750813492524	0.942214241335458	54
-0.0653186296506201	0.940618742098066	54
-0.06059073524679	0.93759451129817	25
-0.0741257942525699	0.946439442110547	2028
-0.0659711696462901	0.94088510772594	203
0.0231839043719	1.37601064170697	54
-0.06971291102341	0.943740604994579	112
-0.0659711696462901	0.94088510772594	2028
-0.0688136497159899	0.9431380459589	2225
-0.0653186296506201	0.940618742098066	426
-0.0637629226344401	0.939652168969582	151
-0.06245951802953	0.938660446621569	54
-0.0653186296506201	0.940618742098066	54
-0.06750813492524	0.942214241335458	183
-0.12131273215265	1.63521193583885	84
-0.06466636020324	0.940256308265765	819
-0.0637629226344401	0.939652168969582	54
-0.0637629226344401	0.939652168969582	151
-0.06466636020324	0.940256308265765	54
-0.0640143610876698	0.939809125258311	54
-0.06750813492524	0.942214241335458	25
-0.0637629226344401	0.939652168969582	1904
-0.10872977809446	1.61761840212171	292
-0.0688136497159899	0.9431380459589	241
-0.0690598547775898	0.943332987473435	241
-0.10595674341948	1.614025566873	913
-0.06840706939649	0.94281622690595	54
-0.0644150300762298	0.940014395257253	54
-0.0644150300762298	0.940014395257253	151
-0.0637629226344401	0.939652168969582	112
-0.0148278398294099	2.11143059271963	54
-0.11145119192877	1.62104630259469	54
0.01692057777878	1.38467592076614	84
-0.1153310443036	1.62750724939671	248
-0.0690598547775898	0.943332987473435	213
-0.0690598547775898	0.943332987473435	151
-0.0703662383507	0.944040384379806	1964
-0.06971291102341	0.943740604994579	183
-0.0631110853575998	0.939205260748677	307
-0.0754342929376102	0.946913150792079	84
-0.0631110853575998	0.939205260748677	292
0.11286590789056	2.29566358948406	84
-0.06750813492524	0.942214241335458	54
-0.06840706939649	0.94281622690595	183
-0.0637629226344401	0.939652168969582	819
-0.0703662383507	0.944040384379806	793
-0.0690598547775898	0.943332987473435	54
-0.0207473541966898	2.12314616084244	54
-0.0688136497159899	0.9431380459589	54
-0.11097619299396	1.62042517081968	241
-0.10651831881399	1.61103447676926	84
0.07173574298728	1.89404986853466	54
-0.07453907796822	0.946312639645579	151
-0.10985949869581	1.61579078224378	151
-0.0653186296506201	0.940618742098066	151
-0.0700594139401498	0.943774314067002	847
-0.0653186296506201	0.940618742098066	46
-0.06466636020324	0.940256308265765	183
-0.0631110853575998	0.939205260748677	54
0.0181981331361201	1.38210214104302	151
-0.1040375073695	1.61016537546993	54
0.0240312243848599	1.37447996918267	54
-0.0653186296506201	0.940618742098066	54
-0.0640143610876698	0.939809125258311	54
-0.0688136497159899	0.9431380459589	847
-0.06466636020324	0.940256308265765	1082
-0.0734719524391401	0.945962551724422	84
-0.0659711696462901	0.94088510772594	151
-0.0653186296506201	0.940618742098066	54
-0.0650674078992601	0.940280629174111	1082
-0.11137968544856	1.61972567255462	54
-0.06685578335733	0.941486124189967	54
-0.0653186296506201	0.940618742098066	46
-0.06059073524679	0.93759451129817	2543
-0.0662940108357399	0.941374702661412	241
-0.0627111729868299	0.93851397341819	54
0.0145785728464301	1.38680784479748	151
-0.0734719524391401	0.945962551724422	151
0.02721938271942	1.37186117595459	213
0.02383607759246	1.37410256719085	342
-0.06971291102341	0.943740604994579	426
-0.0703662383507	0.944040384379806	847
0.02303295424481	1.37537582790628	46
0.02133690260321	1.37695805485565	1034
-0.0653186296506201	0.940618742098066	342
-0.0653186296506201	0.940618742098066	1099
-0.06750813492524	0.942214241335458	151
-0.0134941817261902	2.10585387948307	54
0.01443697017032	1.38761202612123	54
-0.06466636020324	0.940256308265765	134
-0.06971291102341	0.943740604994579	213
-0.06059073524679	0.93759451129817	342
-0.0653186296506201	0.940618742098066	426
0.0258746056466299	1.37309226753626	171
0.0749414861447	1.88913011201359	54
-0.0640143610876698	0.939809125258311	213
0.01393984407039	1.38784760249215	342
0.0149339613182	1.38723958210759	721
0.0113387257537401	1.39165192370757	171
-0.0681607569725502	0.942730672003646	54
-0.06466636020324	0.940256308265765	847
-0.06059073524679	0.93759451129817	46
-0.0612422164282802	0.937955987231364	1082
-0.06466636020324	0.940256308265765	426
-0.0732309098378901	0.945839152787499	171
0.0727410816509899	1.89350664724379	54
-0.06840706939649	0.94281622690595	3008
-0.0732309098378901	0.945839152787499	85
0.02418253283009	1.37479558124171	54
-0.07453907796822	0.946312639645579	3008
-0.0657200563202101	0.940350761816373	406
-0.10914788749864	1.61698074759317	54
-0.10778234824004	1.61647787762797	54
-0.0688136497159899	0.9431380459589	54
-0.06750813492524	0.942214241335458	339
-0.10750268389919	1.61669800855535	46
-0.06840706939649	0.94281622690595	1805
-0.0644150300762298	0.940014395257253	1990
0.0793314955111599	1.88002927618019	913
-0.0625459884130399	0.938291857603759	54
-0.0751728847651298	0.94670504761011	54
-0.1040375073695	1.61016537546993	54
-0.0656414799418701	0.941075674107423	54
-0.10872977809446	1.61761840212171	54
0.0186967293545299	1.38157328801807	54
-0.0690598547775898	0.943332987473435	54
0.0752384179038299	1.88996445776625	339
-0.06750813492524	0.942214241335458	46
0.07878462634152	1.8837493809737	819
-0.0644150300762298	0.940014395257253	54
-0.10939181252979	2.34929470532099	54
-0.0631110853575998	0.939205260748677	54
-0.06750813492524	0.942214241335458	406
-0.11050131843674	1.61970282141278	84
0.0240312243848599	1.37447996918267	721
-0.06840706939649	0.94281622690595	203
-0.0659711696462901	0.94088510772594	402
-0.0690598547775898	0.943332987473435	241
-0.0681607569725502	0.942730672003646	241
-0.10938181959543	1.61539985204404	721
-0.0637629226344401	0.939652168969582	54
-0.06840706939649	0.94281622690595	1386
-0.06840706939649	0.94281622690595	357
-0.0633626320875602	0.93926395821226	84
-0.10625530550855	1.61186088566753	54
-0.0637629226344401	0.939652168969582	54
-0.07101983697742	0.944136510769066	54
-0.0650674078992601	0.940280629174111	500
0.11696836894702	2.28554127879647	241
-0.0211655644378199	2.1237458758369	1212
-0.10586354776635	1.61192726788681	171
-0.1118549571354	1.62044817526952	1099
-0.0703662383507	0.944040384379806	297
0.00998741610331	1.39211014959794	84
0.0231839043719	1.37601064170697	54
-0.06971291102341	0.943740604994579	46
0.0240312243848599	1.37447996918267	1588
-0.0653186296506201	0.940618742098066	262
-0.06840706939649	0.94281622690595	2437
-0.0681607569725502	0.942730672003646	2
-0.0640143610876698	0.939809125258311	84
0.11226191663166	2.2957160557259	721
-0.0631110853575998	0.939205260748677	54
-0.0637629226344401	0.939652168969582	262
-0.0732309098378901	0.945839152787499	357
-0.0734719524391401	0.945962551724422	84
-0.0734719524391401	0.945962551724422	46
-0.1118549571354	1.62044817526952	357
-0.0640143610876698	0.939809125258311	339
-0.0637629226344401	0.939652168969582	262
-0.0681607569725502	0.942730672003646	357
-0.06750813492524	0.942214241335458	54
-0.06466636020324	0.940256308265765	54
-0.0631110853575998	0.939205260748677	339
-0.0653186296506201	0.940618742098066	339
-0.0631110853575998	0.939205260748677	797
-0.05993952365165	0.937148574407078	794
-0.0725772330458598	0.945362560628568	54
0.0268704169679299	1.37204058935914	339
0.02303295424481	1.37537582790628	262
0.0190478906501601	1.38205369530046	357
-0.06840706939649	0.94281622690595	194
-0.0149191993972799	2.10985093945685	339
-0.0690598547775898	0.943332987473435	84
-0.06466636020324	0.940256308265765	2241
-0.0688136497159899	0.9431380459589	634
-0.06750813492524	0.942214241335458	262
0.02368328707289	1.37544365783482	54
-0.06971291102341	0.943740604994579	54
0.0228368194428501	1.37549266261625	54
-0.06662398040717	0.940955218026655	794
-0.0637629226344401	0.939652168969582	794
0.01727585850522	1.38395253157526	339
-0.0703662383507	0.944040384379806	1582
-0.10794951802624	1.61367875000037	112
-0.06971291102341	0.943740604994579	54
-0.05993952365165	0.937148574407078	54
0.0226843846557701	1.37649995230922	339
-0.06245951802953	0.938660446621569	794
-0.06466636020324	0.940256308265765	262
-0.11170515969031	2.35317175694059	84
-0.11858869447646	1.63198969713295	208
-0.06662398040717	0.940955218026655	54
-0.0640143610876698	0.939809125258311	194
-0.0677545546631801	0.942087611195782	84
0.01969351323918	1.38023978495883	208
-0.06971291102341	0.943740604994579	721
0.0240312243848599	1.37447996918267	54
-0.06971291102341	0.943740604994579	54
-0.0659711696462901	0.94088510772594	339
-0.0637629226344401	0.939652168969582	262
-0.06971291102341	0.943740604994579	69
-0.06840706939649	0.94281622690595	54
-0.06245951802953	0.938660446621569	182
-0.10366023096358	2.33952114736919	54
0.0190478906501601	1.38205369530046	339
-0.10985949869581	1.61579078224378	84
0.10781775946099	2.30811292404935	84
-0.0193041252264101	2.1223266193333	241
-0.10510117352045	2.34097074164804	84
-0.0633626320875602	0.93926395821226	208
-0.0644150300762298	0.940014395257253	1297
-0.06750813492524	0.942214241335458	208
0.0195460292420799	1.38152514643932	241
-0.0653186296506201	0.940618742098066	250
-0.0694668133720899	0.943437666558306	54
-0.0688136497159899	0.9431380459589	46
-0.0251875435197899	2.13237110822772	171
-0.0785574583246098	0.948936162363971	54
0.0787085594139001	1.88300956361306	54
-0.0653186296506201	0.940618742098066	339
-0.0644150300762298	0.940014395257253	262
-0.0738848580729301	0.946183603921263	241
-0.06466636020324	0.940256308265765	54
-0.0747799076795701	0.946784087871086	262
-0.06466636020324	0.940256308265765	357
-0.1156493609459	1.62615475826674	54
-0.0644150300762298	0.940014395257253	339
-0.0644150300762298	0.940014395257253	339
-0.06466636020324	0.940256308265765	357
-0.0690598547775898	0.943332987473435	406
-0.0644150300762298	0.940014395257253	54
0.02457256380891	1.37604437138232	46
-0.06059073524679	0.93759451129817	46
-0.10938181959543	1.61539985204404	54
-0.0653186296506201	0.940618742098066	54
-0.0637629226344401	0.939652168969582	46
-0.0681607569725502	0.942730672003646	41
-0.0650674078992601	0.940280629174111	208
-0.10897916126099	2.34885210463671	54
-0.0662940108357399	0.941374702661412	54
-0.0640143610876698	0.939809125258311	357
-0.0690598547775898	0.943332987473435	69
-0.1109444804477	2.35395376197899	84
-0.0644150300762298	0.940014395257253	171
-0.07071272339868	0.944118052299626	54
-0.06971291102341	0.943740604994579	54
-0.0637629226344401	0.939652168969582	41
0.0185496160973699	1.38249372342683	1206
0.11293413073798	2.29381067320941	208
0.02218472785307	1.37690806291492	208
0.0167015265279999	1.3830937010008	54
0.07760288425619	1.88195998146253	54
-0.0653186296506201	0.940618742098066	426
0.0231839043719	1.37601064170697	208
-0.0178693462800799	2.11862278621283	84
-0.0653186296506201	0.940618742098066	54
0.0181197347819699	1.38383159430176	85
-0.0637629226344401	0.939652168969582	54
-0.0612422164282802	0.937955987231364	351
-0.0681607569725502	0.942730672003646	1061
-0.0656414799418701	0.941075674107423	84
-0.0703662383507	0.944040384379806	208
-0.0703662383507	0.944040384379806	208
-0.06971291102341	0.943740604994579	339
0.021655243528	1.37955775089439	84
-0.0168222708519701	2.11369212114205	297
-0.0640143610876698	0.939809125258311	2554
-0.0644150300762298	0.940014395257253	54
-0.06840706939649	0.94281622690595	54
-0.0618939674117098	0.938221719974652	54
-0.10710261042211	1.61369458330834	54
-0.0650674078992601	0.940280629174111	54
-0.06971291102341	0.943740604994579	339
0.0191951893653299	1.38095604331025	84
-0.11002656819612	1.61886370374883	1206
-0.06466636020324	0.940256308265765	54
-0.0732309098378901	0.945839152787499	54
-0.0640143610876698	0.939809125258311	262
-0.0688136497159899	0.9431380459589	219
-0.0681607569725502	0.942730672003646	182
-0.0659711696462901	0.94088510772594	203
-0.11476627413098	1.62613100690888	54
-0.06466636020324	0.940256308265765	339
-0.0747799076795701	0.946784087871086	474
-0.06059073524679	0.93759451129817	208
0.02273155606128	1.37811833610894	54
-0.0592885814274098	0.936604988422931	54
-0.0741257942525699	0.946439442110547	54
-0.06971291102341	0.943740604994579	1123
-0.0656414799418701	0.941075674107423	262
0.11033946461085	2.30277866709691	951
-0.06466636020324	0.940256308265765	46
-0.0640143610876698	0.939809125258311	46
-0.06466636020324	0.940256308265765	351
-0.0631110853575998	0.939205260748677	262
-0.11240156317511	1.62199308544587	455
-0.0199112438369902	2.12160011621841	54
0.01712878975117	1.38443612223789	54
-0.0653186296506201	0.940618742098066	339
-0.0644150300762298	0.940014395257253	84
-0.11050131843674	1.61970282141278	455
-0.0688136497159899	0.9431380459589	54
0.0708866149974801	1.89516240354868	84
-0.0734719524391401	0.945962551724422	54
-0.0644150300762298	0.940014395257253	262
-0.0653186296506201	0.940618742098066	84
-0.0640143610876698	0.939809125258311	54
-0.0631110853575998	0.939205260748677	1123
-0.0637629226344401	0.939652168969582	84
-0.06750813492524	0.942214241335458	455
-0.0633626320875602	0.93926395821226	455
-0.06466636020324	0.940256308265765	455
-0.10673172162688	1.61252102815744	54
-0.0741257942525699	0.946439442110547	46
-0.0643372289192898	0.940153898818823	351
-0.0650674078992601	0.940280629174111	351
-0.0690598547775898	0.943332987473435	262
-0.0656414799418701	0.941075674107423	54
-0.0681607569725502	0.942730672003646	208
-0.06466636020324	0.940256308265765	1657
-0.0703662383507	0.944040384379806	351
-0.0640143610876698	0.939809125258311	351
-0.0644150300762298	0.940014395257253	182
-0.0631110853575998	0.939205260748677	951
0.0245301543686201	1.37391398334647	84
-0.05993952365165	0.937148574407078	455
-0.10794951802624	1.61367875000037	54
0.02407671851069	1.37675695913956	85
0.07266214001951	1.89387624722343	46
-0.06971291102341	0.943740604994579	351
-0.0732309098378901	0.945839152787499	203
0.0208932808195701	1.37936977889785	951
-0.11612371411284	1.62672787218069	84
0.12417508087809	2.26885622705055	84
-0.0207473541966898	2.12314616084244	455
-0.0649892193749802	0.940669172219577	262
-0.0785574583246098	0.948936162363971	1397
-0.06685578335733	0.941486124189967	41
-0.11524022489499	1.62670383713992	455
-0.11280587448127	1.62159398567242	54
-0.0637629226344401	0.939652168969582	566
-0.0640143610876698	0.939809125258311	1657
-0.1156493609459	1.62615475826674	951
0.10991280743492	2.30218930413734	951
-0.10468898921284	2.34010075615245	84
-0.0206439967377601	2.12357152797594	1206
-0.11638627619046	2.36403724878715	455
-0.10029053362889	2.32967590001786	54
0.0228368194428501	1.37549266261625	54
-0.0637629226344401	0.939652168969582	351
-0.06971291102341	0.943740604994579	41
0.11694902517154	2.28816992293608	84
0.0172005317936501	1.38288375125011	1206
-0.0167867955195198	2.1149197257774	1206
-0.0650674078992601	0.940280629174111	455
-0.10407193418188	2.34046114221224	54
-0.0694668133720899	0.943437666558306	54
-0.06466636020324	0.940256308265765	54
-0.0612422164282802	0.937955987231364	566
-0.0681607569725502	0.942730672003646	41
-0.0640143610876698	0.939809125258311	1206
-0.0703662383507	0.944040384379806	40
-0.0703662383507	0.944040384379806	84
0.11469873766612	2.29308638991385	455
-0.10901079990502	1.61580515622543	1951
0.02039573592608	1.37998569130634	54
-0.0690598547775898	0.943332987473435	1049
-0.0656414799418701	0.941075674107423	203
-0.0734719524391401	0.945962551724422	29
-0.0703662383507	0.944040384379806	54
0.0131841853992001	1.3889251953923	54
-0.0690598547775898	0.943332987473435	351
-0.0637629226344401	0.939652168969582	455
-0.0644150300762298	0.940014395257253	1951
-0.06466636020324	0.940256308265765	54
0.04129520865731	2.49258676571619	54
-0.0637629226344401	0.939652168969582	46
-0.0681607569725502	0.942730672003646	351
-0.0785574583246098	0.948936162363971	84
0.0222349820055601	1.37864455314326	84
-0.0703662383507	0.944040384379806	54
-0.06971291102341	0.943740604994579	41
-0.0643372289192898	0.940153898818823	41
-0.0592885814274098	0.936604988422931	84
-0.10710261042211	1.61369458330834	84
-0.11811076151561	1.63005742992699	84
-0.0719238274780598	0.944662982400141	84
0.0764289771383799	1.88742948968109	455
-0.06466636020324	0.940256308265765	54
-0.10690288130134	1.61557973864477	731
-0.0631110853575998	0.939205260748677	208
-0.0631110853575998	0.939205260748677	1951
-0.0694668133720899	0.943437666558306	54
-0.0792123565324401	0.949349959309328	41
-0.0681607569725502	0.942730672003646	84
-0.10955194221116	1.61786682158562	731
-0.0732309098378901	0.945839152787499	54
-0.0732309098378901	0.945839152787499	54
-0.0732309098378901	0.945839152787499	54
0.0145785728464301	1.38680784479748	986
-0.0657200563202101	0.940350761816373	566
-0.06466636020324	0.940256308265765	41
-0.0703662383507	0.944040384379806	262
-0.06466636020324	0.940256308265765	557
-0.0631110853575998	0.939205260748677	472
-0.1075794743617	1.6143559414145	84
0.0235807388360001	1.37737076084088	510
-0.0659711696462901	0.94088510772594	1951
-0.0681607569725502	0.942730672003646	566
-0.0637629226344401	0.939652168969582	71
-0.0659711696462901	0.94088510772594	351
-0.0653186296506201	0.940618742098066	208
0.0131841853992001	1.3889251953923	54
-0.0703662383507	0.944040384379806	54
-0.0631110853575998	0.939205260748677	351
-0.0637629226344401	0.939652168969582	1951
-0.06245951802953	0.938660446621569	54
-0.11160318532865	2.35442371792394	84
-0.0592885814274098	0.936604988422931	208
-0.0662940108357399	0.941374702661412	208
0.01969351323918	1.38023978495883	54
0.01543081758306	1.38676053784504	54
-0.0637629226344401	0.939652168969582	54
-0.0681607569725502	0.942730672003646	41
0.06871221863112	1.90044025087143	1206
-0.0640143610876698	0.939809125258311	455
0.01543081758306	1.38676053784504	54
-0.0637629226344401	0.939652168969582	54
-0.0633626320875602	0.93926395821226	986
0.02039573592608	1.37998569130634	208
-0.11334516272951	1.62367176100924	2440
0.0204563499397901	1.3813473822577	54
-0.11104604375133	1.61968266569661	54
-0.06971291102341	0.943740604994579	2056
-0.0690598547775898	0.943332987473435	455
0.0228368194428501	1.37549266261625	208
-0.0640143610876698	0.939809125258311	351
-0.0618939674117098	0.938221719974652	351
-0.0783227931876902	0.948752939747056	986
-0.05993952365165	0.937148574407078	354
0.07536588583187	1.88856497042991	455
-0.0659711696462901	0.94088510772594	208
0.0200440319435999	1.38090813566191	54
-0.0637629226344401	0.939652168969582	54
0.0258746056466299	1.37309226753626	46
0.07748629216574	1.88416345322535	167
-0.0770133787028402	0.947679364902914	455
-0.0640143610876698	0.939809125258311	2440
-0.0644150300762298	0.940014395257253	351
-0.0657200563202101	0.940350761816373	510
-0.0785574583246098	0.948936162363971	46
-0.0653186296506201	0.940618742098066	71
-0.06466636020324	0.940256308265765	827
-0.0659711696462901	0.94088510772594	54
0.0695611029521299	1.89947507101631	54
-0.0644150300762298	0.940014395257253	54
-0.0637629226344401	0.939652168969582	354
0.07223779010861	1.8944878634075	54
-0.0644150300762298	0.940014395257253	41
-0.0688136497159899	0.9431380459589	148
0.0123293946204299	1.39047701175575	208
-0.0779028322587498	0.948275927315441	46
-0.0612422164282802	0.937955987231364	354
-0.06466636020324	0.940256308265765	41
-0.0640143610876698	0.939809125258311	41
-0.0618939674117098	0.938221719974652	41
-0.10162009566579	2.33253285347593	510
-0.0728183820203001	0.945262498978983	2056
-0.07453907796822	0.946312639645579	730
-0.06971291102341	0.943740604994579	54
-0.0703662383507	0.944040384379806	351
-0.0631110853575998	0.939205260748677	556
0.07477228394226	1.89106776408695	208
-0.0732309098378901	0.945839152787499	986
-0.0644150300762298	0.940014395257253	69
-0.0653186296506201	0.940618742098066	1502
-0.06971291102341	0.943740604994579	730
-0.1075794743617	1.6143559414145	208
0.0201917010466801	1.37939258464512	730
0.06763879826494	1.90297657218517	730
0.0200440319435999	1.38090813566191	455
-0.0688136497159899	0.9431380459589	887
-0.0725772330458598	0.945362560628568	46
0.02457256380891	1.37604437138232	208
0.0213906902100101	1.378654955776	71
-0.07101983697742	0.944136510769066	1460
-0.11659819112418	1.62719067436542	84
-0.0612422164282802	0.937955987231364	730
-0.0662940108357399	0.941374702661412	455
-0.06059073524679	0.93759451129817	148
-0.1118549571354	1.62044817526952	510
0.0185496160973699	1.38249372342683	208
0.0827090194198301	1.8745086293744	208
-0.11381874310847	1.62464138968023	84
-0.0656414799418701	0.941075674107423	510
-0.11476627413098	1.62613100690888	510
0.0199618101672301	1.38202876046822	208
-0.0681607569725502	0.942730672003646	46
-0.0681607569725502	0.942730672003646	196
-0.11476627413098	1.62613100690888	208
-0.0633626320875602	0.93926395821226	208
-0.11470102590325	1.62466485815323	455
-0.0592885814274098	0.936604988422931	455
-0.0637629226344401	0.939652168969582	208
-0.0637629226344401	0.939652168969582	1147
-0.0653186296506201	0.940618742098066	714
-0.0637629226344401	0.939652168969582	1029
-0.0637629226344401	0.939652168969582	1065
-0.1190560457203	1.63064202924209	46
-0.06840706939649	0.94281622690595	196
-0.0732309098378901	0.945839152787499	41
-0.06466636020324	0.940256308265765	148
-0.0688136497159899	0.9431380459589	71
-0.0690598547775898	0.943332987473435	354
-0.10794951802624	1.61367875000037	714
-0.0592885814274098	0.936604988422931	148
-0.0644150300762298	0.940014395257253	167
-0.10577901128473	1.61110635720052	208
0.0190478906501601	1.38205369530046	208
0.0200440319435999	1.38090813566191	208
0.0186967293545299	1.38157328801807	455
0.0033526866951199	1.39985177345411	208
0.00421352137112008	1.39980734044373	455
-0.11388246423574	1.6242343077207	208
0.0240312243848599	1.37447996918267	46
-0.06840706939649	0.94281622690595	714
-0.0653186296506201	0.940618742098066	556
-0.0631110853575998	0.939205260748677	668
-0.05993952365165	0.937148574407078	208
0.01183412700859	1.39112316923836	208
0.0208932808195701	1.37936977889785	146
0.0217382731169999	1.37908248914207	54
-0.06940637533254	0.94329877880574	689
-0.10901079990502	1.61580515622543	71
-0.0644150300762298	0.940014395257253	46
-0.0649892193749802	0.940669172219577	196
-0.0656414799418701	0.941075674107423	208
-0.06750813492524	0.942214241335458	46
0.02721938271942	1.37186117595459	887
-0.11240156317511	1.62199308544587	8
0.07578946679203	1.88721071401136	2054
-0.0728183820203001	0.945262498978983	455
-0.0734719524391401	0.945962551724422	146
0.01097928934482	1.39116938321903	208
0.0208932808195701	1.37936977889785	54
-0.11090453833751	1.61888649808538	887
0.0277167659318101	1.37129721635638	354
-0.0631110853575998	0.939205260748677	208
-0.06971291102341	0.943740604994579	119
-0.0586379083588899	0.935857288681103	208
-0.10538849078385	1.61153978839876	2823
-0.06971291102341	0.943740604994579	48
-0.0688136497159899	0.9431380459589	148
0.06998538607853	1.89880875042183	167
-0.11476627413098	1.62613100690888	880
-0.0637629226344401	0.939652168969582	2385
-0.0732309098378901	0.945839152787499	2058
-0.11152089326172	1.62010461426958	887
-0.06466636020324	0.940256308265765	71
-0.0633626320875602	0.93926395821226	2303
-0.0687536073577699	0.942600843001363	46
-0.06466636020324	0.940256308265765	1083
0.0268704169679299	1.37204058935914	208
0.0190478906501601	1.38205369530046	208
-0.0592885814274098	0.936604988422931	880
0.0217382731169999	1.37908248914207	208
-0.0612422164282802	0.937955987231364	119
0.04442121867771	2.4859536270489	208
-0.0650674078992601	0.940280629174111	208
0.07663844786217	1.88627069265023	54
-0.0637629226344401	0.939652168969582	1083
-0.0688136497159899	0.9431380459589	8
0.0231839043719	1.37601064170697	119
-0.0681607569725502	0.942730672003646	41
-0.0681607569725502	0.942730672003646	510
0.01606972044803	1.38472269522977	510
-0.06971291102341	0.943740604994579	167
0.0762887707189099	1.88709370543111	827
-0.0631110853575998	0.939205260748677	208
-0.11057131848068	1.61915944709455	146
0.01452185456346	1.38824908859247	455
-0.0734719524391401	0.945962551724422	880
0.01727585850522	1.38395253157526	146
-0.0719238274780598	0.944662982400141	46
-0.0649892193749802	0.940669172219577	41
0.0767129054485201	1.88643003422986	84
-0.0637629226344401	0.939652168969582	760
-0.11050131843674	1.61970282141278	146
-0.0656414799418701	0.941075674107423	108
-0.06466636020324	0.940256308265765	41
-0.0703662383507	0.944040384379806	48
-0.0662940108357399	0.941374702661412	48
-0.10642975079523	1.61486085116246	208
-0.06059073524679	0.93759451129817	827
0.0250289477230199	1.37326705323591	208
0.0200440319435999	1.38090813566191	167
0.07332934538851	1.89311709893972	1504
-0.0688136497159899	0.9431380459589	48
-0.06245951802953	0.938660446621569	880
-0.0669468122736801	0.941470762401382	984
-0.0690598547775898	0.943332987473435	167
-0.06466636020324	0.940256308265765	208
-0.0640143610876698	0.939809125258311	6
-0.0725772330458598	0.945362560628568	108
-0.0745196038185898	0.946292850982509	46
-0.0690598547775898	0.943332987473435	8
-0.0644150300762298	0.940014395257253	8
0.0113387257537401	1.39165192370757	167
-0.06840706939649	0.94281622690595	2782
-0.10683541218714	1.61492227257969	760
-0.0741257942525699	0.946439442110547	6
-0.06750813492524	0.942214241335458	6
-0.0631110853575998	0.939205260748677	1504
-0.0640143610876698	0.939809125258311	57
0.0195460292420799	1.38152514643932	827
-0.0659711696462901	0.94088510772594	119
-0.0640143610876698	0.939809125258311	71
-0.06971291102341	0.943740604994579	41
-0.06840706939649	0.94281622690595	167
0.01592753903552	1.38618218661136	827
-0.0644150300762298	0.940014395257253	6
-0.0640143610876698	0.939809125258311	6
-0.0650674078992601	0.940280629174111	1504
-0.0592885814274098	0.936604988422931	57
-0.0653186296506201	0.940618742098066	167
-0.10356309404426	1.60959604162664	1334
-0.06466636020324	0.940256308265765	6
-0.06466636020324	0.940256308265765	6
-0.0649892193749802	0.940669172219577	108
-0.06971291102341	0.943740604994579	46
-0.06466636020324	0.940256308265765	69
-0.06840706939649	0.94281622690595	309
0.01727585850522	1.38395253157526	1656
-0.0741257942525699	0.946439442110547	167
-0.0681607569725502	0.942730672003646	167
-0.0653186296506201	0.940618742098066	167
-0.11242870126474	2.35524629972373	167
-0.0776679571921402	0.948339279711289	827
-0.0640143610876698	0.939809125258311	41
-0.0643372289192898	0.940153898818823	69
-0.0681607569725502	0.942730672003646	69
-0.0741257942525699	0.946439442110547	510
-0.0633626320875602	0.93926395821226	237
-0.0677545546631801	0.942087611195782	6
-0.07453907796822	0.946312639645579	984
0.0200440319435999	1.38090813566191	46
-0.06466636020324	0.940256308265765	46
-0.10722947018445	2.34572310247475	167
-0.0193284123461801	2.11911644105128	880
0.01543081758306	1.38676053784504	508
0.0186967293545299	1.38157328801807	108
-0.06685578335733	0.941486124189967	508
0.0223369845166199	1.3760599132279	71
-0.0637629226344401	0.939652168969582	57
-0.0637629226344401	0.939652168969582	48
-0.0631110853575998	0.939205260748677	2941
-0.0174515854836099	2.11814627600325	167
-0.0631110853575998	0.939205260748677	508
-0.11145119192877	1.62104630259469	71
-0.10710468249008	2.34673086467449	237
-0.10815415824041	2.34757822297938	6
-0.0681607569725502	0.942730672003646	6
0.01393984407039	1.38784760249215	508
-0.06971291102341	0.943740604994579	41
-0.06466636020324	0.940256308265765	178
-0.0738848580729301	0.946183603921263	146
-0.0653186296506201	0.940618742098066	984
-0.0738848580729301	0.946183603921263	46
-0.1030150718143	1.608214912596	208
-0.0728183820203001	0.945262498978983	1203
-0.0656414799418701	0.941075674107423	208
-0.0644150300762298	0.940014395257253	57
-0.0732309098378901	0.945839152787499	48
-0.0637629226344401	0.939652168969582	90
-0.0643372289192898	0.940153898818823	880
-0.0741257942525699	0.946439442110547	6
-0.0656414799418701	0.941075674107423	984
-0.0637629226344401	0.939652168969582	48
-0.0653186296506201	0.940618742098066	57
-0.0738848580729301	0.946183603921263	2033
-0.0747799076795701	0.946784087871086	208
-0.0637629226344401	0.939652168969582	108
-0.0653186296506201	0.940618742098066	984
-0.06059073524679	0.93759451129817	57
-0.11334516272951	1.62367176100924	1334
0.0235807388360001	1.37737076084088	6
-0.0194114011558399	2.12081797493427	208
-0.0703662383507	0.944040384379806	1203
-0.11002656819612	1.61886370374883	6
-0.0644150300762298	0.940014395257253	508
-0.06971291102341	0.943740604994579	508
-0.0681607569725502	0.942730672003646	489
-0.0690598547775898	0.943332987473435	508
-0.0649892193749802	0.940669172219577	167
-0.0631110853575998	0.939205260748677	208
-0.0637629226344401	0.939652168969582	984
-0.06971291102341	0.943740604994579	57
0.02383607759246	1.37410256719085	41
-0.11429244688889	1.6254479131711	167
0.0751577839876301	1.88958368200285	146
-0.0657200563202101	0.940350761816373	71
-0.0653186296506201	0.940618742098066	41
-0.10417990174271	2.33912562734547	167
0.0164241257442901	1.38549735979712	6
-0.0690598547775898	0.943332987473435	41
-0.0637629226344401	0.939652168969582	41
0.0198980554594499	1.38051330412041	167
-0.0631110853575998	0.939205260748677	6
0.0769333290411001	1.88776150858071	508
0.0157870839610601	1.38569163643882	119
-0.0688136497159899	0.9431380459589	174
-0.06971291102341	0.943740604994579	237
0.0149339613182	1.38723958210759	208
-0.0148278398294099	2.11143059271963	146
-0.0631110853575998	0.939205260748677	489
-0.06059073524679	0.93759451129817	178
-0.0649892193749802	0.940669172219577	2116
-0.0653186296506201	0.940618742098066	565
0.01805866710221	1.38401153343706	195
0.07748629216574	1.88416345322535	146
-0.0681607569725502	0.942730672003646	167
-0.0751728847651298	0.94670504761011	508
-0.06662398040717	0.940955218026655	2912
-0.11097619299396	1.62042517081968	57
-0.0688136497159899	0.9431380459589	57
-0.0637629226344401	0.939652168969582	90
-0.0627111729868299	0.93851397341819	29
-0.0592885814274098	0.936604988422931	131
-0.06940637533254	0.94329877880574	167
-0.0662940108357399	0.941374702661412	6
-0.0690598547775898	0.943332987473435	41
-0.0688136497159899	0.9431380459589	41
-0.06840706939649	0.94281622690595	178
-0.0681607569725502	0.942730672003646	167
-0.0741257942525699	0.946439442110547	167
-0.11805384348041	1.63081919049126	208
-0.06466636020324	0.940256308265765	489
0.01592753903552	1.38618218661136	90
-0.0637629226344401	0.939652168969582	2886
-0.11429244688889	1.6254479131711	208
-0.0637629226344401	0.939652168969582	57
-0.0747799076795701	0.946784087871086	178
-0.0732309098378901	0.945839152787499	208
-0.0690598547775898	0.943332987473435	208
-0.06750813492524	0.942214241335458	6
0.11271344839085	2.29731366262989	508
-0.0690598547775898	0.943332987473435	41
0.0682876173415601	1.90070626014311	6
-0.10308880481687	1.60893904019419	6
-0.0798675271008	0.949523581853076	119
-0.0738848580729301	0.946183603921263	57
-0.0640143610876698	0.939809125258311	41
-0.11097619299396	1.62042517081968	41
-0.0688136497159899	0.9431380459589	41
0.0215954749877001	1.37887962973334	489
-0.0637629226344401	0.939652168969582	489
0.07358956515888	1.89239521928632	208
0.0200440319435999	1.38090813566191	167
-0.0640143610876698	0.939809125258311	6
-0.10938181959543	1.61539985204404	6
-0.10901079990502	1.61580515622543	260
0.02183701226063	1.37654955202105	48
-0.0653186296506201	0.940618742098066	6
-0.0637629226344401	0.939652168969582	71
-0.11435601213618	1.62480612909045	48
-0.0703662383507	0.944040384379806	29
-0.0741257942525699	0.946439442110547	167
0.00690125877122005	1.39694473557007	146
-0.02793283093858	2.1369739526069	119
0.01543081758306	1.38676053784504	178
-0.0741257942525699	0.946439442110547	167
-0.0637629226344401	0.939652168969582	6
-0.0688136497159899	0.9431380459589	260
-0.06466636020324	0.940256308265765	57
0.0205418988250801	1.38019203251259	57
-0.0640143610876698	0.939809125258311	489
-0.11435601213618	1.62480612909045	6
-0.0618082204343899	0.937910978925819	195
0.07578946679203	1.88721071401136	6
-0.0688136497159899	0.9431380459589	71
0.01183412700859	1.39112316923836	208
0.07223779010861	1.8944878634075	119
-0.0659711696462901	0.94088510772594	260
-0.0741257942525699	0.946439442110547	41
-0.06840706939649	0.94281622690595	174
-0.0637629226344401	0.939652168969582	489
-0.06059073524679	0.93759451129817	489
-0.06466636020324	0.940256308265765	156
-0.10815415824041	2.34757822297938	1203
-0.06245951802953	0.938660446621569	108
-0.11618849722998	1.62750481462516	41
-0.0631110853575998	0.939205260748677	489
-0.06971291102341	0.943740604994579	35
0.03188592342548	1.36604698309063	167
0.01443697017032	1.38761202612123	208
0.07878462634152	1.8837493809737	6
0.0267218639241	1.37234770525145	41
-0.0644150300762298	0.940014395257253	489
-0.06840706939649	0.94281622690595	156
-0.0633626320875602	0.93926395821226	2186
-0.11057131848068	1.61915944709455	167
-0.06245951802953	0.938660446621569	53
-0.0741257942525699	0.946439442110547	71
0.0198980554594499	1.38051330412041	57
-0.0690598547775898	0.943332987473435	879
-0.0738848580729301	0.946183603921263	119
0.0149339613182	1.38723958210759	119
-0.11846795710461	1.6300759972617	260
-0.0637629226344401	0.939652168969582	41
0.0164241257442901	1.38549735979712	167
-0.11340903959513	1.623552436566	53
0.01592753903552	1.38618218661136	146
-0.06971291102341	0.943740604994579	108
-0.06466636020324	0.940256308265765	57
-0.11429244688889	1.6254479131711	41
-0.0677545546631801	0.942087611195782	156
-0.06840706939649	0.94281622690595	156
-0.10974395115747	1.61979657937198	167
-0.0732309098378901	0.945839152787499	167
-0.0681607569725502	0.942730672003646	167
-0.06245951802953	0.938660446621569	260
-0.0649892193749802	0.940669172219577	57
-0.06466636020324	0.940256308265765	41
-0.01980856874694	2.12188802141176	53
0.0263725792563001	1.37260516069121	260
-0.06245951802953	0.938660446621569	599
0.0172005317936501	1.38288375125011	208
0.0186967293545299	1.38157328801807	6
-0.0734719524391401	0.945962551724422	146
-0.0618939674117098	0.938221719974652	174
-0.0644150300762298	0.940014395257253	1510
0.0164241257442901	1.38549735979712	41
-0.0633626320875602	0.93926395821226	156
-0.0640143610876698	0.939809125258311	1914
-0.11858334236863	1.63043492573554	167
-0.06971291102341	0.943740604994579	167
0.0157870839610601	1.38569163643882	167
-0.12178423374869	1.63593097905228	6
-0.06971291102341	0.943740604994579	1133
-0.11097619299396	1.62042517081968	6
0.02183701226063	1.37654955202105	71
-0.10710261042211	1.61369458330834	6
0.0149339613182	1.38723958210759	6
0.0751577839876301	1.88958368200285	6
-0.11435601213618	1.62480612909045	260
-0.0694668133720899	0.943437666558306	62
-0.0260327903978799	2.13057534674961	6
-0.11057131848068	1.61915944709455	71
-0.0640143610876698	0.939809125258311	1133
-0.0694668133720899	0.943437666558306	6
-0.11097619299396	1.62042517081968	146
-0.0690598547775898	0.943332987473435	119
-0.06466636020324	0.940256308265765	53
-0.0688136497159899	0.9431380459589	6
-0.0640143610876698	0.939809125258311	108
-0.10348950701921	1.60907810143356	120
-0.0681607569725502	0.942730672003646	1091
0.0695611029521299	1.89947507101631	6
-0.06840706939649	0.94281622690595	120
0.0181981331361201	1.38210214104302	195
-0.0640143610876698	0.939809125258311	57
0.0277167659318101	1.37129721635638	41
-0.0653186296506201	0.940618742098066	41
-0.0653186296506201	0.940618742098066	41
-0.0627111729868299	0.93851397341819	1356
-0.0633626320875602	0.93926395821226	119
-0.0649892193749802	0.940669172219577	2511
-0.06466636020324	0.940256308265765	41
-0.0681607569725502	0.942730672003646	1133
-0.0637629226344401	0.939652168969582	119
-0.11104604375133	1.61968266569661	2913
-0.06971291102341	0.943740604994579	57
-0.0738848580729301	0.946183603921263	120
-0.0631110853575998	0.939205260748677	53
-0.0690598547775898	0.943332987473435	6
-0.0653186296506201	0.940618742098066	119
0.01592753903552	1.38618218661136	119
0.0235807388360001	1.37737076084088	57
-0.0694668133720899	0.943437666558306	119
-0.0681607569725502	0.942730672003646	775
0.0226418029103801	1.37871596137947	119
0.10738485462004	2.30813490665926	119
-0.0681607569725502	0.942730672003646	156
-0.0640143610876698	0.939809125258311	6
-0.0653186296506201	0.940618742098066	120
-0.0633626320875602	0.93926395821226	67
-0.06466636020324	0.940256308265765	2511
-0.0633626320875602	0.93926395821226	57
0.01769940063942	1.38254254345844	156
-0.0656414799418701	0.941075674107423	67
-0.06466636020324	0.940256308265765	119
-0.06059073524679	0.93759451129817	41
-0.0644150300762298	0.940014395257253	41
-0.0649892193749802	0.940669172219577	53
-0.06840706939649	0.94281622690595	119
-0.0631110853575998	0.939205260748677	2913
-0.0690598547775898	0.943332987473435	41
-0.0631110853575998	0.939205260748677	254
0.0226843846557701	1.37649995230922	41
-0.0690598547775898	0.943332987473435	167
0.02183701226063	1.37654955202105	53
-0.10872977809446	1.61761840212171	41
-0.0690598547775898	0.943332987473435	120
-0.10491355827894	1.6110576611668	195
0.07663844786217	1.88627069265023	108
0.0191951893653299	1.38095604331025	41
-0.0653186296506201	0.940618742098066	167
-0.11192631530211	1.621570427363	41
-0.0644150300762298	0.940014395257253	156
-0.0612422164282802	0.937955987231364	156
-0.0785574583246098	0.948936162363971	53
-0.0179636806149599	2.1188290562875	528
-0.0690598547775898	0.943332987473435	6
-0.0751728847651298	0.94670504761011	57
-0.0688136497159899	0.9431380459589	254
-0.06971291102341	0.943740604994579	119
0.0190478906501601	1.38205369530046	85
-0.0640143610876698	0.939809125258311	119
-0.0703662383507	0.944040384379806	41
0.12011439859691	2.27904695669488	167
-0.0637629226344401	0.939652168969582	3071
-0.0681607569725502	0.942730672003646	53
-0.06840706939649	0.94281622690595	274
-0.06940637533254	0.94329877880574	119
-0.06971291102341	0.943740604994579	85
0.01452185456346	1.38824908859247	57
-0.11251705416886	1.62321359018192	31
-0.0171258262551199	2.11561731257269	6
-0.0732309098378901	0.945839152787499	67
-0.0681607569725502	0.942730672003646	67
0.06700080484212	1.90375885699854	53
-0.06685578335733	0.941486124189967	6
-0.0091072433709698	2.09964217952096	528
-0.0690598547775898	0.943332987473435	41
-0.06059073524679	0.93759451129817	41
0.07558162078249	1.88897375476848	2911
-0.11517513156286	1.62547147200838	803
-0.0631110853575998	0.939205260748677	486
-0.06466636020324	0.940256308265765	41
-0.0690598547775898	0.943332987473435	156
-0.11233035345926	1.62106954396855	6
-0.10681724800061	2.344904375951	6
-0.06685578335733	0.941486124189967	119
-0.10599310256617	2.3428894772516	119
-0.11233035345926	1.62106954396855	41
-0.0640143610876698	0.939809125258311	41
-0.0659711696462901	0.94088510772594	254
-0.0694668133720899	0.943437666558306	486
-0.07101983697742	0.944136510769066	486
-0.06971291102341	0.943740604994579	588
0.0805564432992201	1.88022229896625	6
-0.11170515969031	2.35317175694059	6
-0.10782271520816	2.34597068059735	41
0.0226843846557701	1.37649995230922	41
-0.06466636020324	0.940256308265765	274
-0.06750813492524	0.942214241335458	53
0.02218472785307	1.37690806291492	2911
-0.0738848580729301	0.946183603921263	41
-0.06466636020324	0.940256308265765	41
-0.0644150300762298	0.940014395257253	254
-0.01888659566825	2.12142061598898	167
-0.11129261984858	2.35228002502972	6
-0.0181181031734998	2.11588756794729	6
-0.0681607569725502	0.942730672003646	41
-0.0637629226344401	0.939652168969582	254
0.0756623042889599	1.88958728840633	167
0.0257264193037401	1.37306531473661	41
-0.0657200563202101	0.940350761816373	41
-0.06971291102341	0.943740604994579	41
-0.0650674078992601	0.940280629174111	156
-0.0690598547775898	0.943332987473435	193
-0.0656414799418701	0.941075674107423	53
-0.0681607569725502	0.942730672003646	119
0.04196292821282	2.49154472964226	41
-0.0703662383507	0.944040384379806	41
-0.0653186296506201	0.940618742098066	41
0.0794384288669201	1.88033424419186	53
-0.06840706939649	0.94281622690595	6
-0.06940637533254	0.94329877880574	274
-0.11097619299396	1.62042517081968	53
-0.11470102590325	1.62466485815323	53
-0.0643372289192898	0.940153898818823	41
-0.0640143610876698	0.939809125258311	41
-0.0690598547775898	0.943332987473435	41
-0.0688136497159899	0.9431380459589	790
-0.0637629226344401	0.939652168969582	41
0.0231839043719	1.37601064170697	6
-0.0659711696462901	0.94088510772594	6
-0.06750813492524	0.942214241335458	119
0.02039573592608	1.37998569130634	108
-0.11298988633853	1.62355038712457	108
0.07963199158815	1.88252352645349	41
-0.11090453833751	1.61888649808538	6
-0.0653186296506201	0.940618742098066	420
-0.0688136497159899	0.9431380459589	41
-0.0688136497159899	0.9431380459589	156
-0.0690598547775898	0.943332987473435	1414
-0.0633626320875602	0.93926395821226	420
0.01219445393229	1.39009799011075	41
-0.0688136497159899	0.9431380459589	41
-0.0640143610876698	0.939809125258311	156
0.01048341974123	1.39169845305881	167
-0.0725772330458598	0.945362560628568	41
-0.0725772330458598	0.945362560628568	978
-0.07101983697742	0.944136510769066	156
-0.10938181959543	1.61539985204404	53
0.0149339613182	1.38723958210759	6
-0.0145017998256001	2.10913935107679	571
-0.11435601213618	1.62480612909045	108
-0.11340903959513	1.623552436566	108
-0.0644150300762298	0.940014395257253	803
-0.06750813492524	0.942214241335458	1995
-0.0734719524391401	0.945962551724422	1060
0.01543081758306	1.38676053784504	119
0.01507575708718	1.38622922321043	108
0.0195460292420799	1.38152514643932	41
-0.0701202481585899	0.943533793179382	635
-0.0653186296506201	0.940618742098066	152
-0.0785574583246098	0.948936162363971	53
-0.06971291102341	0.943740604994579	790
-0.0738848580729301	0.946183603921263	41
-0.0681607569725502	0.942730672003646	2089
-0.0738848580729301	0.946183603921263	53
-0.0644150300762298	0.940014395257253	53
-0.0681607569725502	0.942730672003646	53
-0.06466636020324	0.940256308265765	195
-0.0633626320875602	0.93926395821226	85
0.0167797347705101	1.38463612818679	108
-0.0205573319770802	2.1242795810835	53
0.03971864571341	2.49704626659995	6
-0.0296965828134299	2.13916978022306	6
-0.0734719524391401	0.945962551724422	41
-0.06971291102341	0.943740604994579	67
-0.0649892193749802	0.940669172219577	1955
-0.0644150300762298	0.940014395257253	218
-0.06971291102341	0.943740604994579	155
-0.0690598547775898	0.943332987473435	635
-0.0681607569725502	0.942730672003646	152
-0.06971291102341	0.943740604994579	297
-0.11805384348041	1.63081919049126	978
0.0785201518435099	1.88179385563912	420
-0.10720825969832	1.61309339078988	155
-0.11625143753891	1.62557874443508	155
-0.06466636020324	0.940256308265765	41
0.12124211612784	2.27606111737151	108
-0.0701202481585899	0.943533793179382	297
0.0235807388360001	1.37737076084088	297
-0.0149191993972799	2.10985093945685	155
-0.06971291102341	0.943740604994579	41
-0.0592885814274098	0.936604988422931	978
-0.06971291102341	0.943740604994579	635
0.01969351323918	1.38023978495883	518
-0.0734719524391401	0.945962551724422	1060
-0.10371818881332	1.61100667646555	571
-0.0631110853575998	0.939205260748677	297
-0.0631110853575998	0.939205260748677	41
-0.11050131843674	1.61970282141278	665
0.0113387257537401	1.39165192370757	150
0.02039573592608	1.37998569130634	803
0.01557280626449	1.38554421090148	150
-0.06466636020324	0.940256308265765	150
-0.0783227931876902	0.948752939747056	85
-0.05993952365165	0.937148574407078	155
-0.0738848580729301	0.946183603921263	367
-0.10355724111087	2.33832760122555	1060
-0.0688136497159899	0.9431380459589	420
-0.0637629226344401	0.939652168969582	115
-0.06750813492524	0.942214241335458	368
-0.0653186296506201	0.940618742098066	108
0.06827322117262	1.90196132441432	252
0.02083665547263	1.37727279228071	803
-0.0633626320875602	0.93926395821226	265
-0.1075794743617	1.6143559414145	85
0.06950067165269	1.90015067575716	155
0.00690688979953991	1.39587522105201	41
-0.06840706939649	0.94281622690595	152
-0.0653186296506201	0.940618742098066	95
-0.0625459884130399	0.938291857603759	115
-0.05993952365165	0.937148574407078	152
-0.10832301220255	1.61713917940564	195
-0.11327825824479	2.35785038975042	195
-0.0653186296506201	0.940618742098066	297
-0.06466636020324	0.940256308265765	108
0.07444401972229	1.8887349212154	252
-0.11245331589348	2.35632901515584	108
-0.0836880088209799	0.95178848359976	155
-0.0694668133720899	0.943437666558306	803
-0.0631110853575998	0.939205260748677	1449
0.0738384674897601	1.8934000306602	155
-0.0669468122736801	0.941470762401382	803
-0.06466636020324	0.940256308265765	115
-0.0637629226344401	0.939652168969582	24
-0.0637629226344401	0.939652168969582	24
-0.06466636020324	0.940256308265765	1159
-0.0228106581219998	2.12911160508087	108
-0.10872977809446	1.61761840212171	108
-0.0139929580990401	2.10979330010416	108
0.0216849338923399	1.37722233438997	115
0.06767316686819	1.90051500265089	150
-0.0637629226344401	0.939652168969582	3188
-0.0677545546631801	0.942087611195782	367
-0.0745196038185898	0.946292850982509	400
-0.0677545546631801	0.942087611195782	368
-0.06750813492524	0.942214241335458	53
-0.0681607569725502	0.942730672003646	53
-0.10592584147165	2.34237397468362	871
-0.06245951802953	0.938660446621569	195
-0.0662940108357399	0.941374702661412	100
-0.11805384348041	1.63081919049126	53
-0.0700594139401498	0.943774314067002	53
-0.07101983697742	0.944136510769066	297
-0.0644150300762298	0.940014395257253	155
-0.0649892193749802	0.940669172219577	571
-0.0640143610876698	0.939809125258311	571
0.02353215770064	1.37496842191001	252
0.0767129054485201	1.88643003422986	100
-0.06840706939649	0.94281622690595	529
-0.06466636020324	0.940256308265765	1471
-0.0653186296506201	0.940618742098066	155
0.11694902517154	2.28816992293608	100
0.0145785728464301	1.38680784479748	115
-0.0732309098378901	0.945839152787499	269
-0.05993952365165	0.937148574407078	100
-0.0644150300762298	0.940014395257253	115
-0.0631110853575998	0.939205260748677	1449
-0.0633626320875602	0.93926395821226	24
-0.0677545546631801	0.942087611195782	53
-0.0703662383507	0.944040384379806	492
-0.0653186296506201	0.940618742098066	189
-0.06840706939649	0.94281622690595	150
0.02083665547263	1.37727279228071	155
-0.0688136497159899	0.9431380459589	155
-0.0653186296506201	0.940618742098066	155
0.02253361394617	1.37568956490114	100
-0.0688136497159899	0.9431380459589	269
-0.0644150300762298	0.940014395257253	638
-0.0640143610876698	0.939809125258311	53
0.0805564432992201	1.88022229896625	189
0.01393984407039	1.38784760249215	115
-0.06245951802953	0.938660446621569	24
-0.0690598547775898	0.943332987473435	100
0.0228368194428501	1.37549266261625	115
-0.0694668133720899	0.943437666558306	24
-0.0688136497159899	0.9431380459589	115
-0.11026241888387	2.35193063140374	189
0.0770624230205601	1.88528757457613	150
-0.01720459932899	2.11579425260196	100
-0.0637629226344401	0.939652168969582	638
-0.0640143610876698	0.939809125258311	24
-0.0640143610876698	0.939809125258311	24
-0.02293493099081	2.12773810385019	53
0.01219445393229	1.39009799011075	155
-0.0649892193749802	0.940669172219577	461
-0.0637629226344401	0.939652168969582	155
0.0223369845166199	1.3760599132279	155
0.01606972044803	1.38472269522977	115
-0.0690598547775898	0.943332987473435	1103
-0.0688136497159899	0.9431380459589	53
0.0181981331361201	1.38210214104302	1447
-0.0732309098378901	0.945839152787499	461
-0.0657200563202101	0.940350761816373	857
-0.0612422164282802	0.937955987231364	669
0.02039573592608	1.37998569130634	195
-0.0656414799418701	0.941075674107423	297
0.01946713710829	1.38260399529953	155
0.0205418988250801	1.38019203251259	100
0.01183412700859	1.39112316923836	100
0.11655205916091	2.28905851924252	189
-0.0741257942525699	0.946439442110547	1161
-0.0694668133720899	0.943437666558306	1103
0.0194002393494701	1.3809525587901	155
-0.0690598547775898	0.943332987473435	882
-0.0653186296506201	0.940618742098066	24
0.0216849338923399	1.37722233438997	100
-0.11192631530211	1.621570427363	115
-0.0633626320875602	0.93926395821226	24
-0.0747799076795701	0.946784087871086	295
-0.0618082204343899	0.937910978925819	189
-0.06059073524679	0.93759451129817	150
-0.0644150300762298	0.940014395257253	100
-0.06466636020324	0.940256308265765	1103
-0.0653186296506201	0.940618742098066	108
-0.06466636020324	0.940256308265765	108
-0.0644150300762298	0.940014395257253	24
0.11947210730693	2.28139091382126	53
-0.0631110853575998	0.939205260748677	1447
0.0185496160973699	1.38249372342683	857
-0.0681607569725502	0.942730672003646	24
-0.11145119192877	1.62104630259469	1126
-0.06840706939649	0.94281622690595	1563
0.07663844786217	1.88627069265023	150
-0.0681607569725502	0.942730672003646	100
-0.06971291102341	0.943740604994579	383
-0.06750813492524	0.942214241335458	53
-0.06840706939649	0.94281622690595	53
0.0190478906501601	1.38205369530046	53
-0.06368550835878	0.939427496292375	1563
-0.06750813492524	0.942214241335458	1563
-0.0688136497159899	0.9431380459589	3283
-0.06059073524679	0.93759451129817	100
-0.0637629226344401	0.939652168969582	100
-0.0747799076795701	0.946784087871086	24
-0.0650674078992601	0.940280629174111	53
0.0263725792563001	1.37260516069121	857
-0.0690598547775898	0.943332987473435	383
-0.10384595585387	2.33833932003107	53
-0.0681607569725502	0.942730672003646	234
0.0795558203151301	1.88138385047039	3165
-0.10805646054945	1.61492935233371	152
-0.0649892193749802	0.940669172219577	24
-0.0653186296506201	0.940618742098066	383
-0.06940637533254	0.94329877880574	53
0.01183412700859	1.39112316923836	1291
-0.06466636020324	0.940256308265765	152
0.01692057777878	1.38467592076614	53
-0.0688136497159899	0.9431380459589	150
-0.0625459884130399	0.938291857603759	377
0.0792083618619399	1.8831858489254	377
-0.0688136497159899	0.9431380459589	100
-0.11280587448127	1.62159398567242	100
-0.0653186296506201	0.940618742098066	152
-0.0662940108357399	0.941374702661412	24
-0.0703662383507	0.944040384379806	849
-0.10491355827894	1.6110576611668	189
0.0186967293545299	1.38157328801807	53
-0.1040375073695	1.61016537546993	100
-0.0640143610876698	0.939809125258311	152
-0.06971291102341	0.943740604994579	24
-0.0732309098378901	0.945839152787499	24
-0.0653186296506201	0.940618742098066	24
-0.0176225064614002	2.11656094774403	1563
-0.06971291102341	0.943740604994579	882
-0.0688136497159899	0.9431380459589	857
-0.06466636020324	0.940256308265765	152
-0.06685578335733	0.941486124189967	1258
-0.06466636020324	0.940256308265765	24
-0.06971291102341	0.943740604994579	24
-0.0703662383507	0.944040384379806	23
-0.06466636020324	0.940256308265765	53
-0.0631110853575998	0.939205260748677	857
0.01847739085918	1.3834502062931	24
-0.0631110853575998	0.939205260748677	95
-0.0688136497159899	0.9431380459589	53
-0.0734719524391401	0.945962551724422	377
-0.0644150300762298	0.940014395257253	298
-0.0650674078992601	0.940280629174111	24
-0.06466636020324	0.940256308265765	383
-0.06971291102341	0.943740604994579	23
0.01507575708718	1.38622922321043	53
-0.05993952365165	0.937148574407078	24
-0.0732309098378901	0.945839152787499	383
-0.0644150300762298	0.940014395257253	383
-0.0194114011558399	2.12081797493427	857
-0.0694668133720899	0.943437666558306	360
-0.11005559865538	2.3486938797779	24
-0.0690598547775898	0.943332987473435	24
-0.0681607569725502	0.942730672003646	95
-0.0738848580729301	0.946183603921263	24
0.0155093177085099	1.38707923129823	95
-0.11062695193422	1.62069889953155	53
-0.0690598547775898	0.943332987473435	53
-0.0741257942525699	0.946439442110547	643
-0.06840706939649	0.94281622690595	1563
-0.11162877196019	2.35421022422356	150
-0.10308880481687	1.60893904019419	377
0.0205418988250801	1.38019203251259	152
-0.06840706939649	0.94281622690595	383
-0.0179618987816599	2.116606065476	53
0.0767129054485201	1.88643003422986	53
-0.0694668133720899	0.943437666558306	643
0.0126893863259201	1.38957018648124	1563
-0.0640143610876698	0.939809125258311	108
-0.0688136497159899	0.9431380459589	857
-0.0631110853575998	0.939205260748677	24
0.0145785728464301	1.38680784479748	315
-0.10912903157489	2.34855608428015	1126
-0.0177671077589099	2.11761171166436	150
0.0240312243848599	1.37447996918267	252
-0.06466636020324	0.940256308265765	100
0.0185496160973699	1.38249372342683	857
0.0231839043719	1.37601064170697	857
-0.10530283889684	1.61024051483978	857
-0.06685578335733	0.941486124189967	152
-0.06245951802953	0.938660446621569	1103
-0.05993952365165	0.937148574407078	24
-0.0637629226344401	0.939652168969582	24
-0.0631110853575998	0.939205260748677	383
-0.11204434470316	1.62275325234262	1126
-0.06840706939649	0.94281622690595	1258
-0.0653186296506201	0.940618742098066	150
0.11746843277705	2.28586568331933	252
-0.0659711696462901	0.94088510772594	377
-0.06840706939649	0.94281622690595	100
-0.06466636020324	0.940256308265765	100
-0.06466636020324	0.940256308265765	857
-0.06840706939649	0.94281622690595	857
-0.06466636020324	0.940256308265765	450
0.0231839043719	1.37601064170697	150
0.10515474140705	2.31097345879879	100
-0.0650674078992601	0.940280629174111	24
-0.0640143610876698	0.939809125258311	23
0.0785201518435099	1.88179385563912	1434
0.02353215770064	1.37496842191001	857
-0.10853356904425	1.61541470738	234
-0.0653186296506201	0.940618742098066	1649
-0.0631110853575998	0.939205260748677	383
-0.0656414799418701	0.941075674107423	1563
-0.0700594139401498	0.943774314067002	297
-0.11097619299396	1.62042517081968	152
0.06700080484212	1.90375885699854	1563
-0.0144103474293802	2.11066570965933	377
0.0195460292420799	1.38152514643932	377
-0.10938181959543	1.61539985204404	857
-0.10853356904425	1.61541470738	857
-0.11476627413098	1.62613100690888	152
-0.0640143610876698	0.939809125258311	1474
0.0200440319435999	1.38090813566191	106
-0.0703662383507	0.944040384379806	150
-0.0640143610876698	0.939809125258311	383
-0.0734719524391401	0.945962551724422	150
0.0198980554594499	1.38051330412041	152
-0.10872977809446	1.61761840212171	377
-0.05993952365165	0.937148574407078	23
-0.06971291102341	0.943740604994579	315
-0.0734719524391401	0.945962551724422	150
-0.0741257942525699	0.946439442110547	857
-0.0659711696462901	0.94088510772594	1575
-0.0653186296506201	0.940618742098066	315
-0.0694668133720899	0.943437666558306	1
0.0785899825257199	1.88147600930771	252
0.00776490347725001	1.3958297720276	377
-0.10324641058143	1.61029096948715	100
-0.0991054198352002	2.3279617914628	100
-0.10102245086378	2.33381123824879	857
-0.0637629226344401	0.939652168969582	24
-0.0633626320875602	0.93926395821226	383
-0.0627111729868299	0.93851397341819	1
-0.0179618987816599	2.116606065476	377
-0.0659711696462901	0.94088510772594	100
-0.06245951802953	0.938660446621569	24
-0.0688136497159899	0.9431380459589	383
0.0748684717564401	1.88807069465659	150
-0.0998788531961798	2.32853072700829	150
-0.0179528272096201	2.11801200498353	100
-0.06840706939649	0.94281622690595	315
0.0195460292420799	1.38152514643932	106
0.01946713710829	1.38260399529953	150
-0.06840706939649	0.94281622690595	152
-0.0741257942525699	0.946439442110547	24
0.07032707076964	1.8962276320356	252
-0.10996562896035	1.61620742070768	857
-0.10846673510972	2.34743835213458	857
-0.0633626320875602	0.93926395821226	383
-0.0734719524391401	0.945962551724422	2407
-0.0703662383507	0.944040384379806	377
-0.0734719524391401	0.945962551724422	377
0.07266214001951	1.89387624722343	1
-0.0653186296506201	0.940618742098066	217
-0.0681607569725502	0.942730672003646	106
0.01543081758306	1.38676053784504	152
-0.0703662383507	0.944040384379806	383
0.0149339613182	1.38723958210759	532
-0.0637629226344401	0.939652168969582	23
0.0785899825257199	1.88147600930771	53
-0.0681607569725502	0.942730672003646	360
0.0196051494223199	1.38209684660709	100
-0.10548385911408	1.61303301949541	100
-0.0659711696462901	0.94088510772594	757
-0.06466636020324	0.940256308265765	450
-0.0701202481585899	0.943533793179382	24
0.07223779010861	1.8944878634075	315
0.02353215770064	1.37496842191001	315
-0.0649892193749802	0.940669172219577	150
0.01543081758306	1.38676053784504	152
-0.0688136497159899	0.9431380459589	59
-0.0644150300762298	0.940014395257253	380
-0.06750813492524	0.942214241335458	217
-0.06750813492524	0.942214241335458	315
-0.06940637533254	0.94329877880574	857
0.01769940063942	1.38254254345844	857
-0.06059073524679	0.93759451129817	59
-0.0612422164282802	0.937955987231364	217
-0.06466636020324	0.940256308265765	315
-0.0734719524391401	0.945962551724422	252
0.0245301543686201	1.37391398334647	857
-0.0650674078992601	0.940280629174111	377
-0.0640143610876698	0.939809125258311	100
-0.0640143610876698	0.939809125258311	380
-0.06466636020324	0.940256308265765	24
-0.0681607569725502	0.942730672003646	150
-0.0732309098378901	0.945839152787499	150
-0.0681607569725502	0.942730672003646	532
-0.0631110853575998	0.939205260748677	100
0.0228368194428501	1.37549266261625	100
-0.0640143610876698	0.939809125258311	100
-0.0640143610876698	0.939809125258311	383
0.0158703775717399	1.38696969537481	1
0.02133690260321	1.37695805485565	1
0.077984673419	1.88381895378462	1
-0.0631110853575998	0.939205260748677	106
-0.06971291102341	0.943740604994579	1166
-0.0216643967585202	2.12324140091795	100
-0.0644150300762298	0.940014395257253	24
-0.06245951802953	0.938660446621569	543
0.0764289771383799	1.88742948968109	1326
0.02622420947563	1.37275328495227	30
-0.0637629226344401	0.939652168969582	383
-0.0612422164282802	0.937955987231364	383
-0.10214059841253	1.6073253316534	2500
-0.0785574583246098	0.948936162363971	1326
-0.0631110853575998	0.939205260748677	383
-0.0734719524391401	0.945962551724422	383
0.0164241257442901	1.38549735979712	1
-0.11251705416886	1.62321359018192	100
-0.0725772330458598	0.945362560628568	100
0.01393984407039	1.38784760249215	1166
0.0228368194428501	1.37549266261625	59
-0.06750813492524	0.942214241335458	543
-0.0681607569725502	0.942730672003646	1
0.01543081758306	1.38676053784504	315
-0.0239334549913899	2.12932835881056	1
0.0181981331361201	1.38210214104302	252
-0.0732309098378901	0.945839152787499	1
-0.0649892193749802	0.940669172219577	1
-0.0653186296506201	0.940618742098066	1166
-0.1075794743617	1.6143559414145	1166
-0.0640143610876698	0.939809125258311	543
-0.06245951802953	0.938660446621569	1
0.0226843846557701	1.37649995230922	532
0.0708336345002301	1.89710987998854	532
-0.0653186296506201	0.940618742098066	773
-0.0681607569725502	0.942730672003646	312
-0.10877497347046	2.34891887007687	1
0.02039573592608	1.37998569130634	1
-0.0728183820203001	0.945262498978983	252
0.0822855065822601	1.8754052877988	106
0.02133690260321	1.37695805485565	1
-0.06466636020324	0.940256308265765	59
-0.06840706939649	0.94281622690595	53
-0.0643372289192898	0.940153898818823	527
-0.0167867955195198	2.1149197257774	1
-0.0728183820203001	0.945262498978983	275
-0.0631110853575998	0.939205260748677	679
-0.06059073524679	0.93759451129817	380
-0.0637629226344401	0.939652168969582	383
-0.0681607569725502	0.942730672003646	543
-0.10642975079523	1.61486085116246	100
-0.0644150300762298	0.940014395257253	1
-0.0637629226344401	0.939652168969582	30
-0.06466636020324	0.940256308265765	380
-0.0644150300762298	0.940014395257253	275
-0.06466636020324	0.940256308265765	312
-0.0640143610876698	0.939809125258311	315
-0.11042951574116	1.6178896893978	1
-0.0681607569725502	0.942730672003646	1
-0.0725772330458598	0.945362560628568	543
-0.0734719524391401	0.945962551724422	627
-0.0637629226344401	0.939652168969582	59
-0.10974395115747	1.61979657937198	1
0.0198980554594499	1.38051330412041	527
-0.06059073524679	0.93759451129817	59
-0.06750813492524	0.942214241335458	315
-0.0747799076795701	0.946784087871086	217
0.0177718478852	1.38313257318466	1
-0.06971291102341	0.943740604994579	252
-0.06971291102341	0.943740604994579	1
-0.0231375642742999	2.12775945432698	100
-0.11057131848068	1.61915944709455	59
-0.0792123565324401	0.949349959309328	59
-0.0612422164282802	0.937955987231364	217
-0.0703662383507	0.944040384379806	1
0.0740136478933799	1.89167673443995	53
-0.0631110853575998	0.939205260748677	53
-0.11233035345926	1.62106954396855	106
-0.0653186296506201	0.940618742098066	100
0.0246816417148199	1.37405389323566	59
-0.0181181031734998	2.11588756794729	1
-0.06840706939649	0.94281622690595	252
-0.0688136497159899	0.9431380459589	1
-0.0690598547775898	0.943332987473435	100
0.0189022875259099	1.3812927229923	1
-0.05993952365165	0.937148574407078	543
0.02368328707289	1.37544365783482	1487
0.01727585850522	1.38395253157526	527
-0.0725772330458598	0.945362560628568	59
-0.07101983697742	0.944136510769066	1
-0.0662940108357399	0.941374702661412	1487
-0.0637629226344401	0.939652168969582	59
-0.0592885814274098	0.936604988422931	30
-0.0653186296506201	0.940618742098066	380
0.11682755648431	2.28803373999998	53
-0.06059073524679	0.93759451129817	1
-0.0640143610876698	0.939809125258311	687
0.0250289477230199	1.37326705323591	59
-0.06840706939649	0.94281622690595	30
-0.11204434470316	1.62275325234262	1
0.0767129054485201	1.88643003422986	687
0.02303295424481	1.37537582790628	527
-0.0592885814274098	0.936604988422931	527
-0.0783227931876902	0.948752939747056	59
-0.0656414799418701	0.941075674107423	312
-0.0690598547775898	0.943332987473435	543
-0.10009950770879	2.33087603805858	252
-0.0690598547775898	0.943332987473435	1211
-0.0653186296506201	0.940618742098066	2059
0.0140812534732599	1.3872872384335	297
0.0282140136314499	1.37065241949349	2864
-0.0659711696462901	0.94088510772594	30
-0.0681607569725502	0.942730672003646	1451
-0.0690598547775898	0.943332987473435	380
-0.06840706939649	0.94281622690595	79
-0.11894098521859	1.63084344653761	687
-0.0650674078992601	0.940280629174111	1451
-0.0637629226344401	0.939652168969582	380
-0.0694668133720899	0.943437666558306	312
0.02303295424481	1.37537582790628	106
-0.11090453833751	1.61888649808538	687
-0.0677545546631801	0.942087611195782	30
-0.06971291102341	0.943740604994579	1006
0.0223369845166199	1.3760599132279	53
0.0185496160973699	1.38249372342683	106
-0.0644150300762298	0.940014395257253	100
-0.0631110853575998	0.939205260748677	1006
-0.06750813492524	0.942214241335458	30
-0.0681607569725502	0.942730672003646	59
0.0776856004759301	1.88585376146363	933
-0.06466636020324	0.940256308265765	130
-0.0681607569725502	0.942730672003646	380
-0.06466636020324	0.940256308265765	586
0.0194002393494701	1.3809525587901	1286
-0.0690598547775898	0.943332987473435	380
-0.0644150300762298	0.940014395257253	1857
0.07963199158815	1.88252352645349	1495
-0.0644150300762298	0.940014395257253	1068
-0.11088017975702	2.35125005430148	687
-0.0688136497159899	0.9431380459589	687
0.06691224196736	1.9041976714973	1476
0.02407671851069	1.37675695913956	1
-0.0631110853575998	0.939205260748677	30
-0.06466636020324	0.940256308265765	2567
-0.0176225064614002	2.11656094774403	2059
-0.10710261042211	1.61369458330834	543
-0.0649892193749802	0.940669172219577	252
-0.11233035345926	1.62106954396855	586
-0.0612422164282802	0.937955987231364	59
-0.0738848580729301	0.946183603921263	380
-0.0633626320875602	0.93926395821226	380
-0.0637629226344401	0.939652168969582	106
0.01969351323918	1.38023978495883	106
-0.0643372289192898	0.940153898818823	252
0.07845153079698	1.88045156625148	1
-0.0688136497159899	0.9431380459589	59
0.02368328707289	1.37544365783482	380
0.0149339613182	1.38723958210759	383
-0.0741257942525699	0.946439442110547	383
-0.0677545546631801	0.942087611195782	543
0.0162834766119599	1.38521344459146	28
0.0801329732309799	1.88088377785636	383
-0.12084135218447	1.63431362671355	106
-0.06971291102341	0.943740604994579	383
-0.0653186296506201	0.940618742098066	1
-0.12178423374869	1.63593097905228	50
-0.0631110853575998	0.939205260748677	100
0.11932047160467	2.28043645428983	130
-0.0640143610876698	0.939809125258311	1
-0.06059073524679	0.93759451129817	1
-0.0612422164282802	0.937955987231364	130
-0.1156493609459	1.62615475826674	1
-0.1075794743617	1.6143559414145	1
-0.0681607569725502	0.942730672003646	1
0.07717840148398	1.88257768303571	263
-0.06840706939649	0.94281622690595	130
-0.0741257942525699	0.946439442110547	53
-0.06750813492524	0.942214241335458	1
0.0191101448380799	1.38277890260831	687
0.0150156523834699	1.38772270507125	50
-0.06840706939649	0.94281622690595	1620
-0.0640143610876698	0.939809125258311	106
-0.0656414799418701	0.941075674107423	373
0.0228368194428501	1.37549266261625	674
-0.0681607569725502	0.942730672003646	674
-0.0650674078992601	0.940280629174111	263
-0.0653186296506201	0.940618742098066	263
-0.11571429924121	1.62716626457585	1
-0.06059073524679	0.93759451129817	674
-0.0631110853575998	0.939205260748677	192
-0.0631110853575998	0.939205260748677	192
-0.0631110853575998	0.939205260748677	28
-0.0640143610876698	0.939809125258311	687
-0.01720459932899	2.11579425260196	687
0.02273155606128	1.37811833610894	59
-0.0637629226344401	0.939652168969582	30
-0.0644150300762298	0.940014395257253	1
-0.11769618777015	1.63107657222609	73
-0.0732309098378901	0.945839152787499	2747
0.01805120551323	1.38283447856767	380
-0.06840706939649	0.94281622690595	1
-0.06940637533254	0.94329877880574	1
-0.0649892193749802	0.940669172219577	1
-0.0640143610876698	0.939809125258311	1
-0.0650674078992601	0.940280629174111	59
0.0164241257442901	1.38549735979712	53
-0.06840706939649	0.94281622690595	589
-0.0640143610876698	0.939809125258311	589
0.02273155606128	1.37811833610894	543
-0.0618939674117098	0.938221719974652	543
-0.0149191993972799	2.10985093945685	1
-0.0681607569725502	0.942730672003646	380
0.0185496160973699	1.38249372342683	192
-0.0644150300762298	0.940014395257253	53
-0.0738848580729301	0.946183603921263	1
0.01183412700859	1.39112316923836	543
-0.0640143610876698	0.939809125258311	584
-0.06368550835878	0.939427496292375	674
-0.10892107753762	2.34771403531249	59
-0.0627111729868299	0.93851397341819	380
-0.0631110853575998	0.939205260748677	1324
-0.0640143610876698	0.939809125258311	687
-0.10914788749864	1.61698074759317	2379
-0.0631110853575998	0.939205260748677	1
-0.0738848580729301	0.946183603921263	59
-0.0703662383507	0.944040384379806	380
0.0248782504512399	1.37381094734257	2788
-0.0656414799418701	0.941075674107423	192
-0.06368550835878	0.939427496292375	192
-0.0690598547775898	0.943332987473435	674
-0.06466636020324	0.940256308265765	674
-0.06971291102341	0.943740604994579	9
-0.0694668133720899	0.943437666558306	380
-0.0657200563202101	0.940350761816373	380
0.01507575708718	1.38622922321043	53
-0.0631110853575998	0.939205260748677	589
-0.06466636020324	0.940256308265765	373
0.0772759108309999	1.88538807057532	919
-0.0681607569725502	0.942730672003646	674
-0.0725772330458598	0.945362560628568	100
-0.0694668133720899	0.943437666558306	9
-0.0637629226344401	0.939652168969582	53
-0.0633626320875602	0.93926395821226	974
-0.10778234824004	1.61647787762797	919
-0.0649892193749802	0.940669172219577	59
-0.0640143610876698	0.939809125258311	1
-0.06971291102341	0.943740604994579	53
-0.06750813492524	0.942214241335458	9
0.0681577479217601	1.90328036745257	50
-0.0690598547775898	0.943332987473435	380
0.0145785728464301	1.38680784479748	50
-0.0690598547775898	0.943332987473435	192
-0.0703662383507	0.944040384379806	2392
-0.0643372289192898	0.940153898818823	91
-0.11899945358941	1.63196497913524	2788
-0.06971291102341	0.943740604994579	1110
-0.0681607569725502	0.942730672003646	1
-0.0690598547775898	0.943332987473435	59
-0.1144427519844	1.62659837978924	50
-0.06971291102341	0.943740604994579	985
-0.0656414799418701	0.941075674107423	2788
-0.12230573962755	1.6352599875515	2788
-0.05993952365165	0.937148574407078	2392
-0.0734719524391401	0.945962551724422	2392
-0.0633626320875602	0.93926395821226	28
-0.0649892193749802	0.940669172219577	53
-0.0725772330458598	0.945362560628568	589
-0.0688136497159899	0.9431380459589	28
-0.06971291102341	0.943740604994579	53
-0.0640143610876698	0.939809125258311	589
-0.0145398174081199	2.10933271709111	1
-0.06059073524679	0.93759451129817	2788
-0.0612422164282802	0.937955987231364	373
-0.0637629226344401	0.939652168969582	2379
0.0263725792563001	1.37260516069121	59
-0.0640143610876698	0.939809125258311	59
-0.0690598547775898	0.943332987473435	192
-0.0631110853575998	0.939205260748677	825
-0.12178423374869	1.63593097905228	51
-0.06466636020324	0.940256308265765	3149
0.0790142588087499	1.88095140494195	59
-0.0637629226344401	0.939652168969582	2523
-0.0725772330458598	0.945362560628568	2774
-0.0741257942525699	0.946439442110547	2774
-0.01340989374253	2.10935472463435	373
0.02871112588847	1.36991430583169	1
-0.11340903959513	1.623552436566	1
-0.06245951802953	0.938660446621569	1
-0.0612422164282802	0.937955987231364	59
-0.0690598547775898	0.943332987473435	192
-0.06466636020324	0.940256308265765	192
0.0181981331361201	1.38210214104302	589
-0.06059073524679	0.93759451129817	589
-0.0688136497159899	0.9431380459589	1
-0.0650674078992601	0.940280629174111	1
-0.01417661411211	2.10651734906304	1
-0.01486213145263	2.11247773789283	59
-0.0688136497159899	0.9431380459589	28
-0.06059073524679	0.93759451129817	589
-0.0662940108357399	0.941374702661412	801
-0.0631110853575998	0.939205260748677	373
-0.11090453833751	1.61888649808538	373
-0.10614924905207	1.61207120992288	59
0.01048341974123	1.39169845305881	745
0.0765097598103199	1.88847841926273	50
-0.0637629226344401	0.939652168969582	820
-0.05993952365165	0.937148574407078	589
-0.10853356904425	1.61541470738	50
-0.0734719524391401	0.945962551724422	589
0.00875258867744	1.39448141552319	745
-0.0633626320875602	0.93926395821226	576
0.01969351323918	1.38023978495883	59
-0.0125787134082902	2.10763835836121	50
-0.06466636020324	0.940256308265765	50
-0.0640143610876698	0.939809125258311	192
-0.06245951802953	0.938660446621569	91
-0.10853356904425	1.61541470738	589
-0.0688136497159899	0.9431380459589	373
-0.06940637533254	0.94329877880574	60
-0.1118549571354	1.62044817526952	50
-0.10683541218714	1.61492227257969	1
-0.0741257942525699	0.946439442110547	17
0.0223369845166199	1.3760599132279	820
-0.0612422164282802	0.937955987231364	297
0.0190478906501601	1.38205369530046	17
-0.11280587448127	1.62159398567242	2625
0.07536588583187	1.88856497042991	17
-0.06685578335733	0.941486124189967	50
0.1105503344859	2.30075193187536	589
-0.0637629226344401	0.939652168969582	50
-0.0631110853575998	0.939205260748677	2690
-0.0644150300762298	0.940014395257253	576
-0.0725772330458598	0.945362560628568	2690
-0.06059073524679	0.93759451129817	1064
-0.0690598547775898	0.943332987473435	50
0.11267998679638	2.29625106271907	373
0.0147938949025099	1.38629859598647	1391
-0.0640143610876698	0.939809125258311	1064
-0.0633626320875602	0.93926395821226	820
-0.0681607569725502	0.942730672003646	1792
-0.11192631530211	1.621570427363	17
-0.11894098521859	1.63084344653761	1391
-0.06466636020324	0.940256308265765	820
-0.06466636020324	0.940256308265765	2239
-0.0747799076795701	0.946784087871086	1391
-0.06245951802953	0.938660446621569	631
-0.06750813492524	0.942214241335458	60
-0.0734719524391401	0.945962551724422	17
-0.10805646054945	1.61492935233371	631
0.0277167659318101	1.37129721635638	91
-0.06750813492524	0.942214241335458	2097
0.01592753903552	1.38618218661136	1
-0.0612422164282802	0.937955987231364	60
-0.0732309098378901	0.945839152787499	17
0.0226843846557701	1.37649995230922	91
-0.0637629226344401	0.939652168969582	1064
-0.0640143610876698	0.939809125258311	91
-0.0631110853575998	0.939205260748677	91
-0.06750813492524	0.942214241335458	2097
0.07558162078249	1.88897375476848	373
0.0181981331361201	1.38210214104302	1391
-0.0637629226344401	0.939652168969582	225
-0.0640143610876698	0.939809125258311	2097
-0.10459205772086	2.33988285459214	60
-0.0640143610876698	0.939809125258311	225
-0.0694668133720899	0.943437666558306	60
-0.11009671738885	1.6185394093313	60
-0.0627111729868299	0.93851397341819	59
0.0185496160973699	1.38249372342683	190
-0.0637629226344401	0.939652168969582	418
-0.11137968544856	1.61972567255462	576
-0.06971291102341	0.943740604994579	576
-0.0690598547775898	0.943332987473435	91
-0.06059073524679	0.93759451129817	1
0.0226843846557701	1.37649995230922	373
-0.06971291102341	0.943740604994579	59
-0.0983681876440001	2.32716764943732	1035
-0.10853356904425	1.61541470738	1035
-0.11287693560883	1.62229843223989	17
-0.0637629226344401	0.939652168969582	91
-0.0719238274780598	0.944662982400141	2097
-0.06840706939649	0.94281622690595	59
0.01543081758306	1.38676053784504	1279
-0.06245951802953	0.938660446621569	59
-0.06840706939649	0.94281622690595	190
-0.11078699129894	1.62138335138518	43
-0.0637629226344401	0.939652168969582	1
0.0753657570280699	1.88815908062506	1056
0.0200440319435999	1.38090813566191	1279
-0.0732309098378901	0.945839152787499	576
-0.0776679571921402	0.948339279711289	59
0.0217382731169999	1.37908248914207	17
-0.0690598547775898	0.943332987473435	91
0.0212414293260199	1.37942142172035	373
-0.10816170193527	1.61396761438807	1056
-0.0681607569725502	0.942730672003646	1279
0.0172005317936501	1.38288375125011	1035
-0.06466636020324	0.940256308265765	373
-0.0690598547775898	0.943332987473435	91
-0.0631110853575998	0.939205260748677	91
-0.06245951802953	0.938660446621569	43
-0.11270587694858	2.35772472081262	373
0.02039573592608	1.37998569130634	1035
0.0167797347705101	1.38463612818679	17
0.07536588583187	1.88856497042991	1279
0.01969351323918	1.38023978495883	17
-0.1075794743617	1.6143559414145	1035
-0.0694668133720899	0.943437666558306	91
-0.0640143610876698	0.939809125258311	1056
0.01048341974123	1.39169845305881	1056
-0.0627111729868299	0.93851397341819	373
-0.06971291102341	0.943740604994579	1
-0.0631110853575998	0.939205260748677	1
-0.0694668133720899	0.943437666558306	38
-0.0751728847651298	0.94670504761011	1609
-0.0640143610876698	0.939809125258311	475
-0.06466636020324	0.940256308265765	91
-0.0640143610876698	0.939809125258311	1
-0.0592885814274098	0.936604988422931	1
0.11188442100801	2.29753472989085	1056
-0.0631110853575998	0.939205260748677	3060
-0.0637629226344401	0.939652168969582	38
-0.0688136497159899	0.9431380459589	91
-0.0690598547775898	0.943332987473435	91
0.02253361394617	1.37568956490114	421
-0.10214059841253	1.6073253316534	576
0.01452185456346	1.38824908859247	421
-0.0631110853575998	0.939205260748677	22
-0.06685578335733	0.941486124189967	1279
-0.0734719524391401	0.945962551724422	475
-0.0681607569725502	0.942730672003646	300
0.0185496160973699	1.38249372342683	1
-0.11009671738885	1.6185394093313	373
-0.11524022489499	1.62670383713992	1609
-0.0631110853575998	0.939205260748677	475
0.0198980554594499	1.38051330412041	43
-0.0725772330458598	0.945362560628568	1902
-0.06059073524679	0.93759451129817	161
-0.0633626320875602	0.93926395821226	17
-0.06971291102341	0.943740604994579	43
-0.06840706939649	0.94281622690595	373
0.02039573592608	1.37998569130634	43
-0.0201394933358001	2.12375635547416	22
-0.0703662383507	0.944040384379806	43
0.0263725792563001	1.37260516069121	43
-0.0649892193749802	0.940669172219577	421
-0.06245951802953	0.938660446621569	17
-0.0694668133720899	0.943437666558306	91
-0.0650674078992601	0.940280629174111	91
0.0748684717564401	1.88807069465659	421
-0.1129722786412	2.35722224025259	22
-0.0637629226344401	0.939652168969582	1191
0.02183701226063	1.37654955202105	297
-0.0741257942525699	0.946439442110547	1560
-0.0747799076795701	0.946784087871086	17
-0.0650674078992601	0.940280629174111	38
0.0162834766119599	1.38521344459146	1
0.0123293946204299	1.39047701175575	421
-0.05993952365165	0.937148574407078	475
-0.0653186296506201	0.940618742098066	998
-0.0703662383507	0.944040384379806	43
-0.0754342929376102	0.946913150792079	1
-0.0677545546631801	0.942087611195782	421
0.01183412700859	1.39112316923836	22
0.0200440319435999	1.38090813566191	161
0.02407671851069	1.37675695913956	1528
-0.11068794884535	1.62127907552867	143
-0.0631110853575998	0.939205260748677	300
-0.11524022489499	1.62670383713992	1327
-0.06368550835878	0.939427496292375	1
-0.10890426315647	1.61491409610747	17
0.0751577839876301	1.88958368200285	1327
-0.0947073655551498	2.31808628814066	143
-0.0631110853575998	0.939205260748677	17
-0.0640143610876698	0.939809125258311	38
-0.0627111729868299	0.93851397341819	43
-0.11476627413098	1.62613100690888	1528
-0.0145938637474101	2.10753895032939	1
-0.11157175788187	1.62218281074961	143
-0.1078495119449	1.61671902611004	22
-0.0631110853575998	0.939205260748677	1528
-0.0637629226344401	0.939652168969582	998
-0.0644150300762298	0.940014395257253	1
0.10597746741057	2.31071007606882	22
-0.06059073524679	0.93759451129817	1528
0.0292081027729501	1.36905002149356	1
-0.0681607569725502	0.942730672003646	143
-0.11009671738885	1.6185394093313	1
-0.11293573815434	1.62274737465083	1
-0.0631110853575998	0.939205260748677	161
0.01543081758306	1.38676053784504	1470
-0.0637629226344401	0.939652168969582	300
-0.10662586867184	1.6129386594688	43
0.0246816417148199	1.37405389323566	421
0.0190478906501601	1.38205369530046	161
-0.0633626320875602	0.93926395821226	2927
-0.10825600141194	1.61709651143781	2927
-0.0637629226344401	0.939652168969582	1470
-0.0633626320875602	0.93926395821226	531
0.0771369341100401	1.88566757938969	421
-0.0681607569725502	0.942730672003646	421
-0.10335588883758	2.33727073769115	22
-0.06750813492524	0.942214241335458	143
-0.10232252198555	2.33550314232947	22
-0.0640143610876698	0.939809125258311	998
-0.06685578335733	0.941486124189967	38
-0.05993952365165	0.937148574407078	2927
-0.0703662383507	0.944040384379806	517
-0.1156493609459	1.62615475826674	43
-0.0734719524391401	0.945962551724422	43
-0.0612422164282802	0.937955987231364	1327
-0.11524022489499	1.62670383713992	143
-0.06940637533254	0.94329877880574	998
-0.11129261984858	2.35228002502972	43
-0.0732309098378901	0.945839152787499	1327
0.0268704169679299	1.37204058935914	1
-0.06059073524679	0.93759451129817	2132
-0.02476941081957	2.13151484438411	143
-0.1078495119449	1.61671902611004	143
0.0223369845166199	1.3760599132279	3206
0.02218472785307	1.37690806291492	17
-0.07071272339868	0.944118052299626	998
-0.06059073524679	0.93759451129817	143
0.0757901793154101	1.88790077306226	17
-0.06466636020324	0.940256308265765	17
-0.0631110853575998	0.939205260748677	17
-0.0637629226344401	0.939652168969582	38
0.0194002393494701	1.3809525587901	22
0.01592753903552	1.38618218661136	17
-0.0650674078992601	0.940280629174111	91
0.07266214001951	1.89387624722343	22
-0.0688136497159899	0.9431380459589	143
0.0191951893653299	1.38095604331025	143
-0.0644150300762298	0.940014395257253	38
-0.0662940108357399	0.941374702661412	300
-0.0732309098378901	0.945839152787499	1327
0.07963199158815	1.88252352645349	1327
-0.0644150300762298	0.940014395257253	17
0.02218472785307	1.37690806291492	22
-0.11476627413098	1.62613100690888	22
0.0674250494289499	1.90329474998674	22
0.10595067401677	2.30926928463503	976
-0.10797349467308	1.61726516583191	3070
-0.0688136497159899	0.9431380459589	17
-0.06466636020324	0.940256308265765	17
-0.0738848580729301	0.946183603921263	91
-0.0637629226344401	0.939652168969582	271
-0.10294909157563	2.3335750340884	271
-0.0659711696462901	0.94088510772594	38
-0.0230198901574701	2.12792697980254	43
0.00998741610331	1.39211014959794	1
-0.10948815319072	1.61608345279209	517
0.02368328707289	1.37544365783482	3070
-0.0653186296506201	0.940618742098066	300
0.0799792921315401	1.88040342731205	1604
0.0740136478933799	1.89167673443995	1364
-0.06750813492524	0.942214241335458	517
-0.0719238274780598	0.944662982400141	280
-0.0640143610876698	0.939809125258311	38
0.0172005317936501	1.38288375125011	158
-0.10396406645764	1.60983006457723	1604
-0.0183706163264001	2.11861037342449	517
-0.0640143610876698	0.939809125258311	2646
-0.0776679571921402	0.948339279711289	17
-0.0734719524391401	0.945962551724422	1632
-0.0637629226344401	0.939652168969582	91
-0.0653186296506201	0.940618742098066	91
-0.0703662383507	0.944040384379806	976
-0.0633626320875602	0.93926395821226	271
-0.0637629226344401	0.939652168969582	38
-0.0640143610876698	0.939809125258311	158
-0.10907791617972	2.34771191675331	421
0.11469873766612	2.29308638991385	1364
-0.0650674078992601	0.940280629174111	38
-0.0690598547775898	0.943332987473435	143
0.0167797347705101	1.38463612818679	1604
-0.0659711696462901	0.94088510772594	271
0.01193007902981	1.39109059776557	1
-0.11375729086499	1.62232288751274	608
-0.0754342929376102	0.946913150792079	143
0.01183412700859	1.39112316923836	143
0.0245301543686201	1.37391398334647	658
0.01755265882716	1.38304387247055	17
-0.0688136497159899	0.9431380459589	17
-0.07386657892217	0.945635028460621	1
-0.11068794884535	1.62127907552867	271
-0.0688136497159899	0.9431380459589	38
-0.06466636020324	0.940256308265765	1028
-0.0703662383507	0.944040384379806	158
-0.1118549571354	1.62044817526952	3070
-0.0153748050578701	2.11119257265976	17
-0.11476627413098	1.62613100690888	22
0.0185496160973699	1.38249372342683	658
-0.0637629226344401	0.939652168969582	17
-0.0653186296506201	0.940618742098066	1604
-0.0139911691299202	2.1082273540138	658
-0.01357392574283	2.10751633163741	22
0.0799337035044101	1.87829525476905	271
0.0200440319435999	1.38090813566191	705
-0.0701202481585899	0.943533793179382	1604
-0.0747799076795701	0.946784087871086	658
-0.0640143610876698	0.939809125258311	271
-0.10673172162688	1.61252102815744	517
-0.0627111729868299	0.93851397341819	1033
-0.06245951802953	0.938660446621569	38
0.0130862090477299	1.38789623471759	158
0.01946713710829	1.38260399529953	22
-0.0677545546631801	0.942087611195782	116
0.0217382731169999	1.37908248914207	38
-0.06466636020324	0.940256308265765	43
-0.06971291102341	0.943740604994579	212
-0.0677545546631801	0.942087611195782	212
-0.0681607569725502	0.942730672003646	187
-0.10816170193527	1.61396761438807	22
0.10487632207449	2.3122456346171	22
-0.06940637533254	0.94329877880574	658
0.0186967293545299	1.38157328801807	22
0.0195460292420799	1.38152514643932	17
-0.0690598547775898	0.943332987473435	608
-0.0659711696462901	0.94088510772594	116
-0.0637629226344401	0.939652168969582	17
-0.0640143610876698	0.939809125258311	22
-0.11097619299396	1.62042517081968	271
-0.0734719524391401	0.945962551724422	17
-0.0627111729868299	0.93851397341819	608
-0.0633626320875602	0.93926395821226	17
-0.0690598547775898	0.943332987473435	116
-0.06245951802953	0.938660446621569	43
-0.0719238274780598	0.944662982400141	517
0.02183701226063	1.37654955202105	187
-0.0640143610876698	0.939809125258311	22
0.0233365171109401	1.37484438353296	116
-0.06940637533254	0.94329877880574	43
-0.06059073524679	0.93759451129817	3199
-0.0734719524391401	0.945962551724422	116
-0.0681607569725502	0.942730672003646	314
0.11240105052965	2.29568015693645	314
-0.0633626320875602	0.93926395821226	38
-0.09703714145436	2.32333775945573	212
0.0191951893653299	1.38095604331025	314
-0.0644150300762298	0.940014395257253	116
-0.0703662383507	0.944040384379806	22
0.0245301543686201	1.37391398334647	38
-0.0637629226344401	0.939652168969582	116
-0.10443875019055	1.6104877173268	1430
-0.0656414799418701	0.941075674107423	17
0.02303295424481	1.37537582790628	116
-0.05993952365165	0.937148574407078	22
-0.0644150300762298	0.940014395257253	158
-0.0637629226344401	0.939652168969582	116
-0.1055134575926	2.3417285489687	212
0.0235807388360001	1.37737076084088	17
0.0228368194428501	1.37549266261625	17
-0.0631110853575998	0.939205260748677	17
-0.0631110853575998	0.939205260748677	17
-0.06466636020324	0.940256308265765	276
0.0258746056466299	1.37309226753626	2276
-0.06059073524679	0.93759451129817	212
-0.0734719524391401	0.945962551724422	212
-0.06971291102341	0.943740604994579	314
-0.0631110853575998	0.939205260748677	2067
-0.0640143610876698	0.939809125258311	1558
0.0272512959645801	1.37287629375884	1558
-0.0792123565324401	0.949349959309328	1001
-0.0688136497159899	0.9431380459589	22
-0.10747232921678	1.61292265574583	1430
-0.0640143610876698	0.939809125258311	3207
0.0205418988250801	1.38019203251259	314
0.07632801814379	1.8878555368956	314
0.01358379889679	1.38766011637115	2067
-0.06971291102341	0.943740604994579	1558
-0.06940637533254	0.94329877880574	17
0.0800555155675	1.88176259902218	1
-0.0650674078992601	0.940280629174111	116
0.0190478906501601	1.38205369530046	1
0.0262623467521801	1.37401028509689	314
0.0263725792563001	1.37260516069121	17
-0.0747799076795701	0.946784087871086	212
-0.11659819112418	1.62719067436542	38
-0.0741257942525699	0.946439442110547	102
-0.06059073524679	0.93759451129817	441
0.0222349820055601	1.37864455314326	17
-0.0640143610876698	0.939809125258311	102
-0.0612422164282802	0.937955987231364	116
-0.10294403182579	2.3361591545066	2938
-0.0156810902005802	2.11371825753567	17
-0.0644150300762298	0.940014395257253	441
-0.0700594139401498	0.943774314067002	102
-0.0653186296506201	0.940618742098066	38
0.01592753903552	1.38618218661136	1
-0.0690598547775898	0.943332987473435	1001
0.0231839043719	1.37601064170697	212
0.0823571397659699	1.8764292623171	314
-0.06466636020324	0.940256308265765	314
-0.0637629226344401	0.939652168969582	38
-0.0586379083588899	0.935857288681103	116
0.0185496160973699	1.38249372342683	212
-0.11152089326172	1.62010461426958	314
-0.0741257942525699	0.946439442110547	538
-0.0181580926754901	2.11794989854167	38
-0.0690598547775898	0.943332987473435	116
-0.06840706939649	0.94281622690595	314
0.02218472785307	1.37690806291492	17
-0.11097619299396	1.62042517081968	538
-0.06685578335733	0.941486124189967	1
-0.10510117352045	2.34097074164804	314
-0.0659711696462901	0.94088510772594	38
-0.0612422164282802	0.937955987231364	2986
0.02258837608035	1.37833374787936	314
-0.11104604375133	1.61968266569661	382
-0.0650674078992601	0.940280629174111	1
-0.0644150300762298	0.940014395257253	314
-0.10914788749864	1.61698074759317	382
-0.01807487738292	2.11697532144011	314
-0.0659711696462901	0.94088510772594	267
-0.0681607569725502	0.942730672003646	116
-0.0653186296506201	0.940618742098066	116
-0.07101983697742	0.944136510769066	382
-0.0640143610876698	0.939809125258311	314
-0.0690598547775898	0.943332987473435	805
-0.0633626320875602	0.93926395821226	43
-0.06750813492524	0.942214241335458	1
-0.0592885814274098	0.936604988422931	362
-0.10662586867184	1.6129386594688	212
-0.0681607569725502	0.942730672003646	212
0.06905436746132	1.89899025890268	314
-0.0681607569725502	0.942730672003646	382
-0.0688136497159899	0.9431380459589	267
0.0200440319435999	1.38090813566191	17
-0.0631110853575998	0.939205260748677	116
-0.0627111729868299	0.93851397341819	17
-0.0783227931876902	0.948752939747056	314
-0.06059073524679	0.93759451129817	267
-0.0694668133720899	0.943437666558306	102
-0.0725772330458598	0.945362560628568	382
-0.0690598547775898	0.943332987473435	382
-0.01980856874694	2.12188802141176	741
0.0268704169679299	1.37204058935914	43
0.11354792565899	2.29405318166393	362
-0.0738848580729301	0.946183603921263	834
0.00641237446491005	1.39633647518451	314
-0.06840706939649	0.94281622690595	314
-0.0747799076795701	0.946784087871086	382
-0.0732309098378901	0.945839152787499	382
-0.0637629226344401	0.939652168969582	17
-0.0659711696462901	0.94088510772594	267
-0.06840706939649	0.94281622690595	267
0.02407671851069	1.37675695913956	17
0.0231839043719	1.37601064170697	17
-0.01895427901826	2.11731520364377	43
-0.0637629226344401	0.939652168969582	314
0.11402890975048	2.29347668479265	42
-0.0637629226344401	0.939652168969582	267
-0.0633626320875602	0.93926395821226	267
-0.0631110853575998	0.939205260748677	102
-0.06466636020324	0.940256308265765	116
-0.11524022489499	1.62670383713992	741
0.07586452987365	1.88765840704054	43
-0.0649892193749802	0.940669172219577	362
0.02368328707289	1.37544365783482	314
-0.0677545546631801	0.942087611195782	314
-0.0747799076795701	0.946784087871086	382
-0.0681607569725502	0.942730672003646	314
-0.0741257942525699	0.946439442110547	267
0.0770624230205601	1.88528757457613	102
-0.0741257942525699	0.946439442110547	43
-0.0256939812684598	2.13314402767032	1
0.0191951893653299	1.38095604331025	1
-0.10730881851853	1.61575830097041	314
-0.0694668133720899	0.943437666558306	314
-0.0688136497159899	0.9431380459589	267
0.0718133340638401	1.89498854868542	38
-0.11763830310188	1.62954729591979	38
-0.0770133787028402	0.947679364902914	2035
-0.0694668133720899	0.943437666558306	116
-0.0640143610876698	0.939809125258311	2133
-0.10547976538857	2.34052291376225	314
0.0246816417148199	1.37405389323566	314
0.0802676300899701	1.88074096103427	102
-0.0688136497159899	0.9431380459589	2133
-0.0637629226344401	0.939652168969582	43
0.0757901793154101	1.88790077306226	314
-0.0690598547775898	0.943332987473435	1898
-0.0677545546631801	0.942087611195782	43
-0.0745196038185898	0.946292850982509	1611
-0.0644150300762298	0.940014395257253	314
-0.06466636020324	0.940256308265765	116
-0.0637629226344401	0.939652168969582	362
-0.0199112438369902	2.12160011621841	116
0.0802676300899701	1.88074096103427	116
-0.06840706939649	0.94281622690595	43
-0.0681607569725502	0.942730672003646	102
0.0388713550325901	2.49919521768904	38
-0.0230198901574701	2.12792697980254	314
-0.0637629226344401	0.939652168969582	788
-0.06685578335733	0.941486124189967	102
0.0696348115577901	1.89837292752258	314
-0.0653186296506201	0.940618742098066	102
0.02308462471563	1.3778963753155	43
-0.0738848580729301	0.946183603921263	362
0.0196051494223199	1.38209684660709	806
-0.0700594139401498	0.943774314067002	382
-0.0681607569725502	0.942730672003646	788
-0.0656414799418701	0.941075674107423	38
-0.11251705416886	1.62321359018192	43
-0.11811076151561	1.63005742992699	43
-0.0640143610876698	0.939809125258311	38
-0.10914788749864	1.61698074759317	38
0.11042986576898	2.30150861410814	314
0.0195460292420799	1.38152514643932	314
-0.06750813492524	0.942214241335458	102
-0.0631110853575998	0.939205260748677	102
-0.06840706939649	0.94281622690595	102
0.01805120551323	1.38283447856767	38
-0.10872977809446	1.61761840212171	43
0.0186967293545299	1.38157328801807	314
-0.11090453833751	1.61888649808538	748
-0.06840706939649	0.94281622690595	626
-0.0644150300762298	0.940014395257253	362
0.0780605215410699	1.88299580873251	1
-0.0644150300762298	0.940014395257253	314
-0.0659711696462901	0.94088510772594	38
-0.11145119192877	1.62104630259469	102
0.0189022875259099	1.3812927229923	38
-0.06971291102341	0.943740604994579	1427
-0.0637629226344401	0.939652168969582	43
-0.0700594139401498	0.943774314067002	314
-0.10747232921678	1.61292265574583	102
0.0404289081996401	2.49743794502678	38
0.0765917966948699	1.88726641017984	626
-0.0650674078992601	0.940280629174111	1427
-0.0703662383507	0.944040384379806	314
-0.0681607569725502	0.942730672003646	43
-0.11328152026276	1.62201704415958	17
-0.0732309098378901	0.945839152787499	626
-0.0625459884130399	0.938291857603759	314
-0.0659711696462901	0.94088510772594	38
0.11228224926461	2.2969440608352	362
0.0767129054485201	1.88643003422986	314
0.07663844786217	1.88627069265023	314
0.0433241901919901	2.48872202676784	314
-0.0734719524391401	0.945962551724422	314
0.0403764878814601	2.49636028045611	102
-0.10376784546225	2.3382563260462	314
-0.0688136497159899	0.9431380459589	102
-0.0681607569725502	0.942730672003646	133
-0.0677545546631801	0.942087611195782	314
-0.11429244688889	1.6254479131711	314
-0.06466636020324	0.940256308265765	314
0.0768524967939701	1.88648127643862	320
-0.11659819112418	1.62719067436542	133
-0.0703662383507	0.944040384379806	314
-0.0637629226344401	0.939652168969582	314
-0.0637629226344401	0.939652168969582	314
-0.0681607569725502	0.942730672003646	314
-0.0687536073577699	0.942600843001363	26
-0.0631110853575998	0.939205260748677	314
0.07586452987365	1.88765840704054	38
-0.0226018011048001	2.12701872874467	314
0.0222349820055601	1.37864455314326	314
-0.06466636020324	0.940256308265765	802
-0.0304773838696799	2.14181025656125	314
-0.11192631530211	1.621570427363	314
-0.10152617271905	2.33242047560347	314
0.0823571397659699	1.8764292623171	314
0.0212414293260199	1.37942142172035	314
0.0245301543686201	1.37391398334647	314
-0.0650674078992601	0.940280629174111	320
-0.11204434470316	1.62275325234262	314
-0.06466636020324	0.940256308265765	314
-0.10890426315647	1.61491409610747	314
-0.06662398040717	0.940955218026655	314
-0.0637629226344401	0.939652168969582	314
-0.06971291102341	0.943740604994579	1977
-0.0732309098378901	0.945839152787499	314
0.0147938949025099	1.38629859598647	314
-0.0649892193749802	0.940669172219577	38
-0.06466636020324	0.940256308265765	314
-0.0681607569725502	0.942730672003646	314
-0.06059073524679	0.93759451129817	102
-0.10119905907701	2.33005327660915	320
-0.06750813492524	0.942214241335458	38
-0.06466636020324	0.940256308265765	802
-0.10683541218714	1.61492227257969	1462
-0.0631110853575998	0.939205260748677	314
0.04160527168385	2.49510758856896	314
0.0205418988250801	1.38019203251259	1694
-0.0650674078992601	0.940280629174111	802
-0.10285641329361	2.33495937345294	314
0.0181981331361201	1.38210214104302	314
-0.06971291102341	0.943740604994579	314
-0.0653186296506201	0.940618742098066	102
-0.06971291102341	0.943740604994579	38
-0.06466636020324	0.940256308265765	38
-0.11145119192877	1.62104630259469	314
-0.10162009566579	2.33253285347593	314
-0.06466636020324	0.940256308265765	102
0.0428214306134	2.49128832925825	314
0.11959474758696	2.28139503633707	314
-0.0633626320875602	0.93926395821226	102
-0.10720825969832	1.61309339078988	26
-0.0640143610876698	0.939809125258311	102
-0.0725772330458598	0.945362560628568	133
0.0245301543686201	1.37391398334647	802
0.10818007263511	2.3061997388278	636
-0.0703662383507	0.944040384379806	314
-0.0631110853575998	0.939205260748677	102
0.0226843846557701	1.37649995230922	306
-0.11388246423574	1.6242343077207	802
-0.0659711696462901	0.94088510772594	306
-0.11002656819612	1.61886370374883	636
-0.0653186296506201	0.940618742098066	102
0.02418253283009	1.37479558124171	802
-0.0649892193749802	0.940669172219577	636
-0.0637629226344401	0.939652168969582	243
-0.0690598547775898	0.943332987473435	314
-0.11050131843674	1.61970282141278	802
0.0268704169679299	1.37204058935914	1694
-0.0592885814274098	0.936604988422931	201
-0.0688136497159899	0.9431380459589	314
-0.0681607569725502	0.942730672003646	102
-0.06750813492524	0.942214241335458	26
0.0853422013921401	1.87009979408963	314
0.0181981331361201	1.38210214104302	102
0.0207444505629999	1.3796293509047	26
0.08120542548345	1.87617404540113	221
-0.06059073524679	0.93759451129817	221
-0.0631110853575998	0.939205260748677	26
0.01219445393229	1.39009799011075	314
-0.06750813492524	0.942214241335458	636
-0.0640143610876698	0.939809125258311	26
-0.0688136497159899	0.9431380459589	856
-0.0640143610876698	0.939809125258311	1432
-0.0653186296506201	0.940618742098066	1432
-0.0681607569725502	0.942730672003646	102
-0.0688136497159899	0.9431380459589	221
0.01452185456346	1.38824908859247	1775
-0.0631110853575998	0.939205260748677	314
-0.0994315088227999	1.60363352184756	102
-0.06059073524679	0.93759451129817	314
-0.0116873834797899	2.10398304075443	221
-0.10133249647996	2.33298085539696	314
-0.0644150300762298	0.940014395257253	243
0.0190478906501601	1.38205369530046	26
-0.0640143610876698	0.939809125258311	102
0.11033946461085	2.30277866709691	201
-0.11328152026276	1.62201704415958	314
-0.10710261042211	1.61369458330834	314
0.0690044191967201	1.90148539458723	314
-0.0631110853575998	0.939205260748677	314
-0.0633626320875602	0.93926395821226	1432
0.01358379889679	1.38766011637115	198
0.0240312243848599	1.37447996918267	314
0.1074071787091	2.30576617233746	314
0.02322799535368	1.37750389616582	314
-0.01720459932899	2.11579425260196	1002
-0.0690598547775898	0.943332987473435	1971
0.0409566300002999	2.49586286099439	201
-0.06840706939649	0.94281622690595	314
-0.10628107774569	2.34481389634922	314
-0.11524022489499	1.62670383713992	198
-0.06466636020324	0.940256308265765	1425
0.0208932808195701	1.37936977889785	314
-0.10962224041511	1.61781834974973	1275
0.0441862352028499	2.4859912519557	1823
-0.0650674078992601	0.940280629174111	201
-0.0681607569725502	0.942730672003646	201
0.01805120551323	1.38283447856767	1425
0.0222349820055601	1.37864455314326	221
0.01147502498279	1.39052300418681	314
-0.06971291102341	0.943740604994579	201
-0.10491355827894	1.6110576611668	26
0.10513563016694	2.31270058089208	221
-0.0741257942525699	0.946439442110547	201
-0.0592885814274098	0.936604988422931	1425
0.0185496160973699	1.38249372342683	233
-0.0745196038185898	0.946292850982509	636
-0.06750813492524	0.942214241335458	314
0.0181981331361201	1.38210214104302	201
0.0740194613966301	1.8893001676159	221
0.0278656849788099	1.37065634315627	26
-0.0690598547775898	0.943332987473435	1284
-0.0703662383507	0.944040384379806	198
-0.11057131848068	1.61915944709455	314
-0.06750813492524	0.942214241335458	1275
-0.10235043069817	2.33372255873749	26
-0.0747799076795701	0.946784087871086	636
-0.0199112438369902	2.12160011621841	314
-0.0631110853575998	0.939205260748677	1284
0.0113387257537401	1.39165192370757	1284
-0.01486213145263	2.11247773789283	26
-0.0637629226344401	0.939652168969582	2738
-0.0633626320875602	0.93926395821226	233
0.02183701226063	1.37654955202105	2461
0.0226843846557701	1.37649995230922	1284
-0.0677545546631801	0.942087611195782	233
-0.0681607569725502	0.942730672003646	314
-0.0690598547775898	0.943332987473435	1275
-0.06466636020324	0.940256308265765	321
-0.06466636020324	0.940256308265765	232
-0.0079044648891502	2.09680299769666	221
-0.0631110853575998	0.939205260748677	3240
0.0406866211675301	2.49576723590633	657
-0.0690598547775898	0.943332987473435	314
-0.0633626320875602	0.93926395821226	1275
-0.0637629226344401	0.939652168969582	5
-0.06466636020324	0.940256308265765	221
-0.0171258262551199	2.11561731257269	232
0.0149339613182	1.38723958210759	1284
-0.0193725221418299	2.11786807720521	1284
0.02039573592608	1.37998569130634	121
0.07756085675102	1.88480126847632	232
-0.0694668133720899	0.943437666558306	221
0.0163635724920099	1.38632688866689	232
0.0681384033479999	1.90074777116961	5
0.00998741610331	1.39211014959794	314
-0.06245951802953	0.938660446621569	11
-0.0690598547775898	0.943332987473435	1275
-0.0637629226344401	0.939652168969582	11
0.10965488718218	2.30005642314105	5
0.0794384288669201	1.88033424419186	5
-0.0592885814274098	0.936604988422931	233
-0.0644150300762298	0.940014395257253	657
-0.0649892193749802	0.940669172219577	321
-0.0681607569725502	0.942730672003646	232
0.01969351323918	1.38023978495883	5
-0.06466636020324	0.940256308265765	5
0.01592753903552	1.38618218661136	233
0.0149339613182	1.38723958210759	232
-0.0703662383507	0.944040384379806	657
-0.06750813492524	0.942214241335458	549
-0.11097619299396	1.62042517081968	26
-0.0633626320875602	0.93926395821226	549
-0.11145119192877	1.62104630259469	5
0.0235807388360001	1.37737076084088	11
0.01969351323918	1.38023978495883	232
-0.0640143610876698	0.939809125258311	321
-0.0640143610876698	0.939809125258311	11
-0.06245951802953	0.938660446621569	5
0.11042986576898	2.30150861410814	11
-0.0637629226344401	0.939652168969582	5
-0.0783227931876902	0.948752939747056	321
-0.0725772330458598	0.945362560628568	5
-0.0649892193749802	0.940669172219577	11
-0.0649892193749802	0.940669172219577	11
-0.0644150300762298	0.940014395257253	5
-0.0643372289192898	0.940153898818823	66
0.0231839043719	1.37601064170697	5
0.11298778738721	2.29706137586904	1882
-0.10235043069817	2.33372255873749	11
-0.11517513156286	1.62547147200838	5
0.02527286400156	1.37478194992717	5
-0.0690598547775898	0.943332987473435	233
-0.06685578335733	0.941486124189967	3221
-0.0662940108357399	0.941374702661412	321
-0.0637629226344401	0.939652168969582	2958
-0.0627111729868299	0.93851397341819	5
0.01543081758306	1.38676053784504	5
0.0228368194428501	1.37549266261625	5
-0.06971291102341	0.943740604994579	5
-0.0703662383507	0.944040384379806	1882
-0.0633626320875602	0.93926395821226	5
-0.0644150300762298	0.940014395257253	5
0.02418253283009	1.37479558124171	2958
-0.06685578335733	0.941486124189967	2958
0.0185496160973699	1.38249372342683	66
-0.0681607569725502	0.942730672003646	425
-0.10890426315647	1.61491409610747	11
-0.06840706939649	0.94281622690595	11
0.11472185583849	2.29162908512976	11
0.02258837608035	1.37833374787936	5
-0.11328152026276	1.62201704415958	233
-0.0701202481585899	0.943533793179382	11
-0.0637629226344401	0.939652168969582	11
-0.0640143610876698	0.939809125258311	5
-0.0139911691299202	2.1082273540138	5
-0.0631110853575998	0.939205260748677	425
-0.1038649197224	2.33800188317631	11
-0.06466636020324	0.940256308265765	11
-0.0644150300762298	0.940014395257253	5
-0.11160318532865	2.35442371792394	5
-0.11240156317511	1.62199308544587	5
-0.0650674078992601	0.940280629174111	66
-0.0728183820203001	0.945262498978983	2463
-0.0640143610876698	0.939809125258311	321
0.0754401828651201	1.88811867392509	121
-0.06971291102341	0.943740604994579	1348
-0.10577901128473	1.61110635720052	5
-0.06750813492524	0.942214241335458	233
-0.0703662383507	0.944040384379806	233
-0.0631110853575998	0.939205260748677	5
-0.0643372289192898	0.940153898818823	5
0.10342202840996	2.31618554936074	11
-0.0650674078992601	0.940280629174111	5
-0.09429643002662	2.3171786909223	5
-0.0653186296506201	0.940618742098066	5
-0.0640143610876698	0.939809125258311	5
-0.12178423374869	1.63593097905228	5
-0.10535149951749	2.3418532676218	5
0.0213906902100101	1.378654955776	233
-0.05993952365165	0.937148574407078	66
0.0191951893653299	1.38095604331025	5
0.07802726067793	1.88125188798763	233
-0.11381874310847	1.62464138968023	425
-0.0681607569725502	0.942730672003646	1348
-0.0703662383507	0.944040384379806	5
-0.0194114011558399	2.12081797493427	425
0.11082742852799	2.30055522029388	5
0.0198980554594499	1.38051330412041	1154
0.07658855421641	1.8852384457153	5
-0.06971291102341	0.943740604994579	5
-0.0792123565324401	0.949349959309328	321
0.0268704169679299	1.37204058935914	1144
-0.06685578335733	0.941486124189967	11
-0.0640143610876698	0.939809125258311	5
-0.11050131843674	1.61970282141278	5
0.07316537642725	1.8930063502507	841
0.02457256380891	1.37604437138232	1237
-0.06466636020324	0.940256308265765	11
0.01557280626449	1.38554421090148	5
-0.11612371411284	1.62672787218069	11
0.07608608490869	1.88908817038145	11
0.0185496160973699	1.38249372342683	66
-0.0677545546631801	0.942087611195782	348
0.0190478906501601	1.38205369530046	425
0.0149339613182	1.38723958210759	425
0.07853109888682	1.88416717002653	11
0.0190478906501601	1.38205369530046	5
-0.0649892193749802	0.940669172219577	256
0.02322799535368	1.37750389616582	5
0.07266214001951	1.89387624722343	5
-0.06245951802953	0.938660446621569	425
-0.0633626320875602	0.93926395821226	2933
-0.0653186296506201	0.940618742098066	66
0.0273681188519801	1.37139514517241	425
-0.05993952365165	0.937148574407078	5
-0.06840706939649	0.94281622690595	256
0.0186967293545299	1.38157328801807	11
-0.06750813492524	0.942214241335458	256
-0.0700594139401498	0.943774314067002	11
-0.0644150300762298	0.940014395257253	348
0.02273155606128	1.37811833610894	348
0.02218472785307	1.37690806291492	5
0.08101433276294	1.87752588118884	5
-0.11381874310847	1.62464138968023	5
-0.06466636020324	0.940256308265765	818
0.0190478906501601	1.38205369530046	11
0.0729056896593401	1.8939004260422	11
-0.0732309098378901	0.945839152787499	348
-0.0631110853575998	0.939205260748677	256
-0.0690598547775898	0.943332987473435	5
-0.0677545546631801	0.942087611195782	348
0.02368328707289	1.37544365783482	11
-0.10102245086378	2.33381123824879	5
-0.0681607569725502	0.942730672003646	425
-0.10232252198555	2.33550314232947	425
0.0272512959645801	1.37287629375884	5
0.0802163957425199	1.87837545663116	818
-0.0681607569725502	0.942730672003646	256
0.01606972044803	1.38472269522977	5
-0.0637629226344401	0.939652168969582	5
-0.0640143610876698	0.939809125258311	256
0.02273155606128	1.37811833610894	256
0.11084889500596	2.29828993282881	5
-0.0631110853575998	0.939205260748677	11
-0.11009671738885	1.6185394093313	256
-0.0734719524391401	0.945962551724422	5
-0.10371818881332	1.61100667646555	256
-0.06971291102341	0.943740604994579	256
-0.0640143610876698	0.939809125258311	5
-0.0751728847651298	0.94670504761011	11
0.0277167659318101	1.37129721635638	256
-0.06059073524679	0.93759451129817	256
0.07717840148398	1.88257768303571	5
-0.0681607569725502	0.942730672003646	256
-0.0637629226344401	0.939652168969582	256
-0.0644150300762298	0.940014395257253	256
0.0721601476952101	1.89333081207878	5
0.0770624230205601	1.88528757457613	381
-0.0653186296506201	0.940618742098066	5
-0.0633626320875602	0.93926395821226	11
-0.06059073524679	0.93759451129817	381
-0.0656414799418701	0.941075674107423	82
0.0771740571048001	1.88641302001779	256
-0.06750813492524	0.942214241335458	1079
-0.0592885814274098	0.936604988422931	1712
-0.11438844145288	1.62611068047812	5
-0.0681607569725502	0.942730672003646	5
-0.0627111729868299	0.93851397341819	256
-0.0690598547775898	0.943332987473435	256
-0.0681607569725502	0.942730672003646	1712
-0.06840706939649	0.94281622690595	5
-0.0640143610876698	0.939809125258311	256
0.0195460292420799	1.38152514643932	5
-0.11622166190313	1.62721221026703	5
0.0140812534732599	1.3872872384335	5
0.01557280626449	1.38554421090148	5
-0.10636212918567	1.61392890696394	82
-0.07386657892217	0.945635028460621	256
-0.06840706939649	0.94281622690595	5
-0.07101983697742	0.944136510769066	5
-0.0612422164282802	0.937955987231364	5
-0.0747799076795701	0.946784087871086	5
0.11246876510108	2.29672773724476	5
-0.10061090749235	2.33282743301823	5
-0.11293573815434	1.62274737465083	5
0.11228224926461	2.2969440608352	5
0.0240312243848599	1.37447996918267	5
-0.0239401320866999	2.12802446463493	5
-0.0633626320875602	0.93926395821226	256
-0.0785574583246098	0.948936162363971	181
0.01543081758306	1.38676053784504	5
0.0837005368939801	1.87343845123721	256
-0.11476627413098	1.62613100690888	5
-0.0681607569725502	0.942730672003646	5
-0.06245951802953	0.938660446621569	5
-0.10459205772086	2.33988285459214	5
0.0162834766119599	1.38521344459146	5
0.0195460292420799	1.38152514643932	5
-0.10079638254632	2.33036208784716	5
-0.0649892193749802	0.940669172219577	256
0.06998538607853	1.89880875042183	256
-0.0653186296506201	0.940618742098066	5
0.01543081758306	1.38676053784504	5
0.01443697017032	1.38761202612123	5
0.02273155606128	1.37811833610894	5
-0.06466636020324	0.940256308265765	5
0.0757901793154101	1.88790077306226	256
-0.06840706939649	0.94281622690595	284
0.0278656849788099	1.37065634315627	284
-0.0631110853575998	0.939205260748677	181
0.0687871836070599	1.89997122877251	2298
-0.06059073524679	0.93759451129817	5
-0.0653186296506201	0.940618742098066	5
0.0231839043719	1.37601064170697	284
0.11371410101304	2.29175715018215	5
-0.11334516272951	1.62367176100924	284
-0.0176225064614002	2.11656094774403	5
-0.1075794743617	1.6143559414145	5
0.01946713710829	1.38260399529953	5
-0.10111419334755	2.33161278260021	99
-0.0633626320875602	0.93926395821226	268
0.0874567562836599	1.86657412430399	256
0.0164241257442901	1.38549735979712	181
-0.06840706939649	0.94281622690595	181
0.0196051494223199	1.38209684660709	5
-0.0669468122736801	0.941470762401382	99
-0.06466636020324	0.940256308265765	2174
-0.0640143610876698	0.939809125258311	256
-0.0703662383507	0.944040384379806	256
-0.0627111729868299	0.93851397341819	284
-0.10778234824004	1.61647787762797	2174
0.0177718478852	1.38313257318466	411
-0.0627111729868299	0.93851397341819	256
-0.0653186296506201	0.940618742098066	3101
-0.0690598547775898	0.943332987473435	284
-0.0643372289192898	0.940153898818823	5
-0.10737613499789	1.61619773099793	284
-0.0640143610876698	0.939809125258311	181
-0.0618939674117098	0.938221719974652	5
0.07125759989031	1.89604566433511	284
-0.0747799076795701	0.946784087871086	284
-0.06685578335733	0.941486124189967	5
0.07266214001951	1.89387624722343	256
-0.0741257942525699	0.946439442110547	5
0.0743584792749099	1.89028031232948	401
-0.06466636020324	0.940256308265765	2228
-0.0681607569725502	0.942730672003646	147
-0.06685578335733	0.941486124189967	284
0.0164241257442901	1.38549735979712	284
-0.0633626320875602	0.93926395821226	256
-0.0633626320875602	0.93926395821226	5
-0.0162901671069	2.11419064242662	284
-0.11057131848068	1.61915944709455	284
-0.0690598547775898	0.943332987473435	284
-0.11669375335493	1.62814775013585	401
-0.0977701643358402	2.3255690803375	147
0.0258746056466299	1.37309226753626	147
-0.07071272339868	0.944118052299626	401
-0.0725772330458598	0.945362560628568	2533
-0.0592885814274098	0.936604988422931	832
0.0268704169679299	1.37204058935914	5
-0.0688136497159899	0.9431380459589	147
-0.0643372289192898	0.940153898818823	401
-0.11462647253586	2.36014578792992	147
-0.11204434470316	1.62275325234262	401
-0.0260241187169701	2.13366687257083	401
-0.0745196038185898	0.946292850982509	284
0.11006673125526	2.30318797380931	401
-0.0734719524391401	0.945962551724422	754
-0.0644150300762298	0.940014395257253	401
-0.1075794743617	1.6143559414145	401
-0.06840706939649	0.94281622690595	754
-0.0728183820203001	0.945262498978983	754
0.02308462471563	1.3778963753155	754
0.02039573592608	1.37998569130634	754
-0.0592885814274098	0.936604988422931	147
-0.0688136497159899	0.9431380459589	5
-0.06466636020324	0.940256308265765	722
-0.06245951802953	0.938660446621569	722
-0.06971291102341	0.943740604994579	754
-0.0681607569725502	0.942730672003646	754
0.0730863838440701	1.89315718332084	5
-0.05993952365165	0.937148574407078	401
-0.0785574583246098	0.948936162363971	401
-0.0181580926754901	2.11794989854167	754
0.0829658448708299	1.87558917716368	52
-0.0644150300762298	0.940014395257253	5
0.0228368194428501	1.37549266261625	722
-0.06840706939649	0.94281622690595	401
-0.06466636020324	0.940256308265765	291
-0.06940637533254	0.94329877880574	401
-0.0688136497159899	0.9431380459589	754
-0.0783227931876902	0.948752939747056	401
-0.0650674078992601	0.940280629174111	401
0.0226843846557701	1.37649995230922	401
-0.0728183820203001	0.945262498978983	401
-0.0690598547775898	0.943332987473435	5
-0.0640143610876698	0.939809125258311	401
-0.0640143610876698	0.939809125258311	5
0.01183412700859	1.39112316923836	628
-0.0612422164282802	0.937955987231364	5
-0.06466636020324	0.940256308265765	5
-0.0734719524391401	0.945962551724422	5
-0.11204434470316	1.62275325234262	401
-0.11429244688889	1.6254479131711	64
-0.0633626320875602	0.93926395821226	401
0.02273155606128	1.37811833610894	401
-0.0633626320875602	0.93926395821226	401
-0.11160318532865	2.35442371792394	5
-0.11160318532865	2.35442371792394	5
0.07358956515888	1.89239521928632	401
0.01592753903552	1.38618218661136	64
-0.0126589890117002	2.10453033665464	5
0.02457256380891	1.37604437138232	5
-0.0633626320875602	0.93926395821226	5
-0.0656414799418701	0.941075674107423	401
-0.0770133787028402	0.947679364902914	64
-0.0681607569725502	0.942730672003646	650
0.0186967293545299	1.38157328801807	64
-0.0633626320875602	0.93926395821226	64
-0.05993952365165	0.937148574407078	244
-0.11157175788187	1.62218281074961	64
-0.0649892193749802	0.940669172219577	244
-0.06245951802953	0.938660446621569	244
-0.0640143610876698	0.939809125258311	64
